benchmark,resolution,sample_id,fa2_ve_ms,fa2_ttft_ms,fa2_e2e_ms,fa2_tpot_ms,fa2_f_vision,fa2_prefill_ms,fa2_decode_ms,guide_ve_ms,guide_ttft_ms,guide_e2e_ms,guide_tpot_ms,guide_f_vision,guide_prefill_ms,guide_decode_ms,ve_speedup,ttft_speedup,e2e_speedup
chartqa,1344,chartqa_val_0,92.22,135.376,625.942,30.66,0.147329,132.543,490.565,87.055,127.86,607.982,30.008,0.143186,125.497,480.122,1.0593,1.0588,1.0295
chartqa,1344,chartqa_val_1,86.019,127.226,2019.284,30.033,0.042599,124.8,1892.058,86.977,135.066,2038.536,30.214,0.042666,132.912,1903.471,0.989,0.942,0.9906
chartqa,1344,chartqa_val_10,88.993,138.924,1907.781,28.53,0.046648,136.523,1768.857,87.584,146.643,2184.567,32.348,0.040092,143.05,2037.925,1.0161,0.9474,0.8733
chartqa,1344,chartqa_val_100,85.208,125.893,1612.307,27.526,0.052848,123.593,1486.414,86.904,127.554,1774.41,30.497,0.048976,125.319,1646.856,0.9805,0.987,0.9086
chartqa,1344,chartqa_val_101,89.787,136.918,2045.268,30.291,0.0439,133.803,1908.35,86.858,127.404,2031.217,30.219,0.042761,125.238,1903.813,1.0337,1.0747,1.0069
chartqa,1344,chartqa_val_102,84.988,125.582,395.476,26.989,0.214902,123.36,269.894,86.935,127.508,450.91,32.34,0.192799,125.309,323.402,0.9776,0.9849,0.8771
chartqa,1344,chartqa_val_103,91.451,137.15,2075.34,32.303,0.044066,134.139,1938.19,86.965,137.866,2070.797,32.216,0.041996,135.187,1932.932,1.0516,0.9948,1.0022
chartqa,1344,chartqa_val_104,85.176,126.174,411.213,28.504,0.207133,123.677,285.039,87.591,130.17,413.055,28.289,0.212057,126.536,282.886,0.9724,0.9693,0.9955
chartqa,1344,chartqa_val_105,85.418,137.626,1845.012,29.954,0.046297,134.973,1707.385,86.881,127.387,1906.294,31.209,0.045576,125.257,1778.907,0.9832,1.0804,0.9679
chartqa,1344,chartqa_val_106,85.517,126.507,1180.903,31.012,0.072416,124.059,1054.396,87.517,129.208,1208.268,31.737,0.072432,126.101,1079.059,0.9771,0.9791,0.9774
chartqa,1344,chartqa_val_107,85.355,133.054,2045.334,30.354,0.041732,130.369,1912.28,87.107,139.528,2055.773,30.417,0.042372,137.268,1916.245,0.9799,0.9536,0.9949
chartqa,1344,chartqa_val_108,85.286,125.986,520.552,32.88,0.163838,123.707,394.566,86.945,127.831,511.558,31.977,0.169961,125.561,383.727,0.9809,0.9856,1.0176
chartqa,1344,chartqa_val_109,85.256,125.896,1519.576,30.971,0.056105,123.622,1393.68,86.969,139.257,1502.329,30.29,0.057889,137.025,1363.071,0.9803,0.9041,1.0115
chartqa,1344,chartqa_val_11,85.036,128.147,1965.063,29.157,0.043274,125.923,1836.915,87.005,130.842,2094.145,31.164,0.041547,128.311,1963.303,0.9774,0.9794,0.9384
chartqa,1344,chartqa_val_110,90.293,144.171,706.504,31.241,0.127803,141.796,562.332,87.542,128.88,693.663,31.377,0.126203,126.452,564.783,1.0314,1.1186,1.0185
chartqa,1344,chartqa_val_111,85.922,129.977,2076.7,30.9,0.041374,127.575,1946.723,86.882,131.304,1962.746,29.071,0.044266,129.183,1831.442,0.989,0.9899,1.0581
chartqa,1344,chartqa_val_112,86.987,128.293,479.373,27.006,0.18146,125.446,351.081,87.133,128.047,533.152,31.162,0.16343,125.761,405.105,0.9983,1.0019,0.8991
chartqa,1344,chartqa_val_113,84.979,125.334,2003.813,29.817,0.042409,123.216,1878.479,87.143,129.112,1981.57,29.404,0.043977,126.106,1852.458,0.9752,0.9707,1.0112
chartqa,1344,chartqa_val_114,85.864,127.807,539.987,31.706,0.159012,124.52,412.18,86.956,135.131,520.006,32.073,0.167221,132.853,384.876,0.9874,0.9458,1.0384
chartqa,1344,chartqa_val_115,91.891,134.878,1989.778,29.443,0.046182,131.516,1854.9,87.3,132.992,2061.095,30.605,0.042356,130.798,1928.103,1.0526,1.0142,0.9654
chartqa,1344,chartqa_val_116,111.594,155.948,372.85,36.15,0.299299,151.518,216.902,86.955,136.008,295.635,26.604,0.294129,133.834,159.627,1.2834,1.1466,1.2612
chartqa,1344,chartqa_val_117,85.271,126.096,1280.092,30.368,0.066613,123.871,1153.996,86.758,127.137,1370.175,32.712,0.063319,125.016,1243.038,0.9829,0.9918,0.9343
chartqa,1344,chartqa_val_118,86.138,127.73,1219.256,34.11,0.070648,124.923,1091.526,86.923,127.554,1106.245,31.571,0.078575,125.341,978.691,0.991,1.0014,1.1022
chartqa,1344,chartqa_val_119,89.71,136.301,2178.797,32.421,0.041174,133.987,2042.496,86.924,127.769,1933.758,31.138,0.044951,125.362,1805.989,1.0321,1.0668,1.1267
chartqa,1344,chartqa_val_12,87.116,133.924,802.159,29.054,0.108602,130.091,668.235,86.895,127.388,778.782,28.322,0.111579,125.21,651.395,1.0025,1.0513,1.03
chartqa,1344,chartqa_val_120,86.498,127.856,1853.902,33.844,0.046657,125.492,1726.047,86.822,127.079,1764.027,32.097,0.049218,125.006,1636.948,0.9963,1.0061,1.0509
chartqa,1344,chartqa_val_121,87.061,128.04,2194.947,32.808,0.039664,125.809,2066.906,86.873,127.466,2064.74,30.75,0.042074,125.307,1937.274,1.0022,1.0045,1.0631
chartqa,1344,chartqa_val_122,88.618,136.706,963.483,31.799,0.091977,134.287,826.777,86.995,128.026,879.817,28.915,0.098879,125.558,751.792,1.0187,1.0678,1.0951
chartqa,1344,chartqa_val_123,85.282,128.25,2159.591,32.244,0.03949,126.01,2031.341,86.899,135.096,2066.922,30.664,0.042043,132.65,1931.826,0.9814,0.9493,1.0448
chartqa,1344,chartqa_val_124,85.453,128.571,986.107,30.626,0.086657,126.334,857.535,86.818,129.796,978.286,30.303,0.088745,127.574,848.49,0.9843,0.9906,1.008
chartqa,1344,chartqa_val_125,85.816,126.864,2068.454,30.819,0.041488,124.542,1941.59,87.968,129.449,2037.935,30.293,0.043165,126.404,1908.486,0.9755,0.98,1.015
chartqa,1344,chartqa_val_126,85.709,126.466,1050.082,31.849,0.081621,124.149,923.615,87.05,128.587,964.703,28.832,0.090235,126.377,836.116,0.9846,0.9835,1.0885
chartqa,1344,chartqa_val_127,85.531,126.628,1108.242,29.746,0.077177,124.172,981.614,87.022,128.577,1144.8,30.795,0.076015,125.705,1016.222,0.9829,0.9848,0.9681
chartqa,1344,chartqa_val_128,86.606,133.586,1635.37,30.649,0.052958,131.36,1501.784,86.906,127.349,1298.785,30.827,0.066914,125.171,1171.436,0.9965,1.049,1.2592
chartqa,1344,chartqa_val_129,88.768,130.401,1254.451,30.38,0.070762,127.283,1124.05,86.993,134.64,1369.226,33.367,0.063534,132.494,1234.586,1.0204,0.9685,0.9162
chartqa,1344,chartqa_val_13,87.507,137.015,2023.953,29.951,0.043236,134.46,1886.938,87.18,135.035,2123.139,31.557,0.041062,125.88,1988.104,1.0038,1.0147,0.9533
chartqa,1344,chartqa_val_130,86.837,131.357,1203.509,30.633,0.072153,129.12,1072.152,86.908,127.602,1173.678,30.767,0.074047,125.366,1046.076,0.9992,1.0294,1.0254
chartqa,1344,chartqa_val_131,85.149,125.737,1680.779,30.491,0.05066,123.562,1555.042,87.111,128.724,1709.207,30.99,0.050966,125.898,1580.483,0.9775,0.9768,0.9834
chartqa,1344,chartqa_val_132,85.244,125.846,2009.587,29.901,0.042419,123.587,1883.741,86.97,132.869,2035.196,30.196,0.042733,130.56,1902.327,0.9802,0.9471,0.9874
chartqa,1344,chartqa_val_133,85.144,125.682,1971.399,29.297,0.04319,123.453,1845.717,86.916,127.532,2098.461,31.285,0.041419,125.303,1970.93,0.9796,0.9855,0.9394
chartqa,1344,chartqa_val_134,85.307,128.631,1086.899,29.946,0.078487,126.115,958.268,86.894,127.932,1102.289,30.449,0.078831,125.445,974.356,0.9817,1.0055,0.986
chartqa,1344,chartqa_val_135,85.192,125.89,1996.199,29.687,0.042677,123.674,1870.31,86.911,127.919,2038.697,30.33,0.042631,125.47,1910.778,0.9802,0.9841,0.9792
chartqa,1344,chartqa_val_136,86.963,127.598,1042.365,28.586,0.083428,125.271,914.767,86.99,127.6,1094.469,30.215,0.079481,125.408,966.869,0.9997,1.0,0.9524
chartqa,1344,chartqa_val_137,84.969,127.619,898.249,30.825,0.094595,125.502,770.63,86.911,147.443,904.387,30.278,0.096099,145.24,756.944,0.9777,0.8655,0.9932
chartqa,1344,chartqa_val_138,84.918,125.332,872.233,27.663,0.097357,123.175,746.901,89.714,131.273,944.395,30.116,0.094997,128.239,813.122,0.9465,0.9547,0.9236
chartqa,1344,chartqa_val_139,85.408,126.57,2157.777,32.241,0.039582,124.083,2031.207,86.998,127.645,2051.335,30.535,0.04241,125.47,1923.69,0.9817,0.9916,1.0519
chartqa,1344,chartqa_val_14,85.572,126.697,1177.306,31.837,0.072685,124.196,1050.609,87.195,128.978,1220.548,33.078,0.071439,126.191,1091.57,0.9814,0.9823,0.9646
chartqa,1344,chartqa_val_140,85.453,126.83,1014.02,31.685,0.084272,124.054,887.19,86.999,139.119,1268.392,31.369,0.06859,136.723,1129.272,0.9822,0.9117,0.7995
chartqa,1344,chartqa_val_141,85.443,126.689,2173.628,32.491,0.039309,124.098,2046.939,86.936,131.484,2005.233,29.742,0.043354,129.287,1873.749,0.9828,0.9635,1.084
chartqa,1344,chartqa_val_142,85.525,126.661,670.37,30.206,0.127578,124.096,543.71,87.665,133.612,745.35,33.985,0.117616,130.119,611.738,0.9756,0.948,0.8994
chartqa,1344,chartqa_val_143,85.325,125.978,2122.118,31.685,0.040208,123.828,1996.141,86.887,127.48,2015.903,29.975,0.043101,125.312,1888.423,0.982,0.9882,1.0527
chartqa,1344,chartqa_val_144,86.312,127.675,935.124,31.056,0.092301,125.045,807.448,86.926,128.002,885.753,29.144,0.098137,125.526,757.752,0.9929,0.9974,1.0557
chartqa,1344,chartqa_val_145,90.425,137.936,1548.43,30.663,0.058398,135.759,1410.495,86.863,127.363,1484.289,29.498,0.058522,125.199,1356.927,1.041,1.083,1.0432
chartqa,1344,chartqa_val_146,87.386,128.838,1972.399,29.263,0.044304,125.779,1843.561,87.789,129.21,1968.635,29.197,0.044594,126.165,1839.425,0.9954,0.9971,1.0019
chartqa,1344,chartqa_val_147,85.364,126.333,2133.296,31.857,0.040015,123.896,2006.963,87.278,129.381,1915.146,28.345,0.045572,126.354,1785.764,0.9781,0.9764,1.1139
chartqa,1344,chartqa_val_148,85.35,126.173,1014.019,31.709,0.08417,123.762,887.847,87.003,127.664,970.009,30.084,0.089693,125.442,842.344,0.981,0.9883,1.0454
chartqa,1344,chartqa_val_149,88.477,141.271,2115.77,31.341,0.041818,138.218,1974.498,87.013,131.681,1951.941,28.893,0.044577,129.569,1820.26,1.0168,1.0728,1.0839
chartqa,1344,chartqa_val_15,85.253,125.956,2109.746,31.489,0.040409,123.76,1983.79,86.949,133.576,2091.729,31.082,0.041568,131.164,1958.153,0.9805,0.943,1.0086
chartqa,1344,chartqa_val_150,85.447,126.176,743.386,29.391,0.114943,123.793,617.21,87.062,127.532,738.019,29.071,0.117967,125.368,610.487,0.9815,0.9894,1.0073
chartqa,1344,chartqa_val_151,85.265,125.771,2085.194,31.102,0.040891,123.576,1959.424,87.424,131.377,1975.089,29.265,0.044263,128.68,1843.713,0.9753,0.9573,1.0557
chartqa,1344,chartqa_val_152,85.346,126.151,460.138,37.11,0.18548,123.752,333.987,88.684,130.42,380.621,27.8,0.232998,127.337,250.201,0.9624,0.9673,1.2089
chartqa,1344,chartqa_val_153,85.775,126.436,407.848,28.141,0.210312,124.233,281.413,86.891,127.417,406.966,27.955,0.213509,125.26,279.549,0.9872,0.9923,1.0022
chartqa,1344,chartqa_val_154,85.124,125.588,1008.415,31.53,0.084414,123.476,882.827,86.947,129.094,967.477,32.245,0.089869,126.901,838.382,0.979,0.9728,1.0423
chartqa,1344,chartqa_val_155,87.871,137.157,1669.565,30.648,0.052631,134.902,1532.408,86.796,127.179,1615.211,30.368,0.053737,125.047,1488.031,1.0124,1.0785,1.0337
chartqa,1344,chartqa_val_156,85.121,127.031,1448.587,30.035,0.058762,124.719,1321.556,86.779,127.144,1444.056,29.93,0.060094,125.038,1316.912,0.9809,0.9991,1.0031
chartqa,1344,chartqa_val_157,85.071,125.544,1957.722,29.082,0.043454,123.327,1832.178,86.92,133.386,2071.428,30.763,0.041962,131.287,1938.042,0.9787,0.9412,0.9451
chartqa,1344,chartqa_val_158,85.948,127.017,1141.702,31.709,0.075281,124.51,1014.685,86.935,127.543,1066.131,29.331,0.081542,125.321,938.588,0.9886,0.9959,1.0709
chartqa,1344,chartqa_val_159,85.954,126.959,627.245,31.268,0.137034,124.62,500.286,87.411,278.009,783.785,31.611,0.111525,275.495,505.775,0.9833,0.4567,0.8003
chartqa,1344,chartqa_val_16,85.351,127.691,1258.224,35.329,0.067835,125.08,1130.533,87.072,128.682,1095.705,30.219,0.079466,125.799,967.023,0.9802,0.9923,1.1483
chartqa,1344,chartqa_val_160,88.787,135.141,796.548,27.559,0.111465,131.985,661.406,87.327,138.106,873.597,30.645,0.099963,134.246,735.491,1.0167,0.9785,0.9118
chartqa,1344,chartqa_val_161,89.252,131.432,2075.044,30.851,0.043012,128.024,1943.612,86.91,127.73,2109.389,31.455,0.041201,125.401,1981.659,1.0269,1.029,0.9837
chartqa,1344,chartqa_val_162,86.329,133.171,1012.282,28.358,0.085281,130.082,879.111,86.927,127.715,1098.867,31.327,0.079106,125.295,971.151,0.9931,1.0427,0.9212
chartqa,1344,chartqa_val_163,85.248,125.836,1936.569,28.742,0.04402,123.604,1810.733,86.869,142.106,2057.127,30.397,0.042228,139.661,1915.022,0.9813,0.8855,0.9414
chartqa,1344,chartqa_val_164,85.919,127.383,185.847,29.232,0.462311,124.681,58.464,86.91,127.798,186.151,29.176,0.466879,125.285,58.353,0.9886,0.9968,0.9984
chartqa,1344,chartqa_val_165,85.954,127.154,1207.392,28.427,0.07119,124.553,1080.238,87.39,129.199,1366.282,32.555,0.063962,125.981,1237.083,0.9836,0.9842,0.8837
chartqa,1344,chartqa_val_166,91.977,136.968,1362.644,31.428,0.067499,132.764,1225.675,86.949,128.534,1372.977,31.909,0.063329,125.885,1244.442,1.0578,1.0656,0.9925
chartqa,1344,chartqa_val_167,85.302,128.829,1659.659,29.439,0.051398,126.451,1530.829,88.152,133.352,1637.881,31.344,0.053821,129.624,1504.529,0.9677,0.9661,1.0133
chartqa,1344,chartqa_val_168,85.067,125.69,439.962,31.427,0.193351,123.52,314.273,86.943,127.882,452.548,32.467,0.192118,125.454,324.666,0.9784,0.9829,0.9722
chartqa,1344,chartqa_val_169,85.79,127.053,1539.894,29.434,0.055711,124.163,1412.842,86.715,127.203,1374.071,31.971,0.063108,125.077,1246.867,0.9893,0.9988,1.1207
chartqa,1344,chartqa_val_17,85.187,128.555,2054.171,30.565,0.04147,126.291,1925.616,86.943,140.622,2116.806,31.368,0.041073,138.201,1976.184,0.9798,0.9142,0.9704
chartqa,1344,chartqa_val_170,86.26,127.567,1651.472,33.128,0.052232,125.103,1523.905,86.858,128.088,1558.408,31.094,0.055735,125.876,1430.32,0.9931,0.9959,1.0597
chartqa,1344,chartqa_val_171,87.8,129.73,2121.543,31.616,0.041385,126.933,1991.813,87.259,129.003,2196.346,32.815,0.039729,126.006,2067.343,1.0062,1.0056,0.9659
chartqa,1344,chartqa_val_172,87.418,141.855,1886.848,30.086,0.04633,139.103,1744.993,86.944,127.61,2129.909,31.783,0.04082,125.388,2002.299,1.0055,1.1116,0.8859
chartqa,1344,chartqa_val_173,85.386,128.424,1981.188,29.409,0.043099,126.135,1852.764,86.917,133.783,2115.833,31.461,0.041079,131.593,1982.051,0.9824,0.9599,0.9364
chartqa,1344,chartqa_val_174,85.104,125.721,1102.862,30.536,0.077166,123.438,977.14,86.866,127.345,1771.094,32.23,0.049046,125.199,1643.749,0.9797,0.9872,0.6227
chartqa,1344,chartqa_val_175,85.168,125.81,2045.519,30.472,0.041636,123.655,1919.709,86.875,127.856,2097.661,31.267,0.041415,125.467,1969.806,0.9804,0.984,0.9751
chartqa,1344,chartqa_val_176,88.329,129.886,1454.875,32.317,0.060713,127.138,1324.989,87.106,128.739,1413.38,31.333,0.06163,125.976,1284.641,1.014,1.0089,1.0294
chartqa,1344,chartqa_val_177,85.493,126.148,2116.503,31.593,0.040394,123.878,1990.355,89.578,134.458,2029.284,30.077,0.044143,130.66,1894.826,0.9544,0.9382,1.043
chartqa,1344,chartqa_val_178,87.542,128.647,2276.002,34.085,0.038463,126.293,2147.355,87.579,134.544,2021.394,29.95,0.043326,130.522,1886.85,0.9996,0.9562,1.126
chartqa,1344,chartqa_val_179,89.824,136.599,2135.348,31.726,0.042065,133.264,1998.748,87.06,131.256,2022.34,30.017,0.043049,128.988,1891.085,1.0317,1.0407,1.0559
chartqa,1344,chartqa_val_18,85.648,129.393,488.48,27.622,0.175335,126.719,359.087,86.89,129.786,506.352,28.967,0.1716,127.511,376.566,0.9857,0.997,0.9647
chartqa,1344,chartqa_val_180,85.385,126.351,755.39,33.107,0.113034,124.038,629.039,87.026,128.029,730.135,31.69,0.119192,125.501,602.106,0.9811,0.9869,1.0346
chartqa,1344,chartqa_val_181,85.892,137.534,2171.188,32.28,0.03956,135.261,2033.654,86.95,132.263,2047.426,30.399,0.042468,130.055,1915.163,0.9878,1.0399,1.0604
chartqa,1344,chartqa_val_182,85.43,135.206,2146.595,31.927,0.039798,132.8,2011.389,86.948,147.412,1976.431,29.032,0.043993,145.182,1829.019,0.9825,0.9172,1.0861
chartqa,1344,chartqa_val_183,86.001,127.537,2157.972,32.229,0.039853,125.272,2030.435,86.818,127.552,1636.392,30.177,0.053055,125.292,1508.84,0.9906,0.9999,1.3187
chartqa,1344,chartqa_val_184,87.308,130.166,701.837,30.088,0.1244,126.883,571.671,87.639,139.611,730.764,31.113,0.119929,136.158,591.152,0.9962,0.9323,0.9604
chartqa,1344,chartqa_val_185,85.308,125.922,154.302,28.38,0.552863,123.77,28.38,86.91,127.667,160.168,32.501,0.542615,125.489,32.501,0.9816,0.9863,0.9634
chartqa,1344,chartqa_val_186,85.966,138.165,770.629,28.748,0.111553,135.947,632.464,86.931,127.382,832.006,32.028,0.104484,125.257,704.624,0.9889,1.0847,0.9262
chartqa,1344,chartqa_val_187,85.276,125.853,956.514,33.226,0.089153,123.7,830.66,86.906,132.74,876.237,29.74,0.099181,130.409,743.498,0.9812,0.9481,1.0916
chartqa,1344,chartqa_val_188,85.858,134.375,1240.688,34.572,0.069202,131.776,1106.313,86.962,127.463,1105.204,30.554,0.078684,125.272,977.741,0.9873,1.0542,1.1226
chartqa,1344,chartqa_val_189,85.431,126.37,1876.96,31.261,0.045516,124.115,1750.589,87.081,128.886,1861.796,30.945,0.046773,126.247,1732.91,0.9811,0.9805,1.0081
chartqa,1344,chartqa_val_19,86.63,130.045,2123.188,31.637,0.040802,127.857,1993.143,87.3,129.341,2052.395,30.525,0.042536,125.916,1923.054,0.9923,1.0054,1.0345
chartqa,1344,chartqa_val_190,85.152,126.02,1829.144,30.413,0.046553,123.679,1703.124,86.868,127.654,1766.087,31.508,0.049187,125.361,1638.433,0.9802,0.9872,1.0357
chartqa,1344,chartqa_val_191,85.269,125.829,606.31,28.264,0.140636,123.71,480.481,86.866,127.834,650.94,30.771,0.133446,125.413,523.106,0.9816,0.9843,0.9314
chartqa,1344,chartqa_val_192,84.993,125.454,2193.031,32.819,0.038756,123.347,2067.577,86.892,129.459,2184.055,32.613,0.039785,127.009,2054.597,0.9781,0.9691,1.0041
chartqa,1344,chartqa_val_193,85.134,128.097,2073.349,30.877,0.041061,125.883,1945.251,86.845,129.834,1422.653,30.781,0.061044,127.632,1292.819,0.9803,0.9866,1.4574
chartqa,1344,chartqa_val_194,85.167,126.114,740.307,27.918,0.115042,123.57,614.193,86.966,128.63,894.293,34.803,0.097246,125.499,765.662,0.9793,0.9804,0.8278
chartqa,1344,chartqa_val_195,84.96,125.433,1921.278,28.505,0.04422,123.281,1795.845,86.835,127.415,1751.959,31.241,0.049564,125.254,1624.543,0.9784,0.9844,1.0966
chartqa,1344,chartqa_val_196,86.095,127.411,673.316,30.328,0.127868,125.039,545.905,87.037,133.775,716.379,32.367,0.121496,131.589,582.603,0.9892,0.9524,0.9399
chartqa,1344,chartqa_val_197,95.019,136.36,2123.19,31.537,0.044753,133.448,1986.83,86.978,136.032,2130.861,31.664,0.040818,133.674,1994.829,1.0924,1.0024,0.9964
chartqa,1344,chartqa_val_198,85.458,126.068,554.888,26.801,0.15401,123.781,428.82,87.045,128.344,711.552,36.451,0.122331,125.688,583.208,0.9818,0.9823,0.7798
chartqa,1344,chartqa_val_199,86.068,136.004,790.974,29.771,0.108813,133.21,654.97,87.144,128.461,886.929,34.476,0.098253,125.898,758.468,0.9877,1.0587,0.8918
chartqa,1344,chartqa_val_2,85.097,127.97,1972.412,29.277,0.043144,125.736,1844.441,86.992,133.549,2043.704,30.32,0.042566,131.286,1910.155,0.9782,0.9582,0.9651
chartqa,1344,chartqa_val_20,86.039,126.955,677.66,32.394,0.126965,124.757,550.705,87.156,128.098,727.686,35.27,0.119771,125.828,599.588,0.9872,0.9911,0.9313
chartqa,1344,chartqa_val_200,85.709,127.487,2007.304,29.838,0.042698,124.178,1879.817,87.001,127.908,859.551,34.84,0.101217,125.687,731.643,0.9851,0.9967,2.3353
chartqa,1344,chartqa_val_201,87.346,136.35,733.198,28.421,0.11913,133.983,596.847,86.841,127.543,1170.622,32.596,0.074184,125.383,1043.079,1.0058,1.0691,0.6263
chartqa,1344,chartqa_val_202,85.196,127.135,428.845,37.714,0.198665,124.878,301.709,86.933,127.637,395.006,33.421,0.220079,125.243,267.369,0.98,0.9961,1.0857
chartqa,1344,chartqa_val_203,86.056,126.972,2100.636,31.328,0.040967,124.715,1973.664,86.819,127.439,2217.372,33.174,0.039154,125.31,2089.933,0.9912,0.9963,0.9474
chartqa,1344,chartqa_val_204,85.195,125.783,1507.41,30.035,0.056518,123.56,1381.627,87.585,129.99,1600.308,31.963,0.05473,126.241,1470.318,0.9727,0.9676,0.9419
chartqa,1344,chartqa_val_205,85.246,131.485,2035.638,30.225,0.041877,129.088,1904.153,87.019,128.29,830.021,31.897,0.10484,125.66,701.73,0.9796,1.0249,2.4525
chartqa,1344,chartqa_val_206,85.17,126.038,1370.237,30.346,0.062157,123.684,1244.199,86.814,127.257,1412.302,31.343,0.06147,125.189,1285.045,0.9811,0.9904,0.9702
chartqa,1344,chartqa_val_207,85.223,126.389,1353.182,32.284,0.062979,123.911,1226.792,87.067,133.639,1321.565,31.261,0.065882,130.641,1187.925,0.9788,0.9457,1.0239
chartqa,1344,chartqa_val_208,85.084,125.887,353.5,32.516,0.240691,123.67,227.613,87.374,129.235,335.743,29.501,0.260241,126.13,206.508,0.9738,0.9741,1.0529
chartqa,1344,chartqa_val_209,85.57,126.363,377.396,35.862,0.226738,124.047,251.033,86.805,127.192,353.84,32.378,0.245322,125.115,226.648,0.9858,0.9935,1.0666
chartqa,1344,chartqa_val_21,85.324,129.004,1973.026,29.27,0.043245,126.283,1844.022,86.976,130.381,1994.37,29.587,0.043611,127.802,1863.989,0.981,0.9894,0.9893
chartqa,1344,chartqa_val_210,85.074,125.772,1374.981,30.469,0.061873,123.501,1249.209,87.557,129.962,702.009,30.108,0.124723,126.49,572.047,0.9716,0.9678,1.9586
chartqa,1344,chartqa_val_211,89.776,132.05,504.229,31.015,0.178045,128.59,372.179,86.812,127.399,470.196,28.566,0.18463,125.222,342.797,1.0341,1.0365,1.0724
chartqa,1344,chartqa_val_212,102.511,146.462,444.886,27.129,0.23042,144.198,298.423,87.039,127.752,474.606,31.532,0.183391,125.566,346.853,1.1778,1.1465,0.9374
chartqa,1344,chartqa_val_213,84.994,125.654,1329.915,31.691,0.063909,123.448,1204.261,86.858,131.607,1391.627,33.158,0.062415,129.327,1260.02,0.9785,0.9548,0.9557
chartqa,1344,chartqa_val_214,85.251,126.259,558.924,36.055,0.152528,123.788,432.664,86.906,127.605,533.431,33.819,0.16292,125.382,405.826,0.981,0.9895,1.0478
chartqa,1344,chartqa_val_215,85.166,126.032,1928.461,28.61,0.044163,123.68,1802.429,86.885,127.5,2077.379,30.95,0.041824,125.302,1949.879,0.9802,0.9885,0.9283
chartqa,1344,chartqa_val_216,85.18,126.204,325.741,33.256,0.261495,123.976,199.536,87.149,128.59,304.242,29.275,0.286448,125.887,175.652,0.9774,0.9814,1.0707
chartqa,1344,chartqa_val_217,85.175,126.246,182.94,28.347,0.465586,123.839,56.695,86.913,136.403,223.58,43.589,0.388734,133.824,87.178,0.98,0.9255,0.8182
chartqa,1344,chartqa_val_218,85.253,126.319,365.389,39.845,0.233321,124.1,239.07,86.925,127.802,307.002,29.867,0.28314,125.443,179.2,0.9808,0.9884,1.1902
chartqa,1344,chartqa_val_219,85.444,127.395,2077.514,30.954,0.041128,124.192,1950.119,86.955,127.897,2042.408,30.389,0.042575,125.459,1914.511,0.9826,0.9961,1.0172
chartqa,1344,chartqa_val_22,86.115,134.475,1313.98,30.244,0.065538,131.605,1179.505,86.86,128.59,1371.29,31.864,0.063342,126.397,1242.701,0.9914,1.0458,0.9582
chartqa,1344,chartqa_val_220,85.193,126.11,2126.626,31.754,0.04006,123.722,2000.517,87.064,136.901,2102.804,31.205,0.041404,134.604,1965.903,0.9785,0.9212,1.0113
chartqa,1344,chartqa_val_221,85.144,125.694,1951.646,30.948,0.043627,123.544,1825.952,87.095,129.196,2032.214,32.255,0.042857,126.349,1903.018,0.9776,0.9729,0.9604
chartqa,1344,chartqa_val_222,85.412,130.718,2083.893,31.003,0.040987,128.471,1953.175,86.903,127.935,2092.354,31.181,0.041534,125.518,1964.419,0.9828,1.0218,0.996
chartqa,1344,chartqa_val_223,86.024,133.999,659.521,32.845,0.130433,131.845,525.522,87.763,131.876,603.557,29.48,0.14541,129.679,471.681,0.9802,1.0161,1.0927
chartqa,1344,chartqa_val_224,85.758,127.291,436.558,34.363,0.196441,125.075,309.266,86.889,127.861,464.034,37.353,0.187247,125.735,336.173,0.987,0.9955,0.9408
chartqa,1344,chartqa_val_225,85.204,126.079,555.429,30.668,0.153403,123.706,429.35,86.906,127.487,583.166,32.549,0.149024,125.319,455.679,0.9804,0.989,0.9524
chartqa,1344,chartqa_val_226,85.924,127.936,1379.818,29.807,0.062272,125.463,1251.882,86.909,128.14,1362.879,29.399,0.063768,125.627,1234.74,0.9887,0.9984,1.0124
chartqa,1344,chartqa_val_227,85.37,126.414,909.679,31.331,0.093847,123.943,783.264,86.796,128.269,889.462,30.448,0.097583,126.052,761.193,0.9836,0.9855,1.0227
chartqa,1344,chartqa_val_228,85.11,125.707,529.253,33.629,0.160811,123.518,403.547,87.167,133.544,528.811,32.939,0.164836,131.183,395.267,0.9764,0.9413,1.0008
chartqa,1344,chartqa_val_229,91.01,136.516,1747.01,31.578,0.052095,129.534,1610.494,87.024,128.246,1806.732,32.911,0.048167,125.776,1678.486,1.0458,1.0645,0.9669
chartqa,1344,chartqa_val_23,85.619,126.47,1983.372,29.475,0.043168,124.098,1856.901,86.827,127.368,1992.204,29.601,0.043583,125.186,1864.836,0.9861,0.9929,0.9956
chartqa,1344,chartqa_val_230,85.861,132.251,1982.664,29.372,0.043306,129.715,1850.413,86.936,135.507,2116.376,31.442,0.041078,133.056,1980.87,0.9876,0.976,0.9368
chartqa,1344,chartqa_val_231,86.487,140.234,763.176,31.147,0.113325,137.494,622.942,86.772,133.478,786.693,32.661,0.1103,131.323,653.215,0.9967,1.0506,0.9701
chartqa,1344,chartqa_val_232,85.543,133.422,1554.302,31.575,0.055036,131.119,1420.88,86.922,139.509,1507.854,30.408,0.057646,137.385,1368.345,0.9841,0.9564,1.0308
chartqa,1344,chartqa_val_233,87.154,133.09,2144.157,31.922,0.040647,130.81,2011.066,87.29,128.31,2069.866,30.818,0.042172,125.815,1941.556,0.9984,1.0373,1.0359
chartqa,1344,chartqa_val_234,85.147,135.948,1556.558,30.883,0.054702,133.749,1420.61,86.938,129.574,1590.764,31.765,0.054652,125.763,1461.19,0.9794,1.0492,0.9785
chartqa,1344,chartqa_val_235,85.13,130.151,1668.736,30.772,0.051015,127.958,1538.585,86.933,138.041,1739.085,32.021,0.049988,135.716,1601.044,0.9793,0.9428,0.9595
chartqa,1344,chartqa_val_236,96.512,144.789,1963.076,31.35,0.049164,134.802,1818.287,86.82,127.232,2014.339,32.536,0.043101,125.08,1887.107,1.1116,1.138,0.9746
chartqa,1344,chartqa_val_237,85.757,133.47,718.906,30.812,0.119287,131.231,585.436,86.858,127.716,742.249,32.344,0.11702,125.439,614.533,0.9873,1.0451,0.9686
chartqa,1344,chartqa_val_238,84.983,133.431,325.136,31.951,0.261376,131.186,191.705,89.279,130.027,306.638,29.435,0.291155,127.903,176.61,0.9519,1.0262,1.0603
chartqa,1344,chartqa_val_239,86.67,139.908,2099.965,31.112,0.041272,137.5,1960.057,89.15,135.472,2171.786,32.322,0.041049,133.118,2036.314,0.9722,1.0327,0.9669
chartqa,1344,chartqa_val_24,86.188,127.548,886.504,30.358,0.097222,124.932,758.956,86.934,127.66,870.775,32.309,0.099835,125.363,743.115,0.9914,0.9991,1.0181
chartqa,1344,chartqa_val_240,85.578,140.04,874.702,31.942,0.097837,137.765,734.662,87.017,128.294,793.89,28.939,0.109608,125.63,665.596,0.9835,1.0916,1.1018
chartqa,1344,chartqa_val_241,85.159,126.054,2046.507,30.483,0.041612,123.715,1920.452,87.062,128.299,2145.332,32.016,0.040582,125.796,2017.033,0.9781,0.9825,0.9539
chartqa,1344,chartqa_val_242,87.633,130.086,1768.636,29.792,0.049548,126.814,1638.549,86.895,127.586,1025.92,33.272,0.0847,125.388,898.334,1.0085,1.0196,1.724
chartqa,1344,chartqa_val_243,89.127,151.649,2244.382,33.218,0.039711,147.688,2092.733,86.767,127.406,2119.555,31.621,0.040937,125.215,1992.149,1.0272,1.1903,1.0589
chartqa,1344,chartqa_val_244,85.654,126.905,2106.235,33.548,0.040667,124.327,1979.329,87.113,128.478,1649.408,30.419,0.052815,125.82,1520.931,0.9833,0.9878,1.277
chartqa,1344,chartqa_val_245,87.339,128.571,821.164,31.481,0.10636,125.946,692.592,86.864,137.715,812.501,30.672,0.106909,135.143,674.786,1.0055,0.9336,1.0107
chartqa,1344,chartqa_val_246,89.279,135.556,1564.266,32.471,0.057074,133.284,1428.71,87.005,141.776,1485.47,30.539,0.058571,139.275,1343.695,1.0261,0.9561,1.053
chartqa,1344,chartqa_val_247,88.356,143.192,1362.014,29.02,0.064872,137.542,1218.822,87.509,147.97,1523.358,32.747,0.057445,144.564,1375.388,1.0097,0.9677,0.8941
chartqa,1344,chartqa_val_248,86.96,141.195,1350.977,28.804,0.064368,138.953,1209.782,87.002,127.92,1477.125,32.124,0.0589,125.608,1349.205,0.9995,1.1038,0.9146
chartqa,1344,chartqa_val_249,85.166,125.936,1984.993,29.509,0.042905,123.701,1859.056,92.653,140.891,2034.447,30.056,0.045542,137.724,1893.556,0.9192,0.8939,0.9757
chartqa,1344,chartqa_val_25,87.512,129.721,1261.951,31.451,0.069347,126.333,1132.23,86.896,127.465,1217.079,30.267,0.071397,125.317,1089.614,1.0071,1.0177,1.0369
chartqa,1344,chartqa_val_250,85.567,126.797,713.655,36.679,0.119899,124.201,586.858,87.044,128.488,639.506,31.939,0.136111,126.205,511.018,0.983,0.9868,1.1159
chartqa,1344,chartqa_val_251,85.416,126.505,2216.067,33.168,0.038544,124.162,2089.563,86.937,139.791,2154.123,31.974,0.040358,136.87,2014.332,0.9825,0.905,1.0288
chartqa,1344,chartqa_val_252,86.547,128.373,338.66,30.041,0.255557,125.315,210.287,86.849,134.813,349.388,30.654,0.248574,132.621,214.575,0.9965,0.9522,0.9693
chartqa,1344,chartqa_val_253,90.718,296.265,1039.318,30.961,0.087286,293.67,743.053,86.809,127.606,866.413,30.784,0.100194,125.456,738.807,1.045,2.3217,1.1996
chartqa,1344,chartqa_val_254,85.339,126.545,1531.082,31.921,0.055738,123.819,1404.537,87.424,129.825,1552.71,32.338,0.056304,126.701,1422.885,0.9762,0.9747,0.9861
chartqa,1344,chartqa_val_255,85.416,126.291,2166.164,32.379,0.039432,123.881,2039.873,86.837,127.662,1790.62,31.377,0.048495,125.395,1662.957,0.9836,0.9893,1.2097
chartqa,1344,chartqa_val_256,90.921,132.832,776.059,30.63,0.117157,129.428,643.227,87.016,128.435,834.018,33.599,0.104333,125.833,705.583,1.0449,1.0342,0.9305
chartqa,1344,chartqa_val_257,86.522,136.799,2105.449,31.248,0.041094,134.297,1968.65,86.969,135.749,1979.454,29.265,0.043936,133.516,1843.705,0.9949,1.0077,1.0637
chartqa,1344,chartqa_val_258,85.175,125.884,1232.757,29.916,0.069093,123.48,1106.874,90.131,135.037,1318.228,31.978,0.068373,131.684,1183.191,0.945,0.9322,0.9352
chartqa,1344,chartqa_val_259,88.408,130.669,2088.58,31.078,0.042329,127.625,1957.911,87.09,141.846,2090.543,30.932,0.041659,139.432,1948.697,1.0151,0.9212,0.9991
chartqa,1344,chartqa_val_26,85.163,126.104,1061.526,29.232,0.080227,123.762,935.422,87.065,134.935,1091.32,29.887,0.079779,132.639,956.385,0.9782,0.9346,0.9727
chartqa,1344,chartqa_val_260,94.299,140.759,1460.319,29.99,0.064574,138.112,1319.56,87.052,129.603,928.259,31.946,0.09378,126.5,798.656,1.0832,1.0861,1.5732
chartqa,1344,chartqa_val_261,85.309,126.619,2043.276,30.423,0.041751,124.21,1916.657,86.987,129.807,2048.895,30.462,0.042456,127.578,1919.088,0.9807,0.9754,0.9973
chartqa,1344,chartqa_val_262,85.237,125.929,1386.724,30.019,0.061466,123.704,1260.795,86.964,127.648,1412.62,29.883,0.061562,125.435,1284.972,0.9801,0.9865,0.9817
chartqa,1344,chartqa_val_263,90.373,132.652,2039.195,30.263,0.044318,129.555,1906.543,86.864,132.042,2035.188,30.209,0.042681,129.764,1903.146,1.0404,1.0046,1.002
chartqa,1344,chartqa_val_264,85.505,130.356,1526.462,30.35,0.056015,128.125,1396.105,87.259,129.074,1416.993,27.998,0.06158,126.871,1287.918,0.9799,1.0099,1.0773
chartqa,1344,chartqa_val_265,85.864,126.842,1214.215,31.068,0.070716,124.509,1087.373,87.903,130.501,1201.219,30.592,0.073178,126.548,1070.718,0.9768,0.972,1.0108
chartqa,1344,chartqa_val_266,84.973,128.974,1777.566,32.972,0.047803,126.822,1648.592,86.999,128.198,2030.471,31.705,0.042847,125.671,1902.273,0.9767,1.0061,0.8754
chartqa,1344,chartqa_val_267,85.017,125.526,2039.311,30.378,0.041689,123.391,1913.785,86.84,127.594,2098.936,31.291,0.041373,125.398,1971.343,0.979,0.9838,0.9716
chartqa,1344,chartqa_val_268,85.165,126.155,717.98,31.149,0.118617,123.65,591.825,86.98,131.44,751.447,32.632,0.11575,129.287,620.006,0.9791,0.9598,0.9555
chartqa,1344,chartqa_val_269,89.861,131.275,1957.334,28.985,0.04591,128.379,1826.06,87.499,140.401,2007.749,29.64,0.04358,138.165,1867.347,1.027,0.935,0.9749
chartqa,1344,chartqa_val_27,86.811,135.919,1570.271,31.874,0.055284,133.276,1434.352,86.847,127.39,1442.844,29.232,0.060192,125.151,1315.453,0.9996,1.067,1.0883
chartqa,1344,chartqa_val_270,85.184,125.571,656.917,27.966,0.129673,123.411,531.346,86.98,128.561,742.041,32.288,0.117217,126.264,613.481,0.9794,0.9767,0.8853
chartqa,1344,chartqa_val_271,85.174,130.906,1960.354,29.039,0.043448,128.788,1829.447,86.897,127.386,2088.221,31.124,0.041613,125.246,1960.835,0.9802,1.0276,0.9388
chartqa,1344,chartqa_val_272,85.104,151.085,1229.083,27.641,0.069242,148.932,1077.999,86.846,127.192,879.935,28.952,0.098696,125.067,752.744,0.9799,1.1878,1.3968
chartqa,1344,chartqa_val_273,85.374,126.683,2060.851,30.701,0.041427,123.911,1934.168,86.895,127.416,2037.209,30.314,0.042654,125.249,1909.793,0.9825,0.9942,1.0116
chartqa,1344,chartqa_val_274,85.731,126.348,1290.973,32.351,0.066408,124.153,1164.625,86.963,128.018,1225.932,30.498,0.070936,125.491,1097.914,0.9858,0.987,1.0531
chartqa,1344,chartqa_val_275,86.061,128.954,2150.543,32.089,0.040018,125.644,2021.589,86.948,127.816,2118.056,31.591,0.041051,125.459,1990.24,0.9898,1.0089,1.0153
chartqa,1344,chartqa_val_276,85.881,128.525,603.756,33.945,0.142245,124.384,475.231,87.066,127.825,589.664,32.988,0.147653,125.549,461.838,0.9864,1.0055,1.0239
chartqa,1344,chartqa_val_277,85.176,126.309,858.151,28.148,0.099255,123.736,731.842,86.926,127.669,873.314,28.679,0.099536,125.346,745.645,0.9799,0.9893,0.9826
chartqa,1344,chartqa_val_278,85.01,125.395,753.536,29.912,0.112815,123.256,628.142,87.486,129.554,782.957,31.114,0.111738,126.21,653.403,0.9717,0.9679,0.9624
chartqa,1344,chartqa_val_279,85.061,131.559,1610.849,30.19,0.052805,129.37,1479.29,86.979,127.824,1619.021,30.433,0.053723,125.499,1491.197,0.9779,1.0292,0.995
chartqa,1344,chartqa_val_28,85.231,128.273,567.381,31.365,0.150219,126.049,439.108,87.496,131.877,918.16,30.242,0.095295,128.512,786.283,0.9741,0.9727,0.618
chartqa,1344,chartqa_val_280,85.12,125.703,1919.653,28.475,0.044341,123.494,1793.95,87.004,127.705,2166.573,32.363,0.040158,125.388,2038.868,0.9783,0.9843,0.886
chartqa,1344,chartqa_val_281,85.428,132.122,1983.718,29.39,0.043065,129.594,1851.596,87.06,128.632,2024.095,30.087,0.043012,125.895,1895.463,0.9813,1.0271,0.9801
chartqa,1344,chartqa_val_282,85.296,126.075,726.835,31.619,0.117353,123.802,600.76,86.898,127.61,788.339,34.775,0.11023,125.36,660.728,0.9816,0.988,0.922
chartqa,1344,chartqa_val_283,86.434,140.946,812.433,29.195,0.106389,138.718,671.487,86.873,127.542,845.494,31.215,0.102748,125.305,717.952,0.9949,1.1051,0.9609
chartqa,1344,chartqa_val_284,85.094,125.723,800.471,28.114,0.106305,123.464,674.748,86.916,127.546,856.956,30.392,0.101424,125.377,729.41,0.979,0.9857,0.9341
chartqa,1344,chartqa_val_285,86.191,138.779,613.341,29.66,0.140527,136.325,474.562,88.491,131.138,659.067,32.996,0.134268,127.987,527.93,0.974,1.0583,0.9306
chartqa,1344,chartqa_val_286,85.75,126.709,1030.466,33.472,0.083215,124.435,903.756,86.97,128.176,1011.011,31.53,0.086022,125.644,882.835,0.986,0.9886,1.0192
chartqa,1344,chartqa_val_287,87.189,129.684,1044.516,30.494,0.083473,126.204,914.832,86.925,127.69,1122.821,33.171,0.077417,125.407,995.131,1.003,1.0156,0.9303
chartqa,1344,chartqa_val_288,85.162,126.137,1234.523,29.168,0.068984,123.818,1108.386,87.011,128.08,1390.351,33.218,0.062582,125.605,1262.272,0.9787,0.9848,0.8879
chartqa,1344,chartqa_val_289,85.27,125.9,1979.949,29.429,0.043067,123.706,1854.049,87.011,128.126,2108.556,31.435,0.041266,125.636,1980.429,0.98,0.9826,0.939
chartqa,1344,chartqa_val_29,88.798,138.898,1801.919,29.697,0.04928,136.558,1663.021,86.875,135.743,1926.278,31.974,0.0451,133.481,1790.535,1.0221,1.0232,0.9354
chartqa,1344,chartqa_val_290,85.378,126.65,1256.817,33.24,0.067932,124.223,1130.167,86.909,127.763,1175.364,30.812,0.073942,125.542,1047.601,0.9824,0.9913,1.0693
chartqa,1344,chartqa_val_291,87.288,132.553,1373.484,28.859,0.063552,128.979,1240.931,87.685,132.93,1471.798,31.136,0.059577,128.971,1338.868,0.9955,0.9972,0.9332
chartqa,1344,chartqa_val_292,86.578,133.538,1016.744,31.543,0.085152,131.184,883.206,87.056,128.136,954.221,29.503,0.091233,125.821,826.085,0.9945,1.0422,1.0655
chartqa,1344,chartqa_val_293,85.572,126.819,2032.849,30.254,0.042094,124.173,1906.03,86.953,128.507,2200.352,32.886,0.039518,125.756,2071.845,0.9841,0.9869,0.9239
chartqa,1344,chartqa_val_294,89.854,136.559,479.437,31.171,0.187416,133.255,342.878,87.012,127.935,449.162,29.202,0.193722,125.657,321.227,1.0327,1.0674,1.0674
chartqa,1344,chartqa_val_295,89.141,139.945,2228.996,33.16,0.039992,136.03,2089.051,86.761,133.051,2101.445,31.244,0.041286,130.863,1968.394,1.0274,1.0518,1.0607
chartqa,1344,chartqa_val_296,87.816,131.859,771.176,29.06,0.113873,127.605,639.317,87.126,135.324,803.383,30.366,0.108449,133.134,668.059,1.0079,0.9744,0.9599
chartqa,1344,chartqa_val_297,94.497,142.44,1982.536,29.208,0.047664,139.443,1840.096,86.964,153.852,2034.208,29.847,0.042751,150.838,1880.355,1.0866,0.9258,0.9746
chartqa,1344,chartqa_val_298,85.355,126.341,564.015,31.262,0.151335,123.879,437.674,87.016,127.581,602.624,33.932,0.144395,125.348,475.042,0.9809,0.9903,0.9359
chartqa,1344,chartqa_val_299,93.86,142.684,1662.315,30.393,0.056463,140.576,1519.632,86.892,127.576,1640.883,30.266,0.052954,125.371,1513.307,1.0802,1.1184,1.0131
chartqa,1344,chartqa_val_3,90.764,134.134,1708.505,30.87,0.053125,131.631,1574.371,90.232,132.953,1933.141,28.574,0.046676,130.753,1800.189,1.0059,1.0089,0.8838
chartqa,1344,chartqa_val_30,85.406,126.894,1502.736,30.574,0.056834,124.086,1375.841,87.272,129.151,1343.053,28.902,0.064981,126.011,1213.902,0.9786,0.9825,1.1189
chartqa,1344,chartqa_val_300,85.679,133.859,890.308,34.384,0.096235,131.206,756.448,86.889,134.209,793.401,29.963,0.109514,131.387,659.192,0.9861,0.9974,1.1221
chartqa,1344,chartqa_val_301,85.671,126.779,1332.244,33.485,0.064306,124.411,1205.465,97.613,138.583,1160.926,28.398,0.084082,136.352,1022.343,0.8777,0.9148,1.1476
chartqa,1344,chartqa_val_302,86.038,129.494,435.394,30.59,0.197609,127.21,305.899,86.931,129.848,418.515,28.867,0.207713,127.455,288.667,0.9897,0.9973,1.0403
chartqa,1344,chartqa_val_303,85.416,126.563,1771.369,28.359,0.04822,123.99,1644.806,86.874,127.828,2034.772,32.878,0.042695,125.357,1906.944,0.9832,0.9901,0.8705
chartqa,1344,chartqa_val_304,89.472,143.682,1013.982,31.082,0.088238,140.36,870.299,88.921,130.579,1003.767,31.185,0.088588,127.47,873.188,1.0062,1.1003,1.0102
chartqa,1344,chartqa_val_305,85.141,125.928,2018.281,30.037,0.042185,123.728,1892.353,86.942,128.006,2184.609,32.644,0.039798,125.659,2056.603,0.9793,0.9838,0.9239
chartqa,1344,chartqa_val_306,85.292,126.579,553.278,28.447,0.154158,124.363,426.699,86.926,127.731,1612.921,32.287,0.053894,125.508,1485.189,0.9812,0.991,0.343
chartqa,1344,chartqa_val_307,88.279,130.598,1980.628,29.366,0.044571,127.15,1850.03,86.955,127.789,2185.313,32.659,0.039791,125.494,2057.524,1.0152,1.022,0.9063
chartqa,1344,chartqa_val_308,86.238,133.018,1337.6,30.887,0.064472,130.714,1204.582,88.766,137.965,1379.781,31.841,0.064334,135.448,1241.816,0.9715,0.9641,0.9694
chartqa,1344,chartqa_val_309,85.165,125.694,835.19,29.562,0.101971,123.488,709.496,86.896,127.664,896.176,32.021,0.096963,125.478,768.512,0.9801,0.9846,0.9319
chartqa,1344,chartqa_val_31,86.784,139.345,1461.969,31.491,0.059361,136.781,1322.623,87.049,134.432,1346.672,28.863,0.06464,132.222,1212.24,0.997,1.0365,1.0856
chartqa,1344,chartqa_val_310,85.194,125.657,1223.909,33.28,0.069608,123.474,1098.252,87.004,133.931,1378.018,31.102,0.063137,131.025,1244.088,0.9792,0.9382,0.8882
chartqa,1344,chartqa_val_311,85.228,125.771,2096.041,31.274,0.040662,123.502,1970.27,86.981,128.092,2012.011,29.903,0.043231,125.626,1883.919,0.9798,0.9819,1.0418
chartqa,1344,chartqa_val_312,85.957,131.644,864.808,30.548,0.099395,129.198,733.164,86.918,127.842,880.031,31.341,0.098767,125.46,752.189,0.9889,1.0297,0.9827
chartqa,1344,chartqa_val_313,86.314,128.244,2312.365,34.669,0.037327,125.181,2184.122,86.879,127.858,1993.321,29.611,0.043585,125.679,1865.463,0.9935,1.003,1.1601
chartqa,1344,chartqa_val_314,86.898,128.659,915.976,34.231,0.09487,126.003,787.318,86.892,127.416,854.125,31.596,0.101732,125.241,726.709,1.0001,1.0098,1.0724
chartqa,1344,chartqa_val_315,85.455,126.5,1487.222,34.89,0.05746,124.172,1360.722,86.836,134.13,1343.312,31.005,0.064643,131.865,1209.182,0.9841,0.9431,1.1071
chartqa,1344,chartqa_val_316,85.528,130.472,1639.655,33.537,0.052162,127.975,1509.183,87.032,132.982,1534.265,31.14,0.056726,130.742,1401.283,0.9827,0.9811,1.0687
chartqa,1344,chartqa_val_317,85.471,126.333,1047.153,32.886,0.081622,124.072,920.82,87.064,128.765,1043.203,32.659,0.083459,126.389,914.438,0.9817,0.9811,1.0038
chartqa,1344,chartqa_val_318,85.554,126.412,483.508,35.71,0.176943,124.071,357.096,86.815,127.526,448.959,32.143,0.193369,125.342,321.433,0.9855,0.9913,1.077
chartqa,1344,chartqa_val_319,85.29,126.631,1270.663,28.601,0.067123,124.005,1144.032,87.328,129.596,1321.149,29.789,0.0661,126.909,1191.552,0.9767,0.9771,0.9618
chartqa,1344,chartqa_val_32,85.032,129.979,1540.854,31.353,0.055185,127.665,1410.874,88.133,136.332,1478.38,29.823,0.059614,133.879,1342.048,0.9648,0.9534,1.0423
chartqa,1344,chartqa_val_320,85.017,125.444,803.134,32.271,0.105857,123.352,677.69,86.982,127.64,792.297,31.65,0.109784,125.376,664.658,0.9774,0.9828,1.0137
chartqa,1344,chartqa_val_321,85.427,127.108,732.209,31.847,0.11667,124.714,605.101,86.84,127.468,2010.271,29.886,0.043198,125.25,1882.803,0.9837,0.9972,0.3642
chartqa,1344,chartqa_val_322,91.336,146.324,1053.325,34.885,0.086712,143.278,907.001,87.393,128.972,912.019,30.117,0.095823,125.916,783.047,1.0451,1.1345,1.1549
chartqa,1344,chartqa_val_323,86.062,127.236,1181.434,31.945,0.072845,124.836,1054.198,86.899,127.616,1108.877,29.735,0.078366,125.442,981.26,0.9904,0.997,1.0654
chartqa,1344,chartqa_val_324,87.212,135.358,2234.145,33.314,0.039036,133.002,2098.787,87.017,127.581,1961.784,30.57,0.044356,125.407,1834.202,1.0022,1.061,1.1388
chartqa,1344,chartqa_val_325,85.37,126.575,2034.993,30.292,0.041951,124.065,1908.418,86.852,127.492,2021.308,30.061,0.042968,125.271,1893.816,0.9829,0.9928,1.0068
chartqa,1344,chartqa_val_326,85.355,126.128,1401.961,31.118,0.060882,123.858,1275.832,87.706,130.773,1631.567,30.628,0.053756,128.568,1500.794,0.9732,0.9645,0.8593
chartqa,1344,chartqa_val_327,85.176,125.912,1953.761,29.013,0.043596,123.547,1827.849,88.292,131.57,2144.034,31.944,0.04118,128.088,2012.464,0.9647,0.957,0.9113
chartqa,1344,chartqa_val_328,87.212,139.827,2068.813,30.619,0.042155,137.469,1928.986,87.197,128.288,2208.452,33.018,0.039483,125.92,2080.164,1.0002,1.0899,0.9368
chartqa,1344,chartqa_val_329,85.539,128.336,2044.707,30.419,0.041834,126.026,1916.371,87.356,136.759,2152.39,31.994,0.040586,132.962,2015.631,0.9792,0.9384,0.95
chartqa,1344,chartqa_val_33,85.085,125.626,1231.979,30.732,0.069064,123.462,1106.353,86.957,127.813,1196.785,29.694,0.072659,125.345,1068.971,0.9785,0.9829,1.0294
chartqa,1344,chartqa_val_330,85.482,126.028,1045.281,30.642,0.081779,123.835,919.253,87.065,128.015,1061.023,31.1,0.082057,125.63,933.008,0.9818,0.9845,0.9852
chartqa,1344,chartqa_val_331,85.754,127.062,1232.035,32.499,0.069603,124.478,1104.972,86.876,127.556,1302.189,31.747,0.066715,125.257,1174.634,0.9871,0.9961,0.9461
chartqa,1344,chartqa_val_332,86.384,137.039,1414.961,34.538,0.06105,134.68,1277.922,86.986,134.305,1374.702,33.524,0.063277,132.125,1240.397,0.9931,1.0204,1.0293
chartqa,1344,chartqa_val_333,85.347,126.338,2145.73,32.054,0.039775,124.005,2019.392,86.805,127.363,2162.899,32.31,0.040134,125.188,2035.536,0.9832,0.992,0.9921
chartqa,1344,chartqa_val_334,85.276,126.138,2127.841,31.773,0.040076,123.889,2001.702,86.935,127.536,2151.683,32.129,0.040403,125.313,2024.148,0.9809,0.989,0.9889
chartqa,1344,chartqa_val_335,87.477,130.336,2139.568,31.893,0.040885,127.322,2009.231,87.025,128.228,2032.089,30.22,0.042826,125.555,1903.861,1.0052,1.0164,1.0529
chartqa,1344,chartqa_val_336,85.389,126.302,1022.615,33.197,0.0835,124.019,896.313,86.905,127.504,999.329,32.29,0.086964,125.296,871.825,0.9826,0.9906,1.0233
chartqa,1344,chartqa_val_337,86.141,128.06,2113.131,31.509,0.040765,124.902,1985.072,87.588,129.95,2047.381,30.435,0.042781,126.194,1917.431,0.9835,0.9855,1.0321
chartqa,1344,chartqa_val_338,85.143,125.727,1281.118,31.227,0.06646,123.513,1155.391,87.122,127.997,1273.536,30.961,0.068409,125.692,1145.54,0.9773,0.9823,1.006
chartqa,1344,chartqa_val_339,86.596,127.898,2228.059,33.336,0.038866,125.625,2100.161,86.87,128.153,1505.756,31.309,0.057692,125.99,1377.602,0.9968,0.998,1.4797
chartqa,1344,chartqa_val_34,85.306,129.851,690.576,35.045,0.123529,126.897,560.724,86.922,127.687,600.581,29.556,0.14473,125.457,472.894,0.9814,1.0169,1.1498
chartqa,1344,chartqa_val_340,86.316,127.611,582.233,34.971,0.14825,125.342,454.623,86.918,132.684,503.691,28.539,0.172561,130.402,371.008,0.9931,0.9618,1.1559
chartqa,1344,chartqa_val_341,86.441,127.457,2204.853,32.975,0.039205,125.153,2077.396,87.511,129.427,2006.58,29.796,0.043612,126.142,1877.153,0.9878,0.9848,1.0988
chartqa,1344,chartqa_val_342,85.253,126.23,689.496,31.293,0.123645,123.732,563.267,86.963,129.773,715.681,32.55,0.121511,127.226,585.909,0.9803,0.9727,0.9634
chartqa,1344,chartqa_val_343,85.059,125.491,1932.571,28.684,0.044013,123.334,1807.08,86.858,127.55,2078.195,30.963,0.041795,125.236,1950.645,0.9793,0.9839,0.9299
chartqa,1344,chartqa_val_344,85.474,125.856,1875.25,29.157,0.04558,123.715,1749.394,87.04,138.154,1993.71,31.45,0.043657,135.841,1855.557,0.982,0.911,0.9406
chartqa,1344,chartqa_val_345,88.1,129.599,2016.99,29.959,0.043679,126.445,1887.391,87.139,135.325,2055.61,30.481,0.042391,131.67,1920.286,1.011,0.9577,0.9812
chartqa,1344,chartqa_val_346,85.409,131.803,1374.471,31.067,0.06214,129.382,1242.668,93.109,154.623,1505.062,33.761,0.061864,151.891,1350.439,0.9173,0.8524,0.9132
chartqa,1344,chartqa_val_347,85.261,125.978,1989.371,29.578,0.042858,123.68,1863.393,86.989,136.825,2179.411,32.422,0.039914,134.121,2042.586,0.9801,0.9207,0.9128
chartqa,1344,chartqa_val_348,85.127,126.668,813.194,31.206,0.104683,124.266,686.526,87.156,128.257,859.46,33.236,0.101408,125.944,731.203,0.9767,0.9876,0.9462
chartqa,1344,chartqa_val_349,85.195,125.658,988.374,30.811,0.086197,123.472,862.716,86.871,127.402,1055.058,33.131,0.082338,125.268,927.656,0.9807,0.9863,0.9368
chartqa,1344,chartqa_val_35,85.266,126.764,2146.098,32.053,0.039731,124.47,2019.334,87.123,128.177,2085.102,31.062,0.041784,125.486,1956.925,0.9787,0.989,1.0293
chartqa,1344,chartqa_val_350,85.1,125.619,1313.843,29.706,0.064772,123.445,1188.224,86.924,128.289,1385.707,31.435,0.062729,125.965,1257.418,0.979,0.9792,0.9481
chartqa,1344,chartqa_val_351,85.205,125.804,2054.308,30.611,0.041476,123.638,1928.503,91.493,141.794,2353.07,35.1,0.038883,138.57,2211.275,0.9313,0.8872,0.873
chartqa,1344,chartqa_val_352,87.047,130.007,1248.864,29.444,0.069701,126.7,1118.857,87.157,138.198,1420.575,33.747,0.061353,135.418,1282.378,0.9987,0.9407,0.8791
chartqa,1344,chartqa_val_353,85.181,126.09,2041.98,30.411,0.041715,123.81,1915.891,86.976,132.523,2152.501,32.063,0.040407,130.137,2019.978,0.9794,0.9515,0.9487
chartqa,1344,chartqa_val_354,85.826,127.45,642.034,32.162,0.133678,124.811,514.584,86.933,127.824,595.04,29.201,0.146095,125.617,467.216,0.9873,0.9971,1.079
chartqa,1344,chartqa_val_355,88.984,135.368,1523.861,30.185,0.058393,132.932,1388.494,86.872,130.095,1656.338,33.179,0.052448,127.9,1526.243,1.0243,1.0405,0.92
chartqa,1344,chartqa_val_356,85.942,136.629,918.225,28.948,0.093596,134.392,781.596,86.905,127.282,947.489,30.378,0.091721,125.178,820.207,0.9889,1.0734,0.9691
chartqa,1344,chartqa_val_357,86.869,133.391,2016.257,29.887,0.043084,131.077,1882.866,86.829,127.299,2089.629,31.148,0.041552,125.216,1962.33,1.0005,1.0479,0.9649
chartqa,1344,chartqa_val_358,85.32,125.879,1401.987,29.677,0.060857,123.699,1276.107,87.03,127.744,1377.751,29.07,0.063168,125.525,1250.007,0.9804,0.9854,1.0176
chartqa,1344,chartqa_val_359,85.153,125.911,2102.514,31.375,0.0405,123.714,1976.604,86.909,135.523,2011.134,29.772,0.043214,133.241,1875.61,0.9798,0.9291,1.0454
chartqa,1344,chartqa_val_36,89.57,131.608,541.923,34.193,0.165282,128.144,410.314,86.925,128.149,492.092,30.329,0.176644,125.809,363.944,1.0304,1.027,1.1013
chartqa,1344,chartqa_val_360,85.386,126.098,443.068,31.697,0.192714,123.814,316.97,86.851,127.222,417.414,29.019,0.208069,125.108,290.191,0.9831,0.9912,1.0615
chartqa,1344,chartqa_val_361,85.487,126.281,2221.007,33.25,0.03849,124.038,2094.726,86.874,127.214,2041.652,30.388,0.042551,125.144,1914.438,0.984,0.9927,1.0878
chartqa,1344,chartqa_val_362,89.114,131.308,555.032,28.248,0.160557,128.402,423.725,86.804,127.158,553.138,28.399,0.15693,125.142,425.98,1.0266,1.0326,1.0034
chartqa,1344,chartqa_val_363,85.342,127.859,2186.877,32.683,0.039025,125.251,2059.018,86.865,127.422,1938.348,28.745,0.044814,125.361,1810.926,0.9825,1.0034,1.1282
chartqa,1344,chartqa_val_364,85.578,126.28,1054.171,31.996,0.08118,124.0,927.89,86.906,127.64,1032.967,31.218,0.084133,125.431,905.327,0.9847,0.9893,1.0205
chartqa,1344,chartqa_val_365,85.354,126.552,1966.49,30.163,0.043404,124.04,1839.937,86.997,127.956,1937.144,29.18,0.04491,125.404,1809.188,0.9811,0.989,1.0151
chartqa,1344,chartqa_val_366,85.45,126.599,907.021,31.217,0.09421,124.041,780.422,86.84,127.312,855.431,29.125,0.101517,125.171,728.119,0.984,0.9944,1.0603
chartqa,1344,chartqa_val_367,85.75,126.854,2116.8,31.586,0.040509,124.599,1989.946,86.834,127.42,1993.851,29.626,0.043551,125.282,1866.431,0.9875,0.9956,1.0617
chartqa,1344,chartqa_val_368,85.574,131.62,818.717,28.629,0.104522,129.029,687.097,86.901,127.39,819.534,28.839,0.106037,125.254,692.144,0.9847,1.0332,0.999
chartqa,1344,chartqa_val_369,85.15,126.216,1929.392,28.622,0.044133,123.953,1803.175,87.19,128.499,1971.734,29.258,0.04422,125.603,1843.236,0.9766,0.9822,0.9785
chartqa,1344,chartqa_val_37,85.009,125.709,2019.547,30.061,0.042093,123.53,1893.837,86.884,130.623,2036.797,30.257,0.042657,128.405,1906.173,0.9784,0.9624,0.9915
chartqa,1344,chartqa_val_370,85.273,125.875,1072.229,27.039,0.079529,123.689,946.354,86.97,127.741,1190.98,30.378,0.073024,125.547,1063.239,0.9805,0.9854,0.9003
chartqa,1344,chartqa_val_371,85.088,125.483,1926.894,28.594,0.044158,123.366,1801.411,86.811,127.56,1941.415,28.791,0.044715,125.376,1813.855,0.9802,0.9837,0.9925
chartqa,1344,chartqa_val_372,85.412,126.146,289.204,27.176,0.295335,123.904,163.058,86.899,127.552,330.49,33.823,0.262938,125.329,202.939,0.9829,0.989,0.8751
chartqa,1344,chartqa_val_373,85.86,126.579,1896.747,28.098,0.045267,124.385,1770.168,86.854,127.4,1980.231,29.41,0.043861,125.309,1852.831,0.9886,0.9936,0.9578
chartqa,1344,chartqa_val_374,85.923,126.443,370.711,27.141,0.231778,124.325,244.268,86.944,127.695,429.768,33.564,0.202304,125.483,302.073,0.9883,0.9902,0.8626
chartqa,1344,chartqa_val_375,85.171,125.636,1964.24,29.184,0.043361,123.536,1838.604,86.753,127.523,2134.95,31.864,0.040635,125.472,2007.427,0.9818,0.9852,0.92
chartqa,1344,chartqa_val_376,86.165,127.115,516.077,32.413,0.166961,124.888,388.962,86.931,135.955,487.218,29.272,0.178424,133.722,351.262,0.9912,0.935,1.0592
chartqa,1344,chartqa_val_377,86.109,127.127,1140.278,28.947,0.075516,124.93,1013.151,86.825,128.019,1161.29,29.522,0.074766,125.836,1033.271,0.9918,0.993,0.9819
chartqa,1344,chartqa_val_378,86.145,127.124,1021.542,29.814,0.084328,124.891,894.418,86.945,127.614,1024.657,29.901,0.084853,125.425,897.043,0.9908,0.9962,0.997
chartqa,1344,chartqa_val_379,85.191,126.151,716.056,29.495,0.118973,123.918,589.905,86.93,128.084,705.33,28.862,0.123248,125.667,577.246,0.98,0.9849,1.0152
chartqa,1344,chartqa_val_38,85.908,126.787,1671.376,30.286,0.0514,124.428,1544.589,86.84,127.433,566.434,29.267,0.15331,125.238,439.001,0.9893,0.9949,2.9507
chartqa,1344,chartqa_val_380,85.474,125.979,551.006,26.564,0.155124,123.777,425.027,86.924,127.559,619.467,30.744,0.140321,125.353,491.908,0.9833,0.9876,0.8895
chartqa,1344,chartqa_val_381,85.673,126.249,1907.242,28.27,0.04492,124.103,1780.992,86.979,127.844,2038.857,30.334,0.042661,125.622,1911.014,0.985,0.9875,0.9354
chartqa,1344,chartqa_val_382,85.23,125.653,421.107,26.859,0.202395,123.582,295.454,86.886,127.611,448.315,29.155,0.193806,125.478,320.704,0.9809,0.9847,0.9393
chartqa,1344,chartqa_val_383,85.988,126.735,1885.204,27.912,0.045612,124.519,1758.468,86.827,127.413,2014.296,29.951,0.043106,125.252,1886.883,0.9903,0.9947,0.9359
chartqa,1344,chartqa_val_384,85.393,125.704,402.157,27.645,0.212337,123.664,276.453,86.827,127.438,416.032,28.859,0.208702,125.292,288.594,0.9835,0.9864,0.9666
chartqa,1344,chartqa_val_385,85.243,125.691,1868.019,27.656,0.045633,123.648,1742.328,86.721,129.202,2051.783,30.517,0.042266,127.131,1922.581,0.983,0.9728,0.9104
chartqa,1344,chartqa_val_386,85.755,126.289,490.965,30.39,0.174666,124.175,364.676,86.884,127.644,474.134,28.874,0.183248,125.452,346.49,0.987,0.9894,1.0355
chartqa,1344,chartqa_val_387,85.622,134.298,1329.507,28.457,0.064401,132.208,1195.209,86.861,127.867,561.943,28.938,0.154573,125.466,434.076,0.9857,1.0503,2.3659
chartqa,1344,chartqa_val_388,85.155,125.435,970.362,28.164,0.087756,123.456,844.927,86.976,127.774,1065.357,31.253,0.08164,125.532,937.583,0.9791,0.9817,0.9108
chartqa,1344,chartqa_val_389,85.158,125.522,750.416,28.404,0.113481,123.494,624.894,87.018,128.813,845.425,29.859,0.102928,126.601,716.612,0.9786,0.9745,0.8876
chartqa,1344,chartqa_val_39,86.463,132.332,2022.299,29.999,0.042755,130.177,1889.967,86.914,127.435,2070.932,30.849,0.041969,125.283,1943.498,0.9948,1.0384,0.9765
chartqa,1344,chartqa_val_390,85.005,125.282,771.649,26.932,0.11016,123.242,646.368,86.85,127.479,867.304,30.826,0.100138,125.263,739.825,0.9788,0.9828,0.8897
chartqa,1344,chartqa_val_391,85.428,125.713,503.716,27.0,0.169596,123.738,378.003,86.874,127.661,531.611,28.854,0.163417,125.328,403.949,0.9834,0.9847,0.9475
chartqa,1344,chartqa_val_392,85.895,136.663,193.878,28.607,0.443036,134.607,57.214,86.922,135.085,204.705,34.81,0.424621,132.912,69.62,0.9882,1.0117,0.9471
chartqa,1344,chartqa_val_393,85.131,125.361,1091.594,27.607,0.077988,123.381,966.233,87.188,127.894,1156.049,29.376,0.075419,125.761,1028.155,0.9764,0.9802,0.9442
chartqa,1344,chartqa_val_394,85.033,125.664,922.327,28.452,0.092194,123.635,796.663,86.882,127.592,975.939,30.298,0.089023,125.51,848.347,0.9787,0.9849,0.9451
chartqa,1344,chartqa_val_395,85.5,126.203,1905.94,28.25,0.04486,124.055,1779.737,86.978,128.034,2022.107,30.065,0.043014,125.75,1894.073,0.983,0.9857,0.9426
chartqa,1344,chartqa_val_396,85.158,130.467,1029.85,27.254,0.082689,128.32,899.382,86.887,127.69,1107.02,29.677,0.078487,125.461,979.33,0.9801,1.0217,0.9303
chartqa,1344,chartqa_val_397,95.545,136.103,1666.678,27.332,0.057327,133.989,1530.575,86.958,127.81,1748.412,28.939,0.049736,125.583,1620.602,1.0987,1.0649,0.9533
chartqa,1344,chartqa_val_398,85.152,126.079,711.3,27.868,0.119713,123.618,585.221,86.863,127.584,712.096,27.834,0.121983,125.31,584.512,0.9803,0.9882,0.9989
chartqa,1344,chartqa_val_399,85.115,125.486,1930.345,28.649,0.044093,123.417,1804.858,86.931,127.686,1951.859,28.955,0.044538,125.362,1824.172,0.9791,0.9828,0.989
chartqa,1344,chartqa_val_4,85.379,128.391,1052.222,30.794,0.081142,126.15,923.831,87.016,133.093,928.288,26.507,0.093738,130.934,795.195,0.9812,0.9647,1.1335
chartqa,1344,chartqa_val_40,85.351,133.233,1009.662,30.222,0.084534,131.069,876.429,86.969,127.671,986.926,29.629,0.088121,125.375,859.255,0.9814,1.0436,1.023
chartqa,1344,chartqa_val_400,85.398,125.887,1511.245,28.273,0.056508,123.789,1385.358,86.891,127.558,1588.31,29.811,0.054707,125.342,1460.752,0.9828,0.9869,0.9515
chartqa,1344,chartqa_val_401,85.052,126.323,2011.173,29.918,0.04229,123.73,1884.849,86.875,127.581,1998.868,29.703,0.043462,125.4,1871.288,0.979,0.9901,1.0062
chartqa,1344,chartqa_val_402,85.001,125.589,686.524,29.523,0.123814,123.394,560.935,87.037,128.093,727.955,31.572,0.119563,125.79,599.862,0.9766,0.9805,0.9431
chartqa,1344,chartqa_val_403,85.186,125.751,1426.186,28.899,0.05973,123.6,1300.435,86.973,128.017,1500.159,30.492,0.057976,125.722,1372.142,0.9795,0.9823,0.9507
chartqa,1344,chartqa_val_404,85.067,125.667,1026.099,30.014,0.082904,123.491,900.432,86.951,127.686,1029.911,30.074,0.084426,125.451,902.225,0.9783,0.9842,0.9963
chartqa,1344,chartqa_val_405,85.668,138.997,1976.947,29.174,0.043334,136.923,1837.95,86.94,127.814,1972.105,29.274,0.044085,125.53,1844.291,0.9854,1.0875,1.0025
chartqa,1344,chartqa_val_406,85.355,125.771,673.14,30.409,0.126802,123.685,547.369,86.977,127.653,638.46,28.378,0.136229,125.414,510.806,0.9814,0.9853,1.0543
chartqa,1344,chartqa_val_407,85.032,125.572,1343.781,27.687,0.063278,123.376,1218.21,86.811,127.235,1864.93,27.582,0.046549,125.103,1737.695,0.9795,0.9869,0.7206
chartqa,1344,chartqa_val_408,85.224,125.893,1030.141,30.142,0.08273,123.718,904.248,87.156,131.059,991.446,28.68,0.087907,128.56,860.387,0.9778,0.9606,1.039
chartqa,1344,chartqa_val_409,85.568,127.237,2147.996,32.076,0.039836,124.949,2020.759,86.798,127.338,1985.345,29.492,0.043719,125.19,1858.006,0.9858,0.9992,1.0819
chartqa,1344,chartqa_val_41,85.129,125.744,844.534,28.752,0.1008,123.471,718.79,87.403,130.175,835.809,28.225,0.104573,126.904,705.634,0.974,0.966,1.0104
chartqa,1344,chartqa_val_410,85.204,126.306,1042.3,27.757,0.081746,123.763,915.994,87.334,138.966,1064.089,28.034,0.082074,136.756,925.123,0.9756,0.9089,0.9795
chartqa,1344,chartqa_val_411,85.102,125.599,1927.218,28.597,0.044158,123.459,1801.62,86.909,127.748,2008.08,29.847,0.043279,125.441,1880.333,0.9792,0.9832,0.9597
chartqa,1344,chartqa_val_412,85.022,125.383,313.958,26.939,0.270809,123.264,188.575,86.987,127.742,328.139,28.628,0.265092,125.43,200.397,0.9774,0.9815,0.9568
chartqa,1344,chartqa_val_413,85.029,125.394,1843.241,27.267,0.04613,123.36,1717.847,86.816,127.604,1991.023,29.578,0.043604,125.349,1863.419,0.9794,0.9827,0.9258
chartqa,1344,chartqa_val_414,85.094,125.683,721.99,27.105,0.11786,123.502,596.307,86.948,127.605,806.474,30.858,0.107813,125.442,678.869,0.9787,0.9849,0.8952
chartqa,1344,chartqa_val_415,85.108,125.551,1914.083,28.389,0.044464,123.501,1788.532,86.929,127.87,2048.607,30.488,0.042433,125.485,1920.737,0.9791,0.9819,0.9343
chartqa,1344,chartqa_val_416,86.161,127.225,879.607,31.349,0.097954,125.045,752.382,86.989,127.792,859.18,30.475,0.101247,125.568,731.389,0.9905,0.9956,1.0238
chartqa,1344,chartqa_val_417,86.022,126.833,1991.119,29.592,0.043203,124.647,1864.286,86.85,127.705,2072.586,30.871,0.041904,125.502,1944.881,0.9905,0.9932,0.9607
chartqa,1344,chartqa_val_418,86.462,127.486,1442.618,29.889,0.059934,125.205,1315.132,86.978,128.019,1431.968,29.635,0.06074,125.695,1303.949,0.9941,0.9958,1.0074
chartqa,1344,chartqa_val_419,86.265,127.487,1980.193,29.408,0.043564,125.235,1852.705,87.109,128.164,2002.549,29.752,0.043499,125.973,1874.385,0.9903,0.9947,0.9888
chartqa,1344,chartqa_val_42,89.412,131.636,344.504,26.608,0.259539,127.891,212.867,86.894,127.235,375.58,31.043,0.23136,125.109,248.345,1.029,1.0346,0.9173
chartqa,1344,chartqa_val_420,86.514,127.786,1179.833,30.059,0.073328,125.547,1052.048,86.894,127.551,1434.313,30.39,0.060582,125.279,1306.762,0.9956,1.0018,0.8226
chartqa,1344,chartqa_val_421,84.953,125.257,1818.925,26.884,0.046705,123.188,1693.669,86.998,128.105,2041.549,30.372,0.042614,125.649,1913.444,0.9765,0.9778,0.891
chartqa,1344,chartqa_val_422,84.997,125.305,1791.339,26.445,0.047449,123.233,1666.034,87.616,129.884,1937.132,28.686,0.04523,126.395,1807.249,0.9701,0.9647,0.9247
chartqa,1344,chartqa_val_423,85.045,125.364,1845.738,27.308,0.046077,123.31,1720.374,86.801,127.412,1934.689,28.687,0.044866,125.246,1807.277,0.9798,0.9839,0.954
chartqa,1344,chartqa_val_424,85.06,125.467,522.751,26.486,0.162716,123.411,397.283,87.019,127.687,513.915,29.71,0.169326,125.416,386.228,0.9775,0.9826,1.0172
chartqa,1344,chartqa_val_425,85.006,125.587,1808.779,26.717,0.046996,123.522,1683.192,87.051,127.842,1966.217,29.181,0.044273,125.723,1838.374,0.9765,0.9824,0.9199
chartqa,1344,chartqa_val_426,85.343,129.081,968.19,27.068,0.088147,126.914,839.109,86.998,127.638,1030.367,29.12,0.084434,125.5,902.729,0.981,1.0113,0.9397
chartqa,1344,chartqa_val_427,85.03,125.485,986.386,26.088,0.086204,123.447,860.901,86.81,127.228,1030.992,27.387,0.0842,125.128,903.764,0.9795,0.9863,0.9567
chartqa,1344,chartqa_val_428,85.087,125.527,962.009,26.983,0.088447,123.462,836.482,86.927,127.782,1012.067,28.525,0.085891,125.581,884.285,0.9788,0.9824,0.9505
chartqa,1344,chartqa_val_429,85.51,131.235,1796.511,26.433,0.047598,129.211,1665.276,86.75,127.237,1893.773,28.04,0.045808,125.135,1766.535,0.9857,1.0314,0.9486
chartqa,1344,chartqa_val_43,85.474,126.014,1445.916,30.695,0.059114,123.851,1319.901,86.818,127.319,1392.617,29.426,0.062341,125.102,1265.299,0.9845,0.9898,1.0383
chartqa,1344,chartqa_val_430,84.769,125.027,310.123,26.442,0.273339,122.96,185.096,86.923,134.002,338.267,29.181,0.256967,131.963,204.264,0.9752,0.933,0.9168
chartqa,1344,chartqa_val_431,84.897,125.34,1844.321,27.285,0.046032,123.225,1718.981,86.882,127.726,2000.977,29.734,0.04342,125.527,1873.251,0.9772,0.9813,0.9217
chartqa,1344,chartqa_val_432,84.949,125.259,444.075,26.568,0.191293,123.215,318.815,86.898,127.674,514.979,32.275,0.168742,125.513,387.305,0.9776,0.9811,0.8623
chartqa,1344,chartqa_val_433,84.914,125.245,1586.589,27.062,0.05352,123.243,1461.344,86.96,127.56,1796.756,30.911,0.048398,125.416,1669.196,0.9765,0.9819,0.883
chartqa,1344,chartqa_val_434,84.879,125.514,709.417,26.541,0.119646,123.487,583.903,86.94,127.581,777.914,29.561,0.111761,125.475,650.333,0.9763,0.9838,0.9119
chartqa,1344,chartqa_val_435,85.201,133.048,938.854,26.86,0.09075,130.852,805.807,86.875,127.809,639.034,30.072,0.135947,125.596,511.226,0.9807,1.041,1.4692
chartqa,1344,chartqa_val_436,84.882,125.062,311.603,26.649,0.272404,123.079,186.541,87.016,128.024,319.156,27.304,0.272643,125.763,191.131,0.9755,0.9769,0.9763
chartqa,1344,chartqa_val_437,84.982,125.421,152.342,26.921,0.55784,123.403,26.921,86.803,132.187,160.402,28.215,0.541159,130.128,28.215,0.979,0.9488,0.9498
chartqa,1344,chartqa_val_438,84.928,125.43,666.992,28.503,0.127329,123.467,541.562,86.919,127.618,668.956,28.491,0.129932,125.578,541.338,0.9771,0.9829,0.9971
chartqa,1344,chartqa_val_439,84.97,125.309,1603.47,26.396,0.052991,123.303,1478.161,86.948,128.463,1761.563,29.163,0.049358,125.673,1633.101,0.9773,0.9754,0.9103
chartqa,1344,chartqa_val_44,86.292,131.995,487.958,27.382,0.176842,129.818,355.962,86.896,127.341,492.705,28.105,0.176366,125.18,365.364,0.993,1.0365,0.9904
chartqa,1344,chartqa_val_440,84.958,125.353,847.591,27.778,0.100234,123.341,722.238,86.949,127.498,880.381,28.957,0.098763,125.303,752.883,0.9771,0.9832,0.9628
chartqa,1344,chartqa_val_441,86.377,130.978,1957.575,28.994,0.044124,128.383,1826.597,86.906,128.306,2009.863,29.866,0.04324,125.689,1881.557,0.9939,1.0208,0.974
chartqa,1344,chartqa_val_442,87.082,128.021,531.444,28.816,0.16386,125.766,403.423,87.45,129.324,569.574,31.446,0.153536,126.093,440.25,0.9958,0.9899,0.9331
chartqa,1344,chartqa_val_443,85.789,127.438,2094.534,31.224,0.040958,125.088,1967.095,86.876,127.717,1932.997,28.655,0.044944,125.464,1805.28,0.9875,0.9978,1.0836
chartqa,1344,chartqa_val_444,85.661,126.753,1722.78,30.114,0.049723,124.436,1596.027,86.961,127.839,1253.145,28.133,0.069394,125.493,1125.306,0.9851,0.9915,1.3748
chartqa,1344,chartqa_val_445,85.315,126.248,1955.12,29.03,0.043636,123.949,1828.872,86.911,127.678,1938.019,28.736,0.044845,125.455,1810.341,0.9816,0.9888,1.0088
chartqa,1344,chartqa_val_446,86.159,127.471,886.09,31.609,0.097235,124.991,758.619,87.151,127.97,830.306,29.264,0.104962,125.8,702.337,0.9886,0.9961,1.0672
chartqa,1344,chartqa_val_447,86.306,130.081,2080.356,30.957,0.041486,127.729,1950.275,86.974,127.696,1929.922,28.607,0.045066,125.527,1802.227,0.9923,1.0187,1.0779
chartqa,1344,chartqa_val_448,85.28,128.325,326.155,32.972,0.26147,126.049,197.83,86.878,127.696,292.085,27.398,0.297441,125.491,164.39,0.9816,1.0049,1.1166
chartqa,1344,chartqa_val_449,85.247,126.137,681.104,30.832,0.12516,123.973,554.968,86.855,127.479,651.021,29.086,0.133414,125.424,523.542,0.9815,0.9895,1.0462
chartqa,1344,chartqa_val_45,85.167,125.633,2122.466,31.696,0.040126,123.441,1996.833,86.991,128.54,2140.601,31.937,0.040639,125.96,2012.061,0.979,0.9774,0.9915
chartqa,1344,chartqa_val_450,85.501,126.564,1137.563,28.886,0.075162,124.161,1010.999,86.93,127.48,1080.373,27.226,0.080463,125.414,952.893,0.9836,0.9928,1.0529
chartqa,1344,chartqa_val_451,86.296,130.467,661.108,27.928,0.130533,127.788,530.64,86.806,127.096,666.885,28.41,0.130166,125.052,539.789,0.9941,1.0265,0.9913
chartqa,1344,chartqa_val_452,85.997,126.899,314.762,31.31,0.273214,124.607,187.863,87.042,127.422,288.465,26.841,0.301742,125.341,161.043,0.988,0.9959,1.0912
chartqa,1344,chartqa_val_453,85.022,125.658,1940.668,28.81,0.043811,123.583,1815.01,86.767,127.291,1946.327,28.874,0.04458,125.269,1819.036,0.9799,0.9872,0.9971
chartqa,1344,chartqa_val_454,85.774,127.583,1527.37,28.567,0.056158,124.689,1399.787,86.822,127.345,1688.611,27.391,0.051416,125.205,1561.266,0.9879,1.0019,0.9045
chartqa,1344,chartqa_val_455,85.31,126.906,1419.667,30.064,0.060091,124.645,1292.761,86.856,127.411,766.27,29.039,0.113349,125.231,638.859,0.9822,0.996,1.8527
chartqa,1344,chartqa_val_456,85.195,125.829,360.959,29.391,0.236026,123.66,235.13,86.92,127.258,348.626,27.671,0.249322,125.192,221.368,0.9802,0.9888,1.0354
chartqa,1344,chartqa_val_457,85.34,126.022,1297.297,29.282,0.065783,123.799,1171.275,86.91,127.829,1268.802,28.524,0.068498,125.66,1140.973,0.9819,0.9859,1.0225
chartqa,1344,chartqa_val_458,85.242,125.774,323.687,28.273,0.263346,123.692,197.913,86.819,127.185,322.039,27.836,0.269591,125.112,194.855,0.9818,0.9889,1.0051
chartqa,1344,chartqa_val_459,86.218,131.29,1921.008,28.408,0.044882,129.189,1789.718,86.794,127.12,1844.651,27.262,0.047052,125.104,1717.531,0.9934,1.0328,1.0414
chartqa,1344,chartqa_val_46,90.08,132.275,1026.351,28.841,0.087767,128.765,894.076,87.025,128.08,1163.478,33.4,0.074797,125.818,1035.398,1.0351,1.0328,0.8821
chartqa,1344,chartqa_val_460,85.78,131.937,426.411,29.447,0.201168,129.681,294.474,86.865,127.286,401.768,27.448,0.216207,125.167,274.481,0.9875,1.0365,1.0613
chartqa,1344,chartqa_val_461,85.346,126.15,1916.796,28.423,0.044525,123.927,1790.646,86.794,127.252,1947.694,28.896,0.044563,125.186,1820.442,0.9833,0.9913,0.9841
chartqa,1344,chartqa_val_462,85.147,125.742,327.375,28.805,0.260091,123.559,201.633,86.988,127.48,355.915,32.634,0.244406,125.345,228.435,0.9788,0.9864,0.9198
chartqa,1344,chartqa_val_463,86.43,128.036,1760.992,28.648,0.049081,125.38,1632.956,86.926,128.096,1794.597,29.237,0.048438,125.536,1666.501,0.9943,0.9995,0.9813
chartqa,1344,chartqa_val_464,85.207,125.77,782.642,27.37,0.108871,123.638,656.871,86.908,127.692,857.3,30.4,0.101374,125.574,729.608,0.9804,0.9849,0.9129
chartqa,1344,chartqa_val_465,85.073,125.61,1206.275,28.439,0.070526,123.494,1080.666,86.897,127.594,1434.621,29.705,0.060572,125.391,1307.026,0.979,0.9845,0.8408
chartqa,1344,chartqa_val_466,85.227,125.664,1878.18,27.818,0.045378,123.595,1752.516,86.971,134.36,2008.361,29.746,0.043304,131.829,1874.001,0.9799,0.9353,0.9352
chartqa,1344,chartqa_val_467,85.147,125.836,1885.713,27.935,0.045154,123.62,1759.877,87.526,129.629,1978.316,29.344,0.044243,126.273,1848.687,0.9728,0.9707,0.9532
chartqa,1344,chartqa_val_468,85.249,125.672,675.456,27.489,0.12621,123.554,549.783,86.817,127.78,712.415,29.232,0.121863,125.573,584.635,0.9819,0.9835,0.9481
chartqa,1344,chartqa_val_469,85.156,125.741,1907.762,28.286,0.044637,123.625,1782.02,86.888,127.579,2042.141,30.39,0.042547,125.43,1914.562,0.9801,0.9856,0.9342
chartqa,1344,chartqa_val_47,86.93,128.144,2043.15,30.397,0.042547,125.488,1915.006,87.046,128.138,2072.45,30.862,0.042001,125.836,1944.312,0.9987,1.0,0.9859
chartqa,1344,chartqa_val_470,87.45,130.907,589.625,28.67,0.148315,127.394,458.718,86.852,127.498,1156.998,30.279,0.075067,125.31,1029.5,1.0069,1.0267,0.5096
chartqa,1344,chartqa_val_471,85.396,126.074,1988.899,29.569,0.042936,123.912,1862.825,87.322,128.751,1955.841,29.001,0.044647,125.838,1827.09,0.9779,0.9792,1.0169
chartqa,1344,chartqa_val_472,85.225,126.189,918.352,28.292,0.092803,123.777,792.163,86.891,127.551,947.226,29.274,0.091733,125.303,819.674,0.9808,0.9893,0.9695
chartqa,1344,chartqa_val_473,85.77,126.579,1223.549,26.755,0.0701,124.22,1096.969,86.899,127.808,1376.23,28.373,0.063142,125.549,1248.422,0.987,0.9904,0.8891
chartqa,1344,chartqa_val_474,86.286,127.628,756.204,28.572,0.114104,124.692,628.577,86.966,130.171,810.977,30.946,0.107236,127.9,680.807,0.9922,0.9805,0.9325
chartqa,1344,chartqa_val_475,85.157,126.014,1871.843,27.712,0.045494,123.902,1745.829,86.808,127.522,1932.271,28.647,0.044925,125.417,1804.749,0.981,0.9882,0.9687
chartqa,1344,chartqa_val_476,85.189,127.221,848.642,28.857,0.100382,125.098,721.422,86.995,128.299,850.841,28.902,0.102246,125.813,722.541,0.9792,0.9916,0.9974
chartqa,1344,chartqa_val_477,85.325,126.0,1852.34,27.402,0.046064,123.712,1726.34,86.785,127.292,1914.473,28.368,0.045331,125.183,1787.181,0.9832,0.9899,0.9675
chartqa,1344,chartqa_val_478,85.929,130.268,428.503,27.112,0.200532,128.161,298.235,86.843,127.394,430.777,27.58,0.201595,125.272,303.383,0.9895,1.0226,0.9947
chartqa,1344,chartqa_val_479,85.142,125.541,1217.446,27.998,0.069935,123.504,1091.905,86.891,130.028,1233.397,28.292,0.070449,127.945,1103.369,0.9799,0.9655,0.9871
chartqa,1344,chartqa_val_48,85.224,126.046,2218.479,33.213,0.038415,123.72,2092.434,87.206,128.684,2228.133,33.325,0.039138,126.002,2099.448,0.9773,0.9795,0.9957
chartqa,1344,chartqa_val_480,85.141,125.521,1218.882,27.334,0.069852,123.463,1093.361,86.939,127.395,1254.59,28.18,0.069297,125.33,1127.194,0.9793,0.9853,0.9715
chartqa,1344,chartqa_val_481,85.154,125.659,576.201,28.159,0.147785,123.615,450.542,87.221,128.501,565.416,27.307,0.15426,125.662,436.915,0.9763,0.9779,1.0191
chartqa,1344,chartqa_val_482,85.226,125.759,1342.989,27.664,0.06346,123.75,1217.229,86.917,127.295,1344.107,27.655,0.064666,125.251,1216.811,0.9805,0.9879,0.9992
chartqa,1344,chartqa_val_483,85.328,125.893,1894.788,28.078,0.045033,123.871,1768.896,87.354,128.866,1881.171,27.814,0.046436,125.989,1752.305,0.9768,0.9769,1.0072
chartqa,1344,chartqa_val_484,86.135,127.114,1164.243,29.632,0.073984,124.927,1037.129,86.841,127.308,1088.659,27.467,0.079769,125.159,961.351,0.9919,0.9985,1.0694
chartqa,1344,chartqa_val_485,85.22,125.754,594.53,29.299,0.14334,123.6,468.776,86.723,127.318,567.11,27.487,0.152921,125.244,439.792,0.9827,0.9877,1.0484
chartqa,1344,chartqa_val_486,85.103,125.735,823.146,27.896,0.103388,123.587,697.411,86.984,128.035,846.025,28.72,0.102815,125.558,717.99,0.9784,0.982,0.973
chartqa,1344,chartqa_val_487,85.091,125.522,1836.534,27.597,0.046333,123.497,1711.012,86.838,127.606,1920.598,28.919,0.045214,125.459,1792.992,0.9799,0.9837,0.9562
chartqa,1344,chartqa_val_488,86.735,127.944,743.846,27.996,0.116604,125.018,615.902,86.953,128.022,793.503,30.249,0.109581,125.526,665.482,0.9975,0.9994,0.9374
chartqa,1344,chartqa_val_489,85.433,125.994,1907.632,28.28,0.044785,123.957,1781.638,86.832,127.412,1930.048,28.613,0.04499,125.218,1802.636,0.9839,0.9889,0.9884
chartqa,1344,chartqa_val_49,85.46,126.39,2040.816,31.384,0.041875,124.079,1914.427,87.373,129.329,1987.824,30.467,0.043954,126.372,1858.495,0.9781,0.9773,1.0267
chartqa,1344,chartqa_val_490,85.18,125.576,475.97,26.953,0.178961,123.497,350.394,86.852,127.383,492.441,28.081,0.17637,125.241,365.058,0.9807,0.9858,0.9666
chartqa,1344,chartqa_val_491,85.893,128.948,1876.538,27.74,0.045772,126.921,1747.59,86.773,127.467,1951.579,28.954,0.044463,125.238,1824.112,0.9899,1.0116,0.9615
chartqa,1344,chartqa_val_492,85.436,128.032,1882.094,27.842,0.045394,125.764,1754.062,86.89,127.412,2005.732,29.815,0.043321,125.307,1878.32,0.9833,1.0049,0.9384
chartqa,1344,chartqa_val_493,85.68,126.965,1733.101,30.304,0.049437,124.378,1606.136,86.9,127.594,1721.263,29.512,0.050486,125.415,1593.669,0.986,0.9951,1.0069
chartqa,1344,chartqa_val_494,85.693,127.229,186.479,29.625,0.459531,124.646,59.25,86.998,128.195,187.231,29.518,0.464656,125.786,59.037,0.985,0.9925,0.996
chartqa,1344,chartqa_val_495,85.375,128.863,1189.206,30.296,0.071792,126.608,1060.343,86.852,130.239,1192.719,30.357,0.072818,127.996,1062.48,0.983,0.9894,0.9971
chartqa,1344,chartqa_val_496,85.655,126.837,889.036,29.315,0.096346,124.505,762.199,86.918,127.564,865.394,28.378,0.100437,125.366,737.829,0.9855,0.9943,1.0273
chartqa,1344,chartqa_val_497,85.304,126.175,1999.342,29.733,0.042666,123.92,1873.166,86.884,127.494,1955.418,29.015,0.044432,125.34,1827.924,0.9818,0.9897,1.0225
chartqa,1344,chartqa_val_498,85.203,126.277,1471.864,26.384,0.057888,123.83,1345.587,86.891,127.467,1627.902,29.42,0.053376,125.315,1500.435,0.9806,0.9907,0.9041
chartqa,1344,chartqa_val_499,85.047,125.555,1873.543,27.746,0.045394,123.461,1747.988,86.887,127.552,1998.054,29.691,0.043486,125.383,1870.502,0.9788,0.9843,0.9377
chartqa,1344,chartqa_val_5,85.228,128.208,660.535,33.27,0.129029,125.969,532.327,86.872,129.818,580.495,28.167,0.149652,127.464,450.677,0.9811,0.9876,1.1379
chartqa,1344,chartqa_val_50,85.68,129.814,934.097,30.934,0.091725,127.377,804.282,87.291,129.524,905.064,29.828,0.096447,125.813,775.54,0.9815,1.0022,1.0321
chartqa,1344,chartqa_val_51,85.706,136.65,2065.552,30.618,0.041493,134.379,1928.903,86.773,127.334,2085.006,31.074,0.041617,125.146,1957.671,0.9877,1.0732,0.9907
chartqa,1344,chartqa_val_52,85.246,126.403,381.087,31.836,0.223691,123.815,254.684,86.926,127.721,394.177,33.307,0.220524,125.471,266.457,0.9807,0.9897,0.9668
chartqa,1344,chartqa_val_53,85.229,125.733,2003.212,29.801,0.042546,123.57,1877.479,86.85,127.353,2165.018,32.344,0.040115,125.194,2037.664,0.9813,0.9873,0.9253
chartqa,1344,chartqa_val_54,88.753,136.645,1722.88,29.929,0.051514,131.957,1586.235,86.857,127.448,1779.6,31.173,0.048807,125.265,1652.153,1.0218,1.0722,0.9681
chartqa,1344,chartqa_val_55,85.088,125.573,1969.313,29.266,0.043207,123.381,1843.74,86.882,127.398,2123.175,31.679,0.040921,125.257,1995.777,0.9794,0.9857,0.9275
chartqa,1344,chartqa_val_56,85.891,127.901,1573.946,30.767,0.054571,124.775,1446.045,86.801,127.572,1615.564,31.659,0.053728,125.43,1487.993,0.9895,1.0026,0.9742
chartqa,1344,chartqa_val_57,86.245,129.856,765.626,31.788,0.112646,127.674,635.77,86.784,127.261,723.606,29.817,0.119933,125.148,596.345,0.9938,1.0204,1.0581
chartqa,1344,chartqa_val_58,85.042,125.668,1303.188,31.825,0.065257,123.5,1177.521,86.871,127.412,1272.711,30.954,0.068257,125.299,1145.299,0.9789,0.9863,1.0239
chartqa,1344,chartqa_val_59,85.097,126.038,2046.375,30.482,0.041584,123.737,1920.337,87.467,138.982,1988.477,29.357,0.043987,132.828,1849.495,0.9729,0.9069,1.0291
chartqa,1344,chartqa_val_6,85.182,128.307,686.004,27.885,0.124171,125.907,557.697,86.902,129.583,753.709,31.206,0.115299,127.318,624.126,0.9802,0.9902,0.9102
chartqa,1344,chartqa_val_60,85.957,126.906,995.808,31.032,0.086319,124.613,868.902,86.845,127.512,927.205,28.56,0.093664,125.228,799.693,0.9898,0.9952,1.074
chartqa,1344,chartqa_val_61,85.001,127.35,2092.029,31.185,0.040631,125.134,1964.68,87.482,132.015,2075.817,30.854,0.042144,127.404,1943.801,0.9716,0.9647,1.0078
chartqa,1344,chartqa_val_62,85.202,125.936,1550.449,32.375,0.054953,123.711,1424.513,86.93,127.761,1427.307,29.535,0.060905,125.359,1299.546,0.9801,0.9857,1.0863
chartqa,1344,chartqa_val_63,86.589,128.158,982.347,29.455,0.088145,125.083,854.189,86.785,127.502,1088.612,33.142,0.079721,125.413,961.11,0.9977,1.0051,0.9024
chartqa,1344,chartqa_val_64,87.721,129.831,536.529,27.113,0.163497,126.434,406.698,87.199,128.191,613.458,32.351,0.142143,125.518,485.266,1.006,1.0128,0.8746
chartqa,1344,chartqa_val_65,85.543,126.735,2038.329,30.343,0.041967,124.094,1911.595,86.782,127.321,2039.044,30.345,0.04256,125.185,1911.723,0.9857,0.9954,0.9996
chartqa,1344,chartqa_val_66,85.769,128.381,1052.774,31.876,0.081469,126.031,924.393,87.185,137.793,1032.606,30.856,0.084432,135.055,894.813,0.9838,0.9317,1.0195
chartqa,1344,chartqa_val_67,85.059,125.727,2025.856,30.161,0.041987,123.435,1900.128,86.866,129.415,2045.826,30.419,0.04246,127.194,1916.411,0.9792,0.9715,0.9902
chartqa,1344,chartqa_val_68,85.293,125.801,328.66,33.81,0.259516,123.616,202.859,86.93,127.433,369.415,40.33,0.235318,125.245,241.982,0.9812,0.9872,0.8897
chartqa,1344,chartqa_val_69,84.991,125.479,1993.104,29.645,0.042642,123.338,1867.625,86.865,127.452,2052.692,30.559,0.042318,125.254,1925.24,0.9784,0.9845,0.971
chartqa,1344,chartqa_val_7,85.092,125.657,1773.383,31.089,0.047983,123.526,1647.726,86.86,127.272,1704.165,29.753,0.050969,125.126,1576.893,0.9796,0.9873,1.0406
chartqa,1344,chartqa_val_70,85.333,125.94,1982.982,29.477,0.043033,123.712,1857.042,86.956,127.771,1986.495,29.504,0.043774,125.426,1858.724,0.9813,0.9857,0.9982
chartqa,1344,chartqa_val_71,86.102,140.03,1992.039,29.397,0.043223,137.623,1852.009,86.882,130.328,2020.221,29.998,0.043006,128.111,1889.893,0.991,1.0744,0.9861
chartqa,1344,chartqa_val_72,85.839,127.545,553.264,26.607,0.15515,124.319,425.719,86.995,133.649,635.437,31.362,0.136905,130.936,501.788,0.9867,0.9543,0.8707
chartqa,1344,chartqa_val_73,87.4,129.714,2097.779,31.239,0.041663,126.289,1968.065,86.862,134.365,2081.976,30.914,0.041721,132.19,1947.611,1.0062,0.9654,1.0076
chartqa,1344,chartqa_val_74,86.298,132.499,889.751,30.29,0.096992,130.319,757.252,86.949,127.697,944.276,32.663,0.092081,125.427,816.579,0.9925,1.0376,0.9423
chartqa,1344,chartqa_val_75,85.386,131.476,2130.035,31.723,0.040087,129.341,1998.558,86.831,127.52,2015.787,29.973,0.043075,125.352,1888.268,0.9834,1.031,1.0567
chartqa,1344,chartqa_val_76,85.098,125.758,522.766,30.539,0.162785,123.481,397.008,87.792,129.336,525.681,30.488,0.167007,126.474,396.345,0.9693,0.9723,0.9945
chartqa,1344,chartqa_val_77,87.95,132.726,2107.711,31.349,0.041728,126.546,1974.985,87.013,137.163,1993.486,29.465,0.043649,134.51,1856.323,1.0108,0.9677,1.0573
chartqa,1344,chartqa_val_78,86.755,132.537,923.205,31.627,0.093971,130.293,790.668,88.401,137.973,864.093,29.045,0.102305,134.455,726.121,0.9814,0.9606,1.0684
chartqa,1344,chartqa_val_79,85.262,126.029,861.824,33.445,0.098932,123.78,735.795,86.911,128.15,841.872,32.442,0.103236,125.524,713.722,0.981,0.9834,1.0237
chartqa,1344,chartqa_val_8,85.036,135.877,1046.901,29.388,0.081227,133.687,911.024,87.012,137.617,1132.102,32.08,0.076859,135.411,994.485,0.9773,0.9874,0.9247
chartqa,1344,chartqa_val_80,85.249,126.146,749.625,32.815,0.113722,123.855,623.478,87.424,129.017,722.375,31.229,0.121023,125.968,593.357,0.9751,0.9777,1.0377
chartqa,1344,chartqa_val_81,85.383,126.139,2199.968,32.918,0.038811,123.897,2073.828,87.111,137.5,2069.661,30.669,0.04209,135.13,1932.16,0.9802,0.9174,1.063
chartqa,1344,chartqa_val_82,85.19,125.821,561.883,33.543,0.151615,123.619,436.063,86.97,127.885,503.443,28.889,0.17275,125.562,375.558,0.9795,0.9839,1.1161
chartqa,1344,chartqa_val_83,85.178,125.719,2111.395,31.519,0.040342,123.546,1985.676,86.998,128.188,2012.556,29.911,0.043228,125.508,1884.367,0.9791,0.9807,1.0491
chartqa,1344,chartqa_val_84,85.202,125.941,886.012,33.047,0.096164,123.704,760.071,86.974,127.482,864.025,32.024,0.100661,125.293,736.543,0.9796,0.9879,1.0254
chartqa,1344,chartqa_val_85,86.457,134.758,2107.571,31.314,0.041022,132.451,1972.813,87.383,128.727,1906.169,28.213,0.045842,126.449,1777.442,0.9894,1.0469,1.1057
chartqa,1344,chartqa_val_86,85.387,133.767,1015.162,31.478,0.084112,131.503,881.396,86.94,127.616,964.268,29.88,0.090162,125.405,836.652,0.9821,1.0482,1.0528
chartqa,1344,chartqa_val_87,85.362,127.375,2169.88,32.421,0.039339,125.051,2042.506,87.686,165.577,1422.572,33.079,0.061639,161.439,1256.994,0.9735,0.7693,1.5253
chartqa,1344,chartqa_val_88,85.484,131.868,1782.292,30.563,0.047963,129.638,1650.424,86.864,127.328,1837.67,31.673,0.047268,125.22,1710.342,0.9841,1.0357,0.9699
chartqa,1344,chartqa_val_89,87.265,130.166,2107.586,31.388,0.041405,127.103,1977.42,87.057,134.162,2054.49,30.481,0.042374,131.977,1920.327,1.0024,0.9702,1.0258
chartqa,1344,chartqa_val_9,85.367,126.252,2001.652,29.768,0.042648,123.659,1875.4,86.977,128.301,2137.65,31.894,0.040688,125.632,2009.349,0.9815,0.984,0.9364
chartqa,1344,chartqa_val_90,90.255,134.33,1331.204,29.922,0.067799,130.015,1196.874,86.871,127.418,1437.849,32.761,0.060418,125.155,1310.431,1.039,1.0542,0.9258
chartqa,1344,chartqa_val_91,86.583,133.665,2031.244,30.606,0.042626,130.369,1897.579,86.985,128.219,2050.167,30.999,0.042428,125.592,1921.948,0.9954,1.0425,0.9908
chartqa,1344,chartqa_val_92,85.159,125.838,495.61,28.444,0.171826,123.589,369.772,86.999,127.616,653.109,32.843,0.133208,125.395,525.493,0.9789,0.9861,0.7588
chartqa,1344,chartqa_val_93,93.542,137.1,1395.582,29.267,0.067028,134.04,1258.483,86.854,127.433,1506.338,32.068,0.057659,125.272,1378.904,1.077,1.0759,0.9265
chartqa,1344,chartqa_val_94,85.065,125.512,2045.731,31.479,0.041582,123.345,1920.219,87.35,128.103,1923.87,29.439,0.045403,125.854,1795.767,0.9738,0.9798,1.0633
chartqa,1344,chartqa_val_95,86.055,128.108,2115.296,31.543,0.040682,125.138,1987.188,88.437,142.113,2155.499,31.959,0.041029,139.839,2013.386,0.9731,0.9015,0.9813
chartqa,1344,chartqa_val_96,85.346,126.565,1148.764,30.976,0.074294,124.172,1022.198,87.022,127.946,1194.98,32.334,0.072823,125.662,1067.034,0.9807,0.9892,0.9613
chartqa,1344,chartqa_val_97,85.288,126.018,2017.969,30.031,0.042264,123.779,1891.951,86.963,136.41,2090.4,31.016,0.041601,134.012,1953.99,0.9807,0.9238,0.9654
chartqa,1344,chartqa_val_98,85.376,132.402,1937.172,31.117,0.044073,129.958,1804.77,87.024,127.906,1829.758,29.342,0.04756,125.559,1701.853,0.9811,1.0352,1.0587
chartqa,1344,chartqa_val_99,84.942,125.371,1993.753,29.657,0.042604,123.188,1868.382,86.872,127.568,2071.553,30.857,0.041936,125.255,1943.985,0.9778,0.9828,0.9624
chartqa,1792,chartqa_val_0,155.577,225.773,709.794,30.251,0.219186,223.328,484.02,156.262,225.423,699.95,29.658,0.223247,222.847,474.527,0.9956,1.0016,1.0141
chartqa,1792,chartqa_val_1,156.021,225.376,2229.354,31.809,0.069985,222.845,2003.979,156.057,224.646,1963.469,27.6,0.07948,222.342,1738.822,0.9998,1.0032,1.1354
chartqa,1792,chartqa_val_10,155.538,225.725,2010.738,28.334,0.077354,223.384,1785.013,156.123,226.354,2039.164,28.775,0.076562,224.043,1812.81,0.9963,0.9972,0.9861
chartqa,1792,chartqa_val_100,154.579,223.249,1802.675,29.249,0.08575,220.873,1579.427,156.067,224.826,1772.231,28.656,0.088063,222.367,1547.406,0.9905,0.993,1.0172
chartqa,1792,chartqa_val_101,155.322,224.288,2067.077,29.251,0.075141,221.945,1842.789,155.965,226.488,2053.507,29.0,0.075951,224.098,1827.018,0.9959,0.9903,1.0066
chartqa,1792,chartqa_val_102,155.447,224.29,396.703,28.735,0.391849,221.816,172.412,156.078,224.7,515.4,32.3,0.30283,222.261,290.7,0.996,0.9982,0.7697
chartqa,1792,chartqa_val_103,155.651,224.263,2049.723,28.976,0.075938,221.869,1825.46,155.954,224.384,2064.936,29.215,0.075525,222.08,1840.553,0.9981,0.9995,0.9926
chartqa,1792,chartqa_val_104,160.428,229.389,549.941,32.055,0.291718,226.829,320.552,155.94,224.302,497.562,27.326,0.313407,222.006,273.26,1.0288,1.0227,1.1053
chartqa,1792,chartqa_val_105,159.415,228.192,2029.598,28.594,0.078545,225.92,1801.406,156.038,236.483,2030.962,28.484,0.07683,234.26,1794.478,1.0216,0.9649,0.9993
chartqa,1792,chartqa_val_106,154.597,223.242,962.59,27.383,0.160605,220.967,739.348,156.034,224.506,998.785,28.677,0.156224,222.127,774.279,0.9908,0.9944,0.9638
chartqa,1792,chartqa_val_107,154.333,222.689,1982.747,27.937,0.077838,220.491,1760.058,156.056,225.246,2120.212,30.079,0.073604,222.531,1894.966,0.989,0.9886,0.9352
chartqa,1792,chartqa_val_108,156.126,224.791,562.479,28.141,0.277568,222.496,337.688,156.295,226.001,561.216,27.935,0.278494,222.862,335.215,0.9989,0.9946,1.0023
chartqa,1792,chartqa_val_109,157.659,227.02,1605.841,30.64,0.098178,224.327,1378.821,156.096,225.972,1530.726,28.995,0.101975,223.512,1304.753,1.01,1.0046,1.0491
chartqa,1792,chartqa_val_11,157.316,227.206,1946.14,27.285,0.080835,224.984,1718.934,156.624,234.33,2053.184,28.871,0.076284,231.824,1818.855,1.0044,0.9696,0.9479
chartqa,1792,chartqa_val_110,154.887,223.566,725.552,27.888,0.213475,221.118,501.986,156.237,226.254,756.727,29.471,0.206465,223.733,530.473,0.9914,0.9881,0.9588
chartqa,1792,chartqa_val_111,155.332,224.186,1996.415,28.131,0.077805,221.832,1772.23,156.014,224.489,2019.375,28.49,0.077259,222.122,1794.885,0.9956,0.9987,0.9886
chartqa,1792,chartqa_val_112,157.67,226.269,588.293,27.848,0.268012,223.954,362.024,156.025,224.491,623.101,30.662,0.250401,222.084,398.61,1.0105,1.0079,0.9441
chartqa,1792,chartqa_val_113,155.813,224.506,2013.818,28.402,0.077372,222.094,1789.312,156.027,224.854,2102.112,29.798,0.074224,222.173,1877.258,0.9986,0.9985,0.958
chartqa,1792,chartqa_val_114,157.657,226.083,593.219,30.595,0.265765,223.721,367.135,156.111,225.042,598.101,31.088,0.26101,222.63,373.058,1.0099,1.0046,0.9918
chartqa,1792,chartqa_val_115,154.553,222.92,1999.21,28.195,0.077307,220.659,1776.29,156.047,225.425,2168.906,30.849,0.071948,223.081,1943.48,0.9904,0.9889,0.9218
chartqa,1792,chartqa_val_116,156.797,225.438,394.039,28.1,0.397922,223.077,168.601,156.14,224.758,404.633,29.979,0.385879,222.404,179.876,1.0042,1.003,0.9738
chartqa,1792,chartqa_val_117,155.689,224.542,1318.408,28.786,0.118088,222.115,1093.866,155.959,224.537,1349.677,29.609,0.115553,222.256,1125.14,0.9983,1.0,0.9768
chartqa,1792,chartqa_val_118,157.982,230.813,1099.686,27.152,0.143661,228.347,868.873,156.31,225.888,1107.019,27.535,0.141199,222.998,881.131,1.0107,1.0218,0.9934
chartqa,1792,chartqa_val_119,157.921,226.879,2008.879,28.286,0.078612,224.049,1782.0,156.094,224.623,1967.911,27.671,0.079319,222.345,1743.288,1.0117,1.01,1.0208
chartqa,1792,chartqa_val_12,156.866,225.696,855.099,27.365,0.183448,223.293,629.403,156.042,226.038,894.751,29.074,0.174397,223.786,668.713,1.0053,0.9985,0.9557
chartqa,1792,chartqa_val_120,156.049,224.546,1242.555,27.514,0.125587,222.246,1018.009,156.172,224.96,1317.268,29.522,0.118558,222.303,1092.308,0.9992,0.9982,0.9433
chartqa,1792,chartqa_val_121,157.96,226.614,2063.266,29.153,0.076558,224.355,1836.652,156.55,227.015,870.034,29.228,0.179936,223.01,643.019,1.009,0.9982,2.3715
chartqa,1792,chartqa_val_122,155.558,224.262,955.91,28.14,0.162733,221.896,731.649,156.123,225.408,956.591,28.122,0.163208,222.578,731.183,0.9964,0.9949,0.9993
chartqa,1792,chartqa_val_123,156.731,227.076,2035.621,28.707,0.076994,224.758,1808.545,156.095,226.872,2054.821,29.015,0.075965,224.235,1827.949,1.0041,1.0009,0.9907
chartqa,1792,chartqa_val_124,155.192,225.35,1009.182,29.031,0.15378,222.893,783.832,156.093,227.118,972.226,27.597,0.160552,224.189,745.108,0.9942,0.9922,1.038
chartqa,1792,chartqa_val_125,155.002,224.232,2043.488,28.877,0.075852,221.584,1819.256,156.543,226.159,1968.43,27.655,0.079527,222.845,1742.271,0.9902,0.9915,1.0381
chartqa,1792,chartqa_val_126,159.018,227.536,824.272,29.837,0.192919,225.23,596.736,155.859,224.15,817.532,29.669,0.190646,221.806,593.382,1.0203,1.0151,1.0082
chartqa,1792,chartqa_val_127,156.258,225.052,1216.932,28.339,0.128403,222.812,991.88,155.886,224.527,1224.982,28.584,0.127256,222.216,1000.455,1.0024,1.0023,0.9934
chartqa,1792,chartqa_val_128,155.483,224.04,738.423,27.073,0.21056,221.798,514.383,156.014,224.472,1584.906,27.764,0.098437,222.183,1360.434,0.9966,0.9981,0.4659
chartqa,1792,chartqa_val_129,156.969,225.253,1337.254,30.054,0.117382,223.041,1112.001,155.99,225.254,1317.984,28.756,0.118355,222.919,1092.73,1.0063,1.0,1.0146
chartqa,1792,chartqa_val_13,160.254,230.522,2016.795,28.354,0.07946,226.708,1786.273,155.865,223.978,2000.412,28.197,0.077916,221.78,1776.434,1.0282,1.0292,1.0082
chartqa,1792,chartqa_val_130,154.753,223.199,1213.024,29.113,0.127576,220.904,989.825,156.005,224.406,1971.177,28.174,0.079143,222.065,1746.771,0.992,0.9946,0.6154
chartqa,1792,chartqa_val_131,156.68,225.351,2030.705,28.656,0.077155,223.047,1805.354,156.055,224.59,2004.043,28.245,0.07787,222.244,1779.453,1.004,1.0034,1.0133
chartqa,1792,chartqa_val_132,155.079,223.787,2003.664,28.708,0.077398,221.45,1779.877,156.017,224.443,1903.217,27.077,0.081976,221.946,1678.774,0.994,0.9971,1.0528
chartqa,1792,chartqa_val_133,155.225,223.677,2006.558,28.3,0.077359,221.365,1782.881,155.98,226.699,1928.155,27.007,0.080896,224.309,1701.456,0.9952,0.9867,1.0407
chartqa,1792,chartqa_val_134,156.159,224.872,982.722,28.069,0.158905,222.549,757.85,155.924,225.751,1001.089,28.716,0.155754,223.35,775.338,1.0015,0.9961,0.9817
chartqa,1792,chartqa_val_135,156.427,225.423,1982.317,27.887,0.078911,222.886,1756.893,155.884,224.759,1990.514,28.028,0.078314,222.383,1765.755,1.0035,1.003,0.9959
chartqa,1792,chartqa_val_136,157.961,226.759,808.389,27.697,0.195403,224.222,581.63,156.063,224.551,864.118,30.456,0.180604,222.197,639.567,1.0122,1.0098,0.9355
chartqa,1792,chartqa_val_137,161.22,231.11,918.526,27.497,0.17552,228.803,687.416,156.218,226.844,975.078,29.929,0.160211,224.354,748.234,1.032,1.0188,0.942
chartqa,1792,chartqa_val_138,158.137,226.949,977.079,27.783,0.161846,224.431,750.13,156.002,224.345,966.173,27.475,0.161464,221.971,741.828,1.0137,1.0116,1.0113
chartqa,1792,chartqa_val_139,154.857,223.598,979.025,26.049,0.158174,221.201,755.427,156.065,229.468,1102.552,30.106,0.141549,227.098,873.085,0.9923,0.9744,0.888
chartqa,1792,chartqa_val_14,169.244,239.212,1216.244,29.607,0.139153,236.013,977.032,156.146,224.78,1184.415,29.08,0.131834,222.394,959.635,1.0839,1.0642,1.0269
chartqa,1792,chartqa_val_140,155.972,224.683,1045.566,29.317,0.149174,222.472,820.883,155.988,224.819,1027.116,28.653,0.15187,222.469,802.296,0.9999,0.9994,1.018
chartqa,1792,chartqa_val_141,155.135,223.799,2071.751,29.333,0.074881,221.462,1847.952,155.971,224.401,2037.01,28.772,0.076569,222.076,1812.61,0.9946,0.9973,1.0171
chartqa,1792,chartqa_val_142,154.646,223.658,1227.799,28.69,0.125954,221.059,1004.141,155.933,225.229,1221.541,28.466,0.127653,222.901,996.311,0.9917,0.993,1.0051
chartqa,1792,chartqa_val_143,156.59,226.477,2044.573,28.859,0.076588,223.684,1818.097,155.989,224.612,1993.406,28.076,0.078252,222.309,1768.795,1.0039,1.0083,1.0257
chartqa,1792,chartqa_val_144,155.789,224.633,978.385,28.99,0.159231,222.159,753.753,155.942,224.522,993.036,29.558,0.157036,222.253,768.513,0.999,1.0005,0.9852
chartqa,1792,chartqa_val_145,155.507,224.089,1562.446,27.882,0.099528,221.603,1338.358,156.384,226.127,1621.409,29.068,0.096449,222.714,1395.282,0.9944,0.991,0.9636
chartqa,1792,chartqa_val_146,158.301,227.358,2104.853,29.801,0.075207,224.901,1877.494,155.965,224.699,2053.31,29.026,0.075958,222.151,1828.611,1.015,1.0118,1.0251
chartqa,1792,chartqa_val_147,155.312,224.182,1982.375,27.908,0.078347,221.855,1758.193,156.006,225.079,2058.851,29.107,0.075773,222.699,1833.771,0.9956,0.996,0.9629
chartqa,1792,chartqa_val_148,154.412,223.176,1057.652,28.775,0.145995,220.813,834.476,155.9,224.367,1014.495,28.219,0.153672,222.119,790.129,0.9905,0.9947,1.0425
chartqa,1792,chartqa_val_149,156.724,225.116,1999.361,28.163,0.078387,222.87,1774.245,155.881,224.168,2042.422,28.861,0.076321,221.927,1818.254,1.0054,1.0042,0.9789
chartqa,1792,chartqa_val_15,156.947,225.596,1972.569,27.73,0.079565,223.289,1746.973,156.181,224.989,2105.278,29.846,0.074185,222.616,1880.289,1.0049,1.0027,0.937
chartqa,1792,chartqa_val_150,154.811,223.923,851.184,29.87,0.181877,221.159,627.261,156.067,224.616,825.425,28.61,0.189075,222.087,600.809,0.992,0.9969,1.0312
chartqa,1792,chartqa_val_151,155.378,223.92,2103.993,29.842,0.073849,221.624,1880.073,156.053,225.149,2003.193,28.223,0.077902,222.466,1778.044,0.9957,0.9945,1.0503
chartqa,1792,chartqa_val_152,156.495,225.546,474.027,27.609,0.33014,222.751,248.481,156.194,225.278,494.31,29.892,0.315985,222.785,269.032,1.0019,1.0012,0.959
chartqa,1792,chartqa_val_153,156.123,225.697,522.237,29.654,0.298951,223.133,296.54,155.926,224.114,502.095,27.798,0.310551,221.863,277.981,1.0013,1.0071,1.0401
chartqa,1792,chartqa_val_154,158.847,228.121,1024.855,30.644,0.154994,225.527,796.733,155.939,225.009,1531.173,29.686,0.101843,222.331,1306.165,1.0186,1.0138,0.6693
chartqa,1792,chartqa_val_155,155.796,224.774,620.444,28.262,0.251104,222.262,395.67,156.012,224.558,725.258,31.294,0.215113,222.265,500.7,0.9986,1.001,0.8555
chartqa,1792,chartqa_val_156,157.165,225.987,1135.249,29.331,0.138441,223.521,909.262,156.247,224.853,816.486,28.173,0.191366,222.551,591.633,1.0059,1.005,1.3904
chartqa,1792,chartqa_val_157,155.103,223.693,2078.689,29.444,0.074616,221.372,1854.995,156.041,224.642,1980.299,27.868,0.078797,222.283,1755.658,0.994,0.9958,1.0497
chartqa,1792,chartqa_val_158,155.025,223.443,1167.175,28.598,0.132821,221.142,943.732,155.949,224.588,1144.806,28.757,0.136223,222.235,920.218,0.9941,0.9949,1.0195
chartqa,1792,chartqa_val_159,155.502,223.686,584.517,27.756,0.266035,221.463,360.831,156.423,401.375,840.404,27.439,0.186128,399.146,439.028,0.9941,0.5573,0.6955
chartqa,1792,chartqa_val_16,157.789,226.376,1179.054,29.771,0.133827,224.185,952.678,156.307,225.968,1203.7,30.554,0.129855,223.099,977.732,1.0095,1.0018,0.9795
chartqa,1792,chartqa_val_160,155.138,224.392,895.615,27.968,0.17322,221.689,671.223,155.873,224.127,907.12,28.458,0.171833,221.861,682.994,0.9953,1.0012,0.9873
chartqa,1792,chartqa_val_161,157.071,226.211,2043.827,28.851,0.076851,223.796,1817.616,156.27,226.106,2105.683,29.835,0.074214,223.019,1879.577,1.0051,1.0005,0.9706
chartqa,1792,chartqa_val_162,155.972,224.892,1946.798,29.185,0.080117,222.241,1721.905,155.856,223.963,1902.212,28.445,0.081934,221.665,1678.249,1.0007,1.0041,1.0234
chartqa,1792,chartqa_val_163,155.598,224.275,2035.863,28.755,0.076428,221.827,1811.588,156.062,224.413,2028.281,28.633,0.076943,222.117,1803.868,0.997,0.9994,1.0037
chartqa,1792,chartqa_val_164,154.288,222.544,1530.468,27.828,0.100811,220.277,1307.923,156.524,226.018,1700.249,31.367,0.092059,222.615,1474.231,0.9857,0.9846,0.9001
chartqa,1792,chartqa_val_165,157.173,226.224,1337.42,30.867,0.117519,223.784,1111.196,156.08,225.473,1527.877,28.942,0.102155,222.421,1302.404,1.007,1.0033,0.8753
chartqa,1792,chartqa_val_166,156.142,224.458,1002.636,26.834,0.155732,222.271,778.179,155.979,226.314,1053.937,28.539,0.147996,223.82,827.623,1.001,0.9918,0.9513
chartqa,1792,chartqa_val_167,154.666,225.627,1610.699,28.856,0.096024,222.966,1385.072,156.035,227.506,1788.055,29.444,0.087265,224.614,1560.548,0.9912,0.9917,0.9008
chartqa,1792,chartqa_val_168,163.003,233.091,505.396,27.231,0.322525,229.211,272.305,156.557,226.81,519.231,29.242,0.301516,222.704,292.421,1.0412,1.0277,0.9734
chartqa,1792,chartqa_val_169,155.783,224.26,1302.359,28.371,0.119616,222.15,1078.099,156.095,225.681,1756.785,28.889,0.088853,223.482,1531.105,0.998,0.9937,0.7413
chartqa,1792,chartqa_val_17,156.483,229.642,1979.925,27.782,0.079035,227.382,1750.282,156.082,228.803,2026.654,28.537,0.077015,226.381,1797.851,1.0026,1.0037,0.9769
chartqa,1792,chartqa_val_170,157.626,226.362,2063.253,29.157,0.076397,223.967,1836.891,155.907,224.299,2063.082,29.187,0.07557,221.988,1838.783,1.011,1.0092,1.0001
chartqa,1792,chartqa_val_171,155.059,223.859,1988.842,28.016,0.077964,221.41,1764.983,155.92,224.795,2063.531,29.186,0.07556,222.388,1838.737,0.9945,0.9958,0.9638
chartqa,1792,chartqa_val_172,160.327,229.273,1947.95,29.632,0.082305,226.785,1718.676,156.196,225.169,1910.768,29.062,0.081745,222.423,1685.599,1.0264,1.0182,1.0195
chartqa,1792,chartqa_val_173,158.988,229.928,2148.939,30.46,0.073985,227.525,1919.011,155.988,226.158,2089.395,29.575,0.074657,223.758,1863.237,1.0192,1.0167,1.0285
chartqa,1792,chartqa_val_174,156.715,225.758,1122.138,28.012,0.139657,223.239,896.38,156.063,224.432,1108.853,27.638,0.140743,222.047,884.422,1.0042,1.0059,1.012
chartqa,1792,chartqa_val_175,157.158,225.913,2069.152,29.258,0.075953,223.646,1843.24,156.061,224.571,2050.186,28.978,0.07612,222.291,1825.614,1.007,1.006,1.0093
chartqa,1792,chartqa_val_176,155.889,224.658,2012.771,28.383,0.07745,222.161,1788.113,156.022,224.602,2031.383,28.679,0.076806,222.196,1806.781,0.9991,1.0002,0.9908
chartqa,1792,chartqa_val_177,159.096,227.833,2076.766,29.348,0.076607,225.468,1848.933,156.093,224.777,2078.467,29.424,0.0751,222.386,1853.69,1.0192,1.0136,0.9992
chartqa,1792,chartqa_val_178,158.102,228.235,2027.207,28.555,0.07799,225.357,1798.972,156.07,225.192,2045.095,28.887,0.076314,222.373,1819.903,1.013,1.0135,0.9913
chartqa,1792,chartqa_val_179,154.915,223.372,1126.732,28.23,0.13749,221.021,903.359,156.051,225.285,1161.295,29.25,0.134376,222.329,936.011,0.9927,0.9915,0.9702
chartqa,1792,chartqa_val_18,159.347,230.053,578.476,26.802,0.275459,227.692,348.422,155.991,227.621,623.665,30.465,0.250121,225.401,396.044,1.0215,1.0107,0.9275
chartqa,1792,chartqa_val_180,154.877,224.0,739.071,30.298,0.209557,221.393,515.071,156.063,225.081,763.322,31.661,0.204453,222.685,538.241,0.9924,0.9952,0.9682
chartqa,1792,chartqa_val_181,155.261,223.709,2017.995,28.481,0.076938,221.513,1794.287,155.96,224.325,1950.078,27.393,0.079976,222.029,1725.753,0.9955,0.9973,1.0348
chartqa,1792,chartqa_val_182,157.739,228.145,2022.57,28.483,0.077989,225.893,1794.425,155.945,226.4,2023.039,28.518,0.077084,224.037,1796.639,1.0115,1.0077,0.9998
chartqa,1792,chartqa_val_183,154.467,223.169,2027.514,28.64,0.076186,220.795,1804.345,156.031,224.743,1984.757,27.937,0.078615,222.327,1760.014,0.99,0.993,1.0215
chartqa,1792,chartqa_val_184,154.762,223.473,750.987,27.764,0.206079,221.189,527.514,155.965,224.453,759.613,28.166,0.205322,222.111,535.16,0.9923,0.9956,0.9886
chartqa,1792,chartqa_val_185,156.239,224.983,253.905,28.922,0.615344,222.824,28.922,155.879,224.499,253.51,29.011,0.614883,222.191,29.011,1.0023,1.0022,1.0016
chartqa,1792,chartqa_val_186,156.565,225.304,2032.254,28.682,0.07704,222.901,1806.95,155.875,223.969,1116.734,28.799,0.139581,221.797,892.765,1.0044,1.006,1.8198
chartqa,1792,chartqa_val_187,154.614,223.135,2143.661,30.485,0.072126,220.815,1920.527,156.105,225.43,1961.786,27.561,0.079573,223.154,1736.356,0.9904,0.9898,1.0927
chartqa,1792,chartqa_val_188,155.09,223.611,1112.543,27.779,0.139401,221.351,888.932,156.028,224.639,1182.516,29.934,0.131946,222.314,957.878,0.994,0.9954,0.9408
chartqa,1792,chartqa_val_189,156.074,227.084,1750.215,29.291,0.089174,224.258,1523.131,156.127,225.577,1798.289,30.244,0.08682,222.677,1572.711,0.9997,1.0067,0.9733
chartqa,1792,chartqa_val_19,154.345,222.837,1608.174,28.861,0.095975,220.526,1385.337,156.075,224.41,1604.769,28.757,0.097257,222.196,1380.36,0.9889,0.993,1.0021
chartqa,1792,chartqa_val_190,155.876,225.071,1737.999,29.665,0.089687,222.543,1512.928,156.121,224.987,1829.758,31.466,0.085323,222.537,1604.771,0.9984,1.0004,0.9499
chartqa,1792,chartqa_val_191,157.037,225.624,694.627,27.588,0.226073,223.264,469.003,155.927,224.518,717.652,29.008,0.217273,222.243,493.135,1.0071,1.0049,0.9679
chartqa,1792,chartqa_val_192,155.048,224.07,2012.421,28.387,0.077045,221.503,1788.351,155.938,224.762,2112.979,29.972,0.0738,222.454,1888.216,0.9943,0.9969,0.9524
chartqa,1792,chartqa_val_193,160.348,232.301,290.12,28.91,0.552696,228.45,57.819,156.053,226.238,283.802,28.782,0.549866,223.887,57.563,1.0275,1.0268,1.0223
chartqa,1792,chartqa_val_194,154.885,223.115,1103.571,30.361,0.140349,220.937,880.456,156.584,225.471,1962.032,27.564,0.079807,222.837,1736.562,0.9891,0.9896,0.5625
chartqa,1792,chartqa_val_195,155.501,224.496,282.616,29.06,0.550218,221.963,58.12,156.035,224.817,281.919,28.551,0.553475,222.258,57.102,0.9966,0.9986,1.0025
chartqa,1792,chartqa_val_196,180.98,249.88,752.848,27.943,0.240394,247.357,502.968,156.447,225.393,759.557,29.676,0.205972,223.165,534.164,1.1568,1.1086,0.9912
chartqa,1792,chartqa_val_197,154.926,224.36,2116.787,30.039,0.073189,221.556,1892.428,156.119,224.904,2098.492,29.739,0.074396,222.267,1873.588,0.9924,0.9976,1.0087
chartqa,1792,chartqa_val_198,156.026,224.998,680.493,28.468,0.229284,222.518,455.495,156.116,224.721,692.185,29.216,0.225541,222.241,467.464,0.9994,1.0012,0.9831
chartqa,1792,chartqa_val_199,157.469,226.513,1841.347,29.361,0.085518,224.229,1614.834,155.825,224.522,2170.952,30.896,0.071777,222.247,1946.43,1.0106,1.0089,0.8482
chartqa,1792,chartqa_val_2,154.863,225.191,2057.001,29.076,0.075286,222.737,1831.81,155.889,225.937,2038.467,28.77,0.076474,223.645,1812.529,0.9934,0.9967,1.0091
chartqa,1792,chartqa_val_20,155.722,225.795,769.938,32.008,0.202253,222.364,544.143,156.582,225.0,689.344,27.314,0.227147,222.614,464.344,0.9945,1.0035,1.1169
chartqa,1792,chartqa_val_200,160.319,229.215,2170.411,30.813,0.073866,226.619,1941.196,155.973,224.679,2206.385,31.456,0.070692,222.278,1981.706,1.0279,1.0202,0.9837
chartqa,1792,chartqa_val_201,155.903,224.813,876.154,31.016,0.17794,222.305,651.341,156.05,224.848,1227.284,31.326,0.12715,222.259,1002.436,0.9991,0.9998,0.7139
chartqa,1792,chartqa_val_202,155.143,224.338,458.856,29.315,0.338107,221.716,234.518,157.608,226.497,451.753,28.157,0.34888,223.993,225.256,0.9844,0.9905,1.0157
chartqa,1792,chartqa_val_203,155.842,224.795,2027.81,28.619,0.076852,222.347,1803.014,156.096,224.797,2062.241,29.166,0.075692,222.442,1837.444,0.9984,1.0,0.9833
chartqa,1792,chartqa_val_204,157.703,226.719,1524.801,28.846,0.103425,224.06,1298.082,156.014,224.471,1603.594,30.647,0.09729,222.173,1379.123,1.0108,1.01,0.9509
chartqa,1792,chartqa_val_205,161.694,230.725,2060.028,29.037,0.078491,228.454,1829.302,156.521,226.193,1958.731,27.501,0.07991,222.754,1732.538,1.033,1.02,1.0517
chartqa,1792,chartqa_val_206,154.67,223.238,2061.001,29.171,0.075046,220.845,1837.764,156.596,227.005,2079.701,29.408,0.075297,223.171,1852.697,0.9877,0.9834,0.991
chartqa,1792,chartqa_val_207,155.782,224.385,1792.4,29.037,0.086913,222.122,1568.015,156.002,225.056,1903.175,31.076,0.081969,222.55,1678.118,0.9986,0.997,0.9418
chartqa,1792,chartqa_val_208,158.778,227.58,423.052,27.925,0.375316,225.136,195.472,156.148,226.61,444.917,31.187,0.350961,224.243,218.307,1.0168,1.0043,0.9509
chartqa,1792,chartqa_val_209,154.883,223.222,418.569,27.907,0.370029,220.981,195.348,155.969,224.507,441.496,30.999,0.353274,222.187,216.99,0.993,0.9943,0.9481
chartqa,1792,chartqa_val_21,155.212,225.55,1985.361,27.934,0.078178,223.103,1759.811,155.938,225.917,2006.474,28.263,0.077717,223.794,1780.558,0.9953,0.9984,0.9895
chartqa,1792,chartqa_val_210,154.892,223.079,1442.497,29.742,0.107378,220.937,1219.418,156.004,224.648,1457.835,30.078,0.107011,222.378,1233.187,0.9929,0.993,0.9895
chartqa,1792,chartqa_val_211,155.1,223.788,1532.561,29.084,0.101203,221.395,1308.773,155.945,225.652,591.227,30.465,0.263765,223.247,365.575,0.9946,0.9917,2.5922
chartqa,1792,chartqa_val_212,155.419,224.308,543.913,29.055,0.285743,222.01,319.605,156.087,224.92,597.893,33.907,0.261062,222.466,372.973,0.9957,0.9973,0.9097
chartqa,1792,chartqa_val_213,154.448,223.124,1383.812,30.544,0.111611,220.904,1160.688,156.112,226.753,1354.396,29.675,0.115263,224.058,1127.644,0.9893,0.984,1.0217
chartqa,1792,chartqa_val_214,155.063,223.775,565.06,28.44,0.274419,221.381,341.284,155.865,224.115,558.389,27.856,0.279133,221.795,334.274,0.9949,0.9985,1.0119
chartqa,1792,chartqa_val_215,155.393,224.272,1985.231,27.952,0.078274,221.597,1760.96,155.789,225.215,2004.611,28.244,0.077715,222.955,1779.396,0.9975,0.9958,0.9903
chartqa,1792,chartqa_val_216,156.623,226.553,397.275,28.454,0.394244,223.007,170.722,156.158,224.915,439.852,35.823,0.355024,222.435,214.937,1.003,1.0073,0.9032
chartqa,1792,chartqa_val_217,157.979,228.051,1736.165,29.571,0.090993,224.521,1508.114,155.748,224.099,1707.609,29.088,0.091208,221.762,1483.509,1.0143,1.0176,1.0167
chartqa,1792,chartqa_val_218,155.423,224.163,433.993,34.972,0.358123,221.765,209.829,155.793,225.156,421.782,32.771,0.369367,222.655,196.627,0.9976,0.9956,1.029
chartqa,1792,chartqa_val_219,155.392,224.077,2065.683,29.232,0.075226,221.778,1841.606,156.157,225.199,2144.617,30.467,0.072813,222.74,1919.418,0.9951,0.995,0.9632
chartqa,1792,chartqa_val_22,162.041,230.437,1292.664,27.237,0.125354,228.195,1062.227,156.069,224.714,1388.508,29.841,0.112401,222.339,1163.794,1.0383,1.0255,0.931
chartqa,1792,chartqa_val_220,155.779,224.755,2130.094,30.243,0.073132,222.112,1905.339,156.187,224.555,2035.243,28.741,0.076741,222.162,1810.688,0.9974,1.0009,1.0466
chartqa,1792,chartqa_val_221,155.031,224.128,1906.585,28.516,0.081313,221.371,1682.457,156.004,224.44,1946.092,29.181,0.080163,222.047,1721.652,0.9938,0.9986,0.9797
chartqa,1792,chartqa_val_222,158.036,227.274,1977.569,27.782,0.079914,224.397,1750.295,156.615,227.007,2041.936,28.808,0.076699,224.178,1814.93,1.0091,1.0012,0.9685
chartqa,1792,chartqa_val_223,186.441,256.585,709.971,28.337,0.262603,252.931,453.387,156.707,226.918,660.256,27.084,0.237342,222.905,433.339,1.1897,1.1307,1.0753
chartqa,1792,chartqa_val_224,159.349,228.046,482.189,28.238,0.330471,225.758,254.143,156.021,224.941,475.958,27.891,0.327803,222.383,251.017,1.0213,1.0138,1.0131
chartqa,1792,chartqa_val_225,155.103,223.5,764.693,30.066,0.202831,221.322,541.192,156.07,224.648,756.165,29.529,0.206396,222.175,531.517,0.9938,0.9949,1.0113
chartqa,1792,chartqa_val_226,154.453,222.852,1390.767,29.947,0.111056,220.574,1167.915,155.833,224.349,1326.34,28.256,0.117491,222.04,1101.991,0.9911,0.9933,1.0486
chartqa,1792,chartqa_val_227,154.988,223.584,2071.497,29.332,0.074819,221.269,1847.913,156.01,224.438,2075.212,29.377,0.075178,222.13,1850.774,0.9934,0.9962,0.9982
chartqa,1792,chartqa_val_228,154.395,223.281,446.8,31.931,0.345556,220.876,223.519,155.925,224.453,461.918,33.924,0.33756,222.136,237.466,0.9902,0.9948,0.9673
chartqa,1792,chartqa_val_229,155.204,224.393,2047.071,29.88,0.075818,221.755,1822.678,156.041,224.93,860.575,30.269,0.181322,222.322,635.646,0.9946,0.9976,2.3787
chartqa,1792,chartqa_val_23,155.94,224.516,2118.073,30.056,0.073624,222.328,1893.557,156.012,224.481,2043.136,28.868,0.076359,222.168,1818.656,0.9995,1.0002,1.0367
chartqa,1792,chartqa_val_230,155.435,224.595,2094.543,29.682,0.074209,222.034,1869.948,156.148,224.502,2049.726,28.972,0.07618,222.136,1825.224,0.9954,1.0004,1.0219
chartqa,1792,chartqa_val_231,155.886,226.503,790.554,28.203,0.197186,223.844,564.051,156.071,224.743,797.564,28.641,0.195685,222.301,572.821,0.9988,1.0078,0.9912
chartqa,1792,chartqa_val_232,157.221,225.834,1327.22,29.767,0.118459,223.605,1101.386,156.014,224.47,1326.448,29.783,0.117618,222.208,1101.977,1.0077,1.0061,1.0006
chartqa,1792,chartqa_val_233,154.811,223.893,2104.298,29.848,0.073569,221.46,1880.405,155.929,224.375,2072.794,29.34,0.075226,222.11,1848.419,0.9928,0.9979,1.0152
chartqa,1792,chartqa_val_234,159.172,227.762,2187.675,31.11,0.072759,225.396,1959.914,156.041,224.665,2032.467,28.695,0.076774,222.153,1807.802,1.0201,1.0138,1.0764
chartqa,1792,chartqa_val_235,157.046,227.851,1606.144,28.128,0.097778,225.393,1378.293,156.451,225.696,1709.034,30.272,0.091543,222.658,1483.337,1.0038,1.0095,0.9398
chartqa,1792,chartqa_val_236,155.587,224.663,453.347,28.585,0.343196,222.039,228.683,156.101,225.004,465.761,30.095,0.335151,222.627,240.757,0.9967,0.9985,0.9733
chartqa,1792,chartqa_val_237,155.532,224.093,921.506,30.322,0.16878,221.715,697.413,156.086,224.512,926.404,30.517,0.168486,222.209,701.892,0.9965,0.9981,0.9947
chartqa,1792,chartqa_val_238,156.614,227.423,967.723,27.419,0.161837,225.171,740.3,155.904,224.614,1092.68,32.151,0.142681,222.246,868.065,1.0046,1.0125,0.8856
chartqa,1792,chartqa_val_239,155.39,224.532,2072.647,29.335,0.074972,221.995,1848.115,155.871,224.312,2045.281,28.904,0.07621,222.065,1820.968,0.9969,1.001,1.0134
chartqa,1792,chartqa_val_24,155.296,224.643,934.901,28.41,0.16611,221.814,710.258,156.088,224.653,994.663,30.8,0.156925,222.269,770.01,0.9949,1.0,0.9399
chartqa,1792,chartqa_val_240,170.785,240.932,1968.579,28.794,0.086755,237.322,1727.646,156.188,225.052,1878.206,27.553,0.083158,222.374,1653.154,1.0935,1.0706,1.0481
chartqa,1792,chartqa_val_241,154.565,223.479,2026.755,28.623,0.076262,221.074,1803.276,155.808,224.362,2055.803,29.07,0.075789,222.04,1831.441,0.992,0.9961,0.9859
chartqa,1792,chartqa_val_242,157.191,227.919,957.391,27.017,0.164187,225.279,729.472,155.801,224.19,904.895,27.228,0.172175,221.927,680.705,1.0089,1.0166,1.058
chartqa,1792,chartqa_val_243,156.469,225.3,1930.558,27.068,0.081049,223.048,1705.257,155.943,224.479,1963.436,27.602,0.079424,222.146,1738.956,1.0034,1.0037,0.9833
chartqa,1792,chartqa_val_244,154.492,225.474,1953.395,27.427,0.079089,223.261,1727.921,155.718,224.032,1948.399,27.371,0.079921,221.785,1724.367,0.9921,1.0064,1.0026
chartqa,1792,chartqa_val_245,160.363,228.758,881.501,29.67,0.181921,226.408,652.743,155.875,224.102,851.175,28.503,0.183129,221.844,627.073,1.0288,1.0208,1.0356
chartqa,1792,chartqa_val_246,160.291,228.673,1418.32,27.037,0.113015,226.368,1189.646,156.019,224.353,1116.333,28.774,0.13976,222.054,891.98,1.0274,1.0193,1.2705
chartqa,1792,chartqa_val_247,157.132,225.829,2046.223,28.895,0.076791,223.514,1820.395,155.761,223.915,1959.157,27.544,0.079504,221.681,1735.242,1.0088,1.0085,1.0444
chartqa,1792,chartqa_val_248,156.256,225.327,1415.94,28.348,0.110355,222.733,1190.613,156.645,226.576,1439.894,28.889,0.108789,223.123,1213.318,0.9975,0.9945,0.9834
chartqa,1792,chartqa_val_249,154.561,223.35,2011.276,28.38,0.076847,221.08,1787.926,156.083,225.121,2079.241,29.43,0.075067,222.896,1854.12,0.9902,0.9921,0.9673
chartqa,1792,chartqa_val_25,158.775,227.667,1266.762,28.864,0.12534,225.485,1039.095,156.192,224.833,1328.072,30.646,0.117608,222.542,1103.239,1.0165,1.0126,0.9538
chartqa,1792,chartqa_val_250,157.04,226.148,698.505,29.522,0.224823,223.7,472.357,155.929,224.221,700.005,29.736,0.222754,222.004,475.784,1.0071,1.0086,0.9979
chartqa,1792,chartqa_val_251,155.237,224.631,2005.038,28.26,0.077424,222.406,1780.406,155.868,224.444,2000.864,28.197,0.0779,222.051,1776.42,0.996,1.0008,1.0021
chartqa,1792,chartqa_val_252,154.528,223.495,422.296,28.4,0.365922,220.926,198.8,156.097,225.008,428.594,29.084,0.364207,222.45,203.586,0.9899,0.9933,0.9853
chartqa,1792,chartqa_val_253,159.112,383.612,1041.799,27.424,0.152728,380.836,658.187,156.024,224.488,915.171,28.778,0.170486,222.129,690.683,1.0198,1.7088,1.1384
chartqa,1792,chartqa_val_254,158.11,231.346,1989.628,27.909,0.079467,224.25,1758.282,156.559,226.805,2031.276,28.642,0.077074,223.086,1804.471,1.0099,1.02,0.9795
chartqa,1792,chartqa_val_255,158.387,228.212,2066.924,29.186,0.076629,224.984,1838.712,155.949,224.377,1986.516,27.97,0.078504,222.057,1762.139,1.0156,1.0171,1.0405
chartqa,1792,chartqa_val_256,154.998,223.679,827.488,28.753,0.187311,221.14,603.809,156.059,224.374,797.955,27.313,0.195573,222.061,573.581,0.9932,0.9969,1.037
chartqa,1792,chartqa_val_257,157.173,226.776,2120.754,30.063,0.074112,223.813,1893.978,155.964,224.637,1971.867,27.734,0.079094,222.36,1747.23,1.0078,1.0095,1.0755
chartqa,1792,chartqa_val_258,155.783,224.802,670.102,31.807,0.232477,222.125,445.3,156.02,224.272,613.745,27.819,0.25421,221.998,389.473,0.9985,1.0024,1.0918
chartqa,1792,chartqa_val_259,159.277,228.23,2116.222,29.968,0.075265,225.527,1887.992,155.958,224.16,2015.509,28.434,0.077379,221.913,1791.348,1.0213,1.0182,1.05
chartqa,1792,chartqa_val_26,157.455,226.432,1183.543,29.91,0.133037,224.002,957.111,156.239,237.474,1095.313,26.807,0.142643,234.731,857.839,1.0078,0.9535,1.0806
chartqa,1792,chartqa_val_260,157.49,226.905,1502.88,28.999,0.104792,223.98,1275.975,156.18,224.652,1480.548,28.543,0.105488,222.337,1255.897,1.0084,1.01,1.0151
chartqa,1792,chartqa_val_261,163.498,234.181,2108.176,29.746,0.077554,231.481,1873.995,156.057,224.382,2025.646,28.591,0.077041,222.133,1801.264,1.0477,1.0437,1.0407
chartqa,1792,chartqa_val_262,155.598,225.235,2130.571,30.243,0.073031,222.328,1905.336,156.16,224.558,1984.108,27.929,0.078706,222.288,1759.55,0.9964,1.003,1.0738
chartqa,1792,chartqa_val_263,165.14,236.007,2091.237,29.448,0.078968,231.858,1855.23,155.987,224.315,2000.77,28.198,0.077963,221.963,1776.455,1.0587,1.0521,1.0452
chartqa,1792,chartqa_val_264,158.499,228.186,1463.89,30.139,0.108273,225.099,1235.704,156.055,224.464,1372.498,28.001,0.113702,222.155,1148.034,1.0157,1.0166,1.0666
chartqa,1792,chartqa_val_265,157.99,227.391,1212.861,28.156,0.130263,224.534,985.47,156.137,224.645,1203.202,27.959,0.129768,222.283,978.557,1.0119,1.0122,1.008
chartqa,1792,chartqa_val_266,155.5,224.085,1691.161,28.766,0.091949,221.611,1467.076,156.59,226.381,1689.407,28.687,0.09269,222.592,1463.026,0.993,0.9899,1.001
chartqa,1792,chartqa_val_267,157.357,226.055,2066.929,29.22,0.076131,223.558,1840.874,155.901,224.192,2015.607,28.435,0.077347,221.656,1791.414,1.0093,1.0083,1.0255
chartqa,1792,chartqa_val_268,154.9,223.672,759.359,28.194,0.203987,221.116,535.688,155.923,224.9,762.642,28.302,0.204451,222.594,537.742,0.9934,0.9945,0.9957
chartqa,1792,chartqa_val_269,156.614,225.174,2081.283,29.462,0.075249,222.889,1856.108,156.107,225.026,1989.628,28.01,0.07846,222.777,1764.603,1.0032,1.0007,1.0461
chartqa,1792,chartqa_val_27,157.233,231.94,1924.176,26.861,0.081714,229.612,1692.236,155.906,224.206,2070.802,29.311,0.075288,221.855,1846.595,1.0085,1.0345,0.9292
chartqa,1792,chartqa_val_270,155.269,224.754,818.219,31.235,0.189765,221.865,593.466,156.231,228.412,796.651,29.907,0.19611,225.521,568.239,0.9938,0.984,1.0271
chartqa,1792,chartqa_val_271,155.164,225.56,2035.57,28.73,0.076226,223.082,1810.01,156.146,226.215,2096.76,29.691,0.07447,223.829,1870.545,0.9937,0.9971,0.9708
chartqa,1792,chartqa_val_272,155.457,224.806,1297.216,28.221,0.119839,222.248,1072.41,155.821,224.259,1364.451,30.005,0.1142,221.823,1140.192,0.9977,1.0024,0.9507
chartqa,1792,chartqa_val_273,155.731,224.489,2048.965,28.96,0.076005,221.982,1824.476,155.76,224.857,2101.566,29.789,0.074116,222.525,1876.709,0.9998,0.9984,0.975
chartqa,1792,chartqa_val_274,154.916,223.687,1462.302,30.965,0.10594,221.305,1238.615,156.053,224.312,1411.391,29.677,0.110567,222.02,1187.079,0.9927,0.9972,1.0361
chartqa,1792,chartqa_val_275,155.662,224.766,2071.047,29.306,0.075161,222.282,1846.281,156.139,225.107,2104.732,29.835,0.074185,222.73,1879.625,0.9969,0.9985,0.984
chartqa,1792,chartqa_val_276,155.598,224.679,669.119,31.746,0.232541,222.103,444.441,156.161,224.723,671.885,31.94,0.232422,222.367,447.162,0.9964,0.9998,0.9959
chartqa,1792,chartqa_val_277,155.39,227.762,1056.561,29.6,0.147072,225.319,828.799,155.983,225.45,1028.662,28.686,0.151636,223.168,803.212,0.9962,1.0103,1.0271
chartqa,1792,chartqa_val_278,155.585,224.226,591.501,28.252,0.263034,221.699,367.275,155.974,225.721,600.755,28.849,0.259631,223.502,375.034,0.9975,0.9934,0.9846
chartqa,1792,chartqa_val_279,155.444,224.535,1907.296,28.046,0.0815,221.92,1682.761,156.041,224.445,1888.616,28.693,0.082622,222.109,1664.171,0.9962,1.0004,1.0099
chartqa,1792,chartqa_val_28,155.299,225.459,1001.368,28.737,0.155087,223.164,775.909,156.038,226.445,967.841,27.459,0.161223,223.875,741.396,0.9953,0.9956,1.0346
chartqa,1792,chartqa_val_280,155.293,224.463,2054.412,29.047,0.07559,221.786,1829.949,156.234,224.94,2122.918,30.127,0.073594,222.634,1897.978,0.994,0.9979,0.9677
chartqa,1792,chartqa_val_281,155.632,224.617,2006.995,28.292,0.077545,222.051,1782.378,156.284,226.812,2074.653,29.331,0.07533,224.254,1847.842,0.9958,0.9903,0.9674
chartqa,1792,chartqa_val_282,157.316,226.259,793.594,29.86,0.198233,223.781,567.334,155.967,224.646,745.429,27.41,0.209231,221.98,520.783,1.0086,1.0072,1.0646
chartqa,1792,chartqa_val_283,154.609,223.495,1728.992,27.88,0.089421,221.023,1505.497,155.986,224.398,1806.797,29.304,0.086333,222.153,1582.4,0.9912,0.996,0.9569
chartqa,1792,chartqa_val_284,165.058,235.419,928.21,28.866,0.177824,232.149,692.792,156.207,225.068,904.301,28.301,0.172738,222.45,679.233,1.0567,1.046,1.0264
chartqa,1792,chartqa_val_285,156.092,224.781,719.663,30.93,0.216895,222.44,494.882,156.082,224.409,662.978,27.411,0.235426,222.083,438.569,1.0001,1.0017,1.0855
chartqa,1792,chartqa_val_286,154.944,223.561,1007.186,29.023,0.153839,221.219,783.625,156.065,225.49,1023.084,29.541,0.152544,222.996,797.595,0.9928,0.9914,0.9845
chartqa,1792,chartqa_val_287,155.755,224.433,1130.62,30.206,0.13776,222.154,906.187,155.955,223.936,1076.468,28.418,0.144877,221.757,852.532,0.9987,1.0022,1.0503
chartqa,1792,chartqa_val_288,157.52,226.555,1324.188,28.885,0.118956,223.888,1097.633,156.232,225.09,1383.577,30.487,0.112919,222.653,1158.487,1.0082,1.0065,0.9571
chartqa,1792,chartqa_val_289,155.381,224.547,732.441,28.216,0.212141,221.879,507.894,156.199,224.767,734.178,28.301,0.212754,222.425,509.411,0.9948,0.999,0.9976
chartqa,1792,chartqa_val_29,154.646,223.204,1986.553,27.99,0.077846,220.948,1763.349,156.151,224.908,2057.44,29.088,0.075896,222.604,1832.532,0.9904,0.9924,0.9655
chartqa,1792,chartqa_val_290,155.333,224.421,1295.251,30.595,0.119925,221.925,1070.83,156.01,225.736,1196.831,27.746,0.130353,223.216,971.095,0.9957,0.9942,1.0822
chartqa,1792,chartqa_val_291,155.325,227.428,284.213,28.392,0.546509,225.096,56.785,156.03,226.05,279.193,26.571,0.558863,223.731,53.143,0.9955,1.0061,1.018
chartqa,1792,chartqa_val_292,157.881,226.402,1025.257,28.531,0.153992,224.209,798.855,156.655,225.287,1021.886,28.45,0.1533,222.997,796.599,1.0078,1.0049,1.0033
chartqa,1792,chartqa_val_293,154.454,222.893,2016.037,28.463,0.076613,220.679,1793.144,156.041,224.693,2029.391,28.646,0.076891,222.167,1804.698,0.9898,0.992,0.9934
chartqa,1792,chartqa_val_294,154.985,223.484,572.853,31.761,0.27055,221.133,349.369,156.006,223.974,532.12,28.013,0.293177,221.753,308.146,0.9935,0.9978,1.0765
chartqa,1792,chartqa_val_295,155.221,225.518,2051.82,28.989,0.075651,223.307,1826.302,156.421,228.181,1986.536,27.91,0.078741,224.272,1758.355,0.9923,0.9883,1.0329
chartqa,1792,chartqa_val_296,156.04,225.351,806.78,27.687,0.193411,223.149,581.429,156.133,224.736,851.579,29.85,0.183345,222.378,626.843,0.9994,1.0027,0.9474
chartqa,1792,chartqa_val_297,158.37,228.988,2106.278,29.798,0.07519,225.167,1877.29,156.789,225.298,2083.359,29.493,0.075258,223.068,1858.062,1.0101,1.0164,1.011
chartqa,1792,chartqa_val_298,155.484,224.445,638.12,29.548,0.243659,221.816,413.675,155.975,224.775,627.919,28.796,0.2484,222.259,403.144,0.9969,0.9985,1.0162
chartqa,1792,chartqa_val_299,155.317,223.961,1702.95,29.58,0.091205,221.603,1478.989,156.092,226.552,1682.707,29.123,0.092762,224.18,1456.155,0.995,0.9886,1.012
chartqa,1792,chartqa_val_3,155.737,226.185,1783.032,29.939,0.087344,223.7,1556.847,156.026,226.416,1763.1,29.552,0.088495,223.743,1536.684,0.9981,0.999,1.0113
chartqa,1792,chartqa_val_30,156.281,225.5,1548.087,29.391,0.100951,222.981,1322.587,156.138,225.022,1530.402,29.008,0.102024,222.396,1305.38,1.0009,1.0021,1.0116
chartqa,1792,chartqa_val_300,155.017,226.246,942.69,31.15,0.164441,223.644,716.444,156.211,225.378,907.327,29.65,0.172166,222.482,681.949,0.9924,1.0039,1.039
chartqa,1792,chartqa_val_301,155.664,224.277,2115.677,30.022,0.073576,221.909,1891.4,155.868,224.075,2007.615,28.31,0.077639,221.809,1783.54,0.9987,1.0009,1.0538
chartqa,1792,chartqa_val_302,157.862,229.306,548.899,29.054,0.287598,226.229,319.594,156.2,226.768,531.563,33.866,0.29385,224.063,304.795,1.0106,1.0112,1.0326
chartqa,1792,chartqa_val_303,154.762,223.782,1996.346,30.561,0.077523,221.362,1772.563,156.256,225.713,1982.325,30.286,0.078825,222.691,1756.611,0.9904,0.9914,1.0071
chartqa,1792,chartqa_val_304,159.253,228.057,1087.356,30.689,0.146459,225.424,859.299,156.004,225.009,945.589,28.823,0.164981,222.517,720.58,1.0208,1.0135,1.1499
chartqa,1792,chartqa_val_305,157.476,226.455,2042.961,28.833,0.077082,223.936,1816.506,156.081,224.873,2090.21,29.609,0.074672,222.424,1865.337,1.0089,1.007,0.9774
chartqa,1792,chartqa_val_306,154.764,223.938,1411.039,29.678,0.109681,221.275,1187.1,156.359,226.582,1356.105,28.238,0.1153,224.155,1129.524,0.9898,0.9883,1.0405
chartqa,1792,chartqa_val_307,155.585,224.264,2066.987,29.25,0.075271,221.769,1842.723,155.981,224.504,2123.74,30.147,0.073446,222.173,1899.236,0.9975,0.9989,0.9733
chartqa,1792,chartqa_val_308,155.353,224.639,1396.08,30.037,0.111278,221.918,1171.442,155.954,224.352,1369.457,29.362,0.11388,222.023,1145.105,0.9961,1.0013,1.0194
chartqa,1792,chartqa_val_309,154.447,223.35,879.412,27.336,0.175626,220.608,656.061,156.182,225.383,937.887,29.688,0.166526,222.532,712.503,0.9889,0.991,0.9377
chartqa,1792,chartqa_val_31,157.539,226.754,1439.772,28.881,0.109419,224.238,1213.018,156.036,224.782,1463.706,29.498,0.106603,222.243,1238.924,1.0096,1.0088,0.9836
chartqa,1792,chartqa_val_310,156.166,224.442,1385.016,30.541,0.112754,222.34,1160.574,156.328,224.836,1338.034,29.295,0.116834,222.519,1113.198,0.999,0.9982,1.0351
chartqa,1792,chartqa_val_311,155.086,224.152,1876.997,28.497,0.082625,221.415,1652.845,156.205,225.573,1995.174,30.51,0.078291,222.728,1769.602,0.9928,0.9937,0.9408
chartqa,1792,chartqa_val_312,154.551,223.001,932.539,29.564,0.165731,220.794,709.538,156.081,224.558,1783.698,29.983,0.087504,222.187,1559.14,0.9902,0.9931,0.5228
chartqa,1792,chartqa_val_313,155.37,223.979,1985.309,27.958,0.07826,221.765,1761.33,156.098,224.757,2147.619,30.522,0.072684,222.448,1922.862,0.9953,0.9965,0.9244
chartqa,1792,chartqa_val_314,157.358,227.049,875.74,29.486,0.179686,224.669,648.691,156.105,224.796,859.932,28.87,0.181532,222.421,635.135,1.008,1.01,1.0184
chartqa,1792,chartqa_val_315,155.791,224.729,1138.531,28.556,0.136835,222.396,913.802,156.133,224.68,1193.847,30.286,0.130781,222.32,969.167,0.9978,1.0002,0.9537
chartqa,1792,chartqa_val_316,166.603,235.909,1565.638,28.907,0.106412,232.832,1329.729,156.064,224.442,1550.808,28.834,0.100634,222.119,1326.366,1.0675,1.0511,1.0096
chartqa,1792,chartqa_val_317,155.192,223.877,1095.172,28.106,0.141706,221.564,871.296,156.151,224.926,1122.86,28.966,0.139065,222.522,897.934,0.9939,0.9953,0.9753
chartqa,1792,chartqa_val_318,154.703,223.284,616.705,30.263,0.250854,221.034,393.421,156.117,225.007,628.206,31.015,0.248512,222.664,403.199,0.9909,0.9923,0.9817
chartqa,1792,chartqa_val_319,154.431,223.369,2044.44,28.906,0.075537,221.203,1821.071,156.125,224.903,2098.519,29.74,0.074398,222.395,1873.616,0.9891,0.9932,0.9742
chartqa,1792,chartqa_val_32,155.081,225.753,1068.283,29.053,0.145169,223.424,842.529,156.065,226.304,1028.378,27.658,0.151759,223.906,802.074,0.9937,0.9976,1.0388
chartqa,1792,chartqa_val_320,154.85,223.727,638.431,29.622,0.242548,221.398,414.704,156.085,224.87,671.939,31.933,0.232291,222.49,447.069,0.9921,0.9949,0.9501
chartqa,1792,chartqa_val_321,161.059,229.534,1546.73,29.271,0.104129,227.335,1317.196,156.047,224.665,1556.122,29.588,0.100279,222.293,1331.458,1.0321,1.0217,0.994
chartqa,1792,chartqa_val_322,155.853,224.166,968.894,28.643,0.160857,221.926,744.728,156.111,224.997,1011.493,30.25,0.154338,222.61,786.496,0.9983,0.9963,0.9579
chartqa,1792,chartqa_val_323,155.589,223.916,1170.615,28.688,0.132912,221.722,946.698,156.191,224.839,1843.911,29.983,0.084707,222.433,1619.072,0.9961,0.9959,0.6349
chartqa,1792,chartqa_val_324,154.863,223.029,2012.857,28.41,0.076937,220.828,1789.828,156.214,224.604,2037.836,28.781,0.076657,222.357,1813.232,0.9914,0.993,0.9877
chartqa,1792,chartqa_val_325,156.833,225.45,2022.608,28.526,0.07754,223.286,1797.159,156.268,224.528,2074.01,29.357,0.075346,222.273,1849.482,1.0036,1.0041,0.9752
chartqa,1792,chartqa_val_326,157.227,226.323,1982.193,27.871,0.07932,224.142,1755.871,156.159,225.003,2094.699,29.678,0.074549,222.331,1869.696,1.0068,1.0059,0.9463
chartqa,1792,chartqa_val_327,154.735,223.12,2142.3,30.463,0.072228,220.877,1919.181,156.03,224.937,2061.084,29.145,0.075703,222.481,1836.147,0.9917,0.9919,1.0394
chartqa,1792,chartqa_val_328,159.856,228.335,2019.759,28.435,0.079146,226.08,1791.424,156.014,224.39,2099.738,29.767,0.074301,222.0,1875.348,1.0246,1.0176,0.9619
chartqa,1792,chartqa_val_329,177.181,246.777,2098.673,29.395,0.084425,243.699,1851.896,156.024,224.562,2123.692,30.145,0.073468,222.25,1899.13,1.1356,1.0989,0.9882
chartqa,1792,chartqa_val_33,157.263,226.049,1313.56,28.619,0.119722,223.58,1087.511,156.173,224.993,1273.857,27.602,0.122599,222.735,1048.864,1.007,1.0047,1.0312
chartqa,1792,chartqa_val_330,155.291,224.055,1064.858,28.027,0.145833,221.577,840.803,155.966,224.411,1099.19,29.159,0.141891,222.088,874.778,0.9957,0.9984,0.9688
chartqa,1792,chartqa_val_331,155.498,224.231,1306.117,29.24,0.119053,221.965,1081.886,156.131,225.247,1295.602,28.929,0.120508,222.713,1070.355,0.9959,0.9955,1.0081
chartqa,1792,chartqa_val_332,155.928,224.623,1323.017,28.905,0.117858,222.22,1098.394,156.259,225.228,1359.786,29.857,0.114915,222.586,1134.558,0.9979,0.9973,0.973
chartqa,1792,chartqa_val_333,156.832,226.02,1014.581,29.206,0.154578,223.324,788.561,156.025,224.63,1032.867,29.935,0.15106,222.277,808.237,1.0052,1.0062,0.9823
chartqa,1792,chartqa_val_334,155.192,224.074,2015.732,28.439,0.07699,221.494,1791.659,155.871,224.071,2042.968,28.871,0.076296,221.778,1818.896,0.9956,1.0,0.9867
chartqa,1792,chartqa_val_335,156.463,225.141,2040.649,28.818,0.076673,222.809,1815.509,156.099,224.475,2121.171,30.106,0.073591,222.062,1896.695,1.0023,1.003,0.962
chartqa,1792,chartqa_val_336,154.975,223.653,1009.774,29.116,0.153475,221.28,786.121,155.955,224.908,967.859,27.517,0.161134,222.229,742.95,0.9937,0.9944,1.0433
chartqa,1792,chartqa_val_337,154.076,222.456,2040.16,28.852,0.075522,220.218,1817.704,156.322,225.132,2032.267,28.685,0.07692,222.842,1807.135,0.9856,0.9881,1.0039
chartqa,1792,chartqa_val_338,158.109,226.679,1250.205,27.663,0.126467,224.264,1023.526,156.424,227.601,1054.586,28.517,0.148327,225.052,826.985,1.0108,0.9959,1.1855
chartqa,1792,chartqa_val_339,160.003,228.944,2007.649,28.233,0.079697,226.5,1778.704,156.108,224.618,2037.096,28.769,0.076633,222.35,1812.478,1.025,1.0193,0.9855
chartqa,1792,chartqa_val_34,154.995,223.635,706.994,30.21,0.219231,221.318,483.359,156.045,224.524,662.314,27.362,0.235606,222.205,437.79,0.9933,0.996,1.0675
chartqa,1792,chartqa_val_340,156.516,226.583,586.307,27.671,0.266952,224.253,359.725,156.142,224.898,636.207,31.639,0.245426,222.598,411.309,1.0024,1.0075,0.9216
chartqa,1792,chartqa_val_341,156.039,224.693,2011.056,28.355,0.077591,222.403,1786.363,156.375,224.83,2052.496,29.011,0.076188,222.426,1827.666,0.9979,0.9994,0.9798
chartqa,1792,chartqa_val_342,155.508,223.918,772.892,28.893,0.201202,221.637,548.973,156.238,224.836,812.41,30.925,0.192314,222.355,587.573,0.9953,0.9959,0.9514
chartqa,1792,chartqa_val_343,156.251,224.871,1983.623,27.917,0.07877,222.609,1758.752,155.979,224.444,2023.269,28.553,0.077092,222.182,1798.826,1.0017,1.0019,0.9804
chartqa,1792,chartqa_val_344,158.525,227.836,1727.279,28.291,0.091777,225.001,1499.443,156.524,225.142,1858.448,28.16,0.084223,222.747,1633.306,1.0128,1.012,0.9294
chartqa,1792,chartqa_val_345,154.405,222.937,1992.819,28.093,0.07748,220.739,1769.882,156.018,227.314,1994.084,28.044,0.07824,225.033,1766.77,0.9897,0.9807,0.9994
chartqa,1792,chartqa_val_346,156.696,225.16,1342.93,27.944,0.116682,222.896,1117.771,156.178,224.726,1332.418,27.692,0.117214,222.294,1107.691,1.0033,1.0019,1.0079
chartqa,1792,chartqa_val_347,155.272,223.54,2021.699,28.542,0.076803,221.334,1798.159,156.193,224.585,2064.834,29.21,0.075644,222.297,1840.249,0.9941,0.9953,0.9791
chartqa,1792,chartqa_val_348,158.419,228.18,833.866,27.531,0.189982,224.648,605.686,156.868,226.815,874.895,29.458,0.179299,223.907,648.08,1.0099,1.006,0.9531
chartqa,1792,chartqa_val_349,155.18,224.191,2092.385,29.654,0.074164,221.56,1868.194,156.02,224.697,1978.519,27.838,0.078857,222.18,1753.822,0.9946,0.9977,1.0576
chartqa,1792,chartqa_val_35,154.723,223.409,2021.931,28.548,0.076522,221.07,1798.522,157.107,229.316,1958.986,27.455,0.080198,226.988,1729.67,0.9848,0.9742,1.0321
chartqa,1792,chartqa_val_350,155.663,224.646,1211.406,29.902,0.128498,222.139,986.76,156.131,224.483,1166.809,28.555,0.13381,222.185,942.327,0.997,1.0007,1.0382
chartqa,1792,chartqa_val_351,155.908,224.653,1967.42,27.663,0.079245,222.238,1742.766,156.192,224.942,1984.277,27.926,0.078715,222.64,1759.335,0.9982,0.9987,0.9915
chartqa,1792,chartqa_val_352,156.235,224.827,1318.969,29.571,0.118452,222.571,1094.142,156.117,225.044,1256.773,28.659,0.124221,222.427,1031.729,1.0008,0.999,1.0495
chartqa,1792,chartqa_val_353,156.625,225.657,1941.323,27.233,0.080679,223.445,1715.666,156.391,225.516,2081.928,29.467,0.075119,222.933,1856.413,1.0015,1.0006,0.9325
chartqa,1792,chartqa_val_354,156.386,225.052,717.681,30.789,0.217904,222.811,492.629,156.25,225.135,702.566,29.839,0.222399,222.483,477.431,1.0009,0.9996,1.0215
chartqa,1792,chartqa_val_355,158.263,226.985,1571.527,29.229,0.100706,224.589,1344.542,156.245,224.622,1564.501,29.128,0.099869,222.334,1339.879,1.0129,1.0105,1.0045
chartqa,1792,chartqa_val_356,154.589,223.626,1021.777,29.561,0.151294,221.178,798.151,156.146,225.088,1044.804,30.36,0.14945,222.664,819.717,0.99,0.9935,0.978
chartqa,1792,chartqa_val_357,155.256,224.382,2008.608,28.321,0.077295,221.881,1784.226,156.243,224.924,2079.635,29.44,0.07513,222.618,1854.712,0.9937,0.9976,0.9658
chartqa,1792,chartqa_val_358,154.533,223.359,1577.084,27.627,0.097987,220.977,1353.724,156.069,224.521,1630.259,28.689,0.095733,222.016,1405.738,0.9902,0.9948,0.9674
chartqa,1792,chartqa_val_359,184.609,254.815,2000.431,27.708,0.092285,251.152,1745.617,156.152,224.725,2096.307,29.708,0.074489,222.383,1871.582,1.1822,1.1339,0.9543
chartqa,1792,chartqa_val_36,156.912,225.703,1282.328,30.189,0.122365,223.341,1056.625,155.951,225.117,1281.028,30.169,0.121739,222.758,1055.912,1.0062,1.0026,1.001
chartqa,1792,chartqa_val_360,154.501,222.947,468.714,27.307,0.329628,220.702,245.766,156.042,224.515,513.943,32.159,0.303618,222.103,289.428,0.9901,0.993,0.912
chartqa,1792,chartqa_val_361,155.722,223.964,1957.423,27.515,0.079555,221.855,1733.459,156.153,225.305,2144.814,30.468,0.072805,222.68,1919.509,0.9972,0.994,0.9126
chartqa,1792,chartqa_val_362,154.387,222.755,1233.587,27.32,0.125153,220.517,1010.832,155.949,224.273,1347.237,30.35,0.115754,221.944,1122.964,0.99,0.9932,0.9156
chartqa,1792,chartqa_val_363,154.882,223.331,2054.15,29.061,0.075399,221.17,1830.818,155.979,224.783,2184.355,31.104,0.071408,222.378,1959.572,0.993,0.9935,0.9404
chartqa,1792,chartqa_val_364,154.754,223.025,1036.474,27.115,0.149308,220.793,813.449,156.162,229.008,1115.045,29.535,0.14005,226.659,886.037,0.991,0.9739,0.9295
chartqa,1792,chartqa_val_365,154.254,222.892,1999.118,28.194,0.077161,220.64,1776.226,156.1,224.518,2190.403,31.205,0.071266,222.183,1965.885,0.9882,0.9928,0.9127
chartqa,1792,chartqa_val_366,164.738,234.419,1021.887,29.165,0.16121,231.058,787.467,156.281,224.898,998.989,28.67,0.156439,222.492,774.091,1.0541,1.0423,1.0229
chartqa,1792,chartqa_val_367,161.903,231.232,2060.831,29.041,0.078562,228.847,1829.598,155.925,224.581,2139.025,30.388,0.072895,222.225,1914.445,1.0383,1.0296,0.9634
chartqa,1792,chartqa_val_368,154.893,223.569,873.086,28.24,0.177408,221.3,649.516,155.997,224.25,891.063,27.784,0.175068,222.008,666.813,0.9929,0.997,0.9798
chartqa,1792,chartqa_val_369,159.449,227.92,2041.5,28.787,0.078104,225.656,1813.58,156.487,227.548,2092.511,29.603,0.074785,223.135,1864.963,1.0189,1.0016,0.9756
chartqa,1792,chartqa_val_37,155.796,224.672,2092.973,29.656,0.074438,222.229,1868.302,156.349,225.521,2061.816,29.148,0.075831,222.965,1836.295,0.9965,0.9962,1.0151
chartqa,1792,chartqa_val_370,155.713,224.559,729.405,28.047,0.213479,222.081,504.845,156.013,224.364,863.571,29.055,0.180661,222.117,639.206,0.9981,1.0009,0.8446
chartqa,1792,chartqa_val_371,154.786,223.34,2051.716,29.022,0.075442,221.048,1828.376,156.07,224.315,1991.431,28.049,0.078371,222.149,1767.115,0.9918,0.9957,1.0303
chartqa,1792,chartqa_val_372,155.167,223.626,433.169,34.924,0.358214,221.461,209.543,156.134,224.94,387.526,27.098,0.4029,222.328,162.586,0.9938,0.9942,1.1178
chartqa,1792,chartqa_val_373,157.717,226.749,711.619,28.522,0.221631,224.477,484.87,156.118,230.799,719.86,28.768,0.216873,228.538,489.061,1.0102,0.9825,0.9886
chartqa,1792,chartqa_val_374,156.001,224.559,564.832,28.356,0.276189,222.401,340.273,156.229,224.81,613.987,32.431,0.25445,222.521,389.177,0.9985,0.9989,0.9199
chartqa,1792,chartqa_val_375,155.744,225.292,2100.059,29.758,0.074162,222.585,1874.767,156.03,224.534,1078.858,28.477,0.144625,222.239,854.324,0.9982,1.0034,1.9466
chartqa,1792,chartqa_val_376,156.364,225.394,679.476,28.38,0.230125,222.802,454.081,156.842,226.37,679.114,28.296,0.23095,223.16,452.744,0.997,0.9957,1.0005
chartqa,1792,chartqa_val_377,155.187,226.825,1245.608,29.108,0.124587,224.56,1018.783,156.076,224.443,1274.168,29.992,0.122492,222.139,1049.725,0.9943,1.0106,0.9776
chartqa,1792,chartqa_val_378,155.319,223.777,1085.829,28.735,0.143042,221.559,862.052,155.955,224.403,1067.039,28.088,0.146157,222.071,842.637,0.9959,0.9972,1.0176
chartqa,1792,chartqa_val_379,156.175,224.907,651.532,28.442,0.239704,222.717,426.625,156.547,225.768,649.383,28.241,0.24107,222.641,423.615,0.9976,0.9962,1.0033
chartqa,1792,chartqa_val_38,155.661,224.726,1338.887,29.32,0.116262,222.098,1114.161,156.06,225.11,1400.081,30.92,0.111465,222.413,1174.971,0.9974,0.9983,0.9563
chartqa,1792,chartqa_val_380,155.462,224.072,718.688,30.914,0.216313,221.751,494.617,156.072,224.399,719.111,30.919,0.217035,222.048,494.711,0.9961,0.9985,0.9994
chartqa,1792,chartqa_val_381,155.785,224.263,1998.606,28.164,0.077947,222.131,1774.343,156.319,225.511,2180.396,31.03,0.071693,222.729,1954.885,0.9966,0.9945,0.9166
chartqa,1792,chartqa_val_382,155.732,225.6,536.768,28.288,0.290129,222.887,311.169,156.145,225.114,551.532,29.674,0.283111,222.626,326.418,0.9974,1.0022,0.9732
chartqa,1792,chartqa_val_383,154.395,222.997,2092.47,29.674,0.073786,220.707,1869.473,156.473,225.728,2101.723,29.778,0.07445,222.98,1875.995,0.9867,0.9879,0.9956
chartqa,1792,chartqa_val_384,155.069,223.547,501.92,27.837,0.308952,221.289,278.373,156.089,224.892,513.166,28.827,0.304168,222.427,288.275,0.9935,0.994,0.9781
chartqa,1792,chartqa_val_385,156.351,224.86,1986.222,27.958,0.078718,222.543,1761.361,156.034,224.51,2089.041,29.596,0.074692,222.187,1864.531,1.002,1.0016,0.9508
chartqa,1792,chartqa_val_386,154.636,223.074,555.084,27.668,0.278581,220.875,332.01,156.005,224.529,558.764,27.853,0.279196,222.191,334.235,0.9912,0.9935,0.9934
chartqa,1792,chartqa_val_387,154.191,222.624,947.078,27.864,0.162808,220.42,724.454,158.466,227.346,946.543,27.661,0.167415,225.047,719.197,0.973,0.9792,1.0006
chartqa,1792,chartqa_val_388,155.249,223.458,1088.139,28.823,0.142674,221.321,864.681,155.992,226.498,1099.81,29.11,0.141836,224.183,873.311,0.9952,0.9866,0.9894
chartqa,1792,chartqa_val_389,172.803,242.009,1698.89,28.017,0.101715,238.951,1456.881,156.146,224.595,1685.93,28.103,0.092617,222.337,1461.335,1.1067,1.0775,1.0077
chartqa,1792,chartqa_val_39,158.806,227.78,2037.655,28.728,0.077936,225.312,1809.875,156.006,224.311,2045.12,28.902,0.076282,222.015,1820.809,1.0179,1.0155,0.9963
chartqa,1792,chartqa_val_390,154.68,223.129,1027.437,29.789,0.150549,220.769,804.307,156.169,227.952,1037.523,29.984,0.150521,225.336,809.571,0.9905,0.9788,0.9903
chartqa,1792,chartqa_val_391,156.155,224.552,649.972,30.387,0.240249,222.361,425.42,156.111,224.58,632.722,29.153,0.246729,222.301,408.142,1.0003,0.9999,1.0273
chartqa,1792,chartqa_val_392,154.79,223.301,276.712,26.706,0.55939,221.013,53.411,155.965,224.281,281.923,28.821,0.553217,222.062,57.642,0.9925,0.9956,0.9815
chartqa,1792,chartqa_val_393,159.005,227.78,1335.099,27.683,0.119096,225.478,1107.319,156.167,225.027,1364.642,28.49,0.114438,222.436,1139.615,1.0182,1.0122,0.9784
chartqa,1792,chartqa_val_394,154.913,223.417,1055.441,28.69,0.146776,221.186,832.024,156.045,224.585,1023.059,27.534,0.152528,222.321,798.473,0.9927,0.9948,1.0317
chartqa,1792,chartqa_val_395,155.262,224.317,2091.968,29.645,0.074218,222.121,1867.65,156.063,224.945,2130.42,30.246,0.073255,222.628,1905.475,0.9949,0.9972,0.982
chartqa,1792,chartqa_val_396,154.954,223.289,1028.254,28.749,0.150696,221.055,804.965,156.203,225.273,1025.684,28.586,0.152292,222.804,800.411,0.992,0.9912,1.0025
chartqa,1792,chartqa_val_397,155.519,229.794,725.534,27.541,0.214351,227.541,495.739,156.08,224.786,777.925,30.73,0.200636,222.38,553.139,0.9964,1.0223,0.9327
chartqa,1792,chartqa_val_398,156.847,225.182,803.069,27.518,0.195309,222.968,577.887,156.005,227.275,835.441,28.96,0.186734,224.94,608.166,1.0054,0.9908,0.9613
chartqa,1792,chartqa_val_399,157.222,225.558,1209.358,28.935,0.130005,223.294,983.8,156.105,224.59,1219.78,29.27,0.127978,222.317,995.19,1.0072,1.0043,0.9915
chartqa,1792,chartqa_val_4,155.115,225.881,1033.036,26.905,0.150155,223.071,807.155,156.642,226.797,1119.883,29.77,0.139874,224.369,893.085,0.9903,0.996,0.9224
chartqa,1792,chartqa_val_40,154.576,223.067,1199.698,27.904,0.128845,220.771,976.63,155.946,224.429,1258.751,29.552,0.123889,222.172,1034.322,0.9912,0.9939,0.9531
chartqa,1792,chartqa_val_400,158.194,227.565,1264.144,26.579,0.125139,224.394,1036.578,156.835,227.294,1431.797,30.885,0.109537,223.322,1204.503,1.0087,1.0012,0.8829
chartqa,1792,chartqa_val_401,154.866,223.325,2006.105,28.298,0.077197,221.066,1782.78,156.079,224.44,2044.384,28.888,0.076345,222.125,1819.944,0.9922,0.995,0.9813
chartqa,1792,chartqa_val_402,155.446,224.158,554.452,27.525,0.28036,221.713,330.295,156.139,224.732,600.07,31.278,0.260201,222.089,375.338,0.9956,0.9974,0.924
chartqa,1792,chartqa_val_403,155.684,224.183,1567.942,29.861,0.099292,222.022,1343.76,156.208,225.094,1463.998,28.157,0.1067,222.588,1238.904,0.9966,0.996,1.071
chartqa,1792,chartqa_val_404,157.162,225.846,1105.306,29.315,0.142188,223.653,879.46,155.986,224.59,1129.076,30.15,0.138154,222.286,904.486,1.0075,1.0056,0.9789
chartqa,1792,chartqa_val_405,155.346,224.429,2022.643,28.543,0.076804,221.982,1798.214,155.99,224.357,2077.156,29.41,0.075098,222.099,1852.8,0.9959,1.0003,0.9738
chartqa,1792,chartqa_val_406,155.907,227.513,783.465,30.886,0.198997,225.055,555.951,156.127,224.713,803.418,32.15,0.194329,222.435,578.705,0.9986,1.0125,0.9752
chartqa,1792,chartqa_val_407,157.286,226.185,1992.22,28.032,0.07895,223.662,1766.035,156.044,224.347,2026.599,28.607,0.076998,222.137,1802.253,1.008,1.0082,0.983
chartqa,1792,chartqa_val_408,161.023,230.001,1087.116,28.571,0.148119,227.338,857.115,155.888,224.122,1074.118,28.333,0.145131,221.909,849.996,1.0329,1.0262,1.0121
chartqa,1792,chartqa_val_409,157.845,234.445,2034.075,28.566,0.0776,232.107,1799.629,156.333,225.902,1970.075,27.685,0.079354,222.477,1744.172,1.0097,1.0378,1.0325
chartqa,1792,chartqa_val_41,154.793,223.191,890.548,26.694,0.173817,220.973,667.358,156.014,224.56,935.151,28.424,0.166833,222.2,710.591,0.9922,0.9939,0.9523
chartqa,1792,chartqa_val_410,157.937,226.916,905.41,27.14,0.174436,224.337,678.495,156.037,224.74,1158.126,28.284,0.134732,222.347,933.386,1.0122,1.0097,0.7818
chartqa,1792,chartqa_val_411,158.509,226.767,1982.184,27.864,0.079967,224.659,1755.417,156.072,224.37,2063.626,29.195,0.07563,222.124,1839.256,1.0156,1.0107,0.9605
chartqa,1792,chartqa_val_412,156.4,225.109,467.809,34.671,0.334324,222.878,242.7,156.003,224.24,420.843,28.086,0.370692,222.002,196.603,1.0025,1.0039,1.1116
chartqa,1792,chartqa_val_413,158.109,227.112,2057.698,29.057,0.076838,224.722,1830.587,156.025,224.697,2010.135,28.34,0.077619,222.491,1785.438,1.0134,1.0107,1.0237
chartqa,1792,chartqa_val_414,154.526,223.199,847.637,28.384,0.182303,220.82,624.439,156.21,225.056,819.896,27.038,0.190524,222.488,594.841,0.9892,0.9917,1.0338
chartqa,1792,chartqa_val_415,156.956,225.554,2062.542,29.159,0.076098,223.289,1836.988,156.214,232.315,2118.222,29.935,0.073748,229.658,1885.907,1.0047,0.9709,0.9737
chartqa,1792,chartqa_val_416,156.655,225.527,923.202,29.07,0.169686,222.928,697.675,156.03,225.152,916.052,28.787,0.170329,222.331,690.9,1.004,1.0017,1.0078
chartqa,1792,chartqa_val_417,160.025,228.429,2071.651,29.257,0.077245,226.254,1843.221,156.083,225.19,2041.521,28.831,0.076454,222.973,1816.33,1.0253,1.0144,1.0148
chartqa,1792,chartqa_val_418,157.081,229.881,1450.004,29.051,0.108331,227.538,1220.123,155.93,225.036,1482.55,29.941,0.105177,222.428,1257.513,1.0074,1.0215,0.978
chartqa,1792,chartqa_val_419,156.608,225.346,2016.762,28.435,0.077653,222.971,1791.416,155.85,224.612,2121.243,30.105,0.073471,222.172,1896.631,1.0049,1.0033,0.9507
chartqa,1792,chartqa_val_42,154.731,222.976,439.931,27.119,0.351718,220.823,216.955,156.335,225.081,456.645,28.945,0.342357,222.538,231.564,0.9897,0.9906,0.9634
chartqa,1792,chartqa_val_420,155.093,236.631,1428.351,27.714,0.108582,234.0,1191.72,156.183,225.343,1491.661,29.449,0.104704,223.033,1266.318,0.993,1.0501,0.9576
chartqa,1792,chartqa_val_421,155.083,223.612,1995.943,28.132,0.077699,221.459,1772.331,156.198,225.243,2137.025,30.346,0.073091,222.535,1911.782,0.9929,0.9928,0.934
chartqa,1792,chartqa_val_422,155.561,224.639,1931.679,27.096,0.080531,222.203,1707.04,156.175,224.774,2136.638,30.347,0.073094,222.437,1911.864,0.9961,0.9994,0.9041
chartqa,1792,chartqa_val_423,157.619,226.077,1978.989,27.824,0.079646,223.767,1752.911,156.311,226.068,2171.141,30.874,0.071995,223.111,1945.073,1.0084,1.0,0.9115
chartqa,1792,chartqa_val_424,154.741,223.021,601.844,27.059,0.257111,220.844,378.824,156.263,225.364,649.602,30.303,0.240552,222.815,424.238,0.9903,0.9896,0.9265
chartqa,1792,chartqa_val_425,154.195,222.844,2021.481,28.55,0.076278,220.699,1798.637,155.905,224.684,2085.114,29.531,0.07477,222.134,1860.43,0.989,0.9918,0.9695
chartqa,1792,chartqa_val_426,154.76,223.247,1058.664,26.949,0.146184,220.968,835.417,156.127,224.853,1167.314,30.402,0.133749,222.241,942.461,0.9912,0.9929,0.9069
chartqa,1792,chartqa_val_427,172.672,242.174,1172.971,28.206,0.147209,239.098,930.797,156.397,226.098,1138.844,27.659,0.13733,222.6,912.745,1.1041,1.0711,1.03
chartqa,1792,chartqa_val_428,155.294,224.581,1086.437,27.802,0.142939,221.894,861.856,155.944,226.573,1201.587,31.452,0.129782,224.258,975.014,0.9958,0.9912,0.9042
chartqa,1792,chartqa_val_429,155.121,223.929,1395.486,29.289,0.111159,221.491,1171.558,156.034,224.906,1404.039,29.478,0.111132,222.258,1179.133,0.9941,0.9957,0.9939
chartqa,1792,chartqa_val_43,156.562,224.783,1601.687,27.538,0.097748,222.606,1376.904,156.132,225.04,1783.335,29.402,0.087551,222.611,1558.295,1.0028,0.9989,0.8981
chartqa,1792,chartqa_val_430,155.283,225.848,452.478,32.376,0.343184,223.249,226.629,156.149,225.303,571.282,34.598,0.27333,222.794,345.979,0.9945,1.0024,0.792
chartqa,1792,chartqa_val_431,156.452,225.105,767.883,28.567,0.203745,222.699,542.778,156.105,225.056,846.445,32.705,0.184425,222.687,621.39,1.0022,1.0002,0.9072
chartqa,1792,chartqa_val_432,155.224,223.922,569.671,28.812,0.272481,221.57,345.749,156.169,227.69,617.72,32.503,0.252815,225.126,390.03,0.9939,0.9835,0.9222
chartqa,1792,chartqa_val_433,157.431,229.989,1673.103,28.862,0.094095,227.322,1443.114,156.3,225.362,1768.802,30.869,0.088365,222.9,1543.44,1.0072,1.0205,0.9459
chartqa,1792,chartqa_val_434,157.848,226.836,847.816,28.226,0.186182,224.313,620.981,156.035,224.71,837.563,27.857,0.186296,222.325,612.853,1.0116,1.0095,1.0122
chartqa,1792,chartqa_val_435,155.739,224.797,726.324,29.502,0.21442,222.486,501.527,155.984,224.905,735.915,30.059,0.211959,222.334,511.01,0.9984,0.9995,0.987
chartqa,1792,chartqa_val_436,154.797,223.641,468.617,34.997,0.330326,221.124,244.976,156.08,224.558,419.313,27.822,0.372227,222.132,194.755,0.9918,0.9959,1.1176
chartqa,1792,chartqa_val_437,155.189,224.224,251.789,27.565,0.616348,221.548,27.565,155.958,224.714,253.845,29.132,0.614381,222.239,29.132,0.9951,0.9978,0.9919
chartqa,1792,chartqa_val_438,155.707,225.474,789.093,29.664,0.197324,222.689,563.619,156.595,225.057,808.795,30.723,0.193615,222.834,583.738,0.9943,1.0019,0.9756
chartqa,1792,chartqa_val_439,161.084,230.479,750.97,30.617,0.214502,227.862,520.491,156.017,224.3,711.026,28.631,0.219425,222.062,486.725,1.0325,1.0275,1.0562
chartqa,1792,chartqa_val_44,156.16,225.656,585.613,27.689,0.266661,222.761,359.957,156.349,234.381,604.656,28.483,0.258575,231.466,370.275,0.9988,0.9628,0.9685
chartqa,1792,chartqa_val_440,155.781,227.746,632.569,28.916,0.246267,225.166,404.823,155.819,224.374,1006.23,30.071,0.154854,222.128,781.856,0.9998,1.015,0.6287
chartqa,1792,chartqa_val_441,155.034,223.87,1819.837,29.555,0.085191,221.457,1595.967,156.205,225.292,1633.153,28.157,0.095647,222.653,1407.861,0.9925,0.9937,1.1143
chartqa,1792,chartqa_val_442,156.294,225.631,623.698,28.433,0.250592,222.737,398.067,156.182,226.044,671.979,31.852,0.232421,223.298,445.935,1.0007,0.9982,0.9282
chartqa,1792,chartqa_val_443,154.958,224.294,1020.958,29.506,0.151777,221.682,796.663,155.961,224.588,1115.071,30.706,0.139866,222.192,890.483,0.9936,0.9987,0.9156
chartqa,1792,chartqa_val_444,156.64,225.278,1757.39,28.908,0.089132,222.839,1532.112,156.288,224.909,1873.841,31.112,0.083405,222.478,1648.932,1.0023,1.0016,0.9379
chartqa,1792,chartqa_val_445,173.549,244.037,2003.44,27.927,0.086625,239.892,1759.403,156.651,225.941,2015.151,28.4,0.077737,223.192,1789.21,1.1079,1.0801,0.9942
chartqa,1792,chartqa_val_446,158.098,228.449,919.592,28.798,0.171922,225.299,691.142,156.074,225.07,944.853,29.991,0.165183,222.654,719.783,1.013,1.015,0.9733
chartqa,1792,chartqa_val_447,154.694,223.794,2131.238,30.277,0.072584,221.362,1907.445,155.998,224.842,2206.833,31.46,0.070689,222.242,1981.991,0.9916,0.9953,0.9657
chartqa,1792,chartqa_val_448,155.794,224.972,407.229,30.376,0.382571,222.45,182.257,156.034,224.463,395.435,28.495,0.394587,222.159,170.972,0.9985,1.0023,1.0298
chartqa,1792,chartqa_val_449,156.979,226.912,775.677,30.487,0.202377,224.617,548.766,156.205,225.277,756.99,29.54,0.20635,222.614,531.712,1.005,1.0073,1.0247
chartqa,1792,chartqa_val_45,154.62,223.223,2038.843,28.819,0.075837,220.842,1815.62,156.117,224.857,2038.869,28.794,0.07657,222.456,1814.011,0.9904,0.9927,1.0
chartqa,1792,chartqa_val_450,155.508,224.388,1309.788,31.011,0.118728,222.1,1085.4,155.806,224.525,1207.588,28.088,0.129022,221.92,983.063,0.9981,0.9994,1.0846
chartqa,1792,chartqa_val_451,162.549,231.296,768.431,28.27,0.211534,228.946,537.135,155.984,224.767,788.509,29.671,0.197821,222.207,563.742,1.0421,1.029,0.9745
chartqa,1792,chartqa_val_452,154.957,227.479,413.572,31.016,0.374679,225.124,186.093,156.226,224.778,443.409,36.439,0.352328,222.397,218.632,0.9919,1.012,0.9327
chartqa,1792,chartqa_val_453,155.689,224.356,2003.727,28.244,0.0777,222.123,1779.372,156.06,224.565,1994.268,28.091,0.078254,222.13,1769.703,0.9976,0.9991,1.0047
chartqa,1792,chartqa_val_454,154.66,234.155,1672.404,29.352,0.092477,231.406,1438.248,156.066,224.718,1637.232,28.827,0.095323,222.19,1412.514,0.991,1.042,1.0215
chartqa,1792,chartqa_val_455,156.552,225.72,928.562,31.947,0.168597,223.455,702.841,156.076,224.694,832.819,27.642,0.187407,222.282,608.125,1.003,1.0046,1.115
chartqa,1792,chartqa_val_456,154.666,228.087,468.448,30.045,0.330167,225.753,240.361,156.044,224.522,445.901,27.672,0.349953,222.233,221.379,0.9912,1.0159,1.0506
chartqa,1792,chartqa_val_457,156.154,225.212,2062.955,29.171,0.075694,222.633,1837.743,158.505,227.846,1987.658,27.934,0.079745,224.692,1759.812,0.9852,0.9884,1.0379
chartqa,1792,chartqa_val_458,156.686,225.161,463.522,34.052,0.338034,222.977,238.361,156.025,224.571,418.509,27.705,0.372811,222.091,193.938,1.0042,1.0026,1.1076
chartqa,1792,chartqa_val_459,154.932,223.922,2028.538,28.645,0.076376,221.334,1804.615,155.978,224.343,2067.206,29.252,0.075454,222.129,1842.862,0.9933,0.9981,0.9813
chartqa,1792,chartqa_val_46,157.013,225.698,1133.328,29.278,0.138542,223.416,907.63,155.992,224.607,1113.923,28.688,0.140039,222.264,889.316,1.0065,1.0049,1.0174
chartqa,1792,chartqa_val_460,155.608,227.181,521.566,29.439,0.298347,224.631,294.385,156.171,224.857,503.018,27.816,0.310468,222.468,278.162,0.9964,1.0103,1.0369
chartqa,1792,chartqa_val_461,155.06,223.86,2019.644,28.505,0.076776,221.428,1795.784,155.799,223.94,2034.307,28.736,0.076586,221.691,1810.367,0.9953,0.9996,0.9928
chartqa,1792,chartqa_val_462,154.906,223.635,420.506,28.124,0.368381,221.259,196.871,155.925,224.422,418.923,27.786,0.372204,221.973,194.501,0.9935,0.9965,1.0038
chartqa,1792,chartqa_val_463,154.801,226.988,2016.814,28.41,0.076755,224.542,1789.826,156.086,224.788,2074.701,29.364,0.075233,222.306,1849.913,0.9918,1.0098,0.9721
chartqa,1792,chartqa_val_464,155.065,226.203,782.536,29.281,0.198156,223.825,556.332,155.962,224.627,751.723,27.742,0.207473,222.248,527.096,0.9942,1.007,1.041
chartqa,1792,chartqa_val_465,154.616,223.271,1899.377,28.409,0.081403,221.069,1676.106,155.952,228.175,2043.214,28.81,0.076327,225.863,1815.04,0.9914,0.9785,0.9296
chartqa,1792,chartqa_val_466,155.244,224.072,2087.506,29.578,0.074368,221.799,1863.434,155.962,224.757,2129.933,30.241,0.073224,222.322,1905.176,0.9954,0.997,0.9801
chartqa,1792,chartqa_val_467,156.497,229.588,2003.713,28.161,0.078103,227.346,1774.125,155.994,225.209,1987.789,27.977,0.078476,222.813,1762.581,1.0032,1.0194,1.008
chartqa,1792,chartqa_val_468,154.868,223.177,797.395,28.711,0.194217,220.961,574.218,155.899,224.313,777.798,27.674,0.200436,221.983,553.486,0.9934,0.9949,1.0252
chartqa,1792,chartqa_val_469,154.807,224.087,1952.78,27.44,0.079275,221.848,1728.692,155.95,224.522,2037.183,28.772,0.076552,222.222,1812.662,0.9927,0.9981,0.9586
chartqa,1792,chartqa_val_47,155.131,223.82,2077.741,29.427,0.074663,221.385,1853.921,156.638,228.37,2148.51,30.478,0.072905,224.829,1920.14,0.9904,0.9801,0.9671
chartqa,1792,chartqa_val_470,155.246,223.706,1614.429,27.269,0.096162,221.495,1390.724,156.019,224.667,2039.226,28.803,0.076509,222.301,1814.559,0.995,0.9957,0.7917
chartqa,1792,chartqa_val_471,155.507,224.031,2047.569,28.945,0.075947,221.882,1823.538,156.051,224.682,2170.725,30.89,0.071889,222.259,1946.044,0.9965,0.9971,0.9433
chartqa,1792,chartqa_val_472,155.162,223.443,1008.438,28.036,0.153863,221.199,784.995,155.955,224.4,1034.321,28.926,0.15078,222.034,809.92,0.9949,0.9957,0.975
chartqa,1792,chartqa_val_473,155.023,223.577,1634.025,30.01,0.094872,221.281,1410.448,155.873,224.38,1515.084,27.462,0.102881,221.997,1290.704,0.9945,0.9964,1.0785
chartqa,1792,chartqa_val_474,154.813,223.518,762.878,28.387,0.202933,221.221,539.36,155.789,225.33,778.008,29.088,0.200241,222.727,552.678,0.9937,0.992,0.9806
chartqa,1792,chartqa_val_475,156.451,225.226,2105.528,29.846,0.074305,222.978,1880.302,155.907,224.471,2012.577,28.383,0.077466,222.229,1788.105,1.0035,1.0034,1.0462
chartqa,1792,chartqa_val_476,154.352,223.052,950.036,29.079,0.16247,220.793,726.984,155.982,224.595,2050.399,28.981,0.076074,222.287,1825.804,0.9896,0.9931,0.4633
chartqa,1792,chartqa_val_477,155.584,223.903,2069.632,29.297,0.075175,221.697,1845.73,155.907,224.233,2043.347,28.875,0.0763,221.942,1819.114,0.9979,0.9985,1.0129
chartqa,1792,chartqa_val_478,154.289,222.752,529.322,27.87,0.291483,220.326,306.57,155.98,224.301,530.056,27.796,0.294272,221.987,305.755,0.9892,0.9931,0.9986
chartqa,1792,chartqa_val_479,155.374,225.121,1425.24,30.772,0.109016,222.299,1200.119,156.092,224.486,1582.092,28.283,0.098662,222.22,1357.606,0.9954,1.0028,0.9009
chartqa,1792,chartqa_val_48,158.305,227.149,2127.682,30.167,0.074403,224.618,1900.533,156.097,225.131,2135.379,30.321,0.073101,222.671,1910.248,1.0141,1.009,0.9964
chartqa,1792,chartqa_val_480,155.798,225.641,1147.274,29.73,0.135798,223.048,921.633,156.092,224.453,1132.461,29.291,0.137834,222.083,908.008,0.9981,1.0053,1.0131
chartqa,1792,chartqa_val_481,156.214,225.279,911.852,31.208,0.171315,222.68,686.573,156.032,224.443,843.608,28.144,0.184958,222.137,619.164,1.0012,1.0037,1.0809
chartqa,1792,chartqa_val_482,155.248,223.918,1050.996,28.52,0.147716,221.541,827.078,156.258,227.337,1064.243,28.859,0.146826,225.017,836.906,0.9935,0.985,0.9876
chartqa,1792,chartqa_val_483,155.447,224.167,2050.771,28.994,0.0758,221.822,1826.603,156.032,224.425,2029.549,28.653,0.07688,222.125,1805.124,0.9963,0.9989,1.0105
chartqa,1792,chartqa_val_484,155.206,224.004,1238.269,28.979,0.125341,221.664,1014.265,156.051,228.07,1194.601,27.615,0.13063,225.598,966.531,0.9946,0.9822,1.0366
chartqa,1792,chartqa_val_485,162.646,233.777,594.652,32.807,0.273514,230.309,360.875,156.074,224.652,522.355,27.064,0.298789,222.135,297.704,1.0421,1.0406,1.1384
chartqa,1792,chartqa_val_486,158.262,227.846,1020.08,31.689,0.155146,225.177,792.234,156.273,225.134,927.88,28.11,0.16842,222.693,702.745,1.0127,1.012,1.0994
chartqa,1792,chartqa_val_487,158.355,231.085,1691.88,30.433,0.093597,228.558,1460.795,156.025,224.537,1567.079,27.97,0.099564,222.284,1342.541,1.0149,1.0292,1.0796
chartqa,1792,chartqa_val_488,156.32,226.002,936.649,32.302,0.166893,223.281,710.647,155.923,224.256,847.644,28.336,0.183948,222.036,623.389,1.0025,1.0078,1.105
chartqa,1792,chartqa_val_489,156.244,225.04,1260.255,28.756,0.123978,222.566,1035.215,156.169,224.918,1218.824,27.609,0.128131,222.285,993.906,1.0005,1.0005,1.034
chartqa,1792,chartqa_val_49,155.799,225.336,2056.528,30.02,0.075758,222.548,1831.191,156.209,229.102,2085.427,30.432,0.074905,226.213,1856.325,0.9974,0.9836,0.9861
chartqa,1792,chartqa_val_490,154.636,223.257,1140.885,30.588,0.13554,220.957,917.628,156.234,224.875,596.062,28.553,0.262111,222.399,371.186,0.9898,0.9928,1.914
chartqa,1792,chartqa_val_491,154.92,226.251,2125.484,30.147,0.072887,223.972,1899.234,155.923,224.191,2022.865,28.55,0.07708,221.898,1798.674,0.9936,1.0092,1.0507
chartqa,1792,chartqa_val_492,158.233,226.966,2082.322,29.45,0.075989,224.462,1855.356,155.976,224.442,1987.344,27.983,0.078485,222.212,1762.901,1.0145,1.0112,1.0478
chartqa,1792,chartqa_val_493,157.344,226.279,1741.525,29.711,0.090349,223.698,1515.246,156.051,224.333,1803.621,27.707,0.086521,222.138,1579.288,1.0083,1.0087,0.9656
chartqa,1792,chartqa_val_494,157.183,226.066,1095.997,29.998,0.143416,223.656,869.932,155.871,224.291,1027.966,27.713,0.151631,222.123,803.674,1.0084,1.0079,1.0662
chartqa,1792,chartqa_val_495,158.542,230.203,1292.942,30.364,0.122621,227.339,1062.739,155.944,226.137,1206.696,28.016,0.129232,223.858,980.559,1.0167,1.018,1.0715
chartqa,1792,chartqa_val_496,155.08,223.855,1021.398,30.675,0.151831,221.391,797.543,156.03,225.306,936.287,27.345,0.166648,222.282,710.981,0.9939,0.9936,1.0909
chartqa,1792,chartqa_val_497,155.872,224.409,2012.66,28.385,0.077446,222.204,1788.251,155.778,224.296,1971.762,29.124,0.079004,222.02,1747.466,1.0006,1.0005,1.0207
chartqa,1792,chartqa_val_498,157.743,227.586,1869.88,32.202,0.08436,224.629,1642.294,156.025,224.403,1693.988,28.815,0.092105,222.061,1469.585,1.011,1.0142,1.1038
chartqa,1792,chartqa_val_499,156.219,225.495,2104.068,29.819,0.074246,222.82,1878.573,156.03,224.516,1971.172,27.725,0.079156,222.193,1746.655,1.0012,1.0044,1.0674
chartqa,1792,chartqa_val_5,163.85,234.185,708.421,29.64,0.231289,231.848,474.236,156.08,226.753,709.723,30.186,0.219916,224.322,482.97,1.0498,1.0328,0.9982
chartqa,1792,chartqa_val_50,158.482,228.94,1510.692,29.131,0.104907,224.851,1281.753,155.959,230.196,1020.251,28.216,0.152864,227.907,790.054,1.0162,0.9945,1.4807
chartqa,1792,chartqa_val_51,162.44,231.095,2057.401,28.989,0.078954,228.822,1826.306,155.839,224.39,2018.307,28.475,0.077213,222.177,1793.918,1.0424,1.0299,1.0194
chartqa,1792,chartqa_val_52,155.032,223.684,448.029,28.043,0.346031,221.232,224.344,155.903,224.389,495.275,33.861,0.31478,222.011,270.886,0.9944,0.9969,0.9046
chartqa,1792,chartqa_val_53,157.643,227.303,1782.412,28.275,0.088443,225.076,1555.109,155.97,224.5,1748.36,27.707,0.08921,222.24,1523.86,1.0107,1.0125,1.0195
chartqa,1792,chartqa_val_54,154.885,223.421,1654.544,28.061,0.093612,221.039,1431.123,156.036,224.841,1680.379,28.54,0.092857,222.473,1455.538,0.9926,0.9937,0.9846
chartqa,1792,chartqa_val_55,159.485,228.094,2096.603,29.659,0.076069,225.805,1868.508,155.912,224.101,2008.91,28.33,0.07761,221.895,1784.809,1.0229,1.0178,1.0437
chartqa,1792,chartqa_val_56,156.26,225.048,1624.566,28.562,0.096185,222.742,1399.519,156.143,225.517,1600.896,28.069,0.097535,222.638,1375.379,1.0007,0.9979,1.0148
chartqa,1792,chartqa_val_57,155.217,223.888,820.038,29.807,0.189281,221.53,596.149,156.18,224.73,776.311,27.579,0.201182,222.397,551.581,0.9938,0.9963,1.0563
chartqa,1792,chartqa_val_58,154.918,223.233,998.771,27.698,0.155109,220.962,775.538,156.035,224.86,1063.982,29.969,0.146652,222.322,839.122,0.9928,0.9928,0.9387
chartqa,1792,chartqa_val_59,156.483,225.239,2099.103,29.744,0.074548,222.859,1873.864,156.037,224.914,1970.756,27.712,0.079176,222.379,1745.842,1.0029,1.0014,1.0651
chartqa,1792,chartqa_val_6,154.654,345.848,892.418,27.328,0.173298,222.682,546.57,156.14,229.206,783.981,27.739,0.199163,226.438,554.775,0.9905,1.5089,1.1383
chartqa,1792,chartqa_val_60,154.83,223.831,1059.721,29.853,0.146104,221.341,835.89,156.366,225.804,1050.309,29.447,0.148877,222.844,824.505,0.9902,0.9913,1.009
chartqa,1792,chartqa_val_61,159.019,228.335,2099.842,29.706,0.075729,225.898,1871.507,156.079,224.666,2051.157,28.992,0.076093,222.292,1826.491,1.0188,1.0163,1.0237
chartqa,1792,chartqa_val_62,154.672,223.437,906.277,31.038,0.170668,220.925,682.841,156.147,224.91,881.721,29.855,0.177093,222.551,656.811,0.9906,0.9935,1.0279
chartqa,1792,chartqa_val_63,154.889,223.636,1198.752,30.472,0.129208,221.283,975.116,155.971,224.219,1109.931,27.679,0.140523,221.94,885.712,0.9931,0.9974,1.08
chartqa,1792,chartqa_val_64,158.482,227.506,686.928,30.628,0.230712,224.848,459.422,155.894,224.451,688.35,30.927,0.226475,222.186,463.899,1.0166,1.0136,0.9979
chartqa,1792,chartqa_val_65,154.907,223.76,2049.773,28.984,0.075573,221.453,1826.013,155.97,224.623,2065.651,29.223,0.075506,222.351,1841.028,0.9932,0.9962,0.9923
chartqa,1792,chartqa_val_66,154.917,223.392,1079.171,29.51,0.143552,221.045,855.779,156.69,227.224,1159.351,32.142,0.135154,223.29,932.128,0.9887,0.9831,0.9308
chartqa,1792,chartqa_val_67,155.419,233.666,1956.796,27.351,0.079425,231.157,1723.129,156.041,225.047,2005.661,28.264,0.0778,222.383,1780.614,0.996,1.0383,0.9756
chartqa,1792,chartqa_val_68,158.412,227.609,482.579,28.33,0.328262,224.671,254.969,156.054,225.023,495.085,30.007,0.315206,222.522,270.062,1.0151,1.0115,0.9747
chartqa,1792,chartqa_val_69,157.062,225.701,1989.255,27.993,0.078955,223.483,1763.554,156.141,225.053,2111.687,29.947,0.073942,222.655,1886.634,1.0059,1.0029,0.942
chartqa,1792,chartqa_val_7,159.558,228.921,1058.985,30.743,0.150671,226.21,830.064,156.117,224.815,983.236,28.09,0.158779,222.595,758.421,1.022,1.0183,1.077
chartqa,1792,chartqa_val_70,154.967,223.822,2019.063,28.496,0.076752,221.369,1795.241,156.037,227.852,2100.942,29.732,0.07427,225.39,1873.09,0.9931,0.9823,0.961
chartqa,1792,chartqa_val_71,155.571,226.031,2017.009,28.428,0.07713,223.443,1790.978,156.66,233.757,2157.737,30.539,0.072604,230.874,1923.979,0.993,0.9669,0.9348
chartqa,1792,chartqa_val_72,155.448,224.381,682.185,28.613,0.227867,221.934,457.804,156.21,225.426,755.793,33.148,0.206683,222.894,530.367,0.9951,0.9954,0.9026
chartqa,1792,chartqa_val_73,154.636,223.843,1986.381,27.977,0.077848,221.231,1762.538,156.115,225.48,2049.423,28.951,0.076175,222.995,1823.943,0.9905,0.9927,0.9692
chartqa,1792,chartqa_val_74,155.445,224.196,698.451,27.897,0.222557,221.673,474.255,156.005,224.801,709.341,28.502,0.21993,222.308,484.539,0.9964,0.9973,0.9846
chartqa,1792,chartqa_val_75,155.305,227.675,2019.783,28.446,0.076892,225.337,1792.108,155.924,224.317,1978.89,27.85,0.078794,222.023,1754.573,0.996,1.015,1.0207
chartqa,1792,chartqa_val_76,156.111,226.489,620.481,30.307,0.251596,222.845,393.992,156.208,225.216,597.857,28.665,0.26128,222.544,372.641,0.9994,1.0057,1.0378
chartqa,1792,chartqa_val_77,154.739,223.357,2093.062,29.678,0.07393,220.954,1869.705,156.145,226.648,2057.29,29.058,0.075898,224.184,1830.642,0.991,0.9855,1.0174
chartqa,1792,chartqa_val_78,156.161,225.133,960.66,29.421,0.162556,222.704,735.527,157.429,227.066,920.813,27.75,0.170967,223.596,693.747,0.9919,0.9915,1.0433
chartqa,1792,chartqa_val_79,155.721,225.045,920.755,27.828,0.169123,222.045,695.709,156.301,225.329,958.799,29.339,0.163017,222.469,733.47,0.9963,0.9987,0.9603
chartqa,1792,chartqa_val_8,154.934,230.395,1121.921,28.759,0.138097,227.709,891.526,156.053,230.835,1186.815,30.838,0.131489,228.563,955.98,0.9928,0.9981,0.9453
chartqa,1792,chartqa_val_80,160.89,230.113,821.982,31.151,0.195734,227.794,591.869,156.38,224.882,769.903,27.251,0.203117,222.581,545.021,1.0288,1.0233,1.0676
chartqa,1792,chartqa_val_81,155.106,224.017,2029.724,28.662,0.076418,221.629,1805.707,156.149,225.215,2082.798,29.485,0.074971,222.566,1857.583,0.9933,0.9947,0.9745
chartqa,1792,chartqa_val_82,155.973,224.782,595.375,28.507,0.261974,222.394,370.593,156.008,224.512,597.939,28.725,0.26091,222.221,373.427,0.9998,1.0012,0.9957
chartqa,1792,chartqa_val_83,175.438,246.82,2016.316,28.087,0.087009,241.921,1769.497,156.088,225.084,2029.737,28.645,0.076901,222.33,1804.652,1.124,1.0966,0.9934
chartqa,1792,chartqa_val_84,156.783,225.825,933.717,30.778,0.167913,223.404,707.892,156.09,224.783,850.236,27.194,0.183584,222.349,625.453,1.0044,1.0046,1.0982
chartqa,1792,chartqa_val_85,154.521,223.311,2128.771,30.245,0.072587,220.92,1905.46,155.943,229.294,1950.232,27.316,0.079961,227.032,1720.937,0.9909,0.9739,1.0915
chartqa,1792,chartqa_val_86,156.444,225.407,825.348,27.27,0.189549,222.785,599.942,156.034,224.787,867.624,29.22,0.179841,222.302,642.837,1.0026,1.0028,0.9513
chartqa,1792,chartqa_val_87,158.75,227.338,1314.416,28.607,0.120776,225.025,1087.079,155.909,224.239,1264.401,27.373,0.123307,221.926,1040.162,1.0182,1.0138,1.0396
chartqa,1792,chartqa_val_88,159.387,228.139,1793.985,28.997,0.088845,225.817,1565.846,156.152,224.507,1650.219,26.402,0.094625,222.213,1425.712,1.0207,1.0162,1.0871
chartqa,1792,chartqa_val_89,156.345,225.19,2094.966,29.679,0.074629,222.899,1869.776,156.187,227.306,1913.601,26.767,0.081619,225.1,1686.295,1.001,0.9907,1.0948
chartqa,1792,chartqa_val_9,159.36,227.772,1942.419,27.217,0.082042,225.508,1714.646,155.953,224.258,2074.31,29.366,0.075183,222.051,1850.052,1.0218,1.0157,0.9364
chartqa,1792,chartqa_val_90,155.066,223.704,1486.57,28.701,0.104311,221.262,1262.866,156.036,224.191,1393.193,28.512,0.111999,221.922,1169.002,0.9938,0.9978,1.067
chartqa,1792,chartqa_val_91,155.236,224.017,1990.049,28.484,0.078006,221.657,1766.032,155.978,224.256,1934.443,27.584,0.080632,221.955,1710.187,0.9952,0.9989,1.0287
chartqa,1792,chartqa_val_92,155.983,224.798,599.345,28.811,0.260256,222.36,374.547,155.926,225.937,609.139,29.477,0.255978,223.584,383.202,1.0004,0.995,0.9839
chartqa,1792,chartqa_val_93,154.993,224.216,1513.492,29.983,0.102407,221.515,1289.277,156.057,224.672,1408.963,27.542,0.11076,222.152,1184.29,0.9932,0.998,1.0742
chartqa,1792,chartqa_val_94,156.464,225.148,2014.968,29.83,0.077651,222.721,1789.819,156.391,225.915,1858.766,27.214,0.084137,222.683,1632.851,1.0005,0.9966,1.084
chartqa,1792,chartqa_val_95,157.279,225.984,1992.018,28.032,0.078955,223.653,1766.035,155.862,224.164,1944.895,27.313,0.080139,221.892,1720.73,1.0091,1.0081,1.0242
chartqa,1792,chartqa_val_96,159.182,228.431,1188.464,29.092,0.133939,225.956,960.033,156.261,225.99,1134.262,27.523,0.137765,222.606,908.272,1.0187,1.0108,1.0478
chartqa,1792,chartqa_val_97,155.072,223.417,2054.078,29.058,0.075495,221.196,1830.661,156.006,224.585,2175.346,30.964,0.071716,222.208,1950.761,0.994,0.9948,0.9443
chartqa,1792,chartqa_val_98,155.916,224.292,2039.31,28.81,0.076455,222.07,1815.017,156.051,224.413,2128.751,30.228,0.073306,222.063,1904.338,0.9991,0.9995,0.958
chartqa,1792,chartqa_val_99,156.611,225.219,2109.15,29.904,0.074253,222.985,1883.931,156.123,224.772,2019.194,28.483,0.07732,222.345,1794.423,1.0031,1.002,1.0446
chartqa,448,chartqa_val_0,32.878,74.459,533.787,28.708,0.061595,62.691,459.328,18.811,50.405,539.662,30.579,0.034858,47.508,489.257,1.7478,1.4772,0.9891
chartqa,448,chartqa_val_1,23.412,56.277,2001.66,30.879,0.011696,51.712,1945.382,27.121,60.756,1898.925,29.177,0.014282,57.302,1838.169,0.8632,0.9263,1.0541
chartqa,448,chartqa_val_10,23.47,58.783,1908.302,29.357,0.012299,55.936,1849.519,16.995,50.787,1834.503,28.313,0.009264,48.056,1783.716,1.381,1.1574,1.0402
chartqa,448,chartqa_val_100,37.244,85.415,1718.812,30.248,0.021669,82.301,1633.397,18.344,52.246,1661.286,29.797,0.011042,49.269,1609.04,2.0303,1.6349,1.0346
chartqa,448,chartqa_val_101,34.087,76.377,1821.79,27.705,0.018711,73.42,1745.414,18.292,48.763,2003.877,31.034,0.009128,45.713,1955.114,1.8635,1.5663,0.9091
chartqa,448,chartqa_val_102,21.456,49.794,339.443,32.183,0.06321,47.058,289.649,19.886,59.763,489.282,33.04,0.040642,56.401,429.519,1.079,0.8332,0.6938
chartqa,448,chartqa_val_103,21.457,49.739,1101.151,29.206,0.019486,47.038,1051.412,33.132,76.858,1254.329,32.708,0.026414,70.956,1177.47,0.6476,0.6472,0.8779
chartqa,448,chartqa_val_104,23.637,55.256,408.886,32.148,0.057808,52.139,353.63,39.947,75.498,426.287,31.89,0.093709,69.415,350.79,0.5917,0.7319,0.9592
chartqa,448,chartqa_val_105,23.53,54.494,1820.451,30.982,0.012926,51.67,1765.957,18.648,50.913,1827.9,31.175,0.010202,47.812,1776.987,1.2618,1.0703,0.9959
chartqa,448,chartqa_val_106,21.394,52.02,990.411,27.6,0.021601,47.876,938.391,18.77,51.865,1165.562,32.756,0.016103,48.635,1113.698,1.1398,1.003,0.8497
chartqa,448,chartqa_val_107,24.664,59.705,2001.154,30.817,0.012325,56.373,1941.449,20.902,67.028,2066.564,31.739,0.010114,63.738,1999.536,1.18,0.8907,0.9683
chartqa,448,chartqa_val_108,26.302,57.328,419.876,30.212,0.062642,54.343,362.548,22.908,54.877,422.683,30.65,0.054196,51.496,367.806,1.1482,1.0447,0.9934
chartqa,448,chartqa_val_109,23.321,54.001,1979.103,30.557,0.011784,51.286,1925.102,18.155,49.737,2017.836,31.24,0.008997,46.903,1968.098,1.2845,1.0857,0.9808
chartqa,448,chartqa_val_11,34.216,81.761,1907.601,28.982,0.017936,77.926,1825.841,17.388,50.552,1807.663,27.891,0.009619,47.857,1757.111,1.9678,1.6174,1.0553
chartqa,448,chartqa_val_110,28.302,72.425,576.535,29.654,0.04909,69.451,504.11,27.643,79.139,541.725,27.211,0.051028,75.667,462.587,1.0238,0.9152,1.0643
chartqa,448,chartqa_val_111,22.933,53.663,1950.769,30.113,0.011756,50.695,1897.106,22.315,65.821,1924.837,29.508,0.011593,62.791,1859.016,1.0277,0.8153,1.0135
chartqa,448,chartqa_val_112,23.539,54.98,518.651,28.979,0.045385,51.864,463.671,17.36,47.936,454.725,31.292,0.038178,44.996,406.79,1.3559,1.1469,1.1406
chartqa,448,chartqa_val_113,23.554,64.453,1980.579,30.415,0.011893,61.946,1916.127,16.936,46.935,1880.426,29.103,0.009006,44.198,1833.49,1.3908,1.3732,1.0533
chartqa,448,chartqa_val_114,23.781,54.77,408.445,29.473,0.058224,51.796,353.676,19.232,52.69,457.444,33.73,0.042042,49.323,404.754,1.2365,1.0395,0.8929
chartqa,448,chartqa_val_115,24.201,55.574,2054.736,31.733,0.011778,52.566,1999.163,18.818,50.52,2055.062,31.818,0.009157,47.508,2004.542,1.2861,1.1,0.9998
chartqa,448,chartqa_val_116,24.36,55.833,310.594,28.307,0.078432,52.767,254.761,18.494,50.437,324.986,30.505,0.056907,47.081,274.549,1.3172,1.107,0.9557
chartqa,448,chartqa_val_117,22.558,52.904,821.855,30.758,0.027448,49.776,768.951,17.634,55.487,890.763,33.411,0.019796,52.433,835.276,1.2792,0.9534,0.9226
chartqa,448,chartqa_val_118,22.079,52.382,1144.529,28.741,0.019291,49.723,1092.147,19.176,51.17,1209.163,30.473,0.015859,48.015,1157.993,1.1514,1.0237,0.9465
chartqa,448,chartqa_val_119,21.676,50.221,1806.393,27.876,0.011999,47.481,1756.172,19.852,53.649,1959.013,30.244,0.010134,48.515,1905.364,1.0919,0.9361,0.9221
chartqa,448,chartqa_val_12,37.466,75.443,983.974,29.307,0.038076,72.015,908.531,17.055,46.483,886.826,27.108,0.019232,43.718,840.343,2.1968,1.623,1.1095
chartqa,448,chartqa_val_120,21.637,50.446,1865.434,28.809,0.011599,47.72,1814.988,24.903,69.071,1937.174,29.652,0.012855,66.095,1868.103,0.8689,0.7303,0.963
chartqa,448,chartqa_val_121,21.771,50.56,1808.782,27.908,0.012036,47.764,1758.222,17.129,47.507,1903.218,29.456,0.009,44.461,1855.711,1.271,1.0643,0.9504
chartqa,448,chartqa_val_122,24.083,59.316,1005.2,28.663,0.023958,53.794,945.883,26.812,57.63,1028.891,29.432,0.026059,54.793,971.26,0.8982,1.0293,0.977
chartqa,448,chartqa_val_123,23.554,69.568,2024.174,31.025,0.011637,66.831,1954.606,20.998,57.544,1948.014,30.007,0.010779,55.146,1890.47,1.1217,1.209,1.0391
chartqa,448,chartqa_val_124,22.054,56.375,931.92,26.532,0.023665,53.337,875.545,16.999,51.818,975.186,27.981,0.017432,49.011,923.368,1.2974,1.0879,0.9556
chartqa,448,chartqa_val_125,33.024,70.193,1809.301,27.605,0.018252,67.308,1739.108,16.868,46.814,1906.734,29.523,0.008847,44.044,1859.92,1.9578,1.4994,0.9489
chartqa,448,chartqa_val_126,23.876,56.127,1443.132,30.152,0.016544,52.878,1387.006,16.97,46.893,1419.804,29.846,0.011952,44.14,1372.911,1.407,1.1969,1.0164
chartqa,448,chartqa_val_127,21.913,51.413,863.715,25.384,0.02537,48.244,812.302,17.022,46.616,1001.95,28.95,0.016989,43.869,955.334,1.2873,1.1029,0.862
chartqa,448,chartqa_val_128,24.877,57.301,1609.434,31.676,0.015457,54.184,1552.133,18.483,50.779,1516.603,29.915,0.012187,47.861,1465.825,1.3459,1.1284,1.0612
chartqa,448,chartqa_val_129,23.907,54.768,1946.13,30.022,0.012284,51.792,1891.362,17.135,47.817,1934.403,29.946,0.008858,44.908,1886.586,1.3952,1.1454,1.0061
chartqa,448,chartqa_val_13,24.407,68.414,1991.058,30.518,0.012258,65.757,1922.645,16.91,56.314,1942.57,29.941,0.008705,53.441,1886.256,1.4433,1.2149,1.025
chartqa,448,chartqa_val_130,24.759,58.525,1090.218,30.344,0.02271,55.278,1031.694,29.933,66.934,1153.773,31.966,0.025944,61.053,1086.839,0.8271,0.8744,0.9449
chartqa,448,chartqa_val_131,23.946,55.067,1722.916,31.469,0.013898,52.22,1667.849,18.484,50.341,1675.181,30.657,0.011034,47.226,1624.841,1.2955,1.0939,1.0285
chartqa,448,chartqa_val_132,23.839,55.098,1978.681,30.533,0.012048,52.077,1923.583,18.291,50.631,1940.671,30.001,0.009425,47.283,1890.039,1.3033,1.0882,1.0196
chartqa,448,chartqa_val_133,24.94,56.82,1941.406,29.914,0.012846,53.588,1884.586,18.883,52.825,2044.375,31.612,0.009236,48.359,1991.55,1.3208,1.0756,0.9496
chartqa,448,chartqa_val_134,24.44,59.886,1014.815,30.804,0.024083,56.721,954.929,18.506,50.259,1014.088,31.091,0.018249,47.267,963.83,1.3207,1.1915,1.0007
chartqa,448,chartqa_val_135,46.963,102.982,2058.296,31.037,0.022817,86.106,1955.314,18.232,48.743,1901.422,29.408,0.009588,45.693,1852.679,2.5759,2.1128,1.0825
chartqa,448,chartqa_val_136,22.536,52.433,1173.408,28.743,0.019205,49.37,1120.975,18.154,55.12,1400.17,32.806,0.012966,52.117,1345.05,1.2414,0.9513,0.838
chartqa,448,chartqa_val_137,21.991,55.806,803.364,29.902,0.027374,53.077,747.558,18.363,54.216,791.597,29.495,0.023197,51.124,737.382,1.1976,1.0293,1.0149
chartqa,448,chartqa_val_138,21.734,50.74,1161.541,29.232,0.018711,47.989,1110.801,78.768,171.993,1095.632,27.989,0.071893,168.838,923.64,0.2759,0.295,1.0602
chartqa,448,chartqa_val_139,97.898,175.761,2117.276,30.818,0.046238,160.206,1941.516,16.804,45.853,771.079,26.86,0.021793,43.09,725.226,5.8259,3.8331,2.7459
chartqa,448,chartqa_val_14,28.846,72.59,1025.103,28.864,0.02814,69.122,952.513,19.206,51.152,984.217,28.275,0.019514,48.108,933.065,1.5019,1.4191,1.0415
chartqa,448,chartqa_val_140,24.94,57.128,1141.49,30.121,0.021848,53.966,1084.362,16.784,45.925,1053.964,28.001,0.015925,43.226,1008.038,1.4859,1.2439,1.083
chartqa,448,chartqa_val_141,24.416,55.89,2009.885,31.016,0.012148,52.881,1953.996,16.564,45.158,1809.263,28.002,0.009155,42.93,1764.105,1.474,1.2377,1.1109
chartqa,448,chartqa_val_142,24.863,57.741,642.965,32.512,0.038669,54.814,585.224,17.564,48.304,624.368,32.004,0.028131,45.497,576.064,1.4156,1.1954,1.0298
chartqa,448,chartqa_val_143,24.583,58.0,1600.522,31.48,0.015359,55.098,1542.522,17.366,47.239,1734.312,29.598,0.010013,45.123,1687.074,1.4156,1.2278,0.9229
chartqa,448,chartqa_val_144,24.015,55.625,966.677,31.416,0.024843,52.743,911.053,17.158,47.561,855.555,27.862,0.020055,44.802,807.993,1.3996,1.1696,1.1299
chartqa,448,chartqa_val_145,24.477,57.069,1860.871,30.063,0.013153,53.795,1803.802,18.144,55.327,1822.895,28.057,0.009954,45.049,1767.568,1.349,1.0315,1.0208
chartqa,448,chartqa_val_146,25.303,65.423,1666.016,31.384,0.015188,61.916,1600.593,17.611,56.467,1516.231,30.412,0.011615,53.409,1459.764,1.4368,1.1586,1.0988
chartqa,448,chartqa_val_147,24.811,58.393,1921.153,29.568,0.012915,55.244,1862.761,17.852,49.064,1912.499,29.578,0.009335,46.153,1863.435,1.3898,1.1901,1.0045
chartqa,448,chartqa_val_148,24.229,56.188,663.959,31.988,0.036492,53.058,607.772,17.034,46.813,861.133,28.08,0.019781,44.376,814.32,1.4224,1.2003,0.771
chartqa,448,chartqa_val_149,23.91,55.329,2005.27,30.951,0.011924,52.458,1949.94,17.061,50.874,1902.818,29.396,0.008966,45.356,1851.944,1.4014,1.0876,1.0538
chartqa,448,chartqa_val_15,22.292,51.083,1929.675,29.819,0.011552,48.302,1878.592,17.391,47.568,1911.326,29.583,0.009099,44.701,1863.758,1.2818,1.0739,1.0096
chartqa,448,chartqa_val_150,21.7,51.084,1156.892,28.354,0.018757,47.977,1105.809,18.322,50.381,697.542,32.358,0.026266,47.166,647.161,1.1844,1.014,1.6585
chartqa,448,chartqa_val_151,34.121,75.384,1871.154,28.504,0.018235,72.593,1795.77,17.821,48.266,1930.62,29.879,0.009231,45.422,1882.354,1.9147,1.5618,0.9692
chartqa,448,chartqa_val_152,20.91,48.265,304.842,28.508,0.068595,46.31,256.576,21.43,55.922,309.657,28.193,0.069206,52.875,253.735,0.9757,0.8631,0.9845
chartqa,448,chartqa_val_153,21.238,49.31,299.044,24.973,0.071019,46.535,249.734,17.668,48.999,997.014,30.581,0.017721,45.92,948.015,1.2021,1.0063,0.2999
chartqa,448,chartqa_val_154,38.519,86.393,1894.75,30.139,0.02033,79.963,1808.356,17.739,48.28,1849.199,30.015,0.009593,45.46,1800.919,2.1714,1.7894,1.0246
chartqa,448,chartqa_val_155,32.804,64.274,718.693,28.453,0.045644,58.679,654.419,17.127,46.473,720.083,29.287,0.023785,43.702,673.611,1.9153,1.383,0.9981
chartqa,448,chartqa_val_156,30.643,63.289,1957.431,30.066,0.015655,59.962,1894.141,17.057,46.439,1806.949,27.945,0.00944,43.744,1760.51,1.7965,1.3628,1.0833
chartqa,448,chartqa_val_157,22.055,50.774,1788.026,27.575,0.012335,48.5,1737.252,17.04,49.137,1817.997,28.077,0.009373,46.231,1768.859,1.2943,1.0333,0.9835
chartqa,448,chartqa_val_158,21.682,50.522,957.097,28.33,0.022654,47.785,906.575,16.971,52.754,922.491,28.991,0.018397,49.882,869.737,1.2776,0.9577,1.0375
chartqa,448,chartqa_val_159,21.627,49.964,484.085,27.133,0.044676,47.254,434.121,17.527,207.902,676.143,29.265,0.025922,205.014,468.24,1.2339,0.2403,0.716
chartqa,448,chartqa_val_16,29.722,75.837,966.01,29.672,0.030768,72.171,890.174,22.59,68.831,945.818,29.233,0.023884,65.321,876.987,1.3157,1.1018,1.0213
chartqa,448,chartqa_val_160,35.266,75.659,760.182,28.522,0.046392,66.918,684.523,19.585,53.86,800.211,31.098,0.024474,49.946,746.351,1.8007,1.4047,0.95
chartqa,448,chartqa_val_161,21.743,63.509,1843.634,28.256,0.011793,60.521,1780.125,22.887,68.612,1915.037,29.308,0.011951,65.142,1846.425,0.95,0.9256,0.9627
chartqa,448,chartqa_val_162,24.317,56.127,1137.374,33.789,0.02138,53.181,1081.247,46.316,85.326,338.086,28.084,0.136996,78.027,252.76,0.525,0.6578,3.3642
chartqa,448,chartqa_val_163,43.52,98.323,1889.765,28.436,0.023029,94.329,1791.441,18.839,51.416,1979.318,30.602,0.009518,48.373,1927.902,2.3101,1.9123,0.9548
chartqa,448,chartqa_val_164,105.524,180.358,1324.122,28.594,0.079693,153.612,1143.765,17.262,46.59,1207.899,29.033,0.014291,43.698,1161.308,6.1131,3.8712,1.0962
chartqa,448,chartqa_val_165,21.372,50.277,1058.178,28.797,0.020197,47.569,1007.901,16.94,45.635,1277.186,29.323,0.013264,43.416,1231.55,1.2616,1.1017,0.8285
chartqa,448,chartqa_val_166,21.551,49.843,1845.136,28.497,0.01168,47.178,1795.294,16.795,46.042,1874.022,29.016,0.008962,43.27,1827.98,1.2832,1.0826,0.9846
chartqa,448,chartqa_val_167,21.467,55.454,1424.366,27.937,0.015071,51.592,1368.912,18.241,70.854,1531.538,29.81,0.01191,65.408,1460.685,1.1769,0.7827,0.93
chartqa,448,chartqa_val_168,22.858,51.28,364.156,31.288,0.062769,49.039,312.876,17.291,51.689,367.391,31.57,0.047064,48.851,315.701,1.322,0.9921,0.9912
chartqa,448,chartqa_val_169,26.6,71.009,1775.339,27.053,0.014983,68.183,1704.331,17.402,55.187,1876.511,28.91,0.009273,52.323,1821.324,1.5286,1.2867,0.9461
chartqa,448,chartqa_val_17,22.151,56.695,1826.181,28.087,0.01213,53.694,1769.486,17.386,52.748,1887.445,29.122,0.009211,49.732,1834.697,1.2741,1.0748,0.9675
chartqa,448,chartqa_val_170,24.107,62.076,938.992,27.404,0.025673,50.225,876.916,33.543,69.039,968.306,28.102,0.034641,61.102,899.267,0.7187,0.8991,0.9697
chartqa,448,chartqa_val_171,21.625,55.515,1778.742,27.353,0.012158,47.415,1723.227,18.322,48.431,1903.44,29.445,0.009626,45.575,1855.008,1.1803,1.1463,0.9345
chartqa,448,chartqa_val_172,38.301,80.675,1532.205,26.391,0.024997,77.755,1451.529,17.626,48.094,1641.507,28.971,0.010738,45.23,1593.413,2.173,1.6774,0.9334
chartqa,448,chartqa_val_173,24.982,76.291,1842.384,28.033,0.01356,73.397,1766.093,18.87,73.05,1935.808,29.568,0.009748,70.055,1862.758,1.3239,1.0444,0.9517
chartqa,448,chartqa_val_174,24.701,57.63,1071.871,30.735,0.023044,54.213,1014.241,18.288,60.979,1683.552,29.501,0.010863,57.982,1622.573,1.3507,0.9451,0.6367
chartqa,448,chartqa_val_175,22.646,52.815,1878.206,28.974,0.012057,49.79,1825.391,17.175,47.719,1905.769,29.493,0.009012,44.902,1858.05,1.3185,1.1068,0.9855
chartqa,448,chartqa_val_176,25.012,57.441,2089.006,32.247,0.011973,54.454,2031.565,21.752,65.949,1884.772,28.87,0.011541,57.004,1818.823,1.1499,0.871,1.1084
chartqa,448,chartqa_val_177,25.634,59.843,2141.022,33.035,0.011973,57.045,2081.179,19.676,49.477,1827.565,28.224,0.010766,46.586,1778.089,1.3028,1.2095,1.1715
chartqa,448,chartqa_val_178,25.45,58.073,2068.676,31.914,0.012302,54.904,2010.603,17.096,46.537,1841.448,28.491,0.009284,43.745,1794.912,1.4887,1.2479,1.1234
chartqa,448,chartqa_val_179,24.939,56.971,1967.207,30.321,0.012677,53.906,1910.236,16.955,46.744,1833.469,28.361,0.009247,43.951,1786.724,1.4709,1.2188,1.0729
chartqa,448,chartqa_val_18,24.48,62.13,489.271,30.51,0.050033,58.813,427.142,16.906,51.011,483.195,30.87,0.034988,48.217,432.184,1.448,1.218,1.0126
chartqa,448,chartqa_val_180,24.604,56.521,652.245,31.354,0.037723,53.47,595.724,21.35,64.879,624.011,29.428,0.034214,61.885,559.132,1.1524,0.8712,1.0452
chartqa,448,chartqa_val_181,33.108,78.211,1105.601,30.217,0.029946,75.171,1027.39,16.487,47.063,924.294,26.583,0.017838,42.717,877.231,2.0081,1.6618,1.1962
chartqa,448,chartqa_val_182,39.297,83.705,2032.132,30.927,0.019338,77.847,1948.427,17.157,55.046,1805.979,27.793,0.0095,52.99,1750.933,2.2904,1.5206,1.1252
chartqa,448,chartqa_val_183,24.927,56.707,1944.376,29.963,0.01282,53.988,1887.669,43.321,87.599,1891.738,28.637,0.0229,84.358,1804.14,0.5754,0.6473,1.0278
chartqa,448,chartqa_val_184,25.75,58.017,1955.801,30.124,0.013166,54.824,1897.784,18.003,48.818,1856.807,28.698,0.009696,45.882,1807.989,1.4303,1.1884,1.0533
chartqa,448,chartqa_val_185,25.564,58.269,1589.52,30.625,0.016083,55.277,1531.251,17.939,48.918,1515.547,29.333,0.011836,45.93,1466.629,1.4251,1.1912,1.0488
chartqa,448,chartqa_val_186,24.555,56.63,778.195,31.372,0.031553,53.583,721.564,17.806,48.259,706.687,28.627,0.025196,45.413,658.429,1.379,1.1735,1.1012
chartqa,448,chartqa_val_187,23.77,55.299,1815.559,29.835,0.013092,52.389,1760.26,17.237,47.7,1773.394,29.249,0.00972,44.913,1725.694,1.379,1.1593,1.0238
chartqa,448,chartqa_val_188,34.222,68.155,2011.44,30.846,0.017013,62.699,1943.285,17.688,48.189,2001.164,31.0,0.008839,45.356,1952.975,1.9348,1.4143,1.0051
chartqa,448,chartqa_val_189,22.525,51.916,1800.876,28.671,0.012508,49.302,1748.96,18.286,49.473,1883.345,30.063,0.009709,46.536,1833.872,1.2318,1.0494,0.9562
chartqa,448,chartqa_val_19,28.132,66.614,2094.143,32.183,0.013434,62.59,2027.529,16.794,45.834,1934.983,29.987,0.008679,43.069,1889.15,1.6751,1.4534,1.0823
chartqa,448,chartqa_val_190,22.285,51.352,903.739,28.413,0.024658,48.513,852.388,28.243,69.819,966.143,29.877,0.029233,63.067,896.324,0.789,0.7355,0.9354
chartqa,448,chartqa_val_191,21.954,50.804,524.863,27.886,0.041828,48.07,474.058,16.983,46.691,552.496,29.753,0.03074,43.87,505.805,1.2927,1.0881,0.95
chartqa,448,chartqa_val_192,30.086,62.106,1787.296,27.384,0.016833,56.297,1725.19,17.059,46.638,1812.268,28.026,0.009413,43.857,1765.629,1.7636,1.3317,0.9862
chartqa,448,chartqa_val_193,22.043,55.629,1483.778,28.563,0.014856,52.732,1428.149,16.905,51.995,1560.131,30.778,0.010835,49.165,1508.136,1.3039,1.0699,0.9511
chartqa,448,chartqa_val_194,26.122,60.255,954.476,31.936,0.027368,57.265,894.221,18.479,49.601,893.44,30.137,0.020682,46.686,843.838,1.4136,1.2148,1.0683
chartqa,448,chartqa_val_195,23.728,54.803,1600.86,29.732,0.014822,51.939,1546.057,17.303,48.375,1716.098,29.781,0.010083,45.354,1667.722,1.3713,1.1329,0.9328
chartqa,448,chartqa_val_196,23.874,55.025,849.892,31.795,0.02809,52.153,794.867,16.957,45.72,789.112,29.736,0.021488,43.488,743.393,1.4079,1.2035,1.077
chartqa,448,chartqa_val_197,24.649,57.387,1057.087,32.248,0.023318,53.616,999.7,17.003,46.476,945.8,29.977,0.017977,43.747,899.325,1.4497,1.2348,1.1177
chartqa,448,chartqa_val_198,24.623,57.033,516.78,32.839,0.047646,53.886,459.747,17.0,46.641,477.302,30.761,0.035617,43.881,430.661,1.4484,1.2228,1.0827
chartqa,448,chartqa_val_199,24.403,56.151,2010.797,31.026,0.012136,53.095,1954.647,17.893,47.097,1907.616,29.532,0.00938,44.395,1860.518,1.3638,1.1922,1.0541
chartqa,448,chartqa_val_2,22.101,63.174,1706.553,26.941,0.012951,60.116,1643.38,19.052,61.429,1824.474,28.902,0.010442,58.482,1763.045,1.16,1.0284,0.9354
chartqa,448,chartqa_val_20,25.26,56.863,586.658,31.164,0.043057,54.342,529.795,38.245,75.396,568.727,29.019,0.067248,66.585,493.33,0.6605,0.7542,1.0315
chartqa,448,chartqa_val_200,30.963,76.748,1236.832,33.145,0.025034,73.585,1160.083,17.345,47.266,1136.27,31.114,0.015265,44.516,1089.004,1.7851,1.6237,1.0885
chartqa,448,chartqa_val_201,24.16,55.597,711.896,31.252,0.033938,52.687,656.299,16.818,46.17,670.76,29.742,0.025074,43.468,624.59,1.4366,1.2042,1.0613
chartqa,448,chartqa_val_202,24.124,55.687,312.583,32.112,0.077176,52.865,256.896,16.962,46.358,284.392,29.754,0.059642,43.599,238.034,1.4222,1.2012,1.0991
chartqa,448,chartqa_val_203,23.537,54.909,1960.944,30.255,0.012003,52.072,1906.035,16.91,52.953,1893.137,29.209,0.008932,50.114,1840.184,1.3919,1.0369,1.0358
chartqa,448,chartqa_val_204,24.606,56.971,1370.087,31.265,0.017959,53.725,1313.116,17.256,49.68,1279.938,29.292,0.013482,46.908,1230.259,1.4259,1.1468,1.0704
chartqa,448,chartqa_val_205,23.242,59.229,1835.463,28.194,0.012663,50.102,1776.234,17.589,52.978,1920.763,29.647,0.009157,49.988,1867.786,1.3214,1.118,0.9556
chartqa,448,chartqa_val_206,22.081,50.958,1733.153,26.702,0.01274,48.172,1682.195,17.057,47.127,1985.931,30.775,0.008589,44.37,1938.804,1.2945,1.0813,0.8727
chartqa,448,chartqa_val_207,25.627,60.123,1536.888,30.766,0.016675,54.981,1476.765,20.31,53.796,1529.735,30.749,0.013277,50.679,1475.939,1.2618,1.1176,1.0047
chartqa,448,chartqa_val_208,35.911,72.406,292.074,31.381,0.122952,66.526,219.668,27.5,73.268,273.607,28.62,0.100509,70.086,200.339,1.3059,0.9882,1.0675
chartqa,448,chartqa_val_209,23.484,54.558,1922.631,29.652,0.012214,51.665,1868.073,17.977,49.122,1991.36,30.829,0.009028,46.407,1942.238,1.3063,1.1107,0.9655
chartqa,448,chartqa_val_21,24.579,61.106,2053.582,31.627,0.011969,58.035,1992.477,16.861,52.189,1890.575,29.181,0.008919,49.408,1838.386,1.4577,1.1709,1.0862
chartqa,448,chartqa_val_210,23.722,54.837,611.88,29.318,0.038769,51.906,557.043,18.018,49.408,597.818,28.864,0.030139,46.606,548.41,1.3166,1.1099,1.0235
chartqa,448,chartqa_val_211,35.357,81.769,1980.594,30.626,0.017852,78.44,1898.825,18.159,49.367,1987.761,31.264,0.009135,46.576,1938.395,1.9471,1.6563,0.9964
chartqa,448,chartqa_val_212,26.833,61.123,397.915,30.617,0.067433,58.062,336.792,20.214,54.551,379.95,29.582,0.053202,51.234,325.4,1.3274,1.1205,1.0473
chartqa,448,chartqa_val_213,23.704,54.749,1998.023,30.846,0.011864,51.771,1943.274,28.324,78.22,2123.75,32.469,0.013337,71.612,2045.53,0.8369,0.6999,0.9408
chartqa,448,chartqa_val_214,25.738,58.014,421.74,30.311,0.061029,54.803,363.726,19.872,53.111,410.471,29.78,0.048413,50.473,357.36,1.2952,1.0923,1.0275
chartqa,448,chartqa_val_215,24.055,55.623,2092.222,32.327,0.011497,52.738,2036.599,35.621,81.009,1982.368,30.18,0.017969,74.095,1901.36,0.6753,0.6866,1.0554
chartqa,448,chartqa_val_216,26.55,60.745,236.251,29.251,0.11238,57.639,175.506,18.294,49.678,235.677,31.0,0.077623,46.673,185.999,1.4513,1.2228,1.0024
chartqa,448,chartqa_val_217,23.973,56.427,2039.727,31.481,0.011753,53.606,1983.3,19.606,54.834,2022.089,31.226,0.009696,49.251,1967.255,1.2227,1.0291,1.0087
chartqa,448,chartqa_val_218,50.423,85.886,254.565,28.113,0.198076,79.593,168.679,18.177,49.363,216.908,27.924,0.083801,46.468,167.545,2.774,1.7399,1.1736
chartqa,448,chartqa_val_219,23.725,55.142,2000.846,30.884,0.011858,52.282,1945.704,21.342,66.822,2010.729,30.856,0.010614,63.895,1943.907,1.1117,0.8252,0.9951
chartqa,448,chartqa_val_22,25.082,61.375,1286.197,30.621,0.019501,53.543,1224.822,28.909,74.729,1259.078,29.609,0.02296,71.424,1184.349,0.8676,0.8213,1.0215
chartqa,448,chartqa_val_220,24.532,56.654,1969.944,30.37,0.012453,53.415,1913.29,18.859,51.387,2033.304,31.459,0.009275,48.447,1981.917,1.3008,1.1025,0.9688
chartqa,448,chartqa_val_221,22.268,52.161,1707.226,28.052,0.013043,49.101,1655.065,19.121,51.688,1873.595,31.412,0.010206,48.556,1821.907,1.1646,1.0092,0.9112
chartqa,448,chartqa_val_222,22.063,51.112,1839.028,28.38,0.011997,48.259,1787.917,18.933,51.636,1971.107,30.468,0.009605,48.526,1919.471,1.1653,0.9899,0.933
chartqa,448,chartqa_val_223,30.212,58.749,1861.488,28.615,0.01623,56.234,1802.74,25.637,62.692,1953.969,30.02,0.013121,54.223,1891.277,1.1785,0.9371,0.9527
chartqa,448,chartqa_val_224,22.019,50.546,310.877,28.926,0.070829,47.717,260.332,18.645,49.937,305.354,28.38,0.06106,47.481,255.417,1.181,1.0122,1.0181
chartqa,448,chartqa_val_225,21.738,50.451,434.595,27.439,0.05002,47.672,384.144,26.913,64.955,480.237,29.663,0.056041,62.046,415.282,0.8077,0.7767,0.905
chartqa,448,chartqa_val_226,22.053,52.4,1194.08,29.274,0.018468,49.431,1141.68,17.928,48.398,1266.462,31.232,0.014156,45.428,1218.065,1.2301,1.0827,0.9428
chartqa,448,chartqa_val_227,22.206,51.418,781.126,31.726,0.028428,48.651,729.708,17.007,47.862,720.916,29.263,0.023591,45.057,673.054,1.3057,1.0743,1.0835
chartqa,448,chartqa_val_228,21.452,50.245,398.158,28.993,0.053877,47.55,347.913,16.74,46.049,434.981,32.411,0.038484,43.344,388.932,1.2815,1.0911,0.9153
chartqa,448,chartqa_val_229,27.509,68.389,985.149,33.954,0.027923,65.673,916.76,16.762,46.439,944.49,30.967,0.017747,43.694,898.052,1.6412,1.4727,1.043
chartqa,448,chartqa_val_23,23.955,55.64,1806.949,29.683,0.013257,52.595,1751.309,17.903,48.663,1850.392,30.538,0.009675,45.787,1801.729,1.338,1.1434,0.9765
chartqa,448,chartqa_val_230,24.366,56.034,1987.993,30.666,0.012257,53.019,1931.96,37.236,96.45,2073.421,31.38,0.017959,92.046,1976.971,0.6544,0.581,0.9588
chartqa,448,chartqa_val_231,24.59,56.462,1635.561,29.794,0.015035,53.406,1579.099,18.148,49.234,1592.617,29.12,0.011395,46.305,1543.383,1.355,1.1468,1.027
chartqa,448,chartqa_val_232,38.23,71.141,564.856,29.042,0.06768,65.18,493.715,18.392,49.323,575.012,30.923,0.031986,46.393,525.689,2.0786,1.4423,0.9823
chartqa,448,chartqa_val_233,24.904,57.452,1956.764,30.148,0.012727,54.193,1899.313,18.84,49.301,1926.141,29.791,0.009781,47.1,1876.84,1.3219,1.1653,1.0159
chartqa,448,chartqa_val_234,24.259,55.862,1459.346,30.511,0.016623,52.773,1403.484,19.593,52.194,1499.849,31.471,0.013064,49.12,1447.655,1.2381,1.0703,0.973
chartqa,448,chartqa_val_235,24.384,55.915,834.125,29.931,0.029233,52.852,778.209,18.657,50.567,862.591,31.232,0.021629,47.589,812.023,1.307,1.1058,0.967
chartqa,448,chartqa_val_236,23.9,54.926,1793.538,29.976,0.013325,52.025,1738.612,19.607,51.823,1778.46,29.77,0.011025,49.112,1726.637,1.219,1.0599,1.0085
chartqa,448,chartqa_val_237,31.656,77.399,822.184,32.382,0.038502,74.171,744.785,18.051,48.589,801.149,32.72,0.022531,45.762,752.56,1.7537,1.5929,1.0263
chartqa,448,chartqa_val_238,23.837,55.093,223.721,28.105,0.106547,52.256,168.628,17.93,50.629,218.852,28.037,0.081929,47.644,168.223,1.3294,1.0882,1.0222
chartqa,448,chartqa_val_239,25.924,56.544,1795.853,27.608,0.014436,53.336,1739.309,17.707,47.9,1958.785,30.332,0.00904,45.124,1910.885,1.4641,1.1805,0.9168
chartqa,448,chartqa_val_24,25.222,58.39,839.616,31.249,0.03004,55.194,781.226,18.203,49.2,768.036,29.951,0.0237,46.227,718.836,1.3856,1.1868,1.0932
chartqa,448,chartqa_val_240,25.225,54.562,1845.723,28.431,0.013667,51.567,1791.16,17.837,48.957,1650.286,30.214,0.010809,46.129,1601.329,1.4142,1.1145,1.1184
chartqa,448,chartqa_val_241,35.253,78.594,1990.188,30.343,0.017713,72.201,1911.594,24.263,59.278,2001.035,30.822,0.012125,53.169,1941.757,1.453,1.3259,0.9946
chartqa,448,chartqa_val_242,75.628,110.887,256.632,29.149,0.294695,104.548,145.745,18.724,62.942,846.755,31.353,0.022112,59.795,783.814,4.0391,1.7617,0.3031
chartqa,448,chartqa_val_243,22.535,52.972,1804.408,27.801,0.012489,50.021,1751.436,27.579,60.403,1894.618,29.115,0.014556,57.468,1834.215,0.8171,0.877,0.9524
chartqa,448,chartqa_val_244,59.131,94.58,1503.02,32.01,0.039342,88.883,1408.44,17.754,53.074,1342.694,29.31,0.013222,49.734,1289.62,3.3306,1.782,1.1194
chartqa,448,chartqa_val_245,31.021,75.615,918.183,28.086,0.033785,73.111,842.568,17.492,61.452,915.518,28.469,0.019106,58.482,854.066,1.7734,1.2305,1.0029
chartqa,448,chartqa_val_246,24.027,55.77,1342.127,29.915,0.017902,52.704,1286.358,17.403,61.321,1283.21,28.416,0.013562,58.394,1221.889,1.3806,0.9095,1.0459
chartqa,448,chartqa_val_247,24.019,55.644,1938.64,29.889,0.01239,52.611,1882.996,18.445,50.044,1851.037,28.587,0.009965,47.172,1800.993,1.3022,1.1119,1.0473
chartqa,448,chartqa_val_248,24.426,56.619,821.481,30.594,0.029734,53.372,764.862,17.003,46.699,744.467,27.911,0.022839,43.923,697.768,1.4366,1.2124,1.1034
chartqa,448,chartqa_val_249,24.643,56.45,1932.368,29.776,0.012753,53.371,1875.918,17.079,46.742,1878.183,29.071,0.009093,44.031,1831.442,1.4429,1.2077,1.0288
chartqa,448,chartqa_val_25,24.675,56.346,1169.3,30.915,0.021103,53.316,1112.954,18.28,49.405,1177.162,31.327,0.015529,46.365,1127.757,1.3498,1.1405,0.9933
chartqa,448,chartqa_val_250,23.814,54.758,1971.464,30.424,0.012079,51.737,1916.706,17.47,47.515,1903.619,29.462,0.009177,44.698,1856.104,1.3631,1.1524,1.0356
chartqa,448,chartqa_val_251,24.073,55.186,1975.486,30.481,0.012186,52.257,1920.3,17.442,47.817,1878.217,29.054,0.009286,44.985,1830.4,1.3802,1.1541,1.0518
chartqa,448,chartqa_val_252,23.408,54.046,250.931,28.126,0.093285,51.17,196.885,17.32,47.343,265.887,31.221,0.065142,44.484,218.544,1.3515,1.1416,0.9438
chartqa,448,chartqa_val_253,34.871,305.095,2144.443,29.196,0.016261,302.448,1839.348,17.617,47.875,806.754,31.62,0.021837,45.111,758.878,1.9794,6.3727,2.6581
chartqa,448,chartqa_val_254,38.708,80.466,1853.575,28.145,0.020883,73.204,1773.109,17.451,48.829,1844.679,28.506,0.00946,46.04,1795.85,2.2181,1.6479,1.0048
chartqa,448,chartqa_val_255,22.397,52.381,78.385,26.004,0.285725,49.086,26.004,27.265,72.446,100.058,27.612,0.272491,68.683,27.612,0.8215,0.723,0.7834
chartqa,448,chartqa_val_256,21.442,50.009,617.756,27.036,0.03471,47.239,567.747,19.107,51.163,663.77,29.172,0.028786,48.314,612.607,1.1222,0.9774,0.9307
chartqa,448,chartqa_val_257,21.428,49.985,1853.64,28.629,0.01156,47.217,1803.655,17.454,48.763,2014.032,31.195,0.008666,46.024,1965.269,1.2277,1.0251,0.9204
chartqa,448,chartqa_val_258,21.53,50.112,1056.481,27.955,0.020379,47.353,1006.369,17.723,48.096,1084.749,28.796,0.016339,45.271,1036.653,1.2148,1.0419,0.9739
chartqa,448,chartqa_val_259,21.894,50.875,1775.814,27.38,0.012329,48.054,1724.939,19.106,52.783,2070.25,32.023,0.009229,49.362,2017.467,1.1459,0.9639,0.8578
chartqa,448,chartqa_val_26,24.13,55.886,1052.011,32.133,0.022937,52.724,996.124,26.675,95.106,966.968,28.125,0.027586,90.549,871.862,0.9046,0.5876,1.0879
chartqa,448,chartqa_val_260,21.945,64.945,1350.28,29.212,0.016252,62.013,1285.335,18.753,50.354,1395.653,30.575,0.013437,47.347,1345.299,1.1702,1.2898,0.9675
chartqa,448,chartqa_val_261,21.872,50.478,1834.348,28.315,0.011924,47.663,1783.87,18.88,50.283,1844.95,28.487,0.010233,47.175,1794.667,1.1585,1.0039,0.9943
chartqa,448,chartqa_val_262,21.928,52.092,1884.289,29.082,0.011637,48.294,1832.197,17.505,47.772,1869.588,28.918,0.009363,44.93,1821.816,1.2527,1.0904,1.0079
chartqa,448,chartqa_val_263,21.394,49.662,1860.513,28.744,0.011499,46.927,1810.851,22.184,58.225,1894.228,29.143,0.011711,49.368,1836.002,0.9644,0.8529,0.9822
chartqa,448,chartqa_val_264,21.174,49.115,1192.918,27.898,0.01775,46.366,1143.803,17.987,47.088,1219.302,28.591,0.014752,44.251,1172.215,1.1772,1.043,0.9784
chartqa,448,chartqa_val_265,22.927,64.792,1030.612,28.406,0.022246,61.986,965.82,16.79,50.074,1052.734,29.49,0.015949,43.64,1002.66,1.3655,1.2939,0.979
chartqa,448,chartqa_val_266,21.493,49.502,1764.6,27.663,0.01218,46.9,1715.098,17.226,46.726,1844.812,29.001,0.009338,43.964,1798.086,1.2477,1.0594,0.9565
chartqa,448,chartqa_val_267,31.229,72.883,1764.914,26.858,0.017694,70.052,1692.031,17.149,47.761,1795.097,27.735,0.009553,43.742,1747.335,1.821,1.526,0.9832
chartqa,448,chartqa_val_268,21.092,49.107,665.235,28.006,0.031705,46.433,616.127,17.868,47.905,690.455,29.207,0.025878,45.037,642.549,1.1804,1.0251,0.9635
chartqa,448,chartqa_val_269,21.3,49.177,1790.524,27.64,0.011896,46.536,1741.346,16.974,46.269,1932.347,29.938,0.008784,43.402,1886.078,1.2549,1.0628,0.9266
chartqa,448,chartqa_val_27,34.488,78.635,1435.327,30.149,0.024028,75.56,1356.692,17.123,46.711,1308.015,28.029,0.013091,43.935,1261.304,2.0141,1.6834,1.0973
chartqa,448,chartqa_val_270,21.546,50.25,1342.879,25.346,0.016045,47.53,1292.629,17.55,48.451,1469.528,27.864,0.011943,45.459,1421.077,1.2277,1.0371,0.9138
chartqa,448,chartqa_val_271,31.856,64.927,1859.47,28.485,0.017132,62.162,1794.542,48.147,86.628,2022.591,30.73,0.023805,77.455,1935.963,0.6616,0.7495,0.9194
chartqa,448,chartqa_val_272,22.473,51.918,978.195,29.88,0.022974,48.732,926.277,18.303,50.046,1067.388,32.817,0.017148,47.138,1017.342,1.2278,1.0374,0.9164
chartqa,448,chartqa_val_273,30.658,75.896,1806.106,27.464,0.016975,72.976,1730.21,17.585,48.178,2035.197,31.54,0.00864,45.315,1987.019,1.7434,1.5753,0.8874
chartqa,448,chartqa_val_274,21.908,50.924,1256.237,29.398,0.017439,47.767,1205.313,18.902,52.042,1817.533,32.1,0.0104,48.819,1765.491,1.159,0.9785,0.6912
chartqa,448,chartqa_val_275,34.923,71.295,2044.726,31.324,0.017079,65.33,1973.431,18.907,50.885,2014.06,31.162,0.009388,47.856,1963.175,1.8471,1.4011,1.0152
chartqa,448,chartqa_val_276,24.538,56.686,483.765,30.506,0.050723,53.431,427.079,18.449,80.2,546.658,33.318,0.033748,76.81,466.458,1.33,0.7068,0.885
chartqa,448,chartqa_val_277,24.075,55.651,1142.569,32.937,0.021071,52.672,1086.918,17.669,56.643,1124.947,32.373,0.015707,53.646,1068.304,1.3626,0.9825,1.0157
chartqa,448,chartqa_val_278,23.86,55.693,642.816,30.901,0.037118,52.833,587.123,17.477,48.141,568.466,27.386,0.030745,45.208,520.326,1.3652,1.1569,1.1308
chartqa,448,chartqa_val_279,23.705,57.436,2014.35,31.062,0.011768,54.538,1956.914,17.407,48.441,1920.365,29.713,0.009065,45.564,1871.924,1.3618,1.1857,1.0489
chartqa,448,chartqa_val_28,24.382,60.518,1213.215,29.556,0.020097,57.276,1152.696,17.031,50.779,1203.705,29.562,0.014149,48.004,1152.926,1.4316,1.1918,1.0079
chartqa,448,chartqa_val_280,24.512,57.319,1964.282,30.269,0.012479,54.17,1906.964,23.505,68.41,1888.931,28.897,0.012444,65.336,1820.521,1.0428,0.8379,1.0399
chartqa,448,chartqa_val_281,24.638,56.461,1714.047,30.696,0.014374,53.375,1657.586,17.222,52.667,1706.868,30.633,0.01009,49.65,1654.201,1.4306,1.072,1.0042
chartqa,448,chartqa_val_282,24.39,56.023,599.631,28.611,0.040674,53.045,543.609,19.066,51.088,629.009,30.417,0.030312,48.275,577.921,1.2792,1.0966,0.9533
chartqa,448,chartqa_val_283,24.031,58.167,1990.41,30.671,0.012074,55.162,1932.243,17.111,47.627,2034.476,31.537,0.00841,44.793,1986.849,1.4044,1.2213,0.9783
chartqa,448,chartqa_val_284,24.622,56.668,805.795,31.214,0.030556,53.683,749.128,18.978,51.705,744.723,28.876,0.025483,48.442,693.018,1.2974,1.096,1.082
chartqa,448,chartqa_val_285,35.989,83.572,1985.81,30.194,0.018123,74.579,1902.238,17.47,47.684,1662.495,28.836,0.010508,45.403,1614.811,2.06,1.7526,1.1945
chartqa,448,chartqa_val_286,36.27,79.678,981.281,32.2,0.036962,76.175,901.603,16.938,46.915,882.689,29.849,0.019189,44.106,835.774,2.1413,1.6983,1.1117
chartqa,448,chartqa_val_287,24.718,57.681,1000.741,30.421,0.0247,54.578,943.06,16.824,46.655,933.045,28.593,0.018031,43.89,886.39,1.4692,1.2363,1.0726
chartqa,448,chartqa_val_288,25.115,57.372,1035.427,32.602,0.024256,54.111,978.054,17.332,46.952,950.853,30.13,0.018228,44.544,903.901,1.4491,1.2219,1.0889
chartqa,448,chartqa_val_289,25.258,57.443,2018.165,31.123,0.012515,54.358,1960.723,17.633,48.406,1908.811,29.53,0.009238,45.6,1860.405,1.4324,1.1867,1.0573
chartqa,448,chartqa_val_29,22.864,52.901,1827.176,28.163,0.012513,49.556,1774.275,19.405,50.734,1902.799,29.398,0.010198,47.745,1852.065,1.1783,1.0427,0.9603
chartqa,448,chartqa_val_290,24.222,55.507,1136.121,30.017,0.02132,52.383,1080.614,17.25,47.444,1060.239,28.133,0.01627,44.621,1012.795,1.4042,1.1699,1.0716
chartqa,448,chartqa_val_291,23.844,59.788,1381.082,30.728,0.017265,56.917,1321.295,18.48,55.398,1358.367,30.302,0.013605,52.853,1302.968,1.2903,1.0792,1.0167
chartqa,448,chartqa_val_292,23.805,54.829,863.127,29.937,0.027579,51.975,808.298,18.715,50.634,874.192,30.502,0.021408,47.559,823.558,1.272,1.0828,0.9873
chartqa,448,chartqa_val_293,23.936,55.039,1971.701,30.423,0.01214,52.185,1916.662,18.556,50.949,2039.028,31.557,0.0091,47.654,1988.079,1.2899,1.0803,0.967
chartqa,448,chartqa_val_294,25.339,71.222,485.076,34.488,0.052237,68.034,413.854,29.503,78.817,492.178,34.447,0.059944,75.149,413.361,0.8589,0.9036,0.9856
chartqa,448,chartqa_val_295,24.94,61.616,2006.312,30.868,0.012431,58.53,1944.696,19.563,56.442,2084.867,32.197,0.009384,53.341,2028.425,1.2749,1.0917,0.9623
chartqa,448,chartqa_val_296,27.367,62.033,691.209,31.459,0.039592,59.003,629.177,18.896,51.051,712.879,33.091,0.026507,47.963,661.828,1.4483,1.2151,0.9696
chartqa,448,chartqa_val_297,22.176,64.529,2058.175,31.645,0.010775,61.216,1993.646,18.72,50.692,2068.885,32.035,0.009049,47.761,2018.192,1.1846,1.273,0.9948
chartqa,448,chartqa_val_298,23.846,55.039,494.778,31.41,0.048195,52.101,439.739,31.424,84.304,508.615,30.308,0.061784,69.543,424.311,0.7588,0.6529,0.9728
chartqa,448,chartqa_val_299,23.886,54.97,1617.478,31.25,0.014767,52.09,1562.508,17.363,47.586,1578.461,30.618,0.011,44.732,1530.875,1.3757,1.1552,1.0247
chartqa,448,chartqa_val_3,23.967,60.239,1838.455,31.197,0.013036,57.162,1778.216,18.557,54.355,1955.29,30.174,0.009491,51.106,1900.935,1.2915,1.1083,0.9402
chartqa,448,chartqa_val_30,24.019,55.712,1237.834,28.832,0.019404,52.519,1182.122,18.96,50.482,1303.6,30.564,0.014544,47.474,1253.118,1.2668,1.1036,0.9496
chartqa,448,chartqa_val_300,23.826,55.049,1048.67,32.052,0.02272,52.17,993.622,17.152,47.517,996.419,30.61,0.017214,44.649,948.902,1.3891,1.1585,1.0524
chartqa,448,chartqa_val_301,36.169,80.27,2056.732,31.372,0.017586,76.358,1976.462,16.917,46.853,1932.885,29.937,0.008752,44.063,1886.032,2.138,1.7132,1.0641
chartqa,448,chartqa_val_302,22.148,56.148,318.047,29.1,0.069638,53.695,261.9,18.595,60.735,392.188,36.828,0.047414,57.297,331.453,1.1911,0.9245,0.811
chartqa,448,chartqa_val_303,24.757,62.592,2061.971,31.736,0.012006,59.871,1999.379,17.749,48.714,1968.11,30.467,0.009018,45.874,1919.396,1.3948,1.2849,1.0477
chartqa,448,chartqa_val_304,34.62,66.447,1590.655,31.106,0.021764,63.524,1524.208,17.842,49.268,1490.229,29.407,0.011972,45.982,1440.961,1.9404,1.3487,1.0674
chartqa,448,chartqa_val_305,25.471,56.583,1996.892,30.799,0.012755,54.08,1940.309,27.228,72.564,1982.019,30.309,0.013737,68.976,1909.455,0.9355,0.7798,1.0075
chartqa,448,chartqa_val_306,23.83,55.584,1306.978,30.522,0.018233,52.999,1251.394,18.325,49.111,1407.645,30.876,0.013018,46.125,1358.534,1.3004,1.1318,0.9285
chartqa,448,chartqa_val_307,24.911,56.771,1964.469,30.281,0.012681,53.975,1907.698,27.319,69.788,1836.331,28.04,0.014877,66.644,1766.543,0.9119,0.8135,1.0698
chartqa,448,chartqa_val_308,22.227,51.862,1150.462,28.169,0.01932,48.762,1098.6,21.718,65.771,983.104,29.591,0.022092,62.885,917.333,1.0234,0.7885,1.1702
chartqa,448,chartqa_val_309,21.782,50.521,810.399,28.144,0.026879,47.766,759.878,18.962,52.422,888.478,32.156,0.021343,49.062,836.056,1.1487,0.9637,0.9121
chartqa,448,chartqa_val_31,23.154,60.319,1259.085,29.238,0.018389,57.343,1198.767,19.896,53.558,1413.582,32.382,0.014075,50.431,1360.024,1.1638,1.1262,0.8907
chartqa,448,chartqa_val_310,24.681,57.526,1280.723,32.189,0.019271,54.257,1223.196,19.064,53.1,1359.474,31.104,0.014023,50.224,1306.374,1.2946,1.0834,0.9421
chartqa,448,chartqa_val_311,22.111,51.444,924.014,28.147,0.02393,48.527,872.571,18.643,50.273,1008.825,30.921,0.01848,47.252,958.552,1.186,1.0233,0.9159
chartqa,448,chartqa_val_312,22.027,64.679,1450.015,27.707,0.015191,61.783,1385.336,28.103,72.596,1614.779,30.844,0.017403,69.606,1542.183,0.7838,0.8909,0.898
chartqa,448,chartqa_val_313,21.766,63.725,1776.203,27.182,0.012255,60.859,1712.478,18.221,49.463,1967.132,30.439,0.009263,46.599,1917.669,1.1946,1.2883,0.9029
chartqa,448,chartqa_val_314,31.605,74.297,1560.154,28.574,0.020258,71.433,1485.858,18.432,49.982,722.954,30.59,0.025496,46.957,672.972,1.7147,1.4865,2.158
chartqa,448,chartqa_val_315,22.428,50.712,1174.986,28.828,0.019088,47.988,1124.274,18.512,50.582,1260.672,31.028,0.014684,47.448,1210.09,1.2115,1.0026,0.932
chartqa,448,chartqa_val_316,21.369,49.749,1119.703,27.435,0.019085,47.093,1069.955,18.88,52.694,1270.24,31.219,0.014864,49.571,1217.546,1.1318,0.9441,0.8815
chartqa,448,chartqa_val_317,25.441,55.77,944.677,29.63,0.026931,52.85,888.907,27.018,93.471,1070.147,32.556,0.025247,89.92,976.676,0.9416,0.5967,0.8828
chartqa,448,chartqa_val_318,21.944,51.161,383.604,25.573,0.057206,48.043,332.443,24.693,58.08,448.211,30.01,0.055093,54.767,390.131,0.8887,0.8809,0.8559
chartqa,448,chartqa_val_319,35.41,71.477,1614.921,27.562,0.021927,65.735,1543.444,18.953,51.244,1913.283,31.034,0.009906,48.823,1862.039,1.8683,1.3948,0.8441
chartqa,448,chartqa_val_32,22.662,58.029,1628.82,28.56,0.013913,54.557,1570.792,19.0,56.43,1778.023,31.302,0.010686,53.363,1721.592,1.1927,1.0283,0.9161
chartqa,448,chartqa_val_320,21.512,50.24,437.264,27.645,0.049197,47.487,387.025,18.452,50.388,544.309,35.28,0.0339,47.417,493.921,1.1658,0.9971,0.8033
chartqa,448,chartqa_val_321,21.458,50.118,1671.376,28.443,0.012839,47.459,1621.258,18.637,50.801,2009.457,31.09,0.009274,47.792,1958.656,1.1514,0.9866,0.8318
chartqa,448,chartqa_val_322,21.371,49.971,932.6,28.472,0.022916,47.282,882.629,18.012,49.838,984.16,30.139,0.018302,46.86,934.323,1.1865,1.0027,0.9476
chartqa,448,chartqa_val_323,23.282,52.159,1802.304,27.78,0.012918,49.659,1750.145,18.836,51.886,2017.087,31.194,0.009338,48.526,1965.202,1.236,1.0053,0.8935
chartqa,448,chartqa_val_324,24.433,66.713,2024.171,31.071,0.01207,63.38,1957.458,18.47,50.175,1970.432,30.48,0.009374,47.238,1920.257,1.3228,1.3296,1.0273
chartqa,448,chartqa_val_325,24.027,55.061,1967.38,30.354,0.012213,52.136,1912.319,18.531,49.693,2012.188,31.151,0.009209,46.652,1962.494,1.2966,1.108,0.9777
chartqa,448,chartqa_val_326,24.564,56.304,1775.693,30.165,0.013834,53.291,1719.39,18.748,50.0,1705.105,29.037,0.010995,47.708,1655.106,1.3102,1.1261,1.0414
chartqa,448,chartqa_val_327,24.612,58.195,882.8,31.716,0.02788,55.089,824.605,23.838,68.513,842.148,29.755,0.028307,65.446,773.636,1.0325,0.8494,1.0483
chartqa,448,chartqa_val_328,25.831,69.417,1940.17,29.694,0.013314,66.275,1870.753,17.6,48.244,1842.164,28.475,0.009554,45.351,1793.92,1.4677,1.4389,1.0532
chartqa,448,chartqa_val_329,25.204,62.623,1814.501,27.808,0.01389,59.372,1751.878,17.384,47.992,1820.428,28.134,0.009549,44.998,1772.436,1.4498,1.3049,0.9967
chartqa,448,chartqa_val_33,21.832,49.833,1187.435,26.456,0.018386,47.115,1137.601,19.126,51.453,1425.48,31.954,0.013417,48.363,1374.027,1.1415,0.9685,0.833
chartqa,448,chartqa_val_330,22.206,51.412,865.257,27.128,0.025664,48.601,813.845,17.247,47.789,901.293,28.45,0.019135,44.79,853.504,1.2875,1.0758,0.96
chartqa,448,chartqa_val_331,22.006,50.636,1762.672,27.175,0.012484,47.9,1712.036,17.131,47.619,1840.398,28.457,0.009308,44.82,1792.778,1.2846,1.0634,0.9578
chartqa,448,chartqa_val_332,21.865,50.794,954.157,26.569,0.022915,48.064,903.363,17.078,48.041,1044.501,29.308,0.01635,45.215,996.461,1.2803,1.0573,0.9135
chartqa,448,chartqa_val_333,24.828,57.858,1867.478,29.666,0.013295,54.491,1809.62,17.105,48.007,1779.189,28.38,0.009614,45.159,1731.183,1.4515,1.2052,1.0496
chartqa,448,chartqa_val_334,25.678,58.19,1499.797,30.672,0.017121,54.997,1441.607,18.111,48.864,1563.366,32.223,0.011584,45.938,1514.502,1.4178,1.1909,0.9593
chartqa,448,chartqa_val_335,25.119,57.395,2016.083,31.09,0.012459,54.297,1958.688,41.555,83.933,1999.368,30.404,0.020784,77.63,1915.435,0.6045,0.6838,1.0084
chartqa,448,chartqa_val_336,25.347,64.529,949.735,32.785,0.026688,61.323,885.207,17.538,49.137,845.523,29.496,0.020742,46.06,796.386,1.4453,1.3132,1.1233
chartqa,448,chartqa_val_337,24.386,56.604,1991.915,30.719,0.012242,53.709,1935.31,18.548,51.808,1943.77,30.031,0.009542,47.985,1891.962,1.3148,1.0926,1.0248
chartqa,448,chartqa_val_338,21.599,50.012,1501.666,27.39,0.014383,47.201,1451.653,17.366,47.807,1683.73,30.866,0.010314,44.982,1635.924,1.2438,1.0461,0.8919
chartqa,448,chartqa_val_339,24.127,56.439,2025.008,31.247,0.011915,53.33,1968.569,18.573,49.911,2081.053,32.24,0.008925,46.883,2031.142,1.299,1.1308,0.9731
chartqa,448,chartqa_val_34,21.459,55.512,512.111,28.537,0.041903,52.63,456.599,18.475,60.838,570.603,31.86,0.032379,57.753,509.765,1.1615,0.9125,0.8975
chartqa,448,chartqa_val_340,33.466,78.499,773.604,30.222,0.04326,75.376,695.105,19.448,51.618,798.651,32.48,0.024351,48.355,747.034,1.7208,1.5208,0.9686
chartqa,448,chartqa_val_341,23.807,54.538,1957.152,30.2,0.012164,51.563,1902.614,17.301,48.108,1883.825,29.138,0.009184,44.913,1835.717,1.376,1.1337,1.0389
chartqa,448,chartqa_val_342,47.394,90.796,605.12,28.574,0.078321,81.682,514.324,19.307,51.771,613.568,31.211,0.031466,48.497,561.798,2.4548,1.7538,0.9862
chartqa,448,chartqa_val_343,22.888,53.28,1927.014,29.742,0.011878,50.351,1873.734,17.763,48.655,2021.124,31.309,0.008789,45.808,1972.469,1.2885,1.0951,0.9534
chartqa,448,chartqa_val_344,24.396,56.931,116.891,29.98,0.208705,54.019,59.96,18.513,49.789,105.589,27.9,0.175333,46.665,55.801,1.3178,1.1434,1.107
chartqa,448,chartqa_val_345,23.328,54.515,499.934,29.695,0.046662,51.654,445.42,17.665,48.854,467.532,27.912,0.037783,46.056,418.679,1.3206,1.1159,1.0693
chartqa,448,chartqa_val_346,24.099,68.901,1771.593,30.958,0.013603,65.997,1702.692,17.942,49.868,1759.771,31.089,0.010195,47.034,1709.903,1.3432,1.3817,1.0067
chartqa,448,chartqa_val_347,24.606,57.693,1845.764,28.382,0.013331,54.555,1788.07,18.862,50.958,2008.377,31.07,0.009391,47.878,1957.419,1.3045,1.1322,0.919
chartqa,448,chartqa_val_348,21.72,50.256,1222.315,27.906,0.01777,47.302,1172.058,25.873,74.313,1345.024,30.255,0.019236,69.746,1270.711,0.8395,0.6763,0.9088
chartqa,448,chartqa_val_349,22.629,52.225,1544.248,29.255,0.014654,49.418,1492.023,19.914,75.186,1350.879,32.71,0.014741,70.482,1275.693,1.1363,0.6946,1.1431
chartqa,448,chartqa_val_35,21.061,48.826,1883.037,29.114,0.011185,46.176,1834.211,20.401,64.861,2086.453,32.089,0.009778,61.844,2021.592,1.0324,0.7528,0.9025
chartqa,448,chartqa_val_350,25.076,64.115,1214.123,31.945,0.020654,60.87,1150.008,19.74,53.884,1199.335,31.818,0.016459,50.499,1145.451,1.2703,1.1899,1.0123
chartqa,448,chartqa_val_351,29.296,74.899,2080.683,31.838,0.01408,71.879,2005.784,18.239,50.069,2063.213,31.955,0.00884,47.117,2013.144,1.6062,1.4959,1.0085
chartqa,448,chartqa_val_352,22.884,53.293,1168.414,30.138,0.019586,50.103,1115.121,18.859,50.419,1273.356,31.357,0.014811,47.395,1222.938,1.2134,1.057,0.9176
chartqa,448,chartqa_val_353,22.245,51.409,1913.919,29.564,0.011623,48.508,1862.51,17.868,49.85,2032.416,31.469,0.008792,46.247,1982.566,1.245,1.0313,0.9417
chartqa,448,chartqa_val_354,22.128,51.435,527.383,29.747,0.041958,48.627,475.948,18.695,50.409,518.267,29.241,0.036072,47.386,467.859,1.1836,1.0204,1.0176
chartqa,448,chartqa_val_355,22.359,51.419,1357.498,28.393,0.016471,48.649,1306.079,18.496,50.726,1501.987,31.549,0.012314,48.279,1451.261,1.2089,1.0137,0.9038
chartqa,448,chartqa_val_356,22.003,51.199,817.999,28.4,0.026899,48.451,766.801,18.825,50.858,822.717,28.587,0.022882,47.668,771.859,1.1688,1.0067,0.9943
chartqa,448,chartqa_val_357,22.141,51.082,1864.586,28.786,0.011875,48.305,1813.504,18.795,50.104,2051.366,31.766,0.009162,47.169,2001.262,1.178,1.0195,0.9089
chartqa,448,chartqa_val_358,22.476,52.322,1168.884,27.914,0.019229,49.543,1116.563,18.055,49.874,1317.299,31.686,0.013706,47.059,1267.425,1.2449,1.0491,0.8873
chartqa,448,chartqa_val_359,21.8,50.326,1895.917,29.295,0.011499,47.574,1845.591,18.508,49.98,2044.238,31.655,0.009054,47.026,1994.258,1.1779,1.0069,0.9274
chartqa,448,chartqa_val_36,24.62,61.525,1984.457,31.015,0.012407,57.249,1922.932,18.172,54.435,1913.026,29.977,0.009499,51.409,1858.591,1.3548,1.1302,1.0373
chartqa,448,chartqa_val_360,22.147,50.914,336.912,28.6,0.065734,48.169,285.998,24.334,61.541,355.77,29.423,0.068397,52.302,294.229,0.9101,0.8273,0.947
chartqa,448,chartqa_val_361,21.612,62.869,1872.774,28.729,0.01154,60.045,1809.905,16.989,46.908,1914.212,29.64,0.008875,44.131,1867.304,1.2721,1.3403,0.9784
chartqa,448,chartqa_val_362,21.783,56.853,1535.177,28.987,0.014189,54.043,1478.324,19.292,53.021,1734.699,32.974,0.011121,49.556,1681.677,1.1291,1.0723,0.885
chartqa,448,chartqa_val_363,29.256,72.573,1852.999,28.261,0.015788,69.693,1780.426,18.625,50.033,2010.926,31.125,0.009262,47.077,1960.893,1.5708,1.4505,0.9215
chartqa,448,chartqa_val_364,26.844,69.838,150.796,40.479,0.178016,66.951,80.958,18.642,50.518,107.403,28.442,0.173569,47.559,56.885,1.44,1.3824,1.404
chartqa,448,chartqa_val_365,43.101,86.677,2059.731,31.318,0.020925,80.365,1973.054,27.443,61.472,2091.177,32.218,0.013123,58.613,2029.704,1.5706,1.41,0.985
chartqa,448,chartqa_val_366,30.555,63.565,147.93,28.122,0.20655,57.519,84.365,19.019,51.293,155.174,34.627,0.122563,48.227,103.881,1.6066,1.2393,0.9533
chartqa,448,chartqa_val_367,24.321,56.221,84.87,28.649,0.28657,53.171,28.649,18.938,59.818,102.774,42.956,0.184265,56.456,42.956,1.2842,0.9399,0.8258
chartqa,448,chartqa_val_368,34.21,79.227,799.323,31.309,0.042798,76.289,720.096,17.33,48.283,759.936,30.941,0.022804,45.385,711.653,1.974,1.6409,1.0518
chartqa,448,chartqa_val_369,33.924,84.14,2132.066,32.507,0.015911,76.391,2047.926,23.323,58.569,2064.054,31.833,0.0113,52.453,2005.484,1.4545,1.4366,1.033
chartqa,448,chartqa_val_37,23.731,54.804,1985.27,30.642,0.011954,51.645,1930.466,18.44,49.303,1997.673,30.927,0.009231,46.686,1948.37,1.2869,1.1116,0.9938
chartqa,448,chartqa_val_370,24.708,56.221,436.922,34.609,0.05655,53.135,380.701,25.968,71.396,384.31,28.447,0.06757,68.572,312.915,0.9515,0.7875,1.1369
chartqa,448,chartqa_val_371,37.56,72.804,1831.165,27.91,0.020511,64.089,1758.361,64.546,107.615,2118.568,31.92,0.030467,104.906,2010.953,0.5819,0.6765,0.8643
chartqa,448,chartqa_val_372,28.762,77.359,417.424,26.159,0.068903,69.797,340.066,19.168,51.798,434.157,29.412,0.04415,48.661,382.359,1.5005,1.4935,0.9615
chartqa,448,chartqa_val_373,49.61,95.816,522.875,28.471,0.094879,89.007,427.058,18.719,50.781,1913.756,31.576,0.009781,47.885,1862.975,2.6502,1.8868,0.2732
chartqa,448,chartqa_val_374,27.628,63.123,426.309,30.265,0.064808,57.372,363.186,18.78,51.483,399.714,29.019,0.046984,48.398,348.231,1.4711,1.2261,1.0665
chartqa,448,chartqa_val_375,24.017,55.316,1981.699,30.578,0.012119,52.723,1926.383,17.753,49.889,1916.483,29.628,0.009263,46.655,1866.594,1.3528,1.1088,1.034
chartqa,448,chartqa_val_376,24.004,55.366,440.745,32.115,0.054462,52.463,385.378,17.045,51.627,432.174,31.712,0.039439,48.693,380.548,1.4083,1.0724,1.0198
chartqa,448,chartqa_val_377,34.257,83.287,1846.037,30.392,0.018557,74.615,1762.75,18.796,51.394,1899.293,31.86,0.009896,48.222,1847.899,1.8226,1.6206,0.972
chartqa,448,chartqa_val_378,24.185,55.819,446.77,27.925,0.054133,52.77,390.951,18.876,50.689,449.445,28.483,0.041999,47.644,398.756,1.2813,1.1012,0.994
chartqa,448,chartqa_val_379,24.036,55.295,2016.0,31.122,0.011922,52.263,1960.704,51.597,91.222,1966.627,29.768,0.026236,81.743,1875.405,0.4658,0.6062,1.0251
chartqa,448,chartqa_val_38,24.1,56.103,385.911,29.983,0.062451,52.843,329.809,18.137,48.696,381.612,30.265,0.047528,45.737,332.916,1.3288,1.1521,1.0113
chartqa,448,chartqa_val_380,22.385,51.974,490.465,27.406,0.04564,49.485,438.492,17.071,46.544,506.802,28.766,0.033683,44.37,460.258,1.3113,1.1167,0.9678
chartqa,448,chartqa_val_381,21.44,49.466,1851.726,28.607,0.011578,47.143,1802.26,19.375,53.626,2026.904,31.322,0.009559,48.976,1973.277,1.1066,0.9224,0.9136
chartqa,448,chartqa_val_382,21.456,49.798,358.62,28.075,0.059829,47.023,308.822,19.852,51.482,386.756,30.479,0.05133,48.441,335.274,1.0808,0.9673,0.9273
chartqa,448,chartqa_val_383,21.187,59.764,1807.283,27.738,0.011723,56.903,1747.519,17.832,48.949,1980.575,30.661,0.009004,45.846,1931.627,1.1881,1.2209,0.9125
chartqa,448,chartqa_val_384,22.067,55.774,441.698,29.686,0.049959,47.849,385.924,18.138,49.097,407.341,27.557,0.044527,46.194,358.244,1.2166,1.136,1.0843
chartqa,448,chartqa_val_385,27.041,61.139,1668.077,32.139,0.016211,58.056,1606.938,25.75,73.898,1654.115,31.604,0.015567,70.448,1580.217,1.0501,0.8273,1.0084
chartqa,448,chartqa_val_386,25.183,57.25,435.063,31.484,0.057885,54.386,377.813,18.744,54.867,452.029,33.097,0.041465,47.658,397.163,1.3435,1.0434,0.9625
chartqa,448,chartqa_val_387,21.588,56.514,1432.6,26.463,0.015069,54.099,1376.086,18.344,50.484,1739.079,32.473,0.010548,47.796,1688.595,1.1768,1.1194,0.8238
chartqa,448,chartqa_val_388,21.323,56.927,1003.12,28.673,0.021257,54.044,946.193,28.082,68.239,1098.315,31.214,0.025568,59.969,1030.076,0.7593,0.8342,0.9133
chartqa,448,chartqa_val_389,29.46,70.899,1742.506,26.533,0.016907,68.052,1671.607,18.456,50.372,2140.518,33.177,0.008622,47.288,2090.146,1.5962,1.4075,0.8141
chartqa,448,chartqa_val_39,23.656,54.709,1979.065,30.545,0.011953,51.786,1924.355,17.869,48.405,1957.065,30.296,0.009131,45.429,1908.66,1.3239,1.1302,1.0112
chartqa,448,chartqa_val_390,26.469,69.037,618.807,27.488,0.042774,66.142,549.769,19.234,52.099,688.923,31.841,0.027919,49.013,636.824,1.3762,1.3251,0.8982
chartqa,448,chartqa_val_391,21.482,49.735,419.266,26.395,0.051237,47.009,369.531,24.837,71.499,555.384,34.563,0.04472,68.276,483.885,0.8649,0.6956,0.7549
chartqa,448,chartqa_val_392,21.633,49.864,838.537,28.167,0.025799,47.232,788.673,18.855,51.252,109.155,28.951,0.172737,48.204,57.903,1.1473,0.9729,7.6821
chartqa,448,chartqa_val_393,21.096,51.792,1200.057,27.34,0.017579,46.601,1148.265,26.048,72.575,1423.847,32.958,0.018294,69.602,1351.272,0.8099,0.7136,0.8428
chartqa,448,chartqa_val_394,21.258,49.361,772.733,27.822,0.02751,46.62,723.372,78.251,136.353,957.523,31.583,0.081723,124.584,821.17,0.2717,0.362,0.807
chartqa,448,chartqa_val_395,24.084,56.249,2004.869,30.93,0.012013,52.999,1948.62,18.388,50.365,2064.849,31.976,0.008905,47.418,2014.484,1.3098,1.1168,0.971
chartqa,448,chartqa_val_396,24.235,55.599,1403.697,32.098,0.017265,52.648,1348.099,19.179,51.67,1362.853,31.219,0.014073,48.686,1311.183,1.2636,1.076,1.03
chartqa,448,chartqa_val_397,54.312,108.472,159.648,25.588,0.340201,105.391,51.176,19.0,52.03,109.7,28.835,0.173202,48.744,57.67,2.8585,2.0848,1.4553
chartqa,448,chartqa_val_398,23.82,55.607,348.138,29.253,0.068422,52.576,292.531,18.629,50.875,389.721,33.885,0.0478,47.964,338.846,1.2787,1.093,0.8933
chartqa,448,chartqa_val_399,28.071,62.511,2002.853,30.799,0.014015,56.505,1940.342,31.129,68.074,2029.367,31.132,0.015339,65.083,1961.293,0.9018,0.9183,0.9869
chartqa,448,chartqa_val_4,23.529,58.339,950.407,27.877,0.024756,54.837,892.068,18.563,71.583,985.772,30.473,0.01883,68.444,914.189,1.2675,0.815,0.9641
chartqa,448,chartqa_val_40,34.447,66.763,893.621,28.512,0.038548,63.567,826.858,18.668,49.616,976.401,31.958,0.01912,47.121,926.785,1.8452,1.3456,0.9152
chartqa,448,chartqa_val_400,27.079,61.531,1055.539,32.065,0.025654,59.277,994.008,28.688,69.0,1031.595,31.051,0.027809,60.885,962.595,0.9439,0.8918,1.0232
chartqa,448,chartqa_val_401,23.463,54.394,2019.952,31.199,0.011616,51.448,1965.558,18.727,50.36,2070.835,32.071,0.009043,47.35,2020.475,1.2529,1.0801,0.9754
chartqa,448,chartqa_val_402,24.024,54.894,619.99,31.394,0.038748,52.569,565.096,18.837,51.566,571.43,30.58,0.032964,48.639,519.864,1.2754,1.0645,1.085
chartqa,448,chartqa_val_403,24.132,55.705,2008.468,30.996,0.012015,52.678,1952.763,19.78,52.592,2057.951,31.831,0.009611,49.555,2005.359,1.22,1.0592,0.976
chartqa,448,chartqa_val_404,25.368,69.918,1271.807,30.818,0.019947,66.649,1201.889,17.949,49.584,1231.359,30.302,0.014577,46.467,1181.775,1.4133,1.4101,1.0328
chartqa,448,chartqa_val_405,24.003,54.931,2020.971,31.207,0.011877,52.03,1966.04,17.184,47.174,1948.346,30.177,0.00882,44.274,1901.172,1.3968,1.1644,1.0373
chartqa,448,chartqa_val_406,50.636,93.883,615.282,28.967,0.082297,81.886,521.399,17.358,48.447,601.284,30.713,0.028867,45.457,552.838,2.9172,1.9378,1.0233
chartqa,448,chartqa_val_407,34.789,80.064,2060.501,31.436,0.016884,77.017,1980.437,19.819,53.881,1478.145,32.37,0.013408,50.768,1424.264,1.7553,1.4859,1.394
chartqa,448,chartqa_val_408,24.504,56.104,1014.876,31.959,0.024145,52.978,958.772,19.165,52.077,996.197,31.471,0.019238,49.101,944.12,1.2786,1.0773,1.0188
chartqa,448,chartqa_val_409,25.076,57.343,2151.492,33.24,0.011655,54.202,2094.149,18.777,51.199,2097.136,32.475,0.008954,48.248,2045.937,1.3355,1.12,1.0259
chartqa,448,chartqa_val_41,24.084,55.252,823.657,30.736,0.02924,52.263,768.405,18.174,48.855,738.419,27.583,0.024612,46.021,689.564,1.3252,1.1309,1.1154
chartqa,448,chartqa_val_410,35.007,71.414,898.116,33.068,0.038978,64.653,826.703,27.803,78.04,865.349,31.492,0.032129,74.994,787.309,1.2591,0.9151,1.0379
chartqa,448,chartqa_val_411,24.846,56.57,2033.817,31.385,0.012217,53.484,1977.248,18.385,50.792,2054.031,31.797,0.008951,47.9,2003.24,1.3514,1.1138,0.9902
chartqa,448,chartqa_val_412,24.804,56.758,287.611,32.979,0.086241,53.727,230.853,19.259,51.933,285.323,33.342,0.067498,48.796,233.391,1.2879,1.0929,1.008
chartqa,448,chartqa_val_413,23.746,55.196,2004.962,30.949,0.011843,52.31,1949.766,17.123,47.116,1981.746,30.708,0.00864,44.726,1934.63,1.3868,1.1715,1.0117
chartqa,448,chartqa_val_414,24.368,56.178,759.667,31.977,0.032077,53.197,703.489,17.706,48.599,704.381,29.808,0.025137,45.546,655.782,1.3763,1.1559,1.0785
chartqa,448,chartqa_val_415,23.979,56.684,2076.403,32.059,0.011548,53.765,2019.719,17.202,47.704,1917.028,29.672,0.008973,44.855,1869.324,1.394,1.1882,1.0831
chartqa,448,chartqa_val_416,24.976,57.176,991.58,31.147,0.025188,54.095,934.405,18.89,55.559,1005.613,31.668,0.018785,52.611,950.054,1.3222,1.0291,0.986
chartqa,448,chartqa_val_417,24.862,57.156,2071.619,31.976,0.012001,54.122,2014.463,18.004,49.51,1959.866,30.323,0.009187,46.672,1910.356,1.3809,1.1544,1.057
chartqa,448,chartqa_val_418,25.023,57.246,1462.177,31.93,0.017113,54.106,1404.932,18.116,49.727,1398.491,30.654,0.012954,46.919,1348.763,1.3813,1.1512,1.0455
chartqa,448,chartqa_val_419,24.357,57.987,1992.109,30.7,0.012227,54.834,1934.122,20.132,53.794,2033.415,31.423,0.009901,50.337,1979.621,1.2099,1.0779,0.9797
chartqa,448,chartqa_val_42,21.872,52.203,254.828,25.328,0.08583,49.002,202.625,46.416,101.949,347.425,30.684,0.133599,86.973,245.476,0.4712,0.5121,0.7335
chartqa,448,chartqa_val_420,24.047,55.892,1470.797,32.157,0.01635,52.892,1414.906,18.807,51.34,1494.878,32.808,0.012581,48.305,1443.539,1.2786,1.0887,0.9839
chartqa,448,chartqa_val_421,25.361,57.356,2081.043,32.122,0.012187,54.842,2023.687,61.829,110.493,1979.242,29.663,0.031239,98.23,1868.749,0.4102,0.5191,1.0514
chartqa,448,chartqa_val_422,22.546,52.673,1877.782,28.97,0.012007,49.462,1825.109,17.247,46.976,1905.524,29.501,0.009051,44.114,1858.549,1.3072,1.1213,0.9854
chartqa,448,chartqa_val_423,26.196,54.967,1845.155,28.416,0.014197,52.015,1790.187,16.827,46.858,1927.944,29.858,0.008728,43.92,1881.085,1.5568,1.1731,0.9571
chartqa,448,chartqa_val_424,22.029,51.055,476.416,30.383,0.04624,48.301,425.361,16.93,50.134,465.147,29.644,0.036396,47.238,415.013,1.3012,1.0184,1.0242
chartqa,448,chartqa_val_425,21.775,57.434,1864.548,28.684,0.011679,54.594,1807.114,32.346,61.724,1918.437,29.472,0.01686,59.024,1856.713,0.6732,0.9305,0.9719
chartqa,448,chartqa_val_426,21.633,50.081,503.333,32.375,0.04298,47.35,453.252,21.584,61.813,950.537,28.669,0.022708,58.926,888.724,1.0023,0.8102,0.5295
chartqa,448,chartqa_val_427,21.496,49.997,1835.606,28.343,0.01171,47.266,1785.609,41.192,79.398,1049.18,29.387,0.039261,73.451,969.782,0.5218,0.6297,1.7496
chartqa,448,chartqa_val_428,21.251,49.206,991.029,28.54,0.021444,46.532,941.823,26.706,59.702,1113.757,31.941,0.023979,57.107,1054.055,0.7957,0.8242,0.8898
chartqa,448,chartqa_val_429,24.801,57.633,2006.777,30.939,0.012359,54.309,1949.144,17.801,48.498,1948.401,30.157,0.009136,45.587,1899.904,1.3932,1.1884,1.03
chartqa,448,chartqa_val_43,31.269,76.711,1543.415,31.206,0.02026,73.497,1466.704,18.35,49.469,1514.922,31.18,0.012113,46.682,1465.453,1.704,1.5507,1.0188
chartqa,448,chartqa_val_430,24.144,66.362,150.527,42.082,0.160394,63.192,84.165,18.074,62.84,131.687,34.424,0.137253,59.757,68.847,1.3358,1.056,1.1431
chartqa,448,chartqa_val_431,23.908,56.661,1047.499,31.963,0.022824,52.723,990.838,17.235,48.284,1027.372,31.583,0.016776,45.27,979.088,1.3872,1.1735,1.0196
chartqa,448,chartqa_val_432,23.853,55.363,475.716,35.029,0.050141,52.502,420.353,26.107,70.951,462.947,32.666,0.056393,67.936,391.996,0.9137,0.7803,1.0276
chartqa,448,chartqa_val_433,22.307,52.404,1512.938,28.087,0.014744,49.346,1460.534,17.248,48.03,1632.021,32.326,0.010568,45.193,1583.991,1.2933,1.0911,0.927
chartqa,448,chartqa_val_434,21.992,50.839,661.768,27.77,0.033233,48.064,610.929,17.411,47.543,717.517,30.453,0.024265,44.575,669.974,1.2631,1.0693,0.9223
chartqa,448,chartqa_val_435,24.751,62.941,849.603,32.778,0.029132,54.186,786.662,17.121,47.306,931.721,29.48,0.018375,44.422,884.414,1.4457,1.3305,0.9119
chartqa,448,chartqa_val_436,32.781,63.026,245.541,26.074,0.133504,60.05,182.515,35.502,103.591,321.957,31.195,0.11027,100.571,218.366,0.9234,0.6084,0.7627
chartqa,448,chartqa_val_437,22.007,64.294,104.971,40.678,0.209652,61.332,40.678,17.025,47.739,75.772,28.033,0.224692,44.903,28.033,1.2926,1.3468,1.3854
chartqa,448,chartqa_val_438,24.774,57.472,801.231,33.807,0.03092,54.177,743.758,28.693,70.387,731.134,30.034,0.039244,67.459,660.747,0.8634,0.8165,1.0959
chartqa,448,chartqa_val_439,24.827,57.455,553.3,29.167,0.04487,54.27,495.845,17.02,46.941,573.124,30.952,0.029698,44.19,526.184,1.4587,1.224,0.9654
chartqa,448,chartqa_val_44,24.199,55.448,525.318,29.367,0.046065,52.266,469.87,18.306,49.332,524.976,29.728,0.034871,46.481,475.645,1.3219,1.124,1.0007
chartqa,448,chartqa_val_440,24.592,56.611,176.784,40.058,0.139105,53.478,120.173,17.002,47.345,130.185,27.613,0.130597,44.593,82.84,1.4464,1.1957,1.3579
chartqa,448,chartqa_val_441,24.957,56.733,1320.051,31.583,0.018906,54.111,1263.318,25.44,69.97,1227.696,28.943,0.020722,67.066,1157.727,0.981,0.8108,1.0752
chartqa,448,chartqa_val_442,26.274,72.953,516.693,31.696,0.05085,69.692,443.74,26.439,62.444,477.448,29.643,0.055375,56.705,415.005,0.9938,1.1683,1.0822
chartqa,448,chartqa_val_443,31.614,64.192,893.045,33.154,0.0354,61.166,828.853,19.539,51.86,890.994,33.565,0.02193,48.638,839.134,1.618,1.2378,1.0023
chartqa,448,chartqa_val_444,30.535,66.042,1662.598,32.583,0.018366,60.03,1596.556,17.826,49.451,1503.485,29.674,0.011856,46.358,1454.034,1.7129,1.3355,1.1058
chartqa,448,chartqa_val_445,22.396,51.764,1909.103,29.482,0.011731,48.783,1857.339,17.45,47.99,2075.228,32.178,0.008409,45.108,2027.238,1.2834,1.0786,0.9199
chartqa,448,chartqa_val_446,61.46,101.754,189.622,29.289,0.324116,98.856,87.868,17.007,47.021,132.116,28.365,0.128728,44.235,85.095,3.6138,2.164,1.4353
chartqa,448,chartqa_val_447,44.148,79.945,2092.971,31.953,0.021094,73.842,2013.027,18.57,50.674,2033.085,31.467,0.009134,47.776,1982.41,2.3774,1.5776,1.0295
chartqa,448,chartqa_val_448,22.417,51.888,214.264,27.063,0.104623,49.556,162.376,47.028,81.578,251.178,28.267,0.187228,78.63,169.6,0.4767,0.6361,0.853
chartqa,448,chartqa_val_449,26.179,59.905,178.291,29.597,0.146831,56.494,118.387,20.021,58.506,185.26,31.688,0.108068,55.445,126.754,1.3076,1.0239,0.9624
chartqa,448,chartqa_val_45,23.827,67.512,2048.31,31.441,0.011632,64.269,1980.797,22.955,67.925,2019.237,30.973,0.011368,64.936,1951.312,1.038,0.9939,1.0144
chartqa,448,chartqa_val_450,24.63,67.109,246.315,35.841,0.099996,64.016,179.206,18.675,52.523,1998.647,30.891,0.009344,49.879,1946.124,1.3189,1.2777,0.1232
chartqa,448,chartqa_val_451,25.196,58.061,2106.489,32.515,0.011961,54.763,2048.428,17.959,49.329,2041.954,31.629,0.008795,46.505,1992.624,1.403,1.177,1.0316
chartqa,448,chartqa_val_452,22.828,65.543,245.579,30.006,0.092955,62.379,180.036,18.494,50.074,217.202,27.855,0.085149,47.051,167.128,1.2343,1.3089,1.1306
chartqa,448,chartqa_val_453,49.475,84.806,1517.782,33.325,0.032597,79.027,1432.976,34.81,67.06,212.998,29.187,0.163428,64.224,145.937,1.4213,1.2646,7.1258
chartqa,448,chartqa_val_454,24.191,55.741,1848.218,31.447,0.013089,52.831,1792.477,18.58,50.425,1851.436,31.597,0.010036,47.321,1801.012,1.302,1.1054,0.9983
chartqa,448,chartqa_val_455,22.378,52.424,653.381,27.316,0.034249,49.358,600.957,18.503,50.084,781.807,33.26,0.023666,47.089,731.723,1.2094,1.0467,0.8357
chartqa,448,chartqa_val_456,22.0,51.079,259.535,26.057,0.084766,48.332,208.456,43.872,74.906,298.39,27.936,0.147029,72.039,223.484,0.5015,0.6819,0.8698
chartqa,448,chartqa_val_457,35.986,76.462,2125.733,32.528,0.016929,69.036,2049.271,17.446,52.715,2029.484,31.377,0.008596,49.448,1976.77,2.0627,1.4505,1.0474
chartqa,448,chartqa_val_458,24.551,58.65,370.188,31.154,0.066319,53.266,311.537,19.17,52.31,371.962,31.965,0.051536,49.333,319.652,1.2807,1.1212,0.9952
chartqa,448,chartqa_val_459,24.583,56.342,2105.567,32.527,0.011675,53.346,2049.225,26.39,72.903,2075.975,31.795,0.012712,69.848,2003.072,0.9315,0.7728,1.0143
chartqa,448,chartqa_val_46,24.047,55.582,1024.079,31.242,0.023481,52.502,968.497,17.719,48.908,977.215,29.945,0.018132,45.617,928.307,1.3571,1.1365,1.048
chartqa,448,chartqa_val_460,23.139,54.545,317.055,26.251,0.07298,51.493,262.509,19.069,50.932,370.064,31.913,0.051529,47.873,319.132,1.2134,1.0709,0.8568
chartqa,448,chartqa_val_461,26.235,69.581,188.813,29.808,0.138944,66.612,119.232,18.594,50.124,161.922,27.949,0.114836,47.116,111.798,1.4109,1.3882,1.1661
chartqa,448,chartqa_val_462,21.857,50.609,231.651,25.863,0.094354,47.925,181.042,18.373,50.54,276.785,32.321,0.066379,47.35,226.245,1.1896,1.0014,0.8369
chartqa,448,chartqa_val_463,21.556,64.47,1893.785,29.037,0.011382,61.602,1829.315,23.082,55.36,2039.779,31.499,0.011316,52.675,1984.419,0.9339,1.1646,0.9284
chartqa,448,chartqa_val_464,21.798,50.491,1292.05,28.873,0.016871,47.772,1241.559,18.79,50.916,1406.851,32.284,0.013356,47.927,1355.935,1.1601,0.9917,0.9184
chartqa,448,chartqa_val_465,21.628,50.677,1192.916,30.059,0.01813,47.973,1142.239,18.518,49.851,1173.318,29.565,0.015782,46.946,1123.466,1.1679,1.0166,1.0167
chartqa,448,chartqa_val_466,38.567,73.788,368.806,29.502,0.104574,65.221,295.017,17.601,48.268,351.748,30.348,0.050039,45.374,303.481,2.1912,1.5287,1.0485
chartqa,448,chartqa_val_467,25.727,59.741,1984.025,30.544,0.012967,56.698,1924.285,18.654,51.427,2016.281,31.188,0.009252,48.264,1964.854,1.3792,1.1617,0.984
chartqa,448,chartqa_val_468,24.681,61.67,646.867,29.26,0.038155,58.351,585.197,19.374,52.698,702.801,32.505,0.027567,49.453,650.103,1.2739,1.1703,0.9204
chartqa,448,chartqa_val_469,54.334,105.121,1885.369,28.258,0.028819,93.184,1780.248,19.285,53.226,2026.594,31.323,0.009516,50.126,1973.368,2.8174,1.975,0.9303
chartqa,448,chartqa_val_47,26.849,72.923,2012.649,30.789,0.01334,69.765,1939.726,17.29,47.244,1949.443,30.194,0.008869,44.404,1902.199,1.5529,1.5435,1.0324
chartqa,448,chartqa_val_470,27.499,70.916,588.047,32.321,0.046764,67.911,517.131,18.751,50.574,532.885,30.144,0.035187,48.065,482.311,1.4665,1.4022,1.1035
chartqa,448,chartqa_val_471,24.531,56.682,1917.069,29.53,0.012796,53.58,1860.387,18.904,50.845,2028.784,31.396,0.009318,47.816,1977.939,1.2977,1.1148,0.9449
chartqa,448,chartqa_val_472,25.199,57.562,927.328,31.063,0.027174,55.036,869.766,17.225,47.751,890.562,30.1,0.019342,44.89,842.811,1.4629,1.2055,1.0413
chartqa,448,chartqa_val_473,37.06,83.656,1476.978,32.403,0.025092,79.938,1393.321,16.942,46.762,1913.021,29.623,0.008856,44.347,1866.259,2.1875,1.789,0.7721
chartqa,448,chartqa_val_474,24.753,56.371,627.372,30.053,0.039454,53.788,571.001,42.843,95.271,661.204,29.786,0.064796,82.578,565.933,0.5778,0.5917,0.9488
chartqa,448,chartqa_val_475,62.113,99.231,972.665,31.194,0.063859,93.103,873.434,16.987,46.095,880.833,29.812,0.019285,43.254,834.737,3.6565,2.1527,1.1043
chartqa,448,chartqa_val_476,22.228,52.179,801.121,29.958,0.027747,49.594,748.942,27.798,74.923,835.814,30.436,0.033258,68.513,760.891,0.7996,0.6964,0.9585
chartqa,448,chartqa_val_477,61.14,101.023,1869.793,28.076,0.032699,88.73,1768.77,18.701,50.891,1985.466,30.708,0.009419,47.747,1934.576,3.2693,1.9851,0.9417
chartqa,448,chartqa_val_478,22.009,51.146,367.646,28.773,0.059864,48.34,316.499,24.965,59.878,437.529,34.332,0.057059,53.918,377.651,0.8816,0.8542,0.8403
chartqa,448,chartqa_val_479,21.924,50.228,1733.824,29.537,0.012645,47.489,1683.595,18.618,50.381,1784.727,30.427,0.010432,47.432,1734.346,1.1776,0.997,0.9715
chartqa,448,chartqa_val_48,23.592,54.879,1410.462,30.124,0.016726,51.793,1355.583,16.947,50.585,1345.285,28.771,0.012597,47.626,1294.701,1.3921,1.0849,1.0484
chartqa,448,chartqa_val_480,22.088,50.467,961.114,28.458,0.022981,47.679,910.647,61.447,169.106,1959.933,31.418,0.031352,145.529,1790.828,0.3595,0.2984,0.4904
chartqa,448,chartqa_val_481,23.412,55.114,547.8,30.793,0.042737,52.622,492.686,51.892,130.8,677.77,34.186,0.076563,127.705,546.971,0.4512,0.4214,0.8082
chartqa,448,chartqa_val_482,24.391,56.994,1877.128,30.85,0.012994,53.75,1820.134,17.654,48.611,1764.236,29.58,0.010007,46.032,1715.625,1.3816,1.1725,1.064
chartqa,448,chartqa_val_483,37.754,72.508,2000.281,30.6,0.018874,66.506,1927.773,17.23,47.252,1944.367,30.113,0.008862,44.397,1897.115,2.1912,1.5345,1.0288
chartqa,448,chartqa_val_484,94.928,187.769,1249.558,30.337,0.075969,166.446,1061.789,17.051,47.379,1082.282,29.569,0.015755,44.49,1034.903,5.5673,3.9631,1.1546
chartqa,448,chartqa_val_485,22.156,51.419,704.237,29.674,0.031461,48.829,652.819,17.205,47.626,712.144,30.205,0.024159,44.668,664.519,1.2878,1.0796,0.9889
chartqa,448,chartqa_val_486,32.888,67.743,141.855,37.056,0.23184,58.983,74.112,17.062,47.504,101.922,27.209,0.167406,44.727,54.418,1.9276,1.426,1.3918
chartqa,448,chartqa_val_487,24.357,56.614,2141.962,33.101,0.011371,53.552,2085.348,26.532,60.203,1839.991,28.251,0.014419,53.857,1779.788,0.918,0.9404,1.1641
chartqa,448,chartqa_val_488,24.543,59.651,819.791,31.672,0.029938,56.474,760.14,16.902,46.992,690.11,26.797,0.024491,44.15,643.118,1.4521,1.2694,1.1879
chartqa,448,chartqa_val_489,24.298,55.536,1971.196,30.407,0.012326,52.54,1915.659,17.099,47.108,1895.253,29.336,0.009022,44.361,1848.145,1.421,1.1789,1.0401
chartqa,448,chartqa_val_49,24.478,69.156,1911.913,30.209,0.012803,65.99,1842.757,19.918,67.606,1846.151,29.156,0.010789,64.63,1778.544,1.2289,1.0229,1.0356
chartqa,448,chartqa_val_490,24.296,55.395,714.722,28.666,0.033993,52.832,659.328,17.963,49.097,439.413,30.024,0.040879,46.205,390.315,1.3526,1.1283,1.6265
chartqa,448,chartqa_val_491,22.013,51.295,1790.664,27.609,0.012293,48.517,1739.369,17.202,47.364,1928.14,29.854,0.008922,44.57,1880.775,1.2797,1.083,0.9287
chartqa,448,chartqa_val_492,21.819,50.422,1819.1,28.074,0.011995,47.604,1768.678,24.318,67.548,1999.715,30.669,0.012161,64.604,1932.167,0.8972,0.7465,0.9097
chartqa,448,chartqa_val_493,21.992,51.517,1584.352,28.386,0.013881,48.708,1532.835,17.399,47.367,1606.31,28.869,0.010831,45.117,1558.942,1.264,1.0876,0.9863
chartqa,448,chartqa_val_494,22.224,51.297,102.389,25.546,0.217051,48.373,51.093,19.312,53.151,124.982,35.915,0.154516,49.785,71.831,1.1508,0.9651,0.8192
chartqa,448,chartqa_val_495,29.297,64.696,1113.232,29.126,0.026317,59.117,1048.536,18.315,55.173,1159.215,30.668,0.0158,52.3,1104.042,1.5996,1.1726,0.9603
chartqa,448,chartqa_val_496,22.66,52.255,817.415,29.429,0.027721,49.346,765.16,25.588,72.003,883.07,31.195,0.028976,69.001,811.067,0.8856,0.7257,0.9257
chartqa,448,chartqa_val_497,22.445,52.05,1819.435,28.054,0.012336,49.114,1767.385,18.312,50.276,2035.419,31.51,0.008997,47.319,1985.143,1.2257,1.0353,0.8939
chartqa,448,chartqa_val_498,25.544,56.91,896.751,27.092,0.028485,54.303,839.841,18.566,50.265,986.718,30.208,0.018816,47.194,936.453,1.3758,1.1322,0.9088
chartqa,448,chartqa_val_499,22.011,51.147,1912.506,29.545,0.011509,48.334,1861.359,18.955,50.815,1998.751,30.92,0.009484,47.774,1947.937,1.1612,1.0065,0.9569
chartqa,448,chartqa_val_5,21.603,65.259,484.085,26.177,0.044627,62.391,418.826,19.897,55.754,530.434,29.668,0.03751,52.8,474.68,1.0857,1.1705,0.9126
chartqa,448,chartqa_val_50,23.354,54.0,485.132,28.742,0.048139,51.115,431.132,26.721,59.538,486.56,28.468,0.054918,53.644,427.022,0.874,0.907,0.9971
chartqa,448,chartqa_val_51,33.765,77.774,1966.937,29.987,0.017166,74.816,1889.163,17.028,46.602,1925.774,29.828,0.008842,43.849,1879.172,1.9829,1.6689,1.0214
chartqa,448,chartqa_val_52,23.818,54.703,303.887,31.148,0.078379,51.636,249.183,17.056,60.559,316.216,31.957,0.053939,57.582,255.657,1.3965,0.9033,0.961
chartqa,448,chartqa_val_53,22.813,52.998,1117.498,30.414,0.020414,50.249,1064.5,16.706,46.004,981.732,26.735,0.017017,43.28,935.728,1.3656,1.152,1.1383
chartqa,448,chartqa_val_54,24.464,63.3,1754.692,30.203,0.013942,59.999,1691.391,18.798,51.162,1669.773,28.904,0.011258,48.453,1618.611,1.3014,1.2372,1.0509
chartqa,448,chartqa_val_55,25.292,57.665,1978.816,30.494,0.012781,54.136,1921.151,17.04,47.842,1849.727,28.601,0.009212,44.828,1801.884,1.4843,1.2053,1.0698
chartqa,448,chartqa_val_56,24.504,56.067,1645.917,29.997,0.014888,52.891,1589.85,18.16,50.015,1602.853,29.299,0.01133,47.056,1552.839,1.3493,1.121,1.0269
chartqa,448,chartqa_val_57,34.211,78.559,1927.988,29.356,0.017745,75.443,1849.429,17.43,47.805,1904.981,29.479,0.00915,44.945,1857.176,1.9628,1.6433,1.0121
chartqa,448,chartqa_val_58,24.031,55.254,1446.298,29.597,0.016616,52.146,1391.044,17.576,49.009,1657.887,29.794,0.010601,46.193,1608.879,1.3673,1.1274,0.8724
chartqa,448,chartqa_val_59,23.829,55.033,1951.818,30.108,0.012209,51.94,1896.786,16.778,46.063,1911.54,29.611,0.008777,43.234,1865.477,1.4203,1.1947,1.0211
chartqa,448,chartqa_val_6,28.572,77.504,678.449,28.616,0.042114,74.287,600.945,17.61,53.258,658.129,28.803,0.026758,49.797,604.871,1.6225,1.4553,1.0309
chartqa,448,chartqa_val_60,35.904,86.094,884.487,28.514,0.040593,82.529,798.393,17.673,48.208,861.964,29.063,0.020503,45.54,813.756,2.0316,1.7859,1.0261
chartqa,448,chartqa_val_61,33.174,76.108,1998.162,30.509,0.016602,73.045,1922.054,30.208,75.137,1892.749,28.851,0.01596,70.754,1817.612,1.0982,1.0129,1.0557
chartqa,448,chartqa_val_62,22.072,51.301,1315.343,28.728,0.01678,48.411,1264.042,24.655,68.172,1410.731,30.513,0.017477,65.059,1342.559,0.8952,0.7525,0.9324
chartqa,448,chartqa_val_63,21.958,50.632,1195.373,28.619,0.018369,47.9,1144.741,17.143,47.067,1243.246,29.904,0.013789,44.228,1196.179,1.2809,1.0757,0.9615
chartqa,448,chartqa_val_64,22.18,58.489,500.239,29.45,0.044339,55.375,441.75,16.918,55.626,501.988,29.757,0.033702,52.718,446.362,1.311,1.0515,0.9965
chartqa,448,chartqa_val_65,21.19,49.451,1845.891,28.515,0.011479,46.686,1796.44,16.675,46.267,1929.863,29.898,0.00864,43.498,1883.595,1.2708,1.0688,0.9565
chartqa,448,chartqa_val_66,21.237,49.049,759.992,27.344,0.027944,46.336,710.943,19.032,52.55,846.321,30.53,0.022488,49.143,793.77,1.1159,0.9334,0.898
chartqa,448,chartqa_val_67,29.911,76.276,2047.221,31.285,0.014611,73.433,1970.945,23.669,61.249,2028.284,31.223,0.011669,52.481,1967.035,1.2637,1.2453,1.0093
chartqa,448,chartqa_val_68,24.327,57.261,310.894,28.182,0.07825,54.148,253.634,17.395,47.905,284.409,26.278,0.061163,44.835,236.504,1.3985,1.1953,1.0931
chartqa,448,chartqa_val_69,24.124,55.453,1982.672,30.591,0.012167,52.431,1927.219,17.046,47.318,1785.446,27.589,0.009547,44.568,1738.128,1.4152,1.1719,1.1105
chartqa,448,chartqa_val_7,24.447,53.638,978.936,30.843,0.024973,50.877,925.298,17.324,46.772,872.935,27.539,0.019845,44.659,826.163,1.4112,1.1468,1.1214
chartqa,448,chartqa_val_70,24.137,55.297,1939.973,29.915,0.012442,52.269,1884.676,20.056,64.076,1824.311,27.94,0.010994,61.125,1760.235,1.2035,0.863,1.0634
chartqa,448,chartqa_val_71,24.17,60.168,1948.064,29.967,0.012407,57.192,1887.896,16.783,50.307,1867.625,28.846,0.008987,47.579,1817.318,1.4401,1.196,1.0431
chartqa,448,chartqa_val_72,23.754,55.137,537.169,30.127,0.04422,52.208,482.032,25.633,68.592,537.124,29.283,0.047723,65.505,468.532,0.9267,0.8038,1.0001
chartqa,448,chartqa_val_73,24.499,55.926,2035.639,31.424,0.012035,52.825,1979.713,25.553,63.922,1887.32,28.943,0.013539,58.083,1823.397,0.9588,0.8749,1.0786
chartqa,448,chartqa_val_74,23.772,54.537,1228.17,30.093,0.019356,51.531,1173.633,16.829,46.315,782.591,28.318,0.021505,43.513,736.276,1.4126,1.1775,1.5694
chartqa,448,chartqa_val_75,23.535,54.028,1881.497,29.007,0.012509,51.028,1827.469,16.667,45.974,1848.615,28.613,0.009016,43.289,1802.642,1.4121,1.1752,1.0178
chartqa,448,chartqa_val_76,23.492,53.566,526.208,29.54,0.044643,51.329,472.642,27.028,64.78,541.128,29.772,0.049948,61.729,476.348,0.8692,0.8269,0.9724
chartqa,448,chartqa_val_77,33.607,70.452,2009.977,30.786,0.01672,61.655,1939.524,33.964,75.698,1833.874,27.908,0.01852,72.829,1758.177,0.9895,0.9307,1.096
chartqa,448,chartqa_val_78,34.414,82.942,836.483,30.142,0.041142,80.412,753.542,17.073,46.338,787.779,29.658,0.021672,43.477,741.441,2.0157,1.7899,1.0618
chartqa,448,chartqa_val_79,23.189,55.861,1216.907,32.251,0.019056,51.178,1161.046,16.937,46.138,1142.643,30.458,0.014823,43.425,1096.504,1.3691,1.2107,1.065
chartqa,448,chartqa_val_8,32.299,77.119,899.855,31.644,0.035893,74.03,822.736,17.166,81.403,829.338,28.767,0.020699,78.503,747.935,1.8816,0.9474,1.085
chartqa,448,chartqa_val_80,30.094,67.092,698.234,35.063,0.0431,63.998,631.142,16.904,55.991,570.952,28.609,0.029606,52.988,514.961,1.7803,1.1983,1.2229
chartqa,448,chartqa_val_81,22.038,50.984,1840.161,28.4,0.011976,48.552,1789.178,16.787,53.065,1888.047,29.127,0.008891,50.219,1834.982,1.3128,0.9608,0.9746
chartqa,448,chartqa_val_82,24.972,57.495,475.864,32.182,0.052478,54.163,418.368,16.598,45.162,440.346,30.399,0.037693,42.472,395.184,1.5045,1.2731,1.0807
chartqa,448,chartqa_val_83,24.247,55.59,2067.853,31.941,0.011726,52.671,2012.262,16.766,45.429,1882.114,29.154,0.008908,42.744,1836.685,1.4462,1.2237,1.0987
chartqa,448,chartqa_val_84,23.818,55.063,801.757,31.112,0.029707,52.104,746.694,16.737,46.1,764.353,29.927,0.021897,43.351,718.253,1.4231,1.1944,1.0489
chartqa,448,chartqa_val_85,31.486,76.42,1972.784,30.101,0.01596,73.446,1896.364,16.68,46.099,1819.304,28.146,0.009169,43.4,1773.205,1.8876,1.6577,1.0844
chartqa,448,chartqa_val_86,23.989,55.016,1173.445,33.892,0.020443,52.373,1118.429,28.893,68.893,1046.12,29.613,0.02762,65.588,977.226,0.8303,0.7986,1.1217
chartqa,448,chartqa_val_87,24.455,56.637,2031.266,31.343,0.012039,53.53,1974.628,18.821,52.109,2007.749,31.042,0.009374,48.689,1955.64,1.2993,1.0869,1.0117
chartqa,448,chartqa_val_88,24.518,56.663,1961.899,30.73,0.012497,53.552,1905.235,20.229,54.543,1941.152,30.429,0.010421,51.3,1886.609,1.212,1.0389,1.0107
chartqa,448,chartqa_val_89,24.657,58.715,1994.042,30.719,0.012365,55.554,1935.327,18.511,50.142,1932.892,29.885,0.009577,46.902,1882.75,1.332,1.171,1.0316
chartqa,448,chartqa_val_9,23.553,54.415,1095.218,29.737,0.021506,51.53,1040.803,17.07,46.737,1732.975,29.073,0.00985,43.975,1686.239,1.3798,1.1643,0.632
chartqa,448,chartqa_val_90,36.046,74.709,1338.349,30.82,0.026933,68.691,1263.64,18.998,51.284,1354.739,31.792,0.014023,48.086,1303.455,1.8974,1.4568,0.9879
chartqa,448,chartqa_val_91,25.054,57.584,2026.642,31.255,0.012362,54.521,1969.058,18.138,48.746,1988.172,30.785,0.009123,45.878,1939.426,1.3813,1.1813,1.0193
chartqa,448,chartqa_val_92,24.6,62.459,933.399,31.105,0.026355,59.245,870.94,18.319,49.449,556.427,31.686,0.032922,46.479,506.978,1.3429,1.2631,1.6775
chartqa,448,chartqa_val_93,24.67,70.512,1482.206,31.371,0.016644,67.245,1411.695,18.634,51.979,1986.223,30.702,0.009382,49.018,1934.244,1.3239,1.3565,0.7462
chartqa,448,chartqa_val_94,22.4,51.925,1845.862,28.475,0.012135,49.432,1793.937,17.706,47.895,1914.284,29.625,0.009249,44.847,1866.389,1.2651,1.0841,0.9643
chartqa,448,chartqa_val_95,21.982,50.709,1765.061,27.212,0.012454,47.946,1714.352,17.295,47.408,1871.603,28.955,0.009241,44.552,1824.195,1.271,1.0696,0.9431
chartqa,448,chartqa_val_96,22.136,64.057,947.393,27.604,0.023365,61.211,883.336,18.747,49.017,1000.567,28.835,0.018737,46.034,951.55,1.1808,1.3068,0.9469
chartqa,448,chartqa_val_97,21.456,49.82,1006.704,28.144,0.021313,47.095,956.884,17.402,48.854,1041.61,29.199,0.016707,45.157,992.756,1.233,1.0198,0.9665
chartqa,448,chartqa_val_98,30.842,73.284,1812.87,27.612,0.017013,70.492,1739.587,26.245,72.966,2008.203,30.718,0.013069,69.423,1935.237,1.1752,1.0044,0.9027
chartqa,448,chartqa_val_99,26.4,73.34,1998.757,30.562,0.013208,69.846,1925.417,48.883,112.491,2029.453,30.428,0.024087,103.696,1916.961,0.5401,0.652,0.9849
chartqa,896,chartqa_val_0,45.117,79.375,570.596,30.701,0.079071,76.076,491.221,40.697,71.241,532.401,28.823,0.076441,68.61,461.16,1.1086,1.1142,1.0717
chartqa,896,chartqa_val_1,42.4,76.471,2124.9,32.515,0.019954,73.679,2048.43,40.889,81.383,1935.994,29.438,0.02112,78.437,1854.612,1.037,0.9396,1.0976
chartqa,896,chartqa_val_10,43.989,96.123,2035.087,30.777,0.021615,93.3,1938.964,40.435,73.214,1892.853,28.883,0.021362,71.07,1819.638,1.0879,1.3129,1.0751
chartqa,896,chartqa_val_100,42.324,74.326,1692.011,29.957,0.025014,71.881,1617.685,40.557,71.535,1686.43,29.905,0.024049,69.149,1614.894,1.0436,1.039,1.0033
chartqa,896,chartqa_val_101,44.081,82.628,1824.204,27.644,0.024164,80.535,1741.576,40.975,86.302,1960.97,29.757,0.020895,83.213,1874.669,1.0758,0.9574,0.9303
chartqa,896,chartqa_val_102,41.913,85.284,382.378,29.709,0.109611,82.998,297.094,40.379,83.1,437.791,35.469,0.092232,80.519,354.691,1.038,1.0263,0.8734
chartqa,896,chartqa_val_103,42.266,73.833,1798.663,28.747,0.023498,71.648,1724.83,40.311,71.205,1926.123,30.915,0.020929,69.035,1854.918,1.0485,1.0369,0.9338
chartqa,896,chartqa_val_104,41.321,69.811,390.825,32.101,0.105728,67.786,321.014,40.401,70.935,347.591,27.666,0.11623,68.763,276.656,1.0228,0.9842,1.1244
chartqa,896,chartqa_val_105,44.451,73.583,1615.756,26.589,0.027511,70.84,1542.174,40.91,84.062,1843.909,30.342,0.022187,80.983,1759.847,1.0866,0.8753,0.8763
chartqa,896,chartqa_val_106,46.26,82.965,1200.394,31.927,0.038537,76.473,1117.429,40.469,85.579,1199.007,31.812,0.033752,83.167,1113.428,1.1431,0.9695,1.0012
chartqa,896,chartqa_val_107,42.303,78.508,2020.862,30.831,0.020933,76.302,1942.354,40.464,71.644,1995.427,30.536,0.020279,69.464,1923.783,1.0454,1.0958,1.0127
chartqa,896,chartqa_val_108,43.666,75.971,498.114,35.179,0.087662,73.576,422.144,40.961,83.331,421.698,28.197,0.097132,80.348,338.368,1.066,0.9117,1.1812
chartqa,896,chartqa_val_109,41.989,72.027,1344.423,28.275,0.031232,69.598,1272.396,40.324,70.34,1412.672,29.83,0.028545,68.259,1342.332,1.0413,1.024,0.9517
chartqa,896,chartqa_val_11,41.711,74.921,2016.552,30.82,0.020684,72.873,1941.631,40.536,73.773,2061.112,31.545,0.019667,71.47,1987.338,1.029,1.0156,0.9784
chartqa,896,chartqa_val_110,41.521,70.635,543.176,27.797,0.076441,68.559,472.541,56.262,108.986,639.305,29.462,0.088004,101.975,530.319,0.738,0.6481,0.8496
chartqa,896,chartqa_val_111,43.88,92.024,2049.875,31.077,0.021406,88.519,1957.85,40.453,71.265,2002.064,30.648,0.020206,68.862,1930.799,1.0847,1.2913,1.0239
chartqa,896,chartqa_val_112,44.423,90.235,580.381,30.634,0.076541,87.756,490.146,40.4,70.706,571.831,31.32,0.07065,68.482,501.125,1.0996,1.2762,1.015
chartqa,896,chartqa_val_113,41.858,72.644,1903.743,29.065,0.021987,70.066,1831.099,40.573,87.705,2055.998,31.243,0.019734,84.938,1968.292,1.0317,0.8283,0.9259
chartqa,896,chartqa_val_114,41.824,71.255,423.267,29.334,0.098811,69.075,352.012,40.519,81.101,481.941,33.403,0.084076,78.613,400.84,1.0322,0.8786,0.8783
chartqa,896,chartqa_val_115,41.732,71.106,1926.886,29.457,0.021658,68.978,1855.779,40.439,71.607,2030.183,31.089,0.019919,69.324,1958.576,1.032,0.993,0.9491
chartqa,896,chartqa_val_116,41.527,70.584,228.52,26.323,0.181723,68.453,157.936,41.14,74.153,245.49,28.556,0.167582,70.774,171.337,1.0094,0.9519,0.9309
chartqa,896,chartqa_val_117,43.774,86.935,1222.486,29.883,0.035808,84.691,1135.551,80.07,131.099,1296.831,30.677,0.061743,128.257,1165.732,0.5467,0.6631,0.9427
chartqa,896,chartqa_val_118,41.768,71.85,983.043,29.393,0.042489,69.794,911.193,40.954,88.047,1019.414,30.044,0.040174,85.682,931.366,1.0199,0.816,0.9643
chartqa,896,chartqa_val_119,45.09,88.684,2038.381,30.948,0.02212,85.142,1949.697,40.375,70.784,1964.782,30.063,0.02055,68.657,1893.998,1.1168,1.2529,1.0375
chartqa,896,chartqa_val_12,42.082,86.788,827.926,32.223,0.050828,84.317,741.138,40.607,71.946,741.307,29.103,0.054778,69.387,669.361,1.0363,1.2063,1.1168
chartqa,896,chartqa_val_120,42.065,78.241,1309.361,33.274,0.032126,75.845,1231.12,40.953,78.203,1139.841,28.693,0.035929,72.344,1061.638,1.0272,1.0005,1.1487
chartqa,896,chartqa_val_121,43.757,90.105,2074.803,31.503,0.02109,87.676,1984.698,40.336,70.406,1960.182,29.996,0.020578,67.747,1889.776,1.0848,1.2798,1.0585
chartqa,896,chartqa_val_122,43.012,89.932,967.346,33.747,0.044464,87.35,877.414,40.526,73.577,858.001,30.17,0.047233,70.988,784.424,1.0613,1.2223,1.1274
chartqa,896,chartqa_val_123,41.909,75.36,2036.01,31.121,0.020584,73.182,1960.65,40.349,74.819,2191.257,33.594,0.018414,72.74,2116.438,1.0387,1.0072,0.9292
chartqa,896,chartqa_val_124,42.732,78.989,968.086,31.753,0.04414,76.85,889.097,40.645,77.87,1013.817,33.427,0.040091,75.562,935.947,1.0513,1.0144,0.9549
chartqa,896,chartqa_val_125,50.197,99.505,2134.725,32.305,0.023514,96.281,2035.22,40.477,73.214,2187.364,33.558,0.018505,70.83,2114.15,1.2401,1.3591,0.9759
chartqa,896,chartqa_val_126,42.414,73.882,966.681,30.786,0.043876,71.623,892.799,40.661,85.374,976.904,30.742,0.041622,82.577,891.53,1.0431,0.8654,0.9895
chartqa,896,chartqa_val_127,44.568,78.605,1097.826,30.885,0.040596,75.181,1019.221,40.315,70.214,1102.177,31.272,0.036578,68.074,1031.963,1.1055,1.1195,0.9961
chartqa,896,chartqa_val_128,42.311,75.395,1735.604,28.139,0.024378,72.67,1660.208,40.398,70.405,1851.411,30.187,0.02182,68.246,1781.007,1.0474,1.0709,0.9374
chartqa,896,chartqa_val_129,42.139,74.224,1260.462,31.217,0.033432,71.725,1186.238,40.362,70.597,1264.592,31.421,0.031917,68.485,1193.995,1.044,1.0514,0.9967
chartqa,896,chartqa_val_13,46.27,82.762,2086.268,31.802,0.022178,79.931,2003.506,40.261,76.874,1961.813,29.92,0.020522,74.492,1884.94,1.1493,1.0766,1.0634
chartqa,896,chartqa_val_130,42.001,83.26,1146.157,31.262,0.036645,80.992,1062.896,40.418,70.436,1116.821,30.776,0.03619,68.312,1046.385,1.0392,1.1821,1.0263
chartqa,896,chartqa_val_131,41.92,72.884,1704.117,30.778,0.024599,70.818,1631.233,40.458,72.732,1708.804,32.08,0.023676,70.256,1636.071,1.0361,1.0021,0.9973
chartqa,896,chartqa_val_132,44.328,90.732,2193.6,33.379,0.020208,88.243,2102.868,40.597,86.984,1998.51,30.342,0.020314,84.48,1911.525,1.0919,1.0431,1.0976
chartqa,896,chartqa_val_133,45.389,88.302,2117.433,32.208,0.021436,85.624,2029.131,41.29,74.464,2068.608,31.653,0.01996,71.095,1994.144,1.0993,1.1858,1.0236
chartqa,896,chartqa_val_134,43.505,87.759,1006.348,28.706,0.04323,85.083,918.589,40.623,86.86,1086.635,32.251,0.037384,84.411,999.776,1.0709,1.0103,0.9261
chartqa,896,chartqa_val_135,42.907,86.352,1945.864,29.516,0.02205,83.983,1859.512,40.338,71.53,2030.169,31.09,0.019869,69.388,1958.639,1.0637,1.2072,0.9585
chartqa,896,chartqa_val_136,43.572,89.23,697.081,28.945,0.062506,86.813,607.851,40.471,85.487,747.972,31.547,0.054107,83.104,662.485,1.0766,1.0438,0.932
chartqa,896,chartqa_val_137,42.547,74.991,805.858,29.235,0.052797,72.242,730.868,40.354,90.985,819.038,29.122,0.04927,88.693,728.053,1.0543,0.8242,0.9839
chartqa,896,chartqa_val_138,41.501,83.259,860.614,28.791,0.048223,81.068,777.355,40.563,72.254,899.323,30.632,0.045104,69.798,827.069,1.0231,1.1523,0.957
chartqa,896,chartqa_val_139,41.543,70.004,1878.323,28.703,0.022117,67.999,1808.318,40.542,88.69,1981.888,30.051,0.020456,86.229,1893.198,1.0247,0.7893,0.9477
chartqa,896,chartqa_val_14,42.452,74.433,1135.084,32.141,0.0374,71.924,1060.651,40.375,69.707,1014.991,28.645,0.039779,67.535,945.284,1.0514,1.0678,1.1183
chartqa,896,chartqa_val_140,41.584,70.5,928.775,30.653,0.044773,68.452,858.276,40.526,72.242,874.602,28.656,0.046336,69.93,802.36,1.0261,0.9759,1.0619
chartqa,896,chartqa_val_141,41.48,70.052,1864.679,28.486,0.022245,68.017,1794.627,45.314,86.028,1935.609,29.358,0.023411,82.402,1849.581,0.9154,0.8143,0.9634
chartqa,896,chartqa_val_142,46.418,85.877,606.785,28.939,0.076498,82.493,520.908,40.493,71.863,621.156,30.516,0.065189,69.581,549.293,1.1463,1.195,0.9769
chartqa,896,chartqa_val_143,43.22,79.072,1865.709,31.904,0.023165,76.495,1786.637,40.611,72.898,1761.917,30.161,0.023049,70.417,1689.019,1.0642,1.0847,1.0589
chartqa,896,chartqa_val_144,42.876,75.481,969.296,30.821,0.044235,72.75,893.815,40.528,74.794,945.908,30.038,0.042846,72.382,871.114,1.0579,1.0092,1.0247
chartqa,896,chartqa_val_145,42.613,74.323,1943.515,29.67,0.021925,72.157,1869.193,40.515,72.692,2053.624,31.443,0.019729,70.147,1980.932,1.0518,1.0224,0.9464
chartqa,896,chartqa_val_146,43.852,91.451,1527.418,28.156,0.02871,89.01,1435.966,41.263,89.559,1642.971,30.459,0.025115,86.227,1553.412,1.0627,1.0211,0.9297
chartqa,896,chartqa_val_147,42.65,74.409,1915.328,29.221,0.022268,72.016,1840.918,40.379,71.652,2061.814,31.59,0.019584,69.43,1990.162,1.0562,1.0385,0.929
chartqa,896,chartqa_val_148,41.86,71.345,836.405,27.324,0.050048,69.211,765.06,40.424,71.739,968.798,32.038,0.041726,69.545,897.059,1.0355,0.9945,0.8633
chartqa,896,chartqa_val_149,41.398,71.087,1857.136,28.35,0.022291,69.043,1786.05,40.447,74.029,2078.947,31.824,0.019456,71.711,2004.918,1.0235,0.9603,0.8933
chartqa,896,chartqa_val_15,42.214,73.863,2038.78,31.189,0.020705,71.613,1964.917,41.122,78.764,1955.917,29.796,0.021024,75.392,1877.154,1.0266,0.9378,1.0424
chartqa,896,chartqa_val_150,41.59,70.705,629.067,26.589,0.066114,68.694,558.362,40.564,71.749,703.818,30.099,0.057634,69.266,632.069,1.0253,0.9854,0.8938
chartqa,896,chartqa_val_151,42.103,73.206,1882.21,28.714,0.022369,71.178,1809.004,40.344,70.312,2016.825,30.897,0.020004,68.147,1946.513,1.0436,1.0412,0.9333
chartqa,896,chartqa_val_152,41.958,71.677,314.902,27.025,0.13324,69.422,243.225,40.5,71.544,338.1,29.617,0.119788,69.12,266.556,1.036,1.0019,0.9314
chartqa,896,chartqa_val_153,42.825,76.992,990.822,32.637,0.043221,74.285,913.83,40.453,85.414,376.166,29.075,0.10754,82.807,290.752,1.0586,0.9014,2.634
chartqa,896,chartqa_val_154,43.321,77.394,1125.743,31.768,0.038482,75.07,1048.349,40.374,69.924,1073.495,30.411,0.03761,67.911,1003.571,1.073,1.1068,1.0487
chartqa,896,chartqa_val_155,42.177,74.027,2053.138,31.414,0.020543,71.801,1979.112,40.924,77.059,1947.18,30.163,0.021017,74.208,1870.121,1.0306,0.9607,1.0544
chartqa,896,chartqa_val_156,42.071,72.361,2008.129,31.734,0.020951,69.883,1935.768,40.474,70.224,1905.407,30.085,0.021242,68.11,1835.183,1.0395,1.0304,1.0539
chartqa,896,chartqa_val_157,46.566,84.636,2094.568,31.904,0.022232,81.708,2009.932,40.424,85.319,1929.94,29.28,0.020946,82.778,1844.622,1.1519,0.992,1.0853
chartqa,896,chartqa_val_158,41.798,72.128,1080.082,31.499,0.038699,70.016,1007.954,40.396,70.595,1052.945,30.698,0.038365,68.44,982.35,1.0347,1.0217,1.0258
chartqa,896,chartqa_val_159,41.776,71.744,484.267,25.783,0.086266,69.289,412.524,41.107,212.051,681.564,27.618,0.060313,209.923,469.513,1.0163,0.3383,0.7105
chartqa,896,chartqa_val_16,42.371,73.676,1001.211,30.918,0.04232,71.293,927.535,40.716,73.016,976.354,30.111,0.041702,70.599,903.338,1.0406,1.009,1.0255
chartqa,896,chartqa_val_160,44.326,93.655,775.685,28.418,0.057144,91.43,682.03,41.68,72.77,763.59,28.784,0.054584,69.221,690.82,1.0635,1.287,1.0158
chartqa,896,chartqa_val_161,42.318,74.571,2128.548,32.603,0.019881,71.66,2053.977,40.473,72.641,2008.72,30.731,0.020149,70.057,1936.079,1.0456,1.0266,1.0597
chartqa,896,chartqa_val_162,42.724,75.679,1205.932,32.293,0.035428,73.429,1130.253,40.948,73.42,1207.854,32.412,0.033901,70.377,1134.435,1.0434,1.0308,0.9984
chartqa,896,chartqa_val_163,42.322,85.678,2112.657,32.174,0.020033,83.234,2026.979,40.398,71.606,2009.224,30.756,0.020106,69.301,1937.618,1.0476,1.1965,1.0515
chartqa,896,chartqa_val_164,45.11,94.956,155.253,30.148,0.29056,92.51,60.297,40.558,72.655,174.874,51.11,0.231927,69.956,102.219,1.1122,1.3069,0.8878
chartqa,896,chartqa_val_165,42.237,74.64,1207.995,31.482,0.034965,72.443,1133.355,40.461,71.598,1157.834,30.173,0.034946,69.069,1086.237,1.0439,1.0425,1.0433
chartqa,896,chartqa_val_166,42.545,75.528,1012.932,32.324,0.042002,72.357,937.404,40.503,70.914,936.156,29.836,0.043265,68.517,865.242,1.0504,1.0651,1.082
chartqa,896,chartqa_val_167,42.148,76.98,2011.735,31.717,0.020951,74.693,1934.755,40.307,73.973,1671.07,30.713,0.024121,71.691,1597.097,1.0457,1.0406,1.2039
chartqa,896,chartqa_val_168,42.446,74.526,372.074,29.755,0.11408,72.29,297.548,40.461,70.839,408.325,33.749,0.09909,68.714,337.486,1.0491,1.052,0.9112
chartqa,896,chartqa_val_169,42.104,73.612,1277.493,30.869,0.032958,71.507,1203.881,40.498,72.267,1273.786,30.808,0.031794,70.122,1201.519,1.0397,1.0186,1.0029
chartqa,896,chartqa_val_17,61.59,116.142,1917.985,28.601,0.032112,109.875,1801.843,40.321,79.021,1990.134,30.335,0.02026,76.843,1911.113,1.5275,1.4698,0.9637
chartqa,896,chartqa_val_170,42.012,73.646,1551.478,32.127,0.027078,71.458,1477.832,40.426,70.681,1463.874,30.287,0.027616,68.51,1393.193,1.0392,1.0419,1.0598
chartqa,896,chartqa_val_171,42.83,74.785,1760.598,31.808,0.024327,72.456,1685.813,40.352,70.577,1691.646,30.586,0.023853,68.445,1621.069,1.0614,1.0596,1.0408
chartqa,896,chartqa_val_172,42.036,73.625,2092.209,32.041,0.020092,71.461,2018.584,40.458,71.513,2014.176,30.836,0.020087,69.29,1942.664,1.039,1.0295,1.0387
chartqa,896,chartqa_val_173,42.305,83.104,2122.17,32.366,0.019935,80.595,2039.066,40.413,73.936,1934.543,29.533,0.02089,71.686,1860.607,1.0468,1.124,1.097
chartqa,896,chartqa_val_174,42.039,74.395,1128.155,32.93,0.037264,72.15,1053.76,40.475,70.754,1611.414,30.209,0.025118,68.544,1540.66,1.0386,1.0515,0.7001
chartqa,896,chartqa_val_175,43.024,90.684,2096.801,31.843,0.020519,88.242,2006.117,40.483,85.738,1961.505,29.774,0.020639,83.312,1875.767,1.0628,1.0577,1.069
chartqa,896,chartqa_val_176,42.16,72.65,1888.748,28.827,0.022322,70.191,1816.098,40.406,73.884,1980.061,30.257,0.020406,71.471,1906.177,1.0434,0.9833,0.9539
chartqa,896,chartqa_val_177,41.538,70.49,1870.419,28.57,0.022208,68.392,1799.928,40.445,71.701,1944.459,29.726,0.0208,69.222,1872.759,1.027,0.9831,0.9619
chartqa,896,chartqa_val_178,43.641,87.196,1920.664,29.103,0.022722,84.774,1833.468,41.355,73.246,2054.73,31.452,0.020127,70.177,1981.484,1.0553,1.1905,0.9348
chartqa,896,chartqa_val_179,41.851,70.893,1857.609,28.361,0.02253,68.644,1786.716,40.521,72.563,2064.177,31.613,0.019631,69.989,1991.614,1.0328,0.977,0.8999
chartqa,896,chartqa_val_18,41.458,72.685,463.865,27.941,0.089376,70.566,391.18,40.325,73.207,458.309,27.507,0.087986,71.068,385.102,1.0281,0.9929,1.0121
chartqa,896,chartqa_val_180,44.283,74.285,643.638,29.966,0.068801,71.378,569.353,40.484,71.597,669.366,31.462,0.060481,69.334,597.769,1.0938,1.0375,0.9616
chartqa,896,chartqa_val_181,42.498,73.874,1865.687,28.441,0.022779,71.714,1791.813,40.347,71.223,2060.697,31.579,0.019579,68.987,1989.474,1.0533,1.0372,0.9054
chartqa,896,chartqa_val_182,41.734,79.068,1907.199,29.018,0.021883,76.712,1828.131,40.432,73.506,1970.041,30.104,0.020523,71.305,1896.535,1.0322,1.0757,0.9681
chartqa,896,chartqa_val_183,45.376,82.431,1745.72,28.677,0.025993,79.52,1663.289,55.025,95.844,1927.929,30.034,0.028541,93.393,1832.085,0.8246,0.8601,0.9055
chartqa,896,chartqa_val_184,41.873,71.371,878.045,31.026,0.047689,69.204,806.674,40.456,70.353,840.275,29.612,0.048146,68.118,769.922,1.035,1.0145,1.0449
chartqa,896,chartqa_val_185,42.241,71.629,112.961,41.331,0.373945,69.541,41.331,40.385,71.235,98.428,27.193,0.410302,68.971,27.193,1.046,1.0055,1.1477
chartqa,896,chartqa_val_186,45.057,75.345,693.956,28.119,0.064927,72.081,618.612,40.365,69.931,733.611,30.167,0.055023,67.835,663.68,1.1162,1.0774,0.9459
chartqa,896,chartqa_val_187,41.493,69.93,799.225,30.387,0.051916,67.863,729.295,40.273,84.377,818.716,30.597,0.049191,82.108,734.34,1.0303,0.8288,0.9762
chartqa,896,chartqa_val_188,41.409,70.013,989.154,27.853,0.041863,67.946,919.141,40.966,85.608,1328.777,28.911,0.03083,82.898,1243.169,1.0108,0.8178,0.7444
chartqa,896,chartqa_val_189,41.376,69.977,1613.079,29.675,0.02565,67.9,1543.102,40.483,72.051,1658.646,30.511,0.024407,69.571,1586.595,1.0221,0.9712,0.9725
chartqa,896,chartqa_val_19,41.343,70.401,1451.362,28.77,0.028486,68.347,1380.961,48.817,82.645,1524.567,30.04,0.03202,76.794,1441.922,0.8469,0.8518,0.952
chartqa,896,chartqa_val_190,43.045,86.7,1852.287,28.025,0.023239,84.321,1765.588,40.512,72.144,1984.484,30.355,0.020415,69.665,1912.34,1.0625,1.2018,0.9334
chartqa,896,chartqa_val_191,41.501,70.055,1799.471,27.894,0.023063,67.991,1729.417,40.507,72.888,2018.909,31.387,0.020064,70.322,1946.021,1.0245,0.9611,0.8913
chartqa,896,chartqa_val_192,42.673,75.328,1984.843,30.31,0.0215,72.387,1909.515,40.418,73.165,2088.178,31.984,0.019356,70.874,2015.013,1.0558,1.0296,0.9505
chartqa,896,chartqa_val_193,42.779,78.405,1670.097,31.834,0.025615,76.088,1591.693,40.422,75.479,1567.161,29.834,0.025793,73.239,1491.682,1.0583,1.0388,1.0657
chartqa,896,chartqa_val_194,42.602,75.544,781.87,32.106,0.054487,73.343,706.326,40.353,81.502,750.036,30.388,0.053802,79.015,668.533,1.0557,0.9269,1.0424
chartqa,896,chartqa_val_195,42.115,73.589,2065.566,31.619,0.020389,71.393,1991.977,40.462,75.98,2097.953,32.095,0.019286,73.687,2021.973,1.0409,0.9685,0.9846
chartqa,896,chartqa_val_196,41.998,73.429,883.996,32.423,0.047509,71.249,810.567,40.632,87.306,620.74,29.635,0.065458,84.585,533.433,1.0336,0.8411,1.4241
chartqa,896,chartqa_val_197,42.486,75.528,2154.105,32.993,0.019723,72.892,2078.578,40.348,70.953,1936.291,29.609,0.020838,68.792,1865.338,1.053,1.0645,1.1125
chartqa,896,chartqa_val_198,43.029,77.551,664.309,36.672,0.064773,75.228,586.757,40.442,85.96,611.133,32.823,0.066175,83.559,525.173,1.064,0.9022,1.087
chartqa,896,chartqa_val_199,42.846,77.222,775.316,31.732,0.055263,74.838,698.093,40.44,70.64,730.726,30.004,0.055342,68.54,660.085,1.0595,1.0932,1.061
chartqa,896,chartqa_val_2,42.495,95.261,2084.061,31.568,0.020391,91.953,1988.8,40.553,75.434,1357.015,29.127,0.029884,73.107,1281.581,1.0479,1.2628,1.5358
chartqa,896,chartqa_val_20,48.322,87.461,559.352,27.758,0.08639,77.936,471.891,40.555,71.458,587.964,30.383,0.068975,68.791,516.505,1.1915,1.2239,0.9513
chartqa,896,chartqa_val_200,43.48,90.651,799.14,33.738,0.054408,88.121,708.489,40.428,86.203,2028.912,30.837,0.019926,83.723,1942.709,1.0755,1.0516,0.3939
chartqa,896,chartqa_val_201,42.256,74.036,751.26,32.249,0.056246,71.842,677.224,40.391,76.793,744.028,31.773,0.054286,74.404,667.235,1.0462,0.9641,1.0097
chartqa,896,chartqa_val_202,42.211,73.262,304.809,28.943,0.138483,71.134,231.547,40.427,71.316,325.122,31.726,0.124345,69.227,253.805,1.0441,1.0273,0.9375
chartqa,896,chartqa_val_203,44.686,90.97,2047.291,31.053,0.021827,88.549,1956.322,40.325,71.875,2117.593,32.472,0.019043,69.685,2045.718,1.1081,1.2657,0.9668
chartqa,896,chartqa_val_204,42.305,87.625,859.667,33.567,0.049211,85.212,772.041,40.394,70.457,1377.546,31.121,0.029323,68.293,1307.089,1.0473,1.2437,0.6241
chartqa,896,chartqa_val_205,44.617,87.238,750.065,30.129,0.059484,85.065,662.827,40.413,71.894,744.512,30.574,0.054281,69.087,672.617,1.104,1.2134,1.0075
chartqa,896,chartqa_val_206,43.692,89.784,1080.582,30.024,0.040434,86.972,990.798,40.409,70.639,1067.517,30.208,0.037853,68.457,996.878,1.0812,1.271,1.0122
chartqa,896,chartqa_val_207,41.584,71.115,1865.715,28.486,0.022288,68.965,1794.6,40.35,72.375,1961.354,29.984,0.020572,70.312,1888.979,1.0306,0.9826,0.9512
chartqa,896,chartqa_val_208,41.57,70.343,252.568,26.032,0.164589,68.202,182.226,40.412,70.663,292.767,31.729,0.138036,68.475,222.104,1.0287,0.9955,0.8627
chartqa,896,chartqa_val_209,41.943,70.897,314.198,34.757,0.133492,68.901,243.301,40.236,70.992,265.579,27.798,0.151503,68.973,194.587,1.0424,0.9987,1.1831
chartqa,896,chartqa_val_21,41.93,76.23,1847.837,28.121,0.022691,73.941,1771.607,40.305,89.55,1921.904,29.085,0.020971,87.281,1832.354,1.0403,0.8513,0.9615
chartqa,896,chartqa_val_210,41.751,70.784,678.099,31.964,0.061571,68.868,607.315,40.907,71.737,625.306,29.135,0.06542,68.951,553.569,1.0206,0.9867,1.0844
chartqa,896,chartqa_val_211,41.375,69.928,381.919,25.999,0.108334,67.987,311.99,40.256,70.394,398.737,27.362,0.100958,68.362,328.343,1.0278,0.9934,0.9578
chartqa,896,chartqa_val_212,41.354,70.017,470.845,36.439,0.087829,68.07,400.828,40.323,70.345,397.123,29.707,0.101538,68.35,326.778,1.0256,0.9953,1.1856
chartqa,896,chartqa_val_213,41.532,70.506,1932.798,29.56,0.021488,68.524,1862.292,40.297,71.335,2057.0,31.518,0.01959,69.279,1985.665,1.0306,0.9884,0.9396
chartqa,896,chartqa_val_214,41.792,80.463,369.719,28.926,0.113038,78.062,289.256,40.5,71.433,406.369,33.494,0.099662,69.232,334.935,1.0319,1.1264,0.9098
chartqa,896,chartqa_val_215,42.04,73.013,1297.148,30.603,0.032409,70.842,1224.135,40.407,73.004,1298.787,30.645,0.031112,70.654,1225.783,1.0404,1.0001,0.9987
chartqa,896,chartqa_val_216,41.745,71.141,231.344,26.701,0.180445,68.942,160.203,40.398,71.546,242.012,28.411,0.166925,69.336,170.465,1.0333,0.9943,0.9559
chartqa,896,chartqa_val_217,41.538,70.659,2037.697,31.223,0.020385,68.613,1967.038,40.315,70.739,2033.722,31.158,0.019823,68.586,1962.983,1.0303,0.9989,1.002
chartqa,896,chartqa_val_218,43.206,76.895,276.833,33.323,0.156073,74.476,199.938,40.439,71.97,244.281,28.719,0.165545,69.756,172.311,1.0684,1.0684,1.1333
chartqa,896,chartqa_val_219,42.961,77.841,2091.067,31.956,0.020545,75.415,2013.226,40.718,88.43,2014.028,30.565,0.020217,85.089,1925.598,1.0551,0.8803,1.0383
chartqa,896,chartqa_val_22,41.284,71.742,1238.293,29.164,0.033339,69.703,1166.551,40.41,70.202,1296.823,30.666,0.031161,68.11,1226.621,1.0216,1.0219,0.9549
chartqa,896,chartqa_val_220,45.653,80.593,2004.477,30.538,0.022775,77.231,1923.884,41.642,83.954,2039.642,31.043,0.020416,80.835,1955.688,1.0963,0.96,0.9828
chartqa,896,chartqa_val_221,42.834,73.448,1325.166,29.803,0.032324,70.582,1251.719,40.422,71.133,1359.855,30.684,0.029726,68.915,1288.722,1.0597,1.0325,0.9745
chartqa,896,chartqa_val_222,41.615,70.217,1705.804,29.738,0.024396,68.105,1635.588,40.58,71.148,1869.602,32.699,0.021705,68.58,1798.454,1.0255,0.9869,0.9124
chartqa,896,chartqa_val_223,42.768,73.56,534.862,28.831,0.079961,70.962,461.302,40.968,73.535,523.638,28.131,0.078238,70.562,450.103,1.0439,1.0003,1.0214
chartqa,896,chartqa_val_224,41.66,70.37,304.749,26.042,0.136701,68.321,234.379,40.424,77.398,410.199,36.978,0.098548,74.883,332.801,1.0306,0.9092,0.7429
chartqa,896,chartqa_val_225,42.492,75.371,1033.328,31.932,0.041121,72.745,957.957,40.321,71.351,711.885,32.027,0.05664,69.12,640.534,1.0538,1.0563,1.4515
chartqa,896,chartqa_val_226,42.243,74.769,1764.627,31.884,0.023939,72.422,1689.857,40.415,73.64,1345.765,30.289,0.030031,71.582,1272.125,1.0452,1.0153,1.3112
chartqa,896,chartqa_val_227,42.251,73.465,858.742,31.411,0.049201,71.238,785.278,40.387,86.157,821.218,29.402,0.049179,83.771,735.06,1.0462,0.8527,1.0457
chartqa,896,chartqa_val_228,41.89,72.794,450.596,31.483,0.092967,70.733,377.802,40.996,88.294,463.122,31.236,0.08852,84.816,374.828,1.0218,0.8245,0.973
chartqa,896,chartqa_val_229,44.324,76.29,961.564,32.788,0.046095,73.433,885.274,40.381,71.44,932.494,31.891,0.043304,69.278,861.054,1.0976,1.0679,1.0312
chartqa,896,chartqa_val_23,41.556,70.653,1739.869,28.292,0.023885,68.66,1669.216,40.287,69.87,1789.074,29.139,0.022518,67.775,1719.204,1.0315,1.0112,0.9725
chartqa,896,chartqa_val_230,43.774,78.377,2170.481,33.208,0.020168,76.142,2092.104,40.426,71.588,2011.038,30.785,0.020102,69.392,1939.45,1.0828,1.0948,1.0793
chartqa,896,chartqa_val_231,41.941,72.711,1110.481,30.523,0.037768,70.621,1037.77,40.533,72.789,1160.574,31.994,0.034925,70.239,1087.785,1.0347,0.9989,0.9568
chartqa,896,chartqa_val_232,44.618,87.719,1854.161,28.491,0.024064,84.321,1766.443,40.925,81.05,1929.844,29.819,0.021206,78.215,1848.794,1.0902,1.0823,0.9608
chartqa,896,chartqa_val_233,43.665,88.84,1940.044,29.384,0.022507,86.418,1851.204,40.415,84.28,1904.61,28.894,0.02122,81.97,1820.331,1.0804,1.0541,1.0186
chartqa,896,chartqa_val_234,71.768,119.26,1841.547,30.216,0.038971,110.291,1722.287,40.971,85.439,1494.518,30.632,0.027414,82.495,1409.08,1.7517,1.3958,1.2322
chartqa,896,chartqa_val_235,50.815,83.376,1512.466,28.582,0.033597,77.402,1429.09,40.479,72.012,1571.359,29.987,0.025761,69.729,1499.347,1.2553,1.1578,0.9625
chartqa,896,chartqa_val_236,41.611,70.49,1757.542,29.087,0.023676,68.42,1687.052,40.513,72.09,1771.927,29.308,0.022864,69.813,1699.837,1.0271,0.9778,0.9919
chartqa,896,chartqa_val_237,42.425,75.713,653.653,30.418,0.064905,73.106,577.94,40.354,70.672,689.157,32.552,0.058555,68.527,618.485,1.0513,1.0713,0.9485
chartqa,896,chartqa_val_238,42.019,86.643,1896.411,30.674,0.022157,84.058,1809.768,40.377,70.879,1894.129,30.903,0.021317,68.76,1823.25,1.0407,1.2224,1.0012
chartqa,896,chartqa_val_239,41.85,72.495,2024.789,30.989,0.020669,70.455,1952.294,40.328,71.001,2020.728,30.948,0.019957,68.781,1949.727,1.0377,1.021,1.002
chartqa,896,chartqa_val_24,42.312,74.43,785.765,30.928,0.053848,71.876,711.335,40.521,72.936,767.665,30.206,0.052785,70.763,694.729,1.0442,1.0205,1.0236
chartqa,896,chartqa_val_240,42.088,72.407,765.325,30.127,0.054993,69.861,692.918,40.404,70.877,745.918,29.35,0.054167,68.752,675.041,1.0417,1.0216,1.026
chartqa,896,chartqa_val_241,41.772,70.652,1837.516,28.045,0.022733,68.547,1766.864,40.401,71.747,2058.905,31.542,0.019622,69.429,1987.158,1.0339,0.9847,0.8925
chartqa,896,chartqa_val_242,41.561,70.48,788.523,28.722,0.052708,68.382,718.043,40.564,72.28,895.469,30.489,0.045299,69.727,823.19,1.0246,0.9751,0.8806
chartqa,896,chartqa_val_243,41.517,70.719,1930.408,29.519,0.021507,68.642,1859.689,40.524,72.533,2065.031,31.627,0.019624,69.868,1992.497,1.0245,0.975,0.9348
chartqa,896,chartqa_val_244,42.726,88.345,1163.847,29.068,0.036711,85.394,1075.502,40.467,70.762,1427.466,28.866,0.028349,68.497,1356.704,1.0558,1.2485,0.8153
chartqa,896,chartqa_val_245,41.817,72.449,829.194,30.27,0.05043,70.263,756.746,40.889,72.367,839.2,30.673,0.048724,69.308,766.833,1.0227,1.0011,0.9881
chartqa,896,chartqa_val_246,41.882,72.324,1496.384,31.646,0.027989,70.277,1424.059,61.31,105.492,1524.494,31.533,0.040217,103.084,1419.001,0.6831,0.6856,0.9816
chartqa,896,chartqa_val_247,44.284,91.258,1435.985,32.017,0.030838,88.916,1344.727,40.567,72.576,1278.966,28.724,0.031719,69.909,1206.39,1.0916,1.2574,1.1228
chartqa,896,chartqa_val_248,44.642,91.14,1250.994,29.74,0.035686,88.714,1159.854,40.626,79.698,1815.276,29.924,0.02238,77.034,1735.579,1.0989,1.1436,0.6891
chartqa,896,chartqa_val_249,41.819,72.292,2055.38,31.478,0.020346,70.231,1983.088,40.379,70.22,1942.312,29.716,0.020789,68.032,1872.092,1.0357,1.0295,1.0582
chartqa,896,chartqa_val_25,41.551,71.236,1116.052,29.023,0.03723,68.931,1044.817,40.31,69.865,1110.842,28.916,0.036288,67.846,1040.977,1.0308,1.0196,1.0047
chartqa,896,chartqa_val_250,42.059,73.218,559.961,30.421,0.075111,70.976,486.743,40.392,70.102,531.957,28.866,0.075931,67.952,461.855,1.0413,1.0444,1.0526
chartqa,896,chartqa_val_251,42.757,89.246,2068.893,31.423,0.020667,86.864,1979.646,40.622,73.863,2220.018,34.066,0.018298,71.199,2146.155,1.0526,1.2083,0.9319
chartqa,896,chartqa_val_252,43.349,91.742,299.838,29.728,0.144576,89.431,208.096,40.466,73.772,315.786,34.573,0.128143,70.761,242.014,1.0712,1.2436,0.9495
chartqa,896,chartqa_val_253,42.06,216.653,961.955,31.054,0.043723,214.518,745.303,40.367,72.917,884.341,33.809,0.045646,70.734,811.424,1.0419,2.9712,1.0878
chartqa,896,chartqa_val_254,45.33,80.488,1509.08,30.396,0.030038,77.428,1428.592,40.588,75.438,1604.007,32.523,0.025304,72.808,1528.57,1.1168,1.0669,0.9408
chartqa,896,chartqa_val_255,41.667,72.026,1034.577,30.08,0.040274,69.459,962.551,40.594,72.408,1102.974,32.205,0.036804,70.214,1030.566,1.0264,0.9947,0.938
chartqa,896,chartqa_val_256,42.492,75.675,702.238,29.836,0.060509,72.969,626.562,40.481,72.467,755.66,32.533,0.053571,70.226,683.193,1.0497,1.0443,0.9293
chartqa,896,chartqa_val_257,41.872,72.989,2023.398,30.959,0.020694,70.687,1950.409,40.505,71.044,1992.629,30.501,0.020328,68.574,1921.586,1.0337,1.0274,1.0154
chartqa,896,chartqa_val_258,42.16,73.497,1190.561,31.03,0.035412,71.281,1117.063,40.9,86.285,1172.183,30.164,0.034892,83.277,1085.898,1.0308,0.8518,1.0157
chartqa,896,chartqa_val_259,42.337,74.584,2058.395,31.489,0.020568,72.177,1983.811,40.387,70.617,1933.792,29.574,0.020885,68.475,1863.174,1.0483,1.0562,1.0644
chartqa,896,chartqa_val_26,41.704,71.411,1011.361,29.373,0.041236,69.287,939.95,40.416,69.894,1027.479,29.925,0.039336,67.831,957.584,1.0319,1.0217,0.9843
chartqa,896,chartqa_val_260,43.155,91.753,1073.804,32.735,0.040189,88.994,982.051,40.505,87.173,1005.565,30.613,0.040281,84.797,918.392,1.0654,1.0525,1.0679
chartqa,896,chartqa_val_261,42.779,88.409,2113.703,32.148,0.020239,85.647,2025.294,40.366,84.681,1958.775,29.748,0.020608,82.258,1874.095,1.0598,1.044,1.0791
chartqa,896,chartqa_val_262,42.646,75.171,1301.447,31.443,0.032768,72.874,1226.276,40.624,72.964,1261.035,30.463,0.032215,70.329,1188.071,1.0498,1.0302,1.032
chartqa,896,chartqa_val_263,42.056,72.906,1045.479,28.605,0.040226,70.55,972.573,40.413,71.422,1984.89,30.373,0.02036,69.232,1913.468,1.0407,1.0208,0.5267
chartqa,896,chartqa_val_264,42.855,72.587,1277.061,29.377,0.033557,69.656,1204.474,40.786,92.238,1353.812,30.77,0.030126,89.227,1261.575,1.0507,0.787,0.9433
chartqa,896,chartqa_val_265,43.649,87.245,1110.601,29.239,0.039302,84.584,1023.356,40.672,72.62,1181.009,31.668,0.034438,70.224,1108.389,1.0732,1.2014,0.9404
chartqa,896,chartqa_val_266,41.841,70.87,1524.231,29.067,0.027451,68.71,1453.361,40.552,73.245,1639.838,31.332,0.024729,70.654,1566.593,1.0318,0.9676,0.9295
chartqa,896,chartqa_val_267,41.541,70.789,1963.372,30.041,0.021158,68.674,1892.584,40.537,76.103,2151.131,32.937,0.018844,73.877,2075.028,1.0248,0.9302,0.9127
chartqa,896,chartqa_val_268,41.842,71.112,679.476,27.653,0.06158,68.867,608.364,40.848,86.199,759.172,30.59,0.053807,83.993,672.972,1.0243,0.825,0.895
chartqa,896,chartqa_val_269,41.599,85.536,1931.051,29.294,0.021542,83.347,1845.515,40.997,73.766,1935.004,29.543,0.021187,70.203,1861.238,1.0147,1.1596,0.998
chartqa,896,chartqa_val_27,41.791,71.328,1885.744,28.8,0.022161,69.2,1814.415,40.984,75.647,2004.967,30.624,0.020441,72.642,1929.32,1.0197,0.9429,0.9405
chartqa,896,chartqa_val_270,43.04,73.891,1512.315,27.662,0.028459,71.631,1438.424,41.003,78.199,1646.345,30.157,0.024905,75.218,1568.145,1.0497,0.9449,0.9186
chartqa,896,chartqa_val_271,41.813,71.389,1991.192,30.473,0.020999,69.168,1919.802,40.432,84.919,2033.082,30.923,0.019887,82.603,1948.163,1.0342,0.8407,0.9794
chartqa,896,chartqa_val_272,41.712,75.079,836.419,29.282,0.049869,72.603,761.34,40.557,92.67,1313.686,31.308,0.030873,89.892,1221.017,1.0285,0.8102,0.6367
chartqa,896,chartqa_val_273,44.24,90.008,1953.164,29.574,0.022651,87.785,1863.156,40.508,71.845,1937.284,29.61,0.02091,69.227,1865.439,1.0921,1.2528,1.0082
chartqa,896,chartqa_val_274,46.07,77.862,1294.441,29.673,0.035591,75.62,1216.579,40.427,70.105,1311.447,30.277,0.030826,67.963,1241.342,1.1396,1.1106,0.987
chartqa,896,chartqa_val_275,45.688,79.525,2024.675,30.875,0.022566,76.261,1945.15,40.335,77.365,2023.088,30.884,0.019937,75.008,1945.723,1.1327,1.0279,1.0008
chartqa,896,chartqa_val_276,42.249,74.542,478.695,28.868,0.08826,72.058,404.153,40.415,70.811,452.988,27.298,0.089218,68.665,382.176,1.0454,1.0527,1.0567
chartqa,896,chartqa_val_277,41.882,71.751,807.188,28.286,0.051886,69.206,735.438,40.485,73.433,872.459,30.732,0.046403,70.572,799.026,1.0345,0.9771,0.9252
chartqa,896,chartqa_val_278,41.45,70.151,685.966,30.791,0.060425,68.104,615.815,46.312,81.0,678.995,29.9,0.068206,74.774,597.995,0.895,0.8661,1.0103
chartqa,896,chartqa_val_279,41.555,70.239,1469.207,28.55,0.028284,68.185,1398.967,40.425,85.423,1512.339,29.121,0.02673,83.065,1426.916,1.028,0.8222,0.9715
chartqa,896,chartqa_val_28,41.811,73.715,843.485,29.607,0.04957,71.488,769.77,40.404,73.515,848.961,29.825,0.047593,71.386,775.447,1.0348,1.0027,0.9935
chartqa,896,chartqa_val_280,42.338,74.889,2024.53,30.947,0.020913,72.246,1949.641,40.644,73.195,1486.215,30.718,0.027347,70.526,1413.02,1.0417,1.0231,1.3622
chartqa,896,chartqa_val_281,42.431,74.437,1863.599,28.857,0.022768,71.883,1789.162,40.458,70.815,1991.79,30.983,0.020312,68.642,1920.975,1.0488,1.0511,0.9356
chartqa,896,chartqa_val_282,41.739,70.506,627.713,29.327,0.066494,68.346,557.208,40.456,71.055,624.046,29.105,0.064828,68.85,552.991,1.0317,0.9923,1.0059
chartqa,896,chartqa_val_283,42.481,71.337,1045.105,29.508,0.040648,69.126,973.768,40.319,70.6,1581.938,30.227,0.025487,68.432,1511.338,1.0536,1.0104,0.6606
chartqa,896,chartqa_val_284,41.791,70.884,727.002,27.338,0.057484,68.598,656.118,40.396,70.018,751.901,28.412,0.053725,67.797,681.883,1.0345,1.0124,0.9669
chartqa,896,chartqa_val_285,42.358,86.766,622.871,26.805,0.068005,84.415,536.105,40.312,71.102,709.789,31.934,0.056794,68.889,638.687,1.0508,1.2203,0.8775
chartqa,896,chartqa_val_286,41.622,70.356,876.779,29.868,0.047471,68.292,806.423,40.468,73.407,1063.152,36.657,0.038065,71.242,989.745,1.0285,0.9584,0.8247
chartqa,896,chartqa_val_287,41.72,71.033,947.929,28.287,0.044012,68.95,876.896,41.235,81.578,1027.891,30.526,0.040116,79.414,946.313,1.0118,0.8707,0.9222
chartqa,896,chartqa_val_288,41.643,70.704,1109.839,28.865,0.037522,68.578,1039.135,41.034,86.482,1140.241,29.271,0.035987,83.489,1053.759,1.0148,0.8176,0.9733
chartqa,896,chartqa_val_289,41.441,70.224,1921.866,29.391,0.021563,68.2,1851.642,40.389,71.809,2078.006,31.844,0.019437,69.432,2006.197,1.026,0.9779,0.9249
chartqa,896,chartqa_val_29,41.859,71.034,1654.283,28.272,0.025303,68.998,1583.249,40.4,70.52,1836.994,31.544,0.021993,68.359,1766.474,1.0361,1.0073,0.9005
chartqa,896,chartqa_val_290,41.612,70.473,1125.369,31.026,0.036976,68.34,1054.896,40.583,72.561,1092.408,29.995,0.03715,70.085,1019.847,1.0254,0.9712,1.0302
chartqa,896,chartqa_val_291,44.257,94.894,1301.447,28.059,0.034006,92.557,1206.553,40.956,75.809,1383.977,30.423,0.029593,72.649,1308.168,1.0806,1.2518,0.9404
chartqa,896,chartqa_val_292,41.718,71.268,936.869,32.059,0.044529,69.13,865.601,40.526,72.742,911.792,31.076,0.044446,70.264,839.05,1.0294,0.9797,1.0275
chartqa,896,chartqa_val_293,42.055,72.841,1885.091,28.766,0.022309,70.703,1812.25,40.376,71.591,2071.379,31.743,0.019492,69.451,1999.787,1.0416,1.0175,0.9101
chartqa,896,chartqa_val_294,41.913,71.688,406.483,30.436,0.103112,69.492,334.795,40.519,72.424,385.549,28.466,0.105095,69.951,313.125,1.0344,0.9898,1.0543
chartqa,896,chartqa_val_295,41.641,74.39,1896.153,28.917,0.021961,72.317,1821.763,43.655,100.011,2139.83,32.378,0.020401,96.622,2039.819,0.9539,0.7438,0.8861
chartqa,896,chartqa_val_296,41.687,79.2,679.371,27.28,0.061361,76.908,600.171,41.071,76.924,751.91,30.681,0.054622,73.905,674.986,1.015,1.0296,0.9035
chartqa,896,chartqa_val_297,42.094,85.659,1927.041,29.228,0.021844,83.332,1841.382,40.339,70.169,1946.178,29.778,0.020727,68.062,1876.008,1.0435,1.2208,0.9902
chartqa,896,chartqa_val_298,43.016,97.321,521.592,30.305,0.08247,94.98,424.271,40.569,88.87,474.717,27.56,0.085459,86.447,385.847,1.0603,1.0951,1.0987
chartqa,896,chartqa_val_299,41.428,70.163,857.607,30.286,0.048307,68.092,787.444,40.343,70.314,846.61,29.858,0.047652,68.176,776.296,1.0269,0.9979,1.013
chartqa,896,chartqa_val_3,43.079,94.736,1999.337,30.232,0.021547,91.906,1904.602,40.403,72.596,1855.114,28.294,0.02178,70.342,1782.518,1.0662,1.305,1.0777
chartqa,896,chartqa_val_30,44.55,88.168,1259.919,26.631,0.035359,85.757,1171.751,40.49,71.228,1451.898,31.379,0.027888,69.123,1380.67,1.1003,1.2378,0.8678
chartqa,896,chartqa_val_300,41.616,71.299,915.459,31.265,0.045459,69.227,844.16,41.062,87.267,897.049,29.992,0.045775,84.866,809.781,1.0135,0.817,1.0205
chartqa,896,chartqa_val_301,42.444,74.201,1518.916,30.739,0.027944,72.091,1444.715,40.354,70.277,1464.259,29.659,0.02756,68.143,1393.982,1.0518,1.0558,1.0373
chartqa,896,chartqa_val_302,42.247,76.952,330.336,28.154,0.127892,74.437,253.384,40.363,73.241,320.16,27.436,0.12607,71.079,246.92,1.0467,1.0507,1.0318
chartqa,896,chartqa_val_303,41.693,71.273,1823.424,27.812,0.022865,68.932,1752.15,40.332,70.551,1962.603,30.033,0.02055,68.41,1892.053,1.0337,1.0102,0.9291
chartqa,896,chartqa_val_304,43.186,76.146,984.577,32.444,0.043862,73.83,908.432,40.355,70.447,879.82,28.906,0.045868,68.347,809.373,1.0702,1.0809,1.1191
chartqa,896,chartqa_val_305,43.245,74.979,1939.21,32.142,0.0223,72.625,1864.23,40.575,73.968,497.094,32.548,0.081624,71.337,423.126,1.0658,1.0137,3.9011
chartqa,896,chartqa_val_306,44.471,74.814,498.843,28.269,0.089148,71.81,424.029,40.42,71.452,1496.064,30.97,0.027017,69.319,1424.613,1.1002,1.0471,0.3334
chartqa,896,chartqa_val_307,41.568,77.064,1942.451,29.609,0.0214,74.768,1865.388,40.392,71.374,2066.289,31.665,0.019548,69.204,1994.915,1.0291,1.0797,0.9401
chartqa,896,chartqa_val_308,43.105,87.871,1132.006,26.773,0.038079,85.392,1044.135,40.448,74.973,1323.531,32.014,0.030561,72.595,1248.557,1.0657,1.172,0.8553
chartqa,896,chartqa_val_309,43.378,94.591,976.603,32.667,0.044417,91.565,882.012,40.603,87.456,942.152,31.655,0.043096,84.906,854.695,1.0683,1.0816,1.0366
chartqa,896,chartqa_val_31,41.659,70.548,1298.49,29.237,0.032083,68.483,1227.942,40.484,71.208,1366.019,30.829,0.029637,68.676,1294.811,1.029,0.9907,0.9506
chartqa,896,chartqa_val_310,42.199,74.343,1328.191,32.15,0.031772,72.206,1253.848,40.91,95.164,1225.246,28.976,0.033389,91.857,1130.082,1.0315,0.7812,1.084
chartqa,896,chartqa_val_311,41.908,72.108,1894.048,28.92,0.022126,69.756,1821.94,40.406,69.907,1929.82,29.522,0.020937,67.75,1859.914,1.0372,1.0315,0.9815
chartqa,896,chartqa_val_312,42.005,79.718,885.638,29.849,0.047429,77.176,805.92,40.427,70.476,907.31,29.887,0.044557,68.103,836.834,1.039,1.1311,0.9761
chartqa,896,chartqa_val_313,41.623,70.373,1767.482,26.938,0.023549,68.276,1697.109,40.302,83.542,1883.23,28.566,0.0214,81.224,1799.688,1.0328,0.8424,0.9385
chartqa,896,chartqa_val_314,43.705,89.964,740.567,28.287,0.059016,87.531,650.603,40.543,73.015,1711.294,30.911,0.023691,70.694,1638.279,1.078,1.2321,0.4328
chartqa,896,chartqa_val_315,41.557,74.1,1133.51,27.164,0.036662,71.779,1059.41,40.679,71.684,1197.35,28.863,0.033975,69.218,1125.667,1.0216,1.0337,0.9467
chartqa,896,chartqa_val_316,41.78,78.85,1444.107,29.048,0.028931,76.545,1365.258,40.478,71.685,1203.306,30.584,0.033639,69.507,1131.621,1.0322,1.1,1.2001
chartqa,896,chartqa_val_317,41.571,70.384,1007.617,30.233,0.041257,68.256,937.232,40.423,87.558,907.122,29.27,0.044561,85.18,819.563,1.0284,0.8039,1.1108
chartqa,896,chartqa_val_318,42.225,74.616,616.724,28.532,0.068466,72.136,542.109,40.489,85.407,521.85,33.573,0.077588,83.052,436.443,1.0429,0.8737,1.1818
chartqa,896,chartqa_val_319,44.717,90.202,2014.731,30.548,0.022195,87.873,1924.529,40.406,70.77,1964.779,30.064,0.020565,68.626,1894.009,1.1067,1.2746,1.0254
chartqa,896,chartqa_val_32,41.778,73.602,1546.184,27.785,0.02702,71.451,1472.582,40.445,89.468,1695.077,30.294,0.02386,87.131,1605.608,1.033,0.8227,0.9122
chartqa,896,chartqa_val_320,41.938,71.434,572.403,33.398,0.073266,69.33,500.969,40.404,70.554,468.018,28.39,0.086331,68.495,397.464,1.038,1.0125,1.223
chartqa,896,chartqa_val_321,41.429,70.1,1638.716,27.52,0.025281,68.072,1568.616,41.587,72.865,1787.749,30.086,0.023262,70.044,1714.884,0.9962,0.9621,0.9166
chartqa,896,chartqa_val_322,42.029,70.672,862.991,30.474,0.048702,68.539,792.32,42.879,89.578,862.345,29.722,0.049723,87.231,772.767,0.9802,0.7889,1.0007
chartqa,896,chartqa_val_323,46.707,78.396,1410.794,27.758,0.033107,75.949,1332.398,40.371,70.376,1533.194,30.475,0.026331,68.167,1462.818,1.1569,1.114,0.9202
chartqa,896,chartqa_val_324,41.81,70.432,1874.133,28.63,0.022309,68.414,1803.701,40.597,72.666,2017.323,30.868,0.020124,70.107,1944.657,1.0299,0.9693,0.929
chartqa,896,chartqa_val_325,41.424,69.983,1833.953,28.0,0.022587,67.861,1763.97,76.265,144.815,1933.086,28.385,0.039452,141.345,1788.271,0.5432,0.4833,0.9487
chartqa,896,chartqa_val_326,42.131,87.286,1744.881,29.081,0.024145,85.079,1657.595,40.998,86.312,1930.843,29.278,0.021233,83.049,1844.531,1.0276,1.0113,0.9037
chartqa,896,chartqa_val_327,42.032,73.615,2051.19,31.39,0.020492,71.395,1977.575,40.379,69.923,1948.73,29.822,0.020721,67.798,1878.807,1.0409,1.0528,1.0526
chartqa,896,chartqa_val_328,44.936,78.387,2022.028,30.851,0.022223,75.337,1943.641,41.091,84.529,1910.99,28.991,0.021502,81.571,1826.461,1.0936,0.9273,1.0581
chartqa,896,chartqa_val_329,41.545,70.128,1887.546,28.848,0.02201,68.111,1817.417,40.355,70.169,1925.558,29.451,0.020957,68.029,1855.388,1.0295,0.9994,0.9803
chartqa,896,chartqa_val_33,42.806,77.017,1824.342,32.968,0.023464,74.355,1747.326,40.341,83.841,1691.762,30.338,0.023845,81.51,1607.921,1.0611,0.9186,1.0784
chartqa,896,chartqa_val_330,41.588,70.148,909.956,27.994,0.045703,68.127,839.808,41.027,89.278,1022.036,31.092,0.040142,86.124,932.758,1.0137,0.7857,0.8903
chartqa,896,chartqa_val_331,98.316,168.569,1233.082,28.771,0.079732,152.971,1064.513,40.348,70.658,1190.112,30.256,0.033903,68.598,1119.454,2.4367,2.3857,1.0361
chartqa,896,chartqa_val_332,42.6,76.731,1332.407,33.044,0.031972,74.143,1255.676,40.769,74.545,1206.306,29.783,0.033796,68.692,1131.761,1.0449,1.0293,1.1045
chartqa,896,chartqa_val_333,42.469,75.766,2224.388,34.105,0.019092,73.419,2148.622,40.598,72.642,2023.89,30.972,0.020059,69.872,1951.248,1.0461,1.043,1.0991
chartqa,896,chartqa_val_334,42.292,87.634,1717.284,32.593,0.024627,85.096,1629.65,40.578,71.912,1647.63,31.514,0.024628,69.523,1575.718,1.0422,1.2186,1.0423
chartqa,896,chartqa_val_335,42.589,75.368,2017.909,30.834,0.021105,71.686,1942.541,40.587,72.634,2049.043,31.372,0.019808,70.083,1976.409,1.0493,1.0376,0.9848
chartqa,896,chartqa_val_336,42.016,72.59,809.07,27.277,0.051931,70.09,736.48,40.51,86.472,952.297,32.068,0.042539,83.989,865.826,1.0372,0.8395,0.8496
chartqa,896,chartqa_val_337,41.456,70.271,1864.904,28.486,0.02223,68.236,1794.633,40.348,75.943,2010.106,30.701,0.020073,73.481,1934.163,1.0275,0.9253,0.9278
chartqa,896,chartqa_val_338,44.063,73.756,1183.924,30.005,0.037217,70.851,1110.169,42.459,74.83,1473.979,31.799,0.028806,71.798,1399.149,1.0378,0.9856,0.8032
chartqa,896,chartqa_val_339,41.515,70.7,1859.417,28.392,0.022327,68.597,1788.717,40.831,86.175,1416.62,29.565,0.028823,83.543,1330.445,1.0168,0.8204,1.3126
chartqa,896,chartqa_val_34,43.473,89.126,578.53,30.588,0.075144,86.684,489.405,40.522,70.657,567.076,31.026,0.071459,68.512,496.419,1.0728,1.2614,1.0202
chartqa,896,chartqa_val_340,41.572,70.82,411.421,26.2,0.101044,68.739,340.601,40.531,87.65,514.106,32.804,0.078838,85.139,426.456,1.0257,0.808,0.8003
chartqa,896,chartqa_val_341,46.823,87.329,1947.908,29.533,0.024038,84.764,1860.579,40.378,70.68,1986.879,30.416,0.020322,68.479,1916.198,1.1596,1.2356,0.9804
chartqa,896,chartqa_val_342,41.724,71.411,636.879,31.415,0.065513,69.263,565.468,40.426,69.632,628.14,31.028,0.064358,67.468,558.508,1.0321,1.0255,1.0139
chartqa,896,chartqa_val_343,41.575,71.178,1929.421,29.496,0.021548,69.084,1858.243,40.384,70.488,1952.843,29.879,0.020679,68.342,1882.355,1.0295,1.0098,0.988
chartqa,896,chartqa_val_344,41.743,71.418,125.641,27.112,0.332242,69.321,54.223,40.425,70.487,124.808,27.16,0.3239,68.304,54.321,1.0326,1.0132,1.0067
chartqa,896,chartqa_val_345,41.544,70.52,1889.748,28.877,0.021984,68.474,1819.228,40.293,69.816,1911.338,29.231,0.021081,67.75,1841.522,1.031,1.0101,0.9887
chartqa,896,chartqa_val_346,42.364,86.952,1220.989,30.65,0.034696,84.694,1134.037,41.024,71.551,1168.574,29.649,0.035106,68.57,1097.023,1.0327,1.2152,1.0449
chartqa,896,chartqa_val_347,45.565,88.326,2059.677,31.291,0.022122,85.304,1971.351,40.399,70.877,1973.884,30.206,0.020467,68.693,1903.006,1.1279,1.2462,1.0435
chartqa,896,chartqa_val_348,43.877,92.381,835.571,32.313,0.052511,89.9,743.189,40.474,72.505,1285.667,28.213,0.031481,69.556,1213.162,1.0841,1.2741,0.6499
chartqa,896,chartqa_val_349,43.441,91.69,1002.398,32.525,0.043337,89.235,910.708,40.517,72.79,912.843,30.002,0.044385,70.257,840.053,1.0722,1.2597,1.0981
chartqa,896,chartqa_val_35,42.009,73.195,2062.228,31.572,0.020371,71.025,1989.033,40.356,69.883,2046.739,31.379,0.019717,67.726,1976.855,1.041,1.0474,1.0076
chartqa,896,chartqa_val_350,42.178,73.796,682.182,32.02,0.061828,71.627,608.386,40.443,70.526,626.332,29.253,0.064571,68.389,555.806,1.0429,1.0464,1.0892
chartqa,896,chartqa_val_351,42.082,73.735,2060.59,31.537,0.020423,71.552,1986.855,40.845,72.144,2024.684,30.993,0.020174,69.305,1952.54,1.0303,1.0221,1.0177
chartqa,896,chartqa_val_352,42.025,73.918,1252.389,31.012,0.033556,71.726,1178.471,40.403,71.172,1227.071,30.418,0.032926,69.02,1155.899,1.0401,1.0386,1.0206
chartqa,896,chartqa_val_353,41.728,72.038,1948.082,29.778,0.02142,69.602,1876.044,40.318,71.275,1946.286,29.762,0.020716,69.109,1875.01,1.035,1.0107,1.0009
chartqa,896,chartqa_val_354,42.647,75.596,543.917,29.27,0.078406,73.039,468.32,40.624,86.219,595.033,31.801,0.068272,83.424,508.813,1.0498,0.8768,0.9141
chartqa,896,chartqa_val_355,42.061,73.664,1573.48,32.605,0.026731,71.432,1499.816,40.377,85.064,1440.718,29.471,0.028026,82.615,1355.653,1.0417,0.866,1.0921
chartqa,896,chartqa_val_356,41.907,72.799,859.966,29.154,0.048731,70.706,787.167,40.549,73.069,914.262,31.155,0.044352,70.682,841.194,1.0335,0.9963,0.9406
chartqa,896,chartqa_val_357,41.802,74.613,1886.589,28.762,0.022158,71.906,1811.976,47.651,97.713,1958.401,29.535,0.024332,91.194,1860.688,0.8773,0.7636,0.9633
chartqa,896,chartqa_val_358,41.639,70.484,1273.958,30.087,0.032684,68.363,1203.474,41.141,83.58,1311.223,30.691,0.031376,80.576,1227.643,1.0121,0.8433,0.9716
chartqa,896,chartqa_val_359,42.433,73.147,1870.255,28.526,0.022689,70.858,1797.108,40.414,86.982,2022.974,30.73,0.019977,84.473,1935.991,1.05,0.8409,0.9245
chartqa,896,chartqa_val_36,42.179,73.306,475.852,33.546,0.088638,71.073,402.546,40.39,69.656,485.057,34.617,0.08327,67.563,415.401,1.0443,1.0524,0.981
chartqa,896,chartqa_val_360,43.087,76.862,400.035,32.317,0.107707,74.25,323.174,40.584,71.847,385.326,31.348,0.105325,69.48,313.478,1.0617,1.0698,1.0382
chartqa,896,chartqa_val_361,42.325,74.284,2062.316,31.556,0.020523,72.053,1988.033,41.035,87.311,2034.434,30.907,0.02017,84.1,1947.123,1.0314,0.8508,1.0137
chartqa,896,chartqa_val_362,41.878,72.665,1023.13,29.702,0.040931,70.573,950.465,42.448,74.065,1839.458,31.525,0.023076,70.949,1765.393,0.9866,0.9811,0.5562
chartqa,896,chartqa_val_363,41.776,72.251,2038.037,31.203,0.020498,70.141,1965.786,40.387,72.907,2057.913,31.508,0.019625,70.753,1985.006,1.0344,0.991,0.9903
chartqa,896,chartqa_val_364,41.896,72.736,890.062,30.271,0.047071,70.605,817.325,40.697,91.718,944.365,31.58,0.043094,89.079,852.647,1.0295,0.793,0.9425
chartqa,896,chartqa_val_365,44.265,93.121,1976.291,29.892,0.022398,90.952,1883.17,40.408,76.577,2067.382,31.6,0.019545,74.192,1990.804,1.0955,1.216,0.9559
chartqa,896,chartqa_val_366,41.968,72.409,938.516,29.866,0.044718,69.811,866.107,40.473,71.281,966.375,30.865,0.041882,68.95,895.094,1.0369,1.0158,0.9712
chartqa,896,chartqa_val_367,43.095,76.86,2068.453,31.613,0.020834,73.45,1991.593,53.646,103.433,993.918,30.706,0.053974,100.013,890.485,0.8033,0.7431,2.0811
chartqa,896,chartqa_val_368,42.12,73.766,862.627,32.869,0.048828,71.582,788.861,40.468,76.673,833.389,31.53,0.048558,74.419,756.716,1.0408,0.9621,1.0351
chartqa,896,chartqa_val_369,42.125,74.15,2115.388,32.401,0.019913,71.984,2041.238,46.393,81.08,2016.73,30.725,0.023004,75.105,1935.65,0.908,0.9145,1.0489
chartqa,896,chartqa_val_37,42.198,73.49,2018.392,30.871,0.020907,70.781,1944.901,40.479,72.253,2082.645,31.911,0.019436,69.734,2010.393,1.0425,1.0171,0.9691
chartqa,896,chartqa_val_370,42.603,75.36,1243.595,33.378,0.034258,72.908,1168.235,40.411,71.413,1170.005,31.388,0.034539,69.218,1098.592,1.0542,1.0553,1.0629
chartqa,896,chartqa_val_371,43.813,79.127,2157.936,32.997,0.020303,76.689,2078.809,40.918,79.826,1970.842,30.016,0.020762,76.523,1891.016,1.0708,0.9912,1.0949
chartqa,896,chartqa_val_372,42.423,86.41,334.394,41.331,0.126866,83.885,247.984,40.404,72.219,243.067,28.475,0.166224,70.079,170.849,1.05,1.1965,1.3757
chartqa,896,chartqa_val_373,42.221,74.804,2147.6,32.902,0.01966,72.607,2072.796,51.173,117.917,2005.577,29.963,0.025515,108.662,1887.66,0.8251,0.6344,1.0708
chartqa,896,chartqa_val_374,42.508,74.662,456.888,31.852,0.093037,72.293,382.226,40.514,85.002,423.617,28.218,0.095637,82.439,338.614,1.0492,0.8784,1.0785
chartqa,896,chartqa_val_375,48.562,105.446,2031.471,30.572,0.023905,101.436,1926.026,40.29,70.875,1944.363,29.738,0.020721,68.513,1873.487,1.2053,1.4878,1.0448
chartqa,896,chartqa_val_376,41.615,70.598,506.039,27.215,0.082236,68.461,435.441,40.417,70.36,609.156,33.675,0.066349,68.232,538.796,1.0296,1.0034,0.8307
chartqa,896,chartqa_val_377,46.207,75.976,1094.648,29.105,0.042212,73.039,1018.672,40.342,79.138,1144.061,30.426,0.035262,76.795,1064.923,1.1454,0.96,0.9568
chartqa,896,chartqa_val_378,43.811,97.748,1000.346,30.087,0.043796,95.439,902.598,40.38,87.73,1013.195,30.849,0.039854,85.374,925.465,1.085,1.1142,0.9873
chartqa,896,chartqa_val_379,45.064,74.443,1948.272,29.743,0.02313,72.1,1873.83,40.326,70.271,1937.373,29.637,0.020815,68.19,1867.102,1.1175,1.0594,1.0056
chartqa,896,chartqa_val_38,43.088,89.361,2099.032,31.9,0.020528,86.969,2009.671,40.528,71.53,2027.81,31.052,0.019986,69.083,1956.28,1.0632,1.2493,1.0351
chartqa,896,chartqa_val_380,45.809,95.777,365.274,29.944,0.12541,93.219,269.498,40.719,74.435,408.056,37.069,0.099787,71.578,333.621,1.125,1.2867,0.8952
chartqa,896,chartqa_val_381,47.172,89.777,1890.235,28.579,0.024956,86.619,1800.458,40.354,71.216,2072.355,31.764,0.019473,69.108,2001.14,1.169,1.2606,0.9121
chartqa,896,chartqa_val_382,41.52,70.125,354.678,25.868,0.117064,68.038,284.553,40.421,71.272,437.234,33.269,0.092446,69.107,365.962,1.0272,0.9839,0.8112
chartqa,896,chartqa_val_383,48.772,99.905,2107.934,31.873,0.023138,89.944,2008.029,40.413,72.707,2005.757,30.683,0.020148,70.343,1933.05,1.2068,1.3741,1.0509
chartqa,896,chartqa_val_384,42.215,74.035,364.445,29.041,0.115835,71.843,290.409,40.497,72.457,390.458,31.8,0.103715,70.2,318.002,1.0424,1.0218,0.9334
chartqa,896,chartqa_val_385,41.997,73.617,2016.287,30.836,0.020829,71.543,1942.671,41.137,76.111,1994.314,30.448,0.020627,72.923,1918.203,1.0209,0.9672,1.011
chartqa,896,chartqa_val_386,45.919,89.586,478.811,32.435,0.095902,86.586,389.225,40.423,71.16,475.973,33.734,0.084927,68.937,404.813,1.136,1.2589,1.006
chartqa,896,chartqa_val_387,46.625,79.688,553.93,31.616,0.084172,76.78,474.242,40.44,72.67,513.263,29.373,0.07879,70.512,440.593,1.1529,1.0966,1.0792
chartqa,896,chartqa_val_388,41.841,88.318,900.102,30.066,0.046485,85.907,811.784,40.378,70.081,857.08,29.148,0.047111,67.99,786.999,1.0362,1.2602,1.0502
chartqa,896,chartqa_val_389,41.996,73.076,2047.761,31.344,0.020508,70.905,1974.684,40.347,84.069,1907.81,28.948,0.021148,81.837,1823.741,1.0409,0.8692,1.0734
chartqa,896,chartqa_val_39,42.281,75.594,2150.471,32.935,0.019661,73.325,2074.877,40.413,84.485,1982.32,30.124,0.020387,82.095,1897.835,1.0462,0.8948,1.0848
chartqa,896,chartqa_val_390,42.341,73.367,822.208,31.202,0.051497,71.166,748.841,41.124,72.981,783.599,29.609,0.052481,70.125,710.618,1.0296,1.0053,1.0493
chartqa,896,chartqa_val_391,42.863,75.941,580.65,36.051,0.07382,73.694,504.708,40.595,73.403,496.861,30.247,0.081703,70.343,423.458,1.0559,1.0346,1.1686
chartqa,896,chartqa_val_392,41.911,72.633,129.112,28.239,0.324609,70.584,56.479,40.472,71.462,127.592,28.065,0.317196,69.223,56.131,1.0356,1.0164,1.0119
chartqa,896,chartqa_val_393,41.954,72.716,1238.743,33.315,0.033868,70.606,1166.027,40.315,70.659,1159.14,31.099,0.03478,68.564,1088.481,1.0407,1.0291,1.0687
chartqa,896,chartqa_val_394,41.82,72.474,801.061,30.358,0.052206,70.38,728.587,40.392,85.568,810.656,30.212,0.049827,83.231,725.088,1.0354,0.847,0.9882
chartqa,896,chartqa_val_395,41.79,72.356,2026.929,31.025,0.020617,70.295,1954.573,40.37,71.487,2056.322,31.505,0.019632,69.273,1984.835,1.0352,1.0122,0.9857
chartqa,896,chartqa_val_396,44.343,75.944,1020.473,31.484,0.043453,73.035,944.529,40.543,70.574,926.195,28.521,0.043774,68.302,855.621,1.0937,1.0761,1.1018
chartqa,896,chartqa_val_397,42.663,76.155,106.535,30.38,0.400457,73.861,30.38,40.441,72.171,112.603,40.432,0.35915,69.732,40.432,1.0549,1.0552,0.9461
chartqa,896,chartqa_val_398,41.765,72.719,738.734,31.715,0.056536,70.65,666.016,40.437,71.282,714.238,30.617,0.056615,68.974,642.957,1.0328,1.0202,1.0343
chartqa,896,chartqa_val_399,41.903,72.76,1999.527,30.584,0.020957,70.607,1926.768,40.386,71.075,1988.184,30.43,0.020313,68.792,1917.108,1.0376,1.0237,1.0057
chartqa,896,chartqa_val_4,41.591,74.164,960.464,27.697,0.043303,71.761,886.3,40.908,87.349,958.411,27.221,0.042683,84.425,871.062,1.0167,0.8491,1.0021
chartqa,896,chartqa_val_40,44.316,90.514,1043.334,32.856,0.042475,88.056,952.821,40.457,72.413,945.071,30.092,0.042809,70.157,872.658,1.0954,1.25,1.104
chartqa,896,chartqa_val_400,41.895,72.602,1559.799,30.983,0.026859,70.437,1487.198,40.434,70.904,1552.252,30.861,0.026048,68.73,1481.349,1.0361,1.0239,1.0049
chartqa,896,chartqa_val_401,42.123,72.813,1959.737,29.951,0.021494,70.676,1886.925,40.352,70.702,1954.651,29.904,0.020644,68.55,1883.948,1.0439,1.0299,1.0026
chartqa,896,chartqa_val_402,43.036,75.49,653.247,30.408,0.065881,72.578,577.757,41.056,86.547,616.842,27.91,0.066558,83.339,530.296,1.0482,0.8722,1.059
chartqa,896,chartqa_val_403,53.257,88.101,1476.629,30.856,0.036067,82.169,1388.528,40.351,70.825,1460.088,30.872,0.027636,68.602,1389.262,1.3198,1.2439,1.0113
chartqa,896,chartqa_val_404,42.856,88.889,1354.952,29.443,0.031629,86.43,1266.063,40.4,70.529,1327.705,29.237,0.030429,68.346,1257.176,1.0608,1.2603,1.0205
chartqa,896,chartqa_val_405,41.714,73.877,1961.047,29.955,0.021271,70.997,1887.17,40.434,72.067,1963.602,30.024,0.020592,69.233,1891.535,1.0317,1.0251,0.9987
chartqa,896,chartqa_val_406,45.518,84.324,550.404,25.893,0.082699,81.482,466.08,40.591,72.723,624.159,30.635,0.065034,70.205,551.435,1.1214,1.1595,0.8818
chartqa,896,chartqa_val_407,45.148,88.286,1958.219,30.16,0.023056,85.371,1869.933,40.468,87.32,1461.883,31.24,0.027682,84.664,1374.563,1.1156,1.0111,1.3395
chartqa,896,chartqa_val_408,46.325,78.571,892.47,27.13,0.051906,76.005,813.899,40.54,84.433,964.653,29.341,0.042025,82.23,880.22,1.1427,0.9306,0.9252
chartqa,896,chartqa_val_409,41.513,70.474,1926.512,29.461,0.021548,68.39,1856.038,40.332,70.21,1947.894,29.804,0.020706,68.121,1877.683,1.0293,1.0038,0.989
chartqa,896,chartqa_val_41,42.281,74.232,889.502,32.611,0.047533,71.968,815.271,40.609,71.328,775.03,28.148,0.052396,68.733,703.702,1.0412,1.0407,1.1477
chartqa,896,chartqa_val_410,42.174,72.219,788.889,28.667,0.053461,70.09,716.67,40.488,70.479,768.513,27.921,0.052684,68.342,698.035,1.0416,1.0247,1.0265
chartqa,896,chartqa_val_411,41.679,70.604,1865.02,28.483,0.022348,68.516,1794.416,40.319,70.571,1900.324,29.044,0.021217,68.298,1829.753,1.0337,1.0005,0.9814
chartqa,896,chartqa_val_412,41.527,70.119,329.505,25.939,0.126029,68.051,259.386,40.503,86.498,396.344,30.985,0.102191,84.075,309.846,1.0253,0.8106,0.8314
chartqa,896,chartqa_val_413,41.253,69.815,1823.233,27.832,0.022626,67.86,1753.419,40.325,70.198,1934.555,29.593,0.020845,68.142,1864.356,1.023,0.9945,0.9425
chartqa,896,chartqa_val_414,44.755,78.289,748.54,30.466,0.05979,74.669,670.251,40.436,71.019,706.505,28.886,0.057234,68.788,635.486,1.1068,1.1024,1.0595
chartqa,896,chartqa_val_415,42.05,73.341,2012.7,30.783,0.020892,71.171,1939.359,40.352,86.4,2007.09,30.487,0.020105,84.025,1920.69,1.0421,0.8489,1.0028
chartqa,896,chartqa_val_416,42.01,73.423,795.807,30.099,0.052789,71.292,722.385,40.442,70.896,767.793,29.037,0.052673,68.663,696.897,1.0388,1.0356,1.0365
chartqa,896,chartqa_val_417,41.914,73.326,2006.706,30.689,0.020887,71.171,1933.381,40.292,70.313,1967.012,30.106,0.020484,68.217,1896.699,1.0403,1.0429,1.0202
chartqa,896,chartqa_val_418,43.294,75.462,1487.319,32.088,0.029109,73.225,1411.858,41.491,79.171,1355.096,28.998,0.030618,69.693,1275.925,1.0435,0.9532,1.0976
chartqa,896,chartqa_val_419,42.246,73.921,2052.31,31.403,0.020585,71.708,1978.389,40.939,86.653,2080.733,31.652,0.019675,83.604,1994.08,1.0319,0.8531,0.9863
chartqa,896,chartqa_val_42,41.773,71.986,281.009,26.128,0.148655,69.495,209.023,40.456,85.562,342.057,32.062,0.118272,83.217,256.495,1.0326,0.8413,0.8215
chartqa,896,chartqa_val_420,44.23,90.923,1259.318,32.455,0.035122,88.526,1168.395,40.506,71.839,1204.905,31.474,0.033617,69.572,1133.066,1.0919,1.2656,1.0452
chartqa,896,chartqa_val_421,42.204,73.813,1921.784,30.8,0.021961,71.649,1847.97,40.507,72.171,1821.261,29.151,0.022241,69.647,1749.09,1.0419,1.0228,1.0552
chartqa,896,chartqa_val_422,42.248,74.371,2045.155,31.282,0.020658,72.106,1970.785,40.399,70.432,2050.424,31.428,0.019703,68.282,1979.992,1.0458,1.0559,0.9974
chartqa,896,chartqa_val_423,44.53,90.836,1235.797,30.945,0.036033,88.363,1144.96,40.327,70.204,797.793,31.634,0.050548,68.073,727.588,1.1042,1.2939,1.549
chartqa,896,chartqa_val_424,44.431,88.773,503.003,29.588,0.088331,86.274,414.23,40.395,70.461,475.883,28.959,0.084885,67.48,405.423,1.0999,1.2599,1.057
chartqa,896,chartqa_val_425,42.149,73.207,2046.214,31.318,0.020599,70.936,1973.007,40.34,84.352,1922.903,29.183,0.020979,82.063,1838.55,1.0448,0.8679,1.0641
chartqa,896,chartqa_val_426,44.183,90.138,955.521,27.916,0.046239,87.413,865.384,40.413,81.347,976.383,28.872,0.04139,78.755,895.036,1.0933,1.1081,0.9786
chartqa,896,chartqa_val_427,41.602,70.745,1380.305,28.469,0.03014,68.565,1309.56,40.265,70.245,1988.26,30.445,0.020251,68.169,1918.015,1.0332,1.0071,0.6942
chartqa,896,chartqa_val_428,41.547,70.372,985.68,27.737,0.04215,68.287,915.308,40.422,75.15,1067.521,30.072,0.037865,72.758,992.371,1.0278,0.9364,0.9233
chartqa,896,chartqa_val_429,42.931,76.523,2126.577,32.541,0.020188,73.88,2050.054,40.51,71.867,1976.688,30.235,0.020494,69.393,1904.821,1.0598,1.0648,1.0758
chartqa,896,chartqa_val_43,44.504,87.65,1589.203,32.642,0.028004,85.337,1501.553,40.375,70.134,1419.202,29.328,0.028449,68.051,1349.068,1.1023,1.2498,1.1198
chartqa,896,chartqa_val_430,47.492,99.944,304.86,29.274,0.155783,97.663,204.917,40.366,70.651,261.777,27.304,0.1542,68.494,191.126,1.1765,1.4146,1.1646
chartqa,896,chartqa_val_431,43.986,91.081,2093.005,31.777,0.021016,88.901,2001.924,40.245,70.095,1968.631,30.135,0.020443,68.033,1898.536,1.093,1.2994,1.0632
chartqa,896,chartqa_val_432,42.622,76.277,465.561,32.44,0.091549,74.036,389.284,41.153,86.974,467.19,31.685,0.088087,83.564,380.216,1.0357,0.877,0.9965
chartqa,896,chartqa_val_433,41.974,72.938,1611.591,27.476,0.026045,70.282,1538.653,40.841,70.277,1816.136,31.176,0.022488,68.222,1745.859,1.0277,1.0379,0.8874
chartqa,896,chartqa_val_434,42.123,72.006,762.127,31.369,0.055271,69.874,690.121,40.427,70.645,742.091,30.52,0.054477,68.458,671.446,1.042,1.0193,1.027
chartqa,896,chartqa_val_435,41.64,70.966,595.965,30.882,0.06987,68.837,524.999,48.672,79.993,583.826,29.637,0.083368,77.015,503.833,0.8555,0.8872,1.0208
chartqa,896,chartqa_val_436,41.639,70.922,256.928,26.572,0.162064,68.72,186.006,41.321,99.326,375.574,39.464,0.110021,95.695,276.248,1.0077,0.714,0.6841
chartqa,896,chartqa_val_437,41.45,70.335,97.169,26.833,0.426573,68.353,26.833,40.496,72.172,102.407,30.235,0.395445,69.912,30.235,1.0236,0.9745,0.9489
chartqa,896,chartqa_val_438,41.965,73.729,680.387,31.929,0.061678,71.283,606.659,41.087,80.127,631.497,29.019,0.065063,76.89,551.37,1.0214,0.9202,1.0774
chartqa,896,chartqa_val_439,46.116,80.01,607.62,31.036,0.075896,77.028,527.609,40.311,70.332,570.516,29.423,0.070657,68.233,500.184,1.144,1.1376,1.065
chartqa,896,chartqa_val_44,42.141,73.379,448.088,28.824,0.094045,71.185,374.71,41.221,89.536,504.158,31.894,0.081762,85.631,414.622,1.0223,0.8195,0.8888
chartqa,896,chartqa_val_440,42.518,82.852,575.875,35.216,0.073833,80.133,493.023,40.354,85.485,514.499,30.644,0.078434,83.222,429.014,1.0536,0.9692,1.1193
chartqa,896,chartqa_val_441,41.758,72.623,1520.029,28.948,0.027472,70.106,1447.406,40.281,70.146,1625.813,31.113,0.024776,68.172,1555.667,1.0367,1.0353,0.9349
chartqa,896,chartqa_val_442,41.612,70.742,438.371,26.259,0.094924,68.601,367.629,40.56,72.013,492.613,30.043,0.082337,69.471,420.6,1.0259,0.9824,0.8899
chartqa,896,chartqa_val_443,41.471,70.374,495.325,28.33,0.083726,68.403,424.951,40.338,71.04,529.193,30.544,0.076225,68.882,458.153,1.0281,0.9906,0.936
chartqa,896,chartqa_val_444,44.898,91.379,1363.465,28.269,0.03293,88.464,1272.085,41.325,79.38,1448.62,30.428,0.028527,76.423,1369.241,1.0865,1.1512,0.9412
chartqa,896,chartqa_val_445,41.616,70.817,1874.555,28.631,0.0222,68.715,1803.738,40.432,85.272,1944.072,29.505,0.020797,82.944,1858.8,1.0293,0.8305,0.9642
chartqa,896,chartqa_val_446,41.617,70.923,771.086,29.173,0.053972,68.849,700.163,40.383,70.363,828.932,31.607,0.048717,68.223,758.57,1.0306,1.008,0.9302
chartqa,896,chartqa_val_447,42.087,73.968,1973.885,30.157,0.021322,71.473,1899.917,40.729,72.484,1960.451,29.968,0.020775,69.738,1887.967,1.0333,1.0205,1.0069
chartqa,896,chartqa_val_448,42.068,73.976,244.251,28.379,0.172232,71.56,170.275,40.412,70.936,236.656,27.62,0.170763,68.83,165.719,1.041,1.0429,1.0321
chartqa,896,chartqa_val_449,41.896,73.003,642.876,31.66,0.065169,70.851,569.873,40.314,80.001,619.564,29.976,0.065068,77.792,539.563,1.0392,0.9125,1.0376
chartqa,896,chartqa_val_45,45.513,79.749,2026.503,30.901,0.022459,76.943,1946.754,40.407,70.926,1972.913,30.19,0.020481,68.679,1901.988,1.1264,1.1244,1.0272
chartqa,896,chartqa_val_450,51.829,84.077,2001.097,30.429,0.0259,81.136,1917.02,43.818,75.407,1960.521,29.922,0.02235,71.625,1885.114,1.1828,1.115,1.0207
chartqa,896,chartqa_val_451,44.041,79.203,643.06,29.677,0.068487,76.132,563.856,40.833,71.845,591.661,27.359,0.069014,68.942,519.815,1.0786,1.1024,1.0869
chartqa,896,chartqa_val_452,41.471,70.414,269.968,33.259,0.153614,68.389,199.554,40.372,74.518,250.223,29.284,0.161343,72.076,175.705,1.0272,0.9449,1.0789
chartqa,896,chartqa_val_453,41.627,71.135,1883.857,28.773,0.022097,69.068,1812.722,40.297,84.258,1938.352,29.43,0.020789,81.937,1854.093,1.033,0.8443,0.9719
chartqa,896,chartqa_val_454,41.552,75.298,1787.014,30.03,0.023252,72.96,1711.716,40.351,69.958,1811.732,30.557,0.022272,67.932,1741.775,1.0298,1.0763,0.9864
chartqa,896,chartqa_val_455,41.522,70.974,674.283,27.423,0.06158,68.899,603.31,40.275,70.007,730.594,30.027,0.055127,67.947,660.586,1.031,1.0138,0.9229
chartqa,896,chartqa_val_456,41.461,70.519,314.608,30.511,0.131788,68.438,244.089,40.355,70.176,310.922,30.093,0.129791,68.157,240.746,1.0274,1.0049,1.0119
chartqa,896,chartqa_val_457,58.625,93.42,1356.739,31.583,0.04321,87.844,1263.319,40.383,85.523,1277.298,29.794,0.031616,83.257,1191.775,1.4517,1.0923,1.0622
chartqa,896,chartqa_val_458,42.033,85.003,288.72,29.102,0.145586,82.308,203.717,40.436,85.985,314.731,32.678,0.128479,83.715,228.746,1.0395,0.9886,0.9174
chartqa,896,chartqa_val_459,41.838,70.808,1223.793,28.825,0.034187,68.793,1152.985,40.314,71.138,1255.462,29.608,0.032111,69.044,1184.324,1.0378,0.9954,0.9748
chartqa,896,chartqa_val_46,41.866,72.943,1038.424,31.145,0.040317,70.83,965.482,40.529,71.365,1054.102,31.701,0.038448,69.0,982.737,1.033,1.0221,0.9851
chartqa,896,chartqa_val_460,42.314,85.95,362.141,27.619,0.116844,83.689,276.191,40.968,86.794,404.362,31.757,0.101314,83.648,317.568,1.0329,0.9903,0.8956
chartqa,896,chartqa_val_461,41.45,70.262,1860.899,28.423,0.022274,68.206,1790.637,40.323,71.057,2135.28,32.765,0.018884,68.844,2064.223,1.0279,0.9888,0.8715
chartqa,896,chartqa_val_462,41.549,70.398,252.695,26.042,0.164423,68.362,182.297,40.572,77.535,345.959,38.346,0.117275,75.042,268.424,1.0241,0.908,0.7304
chartqa,896,chartqa_val_463,44.996,74.736,1606.245,26.869,0.028013,71.997,1531.509,40.386,72.247,1921.035,32.435,0.021023,69.97,1848.788,1.1141,1.0345,0.8361
chartqa,896,chartqa_val_464,44.236,87.087,1303.224,30.403,0.033944,84.2,1216.137,41.172,91.334,1346.257,31.373,0.030583,88.407,1254.923,1.0744,0.9535,0.968
chartqa,896,chartqa_val_465,41.515,70.46,1364.205,29.403,0.030431,68.406,1293.745,40.318,71.053,1417.623,30.604,0.028441,68.936,1346.57,1.0297,0.9917,0.9623
chartqa,896,chartqa_val_466,42.991,75.727,2058.457,31.472,0.020885,73.462,1982.729,40.834,72.02,2062.158,31.589,0.019802,69.827,1990.138,1.0528,1.0515,0.9982
chartqa,896,chartqa_val_467,41.754,73.34,1940.389,29.636,0.021518,71.046,1867.048,40.403,81.239,2025.072,30.854,0.019951,78.547,1943.833,1.0334,0.9028,0.9582
chartqa,896,chartqa_val_468,41.547,71.114,624.932,27.691,0.066483,69.008,553.818,40.822,73.829,691.603,30.889,0.059025,71.15,617.774,1.0178,0.9632,0.9036
chartqa,896,chartqa_val_469,41.479,70.563,2008.668,30.764,0.02065,68.563,1938.104,40.416,72.144,2007.354,30.718,0.020134,69.935,1935.211,1.0263,0.9781,1.0007
chartqa,896,chartqa_val_47,41.701,71.37,1910.726,29.196,0.021825,68.866,1839.356,40.236,69.868,1966.933,30.112,0.020456,67.753,1897.065,1.0364,1.0215,0.9714
chartqa,896,chartqa_val_470,42.364,75.086,1026.579,30.693,0.041268,72.586,951.494,40.441,87.776,1077.676,31.932,0.037527,85.364,989.9,1.0476,0.8554,0.9526
chartqa,896,chartqa_val_471,42.063,76.572,2157.867,33.036,0.019493,74.237,2081.295,40.371,71.934,2045.304,31.323,0.019739,69.701,1973.37,1.0419,1.0645,1.055
chartqa,896,chartqa_val_472,41.894,72.262,912.247,29.999,0.045924,69.807,839.984,40.49,85.727,966.107,31.442,0.04191,83.329,880.38,1.0347,0.8429,0.9443
chartqa,896,chartqa_val_473,41.57,70.27,1252.38,28.832,0.033193,68.216,1182.11,40.459,87.711,1379.191,31.5,0.029335,85.288,1291.48,1.0275,0.8012,0.9081
chartqa,896,chartqa_val_474,41.503,71.093,705.357,33.382,0.05884,69.005,634.264,40.388,71.804,700.802,33.105,0.057632,69.623,628.998,1.0276,0.9901,1.0065
chartqa,896,chartqa_val_475,41.775,71.985,1437.382,29.051,0.029063,69.922,1365.396,40.376,71.446,1585.09,29.679,0.025472,69.305,1513.645,1.0346,1.0075,0.9068
chartqa,896,chartqa_val_476,41.481,70.86,981.354,29.371,0.042269,68.807,910.494,41.393,72.648,951.75,29.303,0.043491,69.625,879.102,1.0021,0.9754,1.0311
chartqa,896,chartqa_val_477,42.003,71.284,1892.378,28.906,0.022196,69.246,1821.094,40.583,79.714,2007.502,30.6,0.020216,77.134,1927.787,1.035,0.8942,0.9427
chartqa,896,chartqa_val_478,44.732,82.13,367.37,25.931,0.121763,79.287,285.24,40.447,70.914,379.174,28.024,0.106671,68.656,308.26,1.1059,1.1582,0.9689
chartqa,896,chartqa_val_479,41.476,70.44,1499.278,29.767,0.027664,68.455,1428.838,40.36,86.123,1851.956,30.98,0.021793,83.758,1765.833,1.0277,0.8179,0.8096
chartqa,896,chartqa_val_48,41.443,69.773,1296.049,27.251,0.031976,67.764,1226.276,41.33,86.342,1446.543,30.227,0.028571,82.95,1360.201,1.0027,0.8081,0.896
chartqa,896,chartqa_val_480,41.6,80.641,1259.06,29.46,0.033041,78.323,1178.418,40.62,86.64,1297.378,30.268,0.031309,84.241,1210.738,1.0241,0.9308,0.9705
chartqa,896,chartqa_val_481,41.506,70.828,527.709,28.555,0.078653,68.762,456.88,40.408,70.855,516.625,27.861,0.078215,68.658,445.77,1.0272,0.9996,1.0215
chartqa,896,chartqa_val_482,41.45,70.659,1376.323,32.642,0.030117,68.289,1305.663,52.61,101.378,1625.866,30.49,0.032358,98.442,1524.488,0.7879,0.697,0.8465
chartqa,896,chartqa_val_483,44.934,78.204,2010.019,30.664,0.022355,75.517,1931.815,40.372,82.697,2018.38,30.725,0.020002,80.41,1935.682,1.113,0.9457,0.9959
chartqa,896,chartqa_val_484,41.967,72.869,1146.776,30.683,0.036596,70.707,1073.907,40.432,72.823,1216.975,32.69,0.033223,70.482,1144.152,1.038,1.0006,0.9423
chartqa,896,chartqa_val_485,41.857,72.528,755.808,31.058,0.05538,70.428,683.28,40.388,71.03,755.919,31.131,0.053429,68.817,684.889,1.0364,1.0211,0.9999
chartqa,896,chartqa_val_486,41.779,75.389,859.411,31.361,0.048613,73.12,784.022,40.427,70.847,872.041,32.048,0.046359,68.776,801.194,1.0334,1.0641,0.9855
chartqa,896,chartqa_val_487,42.557,100.162,1900.358,28.575,0.022394,97.634,1800.197,40.297,70.958,1932.946,29.555,0.020847,68.811,1861.988,1.0561,1.4116,0.9831
chartqa,896,chartqa_val_488,42.707,75.81,730.117,32.715,0.058493,72.362,654.307,40.522,71.629,693.179,31.077,0.058459,69.339,621.55,1.0539,1.0584,1.0533
chartqa,896,chartqa_val_489,44.766,76.605,1664.342,27.375,0.026897,73.185,1587.737,40.43,72.206,2041.461,31.258,0.019804,69.94,1969.255,1.1072,1.0609,0.8153
chartqa,896,chartqa_val_49,41.274,68.885,1763.794,27.785,0.0234,66.9,1694.909,40.347,71.482,1918.829,30.284,0.021027,69.151,1847.347,1.023,0.9637,0.9192
chartqa,896,chartqa_val_490,42.672,86.224,496.597,31.567,0.085928,83.846,410.372,40.496,71.315,500.675,33.028,0.080884,69.041,429.36,1.0537,1.2091,0.9919
chartqa,896,chartqa_val_491,42.091,71.681,1869.383,28.535,0.022516,69.622,1797.702,40.437,71.029,2021.771,30.964,0.020001,68.684,1950.742,1.0409,1.0092,0.9246
chartqa,896,chartqa_val_492,42.225,74.445,2066.583,31.621,0.020432,71.967,1992.138,41.0,90.321,1953.219,29.57,0.020991,87.036,1862.898,1.0299,0.8242,1.058
chartqa,896,chartqa_val_493,42.352,74.445,2054.319,31.427,0.020616,72.023,1979.874,40.636,72.507,2039.765,31.226,0.019922,70.206,1967.259,1.0422,1.0267,1.0071
chartqa,896,chartqa_val_494,42.341,74.735,1021.305,32.64,0.041458,72.244,946.569,40.469,71.5,908.312,28.856,0.044554,69.27,836.811,1.0463,1.0452,1.1244
chartqa,896,chartqa_val_495,41.885,75.814,1066.446,28.304,0.039275,73.284,990.632,40.407,75.042,1108.361,29.523,0.036457,72.763,1033.319,1.0366,1.0103,0.9622
chartqa,896,chartqa_val_496,41.949,71.355,858.376,30.27,0.04887,69.168,787.021,40.692,72.2,890.277,31.465,0.045707,69.56,818.077,1.0309,0.9883,0.9642
chartqa,896,chartqa_val_497,42.467,76.012,2085.73,31.9,0.020361,73.222,2009.718,40.362,70.51,1847.477,28.206,0.021847,68.357,1776.967,1.0522,1.078,1.129
chartqa,896,chartqa_val_498,41.95,72.008,1648.063,30.903,0.025454,69.632,1576.056,40.62,73.614,1654.14,30.991,0.024556,71.056,1580.526,1.0327,0.9782,0.9963
chartqa,896,chartqa_val_499,41.774,83.025,1873.859,28.426,0.022293,80.551,1790.834,40.656,72.336,1911.814,29.198,0.021266,69.73,1839.478,1.0275,1.1478,0.9801
chartqa,896,chartqa_val_5,48.131,91.26,573.086,30.114,0.083986,88.24,481.826,40.96,93.499,551.411,28.62,0.074282,87.077,457.912,1.1751,0.9761,1.0393
chartqa,896,chartqa_val_50,41.28,69.13,781.884,27.414,0.052795,67.152,712.754,40.558,72.869,872.072,30.739,0.046508,70.672,799.203,1.0178,0.9487,0.8966
chartqa,896,chartqa_val_51,43.5,74.058,1842.975,28.078,0.023603,71.271,1768.917,40.398,72.692,1967.648,30.079,0.020531,70.499,1894.956,1.0768,1.0188,0.9366
chartqa,896,chartqa_val_52,41.368,84.155,328.572,30.552,0.125903,81.947,244.417,50.387,114.004,375.135,32.641,0.134317,110.364,261.131,0.821,0.7382,0.8759
chartqa,896,chartqa_val_53,41.66,71.157,1707.164,29.746,0.024403,69.134,1636.008,40.307,71.104,1715.142,30.445,0.023501,68.904,1644.038,1.0336,1.0007,0.9953
chartqa,896,chartqa_val_54,41.579,71.058,1588.967,29.763,0.026167,69.014,1517.909,40.531,71.504,1610.753,30.181,0.025163,69.073,1539.249,1.0259,0.9938,0.9865
chartqa,896,chartqa_val_55,41.864,70.634,1976.699,30.255,0.021179,68.66,1906.065,40.304,70.095,1910.787,29.217,0.021093,68.0,1840.692,1.0387,1.0077,1.0345
chartqa,896,chartqa_val_56,42.106,73.968,1622.967,30.373,0.025944,71.494,1548.999,40.462,85.069,1555.812,28.838,0.026007,82.752,1470.743,1.0406,0.8695,1.0432
chartqa,896,chartqa_val_57,41.854,72.611,1996.156,30.532,0.020967,70.475,1923.545,40.345,84.219,2045.865,31.137,0.01972,81.949,1961.646,1.0374,0.8622,0.9757
chartqa,896,chartqa_val_58,45.235,78.223,1196.817,31.072,0.037796,74.851,1118.594,40.388,71.935,1188.445,31.014,0.033984,69.797,1116.51,1.12,1.0874,1.007
chartqa,896,chartqa_val_59,42.034,73.152,1987.654,30.389,0.021148,70.939,1914.502,49.543,99.179,2071.14,31.301,0.02392,95.949,1971.961,0.8484,0.7376,0.9597
chartqa,896,chartqa_val_6,42.053,77.101,730.803,32.685,0.057543,74.64,653.701,40.377,88.918,678.121,29.46,0.059543,86.453,589.202,1.0415,0.8671,1.0777
chartqa,896,chartqa_val_60,42.681,74.566,1088.734,29.828,0.039202,72.018,1014.168,40.637,86.339,1152.02,31.344,0.035274,83.78,1065.68,1.0503,0.8636,0.9451
chartqa,896,chartqa_val_61,41.553,69.912,1843.678,28.155,0.022538,67.821,1773.766,40.492,71.476,1986.395,30.396,0.020384,69.201,1914.919,1.0262,0.9781,0.9282
chartqa,896,chartqa_val_62,42.289,85.42,1302.361,27.658,0.032471,83.173,1216.941,40.506,80.951,1436.774,30.814,0.028192,78.501,1355.822,1.044,1.0552,0.9064
chartqa,896,chartqa_val_63,44.814,88.438,952.205,29.785,0.047063,86.106,863.767,40.33,81.292,967.991,30.576,0.041663,78.923,886.698,1.1112,1.0879,0.9837
chartqa,896,chartqa_val_64,43.715,85.087,517.136,28.803,0.084533,83.073,432.049,40.465,85.469,515.141,28.645,0.078551,83.099,429.672,1.0803,0.9955,1.0039
chartqa,896,chartqa_val_65,41.353,70.361,1880.647,28.735,0.021989,68.395,1810.286,40.275,70.783,1952.093,29.862,0.020631,68.715,1881.31,1.0268,0.994,0.9634
chartqa,896,chartqa_val_66,42.106,76.263,925.369,29.28,0.045502,73.949,849.106,40.46,70.635,960.01,30.668,0.042146,68.48,889.375,1.0407,1.0797,0.9639
chartqa,896,chartqa_val_67,44.552,84.337,1860.278,28.19,0.023949,81.561,1775.942,40.396,71.371,2030.505,31.097,0.019895,69.12,1959.134,1.1029,1.1817,0.9162
chartqa,896,chartqa_val_68,41.64,70.993,311.144,26.683,0.13383,68.94,240.151,40.594,72.76,367.56,32.756,0.110442,70.316,294.8,1.0258,0.9757,0.8465
chartqa,896,chartqa_val_69,41.522,70.477,1840.901,28.102,0.022555,68.474,1770.423,40.37,74.459,1908.684,29.115,0.02115,72.377,1834.225,1.0285,0.9465,0.9645
chartqa,896,chartqa_val_7,41.999,73.152,1173.789,30.573,0.035781,70.94,1100.636,40.457,71.03,1177.918,30.747,0.034346,68.6,1106.889,1.0381,1.0299,0.9965
chartqa,896,chartqa_val_70,43.524,87.103,1884.636,28.532,0.023094,84.789,1797.533,47.253,79.841,1895.594,28.821,0.024928,74.918,1815.752,0.9211,1.091,0.9942
chartqa,896,chartqa_val_71,42.124,87.255,1946.547,29.513,0.02164,84.977,1859.292,40.318,73.035,1950.424,29.8,0.020671,70.925,1877.388,1.0448,1.1947,0.998
chartqa,896,chartqa_val_72,42.337,86.992,520.657,27.104,0.081314,84.705,433.665,40.374,70.398,581.153,31.922,0.069472,68.334,510.755,1.0486,1.2357,0.8959
chartqa,896,chartqa_val_73,41.345,73.835,1907.916,29.112,0.02167,71.663,1834.081,40.356,70.009,1925.617,29.454,0.020957,67.962,1855.608,1.0245,1.0547,0.9908
chartqa,896,chartqa_val_74,42.359,87.052,759.371,26.893,0.055782,84.776,672.319,40.989,72.49,804.873,29.295,0.050926,69.261,732.383,1.0334,1.2009,0.9435
chartqa,896,chartqa_val_75,41.455,70.332,1879.322,28.714,0.022058,68.313,1808.99,40.56,72.789,1966.82,30.064,0.020622,70.197,1894.031,1.0221,0.9662,0.9555
chartqa,896,chartqa_val_76,42.758,87.165,546.071,26.994,0.078302,84.888,458.906,40.434,71.455,548.907,28.085,0.073662,69.258,477.452,1.0575,1.2199,0.9948
chartqa,896,chartqa_val_77,41.583,70.948,1866.785,28.505,0.022275,68.984,1795.837,40.392,70.842,2043.857,31.318,0.019763,68.819,1973.015,1.0295,1.0015,0.9134
chartqa,896,chartqa_val_78,45.817,95.735,818.99,28.93,0.055944,89.986,723.255,40.497,71.822,830.599,30.351,0.048756,69.538,758.777,1.1314,1.3329,0.986
chartqa,896,chartqa_val_79,41.49,70.421,757.97,31.252,0.054738,68.405,687.549,41.058,72.775,730.606,29.901,0.056197,69.783,657.831,1.0105,0.9677,1.0375
chartqa,896,chartqa_val_8,42.059,84.758,875.783,30.424,0.048025,82.532,791.025,40.508,83.477,878.973,30.596,0.046085,81.157,795.497,1.0383,1.0153,0.9964
chartqa,896,chartqa_val_80,43.281,88.438,518.197,26.86,0.083522,86.062,429.76,40.545,85.332,563.146,29.863,0.071998,82.639,477.815,1.0675,1.0364,0.9202
chartqa,896,chartqa_val_81,42.508,75.688,2078.338,31.788,0.020453,73.063,2002.65,40.402,70.843,1937.638,29.632,0.020851,68.53,1866.795,1.0521,1.0684,1.0726
chartqa,896,chartqa_val_82,42.265,74.158,450.565,28.954,0.093803,71.834,376.407,40.528,71.571,510.01,33.726,0.079465,69.151,438.439,1.0429,1.0361,0.8834
chartqa,896,chartqa_val_83,42.071,74.527,2022.463,30.92,0.020802,72.365,1947.935,40.368,71.59,2100.767,32.209,0.019216,69.398,2029.177,1.0422,1.041,0.9627
chartqa,896,chartqa_val_84,42.002,73.691,892.146,31.479,0.047079,71.569,818.455,41.066,72.865,878.598,30.99,0.046741,69.595,805.733,1.0228,1.0113,1.0154
chartqa,896,chartqa_val_85,42.145,73.825,2158.011,33.082,0.01953,71.642,2084.186,40.417,70.247,1921.887,29.391,0.02103,68.054,1851.641,1.0428,1.0509,1.1229
chartqa,896,chartqa_val_86,41.685,71.111,884.68,29.056,0.047119,68.756,813.568,40.484,71.786,881.503,28.918,0.045926,69.466,809.717,1.0297,0.9906,1.0036
chartqa,896,chartqa_val_87,41.294,69.666,1894.713,28.969,0.021794,67.624,1825.047,40.288,70.571,1905.886,29.132,0.021139,68.44,1835.315,1.025,0.9872,0.9941
chartqa,896,chartqa_val_88,44.592,87.943,1653.747,28.996,0.026964,84.872,1565.804,40.437,70.974,1700.305,30.173,0.023782,68.62,1629.331,1.1028,1.2391,0.9726
chartqa,896,chartqa_val_89,42.013,72.705,1926.613,29.427,0.021806,70.682,1853.908,40.467,74.361,2079.792,31.832,0.019457,71.98,2005.431,1.0382,0.9777,0.9263
chartqa,896,chartqa_val_9,42.108,72.932,1936.936,29.587,0.021739,70.725,1864.004,40.387,70.125,2004.059,30.697,0.020152,68.022,1933.934,1.0426,1.04,0.9665
chartqa,896,chartqa_val_90,41.602,73.581,1426.533,29.412,0.029163,71.298,1352.953,40.386,70.378,1579.455,32.806,0.02557,68.147,1509.077,1.0301,1.0455,0.9032
chartqa,896,chartqa_val_91,41.423,69.9,1800.094,27.463,0.023011,67.87,1730.194,43.755,87.52,1814.416,27.411,0.024115,85.135,1726.896,0.9467,0.7987,0.9921
chartqa,896,chartqa_val_92,41.559,70.288,544.819,29.658,0.07628,68.202,474.531,40.439,105.403,611.869,31.654,0.066091,103.084,506.467,1.0277,0.6669,0.8904
chartqa,896,chartqa_val_93,41.355,70.088,1211.285,26.539,0.034141,68.006,1141.197,40.304,69.502,1340.816,29.565,0.030059,67.507,1271.315,1.0261,1.0084,0.9034
chartqa,896,chartqa_val_94,41.42,70.292,1798.186,27.427,0.023034,68.248,1727.894,40.391,80.138,2067.283,31.542,0.019538,77.854,1987.145,1.0255,0.8771,0.8698
chartqa,896,chartqa_val_95,43.371,86.701,1807.088,27.308,0.024001,84.389,1720.387,40.383,70.063,1958.418,29.974,0.02062,68.024,1888.355,1.074,1.2375,0.9227
chartqa,896,chartqa_val_96,41.495,70.29,997.967,28.111,0.04158,68.2,927.677,40.462,86.607,1122.086,31.378,0.03606,84.213,1035.479,1.0255,0.8116,0.8894
chartqa,896,chartqa_val_97,44.861,75.191,1059.939,28.963,0.042324,72.355,984.747,40.328,70.888,926.406,30.554,0.043532,68.776,855.518,1.1124,1.0607,1.1441
chartqa,896,chartqa_val_98,42.479,73.541,1822.173,27.756,0.023312,71.383,1748.632,40.405,83.109,1957.603,29.754,0.02064,80.782,1874.495,1.0513,0.8849,0.9308
chartqa,896,chartqa_val_99,46.672,79.375,1960.97,29.867,0.023801,73.908,1881.595,40.482,72.738,2042.147,31.26,0.019823,70.169,1969.409,1.1529,1.0912,0.9602
docvqa,1344,docvqa_16424,86.25,130.986,706.79,30.305,0.122031,128.706,575.804,87.59,129.977,682.002,29.054,0.12843,126.063,552.024,0.9847,1.0078,1.0363
docvqa,1344,docvqa_16429,84.913,125.2,505.184,31.665,0.168084,123.069,379.984,87.193,133.732,509.002,31.273,0.171301,131.356,375.27,0.9739,0.9362,0.9925
docvqa,1344,docvqa_16430,102.334,153.885,528.696,31.234,0.193559,151.172,374.811,87.346,128.747,523.769,32.919,0.166765,126.287,395.023,1.1716,1.1953,1.0094
docvqa,1344,docvqa_16437,85.226,126.244,704.511,30.435,0.120972,123.884,578.267,87.184,127.624,670.429,28.569,0.130043,125.602,542.806,0.9775,0.9892,1.0508
docvqa,1344,docvqa_16440,85.243,126.372,707.538,32.287,0.120478,124.022,581.165,87.173,127.773,693.027,28.263,0.125786,125.6,565.255,0.9779,0.989,1.0209
docvqa,1344,docvqa_16444,87.044,128.911,770.252,27.884,0.113007,125.538,641.341,87.847,130.438,807.871,29.454,0.108739,126.824,677.433,0.9909,0.9883,0.9534
docvqa,1344,docvqa_16447,84.839,125.2,857.396,29.288,0.09895,123.1,732.196,87.247,127.976,877.759,29.991,0.099398,125.695,749.783,0.9724,0.9783,0.9768
docvqa,1344,docvqa_16450,85.131,125.791,411.448,28.566,0.206907,123.459,285.657,87.014,127.341,459.315,33.197,0.189443,125.225,331.974,0.9784,0.9878,0.8958
docvqa,1344,docvqa_16455,84.704,127.032,851.032,27.846,0.099531,125.049,724.001,87.327,130.844,934.644,30.915,0.093434,128.497,803.8,0.97,0.9709,0.9105
docvqa,1344,docvqa_16456,85.004,125.241,476.227,29.249,0.178494,123.122,350.986,87.622,129.317,502.721,31.117,0.174297,126.204,373.403,0.9701,0.9685,0.9473
docvqa,1344,docvqa_16463,84.793,124.99,467.092,28.508,0.181534,122.897,342.102,87.191,129.638,532.494,33.571,0.163741,127.422,402.857,0.9725,0.9641,0.8772
docvqa,1344,docvqa_16468,85.169,125.64,849.892,28.97,0.100211,123.6,724.253,87.722,129.937,900.865,30.837,0.097376,126.495,770.928,0.9709,0.9669,0.9434
docvqa,1344,docvqa_16473,85.126,128.084,495.751,30.639,0.171711,126.02,367.667,87.209,127.982,461.064,27.757,0.189148,125.786,333.082,0.9761,1.0008,1.0752
docvqa,1344,docvqa_16529,85.464,133.289,536.143,28.775,0.159404,130.959,402.854,87.261,128.046,584.678,32.617,0.149247,125.775,456.632,0.9794,1.0409,0.917
docvqa,1344,docvqa_16533,93.024,138.603,867.955,33.152,0.107176,136.415,729.352,87.196,127.957,912.274,35.651,0.095581,125.691,784.317,1.0668,1.0832,0.9514
docvqa,1344,docvqa_16539,85.304,127.039,800.864,30.628,0.106515,123.761,673.825,87.498,129.745,888.264,34.478,0.098505,127.13,758.519,0.9749,0.9791,0.9016
docvqa,1344,docvqa_16553,86.946,128.438,728.108,31.562,0.119414,125.357,599.67,87.283,128.076,725.331,31.434,0.120335,125.792,597.255,0.9961,1.0028,1.0038
docvqa,1344,docvqa_16568,85.504,125.861,410.302,28.444,0.208392,123.695,284.441,87.266,132.214,444.429,31.221,0.196355,130.102,312.215,0.9798,0.9519,0.9232
docvqa,1344,docvqa_16574,85.868,131.851,912.053,31.208,0.094149,129.757,780.202,87.169,127.759,885.25,30.3,0.098468,125.618,757.491,0.9851,1.032,1.0303
docvqa,1344,docvqa_16606,85.044,125.685,467.319,34.163,0.181982,123.489,341.634,89.119,131.041,501.861,37.082,0.177577,128.594,370.82,0.9543,0.9591,0.9312
docvqa,1344,docvqa_16609,84.942,125.694,573.92,26.366,0.148003,123.306,448.226,88.143,132.071,640.307,29.896,0.137658,127.407,508.236,0.9637,0.9517,0.8963
docvqa,1344,docvqa_16611,84.765,124.75,681.998,29.329,0.124289,122.726,557.248,87.176,127.822,770.33,33.816,0.113168,125.613,642.508,0.9723,0.976,0.8853
docvqa,1344,docvqa_16789,85.16,125.693,886.454,31.698,0.096068,123.372,760.761,87.356,132.161,871.999,30.827,0.100179,129.797,739.838,0.9749,0.9511,1.0166
docvqa,1344,docvqa_16801,85.265,133.332,452.85,35.502,0.188285,130.422,319.517,87.354,130.564,401.592,30.114,0.217519,127.668,271.028,0.9761,1.0212,1.1276
docvqa,1344,docvqa_16826,86.238,127.628,655.434,32.988,0.131574,124.675,527.806,87.635,134.011,585.099,28.193,0.149778,130.695,451.088,0.9841,0.9524,1.1202
docvqa,1344,docvqa_16830,85.172,125.817,802.675,30.766,0.10611,123.642,676.858,87.142,127.768,825.389,31.71,0.105577,125.674,697.621,0.9774,0.9847,0.9725
docvqa,1344,docvqa_16831,86.817,130.121,793.229,30.141,0.109448,127.728,663.108,87.202,131.941,798.07,30.279,0.109266,129.816,666.128,0.9956,0.9862,0.9939
docvqa,1344,docvqa_16832,85.937,131.581,556.53,28.33,0.154415,129.239,424.949,87.188,127.607,566.951,29.29,0.153785,125.558,439.344,0.9857,1.0311,0.9816
docvqa,1344,docvqa_16835,108.281,148.435,720.686,30.118,0.150247,146.426,572.251,87.15,127.664,683.086,29.233,0.127583,125.534,555.421,1.2425,1.1627,1.055
docvqa,1344,docvqa_16837,85.627,128.194,610.02,30.114,0.140367,126.137,481.826,87.297,133.153,605.567,29.526,0.144158,130.918,472.413,0.9809,0.9628,1.0074
docvqa,1344,docvqa_16839,84.893,125.057,676.521,30.637,0.125484,123.021,551.463,87.19,131.465,699.869,31.578,0.12458,128.957,568.403,0.9737,0.9513,0.9666
docvqa,1344,docvqa_16981,84.904,129.009,570.153,27.571,0.148914,126.896,441.143,87.356,130.578,602.196,29.476,0.145063,128.25,471.617,0.9719,0.988,0.9468
docvqa,1344,docvqa_16990,84.846,125.14,706.158,30.58,0.120151,123.092,581.018,87.349,128.297,667.618,28.385,0.130837,125.987,539.322,0.9713,0.9754,1.0577
docvqa,1344,docvqa_16999,85.72,129.811,673.946,28.639,0.127192,127.596,544.136,87.151,130.162,683.443,29.12,0.127518,127.841,553.281,0.9836,0.9973,0.9861
docvqa,1344,docvqa_17000,85.16,127.762,513.646,32.157,0.165794,125.722,385.884,87.197,128.02,490.989,30.247,0.177595,125.729,362.97,0.9766,0.998,1.0461
docvqa,1344,docvqa_17001,84.839,125.457,359.809,26.039,0.235788,123.405,234.352,87.545,129.101,402.079,30.331,0.217732,125.982,272.978,0.9691,0.9718,0.8949
docvqa,1344,docvqa_17002,84.756,124.843,507.436,29.43,0.167027,122.797,382.593,87.129,127.649,522.306,30.358,0.166816,125.509,394.657,0.9728,0.978,0.9715
docvqa,1344,docvqa_17003,84.8,124.93,780.391,27.311,0.108663,122.922,655.461,87.305,132.127,841.85,29.572,0.103706,129.767,709.723,0.9713,0.9455,0.927
docvqa,1344,docvqa_17004,84.724,124.864,626.217,26.387,0.135295,122.864,501.353,87.198,128.141,678.079,28.944,0.128596,125.774,549.938,0.9716,0.9744,0.9235
docvqa,1344,docvqa_17005,84.755,125.094,559.719,28.975,0.151425,123.057,434.626,87.139,127.835,571.735,29.593,0.152412,125.744,443.9,0.9726,0.9786,0.979
docvqa,1344,docvqa_17007,85.938,127.064,837.136,28.403,0.102657,125.035,710.072,87.153,127.792,806.85,27.162,0.108017,125.621,679.057,0.9861,0.9943,1.0375
docvqa,1344,docvqa_17132,85.367,126.284,594.393,31.207,0.143621,123.758,468.109,87.137,127.93,590.237,30.82,0.147631,125.671,462.307,0.9797,0.9871,1.007
docvqa,1344,docvqa_17133,86.357,133.686,632.626,33.263,0.136506,131.502,498.94,87.26,128.655,605.133,31.765,0.1442,126.483,476.478,0.9897,1.0391,1.0454
docvqa,1344,docvqa_17134,85.435,133.457,1018.43,32.777,0.083889,131.231,884.973,87.499,129.352,950.648,30.418,0.092041,125.934,821.296,0.9764,1.0317,1.0713
docvqa,1344,docvqa_17135,86.315,127.9,604.692,26.488,0.142742,124.627,476.792,87.171,129.195,686.127,30.941,0.127047,127.0,556.932,0.9902,0.99,0.8813
docvqa,1344,docvqa_17139,85.318,125.842,621.594,33.05,0.137257,123.602,495.752,87.189,132.52,613.234,32.048,0.142179,130.325,480.714,0.9785,0.9496,1.0136
docvqa,1344,docvqa_17140,85.269,126.076,562.549,31.177,0.151576,123.644,436.473,87.157,127.765,574.09,31.88,0.151818,125.523,446.325,0.9783,0.9868,0.9799
docvqa,1344,docvqa_17143,84.795,125.092,652.878,32.987,0.129879,123.031,527.786,87.135,127.593,629.261,31.354,0.138472,125.53,501.668,0.9731,0.9804,1.0375
docvqa,1344,docvqa_17147,85.34,129.806,886.614,34.4,0.096254,127.161,756.808,87.184,128.008,737.461,27.702,0.118222,125.584,609.453,0.9788,1.014,1.2023
docvqa,1344,docvqa_17149,87.326,129.124,598.771,33.546,0.145843,125.906,469.648,90.417,132.219,532.056,28.56,0.169938,128.968,399.838,0.9658,0.9766,1.1254
docvqa,1344,docvqa_17150,85.337,126.095,601.174,31.672,0.14195,123.772,475.078,87.633,129.059,569.377,29.355,0.15391,126.234,440.318,0.9738,0.977,1.0558
docvqa,1344,docvqa_223,85.095,125.649,527.845,30.938,0.161212,123.435,402.195,87.242,128.299,559.819,33.194,0.155839,125.722,431.521,0.9754,0.9793,0.9429
docvqa,1344,docvqa_224,85.721,126.472,618.92,32.83,0.138502,124.115,492.448,87.21,128.074,586.517,30.563,0.148691,125.741,458.443,0.9829,0.9875,1.0552
docvqa,1344,docvqa_231,84.831,125.068,795.742,30.485,0.106607,122.948,670.674,87.183,128.11,1157.323,30.271,0.075332,125.604,1029.214,0.973,0.9763,0.6876
docvqa,1344,docvqa_232,85.003,125.301,613.914,30.538,0.13846,123.227,488.613,87.21,127.682,1334.007,30.931,0.065375,125.538,1206.325,0.9747,0.9814,0.4602
docvqa,1344,docvqa_234,84.771,127.086,1999.394,29.719,0.042398,125.045,1872.308,87.318,128.523,2045.045,30.421,0.042697,126.149,1916.522,0.9708,0.9888,0.9777
docvqa,1344,docvqa_237,85.258,125.749,659.655,31.406,0.129247,123.588,533.907,87.172,128.005,661.416,31.377,0.131796,125.748,533.411,0.978,0.9824,0.9973
docvqa,1344,docvqa_24423,84.788,128.57,805.386,28.201,0.105276,126.078,676.816,87.12,129.513,795.563,27.752,0.109507,127.423,666.05,0.9732,0.9927,1.0123
docvqa,1344,docvqa_24426,88.406,129.048,720.303,32.847,0.122735,126.714,591.255,90.681,131.082,674.312,30.179,0.13448,128.95,543.23,0.9749,0.9845,1.0682
docvqa,1344,docvqa_24437,84.871,124.955,545.016,28.004,0.155723,122.926,420.061,87.405,129.523,625.777,33.084,0.139674,126.723,496.255,0.971,0.9647,0.8709
docvqa,1344,docvqa_24438,86.352,129.363,477.281,28.993,0.180925,126.568,347.918,87.418,131.748,497.765,30.501,0.175621,129.47,366.017,0.9878,0.9819,0.9588
docvqa,1344,docvqa_24440,85.885,129.062,646.343,30.428,0.132878,126.3,517.281,87.424,130.887,673.775,31.935,0.129752,128.68,542.888,0.9824,0.9861,0.9593
docvqa,1344,docvqa_24499,85.068,129.61,411.609,28.2,0.206671,127.233,281.999,87.185,128.085,442.071,31.399,0.197219,125.74,313.987,0.9757,1.0119,0.9311
docvqa,1344,docvqa_24500,85.437,126.096,573.407,34.409,0.148999,123.9,447.311,87.193,130.241,545.707,31.959,0.159779,127.987,415.466,0.9799,0.9682,1.0508
docvqa,1344,docvqa_24505,84.862,125.077,626.479,31.338,0.135459,122.916,501.402,87.18,127.823,575.95,28.008,0.151367,125.515,448.126,0.9734,0.9785,1.0877
docvqa,1344,docvqa_24580,85.156,128.699,554.06,28.357,0.153694,126.662,425.36,90.603,131.054,578.618,29.838,0.156586,129.0,447.564,0.9399,0.982,0.9576
docvqa,1344,docvqa_24581,84.956,128.139,1070.038,27.703,0.079395,122.994,941.899,87.162,130.624,1144.199,29.811,0.076177,125.463,1013.574,0.9747,0.981,0.9352
docvqa,1344,docvqa_24582,85.848,135.21,350.468,26.907,0.244951,133.182,215.258,87.569,130.427,391.508,32.635,0.223672,128.309,261.081,0.9803,1.0367,0.8952
docvqa,1344,docvqa_25385,85.779,135.082,427.03,29.195,0.200873,132.688,291.948,87.414,128.64,407.569,27.893,0.214477,126.125,278.929,0.9813,1.0501,1.0477
docvqa,1344,docvqa_25386,85.191,125.58,450.457,32.488,0.189121,123.433,324.878,87.373,131.7,415.173,28.347,0.210449,129.445,283.474,0.975,0.9535,1.085
docvqa,1344,docvqa_25387,85.244,125.661,477.235,31.961,0.178621,123.481,351.574,87.186,127.802,460.874,30.279,0.189175,125.459,333.072,0.9777,0.9832,1.0355
docvqa,1344,docvqa_25396,85.31,132.906,1656.631,31.096,0.051496,130.439,1523.725,87.34,128.258,1517.416,28.35,0.057558,125.854,1389.158,0.9768,1.0362,1.0917
docvqa,1344,docvqa_254,85.141,125.832,673.908,32.24,0.12634,123.466,548.075,87.245,128.356,605.53,28.069,0.14408,125.897,477.174,0.9759,0.9803,1.1129
docvqa,1344,docvqa_255,85.134,125.81,564.136,29.222,0.150911,123.504,438.326,87.878,130.559,607.947,31.826,0.14455,126.557,477.388,0.9688,0.9636,0.9279
docvqa,1344,docvqa_256,84.869,125.433,674.3,30.493,0.125863,123.081,548.867,87.379,128.381,671.745,30.187,0.130078,125.966,543.364,0.9713,0.977,1.0038
docvqa,1344,docvqa_265,85.115,125.604,1694.563,31.379,0.050229,123.374,1568.96,87.241,130.098,1668.179,30.762,0.052297,127.89,1538.081,0.9756,0.9655,1.0158
docvqa,1344,docvqa_266,85.26,126.262,561.319,27.191,0.151892,123.647,435.058,87.188,127.767,601.121,29.585,0.145043,125.609,473.354,0.9779,0.9882,0.9338
docvqa,1344,docvqa_267,85.132,125.37,573.959,28.037,0.148324,123.306,448.589,87.3,128.626,627.152,31.158,0.1392,126.054,498.526,0.9752,0.9747,0.9152
docvqa,1344,docvqa_271,87.287,132.179,628.795,31.039,0.138817,128.704,496.617,87.245,131.103,559.095,26.749,0.156048,129.014,427.992,1.0005,1.0082,1.1247
docvqa,1344,docvqa_283,86.549,127.805,744.085,29.347,0.116315,124.863,616.28,87.342,134.17,742.442,28.965,0.117641,131.523,608.272,0.9909,0.9526,1.0022
docvqa,1344,docvqa_284,85.009,125.148,965.74,30.021,0.088025,123.105,840.592,87.82,129.927,957.369,29.552,0.091731,126.396,827.442,0.968,0.9632,1.0087
docvqa,1344,docvqa_285,85.628,126.356,528.763,26.827,0.161939,123.943,402.408,87.3,128.632,578.942,30.021,0.150791,126.085,450.311,0.9808,0.9823,0.9133
docvqa,1344,docvqa_292,84.772,125.427,968.78,30.12,0.087504,123.189,843.353,87.182,127.716,961.949,29.794,0.090631,125.629,834.234,0.9724,0.9821,1.0071
docvqa,1344,docvqa_296,84.693,124.76,490.351,26.114,0.172719,122.709,365.591,87.08,127.454,586.461,32.786,0.148484,125.385,459.007,0.9726,0.9789,0.8361
docvqa,1344,docvqa_297,85.792,126.662,541.774,25.945,0.158354,123.868,415.113,87.207,127.905,579.315,28.213,0.150535,125.737,451.41,0.9838,0.9903,0.9352
docvqa,1344,docvqa_298,85.051,125.725,470.403,31.334,0.180805,123.383,344.678,87.443,128.684,476.11,31.584,0.183662,125.848,347.426,0.9726,0.977,0.988
docvqa,1344,docvqa_300,85.132,125.99,710.291,30.753,0.119856,123.625,584.3,87.368,128.455,719.567,31.111,0.121418,126.328,591.112,0.9744,0.9808,0.9871
docvqa,1344,docvqa_303,87.738,129.927,622.323,30.775,0.140985,126.301,492.396,87.261,128.068,611.879,30.238,0.142611,125.73,483.811,1.0055,1.0145,1.0171
docvqa,1344,docvqa_304,85.303,126.448,921.792,29.457,0.09254,123.942,795.344,87.879,134.881,930.994,29.486,0.094392,131.069,796.113,0.9707,0.9375,0.9901
docvqa,1344,docvqa_305,85.173,125.529,675.152,30.535,0.126153,123.308,549.623,87.463,128.917,656.941,29.335,0.133137,126.257,528.024,0.9738,0.9737,1.0277
docvqa,1344,docvqa_307,84.865,125.041,590.452,31.027,0.143728,122.931,465.411,87.412,128.27,572.269,29.6,0.152746,125.859,443.999,0.9709,0.9748,1.0318
docvqa,1344,docvqa_317,86.205,127.537,425.675,29.814,0.202513,124.438,298.138,87.077,127.561,432.999,30.544,0.201103,125.407,305.437,0.99,0.9998,0.9831
docvqa,1344,docvqa_319,85.711,126.498,806.628,32.387,0.106258,124.062,680.13,87.184,127.709,772.205,30.69,0.112903,125.592,644.496,0.9831,0.9905,1.0446
docvqa,1344,docvqa_320,85.043,125.255,1925.601,28.577,0.044164,123.235,1800.346,92.513,136.492,1899.26,30.926,0.04871,134.256,1762.768,0.9193,0.9177,1.0139
docvqa,1344,docvqa_321,85.331,125.54,1932.802,28.687,0.044149,123.505,1807.261,87.769,129.551,2003.004,29.737,0.043819,126.942,1873.453,0.9722,0.969,0.965
docvqa,1344,docvqa_32870,84.893,125.234,549.243,30.286,0.154564,123.179,424.009,87.263,127.991,589.85,32.99,0.147941,125.722,461.858,0.9728,0.9785,0.9312
docvqa,1344,docvqa_32871,89.75,169.695,1321.536,31.996,0.067913,165.424,1151.841,87.355,130.62,1213.149,30.07,0.072007,128.327,1082.529,1.0274,1.2992,1.0893
docvqa,1344,docvqa_32872,86.815,135.86,681.377,34.095,0.127411,133.151,545.516,87.42,128.255,637.119,31.804,0.137212,125.898,508.864,0.9931,1.0593,1.0695
docvqa,1344,docvqa_32873,85.65,126.383,637.074,34.046,0.134443,124.147,510.692,87.239,130.079,662.471,35.493,0.131687,127.844,532.392,0.9818,0.9716,0.9617
docvqa,1344,docvqa_32874,86.694,133.645,573.29,36.637,0.151222,131.437,439.645,87.415,128.646,508.362,31.643,0.171954,126.011,379.716,0.9918,1.0389,1.1277
docvqa,1344,docvqa_32875,85.203,125.708,806.312,34.03,0.10567,123.508,680.604,87.29,127.991,719.494,29.575,0.121322,125.771,591.503,0.9761,0.9822,1.1207
docvqa,1344,docvqa_32876,85.529,126.214,669.95,28.618,0.127665,123.849,543.735,87.413,134.78,732.089,31.437,0.119402,132.36,597.309,0.9784,0.9364,0.9151
docvqa,1344,docvqa_32877,85.865,127.049,823.714,31.667,0.104241,124.075,696.665,87.305,131.47,915.207,29.027,0.095394,129.263,783.738,0.9835,0.9664,0.9
docvqa,1344,docvqa_32878,85.061,125.667,451.178,29.592,0.188532,123.356,325.511,87.319,132.219,459.25,29.73,0.190135,129.728,327.031,0.9741,0.9504,0.9824
docvqa,1344,docvqa_32879,110.236,159.999,714.999,32.647,0.154176,156.9,555.001,87.588,128.388,643.877,30.323,0.136032,126.285,515.489,1.2586,1.2462,1.1105
docvqa,1344,docvqa_32881,86.231,128.037,969.047,33.64,0.088985,125.405,841.01,87.164,130.268,793.846,26.543,0.1098,128.198,663.578,0.9893,0.9829,1.2207
docvqa,1344,docvqa_32882,86.39,127.819,984.484,32.949,0.087751,125.308,856.665,87.207,127.563,868.511,28.498,0.10041,125.523,740.948,0.9906,1.002,1.1335
docvqa,1344,docvqa_32883,85.425,129.087,637.934,31.803,0.133909,126.811,508.847,87.468,128.051,850.358,31.405,0.10286,126.015,722.307,0.9766,1.0081,0.7502
docvqa,1344,docvqa_32885,85.263,126.377,648.961,32.661,0.131383,123.861,522.584,87.315,128.981,643.664,30.275,0.135654,126.086,514.683,0.9765,0.9798,1.0082
docvqa,1344,docvqa_32886,85.579,129.607,702.932,26.06,0.121746,127.384,573.324,87.262,129.303,830.288,31.863,0.105099,127.12,700.986,0.9807,1.0024,0.8466
docvqa,1344,docvqa_32889,85.288,126.004,845.151,32.688,0.100915,123.621,719.147,87.364,130.954,796.005,30.23,0.109753,128.584,665.05,0.9762,0.9622,1.0617
docvqa,1344,docvqa_32890,85.21,126.251,611.089,32.323,0.139439,123.878,484.839,87.359,128.534,599.728,31.413,0.145664,126.253,471.194,0.9754,0.9822,1.0189
docvqa,1344,docvqa_32891,85.405,126.372,1122.316,30.18,0.076097,123.888,995.944,87.412,134.048,1252.606,33.896,0.069784,131.731,1118.558,0.977,0.9427,0.896
docvqa,1344,docvqa_32892,85.962,128.26,352.027,31.967,0.244191,125.819,223.767,87.414,129.049,366.284,33.891,0.23865,126.246,237.235,0.9834,0.9939,0.9611
docvqa,1344,docvqa_32893,85.421,131.481,754.786,31.165,0.113172,129.198,623.305,88.848,131.206,794.33,33.156,0.111852,127.566,663.125,0.9614,1.0021,0.9502
docvqa,1344,docvqa_32894,86.593,132.436,557.951,30.394,0.155198,130.15,425.515,87.398,128.495,628.369,35.705,0.139088,126.172,499.874,0.9908,1.0307,0.8879
docvqa,1344,docvqa_32896,85.199,125.544,581.973,38.036,0.146396,123.341,456.429,87.31,132.146,538.497,33.863,0.162136,130.017,406.351,0.9758,0.95,1.0807
docvqa,1344,docvqa_32897,85.4,125.993,565.995,33.846,0.150885,123.847,440.003,87.174,127.675,542.881,31.939,0.160576,125.573,415.207,0.9796,0.9868,1.0426
docvqa,1344,docvqa_32898,85.265,125.506,531.728,33.852,0.160355,123.419,406.222,87.257,127.871,459.725,27.654,0.189802,125.725,331.854,0.9772,0.9815,1.1566
docvqa,1344,docvqa_32900,85.235,126.399,707.88,30.604,0.120409,123.859,581.48,87.331,128.244,748.906,32.666,0.116611,126.081,620.662,0.976,0.9856,0.9452
docvqa,1344,docvqa_32984,85.086,125.334,676.88,32.444,0.125704,123.203,551.547,87.273,127.829,659.82,31.294,0.132268,125.678,531.991,0.9749,0.9805,1.0259
docvqa,1344,docvqa_32986,85.234,125.508,671.415,32.112,0.126947,123.411,545.907,87.15,127.688,681.305,32.566,0.127917,125.579,553.616,0.978,0.9829,0.9855
docvqa,1344,docvqa_32989,84.748,124.749,599.468,29.67,0.141372,122.79,474.719,87.287,128.001,576.904,28.056,0.151302,125.83,448.904,0.9709,0.9746,1.0391
docvqa,1344,docvqa_32994,84.977,124.896,585.297,28.775,0.145186,122.952,460.401,87.931,130.287,639.234,31.809,0.137557,126.924,508.948,0.9664,0.9586,0.9156
docvqa,1344,docvqa_32995,85.458,126.89,616.487,30.6,0.138622,124.13,489.597,87.387,128.6,695.673,35.442,0.125615,126.212,567.073,0.9779,0.9867,0.8862
docvqa,1344,docvqa_33153,86.208,128.089,849.117,30.043,0.101527,124.644,721.028,87.229,129.648,826.35,29.029,0.105559,127.44,696.702,0.9883,0.988,1.0276
docvqa,1344,docvqa_33158,86.251,128.007,431.573,30.357,0.199852,125.033,303.566,87.261,133.179,488.713,35.553,0.178552,130.69,355.534,0.9884,0.9612,0.8831
docvqa,1344,docvqa_345,87.642,130.033,516.426,32.199,0.169709,126.434,386.394,87.261,128.05,489.423,30.114,0.178294,125.706,361.373,1.0044,1.0155,1.0552
docvqa,1344,docvqa_346,85.788,126.496,848.315,32.81,0.101128,124.277,721.819,87.332,128.5,800.258,30.534,0.10913,126.24,671.758,0.9823,0.9844,1.0601
docvqa,1344,docvqa_347,85.542,133.717,878.636,31.038,0.097358,131.406,744.919,87.387,128.289,853.796,30.229,0.102352,126.036,725.507,0.9789,1.0423,1.0291
docvqa,1344,docvqa_348,85.514,128.008,727.556,29.977,0.117537,125.381,599.548,87.215,128.541,700.902,28.618,0.124433,126.308,572.36,0.9805,0.9959,1.038
docvqa,1344,docvqa_357,85.203,125.434,483.655,29.852,0.176166,123.403,358.22,87.116,127.642,532.435,33.733,0.163618,125.542,404.793,0.978,0.9827,0.9084
docvqa,1344,docvqa_358,85.645,127.362,562.013,28.977,0.15239,125.349,434.651,87.077,127.495,604.219,31.782,0.144114,125.418,476.724,0.9836,0.999,0.9301
docvqa,1344,docvqa_359,87.307,130.788,608.705,29.87,0.143431,127.395,477.917,87.821,144.774,657.35,32.036,0.133599,141.537,512.577,0.9941,0.9034,0.926
docvqa,1344,docvqa_360,84.934,125.643,675.393,27.488,0.125755,123.209,549.75,87.113,127.881,774.014,32.307,0.112547,125.7,646.133,0.975,0.9825,0.8726
docvqa,1344,docvqa_361,84.907,128.937,1091.557,30.082,0.077785,126.877,962.62,87.346,138.638,1119.591,30.655,0.078016,136.021,980.953,0.9721,0.93,0.975
docvqa,1344,docvqa_362,84.978,125.243,773.938,29.486,0.109799,123.174,648.695,91.076,144.872,819.665,30.672,0.111113,141.768,674.793,0.933,0.8645,0.9442
docvqa,1344,docvqa_363,86.08,128.07,692.385,31.351,0.124323,124.563,564.315,87.216,128.374,703.972,31.978,0.123891,125.666,575.598,0.987,0.9976,0.9835
docvqa,1344,docvqa_364,84.767,125.061,1804.25,31.096,0.046982,122.862,1679.189,87.069,127.563,1115.946,29.951,0.078023,125.509,988.383,0.9736,0.9804,1.6168
docvqa,1344,docvqa_365,89.876,136.557,972.156,33.424,0.09245,134.256,835.599,87.082,127.506,924.602,31.884,0.094183,125.455,797.095,1.0321,1.071,1.0514
docvqa,1344,docvqa_375,84.817,124.952,798.529,32.075,0.106216,122.906,673.576,87.277,135.979,728.849,28.232,0.119747,133.619,592.871,0.9718,0.9189,1.0956
docvqa,1344,docvqa_376,85.461,126.276,832.674,32.109,0.102635,123.853,706.397,87.32,128.535,786.457,29.906,0.11103,125.982,657.923,0.9787,0.9824,1.0588
docvqa,1344,docvqa_377,85.125,125.721,1175.624,32.809,0.072409,123.476,1049.903,87.221,128.055,1006.494,27.451,0.086658,125.736,878.439,0.976,0.9818,1.168
docvqa,1344,docvqa_383,84.904,124.937,1248.801,28.097,0.067988,122.923,1123.864,87.171,127.77,1322.459,29.867,0.065916,125.629,1194.689,0.974,0.9778,0.9443
docvqa,1344,docvqa_384,84.907,125.049,1928.319,28.623,0.044032,123.035,1803.27,87.32,132.507,2016.891,29.911,0.043294,130.024,1884.384,0.9724,0.9437,0.9561
docvqa,1344,docvqa_385,97.137,141.632,1993.267,29.391,0.048733,136.049,1851.635,94.073,142.984,2029.417,29.943,0.046355,138.292,1886.432,1.0326,0.9905,0.9822
docvqa,1344,docvqa_39079,85.344,126.629,1246.646,31.112,0.068459,123.879,1120.017,91.832,133.974,1218.112,29.301,0.075389,130.551,1084.138,0.9293,0.9452,1.0234
docvqa,1344,docvqa_395,85.576,126.077,481.187,32.283,0.177844,123.837,355.11,87.188,128.114,430.995,27.535,0.202293,125.804,302.882,0.9815,0.9841,1.1165
docvqa,1344,docvqa_396,85.994,126.626,704.249,33.978,0.122108,124.416,577.623,87.161,127.615,663.812,31.541,0.131304,125.522,536.197,0.9866,0.9923,1.0609
docvqa,1344,docvqa_397,85.388,131.199,803.541,32.016,0.106264,129.066,672.342,87.153,127.749,778.429,30.985,0.111961,125.579,650.679,0.9797,1.027,1.0323
docvqa,1344,docvqa_398,85.166,125.692,524.629,30.688,0.162335,123.376,398.938,87.268,128.179,526.957,30.675,0.165607,125.955,398.778,0.9759,0.9806,0.9956
docvqa,1344,docvqa_407,85.011,125.33,558.933,33.354,0.152095,123.155,433.603,87.161,127.97,552.374,32.646,0.157793,125.645,424.404,0.9753,0.9794,1.0119
docvqa,1344,docvqa_408,84.979,318.837,776.099,32.662,0.109495,316.686,457.262,87.342,129.887,577.444,31.968,0.151256,127.451,447.557,0.9729,2.4547,1.344
docvqa,1344,docvqa_409,84.864,125.509,1966.756,29.226,0.043149,123.039,1841.247,87.147,127.547,1979.779,29.401,0.044018,125.426,1852.232,0.9738,0.984,0.9934
docvqa,1344,docvqa_410,84.726,124.802,832.139,27.205,0.101817,122.719,707.337,87.285,128.296,925.406,30.658,0.09432,125.954,797.11,0.9707,0.9728,0.8992
docvqa,1344,docvqa_41421,84.807,124.91,483.792,32.626,0.175297,122.847,358.882,87.236,128.132,469.035,30.991,0.18599,125.66,340.903,0.9722,0.9749,1.0315
docvqa,1344,docvqa_41434,85.284,126.186,509.325,29.472,0.167445,123.748,383.139,90.812,137.078,520.054,29.46,0.174621,133.576,382.976,0.9391,0.9205,0.9794
docvqa,1344,docvqa_41449,85.439,133.494,640.35,31.678,0.133425,131.053,506.856,87.567,129.017,636.263,31.703,0.137627,126.019,507.246,0.9757,1.0347,1.0064
docvqa,1344,docvqa_41686,85.914,130.637,441.877,28.295,0.19443,127.044,311.24,87.097,127.57,456.48,29.901,0.190802,125.391,328.91,0.9864,1.024,0.968
docvqa,1344,docvqa_41687,86.233,129.352,837.353,29.5,0.102982,127.215,708.001,87.514,132.441,832.262,29.159,0.105152,129.689,699.82,0.9854,0.9767,1.0061
docvqa,1344,docvqa_41688,86.098,127.273,475.562,26.792,0.181045,124.355,348.29,87.617,129.186,553.37,30.299,0.158333,126.169,424.184,0.9827,0.9852,0.8594
docvqa,1344,docvqa_41689,85.432,126.662,633.978,31.707,0.134756,124.066,507.316,87.182,127.691,615.948,30.516,0.141541,125.55,488.257,0.9799,0.9919,1.0293
docvqa,1344,docvqa_41690,85.495,126.274,835.873,32.254,0.102282,123.995,709.599,87.154,128.33,812.344,31.092,0.107287,126.149,684.014,0.981,0.984,1.029
docvqa,1344,docvqa_41691,85.216,126.208,744.725,34.362,0.114427,123.846,618.517,87.362,129.833,631.264,27.857,0.138393,127.274,501.431,0.9754,0.9721,1.1797
docvqa,1344,docvqa_41693,85.191,125.875,826.289,30.453,0.103101,123.522,700.415,87.532,129.093,811.23,29.658,0.1079,126.005,682.137,0.9733,0.9751,1.0186
docvqa,1344,docvqa_41694,84.974,125.526,693.009,28.374,0.122615,123.191,567.483,87.292,130.406,711.547,29.057,0.12268,128.07,581.141,0.9734,0.9626,0.9739
docvqa,1344,docvqa_41695,85.119,133.489,747.311,30.691,0.1139,131.037,613.821,87.756,129.637,753.446,31.19,0.116473,126.494,623.81,0.97,1.0297,0.9919
docvqa,1344,docvqa_41705,85.288,125.967,579.855,32.421,0.147086,123.701,453.888,87.288,134.331,579.448,31.794,0.15064,131.832,445.117,0.9771,0.9377,1.0007
docvqa,1344,docvqa_41715,87.404,131.826,496.456,30.386,0.176056,128.933,364.63,87.52,129.053,479.192,29.178,0.18264,126.168,350.14,0.9987,1.0215,1.036
docvqa,1344,docvqa_41716,84.904,124.986,516.132,32.596,0.1645,122.908,391.146,87.244,134.954,470.285,27.944,0.185513,132.502,335.331,0.9732,0.9261,1.0975
docvqa,1344,docvqa_41717,86.106,127.268,461.04,30.343,0.186764,124.605,333.772,87.292,128.24,453.91,29.606,0.192311,125.776,325.669,0.9864,0.9924,1.0157
docvqa,1344,docvqa_41719,85.275,129.078,826.379,33.205,0.103191,126.233,697.302,87.224,127.891,759.516,30.077,0.114842,125.65,631.625,0.9777,1.0093,1.088
docvqa,1344,docvqa_41721,92.164,137.955,765.687,29.892,0.120367,134.676,627.732,87.148,127.727,761.28,30.169,0.114476,125.681,633.552,1.0576,1.0801,1.0058
docvqa,1344,docvqa_41723,84.976,125.239,586.01,28.798,0.145008,123.11,460.771,87.189,127.613,610.945,30.208,0.142713,125.564,483.331,0.9746,0.9814,0.9592
docvqa,1344,docvqa_41728,84.869,125.063,744.822,28.171,0.113945,123.03,619.759,87.155,127.533,807.814,30.922,0.10789,125.522,680.282,0.9738,0.9806,0.922
docvqa,1344,docvqa_41729,85.491,128.767,619.245,28.852,0.138057,126.755,490.478,87.215,127.748,597.574,27.637,0.145949,125.648,469.826,0.9802,1.008,1.0363
docvqa,1344,docvqa_41749,84.903,124.979,685.626,29.508,0.123833,122.967,560.646,87.176,127.802,673.552,28.724,0.129428,125.553,545.751,0.9739,0.9779,1.0179
docvqa,1344,docvqa_41750,84.983,125.245,562.699,29.164,0.151028,123.126,437.454,87.183,129.651,628.07,33.228,0.138811,127.23,498.419,0.9748,0.966,0.8959
docvqa,1344,docvqa_431,91.833,139.373,853.442,26.447,0.107603,130.112,714.069,87.783,130.042,875.064,31.043,0.100316,126.503,745.022,1.0461,1.0718,0.9753
docvqa,1344,docvqa_432,84.928,125.464,681.293,29.254,0.124657,123.128,555.829,87.171,137.513,684.966,28.813,0.127264,134.192,547.453,0.9743,0.9124,0.9946
docvqa,1344,docvqa_433,85.803,126.347,693.03,31.482,0.123809,124.156,566.683,87.315,135.089,647.719,28.479,0.134804,132.585,512.63,0.9827,0.9353,1.07
docvqa,1344,docvqa_444,85.021,125.639,609.305,28.451,0.139538,123.444,483.667,87.169,127.973,678.199,32.366,0.12853,125.597,550.226,0.9754,0.9818,0.8984
docvqa,1344,docvqa_450,84.727,124.83,524.855,28.573,0.161429,122.782,400.025,87.536,128.897,522.189,28.092,0.167634,126.4,393.293,0.9679,0.9684,1.0051
docvqa,1344,docvqa_45694,84.891,125.091,807.142,29.654,0.105175,123.018,682.052,87.273,128.285,793.532,28.924,0.109981,125.8,665.247,0.9727,0.9751,1.0172
docvqa,1344,docvqa_45744,85.172,128.075,1179.21,32.848,0.072228,125.876,1051.135,87.163,130.206,1029.516,28.103,0.084664,127.968,899.31,0.9772,0.9836,1.1454
docvqa,1344,docvqa_45745,85.446,126.309,1438.179,33.638,0.059413,124.014,1311.87,87.163,127.674,1318.53,30.535,0.066106,125.505,1190.856,0.9803,0.9893,1.0907
docvqa,1344,docvqa_45747,85.662,126.971,1119.751,31.024,0.076501,124.376,992.78,87.119,127.671,1129.896,31.32,0.077104,125.532,1002.224,0.9833,0.9945,0.991
docvqa,1344,docvqa_461,84.808,124.898,1905.926,28.27,0.044497,122.853,1781.028,87.344,128.761,2078.781,30.953,0.042017,126.327,1950.02,0.971,0.97,0.9168
docvqa,1344,docvqa_463,86.198,135.149,2114.392,31.417,0.040768,131.333,1979.244,87.538,129.466,1972.2,29.25,0.044386,126.221,1842.734,0.9847,1.0439,1.0721
docvqa,1344,docvqa_47368,84.871,125.064,446.753,26.807,0.189973,122.979,321.689,87.208,127.84,465.449,28.134,0.187363,125.681,337.609,0.9732,0.9783,0.9598
docvqa,1344,docvqa_476,84.88,125.006,398.089,27.308,0.213219,122.961,273.083,87.17,127.618,478.098,35.048,0.182327,125.513,350.479,0.9737,0.9795,0.8327
docvqa,1344,docvqa_49153,87.896,129.022,954.809,27.526,0.092056,126.755,825.788,87.644,132.098,987.504,28.514,0.088753,128.875,855.406,1.0029,0.9767,0.9669
docvqa,1344,docvqa_49168,85.135,130.651,934.407,33.49,0.091111,128.383,803.756,89.577,132.085,866.783,30.612,0.103345,129.941,734.698,0.9504,0.9891,1.078
docvqa,1344,docvqa_49172,84.792,126.896,383.145,25.625,0.221306,124.853,256.249,87.375,134.226,435.922,30.17,0.200438,131.874,301.696,0.9704,0.9454,0.8789
docvqa,1344,docvqa_49177,85.069,128.165,890.994,30.513,0.095476,126.144,762.829,87.261,129.758,837.53,27.222,0.104188,127.724,707.772,0.9749,0.9877,1.0638
docvqa,1344,docvqa_49181,85.615,133.548,1237.58,28.308,0.069179,131.472,1104.031,87.942,134.425,1343.803,31.01,0.065443,130.758,1209.378,0.9735,0.9935,0.921
docvqa,1344,docvqa_49187,85.305,126.184,1029.838,31.16,0.082833,123.719,903.654,87.22,132.888,1010.902,30.276,0.086279,130.677,878.014,0.978,0.9496,1.0187
docvqa,1344,docvqa_49234,111.165,166.493,475.027,28.049,0.234017,160.641,308.534,87.223,127.931,469.095,31.015,0.185939,125.745,341.164,1.2745,1.3014,1.0126
docvqa,1344,docvqa_49242,85.799,132.415,422.285,26.352,0.203179,130.31,289.87,87.14,129.97,434.298,27.666,0.200646,127.717,304.328,0.9846,1.0188,0.9723
docvqa,1344,docvqa_49263,85.942,132.517,1014.9,30.427,0.084681,130.021,882.382,87.9,133.502,1068.696,32.248,0.082249,129.795,935.193,0.9777,0.9926,0.9497
docvqa,1344,docvqa_49274,85.222,125.988,674.984,30.5,0.126258,123.66,548.995,87.147,127.562,702.038,31.915,0.124135,125.476,574.476,0.9779,0.9877,0.9615
docvqa,1344,docvqa_49279,86.58,127.377,472.617,34.524,0.183193,124.994,345.24,87.269,133.166,436.146,30.298,0.20009,131.067,302.98,0.9921,0.9565,1.0836
docvqa,1344,docvqa_49285,85.424,126.266,466.607,30.94,0.183074,123.804,340.341,87.24,127.753,458.362,30.055,0.19033,125.628,330.61,0.9792,0.9884,1.018
docvqa,1344,docvqa_49292,85.258,132.555,1549.444,31.486,0.055025,130.343,1416.889,87.402,128.759,1478.542,29.995,0.059114,125.936,1349.783,0.9755,1.0295,1.048
docvqa,1344,docvqa_49297,86.172,127.113,660.837,29.651,0.130398,124.565,533.724,87.636,130.113,706.178,32.004,0.124099,126.396,576.065,0.9833,0.9769,0.9358
docvqa,1344,docvqa_49304,87.193,129.089,542.588,29.536,0.160698,125.713,413.499,87.298,127.959,563.26,31.093,0.154986,125.77,435.301,0.9988,1.0088,0.9633
docvqa,1344,docvqa_4931,87.649,128.86,677.56,27.435,0.12936,125.978,548.701,87.256,128.33,805.753,33.871,0.108291,126.021,677.423,1.0045,1.0041,0.8409
docvqa,1344,docvqa_49322,85.341,127.116,670.216,31.947,0.127334,123.768,543.1,87.353,128.398,683.795,32.67,0.127747,126.101,555.397,0.977,0.99,0.9801
docvqa,1344,docvqa_49323,87.093,138.231,471.777,27.795,0.184606,135.368,333.546,87.251,129.41,514.513,32.092,0.169579,127.125,385.104,0.9982,1.0682,0.9169
docvqa,1344,docvqa_49324,85.197,125.935,589.444,35.655,0.144539,123.655,463.509,87.258,133.441,495.486,27.85,0.176106,131.251,362.046,0.9764,0.9438,1.1896
docvqa,1344,docvqa_49325,85.6,126.586,482.791,29.684,0.177303,123.738,356.205,87.35,128.711,505.329,31.385,0.172858,126.12,376.617,0.98,0.9835,0.9554
docvqa,1344,docvqa_49326,86.185,127.391,696.129,33.455,0.123806,124.372,568.738,87.348,128.717,672.338,31.978,0.129917,126.192,543.621,0.9867,0.9897,1.0354
docvqa,1344,docvqa_49361,85.162,126.137,409.677,28.354,0.207877,123.579,283.539,87.544,128.705,435.58,30.687,0.200982,126.011,306.875,0.9728,0.98,0.9405
docvqa,1344,docvqa_49362,85.331,125.967,538.765,31.754,0.158383,123.78,412.798,87.638,128.915,490.741,27.833,0.178583,126.289,361.826,0.9737,0.9771,1.0979
docvqa,1344,docvqa_49366,85.153,125.581,471.172,34.559,0.180726,123.374,345.591,87.227,127.866,476.277,34.841,0.183143,125.662,348.411,0.9762,0.9821,0.9893
docvqa,1344,docvqa_49369,85.419,128.118,469.874,31.069,0.181792,125.395,341.756,87.336,133.404,448.488,28.644,0.194734,131.159,315.084,0.9781,0.9604,1.0477
docvqa,1344,docvqa_49373,86.822,132.759,606.176,31.561,0.143229,130.176,473.417,87.462,128.923,584.525,30.373,0.149629,126.246,455.602,0.9927,1.0298,1.037
docvqa,1344,docvqa_49376,84.752,124.801,475.375,29.215,0.178285,122.848,350.574,87.319,128.198,468.176,28.331,0.18651,125.877,339.978,0.9706,0.9735,1.0154
docvqa,1344,docvqa_49381,84.845,125.205,581.116,28.494,0.146004,123.03,455.911,87.177,127.778,650.123,32.647,0.134093,125.617,522.346,0.9732,0.9799,0.8939
docvqa,1344,docvqa_49390,85.385,126.089,315.278,27.027,0.270824,123.741,189.189,87.547,128.508,359.904,33.056,0.24325,126.29,231.395,0.9753,0.9812,0.876
docvqa,1344,docvqa_49391,85.035,125.498,805.265,30.898,0.105598,123.299,679.767,87.577,288.599,1028.132,33.615,0.085181,285.556,739.533,0.971,0.4349,0.7832
docvqa,1344,docvqa_49392,85.256,126.257,752.114,29.803,0.113356,123.646,625.857,87.325,128.011,795.126,31.767,0.109826,125.775,667.114,0.9763,0.9863,0.9459
docvqa,1344,docvqa_49393,85.332,132.039,658.283,30.956,0.129628,129.562,526.244,87.342,129.778,617.386,28.683,0.14147,126.766,487.608,0.977,1.0174,1.0662
docvqa,1344,docvqa_49394,85.2,126.121,566.024,29.327,0.150524,123.816,439.903,87.363,134.679,578.826,29.61,0.150932,131.873,444.147,0.9752,0.9365,0.9779
docvqa,1344,docvqa_49395,85.264,125.979,744.823,30.942,0.114476,123.647,618.844,87.525,130.235,753.122,31.144,0.116216,127.001,622.887,0.9742,0.9673,0.989
docvqa,1344,docvqa_49396,85.746,131.722,836.301,32.026,0.10253,129.495,704.579,87.402,135.477,828.705,31.51,0.105469,132.554,693.228,0.9811,0.9723,1.0092
docvqa,1344,docvqa_49397,86.751,131.253,585.157,30.26,0.148252,128.088,453.904,87.116,127.559,541.74,27.612,0.160808,125.371,414.182,0.9958,1.029,1.0801
docvqa,1344,docvqa_49398,85.131,125.587,539.498,31.839,0.157796,123.409,413.911,87.283,128.669,533.034,31.105,0.163747,125.685,404.365,0.9753,0.976,1.0121
docvqa,1344,docvqa_49399,85.078,131.947,426.76,29.481,0.199359,129.76,294.812,87.979,130.472,407.75,27.728,0.215767,126.94,277.279,0.967,1.0113,1.0466
docvqa,1344,docvqa_49400,86.406,127.958,863.244,29.411,0.100095,124.766,735.285,87.299,132.352,880.032,29.907,0.099199,129.997,747.68,0.9898,0.9668,0.9809
docvqa,1344,docvqa_49401,85.421,126.535,641.985,32.216,0.133058,124.013,515.45,87.76,129.732,587.23,28.594,0.149448,126.571,457.498,0.9733,0.9754,1.0932
docvqa,1344,docvqa_49402,85.795,134.929,1114.652,32.657,0.07697,132.365,979.722,87.406,131.439,1082.199,31.692,0.080767,129.274,950.76,0.9816,1.0266,1.03
docvqa,1344,docvqa_49403,86.657,128.399,394.964,29.618,0.219405,125.109,266.565,87.396,128.891,396.531,29.738,0.220402,126.342,267.64,0.9915,0.9962,0.996
docvqa,1344,docvqa_49404,87.033,128.648,911.329,32.612,0.095501,125.556,782.682,87.205,134.226,891.874,31.569,0.097777,131.893,757.649,0.998,0.9584,1.0218
docvqa,1344,docvqa_49406,85.14,125.952,499.718,31.147,0.170376,123.508,373.766,87.763,129.587,489.389,29.983,0.179333,126.268,359.802,0.9701,0.9719,1.0211
docvqa,1344,docvqa_49432,85.079,125.645,1243.12,30.202,0.06844,123.274,1117.476,87.775,133.111,1247.457,30.117,0.070363,130.266,1114.346,0.9693,0.9439,0.9965
docvqa,1344,docvqa_49437,85.325,126.635,418.295,29.166,0.203983,124.116,291.66,87.323,128.285,432.725,30.444,0.201798,126.022,304.44,0.9771,0.9871,0.9667
docvqa,1344,docvqa_49442,85.946,130.754,584.083,32.381,0.147147,128.346,453.329,87.862,130.186,514.084,27.421,0.170911,126.574,383.898,0.9782,1.0044,1.1362
docvqa,1344,docvqa_49449,85.409,126.341,613.165,30.427,0.139292,123.849,486.824,87.196,127.555,590.854,28.956,0.147576,125.423,463.299,0.9795,0.9905,1.0378
docvqa,1344,docvqa_49454,85.703,133.564,734.969,31.653,0.116608,131.046,601.404,87.11,127.386,747.474,32.636,0.116539,125.353,620.089,0.9838,1.0485,0.9833
docvqa,1344,docvqa_49455,84.982,125.627,1250.555,28.844,0.067956,123.16,1124.928,87.516,129.363,1325.09,30.66,0.066045,126.911,1195.727,0.971,0.9711,0.9438
docvqa,1344,docvqa_49461,85.379,126.278,709.686,30.706,0.120305,123.858,583.409,87.314,128.299,727.497,31.537,0.120019,125.871,599.198,0.9778,0.9842,0.9755
docvqa,1344,docvqa_49465,84.979,125.179,800.216,32.145,0.106195,123.1,675.037,87.151,129.443,913.176,37.321,0.095437,127.334,783.733,0.9751,0.9671,0.8763
docvqa,1344,docvqa_49528,85.27,125.845,382.017,32.022,0.223209,123.591,256.172,87.328,128.225,357.726,28.688,0.24412,125.987,229.5,0.9764,0.9814,1.0679
docvqa,1344,docvqa_49530,85.217,131.545,373.072,30.191,0.22842,129.28,241.527,87.189,127.674,382.755,31.885,0.227794,125.558,255.08,0.9774,1.0303,0.9747
docvqa,1344,docvqa_49532,85.198,125.619,615.623,28.824,0.138393,123.553,490.004,87.123,130.43,609.218,28.164,0.143009,128.375,478.788,0.9779,0.9631,1.0105
docvqa,1344,docvqa_49534,84.772,124.875,690.618,31.43,0.122748,122.866,565.743,88.061,129.441,626.157,27.595,0.140637,126.497,496.716,0.9627,0.9647,1.1029
docvqa,1344,docvqa_49536,86.466,128.183,1564.686,32.648,0.055261,125.468,1436.503,87.573,128.884,1537.097,32.005,0.056973,126.315,1408.213,0.9874,0.9946,1.0179
docvqa,1344,docvqa_49542,86.561,128.185,663.342,31.48,0.130492,124.891,535.157,87.205,127.825,648.52,30.629,0.134468,125.702,520.696,0.9926,1.0028,1.0229
docvqa,1344,docvqa_49544,85.804,126.879,1328.652,32.48,0.06458,124.463,1201.773,87.291,133.918,1234.454,29.744,0.070712,131.797,1100.536,0.983,0.9474,1.0763
docvqa,1344,docvqa_49546,85.039,125.543,2127.986,31.785,0.039962,123.34,2002.443,87.44,131.684,1930.741,29.493,0.045288,129.114,1799.057,0.9725,0.9534,1.1022
docvqa,1344,docvqa_49550,85.03,125.5,1708.618,31.662,0.049765,123.282,1583.118,87.301,127.878,1636.777,29.586,0.053337,125.782,1508.898,0.974,0.9814,1.0439
docvqa,1344,docvqa_49555,86.242,129.418,1122.63,30.097,0.076822,127.105,993.212,87.293,131.185,1068.457,28.402,0.0817,129.07,937.271,0.988,0.9865,1.0507
docvqa,1344,docvqa_49560,84.942,125.643,891.336,28.359,0.095298,123.534,765.694,87.367,128.351,969.531,31.155,0.090113,126.019,841.18,0.9722,0.9789,0.9193
docvqa,1344,docvqa_49565,85.06,129.51,838.907,27.285,0.101394,127.416,709.397,87.16,127.701,949.325,31.601,0.091812,125.612,821.624,0.9759,1.0142,0.8837
docvqa,1344,docvqa_49569,85.198,125.762,548.889,32.548,0.15522,123.401,423.127,87.189,127.679,509.13,29.342,0.171251,125.478,381.451,0.9772,0.985,1.0781
docvqa,1344,docvqa_49574,84.846,125.001,690.351,29.755,0.122902,122.925,565.35,87.348,127.984,665.28,28.279,0.131295,125.871,537.296,0.9714,0.9767,1.0377
docvqa,1344,docvqa_49577,85.251,125.948,471.609,31.424,0.180767,123.63,345.66,87.453,131.734,431.912,27.289,0.20248,125.884,300.178,0.9748,0.9561,1.0919
docvqa,1344,docvqa_49579,85.116,125.915,779.569,34.403,0.109183,123.527,653.654,87.196,128.39,573.903,29.701,0.151934,126.01,445.513,0.9761,0.9807,1.3584
docvqa,1344,docvqa_4958,86.474,128.215,677.58,34.335,0.127621,125.445,549.365,87.116,127.328,560.065,27.046,0.155546,125.316,432.738,0.9926,1.007,1.2098
docvqa,1344,docvqa_49583,85.196,125.875,703.646,30.409,0.121078,123.568,577.772,87.268,135.148,639.751,26.558,0.13641,132.909,504.603,0.9763,0.9314,1.0999
docvqa,1344,docvqa_49586,86.031,127.421,2056.07,30.613,0.041843,124.394,1928.65,87.364,130.436,1983.308,29.411,0.04405,128.043,1852.872,0.9847,0.9769,1.0367
docvqa,1344,docvqa_4959,86.712,128.366,260.863,26.5,0.332404,125.106,132.498,87.831,129.757,295.271,33.103,0.297458,126.459,165.514,0.9873,0.9893,0.8835
docvqa,1344,docvqa_49595,84.933,125.325,969.389,30.145,0.087615,123.228,844.064,87.257,127.939,958.285,29.655,0.091056,125.699,830.346,0.9734,0.9796,1.0116
docvqa,1344,docvqa_49605,87.144,128.674,801.077,33.62,0.108784,125.625,672.402,87.269,128.598,767.362,31.938,0.113727,126.11,638.764,0.9986,1.0006,1.0439
docvqa,1344,docvqa_49617,85.079,127.668,748.128,31.023,0.113723,125.272,620.46,87.585,129.61,698.257,28.432,0.125434,126.364,568.647,0.9714,0.985,1.0714
docvqa,1344,docvqa_49629,87.166,130.737,548.031,27.82,0.159053,127.09,417.294,87.422,128.802,598.681,31.325,0.146025,126.332,469.879,0.9971,1.015,0.9154
docvqa,1344,docvqa_49643,85.451,131.899,894.214,33.144,0.09556,129.037,762.315,87.239,127.59,829.02,30.497,0.105231,125.56,701.43,0.9795,1.0338,1.0786
docvqa,1344,docvqa_4977,85.067,125.606,474.055,31.677,0.179445,123.33,348.449,87.216,128.053,466.205,30.741,0.187076,125.727,338.152,0.9754,0.9809,1.0168
docvqa,1344,docvqa_4978,84.974,125.182,606.435,30.078,0.140121,123.097,481.253,87.304,128.146,595.696,29.222,0.146557,125.81,467.55,0.9733,0.9769,1.018
docvqa,1344,docvqa_4980,85.399,128.092,876.474,27.718,0.097435,126.059,748.383,87.5,128.737,930.544,29.697,0.094031,125.841,801.808,0.976,0.995,0.9419
docvqa,1344,docvqa_553,85.56,126.041,528.532,33.541,0.161883,123.876,402.49,87.302,135.432,517.049,31.801,0.168846,132.913,381.617,0.98,0.9307,1.0222
docvqa,1344,docvqa_554,87.111,128.411,1025.831,33.238,0.084917,125.913,897.42,87.119,127.628,954.406,30.621,0.09128,125.507,826.778,0.9999,1.0061,1.0748
docvqa,1344,docvqa_55464,89.916,133.059,1340.763,30.967,0.067063,130.865,1207.703,87.086,130.441,1292.066,29.785,0.067401,128.361,1161.625,1.0325,1.0201,1.0377
docvqa,1344,docvqa_555,85.134,125.641,593.688,31.203,0.143398,123.412,468.046,87.181,127.601,580.241,30.176,0.15025,125.545,452.64,0.9765,0.9846,1.0232
docvqa,1344,docvqa_57122,85.244,125.847,483.932,27.545,0.176148,123.458,358.085,87.123,128.822,514.196,29.644,0.169436,126.61,385.374,0.9784,0.9769,0.9411
docvqa,1344,docvqa_57349,87.926,130.081,386.504,25.642,0.227491,128.012,256.423,87.285,133.553,451.038,31.749,0.193521,131.421,317.485,1.0073,0.974,0.8569
docvqa,1344,docvqa_57357,84.807,127.31,571.019,27.732,0.148518,125.038,443.709,87.843,136.695,660.551,32.741,0.132984,133.083,523.856,0.9654,0.9313,0.8645
docvqa,1344,docvqa_57364,86.238,148.3,548.561,30.789,0.157208,146.237,400.261,87.13,146.463,489.586,26.394,0.177967,144.449,343.123,0.9898,1.0125,1.1205
docvqa,1344,docvqa_57366,87.408,130.758,653.813,29.059,0.133689,128.019,523.055,87.229,135.922,611.773,26.436,0.142585,133.896,475.851,1.0021,0.962,1.0687
docvqa,1344,docvqa_57368,84.616,126.726,566.949,27.514,0.149248,124.725,440.223,87.151,129.583,661.286,33.231,0.13179,127.59,531.703,0.9709,0.978,0.8573
docvqa,1344,docvqa_57370,85.098,125.293,536.371,31.621,0.158656,123.21,411.079,87.255,131.799,489.286,27.499,0.178331,129.348,357.487,0.9753,0.9506,1.0962
docvqa,1344,docvqa_57371,85.117,128.275,988.477,29.662,0.086109,126.179,860.202,93.25,143.663,1012.613,29.964,0.092089,141.479,868.949,0.9128,0.8929,0.9762
docvqa,1344,docvqa_57372,85.206,125.383,804.571,28.299,0.105902,123.338,679.188,87.327,132.959,820.915,28.665,0.106378,130.598,687.956,0.9757,0.943,0.9801
docvqa,1344,docvqa_57373,87.519,131.602,665.903,29.683,0.131428,128.215,534.301,87.187,127.738,653.535,29.211,0.133408,125.603,525.798,1.0038,1.0302,1.0189
docvqa,1344,docvqa_57374,85.094,125.869,642.504,30.39,0.132441,123.431,516.635,87.31,128.019,618.665,28.862,0.141126,125.714,490.646,0.9746,0.9832,1.0385
docvqa,1344,docvqa_57375,85.482,134.33,1060.538,29.878,0.080602,131.773,926.208,87.154,127.688,1084.189,30.855,0.080387,125.542,956.501,0.9808,1.052,0.9782
docvqa,1344,docvqa_57376,85.627,133.584,876.607,32.305,0.09768,130.969,743.023,87.265,128.117,806.474,29.494,0.108206,125.795,678.357,0.9812,1.0427,1.087
docvqa,1344,docvqa_57386,86.942,128.553,777.329,28.208,0.111848,125.319,648.776,87.267,128.287,857.167,31.69,0.101809,126.038,728.881,0.9963,1.0021,0.9069
docvqa,1344,docvqa_57387,85.887,129.113,697.059,29.892,0.123214,126.924,567.946,87.392,133.86,763.457,33.137,0.114469,131.622,629.596,0.9828,0.9645,0.913
docvqa,1344,docvqa_57388,85.927,126.84,745.362,32.554,0.115282,124.502,618.522,87.489,132.453,684.479,29.054,0.127819,130.162,552.026,0.9821,0.9576,1.0889
docvqa,1344,docvqa_57391,85.239,125.81,464.064,33.825,0.18368,123.505,338.254,88.092,132.455,406.65,27.419,0.216629,126.486,274.195,0.9676,0.9498,1.1412
docvqa,1344,docvqa_57395,86.614,128.628,561.132,30.893,0.154356,125.196,432.504,87.092,127.575,586.036,32.747,0.148613,125.551,458.46,0.9945,1.0083,0.9575
docvqa,1344,docvqa_57402,85.628,126.577,1049.008,34.164,0.081627,124.214,922.431,87.595,129.27,930.953,29.692,0.094092,126.291,801.683,0.9775,0.9792,1.1268
docvqa,1344,docvqa_57403,84.99,125.503,730.475,27.499,0.116349,123.159,604.972,87.405,133.294,777.212,29.269,0.11246,130.749,643.917,0.9724,0.9416,0.9399
docvqa,1344,docvqa_57404,86.027,130.147,953.465,30.493,0.090226,126.903,823.318,87.514,131.501,935.102,29.763,0.093588,128.971,803.601,0.983,0.9897,1.0196
docvqa,1344,docvqa_57407,84.77,125.044,688.07,28.151,0.1232,122.979,563.026,87.331,131.73,707.29,28.778,0.123472,129.284,575.56,0.9707,0.9492,0.9728
docvqa,1344,docvqa_57409,86.067,135.513,461.511,32.6,0.186489,132.765,325.999,87.322,138.401,470.622,33.222,0.185546,135.749,332.22,0.9856,0.9791,0.9806
docvqa,1344,docvqa_57410,87.421,133.975,572.81,27.427,0.152618,130.436,438.835,87.091,127.47,561.755,27.143,0.155033,125.413,434.284,1.0038,1.051,1.0197
docvqa,1344,docvqa_57411,84.895,125.144,920.489,28.405,0.092228,123.072,795.345,87.195,128.138,1014.624,31.66,0.085938,125.939,886.487,0.9736,0.9766,0.9072
docvqa,1344,docvqa_57413,86.419,127.791,1169.697,28.16,0.073881,124.618,1041.905,87.132,127.772,1215.028,29.385,0.071712,125.557,1087.256,0.9918,1.0001,0.9627
docvqa,1344,docvqa_57414,85.199,126.132,734.142,33.778,0.116053,123.624,608.01,87.123,127.657,681.962,32.606,0.127754,125.518,554.305,0.9779,0.9881,1.0765
docvqa,1344,docvqa_57415,86.424,128.342,726.31,28.475,0.11899,126.12,597.968,87.214,134.067,716.595,27.739,0.121706,131.839,582.527,0.9909,0.9573,1.0136
docvqa,1344,docvqa_57416,85.304,125.828,559.634,28.92,0.152429,123.623,433.806,87.149,127.89,667.05,31.715,0.130649,125.646,539.161,0.9788,0.9839,0.839
docvqa,1344,docvqa_57417,86.147,130.777,589.878,30.607,0.146042,128.585,459.101,87.8,129.815,568.182,29.224,0.154528,126.534,438.367,0.9812,1.0074,1.0382
docvqa,1344,docvqa_57418,85.44,126.037,526.023,26.666,0.162427,123.874,399.986,87.21,128.636,593.323,30.979,0.146985,126.003,464.687,0.9797,0.9798,0.8866
docvqa,1344,docvqa_57428,85.935,126.656,634.195,31.721,0.135502,124.374,507.539,87.433,129.041,566.685,27.353,0.154288,126.502,437.643,0.9829,0.9815,1.1191
docvqa,1344,docvqa_57431,84.82,124.92,633.272,29.903,0.133939,122.877,508.352,87.293,128.359,731.188,35.46,0.119386,126.132,602.828,0.9717,0.9732,0.8661
docvqa,1344,docvqa_57439,85.304,129.458,1617.936,28.625,0.052724,127.423,1488.478,88.119,130.154,1759.371,31.331,0.050086,127.984,1629.217,0.9681,0.9947,0.9196
docvqa,1344,docvqa_57440,85.05,125.484,549.741,26.516,0.154709,123.347,424.256,87.604,129.587,683.747,34.635,0.128124,126.915,554.16,0.9708,0.9683,0.804
docvqa,1344,docvqa_57449,85.532,126.553,448.011,32.146,0.190914,124.079,321.458,87.583,128.005,400.493,27.249,0.218688,125.952,272.488,0.9766,0.9887,1.1186
docvqa,1344,docvqa_57452,85.377,130.006,541.82,29.415,0.157575,127.905,411.814,87.474,129.053,528.584,28.538,0.165487,126.308,399.531,0.976,1.0074,1.025
docvqa,1344,docvqa_57454,85.717,130.908,1892.265,27.958,0.045298,128.851,1761.357,87.401,128.647,2066.17,30.754,0.042301,126.226,1937.523,0.9807,1.0176,0.9158
docvqa,1344,docvqa_57475,84.923,125.841,642.132,34.419,0.132252,123.739,516.291,87.311,129.552,662.928,35.558,0.131705,127.198,533.376,0.9726,0.9714,0.9686
docvqa,1344,docvqa_57476,86.116,130.827,740.804,30.499,0.116247,128.517,609.976,87.267,127.798,797.364,33.478,0.109444,125.664,669.567,0.9868,1.0237,0.9291
docvqa,1344,docvqa_57515,85.494,126.587,637.33,30.044,0.134144,123.84,510.743,87.843,133.252,653.553,30.606,0.134409,126.72,520.301,0.9733,0.95,0.9752
docvqa,1344,docvqa_57517,85.386,128.112,417.012,32.1,0.204756,125.374,288.9,87.265,127.806,412.355,31.617,0.211627,125.638,284.549,0.9785,1.0024,1.0113
docvqa,1344,docvqa_57519,92.469,136.661,402.397,26.574,0.229796,130.74,265.736,87.232,127.895,416.214,28.832,0.209584,125.69,288.319,1.06,1.0685,0.9668
docvqa,1344,docvqa_57521,84.797,124.989,564.632,33.819,0.150182,122.844,439.642,87.249,128.084,517.411,29.948,0.168625,125.772,389.328,0.9719,0.9758,1.0913
docvqa,1344,docvqa_57523,85.044,125.673,588.214,30.836,0.144581,123.608,462.541,87.442,131.352,552.501,28.077,0.158265,129.106,421.149,0.9726,0.9568,1.0646
docvqa,1344,docvqa_57524,85.138,125.467,543.807,29.881,0.156559,123.386,418.34,87.265,127.98,555.704,30.552,0.157036,125.78,427.724,0.9756,0.9804,0.9786
docvqa,1344,docvqa_57525,85.15,127.795,902.868,32.295,0.094311,125.59,775.073,87.874,141.239,892.839,31.317,0.098421,138.248,751.6,0.969,0.9048,1.0112
docvqa,1344,docvqa_57526,84.986,125.28,391.783,26.65,0.21692,123.162,266.503,87.179,127.593,435.211,30.762,0.200315,125.414,307.618,0.9748,0.9819,0.9002
docvqa,1344,docvqa_57527,85.421,126.835,756.544,33.143,0.11291,124.064,629.709,87.159,127.62,759.213,33.242,0.114801,125.501,631.593,0.9801,0.9938,0.9965
docvqa,1344,docvqa_57528,85.391,126.178,1298.007,32.551,0.065786,123.762,1171.829,87.297,128.03,1283.134,32.086,0.068034,125.764,1155.103,0.9782,0.9855,1.0116
docvqa,1344,docvqa_57529,85.56,126.424,714.391,29.398,0.119767,123.975,587.967,87.353,128.987,734.436,30.272,0.118939,126.707,605.45,0.9795,0.9801,0.9727
docvqa,1344,docvqa_57530,84.85,125.12,424.949,29.983,0.19967,122.901,299.829,87.213,130.935,403.748,27.281,0.216008,128.828,272.812,0.9729,0.9556,1.0525
docvqa,1344,docvqa_57531,84.761,125.182,539.508,27.622,0.157108,123.043,414.326,87.594,128.707,579.9,30.08,0.15105,126.04,451.194,0.9677,0.9726,0.9303
docvqa,1344,docvqa_57532,87.771,132.222,769.234,28.955,0.114102,128.151,637.012,87.318,138.561,760.22,28.257,0.114859,135.98,621.659,1.0052,0.9543,1.0119
docvqa,1344,docvqa_57533,107.606,156.593,703.0,30.356,0.153066,150.275,546.407,87.619,129.323,665.435,29.784,0.131672,126.121,536.112,1.2281,1.2109,1.0565
docvqa,1344,docvqa_57537,85.524,126.642,753.148,32.974,0.113555,124.123,626.506,87.202,127.691,680.331,29.086,0.128176,125.571,552.64,0.9808,0.9918,1.107
docvqa,1344,docvqa_57539,85.677,126.95,780.97,34.422,0.109706,124.47,654.021,87.146,127.747,749.736,32.736,0.116235,125.665,621.989,0.9831,0.9938,1.0417
docvqa,1344,docvqa_57540,84.998,125.767,628.811,26.476,0.135173,123.384,503.045,87.309,128.085,661.112,28.054,0.132063,125.881,533.027,0.9735,0.9819,0.9511
docvqa,1344,docvqa_57543,84.871,125.169,638.497,28.518,0.132923,123.008,513.328,87.084,127.637,728.833,33.4,0.119484,125.49,601.196,0.9746,0.9807,0.8761
docvqa,1344,docvqa_57550,85.68,132.031,354.959,27.866,0.24138,129.459,222.928,87.326,128.396,380.816,31.552,0.229312,125.898,252.42,0.9812,1.0283,0.9321
docvqa,1344,docvqa_57557,86.368,127.264,1616.808,30.399,0.053419,124.921,1489.544,87.295,131.336,1544.389,29.439,0.056524,128.983,1413.053,0.9894,0.969,1.0469
docvqa,1344,docvqa_57562,85.497,126.239,389.291,26.305,0.219622,123.854,263.052,87.31,128.034,433.953,30.592,0.201196,125.782,305.919,0.9792,0.986,0.8971
docvqa,1344,docvqa_57564,85.192,126.19,2107.108,31.443,0.040431,123.622,1980.918,87.285,128.339,2097.476,31.256,0.041614,126.086,1969.137,0.976,0.9833,1.0046
docvqa,1344,docvqa_57566,85.416,128.807,580.095,28.205,0.147245,126.737,451.287,87.206,127.851,632.6,31.547,0.137854,125.679,504.749,0.9795,1.0075,0.917
docvqa,1344,docvqa_57733,85.366,126.395,818.717,30.101,0.104268,123.859,692.322,87.229,127.921,832.502,30.634,0.10478,125.783,704.581,0.9786,0.9881,0.9834
docvqa,1344,docvqa_57765,85.113,125.565,708.521,30.682,0.120127,123.303,582.957,87.695,129.505,735.314,31.885,0.119262,126.365,605.809,0.9706,0.9696,0.9636
docvqa,1344,docvqa_57766,85.5,126.11,638.154,32.003,0.13398,123.768,512.044,87.122,127.508,611.674,30.26,0.142432,125.428,484.166,0.9814,0.989,1.0433
docvqa,1344,docvqa_57767,85.294,126.293,508.221,29.379,0.167829,123.871,381.928,87.279,127.917,520.748,30.218,0.167602,125.916,392.83,0.9773,0.9873,0.9759
docvqa,1344,docvqa_57770,88.424,130.461,636.027,33.704,0.139025,127.072,505.566,87.668,129.6,533.532,26.929,0.164316,126.258,403.933,1.0086,1.0066,1.1921
docvqa,1344,docvqa_57771,85.109,125.636,596.927,31.419,0.142578,123.353,471.292,87.248,127.735,571.1,29.558,0.152773,125.603,443.365,0.9755,0.9836,1.0452
docvqa,1344,docvqa_57780,84.753,124.888,537.032,25.759,0.157818,122.873,412.144,87.136,130.215,663.124,33.307,0.131402,128.141,532.909,0.9727,0.9591,0.8099
docvqa,1344,docvqa_57781,85.148,127.25,580.732,30.232,0.146622,124.607,453.481,87.224,133.905,549.231,27.688,0.158811,131.819,415.326,0.9762,0.9503,1.0574
docvqa,1344,docvqa_57782,85.005,130.301,1964.242,30.566,0.043276,127.976,1833.941,87.457,132.172,1918.928,29.779,0.045576,129.564,1786.756,0.972,0.9858,1.0236
docvqa,1344,docvqa_57783,85.142,125.787,296.98,28.532,0.286694,123.429,171.192,87.345,129.065,291.584,27.087,0.299554,126.834,162.519,0.9748,0.9746,1.0185
docvqa,1344,docvqa_57784,85.206,125.693,616.962,32.751,0.138105,123.465,491.269,87.242,127.812,590.206,30.826,0.147817,125.702,462.394,0.9767,0.9834,1.0453
docvqa,1344,docvqa_57786,84.937,125.246,648.265,32.689,0.131022,123.153,523.019,87.294,131.802,609.608,29.863,0.143196,129.333,477.806,0.973,0.9503,1.0634
docvqa,1344,docvqa_57790,85.528,128.324,335.858,25.942,0.254655,126.243,207.535,87.315,128.155,376.567,31.052,0.231871,125.784,248.412,0.9795,1.0013,0.8919
docvqa,1344,docvqa_57791,84.757,124.953,834.52,27.291,0.101563,122.927,709.567,87.195,127.944,877.95,28.846,0.099316,125.787,750.006,0.972,0.9766,0.9505
docvqa,1344,docvqa_57798,84.887,125.123,893.219,28.448,0.095034,123.108,768.097,87.271,128.129,941.596,30.128,0.092684,125.82,813.467,0.9727,0.9765,0.9486
docvqa,1344,docvqa_57799,85.186,126.84,709.297,30.656,0.120099,124.74,582.457,87.322,128.5,747.183,32.562,0.116869,125.939,618.683,0.9755,0.9871,0.9493
docvqa,1344,docvqa_57800,84.92,125.061,1975.585,29.373,0.042985,123.071,1850.524,87.167,127.626,778.345,29.578,0.11199,125.517,650.719,0.9742,0.9799,2.5382
docvqa,1344,docvqa_57801,84.731,124.77,811.874,28.629,0.104364,122.729,687.104,87.144,127.523,885.4,31.578,0.098423,125.488,757.878,0.9723,0.9784,0.917
docvqa,1344,docvqa_57803,84.681,124.786,1507.506,28.219,0.056173,122.724,1382.721,87.351,128.216,1562.116,29.873,0.055918,126.033,1433.9,0.9694,0.9732,0.965
docvqa,1344,docvqa_57804,85.406,126.539,420.268,32.637,0.203217,123.961,293.729,87.602,129.05,402.942,30.432,0.217406,126.094,273.892,0.9749,0.9805,1.043
docvqa,1344,docvqa_57805,86.606,128.799,1489.645,30.928,0.058139,126.51,1360.847,87.219,128.359,1450.348,30.045,0.060137,125.87,1321.989,0.993,1.0034,1.0271
docvqa,1344,docvqa_57807,85.514,126.238,555.962,30.695,0.153813,124.051,429.724,87.35,129.657,500.678,26.502,0.174464,127.074,371.021,0.979,0.9736,1.1104
docvqa,1344,docvqa_57808,84.932,125.619,532.129,25.407,0.159607,123.266,406.51,87.325,128.193,578.348,28.135,0.15099,125.851,450.155,0.9726,0.9799,0.9201
docvqa,1344,docvqa_57810,85.07,125.479,744.064,28.117,0.114331,123.16,618.584,87.39,128.625,765.642,28.955,0.11414,126.135,637.017,0.9735,0.9755,0.9718
docvqa,1344,docvqa_57815,85.111,125.548,637.084,30.09,0.133595,123.418,511.536,87.228,128.274,661.737,31.38,0.131817,125.755,533.463,0.9757,0.9787,0.9627
docvqa,1344,docvqa_57817,84.834,133.174,1038.112,30.165,0.081719,131.094,904.937,87.15,136.575,1072.612,31.201,0.081251,134.207,936.037,0.9734,0.9751,0.9678
docvqa,1344,docvqa_57819,88.112,129.854,805.513,29.376,0.109387,126.532,675.659,87.087,130.346,791.677,28.754,0.110004,128.106,661.331,1.0118,0.9962,1.0175
docvqa,1344,docvqa_57820,119.277,173.584,536.831,27.942,0.222186,169.826,363.247,87.167,127.735,509.95,29.401,0.170932,125.571,382.215,1.3684,1.3589,1.0527
docvqa,1344,docvqa_57821,85.002,125.27,505.947,29.283,0.168005,123.061,380.677,87.264,128.46,478.947,26.961,0.182201,126.406,350.487,0.9741,0.9752,1.0564
docvqa,1344,docvqa_57822,84.779,124.877,784.027,29.961,0.108132,122.84,659.151,87.865,129.707,839.041,32.242,0.104721,126.446,709.334,0.9649,0.9628,0.9344
docvqa,1344,docvqa_57823,87.059,129.873,672.963,33.943,0.129367,126.022,543.09,87.372,128.945,559.909,26.935,0.156047,125.784,430.964,0.9964,1.0072,1.2019
docvqa,1344,docvqa_57825,85.035,125.205,493.54,26.31,0.172296,123.119,368.335,87.551,128.893,598.677,33.556,0.146241,126.025,469.784,0.9713,0.9714,0.8244
docvqa,1344,docvqa_57826,86.559,129.499,523.133,26.242,0.165463,127.482,393.633,87.578,128.871,542.435,27.571,0.161453,125.922,413.565,0.9884,1.0049,0.9644
docvqa,1344,docvqa_57827,86.214,131.608,690.519,27.946,0.124854,129.623,558.912,87.292,127.784,704.829,28.852,0.123848,125.668,577.045,0.9877,1.0299,0.9797
docvqa,1344,docvqa_57833,84.984,125.257,387.705,32.806,0.219197,123.152,262.448,87.158,127.55,366.246,29.837,0.237977,125.446,238.695,0.9751,0.982,1.0586
docvqa,1344,docvqa_57835,86.646,134.406,615.251,30.053,0.14083,131.675,480.845,87.242,128.064,587.233,28.698,0.148564,126.011,459.169,0.9932,1.0495,1.0477
docvqa,1344,docvqa_57836,88.773,130.064,446.392,28.757,0.198868,126.971,316.327,89.597,135.089,436.448,27.396,0.205286,129.159,301.36,0.9908,0.9628,1.0228
docvqa,1344,docvqa_57837,85.341,125.96,476.479,31.865,0.179107,123.815,350.519,87.165,127.663,554.825,30.512,0.157104,125.535,427.163,0.9791,0.9867,0.8588
docvqa,1344,docvqa_57838,85.152,129.416,544.34,34.577,0.156432,127.097,414.925,87.166,128.611,508.242,31.636,0.171504,126.541,379.631,0.9769,1.0063,1.071
docvqa,1344,docvqa_57841,85.611,129.027,408.89,31.096,0.209374,126.925,279.863,87.101,127.92,388.827,28.99,0.22401,125.766,260.908,0.9829,1.0087,1.0516
docvqa,1344,docvqa_57843,84.917,125.121,367.388,26.919,0.231138,123.062,242.267,87.499,131.894,378.492,27.4,0.231178,129.221,246.598,0.9705,0.9486,0.9707
docvqa,1344,docvqa_57844,85.917,126.912,560.109,28.88,0.153393,124.474,433.197,87.266,130.238,614.307,32.271,0.142056,127.715,484.069,0.9845,0.9745,0.9118
docvqa,1344,docvqa_57845,84.93,125.544,647.606,30.71,0.131145,123.27,522.062,87.45,128.799,620.546,28.926,0.140924,125.99,491.748,0.9712,0.9747,1.0436
docvqa,1344,docvqa_57853,84.861,125.013,637.963,32.059,0.133018,122.951,512.95,87.421,133.583,583.094,28.094,0.149925,131.026,449.511,0.9707,0.9358,1.0941
docvqa,1344,docvqa_57854,84.772,124.992,747.922,29.663,0.113344,122.923,622.929,87.231,127.957,769.613,30.555,0.113344,125.697,641.656,0.9718,0.9768,0.9718
docvqa,1344,docvqa_57855,85.08,125.581,665.902,28.438,0.127767,123.499,540.32,87.234,127.965,696.947,29.946,0.125166,125.696,568.982,0.9753,0.9814,0.9555
docvqa,1344,docvqa_57857,85.757,131.308,794.812,30.159,0.107895,129.312,663.504,87.21,127.933,810.309,31.017,0.107625,125.703,682.376,0.9833,1.0264,0.9809
docvqa,1344,docvqa_57858,84.769,124.985,840.828,31.124,0.100816,122.927,715.842,87.217,132.225,830.254,30.349,0.105049,130.078,698.029,0.9719,0.9452,1.0127
docvqa,1344,docvqa_57880,84.751,124.867,499.644,28.829,0.169623,122.813,374.777,87.38,142.782,526.045,29.482,0.166107,139.949,383.263,0.9699,0.8745,0.9498
docvqa,1344,docvqa_57881,84.691,124.93,626.45,29.501,0.135192,122.911,501.52,87.19,135.503,1087.837,30.72,0.08015,133.235,952.334,0.9713,0.922,0.5759
docvqa,1344,docvqa_57882,85.331,127.639,1160.358,28.687,0.073538,125.653,1032.719,87.168,128.078,1188.328,29.451,0.073354,125.787,1060.25,0.9789,0.9966,0.9765
docvqa,1344,docvqa_57883,84.774,124.778,1186.147,27.215,0.07147,122.797,1061.369,87.243,128.929,1325.162,30.673,0.065836,126.696,1196.233,0.9717,0.9678,0.8951
docvqa,1344,docvqa_57884,86.69,128.166,699.417,35.703,0.123946,125.584,571.251,87.892,130.514,657.214,32.919,0.133735,127.495,526.7,0.9863,0.982,1.0642
docvqa,1344,docvqa_57885,85.187,125.88,566.214,33.872,0.15045,123.536,440.334,87.29,128.451,525.843,30.569,0.166001,125.935,397.393,0.9759,0.98,1.0768
docvqa,1344,docvqa_57886,86.135,127.091,679.212,30.673,0.126816,124.579,552.122,87.2,127.933,700.278,31.797,0.124522,125.72,572.345,0.9878,0.9934,0.9699
docvqa,1344,docvqa_57887,85.204,130.87,668.108,29.847,0.127531,128.448,537.238,87.38,129.723,683.957,30.791,0.127756,127.519,554.234,0.9751,1.0088,0.9768
docvqa,1344,docvqa_57888,84.975,125.363,743.557,26.878,0.114281,123.191,618.193,87.234,127.655,786.396,28.641,0.110929,125.54,658.741,0.9741,0.982,0.9455
docvqa,1344,docvqa_57889,84.813,126.959,493.005,28.157,0.172033,124.918,366.046,87.189,127.709,554.073,32.797,0.157359,125.602,426.364,0.9727,0.9941,0.8898
docvqa,1344,docvqa_57890,84.837,125.383,633.7,29.901,0.133876,123.12,508.317,87.219,129.412,676.295,32.17,0.128966,127.281,546.884,0.9727,0.9689,0.937
docvqa,1344,docvqa_57891,85.735,129.931,875.234,31.054,0.097957,127.848,745.304,87.211,131.787,840.647,29.536,0.103743,129.309,708.859,0.9831,0.9859,1.0411
docvqa,1344,docvqa_57899,85.028,125.903,676.149,30.569,0.125753,123.772,550.246,87.104,127.782,661.868,29.671,0.131604,125.682,534.086,0.9762,0.9853,1.0216
docvqa,1344,docvqa_57900,84.996,128.117,618.728,35.044,0.137372,125.944,490.611,87.113,131.947,601.321,33.527,0.14487,129.856,469.374,0.9757,0.971,1.0289
docvqa,1344,docvqa_57901,85.145,125.804,1170.275,31.651,0.072756,123.445,1044.47,87.135,127.507,1081.587,28.912,0.080562,125.472,954.08,0.9772,0.9866,1.082
docvqa,1344,docvqa_57902,85.572,131.003,444.39,31.339,0.192562,127.968,313.386,87.375,128.655,440.555,31.19,0.19833,126.193,311.9,0.9794,1.0183,1.0087
docvqa,1344,docvqa_57903,86.097,127.488,732.458,27.499,0.117545,125.313,604.97,87.11,130.689,840.845,32.28,0.103598,128.651,710.156,0.9884,0.9755,0.8711
docvqa,1344,docvqa_57904,84.755,124.971,1932.335,28.688,0.043861,122.957,1807.364,87.126,128.257,2011.402,29.891,0.043316,126.162,1883.145,0.9728,0.9744,0.9607
docvqa,1344,docvqa_57905,85.112,125.189,685.087,29.468,0.124235,123.157,559.899,87.223,127.838,706.133,30.437,0.123523,125.611,578.295,0.9758,0.9793,0.9702
docvqa,1344,docvqa_57928,84.935,125.132,376.669,27.949,0.225491,123.087,251.537,87.558,128.768,373.845,27.231,0.23421,125.883,245.077,0.97,0.9718,1.0076
docvqa,1344,docvqa_57929,84.967,125.029,1941.692,28.836,0.043759,123.003,1816.663,87.256,129.697,1975.078,29.292,0.044178,127.249,1845.381,0.9738,0.964,0.9831
docvqa,1344,docvqa_57931,86.618,127.807,397.69,29.987,0.217803,124.731,269.883,87.557,129.06,409.874,31.202,0.213619,126.049,280.814,0.9893,0.9903,0.9703
docvqa,1344,docvqa_57933,84.767,124.77,461.824,25.927,0.183548,122.792,337.054,87.378,128.874,552.593,32.594,0.158124,126.365,423.719,0.9701,0.9682,0.8357
docvqa,1344,docvqa_57934,85.033,125.141,651.969,29.268,0.130425,123.175,526.828,87.354,128.643,646.475,28.768,0.135124,125.997,517.831,0.9734,0.9728,1.0085
docvqa,1344,docvqa_57951,84.789,125.081,404.609,34.941,0.209558,123.001,279.529,87.354,134.381,366.269,28.986,0.238498,131.621,231.888,0.9706,0.9308,1.1047
docvqa,1344,docvqa_57952,84.834,125.282,551.945,28.444,0.1537,122.972,426.664,87.367,130.8,568.637,29.189,0.153642,128.216,437.837,0.971,0.9578,0.9706
docvqa,1344,docvqa_57954,85.233,126.155,876.454,31.262,0.097248,123.629,750.299,87.355,128.976,839.282,29.596,0.104082,126.072,710.306,0.9757,0.9781,1.0443
docvqa,1344,docvqa_57955,84.843,127.883,520.681,30.215,0.162946,125.546,392.798,87.333,128.761,527.411,30.665,0.165588,126.05,398.649,0.9715,0.9932,0.9872
docvqa,1344,docvqa_57963,84.999,125.201,1400.214,28.334,0.060704,123.107,1275.012,87.395,128.602,1330.831,29.323,0.06567,126.03,1202.229,0.9726,0.9736,1.0521
docvqa,1344,docvqa_57964,85.028,125.289,1218.452,29.545,0.069783,123.125,1093.163,87.583,128.946,1580.105,30.232,0.055429,126.082,1451.16,0.9708,0.9716,0.7711
docvqa,1344,docvqa_57965,84.792,125.079,1669.883,29.147,0.050777,122.912,1544.804,87.333,128.554,1704.984,29.744,0.051222,125.84,1576.431,0.9709,0.973,0.9794
docvqa,1344,docvqa_57969,86.526,128.922,369.927,26.778,0.233901,126.064,241.004,87.28,131.65,415.247,31.511,0.210187,129.585,283.597,0.9914,0.9793,0.8909
docvqa,1344,docvqa_57971,84.709,124.827,706.362,27.692,0.119923,122.811,581.535,87.331,132.947,775.309,30.589,0.11264,130.421,642.363,0.97,0.9389,0.9111
docvqa,1344,docvqa_57973,85.323,126.506,471.662,28.763,0.180899,123.995,345.155,87.171,131.194,538.089,33.908,0.162,129.132,406.895,0.9788,0.9643,0.8766
docvqa,1344,docvqa_57974,85.522,125.976,643.267,30.429,0.13295,123.805,517.291,87.151,127.544,619.487,28.938,0.140682,125.528,491.943,0.9813,0.9877,1.0384
docvqa,1344,docvqa_57975,86.078,127.755,569.25,27.593,0.151212,125.526,441.495,87.172,131.821,611.797,29.999,0.142486,129.614,479.976,0.9875,0.9692,0.9305
docvqa,1344,docvqa_57976,84.696,124.991,595.865,27.698,0.14214,122.971,470.874,87.246,131.87,662.96,31.241,0.131601,129.491,531.09,0.9708,0.9478,0.8988
docvqa,1344,docvqa_57977,85.054,125.111,719.793,29.734,0.118165,123.076,594.681,87.181,127.796,739.655,30.593,0.117867,125.72,611.858,0.9756,0.979,0.9731
docvqa,1344,docvqa_57978,85.546,131.094,790.268,28.66,0.10825,129.042,659.174,87.391,129.556,799.158,29.113,0.109354,127.021,669.602,0.9789,1.0119,0.9889
docvqa,1344,docvqa_57985,85.152,129.998,662.311,31.312,0.128568,127.785,532.312,87.167,127.763,662.314,31.444,0.13161,125.567,534.55,0.9769,1.0175,1.0
docvqa,1344,docvqa_57986,84.81,125.013,1332.693,27.447,0.063638,122.876,1207.68,87.266,128.018,1995.512,29.643,0.043731,125.745,1867.494,0.9719,0.9765,0.6678
docvqa,1344,docvqa_57987,84.753,124.763,1993.529,29.663,0.042514,122.77,1868.767,87.242,127.606,2056.205,30.613,0.042429,125.465,1928.599,0.9715,0.9777,0.9695
docvqa,1344,docvqa_57989,85.519,125.894,498.602,28.67,0.171519,123.823,372.708,87.81,130.745,487.928,27.476,0.179965,126.345,357.184,0.9739,0.9629,1.0219
docvqa,1344,docvqa_58007,85.09,128.894,729.947,28.622,0.11657,126.839,601.052,91.646,133.344,790.961,31.315,0.115867,130.156,657.617,0.9285,0.9666,0.9229
docvqa,1344,docvqa_58009,85.418,133.829,368.084,29.282,0.23206,131.25,234.255,87.197,127.725,377.384,31.207,0.231056,125.603,249.659,0.9796,1.0478,0.9754
docvqa,1344,docvqa_58018,85.026,125.376,1205.676,27.7,0.070521,123.216,1080.3,87.106,127.469,1304.468,30.179,0.066775,125.347,1176.998,0.9761,0.9836,0.9243
docvqa,1344,docvqa_58020,84.733,124.667,416.829,29.216,0.203279,122.742,292.162,87.156,127.667,436.145,30.848,0.199833,125.485,308.478,0.9722,0.9765,0.9557
docvqa,1344,docvqa_58021,85.761,133.532,458.707,32.518,0.186962,130.93,325.175,92.154,160.715,500.793,34.008,0.184016,158.64,340.077,0.9306,0.8309,0.916
docvqa,1344,docvqa_58022,84.719,124.987,685.224,28.012,0.123637,122.839,560.237,87.143,127.522,753.385,31.293,0.115669,125.48,625.863,0.9722,0.9801,0.9095
docvqa,1344,docvqa_58023,85.195,126.292,804.571,33.914,0.105888,123.623,678.279,87.167,132.666,779.221,32.328,0.111864,130.552,646.555,0.9774,0.952,1.0325
docvqa,1344,docvqa_58024,85.478,126.528,862.648,35.053,0.099087,123.881,736.12,87.257,127.783,723.327,28.359,0.120633,125.681,595.544,0.9796,0.9902,1.1926
docvqa,1344,docvqa_58029,86.455,128.432,481.457,29.419,0.179569,125.027,353.025,87.472,131.757,502.544,30.899,0.174059,129.254,370.788,0.9884,0.9748,0.958
docvqa,1344,docvqa_58054,84.922,125.26,1516.69,29.605,0.055991,123.094,1391.43,87.149,127.73,1509.395,29.397,0.057737,125.549,1381.665,0.9744,0.9807,1.0048
docvqa,1344,docvqa_58056,85.143,125.568,1018.588,27.907,0.083589,123.441,893.02,87.25,128.172,1088.248,30.002,0.080175,125.893,960.076,0.9759,0.9797,0.936
docvqa,1344,docvqa_58059,84.86,125.208,622.432,29.248,0.136337,123.134,497.224,87.192,128.171,649.842,30.687,0.134174,125.834,521.671,0.9733,0.9769,0.9578
docvqa,1344,docvqa_58061,85.604,134.709,1526.55,28.997,0.056077,131.684,1391.841,87.136,127.909,1604.236,30.757,0.054316,125.662,1476.327,0.9824,1.0532,0.9516
docvqa,1344,docvqa_58064,84.921,125.184,562.357,27.323,0.151009,123.037,437.173,87.179,127.888,603.979,29.756,0.14434,125.646,476.091,0.9741,0.9789,0.9311
docvqa,1344,docvqa_581,85.167,125.186,457.723,27.711,0.186068,123.19,332.537,87.279,128.194,461.451,27.771,0.189139,125.923,333.257,0.9758,0.9765,0.9919
docvqa,1344,docvqa_58105,85.174,131.017,452.322,32.13,0.188304,128.485,321.305,87.204,127.853,395.948,26.81,0.220242,125.613,268.095,0.9767,1.0247,1.1424
docvqa,1344,docvqa_58106,85.569,126.241,635.55,31.832,0.134637,123.989,509.309,87.236,135.076,640.091,31.563,0.136287,132.621,505.015,0.9809,0.9346,0.9929
docvqa,1344,docvqa_58107,85.572,126.034,586.807,32.912,0.145826,123.903,460.773,87.206,134.488,524.432,27.853,0.166287,132.301,389.944,0.9813,0.9371,1.1189
docvqa,1344,docvqa_58108,85.094,125.919,848.454,30.106,0.100293,123.594,722.535,87.087,127.579,822.566,28.958,0.105872,125.548,694.986,0.9771,0.987,1.0315
docvqa,1344,docvqa_582,84.873,124.838,2058.386,30.691,0.041233,122.814,1933.548,87.547,129.136,2085.87,31.059,0.041971,125.986,1956.734,0.9695,0.9667,0.9868
docvqa,1344,docvqa_583,84.838,124.913,487.627,25.908,0.173982,122.939,362.714,87.154,127.834,549.129,30.092,0.158714,125.731,421.295,0.9734,0.9772,0.888
docvqa,1344,docvqa_584,102.57,149.776,613.78,30.934,0.167112,147.106,464.004,87.164,127.627,612.297,32.311,0.142355,125.453,484.669,1.1767,1.1735,1.0024
docvqa,1344,docvqa_58694,85.991,126.841,785.903,34.687,0.109416,124.479,659.062,87.347,128.531,695.126,29.821,0.125656,126.026,566.594,0.9845,0.9869,1.1306
docvqa,1344,docvqa_58695,85.192,126.923,773.079,29.371,0.110198,123.606,646.156,88.097,129.979,801.734,29.207,0.109883,126.645,671.755,0.967,0.9765,0.9643
docvqa,1344,docvqa_58700,87.776,129.152,716.508,27.969,0.122506,126.189,587.356,87.119,127.531,730.438,28.71,0.11927,125.449,602.907,1.0075,1.0127,0.9809
docvqa,1344,docvqa_58702,85.148,125.992,635.939,28.33,0.133894,123.652,509.947,87.166,128.559,614.6,27.002,0.141826,126.294,486.041,0.9768,0.98,1.0347
docvqa,1344,docvqa_596,85.194,126.083,903.941,31.114,0.094247,123.633,777.858,87.165,127.765,847.335,28.783,0.102869,125.588,719.57,0.9774,0.9868,1.0668
docvqa,1344,docvqa_597,85.3,126.172,498.385,26.587,0.171153,123.639,372.213,88.189,137.024,560.612,30.256,0.157308,132.895,423.587,0.9672,0.9208,0.889
docvqa,1344,docvqa_598,84.801,125.144,1436.012,28.497,0.059053,123.1,1310.868,87.304,128.582,1491.309,29.624,0.058542,126.266,1362.727,0.9713,0.9733,0.9629
docvqa,1344,docvqa_599,85.747,133.455,2003.633,29.685,0.042796,130.641,1870.178,87.24,127.871,1833.427,29.922,0.047583,125.601,1705.555,0.9829,1.0437,1.0928
docvqa,1344,docvqa_600,84.96,125.222,426.533,30.131,0.199188,123.07,301.31,87.192,127.776,400.376,27.26,0.217774,125.611,272.6,0.9744,0.98,1.0653
docvqa,1344,docvqa_601,84.799,124.978,1735.387,29.28,0.048865,122.969,1610.409,87.523,129.096,1660.468,30.027,0.05271,126.286,1531.371,0.9689,0.9681,1.0451
docvqa,1344,docvqa_60401,85.154,128.565,540.778,27.481,0.157465,126.229,412.213,87.211,127.744,577.217,29.965,0.15109,125.512,449.473,0.9764,1.0064,0.9369
docvqa,1344,docvqa_60403,86.773,128.418,533.502,28.935,0.162648,125.251,405.084,87.16,127.765,521.88,28.151,0.167012,125.674,394.115,0.9956,1.0051,1.0223
docvqa,1344,docvqa_60404,85.566,132.904,1050.569,32.774,0.081448,130.595,917.665,87.183,127.7,978.484,30.385,0.0891,125.547,850.784,0.9815,1.0408,1.0737
docvqa,1344,docvqa_60406,85.031,125.44,893.907,30.739,0.095123,123.301,768.467,87.168,128.158,902.103,30.958,0.096628,125.795,773.944,0.9755,0.9788,0.9909
docvqa,1344,docvqa_60407,85.06,130.466,578.161,29.846,0.147122,128.267,447.695,87.219,128.094,583.37,30.352,0.149508,125.898,455.276,0.9752,1.0185,0.9911
docvqa,1344,docvqa_610,84.807,124.993,1879.32,28.296,0.045126,122.939,1754.326,87.224,130.202,1989.095,29.982,0.043851,128.038,1858.892,0.9723,0.96,0.9448
docvqa,1344,docvqa_611,84.745,124.947,873.969,29.961,0.096965,122.87,749.021,87.808,129.441,822.046,27.704,0.106816,126.405,692.604,0.9651,0.9653,1.0632
docvqa,1344,docvqa_612,84.8,124.983,750.883,29.805,0.112934,122.977,625.9,87.138,130.908,731.887,28.618,0.119059,128.711,600.98,0.9732,0.9547,1.026
docvqa,1344,docvqa_613,85.303,126.335,618.261,28.937,0.137973,123.786,491.926,87.255,128.233,664.51,31.546,0.131307,125.783,536.278,0.9776,0.9852,0.9304
docvqa,1344,docvqa_636,84.884,125.139,1731.576,27.697,0.049021,123.053,1606.438,87.201,127.801,2005.758,29.809,0.043476,125.563,1877.957,0.9734,0.9792,0.8633
docvqa,1344,docvqa_637,84.864,125.15,740.294,29.293,0.114635,123.04,615.144,87.432,128.674,753.094,29.734,0.116098,126.227,624.419,0.9706,0.9726,0.983
docvqa,1344,docvqa_639,87.747,129.505,1049.064,31.709,0.083643,127.467,919.559,87.176,127.639,1032.694,31.209,0.084416,125.573,905.056,1.0065,1.0146,1.0159
docvqa,1344,docvqa_650,85.413,130.07,564.61,28.969,0.151278,128.014,434.539,87.102,130.57,566.799,29.082,0.153673,128.418,436.229,0.9806,0.9962,0.9961
docvqa,1344,docvqa_651,85.143,126.009,719.593,28.266,0.118321,123.701,593.584,87.359,129.749,765.943,30.295,0.114055,127.291,636.194,0.9746,0.9712,0.9395
docvqa,1344,docvqa_674,84.809,124.756,488.929,28.013,0.173458,122.799,364.173,87.257,127.854,544.189,32.026,0.160344,125.75,416.335,0.9719,0.9758,0.8985
docvqa,1344,docvqa_675,84.991,125.705,2131.166,31.833,0.03988,123.373,2005.461,91.909,143.507,1964.783,28.909,0.046778,136.935,1821.276,0.9247,0.876,1.0847
docvqa,1344,docvqa_676,85.092,125.611,482.991,32.489,0.176177,123.288,357.38,87.218,132.337,454.869,29.321,0.191743,129.903,322.532,0.9756,0.9492,1.0618
docvqa,1344,docvqa_677,85.778,126.466,1260.97,30.662,0.068026,123.947,1134.505,87.194,127.713,1195.51,28.859,0.072935,125.633,1067.797,0.9838,0.9902,1.0548
docvqa,1344,docvqa_678,85.974,127.307,781.707,32.72,0.109982,124.358,654.4,87.157,127.924,753.763,31.292,0.115629,125.725,625.839,0.9864,0.9952,1.0371
docvqa,1344,docvqa_6943,85.231,125.73,550.89,26.573,0.154716,123.49,425.16,87.398,131.743,576.591,27.803,0.151577,129.297,444.848,0.9752,0.9544,0.9554
docvqa,1344,docvqa_782,85.939,131.72,757.467,32.934,0.113455,129.262,625.747,87.159,127.694,671.856,28.64,0.129729,125.525,544.162,0.986,1.0315,1.1274
docvqa,1344,docvqa_783,86.615,132.342,255.705,41.121,0.338732,129.737,123.363,87.604,129.106,212.149,27.681,0.412935,126.134,83.043,0.9887,1.0251,1.2053
docvqa,1344,docvqa_784,85.444,126.615,942.048,32.617,0.0907,124.086,815.434,87.208,127.808,904.319,31.06,0.096435,125.619,776.511,0.9798,0.9907,1.0417
docvqa,1344,docvqa_785,85.49,126.518,581.027,30.301,0.147136,124.123,454.509,87.206,128.499,570.654,29.477,0.152818,126.027,442.155,0.9803,0.9846,1.0182
docvqa,1344,docvqa_786,85.453,126.819,445.097,31.828,0.191987,124.057,318.278,87.495,129.249,433.204,30.396,0.201971,126.151,303.956,0.9767,0.9812,1.0275
docvqa,1344,docvqa_788,86.164,127.581,849.285,28.868,0.101455,124.386,721.704,87.036,127.616,891.352,30.549,0.097644,125.523,763.735,0.99,0.9997,0.9528
docvqa,1344,docvqa_789,84.804,127.644,1209.016,29.226,0.070143,125.598,1081.371,87.124,140.738,1213.319,28.989,0.071807,138.337,1072.581,0.9734,0.907,0.9965
docvqa,1344,docvqa_790,88.718,131.251,826.978,31.624,0.107279,127.696,695.727,87.684,133.035,755.488,28.293,0.116062,126.804,622.453,1.0118,0.9866,1.0946
docvqa,1344,docvqa_792,84.905,125.148,966.839,30.06,0.087817,123.056,841.691,87.088,127.545,1003.881,31.298,0.086752,125.477,876.336,0.9749,0.9812,0.9631
docvqa,1344,docvqa_793,85.49,126.347,803.757,29.453,0.106363,123.53,677.41,87.234,128.133,821.714,30.156,0.106162,125.758,693.581,0.98,0.9861,0.9781
docvqa,1344,docvqa_794,85.012,125.226,619.747,30.908,0.137173,123.227,494.521,87.159,132.559,605.433,29.555,0.143961,130.39,472.874,0.9754,0.9447,1.0236
docvqa,1344,docvqa_809,85.254,125.689,538.889,29.514,0.158203,123.36,413.2,87.242,127.995,580.372,32.313,0.150321,125.872,452.377,0.9772,0.982,0.9285
docvqa,1344,docvqa_815,86.221,130.966,743.192,32.222,0.116015,128.851,612.226,87.538,129.028,666.505,28.288,0.131339,126.336,537.477,0.985,1.015,1.1151
docvqa,1344,docvqa_822,85.603,134.925,568.897,33.382,0.150471,132.377,433.972,87.314,129.05,501.74,28.668,0.174022,126.741,372.69,0.9804,1.0455,1.1338
docvqa,1344,docvqa_824,86.059,127.278,855.673,33.109,0.100574,124.868,728.395,87.254,128.585,747.331,28.125,0.116754,126.149,618.746,0.9863,0.9898,1.145
docvqa,1344,docvqa_826,86.795,128.233,1102.911,31.441,0.078696,125.755,974.679,87.26,137.536,1057.983,29.692,0.082478,135.188,920.446,0.9947,0.9324,1.0425
docvqa,1344,docvqa_8560,85.327,125.968,767.183,33.748,0.111221,123.653,641.214,87.118,127.519,713.486,30.84,0.122102,125.469,585.967,0.9794,0.9878,1.0753
docvqa,1344,docvqa_8565,85.673,126.613,927.083,30.787,0.092411,124.111,800.471,88.4,130.327,900.787,32.103,0.098136,127.054,770.461,0.9692,0.9715,1.0292
docvqa,1792,docvqa_16424,155.08,223.307,747.275,27.577,0.207528,221.039,523.968,156.36,224.956,779.442,29.183,0.200605,222.713,554.486,0.9918,0.9927,0.9587
docvqa,1792,docvqa_16429,154.797,223.796,567.275,28.623,0.272877,221.098,343.479,156.613,225.247,557.255,27.667,0.281043,222.859,332.008,0.9884,0.9936,1.018
docvqa,1792,docvqa_16430,166.426,234.88,590.971,29.674,0.281614,232.532,356.091,156.475,225.367,553.674,27.359,0.282613,222.92,328.307,1.0636,1.0422,1.0674
docvqa,1792,docvqa_16437,163.616,232.359,895.414,31.574,0.182726,230.079,663.055,156.626,225.702,797.44,27.226,0.196411,223.173,571.738,1.0446,1.0295,1.1229
docvqa,1792,docvqa_16440,165.834,236.429,756.495,28.893,0.219214,232.661,520.066,156.83,229.033,727.163,27.674,0.215674,226.424,498.13,1.0574,1.0323,1.0403
docvqa,1792,docvqa_16444,157.295,226.832,984.114,32.925,0.159834,224.183,757.282,157.067,227.36,892.989,28.94,0.175889,223.811,665.629,1.0015,0.9977,1.102
docvqa,1792,docvqa_16447,157.565,226.594,1068.358,33.671,0.147483,223.965,841.764,156.736,226.917,990.836,30.557,0.158186,224.248,763.918,1.0053,0.9986,1.0782
docvqa,1792,docvqa_16450,155.554,225.485,547.297,32.181,0.284222,223.187,321.812,156.742,226.901,558.664,33.176,0.280566,223.303,331.763,0.9924,0.9938,0.9797
docvqa,1792,docvqa_16455,156.121,226.356,1067.266,32.343,0.146282,223.936,840.909,156.551,227.016,1052.869,31.764,0.14869,224.52,825.853,0.9973,0.9971,1.0137
docvqa,1792,docvqa_16456,155.112,225.624,647.792,35.181,0.239447,223.215,422.169,156.9,226.581,553.611,27.252,0.283412,223.114,327.03,0.9886,0.9958,1.1701
docvqa,1792,docvqa_16463,156.778,225.47,538.005,26.045,0.291407,222.966,312.535,156.645,225.244,562.105,28.072,0.278677,222.96,336.861,1.0008,1.001,0.9571
docvqa,1792,docvqa_16468,168.265,238.391,995.847,30.298,0.168967,234.802,757.456,156.255,224.763,985.519,30.43,0.158551,222.372,760.757,1.0769,1.0606,1.0105
docvqa,1792,docvqa_16473,155.99,224.67,567.778,28.592,0.274738,222.175,343.108,156.63,226.933,619.681,32.729,0.25276,224.362,392.748,0.9959,0.99,0.9162
docvqa,1792,docvqa_16529,155.493,224.615,644.414,29.986,0.241293,221.899,419.799,156.599,225.15,638.144,29.5,0.245398,222.856,412.995,0.9929,0.9976,1.0098
docvqa,1792,docvqa_16533,157.727,227.053,986.242,34.509,0.159927,224.228,759.189,156.837,225.66,935.953,32.286,0.167569,223.254,710.293,1.0057,1.0062,1.0537
docvqa,1792,docvqa_16539,155.041,223.559,838.012,27.93,0.18501,221.112,614.453,156.76,225.787,950.991,32.964,0.164839,223.161,725.203,0.989,0.9901,0.8812
docvqa,1792,docvqa_16553,155.236,224.437,847.926,32.815,0.183077,221.803,623.49,156.636,225.793,848.2,32.758,0.184668,223.18,622.407,0.9911,0.994,0.9997
docvqa,1792,docvqa_16568,155.422,225.426,549.677,32.425,0.282751,222.793,324.251,156.642,225.158,544.36,31.92,0.287755,222.901,319.202,0.9922,1.0012,1.0098
docvqa,1792,docvqa_16574,157.326,226.349,1008.238,31.276,0.15604,223.977,781.889,156.768,227.803,1040.949,32.526,0.150601,224.888,813.146,1.0036,0.9936,0.9686
docvqa,1792,docvqa_16606,158.659,228.27,515.668,28.74,0.307676,224.75,287.398,157.159,227.997,533.232,30.523,0.29473,224.431,305.234,1.0095,1.0012,0.9671
docvqa,1792,docvqa_16609,154.866,224.11,732.527,29.907,0.211414,221.618,508.417,157.015,225.85,729.561,29.63,0.215218,223.489,503.711,0.9863,0.9923,1.0041
docvqa,1792,docvqa_16611,155.561,224.091,755.738,27.981,0.205839,221.67,531.647,158.95,231.143,763.365,28.012,0.208222,228.668,532.222,0.9787,0.9695,0.99
docvqa,1792,docvqa_16789,155.375,223.988,1030.54,33.606,0.150771,221.696,806.552,156.61,232.512,952.84,30.014,0.164361,230.027,720.328,0.9921,0.9633,1.0815
docvqa,1792,docvqa_16801,165.039,233.616,491.56,28.661,0.335745,231.009,257.945,156.516,227.815,547.768,35.55,0.285735,225.403,319.952,1.0545,1.0255,0.8974
docvqa,1792,docvqa_16826,155.188,223.604,2053.078,30.491,0.075588,221.33,1829.474,157.096,228.788,662.851,27.129,0.237001,223.377,434.063,0.9879,0.9773,3.0973
docvqa,1792,docvqa_16830,158.302,228.537,808.234,26.35,0.195861,226.081,579.697,156.759,226.134,948.947,32.855,0.165192,223.435,722.813,1.0098,1.0106,0.8517
docvqa,1792,docvqa_16831,173.035,243.17,953.5,32.288,0.181474,239.686,710.33,157.11,226.469,907.097,30.938,0.173201,223.191,680.628,1.1014,1.0737,1.0512
docvqa,1792,docvqa_16832,158.445,227.225,688.399,30.745,0.230164,224.814,461.174,156.686,225.594,734.156,33.904,0.213423,223.27,508.562,1.0112,1.0072,0.9377
docvqa,1792,docvqa_16835,179.239,248.281,742.241,25.998,0.241484,245.713,493.96,156.758,225.896,803.729,30.412,0.195039,222.999,577.832,1.1434,1.0991,0.9235
docvqa,1792,docvqa_16837,156.543,225.21,728.536,31.458,0.214873,222.727,503.326,156.577,229.059,781.882,34.551,0.200256,226.655,552.822,0.9998,0.9832,0.9318
docvqa,1792,docvqa_16839,156.171,225.483,814.514,32.724,0.191735,222.943,589.031,156.768,225.931,840.058,34.118,0.186616,223.3,614.128,0.9962,0.998,0.9696
docvqa,1792,docvqa_16981,167.285,237.32,739.164,31.365,0.226316,233.76,501.844,156.619,225.757,711.289,30.346,0.22019,223.09,485.532,1.0681,1.0512,1.0392
docvqa,1792,docvqa_16990,156.246,225.407,885.604,34.747,0.176429,222.845,660.197,156.596,225.438,789.549,29.69,0.198336,223.018,564.111,0.9978,0.9999,1.1217
docvqa,1792,docvqa_16999,155.415,223.947,852.173,33.065,0.182375,221.545,628.226,156.372,224.837,787.669,29.623,0.198525,222.425,562.832,0.9939,0.996,1.0819
docvqa,1792,docvqa_17000,157.225,225.704,615.181,32.456,0.255575,223.246,389.478,156.696,225.695,598.516,31.068,0.261808,223.086,372.82,1.0034,1.0,1.0278
docvqa,1792,docvqa_17001,157.393,226.099,467.051,26.773,0.336993,223.578,240.953,156.757,226.924,453.473,28.319,0.345681,223.146,226.549,1.0041,0.9964,1.0299
docvqa,1792,docvqa_17002,154.917,223.466,641.135,32.128,0.24163,221.047,417.669,156.252,224.742,625.479,30.826,0.249812,222.4,400.737,0.9915,0.9943,1.025
docvqa,1792,docvqa_17003,157.331,225.817,916.286,28.77,0.171705,223.397,690.469,157.022,226.69,966.204,30.813,0.162514,223.406,739.513,1.002,0.9961,0.9483
docvqa,1792,docvqa_17004,160.93,229.953,777.658,28.827,0.206943,227.146,547.705,156.564,225.269,775.436,28.956,0.201905,222.938,550.167,1.0279,1.0208,1.0029
docvqa,1792,docvqa_17005,156.655,225.677,667.752,29.472,0.234601,223.276,442.075,156.191,224.873,776.976,36.807,0.201025,222.619,552.103,1.003,1.0036,0.8594
docvqa,1792,docvqa_17007,160.551,230.02,1036.145,31.005,0.15495,227.223,806.126,156.576,226.648,1007.067,30.016,0.155478,224.413,780.418,1.0254,1.0149,1.0289
docvqa,1792,docvqa_17132,158.413,227.552,695.379,31.188,0.227809,224.872,467.827,157.897,227.598,991.061,31.811,0.159321,224.147,763.463,1.0033,0.9998,0.7017
docvqa,1792,docvqa_17133,157.212,226.289,632.985,31.284,0.248366,223.532,406.695,156.55,225.7,721.428,33.049,0.217,222.988,495.728,1.0042,1.0026,0.8774
docvqa,1792,docvqa_17134,157.122,226.696,1090.382,31.988,0.144098,224.198,863.686,156.427,225.329,1083.393,31.78,0.144386,222.828,858.064,1.0044,1.0061,1.0065
docvqa,1792,docvqa_17135,163.051,232.363,746.689,28.574,0.218366,229.267,514.325,156.578,225.17,771.104,30.33,0.203057,222.853,545.934,1.0413,1.0319,0.9683
docvqa,1792,docvqa_17139,154.778,223.069,684.0,30.729,0.226284,220.777,460.931,157.463,226.438,677.814,30.092,0.23231,224.014,451.375,0.9829,0.9851,1.0091
docvqa,1792,docvqa_17140,155.91,224.797,664.484,31.406,0.234633,222.129,439.687,156.803,225.988,696.583,33.614,0.225103,223.606,470.595,0.9943,0.9947,0.9539
docvqa,1792,docvqa_17143,170.298,244.187,746.607,31.401,0.228096,241.605,502.419,156.679,225.957,774.048,34.256,0.202415,223.433,548.091,1.0869,1.0807,0.9645
docvqa,1792,docvqa_17147,162.914,233.834,831.748,27.178,0.19587,231.668,597.913,156.512,226.276,901.682,30.7,0.173578,224.035,675.405,1.0409,1.0334,0.9224
docvqa,1792,docvqa_17149,174.488,244.706,682.549,31.275,0.255641,241.072,437.843,156.534,224.994,688.515,33.109,0.22735,222.764,463.521,1.1147,1.0876,0.9913
docvqa,1792,docvqa_17150,156.953,226.139,591.319,30.432,0.265429,223.654,365.18,156.523,225.97,602.586,31.385,0.259753,223.18,376.616,1.0027,1.0007,0.9813
docvqa,1792,docvqa_223,155.166,223.489,655.994,33.27,0.236536,221.196,432.505,157.022,227.582,623.468,30.453,0.251853,225.004,395.885,0.9882,0.982,1.0522
docvqa,1792,docvqa_224,156.439,224.805,692.349,31.17,0.225954,222.581,467.544,156.317,225.365,673.654,29.886,0.232044,222.767,448.289,1.0008,0.9975,1.0278
docvqa,1792,docvqa_231,155.48,224.51,722.893,33.226,0.21508,221.789,498.383,156.053,225.183,1306.612,31.807,0.119433,222.431,1081.43,0.9963,0.997,0.5533
docvqa,1792,docvqa_232,159.716,228.272,751.409,32.696,0.212555,225.988,523.137,156.92,227.094,773.636,34.159,0.202835,224.0,546.542,1.0178,1.0052,0.9713
docvqa,1792,docvqa_234,155.093,223.651,2022.325,28.55,0.07669,221.31,1798.674,156.388,225.127,2147.592,30.515,0.07282,222.683,1922.465,0.9917,0.9934,0.9417
docvqa,1792,docvqa_237,158.302,230.239,676.637,26.259,0.233954,227.614,446.398,156.732,225.688,764.201,31.677,0.205093,223.008,538.513,1.01,1.0202,0.8854
docvqa,1792,docvqa_24423,157.281,228.237,1005.577,32.389,0.156409,225.577,777.34,156.544,227.592,980.824,31.385,0.159605,224.76,753.232,1.0047,1.0028,1.0252
docvqa,1792,docvqa_24426,157.898,230.304,707.399,26.505,0.22321,228.03,477.096,156.585,230.005,746.326,28.684,0.209808,227.662,516.32,1.0084,1.0013,0.9478
docvqa,1792,docvqa_24437,155.285,225.326,666.213,29.392,0.233087,222.913,440.887,156.662,225.626,661.347,29.048,0.236883,223.032,435.721,0.9912,0.9987,1.0074
docvqa,1792,docvqa_24438,156.691,231.692,614.522,31.903,0.25498,229.379,382.83,156.533,228.866,550.829,26.83,0.284177,225.413,321.963,1.001,1.0123,1.1156
docvqa,1792,docvqa_24440,158.316,230.191,751.743,30.68,0.210598,227.526,521.553,156.606,227.093,741.208,30.242,0.211285,224.465,514.115,1.0109,1.0136,1.0142
docvqa,1792,docvqa_24499,160.44,229.319,2058.479,29.034,0.077941,226.943,1829.161,156.524,224.833,2078.873,29.429,0.075293,222.536,1854.04,1.025,1.02,0.9902
docvqa,1792,docvqa_24500,158.956,230.039,1559.319,30.211,0.101939,227.324,1329.28,156.659,224.985,1559.96,30.34,0.100425,222.671,1334.976,1.0147,1.0225,0.9996
docvqa,1792,docvqa_24505,166.433,235.894,769.28,33.337,0.216349,232.534,533.386,156.707,226.179,668.782,27.663,0.234317,223.771,442.604,1.0621,1.043,1.1503
docvqa,1792,docvqa_24580,155.524,224.648,697.52,31.525,0.222967,221.95,472.872,156.707,225.785,690.74,30.997,0.226868,223.132,464.955,0.9925,0.995,1.0098
docvqa,1792,docvqa_24581,154.96,223.764,467.915,30.519,0.331172,221.272,244.151,157.263,227.467,480.547,31.635,0.327258,223.631,253.08,0.9854,0.9837,0.9737
docvqa,1792,docvqa_24582,166.498,237.725,481.698,27.108,0.345648,234.263,243.974,156.833,227.318,473.15,27.315,0.331467,224.456,245.832,1.0616,1.0458,1.0181
docvqa,1792,docvqa_25385,157.033,225.323,511.908,28.659,0.306761,223.104,286.585,156.664,225.548,512.981,28.743,0.3054,222.956,287.433,1.0024,0.999,0.9979
docvqa,1792,docvqa_25386,174.626,243.857,538.116,29.426,0.324513,240.711,294.259,157.097,226.454,511.382,28.493,0.3072,223.412,284.929,1.1116,1.0769,1.0523
docvqa,1792,docvqa_25387,156.856,225.35,547.759,29.31,0.28636,223.036,322.409,156.772,225.572,565.966,30.945,0.276998,223.298,340.394,1.0005,0.999,0.9678
docvqa,1792,docvqa_25396,157.665,226.596,1343.13,33.834,0.117387,224.031,1116.534,156.688,225.469,1225.481,30.303,0.127859,223.0,1000.012,1.0062,1.005,1.096
docvqa,1792,docvqa_254,154.858,223.482,762.418,31.702,0.203114,221.056,538.936,156.414,225.463,779.947,32.617,0.200544,223.172,554.484,0.9901,0.9912,0.9775
docvqa,1792,docvqa_255,159.192,227.818,732.191,33.625,0.217418,225.497,504.373,156.526,224.952,655.662,28.714,0.23873,222.766,430.71,1.017,1.0127,1.1167
docvqa,1792,docvqa_256,163.058,232.642,762.478,29.435,0.213853,229.471,529.836,156.564,226.132,748.379,29.014,0.209204,223.986,522.247,1.0415,1.0288,1.0188
docvqa,1792,docvqa_265,156.715,226.738,1305.159,30.812,0.120073,224.515,1078.421,156.557,224.876,1225.584,28.592,0.127741,222.651,1000.708,1.001,1.0083,1.0649
docvqa,1792,docvqa_266,154.886,223.873,700.544,29.792,0.221094,221.356,476.67,156.552,226.901,747.397,32.531,0.209463,224.673,520.496,0.9894,0.9867,0.9373
docvqa,1792,docvqa_267,165.517,236.929,758.677,32.609,0.218166,234.152,521.748,156.608,225.121,1026.531,30.823,0.15256,222.826,801.41,1.0569,1.0525,0.7391
docvqa,1792,docvqa_271,172.182,242.545,765.251,32.669,0.225,238.64,522.706,157.191,226.448,707.821,30.086,0.222077,223.556,481.373,1.0954,1.0711,1.0811
docvqa,1792,docvqa_283,170.582,240.315,910.607,31.919,0.187328,236.946,670.291,156.684,225.584,839.379,29.228,0.186667,222.947,613.795,1.0887,1.0653,1.0849
docvqa,1792,docvqa_284,157.641,226.25,1040.104,29.066,0.151563,223.805,813.854,156.639,226.14,1069.943,30.136,0.146399,223.885,843.803,1.0064,1.0005,0.9721
docvqa,1792,docvqa_285,159.875,228.568,732.469,33.593,0.218268,226.196,503.901,156.941,227.018,666.898,29.325,0.235329,224.624,439.88,1.0187,1.0068,1.0983
docvqa,1792,docvqa_292,158.526,227.805,1179.018,33.972,0.134456,225.085,951.214,156.401,225.359,1070.985,30.201,0.146034,222.875,845.626,1.0136,1.0109,1.1009
docvqa,1792,docvqa_296,154.943,223.703,623.367,28.547,0.248558,221.197,399.664,156.577,227.16,673.042,31.849,0.232642,224.657,445.882,0.9896,0.9848,0.9262
docvqa,1792,docvqa_297,163.048,240.693,689.724,28.064,0.236396,238.293,449.031,156.436,225.44,754.492,33.066,0.207339,222.886,529.052,1.0423,1.0677,0.9142
docvqa,1792,docvqa_298,155.677,223.955,574.259,31.846,0.271093,221.768,350.304,156.616,226.618,536.587,28.179,0.291874,224.127,309.968,0.994,0.9882,1.0702
docvqa,1792,docvqa_300,158.277,226.923,764.587,28.298,0.20701,224.544,537.665,156.542,225.637,789.451,29.674,0.198292,223.31,563.814,1.0111,1.0057,0.9685
docvqa,1792,docvqa_303,170.052,239.904,754.218,32.145,0.225468,236.746,514.313,156.625,226.003,751.06,32.816,0.208538,223.673,525.058,1.0857,1.0615,1.0042
docvqa,1792,docvqa_304,156.092,225.54,1054.303,30.695,0.148053,222.996,828.763,155.987,224.803,1070.282,31.314,0.145744,222.287,845.478,1.0007,1.0033,0.9851
docvqa,1792,docvqa_305,163.308,233.285,797.177,31.327,0.204858,229.691,563.892,156.573,225.425,783.501,31.004,0.199838,222.904,558.076,1.043,1.0349,1.0175
docvqa,1792,docvqa_307,157.518,226.427,657.938,28.767,0.239412,224.18,431.51,156.626,226.468,642.562,27.74,0.243752,223.678,416.095,1.0057,0.9998,1.0239
docvqa,1792,docvqa_317,158.192,233.467,560.567,32.71,0.282199,231.118,327.1,156.702,228.466,504.878,27.641,0.310376,225.092,276.412,1.0095,1.0219,1.1103
docvqa,1792,docvqa_319,157.249,225.91,867.795,30.566,0.181205,223.497,641.885,156.507,224.835,877.992,31.103,0.178255,222.564,653.156,1.0047,1.0048,0.9884
docvqa,1792,docvqa_320,158.155,226.603,2213.667,31.541,0.071445,224.317,1987.064,156.772,226.035,2150.5,30.547,0.0729,223.557,1924.465,1.0088,1.0025,1.0294
docvqa,1792,docvqa_321,155.269,223.983,2244.743,32.076,0.06917,221.602,2020.76,156.847,228.88,2177.016,30.923,0.072047,226.52,1948.136,0.9899,0.9786,1.0311
docvqa,1792,docvqa_32870,158.842,228.05,1448.535,29.059,0.109657,225.641,1220.485,156.729,225.256,1494.679,30.224,0.104858,222.909,1269.422,1.0135,1.0124,0.9691
docvqa,1792,docvqa_32871,157.09,227.828,1144.457,32.737,0.137261,225.431,916.629,157.251,228.861,1087.161,30.654,0.144643,225.39,858.3,0.999,0.9955,1.0527
docvqa,1792,docvqa_32872,157.896,227.983,743.454,32.217,0.212382,225.495,515.471,156.507,226.494,669.406,27.682,0.233799,224.026,442.912,1.0089,1.0066,1.1106
docvqa,1792,docvqa_32873,158.685,227.793,801.967,27.342,0.197869,224.947,574.173,156.732,225.959,914.787,32.801,0.171331,223.195,688.828,1.0125,1.0081,0.8767
docvqa,1792,docvqa_32874,156.222,224.318,607.779,31.955,0.257038,222.106,383.462,156.643,225.39,590.684,30.441,0.26519,222.792,365.295,0.9973,0.9952,1.0289
docvqa,1792,docvqa_32875,157.298,227.011,755.815,26.44,0.208117,224.414,528.804,156.724,226.701,781.286,27.729,0.200598,224.041,554.584,1.0037,1.0014,0.9674
docvqa,1792,docvqa_32876,155.992,226.109,853.531,29.877,0.182761,223.586,627.422,156.632,225.865,818.645,28.228,0.191331,223.306,592.78,0.9959,1.0011,1.0426
docvqa,1792,docvqa_32877,154.574,223.375,1106.492,32.708,0.139698,221.018,883.117,157.087,227.125,1045.638,30.315,0.15023,223.379,818.513,0.984,0.9835,1.0582
docvqa,1792,docvqa_32878,158.583,227.077,541.17,28.554,0.293037,224.749,314.093,156.887,225.761,576.587,31.893,0.272095,223.139,350.826,1.0108,1.0058,0.9386
docvqa,1792,docvqa_32879,157.786,226.602,712.702,28.594,0.221392,224.088,486.1,156.791,226.564,726.51,29.409,0.215814,224.294,499.946,1.0063,1.0002,0.981
docvqa,1792,docvqa_32881,155.274,224.599,974.552,31.248,0.159329,221.996,749.952,156.8,226.419,886.805,27.516,0.176814,223.914,660.386,0.9903,0.992,1.0989
docvqa,1792,docvqa_32882,178.533,249.006,1007.509,29.173,0.177202,245.636,758.503,156.841,226.652,989.051,29.323,0.158577,224.139,762.4,1.1383,1.0986,1.0187
docvqa,1792,docvqa_32883,158.545,227.351,890.0,30.12,0.178141,224.731,662.65,156.731,225.612,888.916,30.15,0.176317,223.093,663.304,1.0116,1.0077,1.0012
docvqa,1792,docvqa_32885,157.613,227.004,669.4,26.023,0.235454,224.651,442.396,156.671,225.557,729.037,29.616,0.214902,222.979,503.48,1.006,1.0064,0.9182
docvqa,1792,docvqa_32886,155.32,224.009,863.258,29.057,0.179923,221.827,639.248,156.55,224.811,861.661,28.948,0.181685,222.601,636.85,0.9921,0.9964,1.0019
docvqa,1792,docvqa_32889,154.809,223.782,912.053,31.285,0.169737,221.189,688.27,156.816,225.944,932.46,29.438,0.168174,223.463,706.516,0.9872,0.9904,0.9781
docvqa,1792,docvqa_32890,154.71,223.273,722.131,33.257,0.214241,220.939,498.859,156.952,226.333,726.232,29.406,0.216118,223.413,499.898,0.9857,0.9865,0.9944
docvqa,1792,docvqa_32891,157.786,226.446,1265.293,30.554,0.124703,224.029,1038.846,158.928,232.019,1223.738,29.168,0.129871,228.851,991.719,0.9928,0.976,1.034
docvqa,1792,docvqa_32892,176.156,247.417,697.063,28.103,0.252712,243.64,449.646,156.723,225.688,747.969,32.643,0.209532,223.02,522.282,1.124,1.0963,0.9319
docvqa,1792,docvqa_32893,155.206,225.115,815.747,29.532,0.190263,222.729,590.632,156.576,226.206,860.797,31.73,0.181897,223.808,634.592,0.9913,0.9952,0.9477
docvqa,1792,docvqa_32894,154.67,223.499,825.017,31.659,0.187474,221.086,601.518,156.522,225.304,818.4,31.216,0.191253,222.969,593.096,0.9882,0.992,1.0081
docvqa,1792,docvqa_32896,158.411,226.971,539.402,26.036,0.293678,224.423,312.43,157.022,225.686,576.887,29.267,0.272188,223.22,351.201,1.0088,1.0057,0.935
docvqa,1792,docvqa_32897,181.219,250.761,619.433,28.359,0.292557,248.33,368.672,156.484,224.772,600.127,28.873,0.260751,222.671,375.355,1.1581,1.1156,1.0322
docvqa,1792,docvqa_32898,158.06,230.056,815.458,30.811,0.193829,227.349,585.402,157.212,227.79,739.661,26.941,0.212546,224.319,511.871,1.0054,1.0099,1.1025
docvqa,1792,docvqa_32900,157.683,227.103,787.396,29.489,0.200259,224.8,560.294,156.713,226.927,779.534,29.085,0.201035,224.404,552.607,1.0062,1.0008,1.0101
docvqa,1792,docvqa_32984,155.444,225.83,781.061,32.661,0.199016,223.147,555.231,156.659,225.065,713.555,28.735,0.219547,222.916,488.49,0.9922,1.0034,1.0946
docvqa,1792,docvqa_32986,159.422,229.39,749.559,30.598,0.212687,227.064,520.169,156.56,225.654,773.299,32.214,0.202457,223.069,547.645,1.0183,1.0166,0.9693
docvqa,1792,docvqa_32989,155.786,224.605,737.856,32.078,0.211133,222.178,513.251,156.613,225.534,761.777,33.515,0.205588,223.27,536.243,0.9947,0.9959,0.9686
docvqa,1792,docvqa_32994,163.556,233.253,716.155,30.181,0.22838,229.927,482.902,156.541,225.737,724.226,31.156,0.216149,223.21,498.489,1.0448,1.0333,0.9889
docvqa,1792,docvqa_32995,155.574,224.45,670.965,27.907,0.231866,222.234,446.514,156.546,225.37,698.854,29.593,0.224003,222.902,473.485,0.9938,0.9959,0.9601
docvqa,1792,docvqa_33153,166.787,236.67,978.855,30.924,0.17039,233.192,742.185,156.542,225.277,929.042,29.324,0.168499,222.628,703.766,1.0654,1.0506,1.0536
docvqa,1792,docvqa_33158,156.727,225.688,557.603,33.192,0.281072,223.393,331.916,156.352,224.568,533.5,30.893,0.293068,222.418,308.932,1.0024,1.005,1.0452
docvqa,1792,docvqa_345,155.86,224.146,596.186,31.003,0.261428,221.807,372.039,156.537,225.662,604.266,31.55,0.259053,222.771,378.604,0.9957,0.9933,0.9866
docvqa,1792,docvqa_346,155.784,225.034,1030.217,30.969,0.151215,222.488,805.184,156.685,229.479,1045.548,31.387,0.149859,226.98,816.068,0.9942,0.9806,0.9853
docvqa,1792,docvqa_347,157.344,228.17,1035.428,33.636,0.151961,225.688,807.258,156.727,225.095,970.463,31.057,0.161497,222.837,745.368,1.0039,1.0137,1.0669
docvqa,1792,docvqa_348,159.991,228.934,843.799,30.743,0.189608,226.505,614.865,157.007,226.685,820.024,29.667,0.191466,223.156,593.34,1.019,1.0099,1.029
docvqa,1792,docvqa_357,157.823,226.508,604.464,31.496,0.261095,224.302,377.956,156.624,224.963,617.499,32.711,0.253642,222.664,392.536,1.0077,1.0069,0.9789
docvqa,1792,docvqa_358,158.473,228.376,632.911,26.969,0.250388,225.964,404.535,156.451,225.845,716.386,32.703,0.218389,223.644,490.541,1.0129,1.0112,0.8835
docvqa,1792,docvqa_359,155.877,224.63,725.942,31.332,0.214724,222.422,501.312,156.414,225.446,708.89,30.215,0.220646,222.749,483.444,0.9966,0.9964,1.0241
docvqa,1792,docvqa_360,160.072,229.594,871.529,32.097,0.183668,227.079,641.934,156.665,225.286,855.748,31.523,0.183074,222.998,630.462,1.0217,1.0191,1.0184
docvqa,1792,docvqa_361,155.005,223.478,1150.923,28.983,0.134679,221.154,927.445,156.581,225.628,1221.184,31.111,0.12822,222.874,995.557,0.9899,0.9905,0.9425
docvqa,1792,docvqa_362,155.945,224.49,892.294,31.8,0.174769,222.299,667.803,156.656,225.716,856.56,30.04,0.18289,223.04,630.844,0.9955,0.9946,1.0417
docvqa,1792,docvqa_363,157.923,226.72,774.556,30.435,0.203888,224.368,547.836,157.374,228.062,776.939,30.493,0.202557,224.395,548.877,1.0035,0.9941,0.9969
docvqa,1792,docvqa_364,157.884,228.423,1231.686,30.402,0.128185,226.213,1003.263,160.22,230.369,1379.199,34.813,0.116169,226.904,1148.83,0.9854,0.9916,0.893
docvqa,1792,docvqa_365,156.548,228.629,1067.931,33.572,0.14659,225.751,839.302,156.656,226.034,1081.071,34.201,0.144908,223.547,855.037,0.9993,1.0115,0.9878
docvqa,1792,docvqa_375,177.994,248.661,924.296,29.375,0.192572,244.701,675.635,156.73,225.604,859.225,30.172,0.182409,223.083,633.62,1.1357,1.1022,1.0757
docvqa,1792,docvqa_376,158.227,227.261,879.723,29.657,0.179861,224.609,652.462,156.341,225.245,857.238,28.727,0.182378,222.503,631.993,1.0121,1.009,1.0262
docvqa,1792,docvqa_377,169.528,239.293,567.86,29.87,0.298538,235.716,328.567,156.631,225.102,1217.284,31.006,0.128672,222.703,992.182,1.0823,1.063,0.4665
docvqa,1792,docvqa_383,157.925,226.827,1339.524,27.817,0.117896,224.227,1112.697,156.674,225.911,1392.364,29.161,0.112523,223.616,1166.453,1.008,1.0041,0.9621
docvqa,1792,docvqa_384,155.442,224.342,1704.288,30.832,0.091207,221.748,1479.946,156.55,225.338,1733.418,31.418,0.090313,222.747,1508.08,0.9929,0.9956,0.9832
docvqa,1792,docvqa_385,168.637,238.558,2253.481,31.983,0.074834,235.623,2014.923,157.121,226.407,2243.358,32.015,0.070038,223.721,2016.951,1.0733,1.0537,1.0045
docvqa,1792,docvqa_39079,155.766,229.766,1200.838,26.974,0.129714,227.471,971.072,156.686,225.254,1280.407,29.31,0.122372,223.106,1055.154,0.9941,1.02,0.9379
docvqa,1792,docvqa_395,168.643,240.69,639.977,36.299,0.263515,235.499,399.287,156.631,226.953,559.392,30.222,0.280002,224.628,332.439,1.0767,1.0605,1.1441
docvqa,1792,docvqa_396,155.524,223.821,881.866,31.335,0.176357,221.566,658.045,156.4,226.401,870.875,30.689,0.17959,224.117,644.474,0.9944,0.9886,1.0126
docvqa,1792,docvqa_397,156.923,225.411,947.776,32.835,0.16557,223.2,722.365,158.513,229.558,878.924,30.922,0.180349,225.284,649.366,0.99,0.9819,1.0783
docvqa,1792,docvqa_398,155.866,224.807,615.979,30.09,0.253039,222.23,391.171,156.425,225.057,675.081,34.617,0.231713,222.823,450.025,0.9964,0.9989,0.9125
docvqa,1792,docvqa_407,157.374,226.482,680.93,34.958,0.231116,223.981,454.448,156.417,225.216,655.602,33.107,0.238585,222.764,430.386,1.0061,1.0056,1.0386
docvqa,1792,docvqa_408,155.48,494.337,933.01,31.334,0.166643,492.037,438.673,156.548,226.637,677.962,32.237,0.23091,223.924,451.324,0.9932,2.1812,1.3762
docvqa,1792,docvqa_409,157.533,225.903,869.449,30.645,0.181187,223.673,643.546,156.439,226.721,851.263,29.74,0.183773,224.177,624.542,1.007,0.9964,1.0214
docvqa,1792,docvqa_410,155.467,223.997,988.405,29.4,0.157291,221.624,764.408,156.699,231.21,1000.206,29.577,0.156667,223.318,768.996,0.9921,0.9688,0.9882
docvqa,1792,docvqa_41421,155.73,224.221,661.808,27.349,0.23531,221.93,437.587,157.38,227.592,747.167,32.473,0.210635,223.959,519.575,0.9895,0.9852,0.8858
docvqa,1792,docvqa_41434,169.591,239.488,652.132,31.742,0.260056,235.984,412.643,157.161,238.881,614.214,28.872,0.255874,236.506,375.333,1.0791,1.0025,1.0617
docvqa,1792,docvqa_41449,158.897,228.975,651.555,26.411,0.243874,226.543,422.58,156.636,226.518,753.633,32.945,0.207841,223.888,527.115,1.0144,1.0108,0.8646
docvqa,1792,docvqa_41686,158.957,229.613,600.188,33.689,0.264845,227.033,370.576,156.415,224.585,530.165,27.78,0.29503,222.302,305.58,1.0163,1.0224,1.1321
docvqa,1792,docvqa_41687,178.048,249.257,942.782,28.897,0.188854,245.234,693.526,156.919,225.398,963.79,30.766,0.162814,223.211,738.393,1.1346,1.1059,0.9782
docvqa,1792,docvqa_41688,163.562,233.149,635.4,28.732,0.257415,229.801,402.251,156.395,227.343,622.967,28.259,0.251049,225.011,395.624,1.0458,1.0255,1.02
docvqa,1792,docvqa_41689,155.473,223.594,1081.75,29.592,0.143724,221.362,858.157,156.494,224.835,747.87,32.69,0.209252,222.621,523.035,0.9935,0.9945,1.4464
docvqa,1792,docvqa_41690,158.688,230.003,946.197,29.841,0.167712,226.349,716.195,156.562,225.326,1004.399,32.461,0.155876,222.986,779.073,1.0136,1.0208,0.9421
docvqa,1792,docvqa_41691,157.887,228.118,869.469,35.631,0.18159,225.755,641.351,156.694,225.98,761.964,29.777,0.205644,223.628,535.984,1.0076,1.0095,1.1411
docvqa,1792,docvqa_41693,154.751,224.222,917.398,30.138,0.168684,221.785,693.176,157.374,227.065,947.657,31.33,0.166067,223.938,720.592,0.9833,0.9875,0.9681
docvqa,1792,docvqa_41694,162.046,230.535,781.404,28.993,0.207379,228.239,550.87,156.59,225.918,804.096,30.43,0.19474,223.553,578.179,1.0348,1.0204,0.9718
docvqa,1792,docvqa_41695,156.877,227.028,872.12,32.255,0.17988,224.733,645.092,156.759,226.05,825.104,29.953,0.189987,223.298,599.054,1.0008,1.0043,1.057
docvqa,1792,docvqa_41705,155.159,226.29,622.294,28.286,0.249334,222.582,396.004,156.776,226.056,656.134,30.72,0.238939,223.454,430.078,0.9897,1.001,0.9484
docvqa,1792,docvqa_41715,157.146,230.569,599.023,26.318,0.262337,228.154,368.454,156.509,224.966,654.667,30.693,0.239066,222.758,429.701,1.0041,1.0249,0.915
docvqa,1792,docvqa_41716,154.987,228.181,650.039,30.133,0.238427,223.061,421.858,156.622,225.342,661.66,31.166,0.236711,223.094,436.317,0.9896,1.0126,0.9824
docvqa,1792,docvqa_41717,155.262,223.836,636.569,31.749,0.243905,221.452,412.733,156.489,226.669,709.289,34.473,0.220628,224.433,482.62,0.9922,0.9875,0.8975
docvqa,1792,docvqa_41719,155.428,225.205,952.353,34.626,0.163204,222.836,727.148,157.016,226.706,873.941,30.821,0.179665,223.256,647.234,0.9899,0.9934,1.0897
docvqa,1792,docvqa_41721,157.699,225.81,882.085,31.251,0.17878,223.64,656.276,156.733,226.152,915.478,32.825,0.171203,223.259,689.326,1.0062,0.9985,0.9635
docvqa,1792,docvqa_41723,160.258,229.512,726.241,31.046,0.220668,227.353,496.729,156.603,226.197,651.167,26.561,0.240496,223.791,424.97,1.0233,1.0147,1.1153
docvqa,1792,docvqa_41728,155.364,224.52,909.034,31.114,0.170911,221.989,684.514,156.698,225.133,921.852,31.669,0.169982,222.948,696.719,0.9915,0.9973,0.9861
docvqa,1792,docvqa_41729,157.384,226.219,696.377,27.656,0.226004,223.613,470.157,156.427,225.872,690.087,27.307,0.226678,223.657,464.214,1.0061,1.0015,1.0091
docvqa,1792,docvqa_41749,171.12,239.885,858.76,32.572,0.199264,237.347,618.875,157.453,227.39,853.676,32.962,0.184441,224.635,626.285,1.0868,1.0549,1.006
docvqa,1792,docvqa_41750,159.014,228.857,666.598,29.183,0.238545,225.913,437.74,157.021,226.976,693.223,31.083,0.226509,224.043,466.247,1.0127,1.0083,0.9616
docvqa,1792,docvqa_431,156.479,228.641,1012.753,29.041,0.154509,226.461,784.112,156.79,225.61,988.574,28.258,0.158602,223.2,762.964,0.998,1.0134,1.0245
docvqa,1792,docvqa_432,158.728,227.745,845.132,32.494,0.187815,225.141,617.387,157.053,225.756,779.122,29.125,0.201576,223.311,553.366,1.0107,1.0088,1.0847
docvqa,1792,docvqa_433,157.438,226.382,889.145,33.138,0.177066,223.765,662.763,157.03,227.069,773.879,27.341,0.202913,224.682,546.81,1.0026,0.997,1.1489
docvqa,1792,docvqa_444,154.342,222.748,741.8,30.532,0.208064,220.497,519.052,156.597,225.234,691.153,27.407,0.226574,222.962,465.919,0.9856,0.989,1.0733
docvqa,1792,docvqa_450,158.275,235.726,671.195,31.105,0.235811,233.006,435.468,156.571,225.421,689.043,33.116,0.22723,222.912,463.622,1.0109,1.0457,0.9741
docvqa,1792,docvqa_45694,169.814,239.896,973.813,31.909,0.174381,236.425,733.917,156.488,224.904,942.274,31.19,0.166075,222.723,717.37,1.0852,1.0667,1.0335
docvqa,1792,docvqa_45744,157.514,227.972,1360.386,29.036,0.115786,225.259,1132.414,156.077,226.471,1391.619,29.876,0.112155,224.014,1165.148,1.0092,1.0066,0.9776
docvqa,1792,docvqa_45745,155.298,223.888,1245.571,31.928,0.12468,221.595,1021.683,156.743,225.914,1252.415,32.078,0.125153,223.283,1026.501,0.9908,0.991,0.9945
docvqa,1792,docvqa_45747,158.341,227.364,1501.259,33.524,0.105472,224.791,1273.895,156.425,225.191,1436.795,31.884,0.108871,222.904,1211.605,1.0122,1.0096,1.0449
docvqa,1792,docvqa_461,158.265,227.937,2239.007,31.922,0.070685,225.262,2011.07,156.538,226.138,2163.92,30.758,0.07234,223.513,1937.782,1.011,1.008,1.0347
docvqa,1792,docvqa_463,158.832,231.898,2098.521,29.629,0.075688,229.257,1866.623,156.444,230.647,2126.418,30.092,0.073572,228.243,1895.771,1.0153,1.0054,0.9869
docvqa,1792,docvqa_47368,158.475,227.211,587.737,30.044,0.269636,224.844,360.526,156.886,225.886,603.723,31.486,0.259865,223.647,377.836,1.0101,1.0059,0.9735
docvqa,1792,docvqa_476,156.568,225.156,2090.777,32.166,0.074885,222.622,1865.621,156.7,225.806,510.589,31.643,0.3069,223.342,284.783,0.9992,0.9971,4.0948
docvqa,1792,docvqa_49153,159.129,230.608,1874.612,29.357,0.084886,228.293,1644.004,157.222,227.598,1091.923,28.811,0.143986,223.652,864.325,1.0121,1.0132,1.7168
docvqa,1792,docvqa_49168,156.31,226.848,962.914,32.003,0.16233,224.466,736.066,156.712,227.214,924.658,30.324,0.169481,224.722,697.444,0.9974,0.9984,1.0414
docvqa,1792,docvqa_49172,157.4,228.323,1179.286,30.676,0.133471,225.645,950.963,156.575,226.639,1167.89,30.363,0.134066,224.341,941.25,1.0053,1.0074,1.0098
docvqa,1792,docvqa_49177,156.593,226.931,1043.245,32.653,0.150102,224.362,816.314,157.688,228.877,1000.018,30.846,0.157685,226.399,771.141,0.9931,0.9915,1.0432
docvqa,1792,docvqa_49181,155.179,225.355,1467.394,31.847,0.105752,223.052,1242.04,156.634,229.693,1386.548,29.663,0.112967,227.422,1156.855,0.9907,0.9811,1.0583
docvqa,1792,docvqa_49187,172.226,242.295,1085.882,29.089,0.158605,238.232,843.587,157.286,227.031,1082.355,29.494,0.145318,224.342,855.324,1.095,1.0672,1.0033
docvqa,1792,docvqa_49234,173.5,252.052,707.164,32.508,0.245347,248.014,455.112,156.756,227.649,626.638,28.499,0.250154,225.445,398.989,1.1068,1.1072,1.1285
docvqa,1792,docvqa_49242,157.575,227.628,514.53,26.082,0.306251,225.214,286.902,156.104,228.787,537.529,28.067,0.290411,226.487,308.742,1.0094,0.9949,0.9572
docvqa,1792,docvqa_49263,156.351,225.266,1147.565,31.803,0.136246,222.771,922.299,156.478,224.898,1131.083,31.248,0.138343,222.594,906.185,0.9992,1.0016,1.0146
docvqa,1792,docvqa_49274,156.403,229.304,827.445,33.23,0.189019,226.688,598.141,156.559,225.862,753.931,29.337,0.207657,223.578,528.069,0.999,1.0152,1.0975
docvqa,1792,docvqa_49279,155.155,224.291,562.451,33.816,0.275856,221.872,338.16,157.014,226.658,499.476,27.282,0.314358,223.379,272.818,0.9882,0.9896,1.1261
docvqa,1792,docvqa_49285,157.074,225.603,539.079,28.498,0.291375,223.261,313.477,156.664,225.208,603.852,34.422,0.259441,222.921,378.644,1.0026,1.0018,0.8927
docvqa,1792,docvqa_49292,156.126,224.793,1635.723,31.354,0.095447,222.437,1410.93,156.712,224.967,1566.263,29.807,0.100055,222.808,1341.295,0.9963,0.9992,1.0443
docvqa,1792,docvqa_49297,157.442,226.466,779.561,30.728,0.201962,223.815,553.095,157.351,227.945,818.744,32.822,0.192185,223.837,590.799,1.0006,0.9935,0.9521
docvqa,1792,docvqa_49304,155.638,224.459,613.476,27.787,0.253699,221.955,389.017,156.749,225.816,642.631,29.773,0.243918,223.047,416.815,0.9929,0.994,0.9546
docvqa,1792,docvqa_4931,158.277,226.717,826.912,30.01,0.191407,224.458,600.195,156.684,225.71,822.962,29.863,0.190391,223.19,597.252,1.0102,1.0045,1.0048
docvqa,1792,docvqa_49322,157.97,226.635,641.701,25.942,0.246173,224.193,415.067,156.518,227.77,740.605,30.167,0.211338,225.25,512.835,1.0093,0.995,0.8665
docvqa,1792,docvqa_49323,162.151,234.049,543.725,25.806,0.298222,229.269,309.676,157.001,226.441,556.462,27.502,0.282141,223.386,330.022,1.0328,1.0336,0.9771
docvqa,1792,docvqa_49324,157.602,226.203,563.144,25.919,0.279861,223.772,336.941,156.948,226.438,624.032,30.584,0.251506,223.329,397.595,1.0042,0.999,0.9024
docvqa,1792,docvqa_49325,160.065,230.094,587.315,29.768,0.272536,226.576,357.221,156.68,225.236,584.916,29.973,0.267867,222.853,359.68,1.0216,1.0216,1.0041
docvqa,1792,docvqa_49326,167.762,236.253,735.328,29.357,0.228146,233.954,499.075,156.504,224.799,728.505,29.63,0.214829,222.575,503.706,1.0719,1.051,1.0094
docvqa,1792,docvqa_49361,161.976,232.66,547.665,31.5,0.295757,230.166,315.004,156.74,225.567,531.763,30.62,0.294754,223.098,306.197,1.0334,1.0314,1.0299
docvqa,1792,docvqa_49362,155.377,224.489,690.183,35.823,0.225125,222.107,465.694,156.635,225.274,626.826,30.889,0.249886,223.037,401.551,0.992,0.9965,1.1011
docvqa,1792,docvqa_49366,174.92,246.629,641.967,28.238,0.272475,243.842,395.338,156.612,229.86,690.414,32.897,0.226838,227.613,460.553,1.1169,1.073,0.9298
docvqa,1792,docvqa_49369,154.973,223.493,540.487,28.818,0.286729,221.203,316.994,156.65,229.805,564.449,30.422,0.277527,227.721,334.644,0.9893,0.9725,0.9575
docvqa,1792,docvqa_49373,159.167,227.944,794.367,40.459,0.200369,225.684,566.423,157.785,227.621,618.508,27.921,0.255106,224.204,390.887,1.0088,1.0014,1.2843
docvqa,1792,docvqa_49376,156.01,224.763,562.812,28.171,0.277197,222.438,338.049,156.724,226.172,572.712,28.878,0.273652,223.336,346.54,0.9954,0.9938,0.9827
docvqa,1792,docvqa_49381,157.833,227.307,712.914,30.35,0.221392,224.744,485.607,157.262,226.178,754.182,33.0,0.20852,223.772,528.003,1.0036,1.005,0.9453
docvqa,1792,docvqa_49390,187.345,257.317,439.215,25.985,0.426544,254.427,181.897,156.879,226.488,427.803,28.759,0.366708,223.667,201.315,1.1942,1.1361,1.0267
docvqa,1792,docvqa_49391,156.468,225.665,902.103,30.747,0.173448,222.819,676.439,157.556,509.303,1221.244,32.361,0.129013,505.493,711.94,0.9931,0.4431,0.7387
docvqa,1792,docvqa_49392,157.076,233.792,589.418,29.636,0.266493,231.342,355.627,156.622,225.213,605.364,31.679,0.258724,222.609,380.151,1.0029,1.0381,0.9737
docvqa,1792,docvqa_49393,155.75,226.221,715.885,28.804,0.217563,223.83,489.664,156.691,226.14,823.897,35.162,0.190182,223.407,597.757,0.994,1.0004,0.8689
docvqa,1792,docvqa_49394,154.527,222.666,606.693,25.602,0.254704,220.461,384.027,157.696,226.682,639.354,27.511,0.246649,223.92,412.672,0.9799,0.9823,0.9489
docvqa,1792,docvqa_49395,160.243,229.474,802.636,28.658,0.199646,226.279,573.162,156.698,225.413,852.62,31.36,0.183785,223.007,627.207,1.0226,1.018,0.9414
docvqa,1792,docvqa_49396,185.354,261.259,936.714,32.165,0.197877,257.763,675.456,157.006,227.447,878.856,31.019,0.178648,224.251,651.409,1.1806,1.1487,1.0658
docvqa,1792,docvqa_49397,155.508,226.828,692.932,31.074,0.224421,224.345,466.104,156.789,231.956,674.741,29.519,0.232369,229.358,442.785,0.9918,0.9779,1.027
docvqa,1792,docvqa_49398,176.993,248.392,625.829,29.034,0.282814,245.543,377.437,156.366,231.587,603.835,28.634,0.258955,229.357,372.247,1.1319,1.0726,1.0364
docvqa,1792,docvqa_49399,157.837,227.871,502.174,27.43,0.314307,225.074,274.303,156.464,224.761,580.798,35.604,0.269394,222.467,356.038,1.0088,1.0138,0.8646
docvqa,1792,docvqa_49400,154.931,224.464,994.989,30.821,0.155711,221.614,770.525,156.348,224.747,983.779,30.361,0.158926,222.577,759.032,0.9909,0.9987,1.0114
docvqa,1792,docvqa_49401,157.468,233.892,691.335,28.59,0.227774,231.212,457.442,156.559,232.932,725.701,30.798,0.215735,230.617,492.769,1.0058,1.0041,0.9526
docvqa,1792,docvqa_49402,157.696,231.082,1186.588,31.85,0.132899,228.15,955.506,156.678,224.709,1152.67,30.932,0.135926,222.571,927.961,1.0065,1.0284,1.0294
docvqa,1792,docvqa_49403,155.477,224.175,526.998,33.647,0.295025,221.762,302.822,156.661,225.578,552.625,36.339,0.283484,223.342,327.048,0.9924,0.9938,0.9536
docvqa,1792,docvqa_49404,158.492,227.515,1021.116,33.067,0.155215,224.889,793.601,156.579,225.415,1027.122,33.404,0.152445,223.016,801.707,1.0122,1.0093,0.9942
docvqa,1792,docvqa_49406,157.51,225.731,661.073,29.023,0.238264,223.469,435.343,156.591,225.205,748.011,34.854,0.209343,223.05,522.806,1.0059,1.0023,0.8838
docvqa,1792,docvqa_49432,156.073,224.471,1290.78,28.819,0.120913,222.12,1066.309,156.731,225.489,1356.691,30.573,0.115524,223.257,1131.202,0.9958,0.9955,0.9514
docvqa,1792,docvqa_49437,156.373,225.532,699.244,33.837,0.223631,222.941,473.713,156.543,225.398,654.281,30.634,0.239259,222.942,428.883,0.9989,1.0006,1.0687
docvqa,1792,docvqa_49442,157.76,228.944,645.409,29.747,0.244434,226.367,416.464,158.455,232.389,655.493,30.222,0.241734,230.088,423.104,0.9956,0.9852,0.9846
docvqa,1792,docvqa_49449,158.116,226.67,692.997,29.145,0.228162,224.209,466.327,156.706,225.986,677.247,28.204,0.231387,223.487,451.261,1.009,1.003,1.0233
docvqa,1792,docvqa_49454,155.812,224.485,766.484,28.526,0.203282,222.315,541.999,156.636,225.363,794.319,29.945,0.197195,223.091,568.957,0.9947,0.9961,0.965
docvqa,1792,docvqa_49455,155.93,224.616,1432.398,30.969,0.10886,222.178,1207.782,156.775,225.857,1422.125,30.674,0.11024,223.169,1196.268,0.9946,0.9945,1.0072
docvqa,1792,docvqa_49461,156.601,224.925,741.554,27.191,0.211179,222.767,516.629,156.481,225.109,791.235,29.796,0.197768,222.689,566.127,1.0008,0.9992,0.9372
docvqa,1792,docvqa_49465,156.887,227.217,870.325,30.624,0.180263,224.939,643.107,156.602,233.675,839.488,28.848,0.186545,231.107,605.813,1.0018,0.9724,1.0367
docvqa,1792,docvqa_49528,157.113,226.046,452.47,28.303,0.347235,223.446,226.425,156.517,225.317,445.933,27.577,0.350987,222.853,220.616,1.0038,1.0032,1.0147
docvqa,1792,docvqa_49530,157.209,226.156,453.574,28.427,0.346601,223.807,227.418,156.566,225.512,523.723,37.276,0.298948,223.025,298.211,1.0041,1.0029,0.8661
docvqa,1792,docvqa_49532,157.153,227.67,774.979,32.195,0.202783,225.393,547.309,156.711,224.965,736.175,30.071,0.212872,222.658,511.21,1.0028,1.012,1.0527
docvqa,1792,docvqa_49534,155.492,224.499,834.185,32.089,0.1864,221.767,609.687,156.674,225.582,880.805,34.485,0.177876,222.878,655.223,0.9925,0.9952,0.9471
docvqa,1792,docvqa_49536,155.323,224.315,1592.798,31.102,0.097516,221.902,1368.484,156.541,225.397,1568.571,30.527,0.099799,222.701,1343.174,0.9922,0.9952,1.0154
docvqa,1792,docvqa_49542,156.391,224.812,737.81,30.176,0.211967,222.494,512.998,156.71,225.17,767.114,31.879,0.204286,222.977,541.944,0.998,0.9984,0.9618
docvqa,1792,docvqa_49544,161.779,237.365,1068.41,27.702,0.151421,235.084,831.045,158.109,228.053,1173.24,31.506,0.134763,225.006,945.187,1.0232,1.0408,0.9106
docvqa,1792,docvqa_49546,159.109,228.027,2254.854,32.172,0.070563,225.441,2026.827,156.545,225.5,2128.767,30.211,0.073538,223.204,1903.267,1.0164,1.0112,1.0592
docvqa,1792,docvqa_49550,156.745,226.317,1854.224,31.92,0.084534,223.666,1627.906,158.719,233.164,1825.498,31.222,0.086946,230.833,1592.334,0.9876,0.9706,1.0157
docvqa,1792,docvqa_49555,159.734,232.173,1301.996,32.419,0.122684,229.642,1069.823,156.757,226.431,1185.433,29.061,0.132236,223.238,959.002,1.019,1.0254,1.0983
docvqa,1792,docvqa_49560,160.011,228.745,951.872,26.783,0.168101,226.24,723.128,156.661,226.352,1026.883,29.649,0.15256,223.355,800.531,1.0214,1.0106,0.927
docvqa,1792,docvqa_49565,156.044,224.748,610.07,32.11,0.255781,222.216,385.322,158.138,226.719,564.795,28.173,0.279991,224.28,338.075,0.9868,0.9913,1.0802
docvqa,1792,docvqa_49569,157.034,233.309,628.231,30.379,0.249962,229.861,394.922,156.545,225.151,647.808,32.512,0.241653,222.756,422.657,1.0031,1.0362,0.9698
docvqa,1792,docvqa_49574,156.97,227.291,772.636,28.702,0.203162,224.676,545.345,156.565,225.063,750.332,27.646,0.208661,222.698,525.269,1.0026,1.0099,1.0297
docvqa,1792,docvqa_49577,160.881,229.388,547.686,28.936,0.293747,227.223,318.299,156.878,225.915,572.61,31.518,0.273971,222.789,346.696,1.0255,1.0154,0.9565
docvqa,1792,docvqa_49579,176.288,253.172,686.779,28.907,0.256689,242.578,433.607,156.863,225.903,677.798,30.126,0.23143,223.162,451.895,1.1238,1.1207,1.0133
docvqa,1792,docvqa_4958,156.77,232.903,685.596,28.293,0.228662,230.112,452.693,156.547,225.227,756.427,33.2,0.206955,222.78,531.2,1.0014,1.0341,0.9064
docvqa,1792,docvqa_49583,157.181,226.087,761.193,28.164,0.206493,223.714,535.107,156.571,225.438,815.035,31.031,0.192104,223.219,589.597,1.0039,1.0029,0.9339
docvqa,1792,docvqa_49586,155.292,224.28,2200.538,31.369,0.07057,221.587,1976.258,156.762,232.696,2074.33,29.232,0.075572,230.166,1841.635,0.9906,0.9638,1.0608
docvqa,1792,docvqa_4959,157.725,227.246,386.538,31.859,0.408046,224.447,159.293,156.705,225.507,365.293,27.957,0.428986,222.993,139.786,1.0065,1.0077,1.0582
docvqa,1792,docvqa_49595,155.208,223.989,926.568,28.103,0.167508,221.569,702.579,156.648,229.956,1017.969,31.521,0.153883,226.749,788.013,0.9908,0.9741,0.9102
docvqa,1792,docvqa_49605,158.913,227.967,878.317,32.517,0.180929,225.232,650.35,156.471,225.731,859.965,31.712,0.181951,223.418,634.235,1.0156,1.0099,1.0213
docvqa,1792,docvqa_49617,157.442,228.787,1008.273,31.179,0.156151,226.068,779.486,156.528,224.855,1040.347,32.62,0.150458,222.606,815.492,1.0058,1.0175,0.9692
docvqa,1792,docvqa_49629,157.906,227.195,710.089,32.193,0.222375,224.712,482.894,156.845,226.208,701.586,31.692,0.223558,223.652,475.378,1.0068,1.0044,1.0121
docvqa,1792,docvqa_49643,157.991,226.797,918.917,30.092,0.171932,224.264,692.12,156.579,224.953,966.005,32.22,0.162089,222.619,741.052,1.009,1.0082,0.9513
docvqa,1792,docvqa_4977,158.108,226.76,533.393,27.876,0.29642,224.418,306.632,163.963,234.84,580.757,31.447,0.282326,231.453,345.917,0.9643,0.9656,0.9184
docvqa,1792,docvqa_4978,156.707,225.151,734.717,31.848,0.213289,222.969,509.566,156.54,225.207,751.698,32.906,0.208249,222.925,526.491,1.0011,0.9998,0.9774
docvqa,1792,docvqa_4980,178.264,249.717,974.901,26.859,0.182853,246.259,725.184,156.681,226.729,1109.786,32.706,0.141181,224.143,883.058,1.1378,1.1014,0.8785
docvqa,1792,docvqa_553,157.697,227.256,700.597,36.411,0.225089,224.618,473.341,156.622,225.161,643.284,32.163,0.243472,222.887,418.122,1.0069,1.0093,1.0891
docvqa,1792,docvqa_554,155.724,224.683,1110.064,32.792,0.140284,222.175,885.381,156.536,225.41,1091.196,32.066,0.143454,223.088,865.786,0.9948,0.9968,1.0173
docvqa,1792,docvqa_55464,155.392,231.392,1466.93,31.68,0.10593,228.929,1235.538,155.999,226.437,1442.019,31.169,0.108181,224.175,1215.582,0.9961,1.0219,1.0173
docvqa,1792,docvqa_555,155.168,223.976,925.326,31.88,0.16769,221.408,701.35,157.154,226.902,923.09,31.645,0.170247,223.904,696.188,0.9874,0.9871,1.0024
docvqa,1792,docvqa_57122,156.51,224.957,719.837,32.992,0.217424,222.568,494.881,160.679,233.547,587.171,27.202,0.27365,229.336,353.624,0.9741,0.9632,1.2259
docvqa,1792,docvqa_57349,155.305,226.671,546.652,31.998,0.284102,224.141,319.98,156.503,227.208,510.991,28.378,0.306273,224.866,283.782,0.9923,0.9976,1.0698
docvqa,1792,docvqa_57357,155.492,226.937,927.928,29.208,0.167569,224.206,700.991,156.656,227.452,920.085,28.86,0.170262,224.761,692.633,0.9926,0.9977,1.0085
docvqa,1792,docvqa_57364,159.224,234.334,659.31,26.561,0.241501,231.982,424.976,156.408,232.562,730.434,31.117,0.214131,230.078,497.872,1.018,1.0076,0.9026
docvqa,1792,docvqa_57366,169.84,240.867,701.273,28.775,0.242188,238.54,460.406,156.737,228.882,660.653,26.986,0.237245,226.457,431.77,1.0836,1.0524,1.0615
docvqa,1792,docvqa_57368,155.183,225.233,693.431,29.262,0.22379,222.958,468.198,156.547,227.313,667.746,27.527,0.234441,224.815,440.433,0.9913,0.9908,1.0385
docvqa,1792,docvqa_57370,154.977,223.836,999.77,29.844,0.155012,221.209,775.934,157.298,227.972,969.558,28.523,0.162237,224.26,741.586,0.9852,0.9819,1.0312
docvqa,1792,docvqa_57371,158.223,228.597,1086.039,29.567,0.145688,226.185,857.443,156.613,230.05,1054.643,28.434,0.148498,227.642,824.592,1.0103,0.9937,1.0298
docvqa,1792,docvqa_57372,156.789,227.488,954.884,30.308,0.164197,225.131,727.397,159.158,228.976,932.712,29.322,0.17064,225.297,703.736,0.9851,0.9935,1.0238
docvqa,1792,docvqa_57373,159.242,228.431,929.887,31.884,0.171248,225.667,701.457,156.65,225.737,1024.187,29.572,0.152951,223.469,798.45,1.0165,1.0119,0.9079
docvqa,1792,docvqa_57374,156.7,226.635,769.58,31.938,0.203617,224.15,542.945,156.671,234.364,745.119,30.044,0.210264,231.835,510.755,1.0002,0.967,1.0328
docvqa,1792,docvqa_57375,155.606,224.703,1160.722,30.194,0.13406,222.046,936.019,156.717,239.399,1193.968,30.793,0.131257,236.807,954.57,0.9929,0.9386,0.9722
docvqa,1792,docvqa_57376,156.53,224.954,679.886,25.274,0.230229,222.535,454.933,156.705,225.85,866.828,35.61,0.180779,223.281,640.978,0.9989,0.996,0.7843
docvqa,1792,docvqa_57386,155.028,223.634,806.46,32.379,0.192232,221.149,582.826,157.139,227.469,741.116,28.536,0.212031,223.729,513.646,0.9866,0.9831,1.0882
docvqa,1792,docvqa_57387,158.365,229.063,882.841,34.409,0.179381,226.77,653.778,156.989,227.987,766.394,28.337,0.204841,223.19,538.407,1.0088,1.0047,1.1519
docvqa,1792,docvqa_57388,156.818,225.748,819.577,31.254,0.191341,223.188,593.83,156.504,224.986,851.352,32.967,0.18383,222.714,626.365,1.002,1.0034,0.9627
docvqa,1792,docvqa_57391,172.164,244.065,547.335,30.327,0.314549,241.139,303.27,156.702,225.564,506.698,28.113,0.309262,222.975,281.134,1.0987,1.082,1.0802
docvqa,1792,docvqa_57395,158.563,229.445,608.407,27.069,0.26062,225.548,378.962,156.652,225.812,639.569,29.554,0.244933,223.212,413.758,1.0122,1.0161,0.9513
docvqa,1792,docvqa_57402,160.609,229.892,1071.263,31.162,0.149925,227.159,841.371,157.144,227.34,1183.853,30.855,0.13274,223.736,956.513,1.022,1.0112,0.9049
docvqa,1792,docvqa_57403,166.303,238.06,1245.662,32.503,0.133506,232.936,1007.601,156.566,226.1,1113.739,28.634,0.140577,223.791,887.639,1.0622,1.0529,1.1185
docvqa,1792,docvqa_57404,156.203,229.723,1051.23,30.426,0.14859,227.157,821.508,157.006,231.218,1050.585,30.347,0.149446,227.799,819.367,0.9949,0.9935,1.0006
docvqa,1792,docvqa_57407,156.093,225.627,869.236,32.18,0.179575,222.895,643.609,156.685,225.934,1296.474,32.441,0.120855,223.446,1070.54,0.9962,0.9986,0.6705
docvqa,1792,docvqa_57409,156.467,225.146,489.334,26.419,0.319754,222.627,264.189,156.683,225.384,499.872,27.449,0.313446,222.807,274.488,0.9986,0.9989,0.9789
docvqa,1792,docvqa_57410,155.412,224.392,689.261,29.054,0.225475,221.676,464.869,156.607,225.99,693.273,29.205,0.225896,223.575,467.283,0.9924,0.9929,0.9942
docvqa,1792,docvqa_57411,154.396,223.124,1023.877,28.598,0.150795,220.609,800.753,156.426,225.488,1085.806,30.726,0.144064,222.982,860.319,0.987,0.9895,0.943
docvqa,1792,docvqa_57413,158.836,227.814,1224.85,32.162,0.129678,225.133,997.036,156.48,226.033,1283.869,30.224,0.121882,223.763,1057.837,1.0151,1.0079,0.954
docvqa,1792,docvqa_57414,155.241,223.963,800.195,32.013,0.194005,221.61,576.231,156.54,227.365,818.986,32.868,0.191139,225.098,591.621,0.9917,0.985,0.9771
docvqa,1792,docvqa_57415,163.842,232.658,895.521,31.565,0.182957,230.107,662.863,156.715,226.447,984.524,30.323,0.159179,223.812,758.077,1.0455,1.0274,0.9096
docvqa,1792,docvqa_57416,156.934,231.521,739.371,29.873,0.212254,229.078,507.849,156.704,225.44,794.06,33.448,0.197346,222.994,568.62,1.0015,1.027,0.9311
docvqa,1792,docvqa_57417,154.826,224.05,726.285,35.874,0.213175,221.388,502.235,156.559,226.408,701.067,33.904,0.223315,223.469,474.659,0.9889,0.9896,1.036
docvqa,1792,docvqa_57418,159.335,228.252,702.876,31.642,0.22669,225.7,474.624,156.677,225.871,708.16,32.153,0.221245,223.185,482.289,1.017,1.0105,0.9925
docvqa,1792,docvqa_57428,155.606,224.684,767.088,33.9,0.202853,222.077,542.404,156.647,225.208,803.38,36.136,0.194985,223.012,578.172,0.9934,0.9977,0.9548
docvqa,1792,docvqa_57431,155.953,224.733,748.574,30.814,0.208334,222.339,523.84,156.899,225.788,804.725,28.947,0.194972,223.23,578.937,0.994,0.9953,0.9302
docvqa,1792,docvqa_57439,159.233,228.307,1854.572,31.274,0.08586,225.819,1626.265,156.802,226.181,1866.094,31.537,0.084027,223.31,1639.913,1.0155,1.0094,0.9938
docvqa,1792,docvqa_57440,172.264,245.066,724.608,29.971,0.237734,238.822,479.542,156.633,225.588,727.92,31.396,0.215179,222.981,502.332,1.0998,1.0863,0.9955
docvqa,1792,docvqa_57449,155.222,223.659,486.531,26.287,0.319038,221.367,262.871,156.599,225.205,526.006,30.08,0.297713,222.84,300.801,0.9912,0.9931,0.925
docvqa,1792,docvqa_57452,163.007,232.003,701.908,31.327,0.232235,229.409,469.904,156.838,225.751,682.119,30.425,0.229927,223.183,456.368,1.0393,1.0277,1.029
docvqa,1792,docvqa_57454,189.34,258.217,2017.204,31.41,0.093863,255.865,1758.988,156.492,225.389,1946.614,30.736,0.080392,222.825,1721.224,1.2099,1.1457,1.0363
docvqa,1792,docvqa_57475,156.882,225.733,699.385,31.577,0.224314,223.234,473.652,157.127,226.939,640.568,27.575,0.245293,223.444,413.628,0.9984,0.9947,1.0918
docvqa,1792,docvqa_57476,155.922,226.247,920.096,31.539,0.169463,223.608,693.849,156.74,226.76,871.09,29.288,0.179936,223.216,644.33,0.9948,0.9977,1.0563
docvqa,1792,docvqa_57515,166.949,236.216,708.952,27.808,0.235488,233.136,472.736,156.648,225.543,732.287,29.808,0.213916,223.243,506.743,1.0658,1.0473,0.9681
docvqa,1792,docvqa_57517,173.929,244.812,531.988,31.908,0.326942,241.314,287.176,157.02,226.483,516.441,32.218,0.304043,223.205,289.958,1.1077,1.0809,1.0301
docvqa,1792,docvqa_57519,156.829,225.094,489.783,26.469,0.3202,222.74,264.689,156.642,225.914,540.912,31.5,0.289589,222.92,314.998,1.0012,0.9964,0.9055
docvqa,1792,docvqa_57521,155.658,225.553,636.773,31.632,0.244448,223.167,411.22,156.879,225.25,612.215,29.767,0.256248,223.046,386.965,0.9922,1.0013,1.0401
docvqa,1792,docvqa_57523,155.83,224.54,653.172,28.575,0.238574,222.416,428.631,156.457,225.223,665.448,29.348,0.235116,223.058,440.225,0.996,0.997,0.9816
docvqa,1792,docvqa_57524,157.533,225.713,625.564,28.561,0.251826,223.548,399.851,156.649,225.784,658.451,30.905,0.237905,223.09,432.667,1.0056,0.9997,0.9501
docvqa,1792,docvqa_57525,171.47,242.474,945.062,29.274,0.181438,239.198,702.588,156.678,226.813,955.141,30.347,0.164036,224.361,728.329,1.0944,1.069,0.9894
docvqa,1792,docvqa_57526,156.003,224.639,575.204,35.056,0.271214,222.407,350.565,156.531,225.193,534.947,30.975,0.292611,222.824,309.754,0.9966,0.9975,1.0753
docvqa,1792,docvqa_57527,156.802,225.363,785.11,32.926,0.199719,223.067,559.747,156.491,224.925,751.854,30.996,0.20814,222.628,526.929,1.002,1.0019,1.0442
docvqa,1792,docvqa_57528,158.86,227.342,1018.771,28.265,0.155933,225.038,791.429,156.559,226.024,1031.714,28.775,0.151746,223.695,805.69,1.0147,1.0058,0.9875
docvqa,1792,docvqa_57529,155.39,223.957,1084.363,29.669,0.143301,221.712,860.406,156.871,225.721,1103.206,30.258,0.142195,223.403,877.485,0.9906,0.9922,0.9829
docvqa,1792,docvqa_57530,156.822,225.608,519.88,29.427,0.301651,223.005,294.272,156.93,233.17,538.204,30.503,0.29158,228.958,305.034,0.9993,0.9676,0.966
docvqa,1792,docvqa_57531,156.38,225.508,760.191,35.645,0.205712,222.897,534.682,156.732,226.348,722.819,33.098,0.216834,223.545,496.471,0.9978,0.9963,1.0517
docvqa,1792,docvqa_57532,154.887,225.515,949.147,32.892,0.163185,222.948,723.632,156.567,227.043,829.804,27.398,0.188679,224.634,602.761,0.9893,0.9933,1.1438
docvqa,1792,docvqa_57533,155.831,228.281,781.575,30.739,0.199381,225.909,553.294,156.611,225.776,765.327,29.975,0.204633,222.827,539.551,0.995,1.0111,1.0212
docvqa,1792,docvqa_57537,156.93,225.828,815.751,31.049,0.192375,223.254,589.923,156.648,225.466,755.792,27.912,0.207263,223.042,530.326,1.0018,1.0016,1.0793
docvqa,1792,docvqa_57539,160.069,229.116,847.147,32.528,0.18895,226.474,618.03,156.62,225.909,783.6,29.352,0.199872,223.589,557.69,1.022,1.0142,1.0811
docvqa,1792,docvqa_57540,155.626,225.902,849.881,32.841,0.183115,223.211,623.978,156.814,225.853,832.833,31.946,0.18829,223.088,606.979,0.9924,1.0002,1.0205
docvqa,1792,docvqa_57543,155.437,225.682,810.661,30.788,0.191741,223.047,584.979,156.734,229.776,789.094,29.438,0.198626,227.301,559.318,0.9917,0.9822,1.0273
docvqa,1792,docvqa_57550,155.395,225.09,459.322,29.279,0.338314,222.022,234.232,157.061,227.255,473.733,30.81,0.331539,223.674,246.477,0.9894,0.9905,0.9696
docvqa,1792,docvqa_57557,166.093,242.888,1867.97,27.085,0.088916,238.749,1625.082,156.518,225.481,945.274,28.792,0.16558,223.122,719.793,1.0612,1.0772,1.9761
docvqa,1792,docvqa_57562,157.335,226.433,533.046,30.661,0.295162,223.729,306.613,157.013,226.045,532.62,30.658,0.294794,223.06,306.575,1.0021,1.0017,1.0008
docvqa,1792,docvqa_57564,155.534,224.455,2059.212,29.123,0.075531,221.72,1834.757,156.789,225.549,2112.898,29.958,0.074206,223.081,1887.349,0.992,0.9951,0.9746
docvqa,1792,docvqa_57566,155.922,224.605,676.312,28.232,0.230548,222.294,451.707,156.69,228.16,696.422,29.266,0.224994,225.857,468.262,0.9951,0.9844,0.9711
docvqa,1792,docvqa_57733,160.284,229.409,1045.181,32.631,0.153356,227.028,815.772,156.52,225.601,1028.115,32.101,0.15224,223.101,802.514,1.024,1.0169,1.0166
docvqa,1792,docvqa_57765,155.753,224.246,803.21,30.472,0.193913,221.907,578.965,156.672,225.177,809.949,29.239,0.193435,222.924,584.771,0.9941,0.9959,0.9917
docvqa,1792,docvqa_57766,156.411,227.846,716.644,30.55,0.218255,225.265,488.798,156.865,225.997,745.636,32.477,0.210378,223.188,519.639,0.9971,1.0082,0.9611
docvqa,1792,docvqa_57767,155.705,224.754,643.983,32.248,0.241784,222.499,419.229,156.529,225.245,672.5,34.404,0.232756,222.772,447.255,0.9947,0.9978,0.9576
docvqa,1792,docvqa_57770,156.869,225.519,667.891,31.598,0.234872,223.093,442.373,156.683,225.553,610.866,27.522,0.256494,223.038,385.313,1.0012,0.9998,1.0934
docvqa,1792,docvqa_57771,167.93,238.117,2151.475,32.43,0.078053,234.871,1913.358,156.821,225.521,1955.202,29.317,0.080207,223.351,1729.681,1.0708,1.0559,1.1004
docvqa,1792,docvqa_57780,155.358,229.28,730.187,31.307,0.212765,227.05,500.906,156.453,225.215,726.146,33.395,0.215457,222.836,500.931,0.993,1.018,1.0056
docvqa,1792,docvqa_57781,157.262,232.193,591.106,25.637,0.266047,229.962,358.913,156.677,225.95,672.303,31.882,0.233044,223.431,446.353,1.0037,1.0276,0.8792
docvqa,1792,docvqa_57782,154.608,222.815,2066.579,29.266,0.074814,220.663,1843.764,158.111,232.662,2104.033,29.704,0.075147,228.122,1871.371,0.9778,0.9577,0.9822
docvqa,1792,docvqa_57783,157.087,226.594,762.911,31.548,0.205905,223.734,536.317,156.527,224.871,729.661,29.694,0.21452,222.615,504.79,1.0036,1.0077,1.0456
docvqa,1792,docvqa_57784,159.434,228.142,1754.589,33.184,0.090867,225.641,1526.447,156.758,224.956,1576.774,30.04,0.099417,222.812,1351.818,1.0171,1.0142,1.1128
docvqa,1792,docvqa_57786,157.719,227.001,898.161,33.558,0.175602,224.098,671.16,156.936,227.565,728.937,31.336,0.215294,224.552,501.372,1.005,0.9975,1.2322
docvqa,1792,docvqa_57790,157.498,225.971,435.342,26.171,0.361781,223.463,209.371,156.608,225.069,456.824,28.969,0.34282,222.841,231.756,1.0057,1.004,0.953
docvqa,1792,docvqa_57791,155.99,230.555,982.389,28.917,0.158786,228.297,751.834,156.829,226.13,1058.184,32.002,0.148206,223.368,832.054,0.9947,1.0196,0.9284
docvqa,1792,docvqa_57798,167.085,236.491,1016.646,28.895,0.16435,233.374,780.156,156.947,226.51,1038.923,30.089,0.151067,223.37,812.413,1.0646,1.0441,0.9786
docvqa,1792,docvqa_57799,172.416,242.958,787.284,27.216,0.219001,240.31,544.326,156.793,225.676,875.039,32.468,0.179185,223.251,649.362,1.0996,1.0766,0.8997
docvqa,1792,docvqa_57800,156.41,230.9,1275.956,33.711,0.122583,228.585,1045.056,156.735,228.747,1133.527,29.186,0.138272,226.406,904.78,0.9979,1.0094,1.1257
docvqa,1792,docvqa_57801,172.189,241.029,865.296,32.856,0.198994,238.596,624.267,156.047,225.865,810.915,30.792,0.192433,223.426,585.05,1.1034,1.0671,1.0671
docvqa,1792,docvqa_57803,172.642,242.058,696.484,28.402,0.247877,238.689,454.426,160.101,234.948,725.617,30.667,0.220642,232.502,490.669,1.0783,1.0303,0.9599
docvqa,1792,docvqa_57804,168.162,237.985,519.695,31.301,0.323579,235.469,281.71,155.902,224.739,512.413,31.964,0.304251,222.322,287.674,1.0786,1.0589,1.0142
docvqa,1792,docvqa_57805,158.754,227.397,1621.569,31.686,0.097901,225.028,1394.172,156.014,225.287,1581.262,30.818,0.098664,222.45,1355.976,1.0176,1.0094,1.0255
docvqa,1792,docvqa_57807,155.336,226.348,744.524,37.013,0.208638,223.825,518.175,159.9,230.179,631.846,28.69,0.253068,226.909,401.667,0.9715,0.9834,1.1783
docvqa,1792,docvqa_57808,157.633,226.432,704.514,29.88,0.223747,223.839,478.082,156.552,225.095,665.285,27.512,0.235316,222.816,440.19,1.0069,1.0059,1.059
docvqa,1792,docvqa_57810,186.647,254.998,925.285,30.468,0.201719,252.711,670.286,156.501,224.991,877.879,29.677,0.178271,222.632,652.888,1.1926,1.1334,1.054
docvqa,1792,docvqa_57815,165.395,233.998,713.745,28.22,0.231728,231.813,479.747,156.744,225.501,754.598,31.123,0.207719,223.209,529.097,1.0552,1.0377,0.9459
docvqa,1792,docvqa_57817,156.647,227.367,1067.277,27.997,0.146773,224.964,839.91,156.537,231.827,1099.072,29.905,0.142427,229.347,867.245,1.0007,0.9808,0.9711
docvqa,1792,docvqa_57819,160.176,230.36,957.274,33.042,0.167325,227.654,726.914,156.549,225.132,921.061,31.633,0.169966,222.887,695.929,1.0232,1.0232,1.0393
docvqa,1792,docvqa_57820,156.819,225.703,663.481,33.675,0.236358,223.226,437.778,156.797,227.328,586.397,27.621,0.267391,224.638,359.069,1.0001,0.9929,1.1315
docvqa,1792,docvqa_57821,154.975,223.597,696.686,36.391,0.222446,221.274,473.089,156.636,226.26,656.991,33.133,0.238414,223.767,430.731,0.9894,0.9882,1.0604
docvqa,1792,docvqa_57822,155.257,223.949,926.052,31.914,0.167654,221.607,702.103,156.467,225.226,864.708,29.067,0.180948,222.786,639.482,0.9923,0.9943,1.0709
docvqa,1792,docvqa_57823,155.828,224.842,752.871,33.002,0.206978,222.114,528.029,156.597,227.188,729.365,31.386,0.214703,224.609,502.177,0.9951,0.9897,1.0322
docvqa,1792,docvqa_57825,156.008,224.962,747.235,32.642,0.20878,222.472,522.273,156.787,227.497,616.135,27.76,0.254468,225.032,388.638,0.995,0.9889,1.2128
docvqa,1792,docvqa_57826,159.269,230.923,719.102,32.545,0.221483,228.092,488.179,157.124,227.555,642.564,27.667,0.244526,223.45,415.009,1.0137,1.0148,1.1191
docvqa,1792,docvqa_57827,158.144,227.002,881.63,32.731,0.179377,224.484,654.628,157.212,227.008,854.365,31.368,0.18401,223.633,627.358,1.0059,1.0,1.0319
docvqa,1792,docvqa_57833,156.303,224.852,492.772,33.49,0.317192,222.571,267.921,156.697,226.391,498.361,33.996,0.314425,224.088,271.969,0.9975,0.9932,0.9888
docvqa,1792,docvqa_57835,166.818,236.766,762.696,32.871,0.218722,233.522,525.93,156.699,232.066,709.448,29.836,0.220874,229.389,477.382,1.0646,1.0203,1.0751
docvqa,1792,docvqa_57836,156.798,226.493,614.085,35.236,0.255336,224.056,387.592,156.8,225.845,593.479,33.421,0.264205,223.008,367.633,1.0,1.0029,1.0347
docvqa,1792,docvqa_57837,156.401,227.213,595.793,33.507,0.262508,224.224,368.58,156.61,227.14,572.816,31.425,0.273404,224.316,345.675,0.9987,1.0003,1.0401
docvqa,1792,docvqa_57838,158.826,228.013,542.82,34.979,0.292594,225.336,314.807,156.766,227.719,483.602,28.431,0.324164,225.109,255.883,1.0131,1.0013,1.1225
docvqa,1792,docvqa_57841,157.062,226.34,561.499,37.24,0.279718,223.639,335.158,156.592,225.835,476.102,27.808,0.328904,223.055,250.268,1.003,1.0022,1.1794
docvqa,1792,docvqa_57843,156.795,225.173,544.142,35.441,0.28815,222.857,318.969,156.756,225.92,499.6,30.409,0.313763,223.269,273.679,1.0002,0.9967,1.0892
docvqa,1792,docvqa_57844,158.595,227.257,980.665,30.136,0.161722,225.06,753.408,157.046,226.872,914.171,27.492,0.17179,223.762,687.3,1.0099,1.0017,1.0727
docvqa,1792,docvqa_57845,159.896,229.991,776.438,30.358,0.205935,227.457,546.446,156.59,225.995,832.476,33.693,0.188102,223.474,606.481,1.0211,1.0177,0.9327
docvqa,1792,docvqa_57853,171.999,243.134,662.539,26.213,0.259606,238.051,419.405,157.117,226.636,681.104,28.404,0.23068,223.366,454.468,1.0947,1.0728,0.9727
docvqa,1792,docvqa_57854,172.739,242.911,790.486,26.075,0.218523,239.009,547.575,158.435,236.139,868.753,30.124,0.182371,233.936,632.614,1.0903,1.0287,0.9099
docvqa,1792,docvqa_57855,177.223,246.352,759.796,27.023,0.233251,243.341,513.444,156.617,234.01,808.261,30.224,0.19377,231.775,574.251,1.1316,1.0527,0.94
docvqa,1792,docvqa_57857,157.257,226.716,1123.504,28.025,0.13997,224.254,896.788,156.516,224.639,1239.609,31.718,0.126263,222.438,1014.97,1.0047,1.0092,0.9063
docvqa,1792,docvqa_57858,157.577,226.292,902.077,29.382,0.174682,223.604,675.785,156.727,225.654,963.754,32.091,0.162621,223.414,738.1,1.0054,1.0028,0.936
docvqa,1792,docvqa_57880,157.307,226.254,885.413,29.962,0.177665,223.723,659.159,157.19,228.357,909.935,30.981,0.172748,223.457,681.578,1.0007,0.9908,0.9731
docvqa,1792,docvqa_57881,158.236,227.409,718.328,28.878,0.220284,225.121,490.919,157.106,225.884,777.993,32.477,0.201937,223.506,552.109,1.0072,1.0068,0.9233
docvqa,1792,docvqa_57882,169.034,238.906,1338.336,31.412,0.126301,235.506,1099.43,156.505,226.826,779.945,32.536,0.200661,223.203,553.12,1.0801,1.0533,1.7159
docvqa,1792,docvqa_57883,157.482,226.377,1240.365,28.971,0.126964,223.775,1013.988,156.392,226.3,1234.042,28.793,0.126732,223.93,1007.742,1.007,1.0003,1.0051
docvqa,1792,docvqa_57884,156.687,229.409,660.771,30.812,0.237128,227.031,431.362,156.726,225.519,656.208,30.763,0.238835,223.096,430.689,0.9998,1.0172,1.007
docvqa,1792,docvqa_57885,155.774,224.285,683.048,35.289,0.228057,222.091,458.763,158.577,231.282,588.404,27.471,0.269504,227.884,357.122,0.9823,0.9697,1.1608
docvqa,1792,docvqa_57886,161.687,230.265,694.819,25.809,0.232704,227.843,464.554,156.503,225.048,776.979,30.663,0.201425,222.801,551.931,1.0331,1.0232,0.8943
docvqa,1792,docvqa_57887,160.29,230.338,771.562,30.068,0.207748,226.859,541.224,157.87,233.46,775.932,30.137,0.203458,230.359,542.472,1.0153,0.9866,0.9944
docvqa,1792,docvqa_57888,158.193,227.047,950.994,31.476,0.166345,224.589,723.947,157.183,235.248,870.8,27.633,0.180504,232.036,635.552,1.0064,0.9651,1.0921
docvqa,1792,docvqa_57889,157.588,226.443,658.861,33.263,0.239183,223.849,432.419,156.639,228.447,666.183,33.672,0.235129,226.227,437.736,1.0061,0.9912,0.989
docvqa,1792,docvqa_57890,158.208,226.711,823.838,35.125,0.192037,224.524,597.127,156.746,225.302,765.854,31.797,0.204668,223.077,540.552,1.0093,1.0063,1.0757
docvqa,1792,docvqa_57891,156.418,225.339,949.515,30.174,0.164734,222.899,724.175,156.663,225.339,1013.78,32.852,0.154534,223.025,788.441,0.9984,1.0,0.9366
docvqa,1792,docvqa_57899,163.848,233.814,772.271,29.914,0.212164,231.308,538.457,157.295,227.742,833.461,33.651,0.188725,224.192,605.718,1.0417,1.0267,0.9266
docvqa,1792,docvqa_57900,157.919,226.437,638.494,29.433,0.24733,224.195,412.056,156.591,230.037,732.955,27.94,0.213644,227.808,502.918,1.0085,0.9844,0.8711
docvqa,1792,docvqa_57901,154.829,223.612,1294.177,32.441,0.119635,221.127,1070.565,156.331,224.881,1265.568,31.536,0.123527,222.66,1040.687,0.9904,0.9944,1.0226
docvqa,1792,docvqa_57902,156.256,224.742,567.723,34.298,0.275234,222.337,342.981,156.307,225.091,520.705,29.561,0.300183,222.872,295.614,0.9997,0.9984,1.0903
docvqa,1792,docvqa_57903,157.137,225.877,856.309,28.656,0.183505,223.293,630.433,156.431,224.888,909.517,31.12,0.171993,222.689,684.63,1.0045,1.0044,0.9415
docvqa,1792,docvqa_57904,154.706,225.284,2141.638,30.418,0.072237,223.071,1916.354,156.966,226.502,2199.268,31.314,0.071372,223.769,1972.766,0.9856,0.9946,0.9738
docvqa,1792,docvqa_57905,160.73,230.931,791.791,29.519,0.202995,228.698,560.86,156.539,225.207,825.451,31.592,0.18964,222.794,600.244,1.0268,1.0254,0.9592
docvqa,1792,docvqa_57928,158.409,228.417,566.533,37.568,0.27961,225.851,338.116,156.444,227.989,534.155,34.018,0.29288,224.926,306.166,1.0126,1.0019,1.0606
docvqa,1792,docvqa_57929,157.7,226.418,1572.188,28.633,0.100306,224.036,1345.77,156.55,225.8,2131.137,30.243,0.073459,223.083,1905.337,1.0073,1.0027,0.7377
docvqa,1792,docvqa_57931,155.777,225.864,396.643,28.463,0.392738,223.722,170.778,156.466,226.999,419.035,32.006,0.373395,224.456,192.036,0.9956,0.995,0.9466
docvqa,1792,docvqa_57933,155.459,224.743,629.221,31.114,0.247067,222.503,404.478,156.5,225.093,595.466,28.49,0.26282,222.753,370.373,0.9933,0.9984,1.0567
docvqa,1792,docvqa_57934,155.485,226.116,751.512,29.189,0.206896,223.653,525.396,156.702,226.606,785.544,31.052,0.199482,223.905,558.938,0.9922,0.9978,0.9567
docvqa,1792,docvqa_57951,158.285,228.695,463.762,29.383,0.341307,226.214,235.066,156.753,227.506,493.704,33.275,0.317504,224.608,266.198,1.0098,1.0052,0.9394
docvqa,1792,docvqa_57952,155.146,224.425,746.229,34.787,0.207906,221.993,521.804,156.443,225.237,659.954,28.981,0.237051,222.708,434.717,0.9917,0.9964,1.1307
docvqa,1792,docvqa_57954,158.541,227.485,741.061,32.098,0.213939,225.001,513.576,156.904,228.15,699.058,29.432,0.224451,224.546,470.907,1.0104,0.9971,1.0601
docvqa,1792,docvqa_57955,156.392,225.199,684.718,35.348,0.228403,222.628,459.519,156.533,234.499,625.897,30.108,0.250094,231.714,391.398,0.9991,0.9603,1.094
docvqa,1792,docvqa_57963,157.143,225.818,1525.175,31.692,0.103033,223.23,1299.357,156.877,226.398,1496.661,30.982,0.104818,223.11,1270.263,1.0017,0.9974,1.0191
docvqa,1792,docvqa_57964,159.054,228.844,1640.708,30.04,0.096942,226.175,1411.864,156.239,224.527,1739.74,32.239,0.089806,222.099,1515.213,1.018,1.0192,0.9431
docvqa,1792,docvqa_57965,155.617,224.181,2201.649,31.388,0.070682,221.922,1977.468,156.303,224.818,2198.19,31.323,0.071105,222.47,1973.372,0.9956,0.9972,1.0016
docvqa,1792,docvqa_57969,157.324,225.595,515.183,32.176,0.305376,223.326,289.588,158.387,238.528,506.424,29.766,0.312756,233.652,267.897,0.9933,0.9458,1.0173
docvqa,1792,docvqa_57971,157.429,226.833,867.489,30.507,0.181476,224.032,640.657,156.534,226.66,864.507,30.374,0.181067,224.027,637.847,1.0057,1.0008,1.0034
docvqa,1792,docvqa_57973,154.633,223.192,649.312,32.778,0.238149,220.842,426.12,156.82,226.129,619.175,30.234,0.253273,223.614,393.046,0.9861,0.987,1.0487
docvqa,1792,docvqa_57974,163.402,232.096,721.29,28.776,0.226541,229.376,489.194,156.628,226.338,702.312,27.998,0.223018,223.778,475.974,1.0432,1.0254,1.027
docvqa,1792,docvqa_57975,157.355,225.701,798.088,30.126,0.197166,223.48,572.387,156.34,227.199,836.125,32.049,0.186981,224.735,608.926,1.0065,0.9934,0.9545
docvqa,1792,docvqa_57976,155.072,223.466,696.227,27.809,0.222733,221.301,472.761,156.459,225.124,724.854,29.396,0.215848,222.852,499.73,0.9911,0.9926,0.9605
docvqa,1792,docvqa_57977,157.546,225.759,786.575,28.041,0.200293,223.518,560.816,156.645,225.373,877.482,32.605,0.178517,223.127,652.109,1.0058,1.0017,0.8964
docvqa,1792,docvqa_57978,157.752,225.796,905.72,29.562,0.174173,223.607,679.924,156.449,225.042,940.027,31.086,0.16643,222.826,714.985,1.0083,1.0034,0.9635
docvqa,1792,docvqa_57985,158.277,230.012,790.272,28.013,0.200282,227.288,560.26,156.851,226.217,902.713,33.825,0.173756,223.726,676.496,1.0091,1.0168,0.8754
docvqa,1792,docvqa_57986,155.781,225.121,2084.723,29.517,0.074725,222.723,1859.602,156.338,225.436,2232.246,31.854,0.070036,222.907,2006.81,0.9964,0.9986,0.9339
docvqa,1792,docvqa_57987,156.473,225.173,2159.041,30.696,0.072474,222.803,1933.868,156.699,227.678,1881.467,29.532,0.083286,225.366,1653.789,0.9986,0.989,1.1475
docvqa,1792,docvqa_57989,157.288,226.026,789.625,28.18,0.199194,223.582,563.598,156.752,226.885,879.018,32.607,0.178327,223.425,652.132,1.0034,0.9962,0.8983
docvqa,1792,docvqa_58007,155.689,224.193,842.746,28.116,0.18474,221.857,618.554,156.36,224.515,890.675,30.28,0.175553,222.264,666.16,0.9957,0.9986,0.9462
docvqa,1792,docvqa_58009,155.26,223.551,429.009,25.682,0.361903,221.189,205.459,156.476,225.796,444.926,27.391,0.351689,223.426,219.13,0.9922,0.9901,0.9642
docvqa,1792,docvqa_58018,167.163,236.699,1843.065,31.497,0.090698,233.678,1606.366,156.541,230.768,2082.306,29.864,0.075177,227.678,1851.537,1.0679,1.0257,0.8851
docvqa,1792,docvqa_58020,156.367,225.098,578.5,35.34,0.270298,222.562,353.402,156.462,224.988,552.558,32.757,0.28316,222.636,327.569,0.9994,1.0005,1.0469
docvqa,1792,docvqa_58021,154.652,223.122,479.448,25.633,0.322562,220.62,256.326,156.53,225.014,527.368,30.235,0.296814,222.734,302.354,0.988,0.9916,0.9091
docvqa,1792,docvqa_58022,167.54,238.377,869.337,31.548,0.192722,235.397,630.96,156.401,225.007,802.541,28.877,0.194882,222.703,577.533,1.0712,1.0594,1.0832
docvqa,1792,docvqa_58023,159.087,228.132,775.604,27.374,0.205114,225.28,547.473,156.62,229.398,827.297,29.895,0.189315,227.011,597.899,1.0158,0.9945,0.9375
docvqa,1792,docvqa_58024,157.402,226.588,886.786,31.438,0.177498,223.769,660.199,159.792,232.575,815.356,27.752,0.195978,226.193,582.782,0.985,0.9743,1.0876
docvqa,1792,docvqa_58029,156.19,225.26,630.815,33.796,0.247601,222.668,405.555,156.688,226.351,608.897,31.879,0.257331,223.233,382.545,0.9968,0.9952,1.036
docvqa,1792,docvqa_58054,156.601,225.723,1326.88,27.529,0.118022,222.883,1101.157,156.54,226.654,1411.777,29.628,0.110882,224.287,1185.123,1.0004,0.9959,0.9399
docvqa,1792,docvqa_58056,155.554,224.319,1142.444,29.617,0.136159,221.605,918.125,156.51,228.584,1205.516,31.514,0.129829,226.218,976.932,0.9939,0.9813,0.9477
docvqa,1792,docvqa_58059,157.861,227.057,702.837,27.987,0.224605,224.739,475.78,156.649,225.526,766.519,31.823,0.204364,223.052,540.992,1.0077,1.0068,0.9169
docvqa,1792,docvqa_58061,154.695,223.019,2029.545,28.675,0.076222,220.871,1806.526,156.661,225.261,2066.969,29.233,0.075793,222.875,1841.708,0.9875,0.99,0.9819
docvqa,1792,docvqa_58064,155.335,223.597,745.729,32.633,0.208299,221.408,522.132,156.453,226.714,707.454,30.046,0.221149,224.461,480.739,0.9929,0.9863,1.0541
docvqa,1792,docvqa_581,179.437,249.824,596.839,28.918,0.300646,245.973,347.015,157.88,236.171,573.922,28.146,0.27509,233.681,337.752,1.1365,1.0578,1.0399
docvqa,1792,docvqa_58105,156.359,225.229,554.581,32.935,0.281941,222.73,329.351,156.492,225.402,530.533,30.513,0.294972,222.774,305.131,0.9992,0.9992,1.0453
docvqa,1792,docvqa_58106,177.23,247.202,768.037,32.552,0.230757,243.651,520.835,156.585,225.262,720.655,30.962,0.217282,222.997,495.393,1.1318,1.0974,1.0657
docvqa,1792,docvqa_58107,155.0,224.174,696.117,33.71,0.222664,221.478,471.942,156.449,224.914,606.339,27.245,0.258023,222.529,381.424,0.9907,0.9967,1.1481
docvqa,1792,docvqa_58108,155.131,223.801,931.598,29.492,0.166521,221.314,707.798,156.705,226.942,940.828,29.745,0.166561,224.011,713.886,0.99,0.9862,0.9902
docvqa,1792,docvqa_582,154.765,223.337,734.953,26.927,0.210578,220.825,511.616,156.742,225.817,1277.037,30.035,0.122739,223.285,1051.221,0.9874,0.989,0.5755
docvqa,1792,docvqa_583,162.014,232.086,666.458,31.027,0.243097,229.911,434.372,156.303,224.723,689.596,33.205,0.226659,222.457,464.873,1.0365,1.0328,0.9664
docvqa,1792,docvqa_584,159.363,227.94,669.192,29.417,0.238142,225.651,441.253,156.548,225.187,738.106,34.195,0.212094,222.814,512.919,1.018,1.0122,0.9066
docvqa,1792,docvqa_58694,157.834,226.06,799.082,30.159,0.197519,223.837,573.022,156.497,225.095,856.697,33.242,0.182674,222.939,631.602,1.0085,1.0043,0.9327
docvqa,1792,docvqa_58695,157.093,228.112,944.527,31.148,0.166319,225.664,716.415,156.626,226.289,921.502,30.227,0.169968,224.005,695.213,1.003,1.0081,1.025
docvqa,1792,docvqa_58700,156.587,225.046,873.732,30.89,0.179216,222.755,648.686,156.979,225.891,865.575,30.461,0.181358,223.287,639.684,0.9975,0.9963,1.0094
docvqa,1792,docvqa_58702,169.667,242.224,778.923,29.817,0.217822,236.104,536.699,156.242,224.936,742.059,28.729,0.210552,222.572,517.123,1.0859,1.0769,1.0497
docvqa,1792,docvqa_596,155.52,226.433,915.768,27.573,0.169824,223.73,689.336,156.698,225.698,981.21,30.22,0.159699,223.373,755.512,0.9925,1.0033,0.9333
docvqa,1792,docvqa_597,158.567,228.091,694.768,33.334,0.22823,225.386,466.678,156.612,225.134,612.194,27.647,0.255821,222.867,387.059,1.0125,1.0131,1.1349
docvqa,1792,docvqa_598,158.7,228.517,1626.518,31.067,0.09757,226.072,1398.001,156.404,225.209,1645.441,31.561,0.095053,222.773,1420.232,1.0147,1.0147,0.9885
docvqa,1792,docvqa_599,158.911,229.249,2073.416,31.257,0.076642,226.674,1844.166,156.75,225.943,2040.354,30.753,0.076825,223.287,1814.411,1.0138,1.0146,1.0162
docvqa,1792,docvqa_600,188.449,258.2,543.316,28.512,0.346849,254.73,285.116,156.914,227.386,506.471,27.908,0.309818,223.411,279.084,1.201,1.1355,1.0727
docvqa,1792,docvqa_601,159.666,230.805,1709.483,30.177,0.0934,228.313,1478.678,156.678,227.98,1703.971,30.122,0.091948,225.847,1475.991,1.0191,1.0124,1.0032
docvqa,1792,docvqa_60401,155.391,223.825,757.382,35.571,0.205168,221.548,533.558,157.305,226.874,747.309,34.696,0.210496,223.349,520.434,0.9878,0.9866,1.0135
docvqa,1792,docvqa_60403,155.911,225.353,668.126,31.627,0.233356,222.49,442.773,156.985,226.347,656.778,30.745,0.239022,223.62,430.431,0.9932,0.9956,1.0173
docvqa,1792,docvqa_60404,159.747,228.572,1161.527,33.32,0.137532,226.14,932.956,156.54,225.95,1087.793,30.78,0.143906,223.388,861.842,1.0205,1.0116,1.0678
docvqa,1792,docvqa_60406,157.858,227.35,1037.368,32.401,0.152171,224.61,810.018,157.054,225.536,969.372,29.753,0.162016,223.053,743.835,1.0051,1.008,1.0701
docvqa,1792,docvqa_60407,154.771,224.086,705.582,32.1,0.219353,221.271,481.497,156.552,225.6,710.453,32.324,0.220355,223.188,484.853,0.9886,0.9933,0.9931
docvqa,1792,docvqa_610,157.408,226.037,2191.119,31.695,0.071839,223.69,1965.081,156.554,225.36,2097.719,30.199,0.074631,222.847,1872.359,1.0055,1.003,1.0445
docvqa,1792,docvqa_611,158.839,227.788,1035.345,28.841,0.153416,225.089,807.556,156.497,225.162,1052.694,29.555,0.148663,222.785,827.532,1.015,1.0117,0.9835
docvqa,1792,docvqa_612,158.122,227.193,1112.657,30.533,0.142112,224.999,885.465,156.506,225.921,1154.23,32.011,0.135593,223.648,928.309,1.0103,1.0056,0.964
docvqa,1792,docvqa_613,156.665,225.34,2150.508,30.558,0.07285,222.778,1925.168,156.629,225.772,1765.817,30.801,0.088701,223.311,1540.046,1.0002,0.9981,1.2179
docvqa,1792,docvqa_636,156.816,225.282,2162.383,30.748,0.07252,223.049,1937.101,156.464,225.229,2120.312,30.081,0.073793,223.017,1895.083,1.0022,1.0002,1.0198
docvqa,1792,docvqa_637,179.689,248.69,831.844,27.769,0.216012,245.918,583.155,156.551,225.246,816.748,28.167,0.191676,222.745,591.503,1.1478,1.1041,1.0185
docvqa,1792,docvqa_639,157.999,235.105,1821.606,28.33,0.086736,232.907,1586.5,156.98,227.943,1912.069,30.074,0.082099,225.277,1684.126,1.0065,1.0314,0.9527
docvqa,1792,docvqa_650,158.641,228.975,693.781,30.987,0.228662,226.45,464.806,156.446,225.407,658.556,28.877,0.237558,223.047,433.149,1.014,1.0158,1.0535
docvqa,1792,docvqa_651,154.752,224.112,859.736,30.268,0.18,221.608,635.624,156.406,225.334,912.152,32.706,0.171469,223.057,686.818,0.9894,0.9946,0.9425
docvqa,1792,docvqa_674,156.871,226.791,639.584,31.753,0.24527,224.36,412.793,156.521,224.906,582.161,27.481,0.268862,222.659,357.255,1.0022,1.0084,1.0986
docvqa,1792,docvqa_675,154.659,223.2,2232.144,31.888,0.069287,220.815,2008.944,156.568,225.228,2180.132,31.03,0.071816,222.728,1954.904,0.9878,0.991,1.0239
docvqa,1792,docvqa_676,160.255,230.026,567.215,30.654,0.282529,227.617,337.19,156.634,230.851,571.93,31.007,0.273868,228.314,341.079,1.0231,0.9964,0.9918
docvqa,1792,docvqa_677,164.939,234.688,1114.908,31.436,0.14794,231.399,880.22,156.358,226.49,1043.027,29.162,0.149908,224.211,816.537,1.0549,1.0362,1.0689
docvqa,1792,docvqa_678,157.728,227.119,888.14,33.051,0.177594,224.918,661.021,156.68,225.529,816.584,29.553,0.191872,223.135,591.055,1.0067,1.0071,1.0876
docvqa,1792,docvqa_6943,157.907,226.579,718.956,30.774,0.219633,224.146,492.377,156.472,225.077,737.361,32.018,0.212205,222.749,512.284,1.0092,1.0067,0.975
docvqa,1792,docvqa_782,156.039,225.566,759.786,28.117,0.205372,223.284,534.22,156.493,225.024,840.563,32.397,0.186176,222.723,615.539,0.9971,1.0024,0.9039
docvqa,1792,docvqa_783,158.547,228.632,715.389,30.422,0.221624,225.671,486.758,156.536,226.45,717.628,30.699,0.218129,224.216,491.178,1.0128,1.0096,0.9969
docvqa,1792,docvqa_784,158.336,227.396,1071.407,33.76,0.147783,225.004,844.011,156.54,225.406,1012.946,31.502,0.154539,222.933,787.54,1.0115,1.0088,1.0577
docvqa,1792,docvqa_785,158.204,227.124,718.351,32.748,0.220232,224.753,491.227,157.162,227.336,677.031,29.98,0.232134,224.031,449.695,1.0066,0.9991,1.061
docvqa,1792,docvqa_786,156.238,224.745,521.844,29.71,0.299395,222.446,297.099,156.663,227.66,507.04,27.938,0.308975,224.991,279.38,0.9973,0.9872,1.0292
docvqa,1792,docvqa_788,155.404,224.891,1045.012,32.805,0.14871,221.931,820.12,156.55,226.288,965.575,29.571,0.162131,222.91,739.287,0.9927,0.9938,1.0823
docvqa,1792,docvqa_789,168.574,241.508,1217.704,27.117,0.138436,237.841,976.195,155.769,228.734,1346.305,30.205,0.115701,226.494,1117.571,1.0822,1.0558,0.9045
docvqa,1792,docvqa_790,155.43,223.884,902.375,30.84,0.172246,221.476,678.491,156.591,225.306,907.031,30.987,0.172641,223.053,681.725,0.9926,0.9937,0.9949
docvqa,1792,docvqa_792,158.354,227.132,1077.725,31.503,0.146933,224.868,850.593,156.517,224.99,1066.978,31.185,0.146692,222.728,841.988,1.0117,1.0095,1.0101
docvqa,1792,docvqa_793,155.979,224.817,630.297,31.191,0.24747,222.388,405.479,156.587,225.334,635.398,31.543,0.246439,222.949,410.064,0.9961,0.9977,0.992
docvqa,1792,docvqa_794,156.648,226.099,695.601,29.344,0.225198,223.601,469.502,156.733,225.455,668.946,27.718,0.234298,223.102,443.491,0.9995,1.0029,1.0398
docvqa,1792,docvqa_809,159.935,228.282,665.977,31.264,0.240151,225.929,437.695,156.549,225.341,609.125,27.413,0.257007,222.944,383.784,1.0216,1.0131,1.0933
docvqa,1792,docvqa_815,163.291,232.862,800.923,29.898,0.203879,229.588,568.061,157.542,231.95,887.563,34.506,0.177499,228.007,655.613,1.0365,1.0039,0.9024
docvqa,1792,docvqa_822,154.544,223.115,582.105,27.615,0.265492,220.66,358.99,157.155,226.575,594.474,28.3,0.264359,223.21,367.9,0.9834,0.9847,0.9792
docvqa,1792,docvqa_824,157.735,227.132,928.948,31.901,0.1698,224.994,701.816,156.889,226.473,915.845,31.335,0.171306,223.769,689.372,1.0054,1.0029,1.0143
docvqa,1792,docvqa_826,157.449,227.576,559.518,27.662,0.281401,225.164,331.942,156.695,225.363,601.995,31.386,0.260294,222.964,376.632,1.0048,1.0098,0.9294
docvqa,1792,docvqa_8560,156.316,226.939,841.393,32.34,0.185783,224.532,614.455,156.903,226.094,826.293,31.589,0.189888,223.216,600.199,0.9963,1.0037,1.0183
docvqa,1792,docvqa_8565,155.095,227.659,1055.203,31.829,0.146981,225.359,827.544,156.79,225.801,1028.395,30.869,0.152461,223.328,802.594,0.9892,1.0082,1.0261
docvqa,448,docvqa_16424,23.781,55.629,1280.569,29.165,0.018571,52.577,1224.94,26.16,56.614,1197.774,28.529,0.021841,53.674,1141.16,0.9091,0.9826,1.0691
docvqa,448,docvqa_16429,26.968,57.279,410.425,29.429,0.065706,54.756,353.146,37.967,69.901,427.614,29.809,0.088787,66.958,357.714,0.7103,0.8194,0.9598
docvqa,448,docvqa_16430,26.743,59.59,426.486,30.575,0.062706,56.22,366.896,50.441,101.466,476.516,31.254,0.105854,98.343,375.05,0.5302,0.5873,0.895
docvqa,448,docvqa_16437,22.316,52.332,700.79,30.879,0.031845,49.297,648.458,17.806,48.802,686.874,30.384,0.025924,45.571,638.072,1.2533,1.0723,1.0203
docvqa,448,docvqa_16440,24.482,56.115,725.414,30.423,0.033748,53.055,669.299,17.399,47.161,698.692,29.615,0.024902,44.85,651.53,1.4071,1.1899,1.0382
docvqa,448,docvqa_16444,23.883,55.815,775.742,31.301,0.030787,52.827,719.927,25.111,62.602,727.132,28.893,0.034534,56.721,664.53,0.9511,0.8916,1.0669
docvqa,448,docvqa_16447,25.062,57.155,857.666,32.02,0.029222,53.949,800.511,19.23,52.064,817.831,30.631,0.023513,49.101,765.768,1.3033,1.0978,1.0487
docvqa,448,docvqa_16450,24.854,56.868,406.046,34.918,0.061211,53.835,349.178,62.518,104.714,417.246,31.253,0.149835,100.222,312.532,0.3975,0.5431,0.9732
docvqa,448,docvqa_16455,21.598,54.898,783.891,28.038,0.027552,52.167,728.993,53.534,93.601,852.431,29.186,0.062801,90.806,758.83,0.4034,0.5865,0.9196
docvqa,448,docvqa_16456,26.413,61.356,410.454,29.092,0.06435,55.553,349.098,26.316,69.974,382.839,26.072,0.068738,66.76,312.865,1.0037,0.8768,1.0721
docvqa,448,docvqa_16463,47.939,80.191,388.27,25.673,0.123467,74.225,308.079,16.899,45.943,419.659,31.143,0.040269,43.258,373.716,2.8368,1.7454,0.9252
docvqa,448,docvqa_16468,24.018,55.453,788.821,29.335,0.030449,52.538,733.367,20.188,63.899,811.132,29.889,0.024888,60.714,747.234,1.1897,0.8678,0.9725
docvqa,448,docvqa_16473,23.337,54.748,414.695,29.996,0.056274,51.561,359.946,17.081,46.929,388.462,28.461,0.043971,44.168,341.533,1.3663,1.1666,1.0675
docvqa,448,docvqa_16529,22.19,51.768,448.544,28.341,0.049471,48.999,396.776,17.246,46.624,445.341,28.48,0.038725,43.748,398.717,1.2867,1.1103,1.0072
docvqa,448,docvqa_16533,21.162,61.019,502.762,29.45,0.042091,58.203,441.743,16.791,47.943,502.885,30.329,0.033389,45.148,454.942,1.2603,1.2727,0.9998
docvqa,448,docvqa_16539,21.92,51.049,718.285,30.329,0.030517,48.337,667.236,16.791,46.093,691.584,29.341,0.024279,43.387,645.491,1.3055,1.1075,1.0386
docvqa,448,docvqa_16553,22.027,51.138,588.474,28.281,0.03743,48.439,537.336,17.051,46.651,615.121,29.919,0.02772,43.868,568.47,1.2918,1.0962,0.9567
docvqa,448,docvqa_16568,31.612,78.509,411.951,33.344,0.076737,75.078,333.442,18.454,49.366,362.095,31.273,0.050965,46.363,312.729,1.713,1.5903,1.1377
docvqa,448,docvqa_16574,30.118,76.371,922.867,33.86,0.032636,73.228,846.495,18.353,49.428,862.452,32.521,0.02128,46.396,813.023,1.641,1.5451,1.0701
docvqa,448,docvqa_16606,23.348,54.061,300.707,27.405,0.077645,51.246,246.646,33.057,78.123,377.052,33.214,0.087672,72.254,298.929,0.7063,0.692,0.7975
docvqa,448,docvqa_16609,87.159,142.718,608.042,27.372,0.143344,128.875,465.325,18.792,49.648,582.016,31.316,0.032288,46.621,532.368,4.6381,2.8746,1.0447
docvqa,448,docvqa_16611,43.345,78.708,631.258,29.082,0.068665,75.995,552.549,18.548,59.432,624.948,29.764,0.02968,56.121,565.516,2.3369,1.3243,1.0101
docvqa,448,docvqa_16789,33.914,81.781,774.645,28.869,0.04378,73.944,692.864,18.077,49.151,796.985,31.16,0.022682,46.295,747.834,1.8761,1.6639,0.972
docvqa,448,docvqa_16801,35.468,66.879,1826.089,27.924,0.019423,63.558,1759.209,21.719,55.119,302.621,27.5,0.071771,49.334,247.501,1.633,1.2134,6.0342
docvqa,448,docvqa_16826,22.007,51.753,509.51,28.61,0.043193,48.896,457.757,17.187,46.681,503.49,28.551,0.034136,43.83,456.809,1.2804,1.1087,1.012
docvqa,448,docvqa_16830,23.507,54.431,699.297,29.312,0.033616,51.545,644.866,18.429,48.81,679.981,28.69,0.027102,46.295,631.171,1.2755,1.1152,1.0284
docvqa,448,docvqa_16831,33.747,78.903,728.682,29.535,0.046312,75.956,649.779,19.266,63.134,717.857,29.76,0.026838,60.204,654.722,1.7516,1.2498,1.0151
docvqa,448,docvqa_16832,60.976,120.92,548.935,26.751,0.111081,116.391,428.015,17.271,46.727,462.779,26.003,0.03732,43.911,416.052,3.5305,2.5878,1.1862
docvqa,448,docvqa_16835,38.261,73.521,1472.547,27.432,0.025983,64.796,1399.026,17.02,46.77,1416.934,27.963,0.012012,44.001,1370.164,2.248,1.572,1.0392
docvqa,448,docvqa_16837,21.777,50.718,1720.236,28.297,0.012659,47.972,1669.519,26.313,59.107,1922.029,29.57,0.01369,55.699,1862.921,0.8276,0.8581,0.895
docvqa,448,docvqa_16839,22.533,52.667,1896.614,29.269,0.011881,49.695,1843.946,34.073,79.486,1585.676,28.419,0.021488,76.475,1506.191,0.6613,0.6626,1.1961
docvqa,448,docvqa_16981,24.121,55.873,2008.876,31.0,0.012007,53.005,1953.003,18.53,49.725,1928.288,29.818,0.00961,46.624,1878.563,1.3017,1.1236,1.0418
docvqa,448,docvqa_16990,25.019,57.421,667.568,32.113,0.037478,54.364,610.148,19.175,50.721,617.062,29.807,0.031075,47.741,566.341,1.3048,1.1321,1.0818
docvqa,448,docvqa_16999,24.564,65.876,624.16,29.383,0.039355,62.467,558.284,17.31,47.336,613.986,29.824,0.028194,44.489,566.65,1.4191,1.3917,1.0166
docvqa,448,docvqa_17000,23.922,63.639,419.093,29.621,0.05708,60.48,355.454,17.192,47.123,367.205,26.674,0.046818,44.34,320.082,1.3915,1.3505,1.1413
docvqa,448,docvqa_17001,23.867,54.637,1675.51,31.171,0.014245,51.675,1620.872,18.711,54.702,1706.293,30.029,0.010966,51.313,1651.591,1.2756,0.9988,0.982
docvqa,448,docvqa_17002,24.652,55.197,433.273,27.005,0.056897,52.3,378.076,16.743,45.27,414.618,26.382,0.040382,43.041,369.349,1.4724,1.2193,1.045
docvqa,448,docvqa_17003,22.919,53.387,801.189,31.158,0.028607,50.605,747.802,16.926,46.234,700.027,27.241,0.024179,43.511,653.793,1.3541,1.1547,1.1445
docvqa,448,docvqa_17004,23.545,55.384,572.82,28.746,0.041104,52.146,517.436,16.66,45.452,567.072,28.979,0.029378,42.775,521.62,1.4133,1.2185,1.0101
docvqa,448,docvqa_17005,23.359,53.769,487.775,28.934,0.047889,50.825,434.006,28.298,74.409,485.626,27.414,0.058272,67.59,411.217,0.8255,0.7226,1.0044
docvqa,448,docvqa_17007,22.746,51.891,845.125,28.33,0.026915,49.063,793.234,26.783,77.026,902.006,29.464,0.029693,68.271,824.98,0.8493,0.6737,0.9369
docvqa,448,docvqa_17132,24.061,55.864,537.778,34.422,0.044741,52.766,481.914,17.304,49.125,478.904,30.699,0.036133,46.247,429.78,1.3905,1.1372,1.1229
docvqa,448,docvqa_17133,23.845,55.101,751.241,30.267,0.031741,52.091,696.141,16.996,46.289,463.274,29.785,0.036687,43.63,416.985,1.403,1.1904,1.6216
docvqa,448,docvqa_17134,24.075,55.715,834.761,28.854,0.02884,52.661,779.046,18.997,51.172,824.926,28.658,0.023028,47.897,773.754,1.2673,1.0888,1.0119
docvqa,448,docvqa_17135,60.35,100.179,774.988,30.673,0.077872,91.156,674.808,26.618,71.598,739.902,30.377,0.035975,68.577,668.305,2.2673,1.3992,1.0474
docvqa,448,docvqa_17139,22.983,53.811,592.893,35.939,0.038765,51.025,539.082,17.551,48.666,500.447,30.119,0.035071,45.535,451.781,1.3095,1.1057,1.1847
docvqa,448,docvqa_17140,23.522,55.119,478.711,30.257,0.049137,52.329,423.592,17.514,48.007,429.107,27.221,0.040814,45.093,381.1,1.343,1.1481,1.1156
docvqa,448,docvqa_17143,35.2,73.098,510.08,27.311,0.06901,70.385,436.982,16.938,47.143,502.291,28.447,0.033722,44.347,455.147,2.0782,1.5506,1.0155
docvqa,448,docvqa_17147,21.276,49.718,641.526,26.9,0.033165,47.025,591.808,17.957,49.07,735.558,31.204,0.024413,46.097,686.489,1.1848,1.0132,0.8722
docvqa,448,docvqa_17149,21.535,50.041,439.395,27.811,0.049012,47.399,389.355,18.646,49.657,444.433,28.198,0.041955,46.835,394.777,1.1549,1.0077,0.9887
docvqa,448,docvqa_17150,28.65,63.085,394.625,25.503,0.072601,54.461,331.541,17.954,49.329,447.314,30.614,0.040138,46.379,397.985,1.5957,1.2789,0.8822
docvqa,448,docvqa_223,23.403,54.199,385.765,27.63,0.060667,51.417,331.566,18.8,56.182,465.557,34.115,0.040382,53.201,409.375,1.2448,0.9647,0.8286
docvqa,448,docvqa_224,23.255,54.05,505.822,30.118,0.045975,51.241,451.772,18.756,50.156,497.656,29.833,0.037689,47.191,447.5,1.2399,1.0776,1.0164
docvqa,448,docvqa_231,23.528,54.239,1010.645,28.982,0.023281,51.265,956.405,19.242,64.202,1074.941,30.628,0.0179,61.2,1010.739,1.2227,0.8448,0.9402
docvqa,448,docvqa_232,23.552,54.403,532.228,29.864,0.044252,51.448,477.825,18.318,49.621,496.775,27.947,0.036873,46.688,447.153,1.2857,1.0964,1.0714
docvqa,448,docvqa_234,24.186,55.35,1981.908,30.58,0.012203,52.516,1926.558,18.025,49.306,1990.713,30.816,0.009055,46.464,1941.407,1.3418,1.1226,0.9956
docvqa,448,docvqa_237,22.224,52.501,492.458,25.88,0.045129,49.352,439.956,16.968,46.208,671.864,36.803,0.025255,43.474,625.656,1.3098,1.1362,0.733
docvqa,448,docvqa_24423,35.035,87.142,791.894,29.365,0.044242,84.183,704.752,18.358,53.844,797.458,30.984,0.023021,51.43,743.614,1.9084,1.6184,0.993
docvqa,448,docvqa_24426,23.299,53.844,568.647,28.6,0.040972,51.046,514.803,18.793,59.027,630.426,31.744,0.029811,55.9,571.399,1.2398,0.9122,0.902
docvqa,448,docvqa_24437,22.092,51.402,498.92,29.835,0.04428,48.539,447.518,17.897,48.567,465.36,27.786,0.038459,45.23,416.793,1.2344,1.0584,1.0721
docvqa,448,docvqa_24438,21.823,51.914,402.025,29.176,0.054282,49.163,350.11,16.892,46.798,377.48,27.557,0.044749,44.036,330.683,1.2919,1.1093,1.065
docvqa,448,docvqa_24440,29.407,83.122,619.427,31.547,0.047474,80.087,536.305,17.929,53.346,592.585,31.72,0.030256,50.569,539.239,1.6402,1.5582,1.0453
docvqa,448,docvqa_24499,21.596,50.691,620.3,28.48,0.034815,47.971,569.61,18.125,48.715,620.033,28.566,0.029232,45.927,571.317,1.1915,1.0406,1.0004
docvqa,448,docvqa_24500,21.791,51.39,1429.055,28.116,0.015249,48.611,1377.664,24.263,58.046,1484.695,29.115,0.016342,51.967,1426.649,0.8981,0.8853,0.9625
docvqa,448,docvqa_24505,24.604,57.032,518.077,28.815,0.047491,53.687,461.045,18.423,49.953,525.175,29.701,0.03508,46.392,475.223,1.3355,1.1417,0.9865
docvqa,448,docvqa_24580,22.104,51.649,403.972,25.166,0.054717,48.584,352.322,16.834,50.767,444.533,28.126,0.037868,47.926,393.766,1.3131,1.0174,0.9088
docvqa,448,docvqa_24581,21.333,49.624,1018.308,28.491,0.020949,46.798,968.684,17.391,47.155,997.798,27.96,0.01743,44.388,950.642,1.2267,1.0524,1.0206
docvqa,448,docvqa_24582,23.395,58.941,279.319,31.483,0.083759,55.847,220.378,17.012,50.75,232.859,26.016,0.073058,48.015,182.109,1.3752,1.1614,1.1995
docvqa,448,docvqa_25385,24.219,56.293,1281.218,32.235,0.018903,53.404,1224.925,21.295,66.834,580.735,28.55,0.036669,63.685,513.901,1.1373,0.8423,2.2062
docvqa,448,docvqa_25386,32.116,79.974,530.47,30.033,0.060543,76.701,450.497,65.076,98.131,490.512,26.159,0.13267,92.137,392.381,0.4935,0.815,1.0815
docvqa,448,docvqa_25387,25.043,57.545,2030.334,31.314,0.012334,54.442,1972.789,18.061,48.648,1916.648,29.651,0.009423,45.837,1868.0,1.3866,1.1829,1.0593
docvqa,448,docvqa_25396,24.445,56.524,2030.636,31.335,0.012038,53.66,1974.112,18.157,49.203,1916.932,29.646,0.009472,46.928,1867.728,1.3463,1.1488,1.0593
docvqa,448,docvqa_254,21.718,50.446,511.643,27.129,0.042447,47.765,461.197,16.919,46.376,522.433,28.003,0.032385,43.58,476.058,1.2836,1.0878,0.9793
docvqa,448,docvqa_255,32.25,63.868,629.901,26.954,0.051198,61.139,566.034,16.921,46.51,671.949,29.783,0.025181,43.749,625.439,1.9059,1.3732,0.9374
docvqa,448,docvqa_256,21.382,61.527,613.346,30.657,0.034861,58.636,551.819,16.828,46.408,621.333,31.94,0.027084,43.679,574.925,1.2706,1.3258,0.9871
docvqa,448,docvqa_265,21.621,50.509,478.709,28.547,0.045165,47.864,428.2,16.954,46.505,440.367,26.258,0.0385,43.751,393.863,1.2753,1.0861,1.0871
docvqa,448,docvqa_266,23.45,53.778,524.444,29.417,0.044714,50.899,470.665,16.952,46.351,506.067,28.732,0.033498,43.652,459.716,1.3833,1.1602,1.0363
docvqa,448,docvqa_267,23.094,52.814,558.501,31.605,0.04135,50.675,505.686,16.775,46.333,494.005,27.98,0.033956,43.607,447.672,1.3767,1.1399,1.1306
docvqa,448,docvqa_271,24.27,54.443,518.426,28.999,0.046815,51.454,463.983,28.332,63.536,493.094,26.847,0.057457,58.015,429.558,0.8566,0.8569,1.0514
docvqa,448,docvqa_283,26.905,69.713,666.429,28.415,0.040371,66.791,596.717,17.823,48.152,694.224,30.765,0.025673,45.241,646.071,1.5096,1.4478,0.96
docvqa,448,docvqa_284,22.006,50.499,710.124,28.679,0.030989,47.865,659.626,18.185,48.624,725.084,29.411,0.025079,45.717,676.46,1.2101,1.0386,0.9794
docvqa,448,docvqa_285,21.822,50.453,1417.208,26.799,0.015398,47.777,1366.755,25.092,68.852,1546.254,28.969,0.016228,65.683,1477.402,0.8697,0.7328,0.9165
docvqa,448,docvqa_292,20.799,51.822,793.576,26.491,0.02621,46.496,741.754,17.814,47.951,838.937,28.249,0.021235,45.19,790.985,1.1676,1.0807,0.9459
docvqa,448,docvqa_296,24.087,56.671,799.093,32.279,0.030144,53.384,742.422,26.135,60.684,737.61,29.432,0.035432,57.575,676.926,0.9216,0.9339,1.0834
docvqa,448,docvqa_297,22.185,65.085,535.64,29.41,0.041419,60.933,470.555,74.134,108.623,552.258,27.727,0.134237,102.186,443.635,0.2993,0.5992,0.9699
docvqa,448,docvqa_298,23.679,55.156,1670.101,30.471,0.014178,52.071,1614.945,18.476,50.3,1399.065,29.973,0.013206,47.256,1348.765,1.2816,1.0965,1.1937
docvqa,448,docvqa_300,25.813,58.53,670.148,32.19,0.038518,55.536,611.619,17.951,48.653,620.521,30.098,0.028929,45.845,571.868,1.438,1.203,1.08
docvqa,448,docvqa_303,21.84,51.524,528.547,29.814,0.041322,48.568,477.023,18.967,50.181,490.409,27.514,0.038677,47.166,440.228,1.1515,1.0268,1.0778
docvqa,448,docvqa_304,21.954,51.344,961.342,27.576,0.022837,48.536,909.998,18.53,50.355,1009.041,29.051,0.018364,46.742,958.686,1.1848,1.0196,0.9527
docvqa,448,docvqa_305,32.345,75.62,549.519,26.328,0.058861,72.674,473.899,19.4,51.13,615.199,31.337,0.031534,48.112,564.069,1.6673,1.479,0.8932
docvqa,448,docvqa_307,22.177,51.557,472.933,28.092,0.046892,48.683,421.376,18.451,49.662,461.987,27.488,0.039939,46.719,412.325,1.2019,1.0382,1.0237
docvqa,448,docvqa_317,23.791,55.978,446.919,30.072,0.053232,52.715,390.94,17.665,47.618,577.385,33.11,0.030595,45.472,529.767,1.3468,1.1756,0.774
docvqa,448,docvqa_319,23.335,54.455,881.678,28.525,0.026466,51.614,827.223,17.8,48.473,871.042,28.364,0.020435,45.693,822.569,1.311,1.1234,1.0122
docvqa,448,docvqa_320,37.012,82.896,1896.833,28.793,0.019513,78.616,1813.937,19.219,50.478,1932.564,29.874,0.009945,47.686,1882.086,1.9258,1.6422,0.9815
docvqa,448,docvqa_321,26.021,68.858,1912.588,29.266,0.013605,66.211,1843.73,22.514,60.146,1871.848,28.757,0.012028,51.004,1811.702,1.1558,1.1448,1.0218
docvqa,448,docvqa_32870,23.933,55.086,1096.625,32.548,0.021824,52.156,1041.539,17.315,47.612,1104.678,28.569,0.015674,44.777,1057.067,1.3822,1.157,0.9927
docvqa,448,docvqa_32871,26.856,65.823,880.839,29.108,0.030489,62.902,815.016,21.656,74.499,940.922,30.944,0.023016,71.628,866.423,1.2401,0.8835,0.9361
docvqa,448,docvqa_32872,30.984,77.458,674.638,29.859,0.045926,71.474,597.18,17.21,47.44,611.31,28.194,0.028153,44.511,563.87,1.8003,1.6328,1.1036
docvqa,448,docvqa_32873,23.27,54.201,606.083,29.046,0.038395,51.375,551.883,19.954,63.759,617.859,29.163,0.032296,60.805,554.1,1.1662,0.8501,0.9809
docvqa,448,docvqa_32874,23.732,54.652,465.898,31.634,0.050939,51.743,411.246,18.093,48.918,464.808,31.992,0.038926,46.014,415.89,1.3117,1.1172,1.0023
docvqa,448,docvqa_32875,23.261,53.872,670.874,32.474,0.034672,51.06,617.002,18.312,50.678,631.242,30.556,0.02901,47.341,580.564,1.2703,1.063,1.0628
docvqa,448,docvqa_32876,22.987,53.868,662.084,28.963,0.034719,51.067,608.216,20.139,52.387,677.286,29.757,0.029735,49.215,624.9,1.1414,1.0283,0.9776
docvqa,448,docvqa_32877,23.715,67.792,953.919,30.556,0.024861,64.6,886.127,27.875,74.005,978.007,31.172,0.028502,70.773,904.002,0.8508,0.916,0.9754
docvqa,448,docvqa_32878,23.815,55.418,360.62,27.746,0.066039,52.345,305.202,23.977,61.656,408.592,31.54,0.058682,54.626,346.936,0.9932,0.8988,0.8826
docvqa,448,docvqa_32879,24.151,57.136,627.384,33.544,0.038494,53.994,570.248,30.082,75.455,548.121,27.804,0.054882,72.182,472.666,0.8028,0.7572,1.1446
docvqa,448,docvqa_32881,24.358,56.191,905.042,30.316,0.026913,52.982,848.851,18.378,48.918,832.959,28.001,0.022063,46.479,784.041,1.3254,1.1487,1.0865
docvqa,448,docvqa_32882,53.376,92.507,1155.489,29.527,0.046194,82.409,1062.982,17.79,48.818,1150.205,30.594,0.015467,45.943,1101.387,3.0003,1.8949,1.0046
docvqa,448,docvqa_32883,23.909,55.604,710.715,29.778,0.033641,52.671,655.11,18.178,48.813,654.477,27.53,0.027775,45.968,605.664,1.3153,1.1391,1.0859
docvqa,448,docvqa_32885,22.318,52.571,526.56,27.882,0.042384,49.466,473.989,18.333,49.362,583.175,31.401,0.031437,46.374,533.813,1.2174,1.065,0.9029
docvqa,448,docvqa_32886,23.646,54.444,730.811,30.744,0.032356,51.581,676.367,17.99,50.366,700.047,29.531,0.025699,47.54,649.681,1.3144,1.081,1.0439
docvqa,448,docvqa_32889,21.803,60.446,674.642,27.918,0.032317,57.612,614.196,17.673,48.072,726.404,30.833,0.024329,45.271,678.331,1.2337,1.2574,0.9287
docvqa,448,docvqa_32890,21.406,49.871,514.067,27.306,0.04164,47.192,464.196,18.289,49.036,544.909,29.169,0.033564,46.057,495.874,1.1704,1.017,0.9434
docvqa,448,docvqa_32891,23.732,55.68,1069.321,28.961,0.022193,52.456,1013.641,17.834,50.898,1062.005,29.738,0.016793,47.947,1011.107,1.3307,1.094,1.0069
docvqa,448,docvqa_32892,23.473,54.105,546.422,28.96,0.042958,51.211,492.317,17.743,48.773,513.574,27.341,0.034549,45.943,464.801,1.3229,1.1093,1.064
docvqa,448,docvqa_32893,23.182,53.491,1259.766,29.421,0.018402,50.675,1206.275,17.899,48.705,1333.691,29.883,0.01342,45.888,1284.986,1.2952,1.0983,0.9446
docvqa,448,docvqa_32894,35.949,69.616,1636.028,27.007,0.021973,63.479,1566.412,18.426,49.146,1932.636,29.897,0.009534,46.363,1883.49,1.951,1.4165,0.8465
docvqa,448,docvqa_32896,21.468,50.291,358.606,25.693,0.059864,47.573,308.315,16.948,52.73,424.866,31.011,0.039891,49.65,372.137,1.2667,0.9537,0.844
docvqa,448,docvqa_32897,24.578,56.831,444.331,29.808,0.055314,53.608,387.5,16.761,46.309,413.551,28.249,0.04053,43.533,367.242,1.4664,1.2272,1.0744
docvqa,448,docvqa_32898,22.262,52.069,415.294,27.94,0.053606,49.138,363.225,19.567,53.002,463.586,31.583,0.042208,49.844,410.585,1.1377,0.9824,0.8958
docvqa,448,docvqa_32900,21.714,50.794,641.708,31.101,0.033838,48.121,590.915,33.549,86.332,676.127,31.042,0.04962,82.885,589.795,0.6472,0.5884,0.9491
docvqa,448,docvqa_32984,23.909,55.051,672.622,29.408,0.035546,52.159,617.571,26.531,65.336,706.453,30.529,0.037555,55.906,641.117,0.9012,0.8426,0.9521
docvqa,448,docvqa_32986,24.102,55.531,673.129,29.409,0.035806,52.57,617.598,17.335,46.502,694.909,30.877,0.024945,43.808,648.407,1.3904,1.1942,0.9687
docvqa,448,docvqa_32989,23.624,54.791,693.529,30.416,0.034063,51.757,638.738,18.998,60.005,679.46,29.498,0.02796,57.155,619.456,1.2435,0.9131,1.0207
docvqa,448,docvqa_32994,24.152,55.743,666.966,29.106,0.036211,52.82,611.223,20.877,52.034,716.658,31.649,0.02913,49.327,664.624,1.1569,1.0713,0.9307
docvqa,448,docvqa_32995,24.015,55.806,712.403,31.267,0.03371,52.895,656.598,17.7,48.307,625.7,27.495,0.028288,45.143,577.393,1.3568,1.1552,1.1386
docvqa,448,docvqa_33153,28.012,57.494,716.289,27.45,0.039107,54.605,658.794,18.377,49.786,744.007,28.926,0.024699,46.476,694.221,1.5243,1.1548,0.9627
docvqa,448,docvqa_33158,24.091,56.71,475.294,29.899,0.050686,53.405,418.584,17.871,48.413,682.906,30.214,0.026169,45.647,634.493,1.348,1.1714,0.696
docvqa,448,docvqa_345,21.747,50.668,358.878,25.684,0.060599,47.877,308.21,17.699,47.702,401.401,29.475,0.044093,44.863,353.699,1.2287,1.0622,0.8941
docvqa,448,docvqa_346,21.755,50.507,1768.002,27.262,0.012305,47.815,1717.495,19.393,65.669,1945.162,29.833,0.00997,57.286,1879.493,1.1218,0.7691,0.9089
docvqa,448,docvqa_347,35.307,71.173,667.919,27.125,0.052861,65.499,596.745,25.164,70.217,705.178,28.862,0.035685,67.193,634.961,1.4031,1.0136,0.9472
docvqa,448,docvqa_348,21.417,50.36,606.822,29.287,0.035294,47.648,556.462,17.808,60.928,689.227,31.415,0.025838,58.0,628.299,1.2027,0.8265,0.8804
docvqa,448,docvqa_357,21.632,50.397,359.047,25.721,0.06025,47.687,308.65,18.132,48.684,422.201,31.126,0.042947,45.906,373.517,1.193,1.0352,0.8504
docvqa,448,docvqa_358,21.834,50.668,488.051,27.336,0.044737,47.953,437.382,18.389,49.596,1203.394,31.184,0.015281,46.823,1153.799,1.1873,1.0216,0.4056
docvqa,448,docvqa_359,21.83,50.902,520.876,29.373,0.04191,48.164,469.974,21.238,53.486,494.887,31.529,0.042915,50.598,441.4,1.0279,0.9517,1.0525
docvqa,448,docvqa_360,21.525,50.178,578.41,26.412,0.037213,47.538,528.232,22.456,58.101,643.512,29.271,0.034895,51.67,585.411,0.9585,0.8636,0.8988
docvqa,448,docvqa_361,21.305,50.592,1115.3,28.776,0.019103,47.952,1064.708,18.576,49.97,1100.035,28.38,0.016887,46.931,1050.065,1.1469,1.0124,1.0139
docvqa,448,docvqa_362,26.791,67.42,719.652,29.647,0.037227,64.469,652.232,17.718,48.607,665.228,29.363,0.026634,45.445,616.621,1.5121,1.387,1.0818
docvqa,448,docvqa_363,22.134,51.298,588.517,26.861,0.03761,48.283,537.219,17.398,47.101,604.465,27.868,0.028783,44.349,557.364,1.2722,1.0891,0.9736
docvqa,448,docvqa_364,21.692,50.675,896.57,29.169,0.024194,47.822,845.894,43.499,102.093,982.342,30.353,0.044281,92.71,880.249,0.4987,0.4964,0.9127
docvqa,448,docvqa_365,22.688,51.991,1809.122,27.891,0.012541,49.011,1757.131,18.668,53.5,1941.077,29.962,0.009617,50.428,1887.577,1.2153,0.9718,0.932
docvqa,448,docvqa_375,22.666,52.723,651.796,29.954,0.034775,49.982,599.073,18.407,49.205,595.739,27.327,0.030898,46.481,546.534,1.2314,1.0715,1.0941
docvqa,448,docvqa_376,22.26,51.902,723.084,27.966,0.030784,49.018,671.183,19.526,52.778,1889.018,30.102,0.010337,49.366,1836.24,1.14,0.9834,0.3828
docvqa,448,docvqa_377,22.122,53.191,794.552,28.514,0.027842,50.94,741.361,19.626,51.464,1298.234,29.685,0.015118,48.364,1246.77,1.1272,1.0336,0.612
docvqa,448,docvqa_383,33.431,69.8,838.182,26.496,0.039886,62.82,768.382,34.43,74.732,919.823,29.141,0.037431,71.924,845.09,0.971,0.934,0.9112
docvqa,448,docvqa_384,21.381,49.848,1823.252,28.149,0.011727,47.169,1773.404,18.039,51.244,1884.319,29.096,0.009573,45.949,1833.075,1.1853,0.9728,0.9676
docvqa,448,docvqa_385,21.352,49.941,1280.177,27.96,0.016679,47.25,1230.236,18.762,50.422,1553.983,30.071,0.012074,47.301,1503.561,1.138,0.9905,0.8238
docvqa,448,docvqa_39079,54.081,98.573,1133.954,27.983,0.047692,95.682,1035.38,25.125,68.374,1123.692,28.522,0.02236,65.551,1055.318,2.1525,1.4417,1.0091
docvqa,448,docvqa_395,32.161,67.584,413.851,31.479,0.077711,64.674,346.267,18.302,49.301,379.324,30.002,0.04825,46.297,330.022,1.7572,1.3708,1.091
docvqa,448,docvqa_396,32.346,77.559,365.411,28.785,0.088519,74.588,287.852,18.441,49.254,322.398,27.314,0.057198,46.28,273.144,1.754,1.5747,1.1334
docvqa,448,docvqa_397,35.455,78.03,645.721,29.878,0.054907,75.009,567.691,18.079,51.869,643.109,31.118,0.028111,46.509,591.24,1.9611,1.5044,1.0041
docvqa,448,docvqa_398,37.077,73.827,490.823,29.785,0.07554,70.172,416.996,17.105,46.686,414.373,26.263,0.041279,43.856,367.686,2.1676,1.5814,1.1845
docvqa,448,docvqa_407,23.746,54.749,438.707,29.535,0.054128,51.732,383.958,18.33,49.92,460.916,31.615,0.039768,46.745,410.995,1.2955,1.0967,0.9518
docvqa,448,docvqa_408,23.699,289.226,759.544,33.594,0.031201,286.055,470.318,18.444,49.536,467.77,29.874,0.03943,46.507,418.233,1.2849,5.8387,1.6238
docvqa,448,docvqa_409,23.929,55.909,1979.453,30.532,0.012089,52.789,1923.544,18.386,49.707,1860.585,28.744,0.009882,46.603,1810.878,1.3015,1.1248,1.0639
docvqa,448,docvqa_410,23.949,55.98,890.28,32.088,0.0269,53.046,834.299,18.478,49.578,892.137,32.406,0.020712,46.744,842.56,1.2961,1.1291,0.9979
docvqa,448,docvqa_41421,22.233,51.826,403.326,31.955,0.055124,49.0,351.5,18.651,50.449,425.303,34.078,0.043853,47.373,374.855,1.1921,1.0273,0.9483
docvqa,448,docvqa_41434,23.741,54.823,420.683,28.143,0.056435,51.991,365.859,18.819,50.007,439.428,29.955,0.042826,46.981,389.421,1.2615,1.0963,0.9573
docvqa,448,docvqa_41449,28.505,69.651,552.339,30.168,0.051608,66.271,482.687,18.083,48.865,563.417,32.159,0.032095,46.072,514.552,1.5763,1.4254,0.9803
docvqa,448,docvqa_41686,31.034,78.677,408.754,33.008,0.075923,75.426,330.077,27.378,78.538,363.371,28.483,0.075345,69.53,284.833,1.1335,1.0018,1.1249
docvqa,448,docvqa_41687,37.712,85.097,818.571,29.339,0.04607,81.717,733.474,18.231,49.781,781.678,29.276,0.023323,46.948,731.897,2.0686,1.7094,1.0472
docvqa,448,docvqa_41688,25.891,58.569,478.507,29.996,0.054109,55.455,419.937,18.091,49.45,479.029,30.684,0.037765,46.624,429.58,1.4312,1.1844,0.9989
docvqa,448,docvqa_41689,31.441,65.931,2034.248,31.243,0.015456,62.775,1968.317,22.973,68.127,1994.044,30.57,0.011521,65.163,1925.917,1.3686,0.9678,1.0202
docvqa,448,docvqa_41690,24.556,56.376,2009.109,30.996,0.012222,53.399,1952.733,18.294,50.019,2004.187,31.019,0.009128,47.151,1954.168,1.3423,1.1271,1.0025
docvqa,448,docvqa_41691,27.872,59.753,525.644,29.118,0.053025,56.737,465.891,19.233,50.928,499.479,28.034,0.038506,47.857,448.551,1.4492,1.1733,1.0524
docvqa,448,docvqa_41693,28.765,75.889,954.326,31.373,0.030142,72.787,878.437,23.931,69.582,931.662,30.789,0.025686,66.383,862.08,1.202,1.0906,1.0243
docvqa,448,docvqa_41694,24.299,56.39,717.01,31.458,0.03389,53.415,660.619,31.215,78.242,772.256,30.175,0.040421,66.915,694.014,0.7784,0.7207,0.9285
docvqa,448,docvqa_41695,24.75,58.104,898.019,29.997,0.02756,54.63,839.915,17.374,48.16,881.807,29.773,0.019703,44.933,833.647,1.4245,1.2065,1.0184
docvqa,448,docvqa_41705,24.457,56.688,466.17,29.249,0.052464,53.53,409.483,17.135,46.541,496.187,32.118,0.034533,43.788,449.646,1.4273,1.218,0.9395
docvqa,448,docvqa_41715,23.33,67.046,426.245,29.933,0.054734,64.096,359.199,18.205,49.475,415.71,30.52,0.043791,46.581,366.235,1.2815,1.3551,1.0253
docvqa,448,docvqa_41716,26.109,58.045,447.025,27.784,0.058407,55.326,388.979,18.24,49.373,498.219,32.06,0.036611,46.534,448.846,1.4314,1.1756,0.8972
docvqa,448,docvqa_41717,23.131,53.717,464.121,29.315,0.049837,50.906,410.404,17.955,49.382,450.775,33.449,0.039831,46.223,401.394,1.2883,1.0878,1.0296
docvqa,448,docvqa_41719,24.456,58.541,647.623,31.004,0.037763,55.736,589.082,17.181,47.055,619.878,30.149,0.027717,44.235,572.823,1.4234,1.2441,1.0448
docvqa,448,docvqa_41721,25.264,68.234,606.44,28.327,0.041659,65.343,538.207,17.103,47.989,591.856,28.625,0.028898,45.077,543.867,1.4772,1.4219,1.0246
docvqa,448,docvqa_41723,33.183,64.907,586.724,32.614,0.056556,59.171,521.818,42.985,77.409,542.328,29.057,0.079261,74.599,464.918,0.772,0.8385,1.0819
docvqa,448,docvqa_41728,21.3,49.69,945.071,26.335,0.022538,47.022,895.381,16.941,46.995,1104.898,31.115,0.015333,44.228,1057.902,1.2573,1.0573,0.8553
docvqa,448,docvqa_41729,21.194,49.553,634.776,30.801,0.033389,46.875,585.223,18.842,51.473,580.485,27.843,0.032458,48.168,529.013,1.1248,0.9627,1.0935
docvqa,448,docvqa_41749,25.07,57.551,921.828,32.01,0.027196,54.418,864.276,16.812,46.81,768.371,26.724,0.02188,44.042,721.561,1.4912,1.2295,1.1997
docvqa,448,docvqa_41750,24.992,57.344,488.107,28.718,0.051201,54.177,430.763,47.048,80.176,507.953,28.518,0.092623,74.434,427.777,0.5312,0.7152,0.9609
docvqa,448,docvqa_431,25.463,62.11,840.652,28.835,0.030289,54.022,778.542,27.937,66.867,876.968,30.004,0.031856,56.837,810.101,0.9114,0.9289,0.9586
docvqa,448,docvqa_432,23.593,54.755,554.801,26.318,0.042525,51.422,500.045,17.538,48.754,602.433,29.141,0.029112,45.677,553.678,1.3453,1.1231,0.9209
docvqa,448,docvqa_433,22.271,51.253,600.34,27.454,0.037098,48.514,549.086,17.303,47.592,655.971,30.419,0.026378,44.759,608.38,1.2871,1.0769,0.9152
docvqa,448,docvqa_444,23.394,54.543,532.047,29.844,0.04397,51.587,477.503,37.099,95.147,562.003,31.124,0.066013,90.386,466.855,0.6306,0.5732,0.9467
docvqa,448,docvqa_450,22.003,51.11,421.258,28.473,0.052232,48.368,370.148,17.166,46.914,406.452,27.657,0.042234,44.163,359.539,1.2818,1.0894,1.0364
docvqa,448,docvqa_45694,30.482,75.795,790.736,29.789,0.038548,72.782,714.941,19.005,51.905,768.887,29.874,0.024717,48.595,716.982,1.6039,1.4603,1.0284
docvqa,448,docvqa_45744,21.286,54.5,1102.277,26.866,0.019311,51.804,1047.776,23.095,60.123,1226.775,29.914,0.018826,56.958,1166.652,0.9217,0.9065,0.8985
docvqa,448,docvqa_45745,21.34,49.827,1152.172,28.265,0.018522,47.039,1102.345,18.32,49.65,1191.584,29.28,0.015375,46.846,1141.934,1.1648,1.0036,0.9669
docvqa,448,docvqa_45747,30.701,64.07,1879.657,28.819,0.016333,57.874,1815.587,16.971,46.824,1940.093,30.052,0.008747,44.048,1893.269,1.809,1.3683,0.9688
docvqa,448,docvqa_461,22.466,52.424,1938.562,29.939,0.011589,49.667,1886.137,18.197,49.485,2028.216,31.408,0.008972,46.666,1978.731,1.2346,1.0594,0.9558
docvqa,448,docvqa_463,22.115,51.426,1802.359,27.793,0.01227,48.637,1750.933,18.018,49.653,1981.604,30.666,0.009093,46.791,1931.951,1.2274,1.0357,0.9095
docvqa,448,docvqa_47368,34.105,78.855,452.861,31.167,0.075311,75.837,374.006,25.854,56.31,598.718,30.134,0.043182,53.314,542.408,1.3191,1.4004,0.7564
docvqa,448,docvqa_476,22.06,51.224,1875.024,28.949,0.011765,48.452,1823.8,18.789,50.285,1897.562,29.322,0.009902,47.213,1847.277,1.1741,1.0187,0.9881
docvqa,448,docvqa_49153,24.085,56.0,855.603,29.615,0.02815,53.366,799.603,19.639,62.998,849.236,29.12,0.023125,60.019,786.237,1.2264,0.8889,1.0075
docvqa,448,docvqa_49168,23.008,59.621,759.558,29.164,0.030291,56.723,699.937,18.615,54.286,754.461,29.174,0.024673,51.343,700.175,1.236,1.0983,1.0068
docvqa,448,docvqa_49172,25.692,62.271,826.487,31.842,0.031086,59.362,764.216,18.607,54.354,825.921,32.149,0.022529,51.4,771.567,1.3808,1.1457,1.0007
docvqa,448,docvqa_49177,36.22,91.116,855.351,29.394,0.042345,87.258,764.235,17.396,52.088,717.54,25.594,0.024244,48.952,665.452,2.0821,1.7493,1.1921
docvqa,448,docvqa_49181,39.25,94.033,1157.197,29.532,0.033919,90.67,1063.164,18.864,54.452,757.816,29.307,0.024893,51.352,703.363,2.0807,1.7269,1.527
docvqa,448,docvqa_49187,23.644,54.751,853.014,30.702,0.027718,51.852,798.263,18.469,49.54,792.287,28.567,0.023311,46.666,742.747,1.2802,1.1052,1.0766
docvqa,448,docvqa_49234,21.791,53.668,327.459,24.89,0.066545,50.952,273.791,26.248,71.224,361.958,26.43,0.072517,67.805,290.734,0.8302,0.7535,0.9047
docvqa,448,docvqa_49242,23.877,78.788,389.765,28.271,0.061259,75.617,310.977,17.054,51.108,364.217,28.465,0.046823,48.4,313.11,1.4001,1.5416,1.0701
docvqa,448,docvqa_49263,21.609,50.27,669.602,26.927,0.032272,47.524,619.332,18.377,49.498,698.7,28.226,0.026301,46.486,649.201,1.1759,1.0156,0.9584
docvqa,448,docvqa_49274,21.745,50.47,843.049,28.306,0.025793,47.71,792.579,18.04,51.014,841.434,28.229,0.02144,46.542,790.419,1.2054,0.9893,1.0019
docvqa,448,docvqa_49279,28.372,58.557,339.658,25.555,0.083532,54.392,281.101,16.848,46.322,395.227,31.719,0.042628,43.558,348.904,1.684,1.2641,0.8594
docvqa,448,docvqa_49285,21.154,49.547,397.528,31.635,0.053215,46.858,347.981,16.808,47.238,383.48,30.567,0.04383,44.458,336.242,1.2586,1.0489,1.0366
docvqa,448,docvqa_49292,22.118,51.986,1303.018,29.094,0.016975,49.173,1251.032,16.595,45.919,1338.235,30.054,0.012401,43.198,1292.316,1.3328,1.1321,0.9737
docvqa,448,docvqa_49297,21.487,50.06,575.665,29.2,0.037326,47.214,525.604,18.062,48.879,583.718,29.713,0.030942,45.732,534.839,1.1896,1.0242,0.9862
docvqa,448,docvqa_49304,21.629,50.615,628.395,28.889,0.03442,47.931,577.78,16.904,46.704,642.206,29.775,0.026322,43.804,595.502,1.2795,1.0837,0.9785
docvqa,448,docvqa_4931,23.983,55.338,697.896,32.128,0.034365,52.387,642.557,18.673,49.491,632.247,29.138,0.029534,47.078,582.756,1.2844,1.1181,1.1038
docvqa,448,docvqa_49322,21.768,50.014,699.954,28.258,0.0311,47.346,649.94,16.906,46.289,721.863,29.373,0.02342,43.491,675.574,1.2876,1.0805,0.9696
docvqa,448,docvqa_49323,21.568,49.675,1113.104,28.741,0.019377,47.248,1063.429,16.912,46.477,1174.294,29.679,0.014402,43.68,1127.817,1.2753,1.0688,0.9479
docvqa,448,docvqa_49324,21.361,49.646,1580.719,27.838,0.013513,46.982,1531.073,16.853,45.597,1533.01,27.545,0.010993,42.824,1487.413,1.2675,1.0888,1.0311
docvqa,448,docvqa_49325,22.138,51.671,388.309,25.895,0.057012,48.886,336.638,20.892,55.411,431.493,28.929,0.048418,49.393,376.082,1.0596,0.9325,0.8999
docvqa,448,docvqa_49326,21.764,51.092,534.382,30.206,0.040727,48.387,483.29,18.648,50.443,513.336,28.931,0.036327,47.198,462.893,1.1671,1.0129,1.041
docvqa,448,docvqa_49361,24.103,55.755,361.991,30.624,0.066584,52.741,306.236,18.364,51.318,373.418,32.21,0.049177,48.689,322.1,1.3125,1.0865,0.9694
docvqa,448,docvqa_49362,24.023,55.638,478.592,32.535,0.050196,52.719,422.954,17.342,47.681,493.355,34.283,0.035151,44.631,445.674,1.3852,1.1669,0.9701
docvqa,448,docvqa_49366,23.746,54.973,526.6,33.688,0.045094,52.081,471.627,17.877,47.25,415.307,26.29,0.043046,44.463,368.057,1.3283,1.1634,1.268
docvqa,448,docvqa_49369,33.585,80.897,423.025,31.103,0.079392,77.653,342.128,18.078,51.188,356.955,27.797,0.050644,48.181,305.767,1.8578,1.5804,1.1851
docvqa,448,docvqa_49373,23.996,54.965,560.973,33.734,0.042775,51.961,506.007,18.366,50.253,462.22,27.464,0.039733,47.048,411.967,1.3065,1.0938,1.2136
docvqa,448,docvqa_49376,23.394,55.057,381.849,29.708,0.061264,51.829,326.792,19.186,59.467,392.054,30.235,0.048937,56.26,332.588,1.2193,0.9258,0.974
docvqa,448,docvqa_49381,23.641,54.919,1146.352,31.184,0.020623,51.9,1091.433,19.18,51.51,1135.614,30.974,0.016889,48.44,1084.104,1.2326,1.0662,1.0095
docvqa,448,docvqa_49390,32.792,74.914,315.669,34.394,0.103882,72.043,240.756,18.107,49.401,256.561,29.594,0.070577,46.393,207.161,1.811,1.5164,1.2304
docvqa,448,docvqa_49391,22.07,50.948,656.006,27.503,0.033643,48.191,605.058,18.9,299.164,1017.456,28.732,0.018575,296.163,718.292,1.1677,0.1703,0.6448
docvqa,448,docvqa_49392,21.594,50.637,837.237,30.254,0.025792,47.883,786.601,26.778,71.732,845.447,29.758,0.031673,68.557,773.715,0.8064,0.7059,0.9903
docvqa,448,docvqa_49393,24.193,56.793,541.189,30.275,0.044704,53.52,484.396,18.746,51.753,541.625,30.617,0.03461,49.018,489.872,1.2906,1.0974,0.9992
docvqa,448,docvqa_49394,23.909,63.588,494.732,28.743,0.048327,60.43,431.144,18.728,50.423,559.918,33.966,0.033448,47.421,509.495,1.2766,1.2611,0.8836
docvqa,448,docvqa_49395,23.902,55.72,1223.116,31.551,0.019542,52.707,1167.395,18.019,49.429,1138.878,29.445,0.015822,46.52,1089.449,1.3265,1.1273,1.074
docvqa,448,docvqa_49396,28.641,60.767,626.189,29.759,0.045738,57.596,565.422,17.738,48.551,691.979,33.865,0.025633,45.695,643.428,1.6147,1.2516,0.9049
docvqa,448,docvqa_49397,23.629,55.058,554.131,33.272,0.042641,52.187,499.073,18.041,48.721,537.304,32.572,0.033577,45.842,488.583,1.3097,1.1301,1.0313
docvqa,448,docvqa_49398,24.112,55.723,427.114,30.949,0.056454,52.858,371.391,18.156,49.566,417.18,30.634,0.043521,46.681,367.614,1.328,1.1242,1.0238
docvqa,448,docvqa_49399,23.783,54.805,334.76,27.996,0.071046,52.03,279.956,17.804,48.6,394.834,34.623,0.045093,45.683,346.234,1.3358,1.1277,0.8478
docvqa,448,docvqa_49400,23.114,54.278,812.664,30.335,0.028442,51.519,758.386,18.03,49.47,782.696,29.329,0.023036,46.641,733.225,1.282,1.0972,1.0383
docvqa,448,docvqa_49401,39.817,73.83,562.377,30.534,0.070802,70.792,488.547,17.098,51.939,498.522,27.911,0.034297,48.964,446.582,2.3288,1.4215,1.1281
docvqa,448,docvqa_49402,22.182,51.154,920.051,28.963,0.024109,48.414,868.897,17.059,46.706,988.511,31.393,0.017257,43.93,941.804,1.3003,1.0952,0.9307
docvqa,448,docvqa_49403,32.132,74.908,385.7,34.532,0.083309,72.081,310.792,17.17,47.214,324.354,30.793,0.052937,44.394,277.14,1.8714,1.5866,1.1891
docvqa,448,docvqa_49404,21.568,50.613,725.898,28.137,0.029712,47.952,675.286,24.024,53.859,792.474,30.776,0.030315,50.882,738.615,0.8978,0.9397,0.916
docvqa,448,docvqa_49406,21.669,50.216,375.439,27.102,0.057717,47.522,325.224,17.014,46.61,407.043,30.036,0.0418,43.666,360.433,1.2736,1.0774,0.9224
docvqa,448,docvqa_49432,21.928,64.096,1075.893,27.346,0.020381,61.3,1011.797,18.231,49.996,1111.471,28.689,0.016402,46.753,1061.476,1.2028,1.282,0.968
docvqa,448,docvqa_49437,21.55,50.302,480.426,30.723,0.044855,47.686,430.124,18.015,48.062,385.998,33.794,0.046671,45.161,337.936,1.1962,1.0466,1.2446
docvqa,448,docvqa_49442,28.324,70.951,462.259,27.951,0.061273,68.158,391.308,17.896,48.358,453.941,28.97,0.039423,45.521,405.583,1.5827,1.4672,1.0183
docvqa,448,docvqa_49449,24.694,57.242,583.369,35.075,0.04233,54.275,526.127,18.527,49.55,491.488,29.463,0.037697,47.038,441.938,1.3329,1.1552,1.1869
docvqa,448,docvqa_49454,24.405,56.781,621.377,29.716,0.039276,53.847,564.595,18.343,49.369,600.628,29.014,0.030539,46.339,551.259,1.3305,1.1501,1.0345
docvqa,448,docvqa_49455,21.633,59.625,1391.987,28.348,0.015541,56.696,1332.361,18.542,49.544,1952.729,30.209,0.009496,46.57,1903.186,1.1667,1.2035,0.7128
docvqa,448,docvqa_49461,36.392,70.542,586.256,27.143,0.062076,62.79,515.714,23.798,62.098,614.043,29.05,0.038756,53.551,551.945,1.5292,1.136,0.9547
docvqa,448,docvqa_49465,23.253,58.072,571.418,25.667,0.040694,49.418,513.346,31.841,62.751,619.568,27.841,0.051392,59.927,556.817,0.7303,0.9254,0.9223
docvqa,448,docvqa_49528,29.568,72.697,296.17,27.934,0.099836,69.855,223.474,18.506,49.333,269.835,27.563,0.068583,46.518,220.502,1.5978,1.4736,1.0976
docvqa,448,docvqa_49530,21.825,62.402,264.944,28.935,0.082376,59.437,202.542,18.076,48.855,304.83,31.997,0.059298,46.054,255.975,1.2074,1.2773,0.8692
docvqa,448,docvqa_49532,28.281,71.269,587.438,30.363,0.048143,68.434,516.169,17.844,48.593,583.776,31.481,0.030566,45.457,535.182,1.5849,1.4667,1.0063
docvqa,448,docvqa_49534,22.305,53.41,574.158,26.037,0.038848,48.776,520.748,17.931,49.243,624.646,28.77,0.028706,46.446,575.404,1.2439,1.0846,0.9192
docvqa,448,docvqa_49536,23.058,66.38,1660.591,29.522,0.013886,63.365,1594.211,25.474,70.879,1627.711,28.83,0.01565,67.674,1556.832,0.9052,0.9365,1.0202
docvqa,448,docvqa_49542,21.841,58.081,389.891,33.181,0.056019,55.177,331.81,18.351,61.984,348.585,28.66,0.052643,58.532,286.601,1.1902,0.937,1.1185
docvqa,448,docvqa_49544,25.809,58.931,666.883,30.398,0.038701,56.451,607.952,17.958,48.741,630.795,29.103,0.028468,45.782,582.054,1.4372,1.2091,1.0572
docvqa,448,docvqa_49546,23.402,54.514,1803.539,29.644,0.012976,51.626,1749.025,18.256,49.634,1156.255,30.739,0.015789,46.333,1106.62,1.2819,1.0983,1.5598
docvqa,448,docvqa_49550,23.21,54.709,615.685,31.165,0.037698,51.854,560.976,31.985,68.564,563.023,30.904,0.05681,59.619,494.459,0.7257,0.7979,1.0935
docvqa,448,docvqa_49555,24.2,55.399,1900.144,30.746,0.012736,52.363,1844.745,18.257,50.181,1834.53,29.739,0.009952,47.325,1784.349,1.3255,1.104,1.0358
docvqa,448,docvqa_49560,24.389,58.33,703.118,30.704,0.034686,52.491,644.788,18.366,49.614,698.28,30.889,0.026301,46.564,648.666,1.3279,1.1757,1.0069
docvqa,448,docvqa_49565,24.391,56.899,1573.925,32.979,0.015497,53.732,1517.025,17.895,48.732,1092.845,29.003,0.016374,45.928,1044.113,1.363,1.1676,1.4402
docvqa,448,docvqa_49569,22.667,52.623,428.984,28.951,0.052838,49.576,376.361,17.799,48.069,467.391,32.256,0.038082,45.303,419.322,1.2735,1.0947,0.9178
docvqa,448,docvqa_49574,21.97,51.402,580.939,27.87,0.037819,48.688,529.537,18.837,90.93,664.425,30.184,0.028351,86.273,573.495,1.1663,0.5653,0.8743
docvqa,448,docvqa_49577,24.825,57.004,373.236,28.748,0.066513,53.983,316.232,16.992,46.527,341.134,26.782,0.04981,43.675,294.607,1.461,1.2252,1.0941
docvqa,448,docvqa_49579,35.579,82.621,517.62,31.071,0.068736,79.418,435.0,16.985,46.498,412.459,26.14,0.04118,43.636,365.961,2.0947,1.7769,1.255
docvqa,448,docvqa_4958,22.371,52.476,479.556,28.472,0.046649,49.703,427.08,17.967,48.381,545.427,31.065,0.032941,45.586,497.047,1.2451,1.0846,0.8792
docvqa,448,docvqa_49583,24.741,57.667,662.987,31.859,0.037318,54.607,605.32,19.876,53.885,599.665,28.725,0.033146,50.652,545.78,1.2448,1.0702,1.1056
docvqa,448,docvqa_49586,23.519,61.412,1977.887,30.42,0.011891,58.356,1916.474,19.857,53.812,2022.777,31.253,0.009817,51.073,1968.966,1.1844,1.1412,0.9778
docvqa,448,docvqa_4959,22.431,51.777,292.911,26.793,0.076578,49.549,241.133,18.502,49.547,345.193,32.85,0.053598,46.492,295.646,1.2124,1.045,0.8485
docvqa,448,docvqa_49595,22.337,51.92,939.453,29.584,0.023776,49.154,887.534,17.239,61.051,916.483,28.514,0.01881,58.126,855.432,1.2957,0.8504,1.0251
docvqa,448,docvqa_49605,22.286,51.231,607.064,27.792,0.036711,48.506,555.833,17.215,46.582,610.792,28.21,0.028184,43.755,564.21,1.2946,1.0998,0.9939
docvqa,448,docvqa_49617,23.346,58.073,679.369,31.065,0.034364,55.09,621.296,17.214,51.188,677.692,31.325,0.025401,48.214,626.504,1.3562,1.1345,1.0025
docvqa,448,docvqa_49629,35.073,82.886,529.102,29.748,0.066288,76.828,446.216,40.05,87.687,584.338,27.592,0.06854,81.084,496.651,0.8757,0.9452,0.9055
docvqa,448,docvqa_49643,22.508,59.322,729.911,29.156,0.030836,56.363,670.589,17.461,48.935,718.782,29.124,0.024293,45.832,669.846,1.289,1.2123,1.0155
docvqa,448,docvqa_4977,22.087,51.775,552.241,27.804,0.039995,48.877,500.465,18.569,50.377,584.081,31.394,0.031793,47.354,533.704,1.1895,1.0278,0.9455
docvqa,448,docvqa_4978,24.522,57.232,541.784,30.284,0.045262,53.923,484.552,27.933,72.972,607.919,33.434,0.045949,69.334,534.947,0.8779,0.7843,0.8912
docvqa,448,docvqa_4980,24.826,57.717,904.187,30.231,0.027457,54.464,846.469,18.535,49.746,881.127,29.692,0.021036,46.785,831.382,1.3394,1.1602,1.0262
docvqa,448,docvqa_553,21.991,51.451,670.753,29.491,0.032785,48.635,619.302,18.362,50.411,411.974,27.813,0.044571,47.3,361.563,1.1976,1.0206,1.6281
docvqa,448,docvqa_554,22.148,51.547,1114.234,30.362,0.019878,48.797,1062.687,17.91,49.233,1226.319,33.631,0.014605,46.395,1177.086,1.2366,1.047,0.9086
docvqa,448,docvqa_55464,28.536,63.893,1295.111,28.633,0.022034,60.022,1231.218,18.995,54.536,1341.875,30.651,0.014156,51.475,1287.339,1.5023,1.1716,0.9652
docvqa,448,docvqa_555,22.748,56.449,870.784,31.321,0.026123,50.763,814.335,18.539,50.555,940.794,30.698,0.019706,47.66,890.239,1.227,1.1166,0.9256
docvqa,448,docvqa_57122,24.325,55.805,390.903,30.463,0.062229,52.716,335.098,16.962,57.336,389.317,30.18,0.043569,54.433,331.982,1.4341,0.9733,1.0041
docvqa,448,docvqa_57349,31.864,71.185,328.27,25.708,0.097065,62.533,257.084,17.204,52.433,392.983,34.055,0.043779,49.51,340.55,1.8521,1.3576,0.8353
docvqa,448,docvqa_57357,22.913,57.826,760.327,29.271,0.030135,55.062,702.501,18.805,57.684,738.399,28.363,0.025467,52.281,680.715,1.2185,1.0025,1.0297
docvqa,448,docvqa_57364,25.725,72.303,773.358,31.866,0.033264,69.293,701.055,20.427,67.293,766.654,31.789,0.026644,64.304,699.36,1.2594,1.0745,1.0087
docvqa,448,docvqa_57366,42.383,93.574,1358.999,30.129,0.031187,86.532,1265.424,18.923,57.565,1339.093,30.513,0.014131,54.645,1281.528,2.2398,1.6255,1.0149
docvqa,448,docvqa_57368,35.981,76.418,1198.42,30.324,0.030023,69.182,1122.002,17.944,52.468,1146.34,29.564,0.015654,49.666,1093.872,2.0052,1.4565,1.0454
docvqa,448,docvqa_57370,57.513,107.232,1001.372,27.095,0.057434,103.799,894.14,17.119,46.69,1021.773,29.548,0.016754,43.867,975.084,3.3596,2.2967,0.98
docvqa,448,docvqa_57371,23.854,59.353,920.057,29.679,0.025926,56.252,860.704,18.667,53.438,883.968,28.639,0.021117,51.076,830.531,1.2779,1.1107,1.0408
docvqa,448,docvqa_57372,23.451,54.059,744.009,27.598,0.031519,51.168,689.95,51.808,95.864,781.276,27.416,0.066312,92.767,685.412,0.4527,0.5639,0.9523
docvqa,448,docvqa_57373,24.182,55.548,1143.661,29.408,0.021145,52.5,1088.113,18.32,48.988,1132.879,29.294,0.016171,46.031,1083.891,1.32,1.1339,1.0095
docvqa,448,docvqa_57374,24.107,55.525,629.452,33.76,0.038299,52.43,573.927,20.326,64.943,765.224,30.447,0.026563,61.843,700.281,1.186,0.855,0.8226
docvqa,448,docvqa_57375,24.2,55.63,304.869,27.693,0.079379,52.614,249.238,18.152,48.803,321.561,30.306,0.056448,46.006,272.758,1.3332,1.1399,0.9481
docvqa,448,docvqa_57376,23.49,54.383,1904.979,29.375,0.012331,51.497,1850.595,17.97,48.366,1870.443,28.922,0.009607,45.608,1822.076,1.3072,1.1244,1.0185
docvqa,448,docvqa_57386,24.206,54.975,740.447,28.561,0.032691,52.056,685.472,17.558,48.104,769.366,31.359,0.022821,45.307,721.262,1.3786,1.1428,0.9624
docvqa,448,docvqa_57387,34.505,77.121,829.474,31.348,0.041598,71.589,752.353,18.123,48.675,740.15,28.811,0.024486,45.639,691.475,1.9039,1.5844,1.1207
docvqa,448,docvqa_57388,23.652,57.342,719.91,28.807,0.032855,53.959,662.568,18.275,48.834,735.924,29.873,0.024832,45.888,687.09,1.2942,1.1742,0.9782
docvqa,448,docvqa_57391,25.522,62.837,346.782,28.394,0.073598,59.689,283.945,18.542,62.351,387.728,32.538,0.047823,59.767,325.376,1.3764,1.0078,0.8944
docvqa,448,docvqa_57395,25.03,58.148,537.626,31.965,0.046557,54.922,479.478,18.368,49.312,490.906,29.44,0.037417,46.304,441.594,1.3627,1.1792,1.0952
docvqa,448,docvqa_57402,25.532,60.995,1028.001,31.194,0.024836,55.359,967.006,17.059,46.801,1164.122,29.403,0.014654,44.005,1117.32,1.4967,1.3033,0.8831
docvqa,448,docvqa_57403,34.441,80.072,707.296,31.361,0.048693,76.956,627.224,17.639,48.197,604.981,27.839,0.029157,45.006,556.785,1.9525,1.6613,1.1691
docvqa,448,docvqa_57404,23.173,59.063,832.293,29.74,0.027842,56.221,773.23,17.006,50.957,789.651,28.411,0.021536,48.2,738.694,1.3626,1.1591,1.054
docvqa,448,docvqa_57407,24.094,55.93,826.324,32.1,0.029158,52.864,770.394,20.382,60.662,797.294,30.693,0.025564,57.656,736.632,1.1821,0.922,1.0364
docvqa,448,docvqa_57409,24.139,55.679,364.643,30.896,0.066198,52.563,308.964,18.123,48.663,348.758,30.009,0.051964,45.718,300.094,1.332,1.1442,1.0455
docvqa,448,docvqa_57410,24.334,55.63,526.279,29.416,0.046238,52.66,470.649,17.025,45.896,489.897,27.75,0.034752,43.086,444.001,1.4293,1.2121,1.0743
docvqa,448,docvqa_57411,24.012,55.768,977.959,31.8,0.024553,52.811,922.192,25.008,59.023,890.3,28.665,0.028089,56.199,831.277,0.9602,0.9449,1.0985
docvqa,448,docvqa_57413,24.298,56.74,1130.983,30.693,0.021484,53.802,1074.242,18.36,50.213,1919.945,29.678,0.009563,47.063,1869.732,1.3234,1.13,0.5891
docvqa,448,docvqa_57414,24.261,58.703,1808.234,27.77,0.013417,55.382,1749.531,18.729,50.017,1895.513,29.294,0.009881,47.059,1845.496,1.2954,1.1737,0.954
docvqa,448,docvqa_57415,22.302,51.702,1760.376,27.122,0.012669,48.781,1708.674,17.739,48.108,1878.507,29.054,0.009443,45.335,1830.399,1.2572,1.0747,0.9371
docvqa,448,docvqa_57416,22.712,52.636,536.559,30.245,0.042329,49.767,483.923,18.431,49.415,518.969,29.347,0.035515,46.436,469.554,1.2323,1.0652,1.0339
docvqa,448,docvqa_57417,21.824,50.386,383.275,25.607,0.056941,47.666,332.889,19.158,51.654,444.689,30.233,0.043083,47.866,393.035,1.1392,0.9755,0.8619
docvqa,448,docvqa_57418,26.848,69.732,1831.648,27.967,0.014658,66.838,1761.916,18.397,49.516,1959.203,30.312,0.00939,46.526,1909.687,1.4594,1.4083,0.9349
docvqa,448,docvqa_57428,23.294,54.439,660.978,28.883,0.035241,51.422,606.539,34.962,66.835,644.851,27.525,0.054217,63.911,578.017,0.6663,0.8145,1.025
docvqa,448,docvqa_57431,23.207,54.283,708.455,32.709,0.032758,51.455,654.173,17.123,46.861,609.773,28.146,0.028081,44.059,562.912,1.3553,1.1584,1.1618
docvqa,448,docvqa_57439,24.001,55.38,1808.163,30.751,0.013274,52.45,1752.784,17.34,47.177,1460.938,28.275,0.011869,44.439,1413.761,1.3841,1.1739,1.2377
docvqa,448,docvqa_57440,23.915,55.508,524.803,29.331,0.045569,52.377,469.295,24.971,68.696,544.904,29.763,0.045827,65.738,476.207,0.9577,0.808,0.9631
docvqa,448,docvqa_57449,24.521,56.291,308.5,28.023,0.079485,53.156,252.209,18.729,50.83,358.919,34.232,0.052183,47.718,308.089,1.3093,1.1074,0.8595
docvqa,448,docvqa_57452,34.639,80.285,1158.958,31.726,0.029888,77.232,1078.673,17.251,47.61,1065.961,29.951,0.016183,44.507,1018.351,2.0079,1.6863,1.0872
docvqa,448,docvqa_57454,21.641,50.393,1685.881,28.693,0.012836,47.705,1635.488,18.841,49.32,1741.234,29.683,0.010821,46.142,1691.914,1.1486,1.0218,0.9682
docvqa,448,docvqa_57475,21.618,51.053,470.411,27.957,0.045956,48.354,419.358,19.078,51.518,448.414,26.46,0.042545,48.575,396.896,1.1331,0.991,1.0491
docvqa,448,docvqa_57476,22.239,51.688,660.036,27.652,0.033694,48.956,608.348,17.572,47.967,685.647,27.725,0.025629,44.741,637.68,1.2656,1.0776,0.9626
docvqa,448,docvqa_57515,21.381,49.835,531.768,26.774,0.040207,47.157,481.933,17.161,46.763,548.437,27.871,0.03129,43.932,501.674,1.2459,1.0657,0.9696
docvqa,448,docvqa_57517,21.109,49.9,490.227,27.52,0.04306,47.051,440.327,16.947,46.404,1229.285,26.884,0.013786,43.498,1182.881,1.2456,1.0753,0.3988
docvqa,448,docvqa_57519,21.416,49.733,1303.516,27.256,0.016429,46.978,1253.783,16.674,45.812,1348.48,28.319,0.012365,43.09,1302.669,1.2844,1.0856,0.9667
docvqa,448,docvqa_57521,21.552,50.665,1549.384,27.754,0.01391,47.976,1498.719,17.629,47.411,422.353,28.842,0.04174,44.466,374.943,1.2225,1.0686,3.6685
docvqa,448,docvqa_57523,22.347,51.773,504.103,30.155,0.044331,49.084,452.331,18.346,48.828,477.052,28.548,0.038457,45.913,428.223,1.2181,1.0603,1.0567
docvqa,448,docvqa_57524,28.997,67.456,586.311,32.428,0.049456,63.38,518.855,18.436,48.713,1926.661,29.809,0.009569,45.813,1877.948,1.5728,1.3848,0.3043
docvqa,448,docvqa_57525,23.861,60.214,778.59,29.932,0.030647,57.084,718.376,20.646,65.58,733.418,27.827,0.02815,62.697,667.838,1.1557,0.9182,1.0616
docvqa,448,docvqa_57526,34.76,72.515,350.017,27.75,0.099308,66.53,277.502,16.854,45.916,325.94,28.002,0.051708,43.18,280.024,2.0624,1.5793,1.0739
docvqa,448,docvqa_57527,23.794,54.938,546.635,30.731,0.043527,51.989,491.697,18.179,49.79,517.229,29.215,0.035147,46.254,467.439,1.3089,1.1034,1.0569
docvqa,448,docvqa_57528,23.489,54.577,837.414,28.994,0.02805,51.686,782.837,34.541,89.798,878.601,29.215,0.039313,85.743,788.803,0.68,0.6078,0.9531
docvqa,448,docvqa_57529,23.036,53.512,1477.988,32.374,0.015586,50.607,1424.476,17.498,47.556,1335.552,29.953,0.013102,44.754,1287.995,1.3165,1.1252,1.1066
docvqa,448,docvqa_57530,24.003,55.761,324.738,26.898,0.073916,52.52,268.976,18.478,49.608,360.531,31.092,0.051251,46.315,310.923,1.299,1.124,0.9007
docvqa,448,docvqa_57531,53.464,109.212,548.086,29.258,0.097546,106.077,438.874,18.114,48.795,514.855,31.071,0.035182,45.763,466.06,2.9515,2.2382,1.0645
docvqa,448,docvqa_57532,22.418,57.019,761.982,29.373,0.029421,54.082,704.963,22.061,59.828,824.883,31.877,0.026745,55.978,765.055,1.0162,0.953,0.9237
docvqa,448,docvqa_57533,27.324,61.637,731.171,31.883,0.03737,58.361,669.535,18.437,57.9,576.194,28.794,0.031998,54.662,518.294,1.482,1.0645,1.269
docvqa,448,docvqa_57537,22.904,53.561,642.506,30.997,0.035648,50.756,588.946,18.59,50.236,637.045,30.885,0.029182,47.211,586.808,1.2321,1.0662,1.0086
docvqa,448,docvqa_57539,21.989,51.319,573.212,27.468,0.038361,48.408,521.893,18.013,49.334,575.373,27.686,0.031307,46.204,526.039,1.2207,1.0402,0.9962
docvqa,448,docvqa_57540,22.113,51.741,721.982,29.141,0.030629,49.007,670.241,18.498,50.701,774.948,31.489,0.02387,47.621,724.246,1.1954,1.0205,0.9317
docvqa,448,docvqa_57543,21.764,51.042,796.385,31.056,0.027328,48.308,745.343,18.292,49.042,798.027,31.208,0.022921,46.176,748.985,1.1898,1.0408,0.9979
docvqa,448,docvqa_57550,36.78,109.848,361.841,31.499,0.101648,106.583,251.993,18.58,50.085,272.257,27.771,0.068246,47.158,222.172,1.9795,2.1932,1.329
docvqa,448,docvqa_57557,42.342,83.516,1461.502,29.956,0.028972,80.442,1377.986,17.064,47.069,1434.846,30.169,0.011893,44.282,1387.778,2.4814,1.7743,1.0186
docvqa,448,docvqa_57562,23.911,55.373,332.953,27.758,0.071815,52.364,277.58,17.074,46.547,312.839,26.629,0.054577,43.839,266.291,1.4004,1.1896,1.0643
docvqa,448,docvqa_57564,24.275,55.967,1922.016,29.62,0.01263,52.742,1866.049,17.037,46.747,1854.395,28.693,0.009187,43.89,1807.649,1.4248,1.1972,1.0365
docvqa,448,docvqa_57566,22.625,52.77,516.819,29.003,0.043778,49.648,464.049,19.13,52.321,555.805,31.468,0.034418,48.913,503.484,1.1827,1.0086,0.9299
docvqa,448,docvqa_57733,24.661,56.006,806.23,26.794,0.030588,53.511,750.224,17.96,48.207,895.949,30.277,0.020046,45.379,847.742,1.3731,1.1618,0.8999
docvqa,448,docvqa_57765,68.185,115.034,758.65,29.255,0.089877,103.082,643.616,17.678,48.066,717.918,30.448,0.024623,45.317,669.852,3.8571,2.3933,1.0567
docvqa,448,docvqa_57766,33.238,77.044,668.48,26.883,0.049722,74.074,591.436,18.202,49.43,737.983,31.298,0.024664,46.254,688.553,1.8261,1.5586,0.9058
docvqa,448,docvqa_57767,25.761,69.45,548.133,26.594,0.046998,66.497,478.684,19.294,50.584,581.526,29.497,0.033178,47.333,530.942,1.3352,1.373,0.9426
docvqa,448,docvqa_57770,32.333,65.641,622.398,32.75,0.051949,62.308,556.756,18.444,49.913,553.207,29.606,0.033339,46.892,503.294,1.753,1.3151,1.1251
docvqa,448,docvqa_57771,24.971,57.111,634.397,32.071,0.039361,54.137,577.286,18.561,49.692,628.976,32.182,0.02951,46.434,579.284,1.3453,1.1493,1.0086
docvqa,448,docvqa_57780,21.79,50.841,716.193,31.683,0.030424,48.152,665.353,17.565,49.618,669.949,29.54,0.026219,46.602,620.332,1.2405,1.0246,1.069
docvqa,448,docvqa_57781,21.724,50.771,448.017,28.375,0.048489,48.018,397.245,17.287,47.552,453.7,29.011,0.038102,44.743,406.148,1.2567,1.0677,0.9875
docvqa,448,docvqa_57782,22.033,51.052,518.017,25.942,0.042533,48.35,466.965,17.23,47.197,684.532,30.349,0.02517,44.411,637.335,1.2788,1.0817,0.7567
docvqa,448,docvqa_57783,22.18,51.685,647.412,29.786,0.034259,48.998,595.727,17.023,47.195,610.368,28.159,0.02789,44.344,563.173,1.3029,1.0951,1.0607
docvqa,448,docvqa_57784,21.912,51.031,1346.92,28.172,0.016268,48.287,1295.89,32.787,65.338,1356.005,28.058,0.024179,59.522,1290.667,0.6683,0.781,0.9933
docvqa,448,docvqa_57786,22.551,52.518,789.648,30.714,0.028558,49.685,737.13,16.833,46.072,716.354,27.928,0.023499,43.768,670.282,1.3397,1.1399,1.1023
docvqa,448,docvqa_57790,23.162,52.778,268.86,27.01,0.086148,50.052,216.082,16.985,46.534,257.188,26.332,0.066042,43.746,210.654,1.3637,1.1342,1.0454
docvqa,448,docvqa_57791,21.917,51.004,785.518,27.204,0.027901,48.282,734.514,17.051,46.515,848.585,29.706,0.020093,43.714,802.07,1.2854,1.0965,0.9257
docvqa,448,docvqa_57798,24.376,57.478,870.671,29.043,0.027996,54.078,813.193,18.172,49.51,907.678,30.649,0.02002,46.6,858.167,1.3414,1.1609,0.9592
docvqa,448,docvqa_57799,22.991,53.539,1780.293,28.307,0.012914,50.386,1726.754,18.436,49.947,1516.328,29.328,0.012159,46.881,1466.381,1.2471,1.0719,1.1741
docvqa,448,docvqa_57800,22.511,53.335,1518.719,29.308,0.014822,50.453,1465.383,18.877,50.374,1528.818,29.569,0.012347,47.246,1478.443,1.1925,1.0588,0.9934
docvqa,448,docvqa_57801,22.47,51.994,1801.141,27.764,0.012475,49.154,1749.146,17.216,47.588,1857.418,28.727,0.009269,44.458,1809.83,1.3052,1.0926,0.9697
docvqa,448,docvqa_57803,22.737,52.283,1839.458,28.368,0.012361,49.398,1787.175,17.012,46.055,1812.443,28.038,0.009386,43.123,1766.388,1.3365,1.1352,1.0149
docvqa,448,docvqa_57804,23.027,53.636,1753.362,29.306,0.013133,50.709,1699.726,17.231,46.579,1067.615,28.362,0.01614,43.778,1021.036,1.3364,1.1515,1.6423
docvqa,448,docvqa_57805,22.369,51.77,1212.293,27.631,0.018452,48.973,1160.523,16.974,53.292,1255.425,28.622,0.013521,50.314,1202.133,1.3178,0.9714,0.9656
docvqa,448,docvqa_57807,24.541,56.137,482.798,30.476,0.05083,53.539,426.661,29.782,77.713,546.32,33.472,0.054514,73.984,468.607,0.824,0.7224,0.8837
docvqa,448,docvqa_57808,23.657,54.855,505.753,28.181,0.046775,52.012,450.898,17.214,47.426,499.318,28.243,0.034474,44.593,451.893,1.3743,1.1566,1.0129
docvqa,448,docvqa_57810,61.518,95.651,1079.533,27.33,0.056985,88.943,983.882,19.358,52.604,1540.342,29.755,0.012567,49.06,1487.738,3.1779,1.8183,0.7008
docvqa,448,docvqa_57815,22.344,51.689,533.706,28.354,0.041865,48.93,482.017,22.945,64.187,594.426,31.191,0.0386,51.976,530.239,0.9738,0.8053,0.8979
docvqa,448,docvqa_57817,24.246,66.048,836.965,30.837,0.028969,63.098,770.917,18.713,60.193,783.861,28.947,0.023873,57.095,723.667,1.2957,1.0973,1.0677
docvqa,448,docvqa_57819,25.991,71.13,745.82,30.668,0.034849,68.197,674.69,17.865,49.134,702.682,29.707,0.025424,46.092,653.549,1.4549,1.4477,1.0614
docvqa,448,docvqa_57820,24.424,67.647,446.722,29.16,0.054675,64.208,379.075,43.294,77.888,427.653,26.905,0.101236,72.078,349.765,0.5641,0.8685,1.0446
docvqa,448,docvqa_57821,23.043,61.554,430.679,28.394,0.053503,50.479,369.125,18.422,49.59,485.095,33.5,0.037975,46.792,435.505,1.2508,1.2413,0.8878
docvqa,448,docvqa_57822,24.132,55.85,750.502,31.575,0.032154,53.314,694.652,17.443,48.235,673.205,28.408,0.02591,45.366,624.971,1.3835,1.1579,1.1148
docvqa,448,docvqa_57823,34.61,80.062,887.055,28.821,0.039017,76.928,806.993,17.312,48.351,872.965,29.45,0.019831,45.389,824.614,1.9992,1.6558,1.0161
docvqa,448,docvqa_57825,23.775,58.467,533.539,27.945,0.04456,51.856,475.072,18.697,50.759,559.458,29.923,0.03342,48.115,508.699,1.2716,1.1519,0.9537
docvqa,448,docvqa_57826,25.95,71.918,611.05,31.714,0.042468,69.345,539.132,26.521,72.742,579.164,29.79,0.045791,69.729,506.422,0.9785,0.9887,1.0551
docvqa,448,docvqa_57827,22.289,55.292,1907.668,29.403,0.011684,49.35,1852.376,18.884,50.209,1966.656,30.42,0.009602,47.242,1916.447,1.1803,1.1012,0.97
docvqa,448,docvqa_57833,24.271,55.886,391.665,27.982,0.061969,52.78,335.779,18.149,49.156,408.908,29.979,0.044385,46.323,359.753,1.3373,1.1369,0.9578
docvqa,448,docvqa_57835,24.641,57.122,482.722,30.4,0.051046,53.957,425.6,21.64,66.606,549.292,28.393,0.039396,63.614,482.686,1.1387,0.8576,0.8788
docvqa,448,docvqa_57836,34.495,81.077,1977.922,30.109,0.01744,77.781,1896.845,17.915,49.289,2018.578,31.259,0.008875,46.44,1969.288,1.9255,1.6449,0.9799
docvqa,448,docvqa_57837,24.588,56.423,1348.645,30.767,0.018232,53.201,1292.222,43.564,89.721,1344.018,29.17,0.032413,86.331,1254.297,0.5644,0.6289,1.0034
docvqa,448,docvqa_57838,22.888,53.874,1840.457,28.358,0.012436,50.659,1786.583,18.346,50.353,431.877,27.252,0.04248,47.377,381.523,1.2476,1.0699,4.2615
docvqa,448,docvqa_57841,22.1,51.433,331.692,31.14,0.066627,48.665,280.259,18.739,63.694,325.483,29.088,0.057573,60.218,261.789,1.1794,0.8075,1.0191
docvqa,448,docvqa_57843,24.71,57.674,513.439,28.485,0.048126,54.494,455.766,18.475,49.832,582.566,31.337,0.031714,46.88,532.733,1.3375,1.1574,0.8813
docvqa,448,docvqa_57844,24.276,55.967,1507.631,32.992,0.016102,52.952,1451.664,18.278,50.063,1455.014,29.893,0.012562,46.999,1404.951,1.3282,1.1179,1.0362
docvqa,448,docvqa_57845,24.764,56.717,618.084,31.187,0.040065,53.668,561.367,17.755,48.688,545.817,29.243,0.03253,45.833,497.129,1.3948,1.1649,1.1324
docvqa,448,docvqa_57853,24.304,55.957,580.683,32.795,0.041853,52.928,524.726,41.725,86.471,535.914,28.09,0.077857,82.729,449.443,0.5825,0.6471,1.0835
docvqa,448,docvqa_57854,24.761,56.636,1007.64,31.7,0.024573,53.651,951.004,17.026,51.25,916.061,28.827,0.018586,48.159,864.811,1.4543,1.1051,1.1
docvqa,448,docvqa_57855,24.022,56.018,686.501,30.023,0.034993,52.976,630.483,18.444,50.677,663.273,29.171,0.027808,47.513,612.596,1.3024,1.1054,1.035
docvqa,448,docvqa_57857,27.309,73.412,690.783,30.869,0.039533,70.368,617.37,18.057,48.934,640.327,29.57,0.0282,46.095,591.393,1.5124,1.5002,1.0788
docvqa,448,docvqa_57858,24.433,56.228,514.148,30.528,0.047522,53.37,457.92,17.897,50.84,1844.497,28.471,0.009703,45.826,1793.657,1.3652,1.106,0.2787
docvqa,448,docvqa_57880,52.286,99.757,444.97,28.768,0.117505,93.47,345.212,26.432,66.4,413.286,28.907,0.063956,63.395,346.886,1.9781,1.5024,1.0767
docvqa,448,docvqa_57881,22.648,51.997,469.524,26.095,0.048237,49.111,417.527,18.141,48.966,514.488,29.095,0.035261,45.925,465.522,1.2484,1.0619,0.9126
docvqa,448,docvqa_57882,51.338,82.036,565.792,26.875,0.090737,79.159,483.756,18.017,48.072,562.681,28.589,0.03202,45.248,514.609,2.8494,1.7065,1.0055
docvqa,448,docvqa_57883,34.201,78.591,1134.983,28.551,0.030134,75.635,1056.392,17.885,48.513,1157.221,29.965,0.015455,45.706,1108.708,1.9123,1.62,0.9808
docvqa,448,docvqa_57884,22.357,54.059,643.594,28.073,0.034738,51.174,589.535,17.751,48.005,677.174,31.458,0.026214,45.197,629.17,1.2595,1.1261,0.9504
docvqa,448,docvqa_57885,22.194,51.645,485.906,31.019,0.045675,48.852,434.261,17.649,48.588,466.91,29.88,0.0378,45.813,418.322,1.2575,1.0629,1.0407
docvqa,448,docvqa_57886,23.205,54.173,1835.498,29.202,0.012643,51.368,1781.325,17.695,48.673,1981.56,31.687,0.00893,45.918,1932.887,1.3114,1.113,0.9263
docvqa,448,docvqa_57887,22.199,51.754,664.657,26.648,0.033399,48.924,612.903,18.911,50.496,613.7,31.289,0.030815,47.406,563.205,1.1739,1.0249,1.083
docvqa,448,docvqa_57888,24.684,56.891,626.735,29.992,0.039386,54.3,569.844,18.338,49.507,639.158,31.034,0.028692,46.5,589.651,1.3461,1.1492,0.9806
docvqa,448,docvqa_57889,24.026,55.384,621.746,29.809,0.038642,52.518,566.363,19.175,50.624,642.884,31.172,0.029827,47.482,592.26,1.253,1.094,0.9671
docvqa,448,docvqa_57890,23.5,54.387,731.226,30.765,0.032138,51.578,676.839,19.078,64.318,713.169,32.443,0.026751,61.025,648.851,1.2318,0.8456,1.0253
docvqa,448,docvqa_57891,22.654,52.391,719.261,30.312,0.031496,49.656,666.87,17.124,46.586,896.468,29.306,0.019101,44.134,849.882,1.3229,1.1246,0.8023
docvqa,448,docvqa_57899,21.678,50.123,699.175,36.058,0.031005,47.404,649.052,18.183,57.436,643.361,32.551,0.028263,54.441,585.925,1.1922,0.8727,1.0868
docvqa,448,docvqa_57900,44.824,105.09,512.896,29.129,0.087394,101.172,407.806,27.321,74.037,484.561,29.323,0.056383,70.679,410.524,1.6406,1.4194,1.0585
docvqa,448,docvqa_57901,24.045,55.575,1085.197,31.201,0.022157,52.704,1029.623,18.87,50.891,1020.55,29.384,0.01849,47.863,969.659,1.2742,1.092,1.0633
docvqa,448,docvqa_57902,45.04,101.535,1664.397,31.895,0.027061,97.467,1562.863,18.846,51.064,1637.391,31.104,0.01151,47.848,1586.327,2.3899,1.9884,1.0165
docvqa,448,docvqa_57903,24.552,57.368,756.655,33.299,0.032448,54.331,699.287,19.004,51.233,649.972,31.513,0.029239,48.137,598.74,1.2919,1.1197,1.1641
docvqa,448,docvqa_57904,24.563,68.023,2016.337,30.926,0.012182,64.853,1948.314,18.838,51.851,1982.254,30.641,0.009503,48.881,1930.403,1.3039,1.3119,1.0172
docvqa,448,docvqa_57905,25.253,58.969,625.074,29.795,0.0404,55.548,566.106,18.466,61.603,711.244,34.192,0.025962,58.479,649.641,1.3675,0.9572,0.8788
docvqa,448,docvqa_57928,24.371,56.326,354.202,33.097,0.068806,53.374,297.876,18.895,50.766,302.298,27.948,0.062506,47.742,251.532,1.2898,1.1095,1.1717
docvqa,448,docvqa_57929,24.286,56.621,1455.031,33.295,0.016691,53.561,1398.41,24.037,58.972,1050.734,30.053,0.022876,52.853,991.763,1.0104,0.9601,1.3848
docvqa,448,docvqa_57931,24.884,57.987,2004.48,30.897,0.012414,54.79,1946.493,19.39,52.246,2023.367,31.288,0.009583,48.784,1971.121,1.2833,1.1099,0.9907
docvqa,448,docvqa_57933,25.467,58.347,466.743,29.171,0.054564,55.364,408.396,19.617,52.48,452.127,28.546,0.043389,49.154,399.647,1.2982,1.1118,1.0323
docvqa,448,docvqa_57934,22.794,53.52,553.186,27.759,0.041204,50.408,499.666,18.141,49.695,647.839,33.23,0.028002,46.804,598.144,1.2565,1.077,0.8539
docvqa,448,docvqa_57951,22.814,52.869,287.856,29.373,0.079254,49.757,234.987,18.284,54.328,297.509,30.398,0.061458,50.686,243.181,1.2478,0.9731,0.9676
docvqa,448,docvqa_57952,21.996,51.671,417.777,26.15,0.05265,48.826,366.106,17.303,48.003,423.835,26.845,0.040825,45.134,375.832,1.2712,1.0764,0.9857
docvqa,448,docvqa_57954,23.5,52.802,709.834,28.567,0.033107,49.95,657.033,17.344,47.809,762.593,31.078,0.022743,44.915,714.784,1.3549,1.1044,0.9308
docvqa,448,docvqa_57955,22.359,51.964,392.298,26.18,0.056994,49.176,340.334,41.598,80.463,512.174,33.209,0.081219,73.193,431.711,0.5375,0.6458,0.7659
docvqa,448,docvqa_57963,24.178,55.703,440.977,27.52,0.054829,52.608,385.275,18.363,48.928,465.024,29.721,0.039489,46.653,416.097,1.3167,1.1385,0.9483
docvqa,448,docvqa_57964,23.431,54.243,715.441,30.054,0.032751,51.299,661.198,20.377,53.944,758.82,32.04,0.026853,49.968,704.876,1.1499,1.0055,0.9428
docvqa,448,docvqa_57965,23.613,54.907,1031.519,28.724,0.022891,51.969,976.612,27.766,60.019,984.32,28.009,0.028208,56.758,924.301,0.8504,0.9148,1.048
docvqa,448,docvqa_57969,23.982,54.806,327.37,30.285,0.073258,51.834,272.563,16.872,45.837,278.698,25.873,0.060537,43.152,232.861,1.4214,1.1957,1.1746
docvqa,448,docvqa_57971,22.68,60.447,631.774,27.206,0.035899,57.151,571.327,18.065,56.166,658.999,30.142,0.027413,53.087,602.833,1.2555,1.0762,0.9587
docvqa,448,docvqa_57973,51.879,83.987,471.422,27.674,0.110048,81.061,387.434,18.247,50.295,432.889,29.43,0.042151,47.503,382.594,2.8432,1.6699,1.089
docvqa,448,docvqa_57974,25.004,58.057,577.412,34.624,0.043304,54.989,519.356,17.462,47.702,595.325,28.822,0.029332,44.918,547.623,1.4319,1.2171,0.9699
docvqa,448,docvqa_57975,23.565,54.542,584.646,29.45,0.040306,51.626,530.103,17.506,49.382,429.448,27.148,0.040764,45.569,380.066,1.3461,1.1045,1.3614
docvqa,448,docvqa_57976,30.697,60.34,514.512,26.716,0.059663,57.48,454.172,17.959,48.421,582.673,31.427,0.030822,45.416,534.252,1.7093,1.2462,0.883
docvqa,448,docvqa_57977,21.852,50.939,541.592,27.258,0.040348,48.211,490.653,18.613,50.942,539.766,27.157,0.034484,48.026,488.824,1.174,0.9999,1.0034
docvqa,448,docvqa_57978,29.899,62.131,531.387,26.07,0.056265,56.554,469.256,18.564,49.256,535.189,26.996,0.034686,46.285,485.933,1.6106,1.2614,0.9929
docvqa,448,docvqa_57985,21.982,51.328,995.348,27.765,0.022084,48.399,944.02,18.557,49.744,1013.366,28.342,0.018312,46.896,963.622,1.1846,1.0318,0.9822
docvqa,448,docvqa_57986,22.561,52.49,426.091,28.739,0.05295,49.636,373.602,18.177,49.345,487.213,33.682,0.037307,46.475,437.868,1.2412,1.0637,0.8745
docvqa,448,docvqa_57987,21.586,50.724,1717.177,26.452,0.012571,47.897,1666.453,18.558,60.041,1920.299,29.528,0.009664,56.942,1860.258,1.1632,0.8448,0.8942
docvqa,448,docvqa_57989,24.532,57.185,621.448,29.698,0.039476,53.847,564.263,19.79,52.722,643.165,31.076,0.03077,49.551,590.443,1.2396,1.0847,0.9662
docvqa,448,docvqa_58007,24.113,56.417,680.443,29.716,0.035437,53.151,624.026,18.235,49.09,686.814,30.368,0.02655,46.25,637.724,1.3223,1.1493,0.9907
docvqa,448,docvqa_58009,24.484,66.608,288.766,31.737,0.084788,63.417,222.158,18.086,48.795,241.353,27.508,0.074936,46.031,192.558,1.3538,1.3651,1.1964
docvqa,448,docvqa_58018,24.353,56.046,1495.724,29.381,0.016282,53.026,1439.678,18.062,48.701,1478.601,30.423,0.012215,45.94,1429.9,1.3483,1.1508,1.0116
docvqa,448,docvqa_58020,23.65,54.818,699.518,29.305,0.033809,51.845,644.7,17.112,47.537,337.9,29.036,0.050643,44.353,290.363,1.3821,1.1532,2.0702
docvqa,448,docvqa_58021,24.542,68.243,791.077,31.428,0.031024,65.251,722.834,16.858,46.293,683.345,27.698,0.024669,43.44,637.052,1.4558,1.4742,1.1577
docvqa,448,docvqa_58022,23.456,54.826,752.211,29.058,0.031183,51.971,697.385,24.025,54.456,651.146,28.414,0.036896,51.615,596.691,0.9763,1.0068,1.1552
docvqa,448,docvqa_58023,30.282,75.918,435.14,29.935,0.069591,72.889,359.222,17.549,48.805,404.882,29.673,0.043344,45.873,356.077,1.7256,1.5555,1.0747
docvqa,448,docvqa_58024,24.386,55.328,723.646,31.825,0.033699,52.484,668.318,17.216,47.882,631.414,27.787,0.027266,44.962,583.532,1.4165,1.1555,1.1461
docvqa,448,docvqa_58029,24.682,58.441,422.532,30.341,0.058413,54.638,364.091,17.397,47.836,414.314,30.54,0.041989,45.61,366.478,1.4188,1.2217,1.0198
docvqa,448,docvqa_58054,24.592,57.657,1298.657,30.268,0.018936,54.612,1241.0,18.588,50.721,944.629,31.925,0.019678,47.798,893.908,1.323,1.1367,1.3748
docvqa,448,docvqa_58056,26.769,60.542,1695.29,29.723,0.01579,55.573,1634.748,18.72,51.243,1697.314,29.929,0.011029,48.357,1646.07,1.43,1.1815,0.9988
docvqa,448,docvqa_58059,29.194,68.067,571.73,29.627,0.051062,62.331,503.663,18.988,51.895,586.509,31.448,0.032374,48.85,534.615,1.5375,1.3116,0.9748
docvqa,448,docvqa_58061,23.606,55.711,1972.659,30.428,0.011967,52.772,1916.948,18.907,51.105,2054.208,31.795,0.009204,48.062,2003.103,1.2485,1.0901,0.9603
docvqa,448,docvqa_58064,25.929,58.47,566.144,31.73,0.045799,55.515,507.674,18.712,50.018,521.351,29.458,0.035891,46.969,471.333,1.3857,1.169,1.0859
docvqa,448,docvqa_581,24.849,57.183,427.294,30.843,0.058154,54.044,370.111,17.51,48.674,401.915,29.437,0.043567,45.437,353.241,1.4191,1.1748,1.0631
docvqa,448,docvqa_58105,30.237,74.035,386.851,31.282,0.078162,68.343,312.816,17.223,47.504,313.118,26.561,0.055004,44.603,265.614,1.7556,1.5585,1.2355
docvqa,448,docvqa_58106,32.909,65.048,540.882,29.74,0.060844,61.758,475.834,17.047,46.965,570.605,32.728,0.029875,44.05,523.641,1.9305,1.385,0.9479
docvqa,448,docvqa_58107,22.458,52.685,496.349,29.578,0.045246,49.587,443.664,22.564,57.524,521.496,30.931,0.043268,50.025,463.972,0.9953,0.9159,0.9518
docvqa,448,docvqa_58108,21.753,50.466,622.094,27.22,0.034967,47.672,571.628,18.104,48.816,678.319,29.976,0.026689,46.2,629.503,1.2016,1.0338,0.9171
docvqa,448,docvqa_582,24.771,57.139,1988.214,30.652,0.012459,54.02,1931.075,18.764,50.111,1922.291,29.717,0.009761,47.057,1872.18,1.3201,1.1402,1.0343
docvqa,448,docvqa_583,24.483,56.248,510.836,30.306,0.047928,53.232,454.588,18.255,49.043,463.988,27.663,0.039343,46.144,414.945,1.3412,1.1469,1.101
docvqa,448,docvqa_584,24.208,57.551,433.873,28.948,0.055796,54.715,376.322,18.694,50.969,446.595,30.433,0.04186,47.718,395.625,1.295,1.1291,0.9715
docvqa,448,docvqa_58694,24.12,58.15,592.188,29.669,0.040731,54.973,534.038,18.512,49.402,603.968,30.809,0.030651,46.389,554.566,1.3029,1.1771,0.9805
docvqa,448,docvqa_58695,29.874,64.131,751.436,28.638,0.039756,61.102,687.305,17.14,47.535,710.878,27.639,0.02411,44.51,663.343,1.7429,1.3491,1.0571
docvqa,448,docvqa_58700,21.903,51.163,474.525,28.224,0.046158,48.457,423.361,29.032,77.523,499.597,28.138,0.058111,74.327,422.074,0.7544,0.66,0.9498
docvqa,448,docvqa_58702,23.854,55.104,633.268,32.12,0.037668,52.111,578.164,55.385,98.39,623.583,29.177,0.088817,95.617,525.193,0.4307,0.5601,1.0155
docvqa,448,docvqa_596,22.052,51.596,670.576,28.135,0.032885,48.822,618.98,18.621,50.258,703.389,29.688,0.026473,47.375,653.132,1.1843,1.0266,0.9534
docvqa,448,docvqa_597,22.243,51.55,418.024,26.177,0.05321,48.823,366.474,17.865,49.22,505.668,32.603,0.035329,46.359,456.449,1.2451,1.0473,0.8267
docvqa,448,docvqa_598,21.802,50.999,1835.24,28.321,0.01188,48.245,1784.241,17.738,48.642,1947.387,30.139,0.009108,45.829,1898.745,1.2291,1.0485,0.9424
docvqa,448,docvqa_599,24.766,57.86,1039.53,31.667,0.023825,54.54,981.67,23.763,68.919,830.116,29.277,0.028626,66.014,761.196,1.0422,0.8395,1.2523
docvqa,448,docvqa_600,24.521,56.462,370.204,31.374,0.066235,53.451,313.741,18.759,50.211,328.822,27.861,0.05705,47.218,278.611,1.3072,1.1245,1.1258
docvqa,448,docvqa_601,24.372,56.332,2011.603,31.036,0.012116,53.408,1955.272,18.169,49.418,1981.081,30.661,0.009171,46.432,1931.663,1.3414,1.1399,1.0154
docvqa,448,docvqa_60401,24.416,56.312,401.259,28.746,0.060848,53.396,344.947,17.195,52.834,464.05,34.268,0.037053,49.933,411.217,1.4199,1.0658,0.8647
docvqa,448,docvqa_60403,22.547,52.254,482.697,28.696,0.046711,49.31,430.443,18.707,71.151,534.456,30.887,0.035001,67.797,463.306,1.2053,0.7344,0.9032
docvqa,448,docvqa_60404,51.911,91.79,834.103,32.274,0.062235,82.199,742.313,18.031,58.339,778.219,31.299,0.023169,55.411,719.88,2.879,1.5734,1.0718
docvqa,448,docvqa_60406,24.974,57.736,675.966,30.912,0.036945,54.572,618.23,17.607,48.45,663.876,30.771,0.026521,45.599,615.426,1.4184,1.1917,1.0182
docvqa,448,docvqa_60407,24.609,57.293,528.624,31.422,0.046553,54.307,471.331,18.673,51.368,473.802,28.162,0.039411,48.098,422.434,1.3179,1.1153,1.1157
docvqa,448,docvqa_610,22.251,51.416,1580.29,28.312,0.014081,48.658,1528.873,19.247,51.707,978.147,28.074,0.019677,48.513,926.44,1.1561,0.9944,1.6156
docvqa,448,docvqa_611,22.528,53.96,798.695,28.644,0.028206,51.149,744.736,18.419,50.002,2071.666,32.09,0.008891,46.98,2021.663,1.2231,1.0792,0.3855
docvqa,448,docvqa_612,21.962,52.528,1082.581,31.214,0.020286,49.608,1030.053,19.546,52.025,1065.66,30.716,0.018342,48.904,1013.635,1.1236,1.0097,1.0159
docvqa,448,docvqa_613,22.025,53.606,1778.425,27.378,0.012385,50.691,1724.819,17.843,63.813,1549.428,29.13,0.011516,60.42,1485.615,1.2344,0.84,1.1478
docvqa,448,docvqa_636,21.941,51.341,1405.802,28.818,0.015607,48.693,1354.461,19.532,52.945,1450.611,29.738,0.013465,47.375,1397.666,1.1233,0.9697,0.9691
docvqa,448,docvqa_637,22.987,57.917,536.951,26.613,0.04281,49.226,479.034,18.511,49.765,568.166,28.8,0.032581,46.786,518.4,1.2418,1.1638,0.9451
docvqa,448,docvqa_639,24.944,59.79,1897.865,29.176,0.013143,54.846,1838.075,17.812,48.416,1846.19,28.536,0.009648,45.591,1797.774,1.4004,1.2349,1.028
docvqa,448,docvqa_650,23.78,55.153,472.201,27.803,0.05036,52.258,417.048,21.383,66.436,527.25,30.721,0.040555,63.319,460.814,1.1121,0.8302,0.8956
docvqa,448,docvqa_651,23.656,54.63,727.442,32.039,0.03252,51.709,672.812,18.417,48.853,688.72,30.47,0.026741,45.892,639.868,1.2845,1.1183,1.0562
docvqa,448,docvqa_674,24.564,59.543,477.953,32.185,0.051394,56.293,418.409,17.922,48.62,414.567,28.15,0.04323,45.459,365.947,1.3706,1.2247,1.1529
docvqa,448,docvqa_675,23.531,54.311,1972.155,30.442,0.011932,51.506,1917.845,17.305,48.034,1895.707,29.328,0.009129,45.205,1847.672,1.3598,1.1307,1.0403
docvqa,448,docvqa_676,23.565,54.852,603.745,30.494,0.039032,51.84,548.893,17.687,49.018,581.57,29.586,0.030413,46.149,532.552,1.3323,1.119,1.0381
docvqa,448,docvqa_677,32.716,77.951,1154.635,29.1,0.028334,74.818,1076.684,19.353,64.021,1193.494,30.526,0.016215,61.055,1129.473,1.6905,1.2176,0.9674
docvqa,448,docvqa_678,24.419,55.925,817.087,30.446,0.029886,52.842,761.162,18.578,50.766,821.735,30.839,0.022608,47.558,770.968,1.3144,1.1016,0.9943
docvqa,448,docvqa_6943,22.254,59.791,469.631,27.323,0.047387,56.813,409.84,17.959,48.579,463.456,27.658,0.03875,45.796,414.877,1.2392,1.2308,1.0133
docvqa,448,docvqa_782,21.699,50.251,810.441,31.675,0.026775,47.552,760.189,32.732,84.26,851.03,31.949,0.038461,80.937,766.77,0.6629,0.5964,0.9523
docvqa,448,docvqa_783,24.453,58.276,587.483,27.853,0.041624,55.325,529.207,18.058,50.017,649.898,31.573,0.027785,47.097,599.881,1.3541,1.1651,0.904
docvqa,448,docvqa_784,24.074,56.199,797.513,29.653,0.030186,52.974,741.314,19.406,50.846,822.178,29.667,0.023604,47.947,771.333,1.2405,1.1053,0.97
docvqa,448,docvqa_785,24.963,70.062,642.757,28.635,0.038838,66.837,572.695,20.751,54.558,658.587,30.201,0.031508,48.492,604.03,1.203,1.2842,0.976
docvqa,448,docvqa_786,24.193,55.742,361.424,30.568,0.066937,52.714,305.682,17.059,46.888,347.46,30.057,0.049098,44.05,300.572,1.4182,1.1888,1.0402
docvqa,448,docvqa_788,64.357,97.733,1166.279,31.428,0.055182,94.843,1068.546,16.973,60.014,1019.335,28.215,0.016651,57.068,959.321,3.7917,1.6285,1.1442
docvqa,448,docvqa_789,23.7,58.813,1269.755,31.05,0.018665,55.931,1210.941,16.902,50.647,1147.879,28.134,0.014724,47.821,1097.232,1.4022,1.1612,1.1062
docvqa,448,docvqa_790,24.78,57.287,720.323,33.152,0.034401,54.213,663.037,17.198,47.5,587.874,27.019,0.029254,44.643,540.374,1.4409,1.206,1.2253
docvqa,448,docvqa_792,23.981,55.83,1604.075,30.358,0.01495,52.922,1548.244,16.935,47.361,859.8,29.016,0.019696,44.484,812.439,1.4161,1.1788,1.8656
docvqa,448,docvqa_793,35.581,81.598,821.24,29.586,0.043325,78.239,739.642,16.969,46.874,850.688,28.708,0.019947,44.083,803.814,2.0968,1.7408,0.9654
docvqa,448,docvqa_794,24.808,57.127,570.046,32.057,0.043519,54.0,512.919,24.82,69.52,574.38,31.554,0.043211,66.59,504.86,0.9995,0.8217,0.9925
docvqa,448,docvqa_809,25.011,58.044,480.676,30.188,0.052033,55.048,422.632,23.672,72.87,489.353,29.749,0.048375,69.688,416.483,1.0566,0.7965,0.9823
docvqa,448,docvqa_815,25.143,57.804,667.189,32.073,0.037685,54.592,609.384,17.234,47.598,621.435,30.202,0.027733,44.768,573.838,1.4589,1.2144,1.0736
docvqa,448,docvqa_822,24.074,68.124,398.948,30.075,0.060344,65.018,330.824,17.432,47.762,426.336,34.416,0.040889,44.729,378.574,1.381,1.4263,0.9358
docvqa,448,docvqa_824,23.574,54.839,508.673,30.256,0.046345,51.987,453.834,17.136,47.203,449.755,26.837,0.038102,44.403,402.553,1.3757,1.1618,1.131
docvqa,448,docvqa_826,30.939,65.684,706.91,29.147,0.043766,59.81,641.227,17.492,47.844,1886.224,29.181,0.009274,45.066,1838.38,1.7688,1.3729,0.3748
docvqa,448,docvqa_8560,34.039,78.665,572.693,29.06,0.059437,75.666,494.028,27.152,63.055,615.5,32.497,0.044114,57.598,552.446,1.2536,1.2476,0.9305
docvqa,448,docvqa_8565,22.606,52.444,631.384,32.163,0.035804,49.664,578.94,23.057,68.437,562.742,29.077,0.040972,65.122,494.305,0.9804,0.7663,1.122
docvqa,896,docvqa_16424,42.745,74.058,710.37,33.49,0.060173,71.832,636.312,47.159,81.108,622.431,28.491,0.075765,78.149,541.323,0.9064,0.9131,1.1413
docvqa,896,docvqa_16429,42.213,73.523,415.984,28.538,0.101478,71.391,342.461,40.557,70.887,425.422,29.545,0.095334,68.496,354.536,1.0408,1.0372,0.9778
docvqa,896,docvqa_16430,43.653,89.187,479.214,32.502,0.091093,86.867,390.027,40.81,72.657,445.531,31.073,0.091598,70.147,372.874,1.0697,1.2275,1.0756
docvqa,896,docvqa_16437,42.172,72.369,712.621,30.488,0.059179,69.856,640.252,40.637,71.726,691.006,29.49,0.058808,69.471,619.281,1.0378,1.009,1.0313
docvqa,896,docvqa_16440,46.624,82.816,738.251,32.772,0.063155,79.278,655.435,41.167,74.016,713.938,31.996,0.057662,70.943,639.922,1.1326,1.1189,1.0341
docvqa,896,docvqa_16444,41.722,70.969,732.989,28.783,0.05692,68.872,662.02,40.528,70.995,717.108,28.092,0.056515,68.638,646.114,1.0295,0.9996,1.0221
docvqa,896,docvqa_16447,41.715,70.823,801.167,29.214,0.052068,68.774,730.345,40.457,70.749,771.878,28.045,0.052414,68.506,701.129,1.0311,1.001,1.0379
docvqa,896,docvqa_16450,43.203,88.329,417.358,32.903,0.103515,85.561,329.03,40.492,70.499,389.648,31.915,0.103919,68.393,319.148,1.067,1.2529,1.0711
docvqa,896,docvqa_16455,42.202,77.413,1078.522,38.504,0.039129,75.02,1001.109,40.516,73.089,896.674,31.676,0.045185,71.067,823.585,1.0416,1.0592,1.2028
docvqa,896,docvqa_16456,42.415,74.895,461.168,32.189,0.091974,72.719,386.273,41.095,85.858,449.183,30.277,0.091489,82.701,363.325,1.0321,0.8723,1.0267
docvqa,896,docvqa_16463,42.401,72.734,414.289,28.463,0.102346,70.29,341.555,40.607,81.472,478.688,33.101,0.08483,79.248,397.217,1.0442,0.8927,0.8655
docvqa,896,docvqa_16468,42.791,94.225,839.215,29.8,0.05099,91.709,744.989,40.525,71.274,950.788,35.181,0.042623,69.167,879.514,1.0559,1.322,0.8827
docvqa,896,docvqa_16473,41.75,71.278,470.434,33.263,0.088747,69.146,399.157,40.486,71.022,434.181,30.263,0.093247,68.955,363.159,1.0312,1.0036,1.0835
docvqa,896,docvqa_16529,41.588,70.781,522.075,32.235,0.07966,68.763,451.294,40.582,72.273,500.074,30.557,0.081152,69.922,427.801,1.0248,0.9794,1.044
docvqa,896,docvqa_16533,41.537,70.588,638.422,25.811,0.065062,68.508,567.834,40.466,71.714,761.769,31.366,0.05312,69.551,690.055,1.0265,0.9843,0.8381
docvqa,896,docvqa_16539,41.824,70.538,738.452,30.36,0.056637,68.478,667.915,40.52,85.811,804.405,32.663,0.050372,83.494,718.594,1.0322,0.822,0.918
docvqa,896,docvqa_16553,41.489,70.462,670.935,31.604,0.061838,68.466,600.473,40.589,71.746,644.886,30.165,0.06294,69.243,573.141,1.0222,0.9821,1.0404
docvqa,896,docvqa_16568,42.548,75.69,402.15,32.646,0.105801,73.074,326.46,40.668,73.437,386.376,31.294,0.105255,70.836,312.939,1.0462,1.0307,1.0408
docvqa,896,docvqa_16574,42.357,74.664,863.67,31.56,0.049043,72.373,789.007,40.551,72.057,832.51,30.418,0.04871,69.818,760.453,1.0445,1.0362,1.0374
docvqa,896,docvqa_16606,44.052,86.989,386.044,29.905,0.114111,84.547,299.055,40.469,71.081,385.99,31.491,0.104845,69.028,314.908,1.0885,1.2238,1.0001
docvqa,896,docvqa_16609,44.804,85.338,615.722,31.199,0.072767,82.537,530.384,40.635,85.445,585.95,29.441,0.06935,82.84,500.505,1.1026,0.9987,1.0508
docvqa,896,docvqa_16611,41.798,71.929,638.281,29.808,0.065485,69.982,566.352,40.403,69.895,658.597,30.984,0.061348,67.889,588.702,1.0345,1.0291,0.9692
docvqa,896,docvqa_16789,41.661,71.051,760.849,28.742,0.054755,68.88,689.798,40.778,73.731,830.855,31.547,0.049079,71.058,757.124,1.0217,0.9637,0.9157
docvqa,896,docvqa_16801,41.96,72.843,388.038,35.022,0.108135,70.21,315.195,40.595,71.944,326.277,28.259,0.124419,69.6,254.333,1.0336,1.0125,1.1893
docvqa,896,docvqa_16826,42.267,89.154,681.913,32.931,0.061983,86.524,592.76,40.601,72.206,631.404,31.067,0.064302,69.829,559.198,1.041,1.2347,1.08
docvqa,896,docvqa_16830,42.348,73.995,754.683,30.94,0.056113,71.824,680.688,40.522,70.552,737.258,30.305,0.054964,68.409,666.706,1.0451,1.0488,1.0236
docvqa,896,docvqa_16831,42.193,73.47,725.736,29.648,0.058138,71.308,652.266,40.48,84.811,686.31,27.341,0.058982,82.513,601.499,1.0423,0.8663,1.0574
docvqa,896,docvqa_16832,44.378,76.484,532.16,30.378,0.083392,73.649,455.676,51.23,101.904,533.414,28.767,0.096043,95.789,431.51,0.8663,0.7505,0.9976
docvqa,896,docvqa_16835,47.138,82.28,664.803,30.659,0.070906,76.984,582.523,41.078,84.313,673.074,30.987,0.061031,81.354,588.761,1.1475,0.9759,0.9877
docvqa,896,docvqa_16837,42.182,73.992,601.005,32.938,0.070186,71.876,527.013,40.517,71.73,526.12,28.399,0.07701,69.496,454.39,1.0411,1.0315,1.1423
docvqa,896,docvqa_16839,43.681,91.144,656.571,31.413,0.066528,88.674,565.427,40.426,70.089,554.89,26.933,0.072853,68.059,484.802,1.0805,1.3004,1.1832
docvqa,896,docvqa_16981,42.189,73.924,566.991,30.817,0.074409,71.755,493.067,40.75,79.296,574.556,30.954,0.070924,76.736,495.26,1.0353,0.9323,0.9868
docvqa,896,docvqa_16990,42.849,75.845,668.623,31.199,0.064085,73.631,592.778,40.661,73.329,692.353,32.58,0.058729,71.047,619.024,1.0538,1.0343,0.9657
docvqa,896,docvqa_16999,41.994,72.831,608.698,28.204,0.06899,70.842,535.867,40.536,71.614,644.524,30.153,0.062893,69.364,572.91,1.036,1.017,0.9444
docvqa,896,docvqa_17000,42.119,72.853,423.675,29.235,0.099414,70.474,350.822,40.608,71.994,415.562,28.631,0.097719,69.752,343.568,1.0372,1.0119,1.0195
docvqa,896,docvqa_17001,41.917,71.837,361.774,32.215,0.115864,69.711,289.938,40.541,71.232,347.99,30.751,0.116502,68.764,276.759,1.0339,1.0085,1.0396
docvqa,896,docvqa_17002,45.311,85.588,431.664,26.621,0.104968,82.64,346.076,40.756,91.082,473.203,29.394,0.086129,88.386,382.12,1.1118,0.9397,0.9122
docvqa,896,docvqa_17003,42.624,84.328,780.532,29.008,0.054609,81.976,696.204,41.208,73.525,839.627,31.921,0.049079,70.436,766.102,1.0344,1.1469,0.9296
docvqa,896,docvqa_17004,42.943,75.466,705.041,33.136,0.060909,73.171,629.575,40.562,72.689,710.497,33.569,0.057089,70.294,637.808,1.0587,1.0382,0.9923
docvqa,896,docvqa_17005,41.417,72.746,492.385,27.976,0.084115,70.427,419.64,40.53,71.787,525.793,30.267,0.077084,69.532,454.006,1.0219,1.0134,0.9365
docvqa,896,docvqa_17007,42.666,75.234,844.649,30.777,0.050513,72.51,769.415,41.259,88.042,913.305,33.011,0.045175,84.701,825.264,1.0341,0.8545,0.9248
docvqa,896,docvqa_17132,43.011,74.325,544.683,31.357,0.078966,72.252,470.358,40.893,84.798,558.53,31.582,0.073215,82.863,473.732,1.0518,0.8765,0.9752
docvqa,896,docvqa_17133,43.168,75.128,503.337,28.547,0.085763,71.98,428.209,40.486,82.911,511.335,30.602,0.079176,80.651,428.424,1.0662,0.9061,0.9844
docvqa,896,docvqa_17134,43.873,88.317,857.613,28.492,0.051158,85.849,769.296,40.459,84.939,943.447,31.797,0.042884,82.684,858.508,1.0844,1.0398,0.909
docvqa,896,docvqa_17135,42.111,72.648,584.973,28.462,0.071987,70.592,512.324,40.882,76.042,624.38,30.463,0.065476,73.383,548.337,1.0301,0.9554,0.9369
docvqa,896,docvqa_17139,42.329,73.14,501.784,28.576,0.084357,71.137,428.645,40.562,70.77,509.124,29.224,0.079671,68.661,438.354,1.0436,1.0335,0.9856
docvqa,896,docvqa_17140,41.526,70.071,504.345,31.02,0.082336,68.146,434.273,41.117,76.729,488.492,29.412,0.084172,70.548,411.764,1.0099,0.9132,1.0325
docvqa,896,docvqa_17143,41.74,71.869,563.027,30.697,0.074136,69.813,491.158,40.637,72.312,626.616,34.644,0.064851,69.928,554.305,1.0271,0.9939,0.8985
docvqa,896,docvqa_17147,43.667,76.839,742.484,30.257,0.058812,73.917,665.645,41.073,80.216,752.126,30.541,0.054609,77.299,671.91,1.0632,0.9579,0.9872
docvqa,896,docvqa_17149,42.464,72.783,544.997,33.73,0.077916,70.269,472.214,40.433,70.813,518.592,31.984,0.077967,68.751,447.779,1.0502,1.0278,1.0509
docvqa,896,docvqa_17150,41.585,70.318,381.846,25.961,0.108904,68.182,311.528,40.323,83.198,436.774,29.465,0.09232,80.892,353.576,1.0313,0.8452,0.8742
docvqa,896,docvqa_223,41.628,70.655,415.548,26.53,0.100175,68.573,344.893,40.411,71.197,471.049,30.758,0.085789,69.066,399.851,1.0301,0.9924,0.8822
docvqa,896,docvqa_224,41.728,70.979,534.812,30.922,0.078023,68.842,463.833,40.484,71.707,582.482,34.052,0.069502,69.577,510.775,1.0307,0.9898,0.9182
docvqa,896,docvqa_231,41.369,69.643,732.078,30.111,0.056508,67.662,662.434,40.447,69.593,666.821,27.147,0.060657,67.597,597.228,1.0228,1.0007,1.0979
docvqa,896,docvqa_232,41.408,69.699,553.153,30.216,0.074858,67.696,483.454,40.716,72.742,504.802,27.004,0.080657,67.997,432.06,1.017,0.9582,1.0958
docvqa,896,docvqa_234,41.391,69.98,1934.191,29.591,0.0214,68.015,1864.21,40.997,79.694,2016.107,30.737,0.020335,74.704,1936.413,1.0096,0.8781,0.9594
docvqa,896,docvqa_237,41.57,70.286,544.584,27.9,0.076334,68.328,474.298,40.563,71.14,648.398,33.956,0.062559,68.754,577.258,1.0248,0.988,0.8399
docvqa,896,docvqa_24423,42.152,76.616,801.901,30.22,0.052565,74.368,725.286,40.725,75.526,836.78,31.719,0.048669,72.924,761.254,1.035,1.0144,0.9583
docvqa,896,docvqa_24426,42.463,74.456,644.475,31.668,0.065887,72.156,570.02,40.493,70.844,629.708,31.048,0.064304,68.65,558.864,1.0487,1.051,1.0235
docvqa,896,docvqa_24437,42.202,74.241,564.698,32.697,0.074734,72.138,490.456,40.484,70.373,505.649,29.018,0.080064,68.36,435.276,1.0424,1.055,1.1168
docvqa,896,docvqa_24438,42.951,76.176,482.639,33.872,0.088992,73.907,406.462,40.413,108.011,473.4,30.449,0.085368,105.805,365.389,1.0628,0.7053,1.0195
docvqa,896,docvqa_24440,41.984,74.928,578.531,29.624,0.072571,72.491,503.604,40.456,72.558,562.443,28.817,0.07193,70.521,489.884,1.0378,1.0327,1.0286
docvqa,896,docvqa_24499,44.066,91.218,446.922,29.642,0.0986,88.776,355.704,40.501,71.223,408.932,28.142,0.099041,68.982,337.709,1.088,1.2807,1.0929
docvqa,896,docvqa_24500,42.358,74.435,593.039,32.413,0.071425,72.185,518.604,40.566,71.795,425.32,32.139,0.095377,69.499,353.524,1.0442,1.0368,1.3943
docvqa,896,docvqa_24505,43.496,79.983,604.126,32.759,0.071999,76.433,524.143,40.48,70.322,552.934,30.163,0.073209,68.215,482.612,1.0745,1.1374,1.0926
docvqa,896,docvqa_24580,42.274,73.837,530.558,30.448,0.079679,71.498,456.721,40.414,69.511,516.215,29.78,0.078289,67.496,446.704,1.046,1.0622,1.0278
docvqa,896,docvqa_24581,41.715,70.371,989.371,27.029,0.042163,68.356,919.0,40.49,72.324,1092.234,29.997,0.037071,69.897,1019.911,1.0303,0.973,0.9058
docvqa,896,docvqa_24582,41.892,89.694,282.314,27.517,0.14839,87.472,192.62,40.54,73.279,323.257,31.247,0.125412,71.173,249.978,1.0333,1.224,0.8733
docvqa,896,docvqa_25385,43.291,77.015,314.513,29.687,0.137644,74.491,237.498,40.493,70.904,294.686,27.973,0.137412,68.776,223.782,1.0691,1.0862,1.0673
docvqa,896,docvqa_25386,45.275,92.528,423.086,36.729,0.107011,90.04,330.558,40.484,85.468,383.117,33.072,0.105671,83.141,297.65,1.1183,1.0826,1.1043
docvqa,896,docvqa_25387,42.403,74.337,424.056,31.793,0.099993,72.114,349.719,41.015,82.052,430.474,31.675,0.095279,79.265,348.422,1.0338,0.906,0.9851
docvqa,896,docvqa_25396,42.028,75.447,1050.913,27.87,0.039992,72.771,975.467,41.47,76.143,1062.189,28.173,0.039042,72.293,986.046,1.0135,0.9909,0.9894
docvqa,896,docvqa_254,42.595,90.669,643.317,30.703,0.066211,87.866,552.648,40.911,73.421,643.813,31.688,0.063545,70.39,570.392,1.0412,1.2349,0.9992
docvqa,896,docvqa_255,42.063,72.877,476.261,26.892,0.088319,70.595,403.384,40.475,71.741,526.4,30.311,0.07689,69.349,454.659,1.0392,1.0158,0.9048
docvqa,896,docvqa_256,41.488,71.178,580.657,29.969,0.07145,68.922,509.479,40.434,70.997,604.427,31.378,0.066897,68.901,533.43,1.0261,1.0025,0.9607
docvqa,896,docvqa_265,42.46,75.452,583.505,33.87,0.072767,72.894,508.053,40.543,70.666,524.777,30.274,0.077258,68.284,454.111,1.0473,1.0677,1.1119
docvqa,896,docvqa_266,43.371,87.377,593.936,31.66,0.073024,84.894,506.559,40.442,69.832,565.491,30.979,0.071516,67.769,495.66,1.0724,1.2512,1.0503
docvqa,896,docvqa_267,41.628,70.691,527.705,28.563,0.078884,68.714,457.014,40.413,69.643,528.272,28.664,0.0765,67.62,458.629,1.0301,1.015,0.9989
docvqa,896,docvqa_271,41.66,70.722,564.295,30.848,0.073827,68.666,493.573,40.44,69.72,524.609,28.431,0.077085,67.765,454.889,1.0302,1.0144,1.0756
docvqa,896,docvqa_283,41.607,70.947,709.589,30.411,0.058635,68.94,638.641,40.455,70.28,694.655,29.732,0.058237,68.272,624.374,1.0285,1.0095,1.0215
docvqa,896,docvqa_284,41.645,71.068,883.684,29.022,0.047127,69.1,812.617,40.892,71.849,616.811,28.682,0.066296,68.99,544.962,1.0184,0.9891,1.4327
docvqa,896,docvqa_285,44.996,85.666,511.64,28.398,0.087944,83.602,425.973,40.518,69.727,531.022,30.753,0.076302,67.77,461.294,1.1105,1.2286,0.9635
docvqa,896,docvqa_292,41.83,71.007,893.276,29.367,0.046828,68.981,822.269,40.483,71.052,945.209,31.22,0.04283,68.946,874.157,1.0333,0.9994,0.9451
docvqa,896,docvqa_296,43.819,73.734,498.71,30.355,0.087866,70.976,424.976,40.454,72.488,522.752,32.162,0.077388,70.442,450.264,1.0832,1.0172,0.954
docvqa,896,docvqa_297,41.631,70.904,531.234,28.771,0.078367,68.842,460.33,40.424,71.194,534.2,28.938,0.075673,69.168,463.006,1.0299,0.9959,0.9944
docvqa,896,docvqa_298,41.859,70.972,361.627,26.423,0.115752,68.916,290.655,40.485,70.83,421.713,31.898,0.096001,68.854,350.883,1.0339,1.002,0.8575
docvqa,896,docvqa_300,44.133,74.262,637.058,29.621,0.069277,71.653,562.796,40.714,87.719,668.829,30.585,0.060874,85.062,581.11,1.084,0.8466,0.9525
docvqa,896,docvqa_303,41.663,71.754,584.956,32.075,0.071224,69.693,513.201,40.608,86.036,614.572,33.033,0.066076,83.512,528.536,1.026,0.834,0.9518
docvqa,896,docvqa_304,41.922,72.851,971.17,30.977,0.043166,70.744,898.319,40.601,71.392,921.185,29.303,0.044074,68.909,849.793,1.0325,1.0204,1.0543
docvqa,896,docvqa_305,42.529,73.836,576.343,27.917,0.073791,71.651,502.507,40.654,73.199,587.821,28.59,0.069161,70.571,514.622,1.0461,1.0087,0.9805
docvqa,896,docvqa_307,42.052,86.481,591.737,33.684,0.071065,84.218,505.256,40.53,77.486,533.78,30.42,0.07593,74.975,456.294,1.0376,1.1161,1.1086
docvqa,896,docvqa_317,43.694,90.098,506.106,32.001,0.086334,87.653,416.008,40.548,83.7,510.14,32.803,0.079485,81.137,426.44,1.0776,1.0764,0.9921
docvqa,896,docvqa_319,42.211,73.787,737.383,31.6,0.057245,71.643,663.596,40.512,71.074,653.739,27.746,0.06197,69.029,582.665,1.0419,1.0382,1.1279
docvqa,896,docvqa_320,45.116,92.195,2147.129,32.618,0.021012,89.836,2054.934,40.467,71.121,2004.497,30.689,0.020188,69.061,1933.376,1.1149,1.2963,1.0712
docvqa,896,docvqa_321,44.059,89.773,1995.208,30.245,0.022083,87.35,1905.434,40.573,71.508,1968.37,30.109,0.020612,69.244,1896.863,1.0859,1.2554,1.0136
docvqa,896,docvqa_32870,44.406,77.128,495.159,29.859,0.08968,74.284,418.031,40.585,72.044,493.902,30.133,0.082172,69.601,421.858,1.0941,1.0706,1.0025
docvqa,896,docvqa_32871,42.178,76.247,2047.145,31.284,0.020604,74.181,1970.898,41.043,76.233,1922.765,29.31,0.021346,73.052,1846.533,1.0277,1.0002,1.0647
docvqa,896,docvqa_32872,45.914,89.574,543.992,28.401,0.084401,86.564,454.418,40.486,70.012,568.072,31.129,0.071269,67.956,498.06,1.1341,1.2794,0.9576
docvqa,896,docvqa_32873,42.488,73.573,496.697,28.208,0.085542,71.343,423.124,40.438,84.702,538.304,30.24,0.075122,82.422,453.602,1.0507,0.8686,0.9227
docvqa,896,docvqa_32874,42.162,73.744,472.023,33.19,0.089321,71.466,398.28,40.462,69.959,427.347,29.782,0.094681,67.895,357.388,1.042,1.0541,1.1045
docvqa,896,docvqa_32875,42.371,75.097,709.294,33.379,0.059736,72.61,634.197,40.416,69.811,608.523,28.353,0.066417,67.87,538.711,1.0484,1.0757,1.1656
docvqa,896,docvqa_32876,42.269,73.849,682.071,32.012,0.061972,71.597,608.222,40.735,73.387,684.125,32.144,0.059543,70.888,610.737,1.0377,1.0063,0.997
docvqa,896,docvqa_32877,42.091,73.108,749.498,30.745,0.056159,71.048,676.391,40.386,71.858,706.255,28.836,0.057184,69.659,634.397,1.0422,1.0174,1.0612
docvqa,896,docvqa_32878,44.064,77.662,425.663,31.637,0.103517,74.793,348.002,40.474,70.925,445.912,34.09,0.090768,68.839,374.987,1.0887,1.095,0.9546
docvqa,896,docvqa_32879,42.327,74.399,629.917,32.678,0.067194,72.234,555.518,40.389,70.708,640.547,33.52,0.063054,68.582,569.839,1.048,1.0522,0.9834
docvqa,896,docvqa_32881,42.519,73.945,730.558,31.267,0.0582,70.671,656.613,40.493,71.572,686.805,29.297,0.058959,69.328,615.232,1.05,1.0332,1.0637
docvqa,896,docvqa_32882,41.971,71.462,816.3,29.793,0.051416,69.35,744.837,44.843,79.054,835.19,30.245,0.053692,72.833,756.136,0.936,0.904,0.9774
docvqa,896,docvqa_32883,42.837,75.568,508.822,28.884,0.08419,73.047,433.254,40.488,70.305,497.548,26.703,0.081374,68.152,427.243,1.058,1.0749,1.0227
docvqa,896,docvqa_32885,45.633,88.618,541.246,28.289,0.084312,85.924,452.628,40.463,69.857,497.305,26.716,0.081364,67.751,427.449,1.1278,1.2686,1.0884
docvqa,896,docvqa_32886,41.528,69.912,560.369,27.248,0.074108,67.806,490.456,40.457,69.803,554.354,26.919,0.072981,67.71,484.551,1.0265,1.0016,1.0109
docvqa,896,docvqa_32889,44.391,73.976,639.337,26.922,0.069433,71.158,565.36,40.532,71.825,719.052,30.82,0.056368,69.613,647.227,1.0952,1.0299,0.8891
docvqa,896,docvqa_32890,44.704,88.659,502.271,27.574,0.089004,85.709,413.612,40.577,71.995,566.692,32.98,0.071602,69.722,494.697,1.1017,1.2315,0.8863
docvqa,896,docvqa_32891,41.629,69.857,1090.955,28.364,0.038158,67.887,1021.098,40.561,71.314,1116.767,29.87,0.03632,69.063,1045.453,1.0263,0.9796,0.9769
docvqa,896,docvqa_32892,41.978,71.4,276.666,34.211,0.151728,69.305,205.266,40.623,71.327,257.226,30.983,0.157928,69.085,185.899,1.0334,1.001,1.0756
docvqa,896,docvqa_32893,42.171,84.342,285.987,28.806,0.147459,82.066,201.645,40.594,73.054,301.02,32.567,0.134855,70.667,227.966,1.0388,1.1545,0.9501
docvqa,896,docvqa_32894,41.943,72.534,483.825,29.378,0.086691,70.459,411.291,41.23,85.402,516.999,30.828,0.079749,82.26,431.597,1.0173,0.8493,0.9358
docvqa,896,docvqa_32896,43.536,74.13,421.29,28.93,0.103341,71.231,347.161,40.516,71.705,421.266,29.13,0.096177,69.568,349.561,1.0745,1.0338,1.0001
docvqa,896,docvqa_32897,41.849,70.988,391.496,26.709,0.106894,69.007,320.509,40.571,73.223,445.552,31.027,0.091058,70.917,372.329,1.0315,0.9695,0.8787
docvqa,896,docvqa_32898,44.377,74.839,420.773,28.828,0.105465,72.103,345.934,40.506,85.812,431.022,28.767,0.093977,83.416,345.21,1.0956,0.8721,0.9762
docvqa,896,docvqa_32900,43.982,85.982,612.072,27.689,0.071858,83.998,526.09,41.032,73.186,701.376,33.063,0.058502,70.595,628.189,1.0719,1.1748,0.8727
docvqa,896,docvqa_32984,41.845,70.913,583.724,30.165,0.071687,68.883,512.811,40.502,70.314,597.826,31.03,0.067749,68.303,527.512,1.0332,1.0085,0.9764
docvqa,896,docvqa_32986,42.479,74.86,631.652,32.752,0.067251,72.573,556.792,41.317,75.53,609.8,31.428,0.067755,72.035,534.27,1.0281,0.9911,1.0358
docvqa,896,docvqa_32989,41.401,69.72,533.368,28.978,0.077622,67.798,463.648,40.449,69.493,558.232,30.546,0.072458,67.448,488.739,1.0235,1.0033,0.9555
docvqa,896,docvqa_32994,41.48,70.309,522.663,28.272,0.079364,68.366,452.354,40.394,69.422,563.926,30.907,0.071629,67.457,494.504,1.0269,1.0128,0.9268
docvqa,896,docvqa_32995,41.598,70.359,527.535,28.574,0.078854,68.315,457.176,40.689,88.392,563.246,29.678,0.07224,85.723,474.854,1.0223,0.796,0.9366
docvqa,896,docvqa_33153,42.02,72.78,751.777,28.292,0.055894,70.303,678.997,40.675,71.851,833.464,31.734,0.048802,69.538,761.613,1.0331,1.0129,0.902
docvqa,896,docvqa_33158,44.174,87.211,381.587,29.438,0.115764,84.974,294.376,41.023,72.371,348.614,27.624,0.117675,69.483,276.243,1.0768,1.2051,1.0946
docvqa,896,docvqa_345,43.158,74.394,422.726,29.028,0.102095,71.266,348.332,40.539,71.664,408.52,28.071,0.099233,69.441,336.856,1.0646,1.0381,1.0348
docvqa,896,docvqa_346,41.758,71.102,696.083,29.761,0.059991,69.071,624.981,40.481,85.802,750.235,31.64,0.053957,83.566,664.433,1.0315,0.8287,0.9278
docvqa,896,docvqa_347,41.709,70.836,727.004,27.34,0.057371,68.766,656.168,40.428,78.526,842.853,31.847,0.047966,76.324,764.328,1.0317,0.9021,0.8626
docvqa,896,docvqa_348,42.593,76.247,803.986,31.641,0.052978,73.325,727.739,40.527,70.975,762.332,30.059,0.053162,68.942,691.357,1.051,1.0743,1.0546
docvqa,896,docvqa_357,41.605,70.704,411.932,28.436,0.100999,68.62,341.228,40.48,69.478,419.685,29.184,0.096454,67.414,350.207,1.0278,1.0176,0.9815
docvqa,896,docvqa_358,41.571,70.483,529.535,30.603,0.078505,68.467,459.052,73.863,117.418,509.568,26.143,0.144953,111.655,392.15,0.5628,0.6003,1.0392
docvqa,896,docvqa_359,42.621,74.458,494.695,30.017,0.086156,72.097,420.237,40.532,80.277,502.061,30.127,0.08073,78.025,421.784,1.0515,0.9275,0.9853
docvqa,896,docvqa_360,42.299,73.55,675.749,30.11,0.062596,71.327,602.199,40.642,87.03,728.199,32.058,0.055812,84.283,641.169,1.0408,0.8451,0.928
docvqa,896,docvqa_361,41.902,72.888,1185.587,32.726,0.035342,70.824,1112.699,40.632,71.581,1156.734,31.916,0.035127,69.301,1085.153,1.0313,1.0183,1.0249
docvqa,896,docvqa_362,42.048,72.839,723.055,30.963,0.058153,70.708,650.215,40.59,72.35,692.283,29.521,0.058632,69.972,619.933,1.0359,1.0068,1.0445
docvqa,896,docvqa_363,42.055,73.171,651.806,32.146,0.06452,71.06,578.635,40.621,71.914,644.413,31.805,0.063036,69.704,572.498,1.0353,1.0175,1.0115
docvqa,896,docvqa_364,41.769,71.463,1017.959,28.682,0.041032,69.054,946.496,40.537,71.944,1084.799,30.693,0.037368,69.71,1012.855,1.0304,0.9933,0.9384
docvqa,896,docvqa_365,44.874,91.759,850.104,30.334,0.052787,89.049,758.345,40.505,76.862,829.012,30.086,0.04886,74.526,752.151,1.1079,1.1938,1.0254
docvqa,896,docvqa_375,41.449,70.14,716.158,28.088,0.057876,68.163,646.018,40.905,72.89,636.592,28.185,0.064256,69.866,563.702,1.0133,0.9623,1.125
docvqa,896,docvqa_376,41.92,71.93,672.454,27.297,0.062339,69.86,600.524,40.53,71.922,719.348,29.428,0.056342,69.718,647.426,1.0343,1.0001,0.9348
docvqa,896,docvqa_377,41.663,70.992,393.522,29.321,0.105872,68.978,322.53,47.677,86.642,412.599,29.632,0.115552,80.361,325.957,0.8739,0.8194,0.9538
docvqa,896,docvqa_383,42.495,89.777,1398.336,31.916,0.03039,87.32,1308.558,40.434,80.165,1320.257,30.246,0.030626,77.789,1240.092,1.051,1.1199,1.0591
docvqa,896,docvqa_384,42.477,83.208,2166.125,33.062,0.01961,80.678,2082.917,40.61,71.616,1899.431,29.013,0.02138,69.139,1827.816,1.046,1.1619,1.1404
docvqa,896,docvqa_385,42.59,74.903,805.06,29.206,0.052903,72.59,730.157,40.451,69.767,801.846,29.283,0.050447,67.657,732.08,1.0529,1.0736,1.004
docvqa,896,docvqa_39079,41.411,69.967,1188.817,30.239,0.034834,67.927,1118.851,40.453,84.277,1160.161,29.078,0.034869,82.002,1075.884,1.0237,0.8302,1.0247
docvqa,896,docvqa_395,41.661,70.406,420.382,31.816,0.099102,68.423,349.976,40.666,72.555,414.572,31.092,0.098091,70.187,342.016,1.0245,0.9704,1.014
docvqa,896,docvqa_396,46.229,82.708,381.206,29.85,0.121269,79.217,298.499,40.678,72.334,358.324,28.599,0.113523,70.004,285.99,1.1365,1.1434,1.0639
docvqa,896,docvqa_397,44.196,91.786,662.073,30.015,0.066753,89.357,570.286,40.654,86.91,672.039,30.796,0.060493,84.376,585.129,1.0871,1.0561,0.9852
docvqa,896,docvqa_398,42.166,73.003,444.95,28.611,0.094767,70.422,371.947,41.749,73.676,427.302,27.202,0.097704,70.24,353.627,1.01,0.9909,1.0413
docvqa,896,docvqa_407,41.732,71.668,424.332,27.128,0.098347,69.651,352.665,40.628,73.717,450.172,28.958,0.090249,71.344,376.456,1.0272,0.9722,0.9426
docvqa,896,docvqa_408,42.34,251.319,646.937,28.258,0.065447,248.685,395.618,40.492,70.823,533.979,33.083,0.075831,68.644,463.156,1.0456,3.5486,1.2115
docvqa,896,docvqa_409,42.936,76.388,2059.617,31.48,0.020846,73.302,1983.229,40.687,73.044,892.943,28.272,0.045565,70.469,819.9,1.0553,1.0458,2.3065
docvqa,896,docvqa_410,42.606,74.616,878.567,30.921,0.048494,72.35,803.95,40.671,73.134,901.432,31.858,0.045118,70.522,828.298,1.0476,1.0203,0.9746
docvqa,896,docvqa_41421,41.678,70.792,385.486,28.608,0.108118,68.702,314.693,40.473,84.345,438.555,32.201,0.092288,82.136,354.209,1.0298,0.8393,0.879
docvqa,896,docvqa_41434,42.399,73.624,498.405,32.675,0.08507,71.364,424.781,40.632,71.682,463.896,30.17,0.087588,69.397,392.213,1.0435,1.0271,1.0744
docvqa,896,docvqa_41449,44.462,122.062,691.185,35.57,0.064327,119.412,569.122,40.436,69.689,598.171,33.03,0.067599,67.684,528.482,1.0996,1.7515,1.1555
docvqa,896,docvqa_41686,41.621,70.577,390.128,29.05,0.106686,68.485,319.551,40.466,70.517,400.529,30.001,0.101032,68.4,330.011,1.0285,1.0009,0.974
docvqa,896,docvqa_41687,41.542,70.4,733.255,27.619,0.056654,68.383,662.855,40.511,70.02,807.245,30.718,0.050184,67.879,737.225,1.0254,1.0054,0.9083
docvqa,896,docvqa_41688,43.369,86.378,450.911,26.038,0.096182,84.127,364.534,40.509,71.687,505.829,31.01,0.080084,69.573,434.142,1.0706,1.2049,0.8914
docvqa,896,docvqa_41689,42.613,72.621,905.555,28.722,0.047057,69.818,832.934,40.584,85.545,930.14,29.124,0.043632,83.052,844.595,1.05,0.8489,0.9736
docvqa,896,docvqa_41690,41.712,71.235,694.599,28.335,0.060052,69.14,623.364,40.449,70.457,733.197,30.125,0.055169,68.416,662.74,1.0312,1.011,0.9474
docvqa,896,docvqa_41691,43.379,88.037,635.817,30.432,0.068225,85.978,547.78,40.464,70.452,560.896,30.653,0.072142,68.309,490.444,1.072,1.2496,1.1336
docvqa,896,docvqa_41693,41.752,71.3,757.855,29.85,0.055093,69.198,686.555,44.195,79.903,781.653,30.511,0.056541,73.427,701.75,0.9447,0.8923,0.9696
docvqa,896,docvqa_41694,42.348,71.909,610.684,28.357,0.069345,69.783,538.775,40.546,71.43,675.363,31.786,0.060037,69.15,603.933,1.0444,1.0067,0.9042
docvqa,896,docvqa_41695,42.556,75.571,738.154,33.129,0.057652,72.862,662.583,40.499,70.023,637.871,28.392,0.063491,68.007,567.848,1.0508,1.0792,1.1572
docvqa,896,docvqa_41705,42.165,73.495,557.863,32.291,0.075582,71.358,484.368,40.543,83.582,493.69,27.341,0.082123,81.316,410.108,1.04,0.8793,1.13
docvqa,896,docvqa_41715,41.619,71.285,446.717,28.879,0.093167,69.272,375.433,40.52,79.2,521.952,34.058,0.077631,76.887,442.752,1.0271,0.9001,0.8559
docvqa,896,docvqa_41716,41.467,70.425,440.246,30.818,0.094191,68.482,369.821,40.917,83.002,439.872,29.739,0.093019,80.126,356.871,1.0134,0.8485,1.0009
docvqa,896,docvqa_41717,41.433,69.987,444.831,28.834,0.093143,68.048,374.844,41.062,79.194,471.3,30.162,0.087124,76.135,392.107,1.009,0.8837,0.9438
docvqa,896,docvqa_41719,41.653,71.023,717.457,30.783,0.058056,69.059,646.434,40.446,69.385,694.536,29.769,0.058234,67.344,625.152,1.0298,1.0236,1.033
docvqa,896,docvqa_41721,42.373,87.092,770.044,32.522,0.055027,84.819,682.952,40.771,85.787,678.247,28.212,0.060112,83.152,592.46,1.0393,1.0152,1.1353
docvqa,896,docvqa_41723,41.751,72.926,537.502,29.036,0.077676,70.781,464.576,40.624,72.478,521.557,28.067,0.07789,69.983,449.079,1.0277,1.0062,1.0306
docvqa,896,docvqa_41728,42.211,74.041,745.911,30.54,0.05659,71.948,671.871,40.652,86.117,748.715,30.118,0.054296,83.609,662.597,1.0383,0.8598,0.9963
docvqa,896,docvqa_41729,43.1,76.488,580.518,29.649,0.074244,74.032,504.029,40.609,71.356,546.57,27.954,0.074298,69.078,475.214,1.0613,1.0719,1.0621
docvqa,896,docvqa_41749,42.275,74.504,671.471,31.419,0.062958,72.404,596.968,40.819,85.154,697.914,32.251,0.058488,82.366,612.76,1.0357,0.8749,0.9621
docvqa,896,docvqa_41750,42.377,89.112,575.621,32.434,0.07362,86.786,486.509,40.479,71.374,484.724,27.557,0.08351,69.065,413.35,1.0469,1.2485,1.1875
docvqa,896,docvqa_431,42.132,73.843,822.772,32.562,0.051208,71.604,748.928,40.6,71.61,787.125,31.109,0.05158,69.262,715.515,1.0377,1.0312,1.0453
docvqa,896,docvqa_432,77.086,120.386,609.986,25.768,0.126373,111.386,489.6,40.453,70.967,602.626,27.982,0.067128,68.843,531.66,1.9056,1.6964,1.0122
docvqa,896,docvqa_433,42.055,73.25,702.217,31.448,0.059888,71.184,628.967,40.439,70.323,728.643,32.916,0.055499,68.34,658.32,1.04,1.0416,0.9637
docvqa,896,docvqa_444,42.117,76.791,649.501,33.689,0.064845,74.38,572.71,40.498,71.436,620.172,32.279,0.065302,69.031,548.737,1.04,1.075,1.0473
docvqa,896,docvqa_450,45.421,87.857,524.6,31.196,0.086582,84.882,436.743,40.702,73.07,513.312,31.446,0.079293,70.515,440.242,1.1159,1.2024,1.022
docvqa,896,docvqa_45694,42.301,74.143,822.834,32.552,0.051408,71.755,748.69,41.106,86.831,744.848,28.609,0.055188,83.738,658.017,1.0291,0.8539,1.1047
docvqa,896,docvqa_45744,41.597,73.069,1238.489,29.136,0.033587,71.123,1165.42,40.732,76.306,1368.334,32.301,0.029768,73.787,1292.028,1.0212,0.9576,0.9051
docvqa,896,docvqa_45745,41.567,70.442,1182.124,29.255,0.035163,68.392,1111.682,40.486,71.668,1284.521,31.917,0.031518,69.421,1212.853,1.0267,0.9829,0.9203
docvqa,896,docvqa_45747,42.374,73.844,1397.716,33.097,0.030316,71.722,1323.872,41.093,83.38,1247.275,29.097,0.032946,81.279,1163.895,1.0312,0.8856,1.1206
docvqa,896,docvqa_461,41.639,70.755,1837.48,28.043,0.022661,68.765,1766.725,40.47,70.049,1916.096,29.302,0.021121,67.97,1846.047,1.0289,1.0101,0.959
docvqa,896,docvqa_463,43.429,87.056,1882.941,28.506,0.023064,84.715,1795.885,40.764,73.373,1951.635,29.814,0.020887,70.598,1878.262,1.0654,1.1865,0.9648
docvqa,896,docvqa_47368,41.593,70.888,448.01,31.427,0.092839,68.857,377.122,40.542,86.034,420.484,27.871,0.096418,83.603,334.45,1.0259,0.824,1.0655
docvqa,896,docvqa_476,45.326,89.772,411.146,32.137,0.110242,86.932,321.374,40.481,75.288,371.644,29.636,0.108925,72.969,296.356,1.1197,1.1924,1.1063
docvqa,896,docvqa_49153,42.625,74.625,860.12,29.092,0.049557,72.234,785.495,40.461,69.508,842.99,28.647,0.047997,67.445,773.482,1.0535,1.0736,1.0203
docvqa,896,docvqa_49168,42.467,77.153,774.557,29.058,0.054828,74.73,697.404,40.966,75.119,815.518,30.85,0.050233,72.399,740.399,1.0366,1.0271,0.9498
docvqa,896,docvqa_49172,42.741,78.628,413.175,33.455,0.103445,76.162,334.548,40.66,75.438,367.405,29.197,0.110667,73.136,291.967,1.0512,1.0423,1.1246
docvqa,896,docvqa_49177,44.991,79.871,848.828,29.575,0.053004,76.826,768.957,40.595,90.554,837.366,28.724,0.04848,88.06,746.812,1.1083,0.882,1.0137
docvqa,896,docvqa_49181,42.506,78.046,1281.357,32.522,0.033172,75.556,1203.31,40.534,75.81,1175.348,29.717,0.034487,73.566,1099.538,1.0487,1.0295,1.0902
docvqa,896,docvqa_49187,77.948,124.711,1013.526,30.649,0.076908,121.187,888.815,40.414,71.006,968.206,30.938,0.041742,68.89,897.2,1.9287,1.7563,1.0468
docvqa,896,docvqa_49234,41.827,70.326,472.988,28.762,0.088432,68.284,402.662,40.578,71.434,455.6,27.44,0.089065,69.24,384.166,1.0308,0.9845,1.0382
docvqa,896,docvqa_49242,41.797,73.713,389.446,28.703,0.107325,71.546,315.733,40.474,72.921,399.153,29.657,0.1014,70.838,326.232,1.0327,1.0109,0.9757
docvqa,896,docvqa_49263,41.609,70.301,889.771,28.258,0.046763,68.175,819.47,40.75,79.245,1029.663,32.773,0.039576,76.398,950.418,1.0211,0.8871,0.8641
docvqa,896,docvqa_49274,42.016,71.457,631.884,31.135,0.066493,69.41,560.426,40.497,79.58,694.797,34.179,0.058286,77.119,615.217,1.0375,0.8979,0.9095
docvqa,896,docvqa_49279,41.658,70.649,368.64,29.799,0.113005,68.601,297.991,42.383,80.06,420.557,34.05,0.100777,72.532,340.497,0.9829,0.8825,0.8766
docvqa,896,docvqa_49285,41.64,71.004,422.754,31.977,0.098498,68.916,351.751,41.197,86.757,427.759,31.0,0.096309,84.187,341.002,1.0108,0.8184,0.9883
docvqa,896,docvqa_49292,42.908,86.636,1358.786,28.27,0.031578,84.43,1272.15,40.648,72.626,1441.894,30.428,0.028191,70.3,1369.268,1.0556,1.1929,0.9424
docvqa,896,docvqa_49297,43.371,87.269,606.524,28.848,0.071508,84.982,519.255,40.656,72.572,659.411,32.602,0.061655,70.282,586.839,1.0668,1.2025,0.9198
docvqa,896,docvqa_49304,43.391,113.675,510.363,28.335,0.08502,111.447,396.688,40.516,71.955,506.255,31.021,0.080031,69.802,434.3,1.071,1.5798,1.0081
docvqa,896,docvqa_4931,43.711,87.005,687.161,30.008,0.063612,84.72,600.156,40.445,71.261,701.567,31.515,0.05765,69.118,630.307,1.0808,1.2209,0.9795
docvqa,896,docvqa_49322,41.795,71.428,532.023,28.787,0.078558,69.383,460.595,40.415,70.008,537.097,29.193,0.075247,67.951,467.089,1.0341,1.0203,0.9906
docvqa,896,docvqa_49323,41.431,70.225,482.562,34.361,0.085856,68.278,412.336,40.498,71.839,464.786,32.746,0.087134,69.667,392.947,1.023,0.9775,1.0382
docvqa,896,docvqa_49324,42.402,85.935,455.666,28.441,0.093054,83.711,369.731,40.484,71.453,454.416,29.459,0.08909,69.12,382.963,1.0474,1.2027,1.0028
docvqa,896,docvqa_49325,42.441,75.073,452.987,31.493,0.093691,72.574,377.914,40.4,72.102,419.645,28.962,0.096273,69.849,347.543,1.0505,1.0412,1.0795
docvqa,896,docvqa_49326,42.55,89.187,623.818,31.449,0.068208,86.675,534.631,40.402,84.058,617.097,31.355,0.065471,81.798,533.039,1.0532,1.061,1.0109
docvqa,896,docvqa_49361,42.188,73.779,362.127,28.835,0.1165,71.625,288.348,40.484,70.438,373.02,30.258,0.10853,68.365,302.582,1.0421,1.0474,0.9708
docvqa,896,docvqa_49362,42.378,87.532,482.257,30.363,0.087874,84.811,394.725,40.424,72.029,458.049,29.694,0.088253,69.927,386.021,1.0483,1.2152,1.0529
docvqa,896,docvqa_49366,41.769,71.148,473.109,28.711,0.088287,69.006,401.961,40.495,84.843,371.716,28.687,0.10894,82.587,286.873,1.0315,0.8386,1.2728
docvqa,896,docvqa_49369,42.529,74.054,390.0,28.722,0.109049,71.795,315.947,40.456,70.306,404.449,30.377,0.100027,68.253,334.143,1.0512,1.0533,0.9643
docvqa,896,docvqa_49373,42.055,72.461,467.265,28.2,0.090003,70.045,394.804,40.448,71.517,559.445,34.852,0.0723,69.329,487.928,1.0397,1.0132,0.8352
docvqa,896,docvqa_49376,41.478,72.148,524.579,30.162,0.07907,70.002,452.431,40.451,69.406,497.965,28.571,0.081233,67.39,428.559,1.0254,1.0395,1.0534
docvqa,896,docvqa_49381,41.42,69.92,433.742,27.986,0.095495,67.931,363.822,43.83,77.402,461.138,29.518,0.095048,71.611,383.736,0.945,0.9033,0.9406
docvqa,896,docvqa_49390,41.481,70.226,253.88,26.236,0.163389,68.272,183.654,40.465,72.791,287.011,30.603,0.140989,70.413,214.22,1.0251,0.9648,0.8846
docvqa,896,docvqa_49391,44.712,88.669,697.585,27.678,0.064095,85.679,608.916,41.704,262.665,890.677,28.546,0.046823,260.679,628.013,1.0721,0.3376,0.7832
docvqa,896,docvqa_49392,42.525,77.63,754.793,33.858,0.05634,74.905,677.163,40.814,71.072,635.388,28.216,0.064234,68.215,564.316,1.0419,1.0923,1.1879
docvqa,896,docvqa_49393,71.154,125.036,674.862,32.343,0.105435,119.358,549.826,40.735,87.264,619.349,31.299,0.065771,84.323,532.085,1.7468,1.4328,1.0896
docvqa,896,docvqa_49394,42.606,76.857,573.348,33.099,0.074311,74.079,496.491,40.569,71.935,590.476,34.569,0.068706,69.679,518.541,1.0502,1.0684,0.971
docvqa,896,docvqa_49395,42.745,75.667,661.903,30.855,0.064579,73.221,586.236,40.474,73.095,687.504,32.337,0.058871,70.73,614.409,1.0561,1.0352,0.9628
docvqa,896,docvqa_49396,50.878,89.216,660.496,30.067,0.077031,83.132,571.279,40.547,73.972,682.227,32.013,0.059434,71.502,608.255,1.2548,1.2061,0.9681
docvqa,896,docvqa_49397,44.058,87.337,498.247,27.394,0.088425,84.904,410.911,40.461,71.547,576.756,33.681,0.070152,69.287,505.209,1.0889,1.2207,0.8639
docvqa,896,docvqa_49398,42.819,86.065,459.902,28.757,0.093105,83.79,373.837,40.533,71.542,471.03,30.73,0.086052,69.412,399.488,1.0564,1.203,0.9764
docvqa,896,docvqa_49399,41.507,77.353,400.994,32.364,0.10351,75.142,323.641,40.435,71.262,366.686,29.542,0.110272,69.102,295.424,1.0265,1.0855,1.0936
docvqa,896,docvqa_49400,42.295,74.264,829.894,30.225,0.050965,71.891,755.63,40.455,71.978,865.055,31.723,0.046765,69.885,793.077,1.0455,1.0318,0.9594
docvqa,896,docvqa_49401,42.251,74.372,599.778,32.838,0.070445,72.084,525.407,40.531,72.036,617.21,34.073,0.065668,69.653,545.175,1.0424,1.0324,0.9718
docvqa,896,docvqa_49402,42.202,73.472,1102.737,31.19,0.03827,71.344,1029.265,40.609,70.903,1046.454,29.562,0.038807,68.676,975.551,1.0392,1.0362,1.0538
docvqa,896,docvqa_49403,44.567,81.265,321.966,26.745,0.138422,78.56,240.701,40.661,87.326,351.978,29.406,0.115522,84.652,264.652,1.0961,0.9306,0.9147
docvqa,896,docvqa_49404,41.63,84.923,775.18,30.011,0.053704,82.563,690.257,55.111,115.277,877.523,31.76,0.062803,112.033,762.245,0.7554,0.7367,0.8834
docvqa,896,docvqa_49406,42.631,76.265,563.856,32.506,0.075606,73.219,487.591,40.454,71.52,557.99,32.431,0.0725,69.316,486.47,1.0538,1.0663,1.0105
docvqa,896,docvqa_49432,42.137,71.062,1223.431,31.145,0.034442,69.032,1152.369,40.444,70.405,1136.533,28.814,0.035585,68.399,1066.128,1.0419,1.0093,1.0765
docvqa,896,docvqa_49437,41.896,71.859,798.49,31.593,0.052469,69.8,726.631,40.604,84.13,769.347,29.792,0.052777,81.874,685.217,1.0318,0.8541,1.0379
docvqa,896,docvqa_49442,41.749,71.596,486.647,29.647,0.085788,69.508,415.051,40.652,73.037,506.419,30.956,0.080273,70.454,433.382,1.027,0.9803,0.961
docvqa,896,docvqa_49449,42.156,85.161,590.01,31.553,0.071449,82.949,504.85,40.516,72.766,557.076,30.269,0.072729,70.56,484.31,1.0405,1.1703,1.0591
docvqa,896,docvqa_49454,41.685,72.122,655.79,30.719,0.063565,69.746,583.668,41.262,76.568,681.726,31.85,0.060526,73.46,605.158,1.0103,0.9419,0.962
docvqa,896,docvqa_49455,41.703,71.542,1289.508,31.23,0.03234,69.508,1217.966,40.43,81.896,1304.065,31.338,0.031003,79.561,1222.169,1.0315,0.8736,0.9888
docvqa,896,docvqa_49461,43.674,86.741,598.576,26.939,0.072963,84.526,511.835,40.556,72.324,606.63,28.121,0.066854,70.035,534.307,1.0769,1.1993,0.9867
docvqa,896,docvqa_49465,42.601,76.06,714.21,30.388,0.059648,73.106,638.15,40.535,85.591,758.055,32.022,0.053472,83.336,672.463,1.051,0.8886,0.9422
docvqa,896,docvqa_49528,42.837,72.129,293.981,27.731,0.145712,69.641,221.852,40.76,72.82,327.302,31.81,0.124535,70.35,254.481,1.051,0.9905,0.8982
docvqa,896,docvqa_49530,42.563,90.343,371.649,35.163,0.114526,87.617,281.307,41.213,76.071,303.493,28.428,0.135797,73.083,227.421,1.0328,1.1876,1.2246
docvqa,896,docvqa_49532,44.857,77.88,573.587,29.159,0.078205,74.854,495.706,40.54,70.904,604.927,31.413,0.067017,68.655,534.022,1.1065,1.0984,0.9482
docvqa,896,docvqa_49534,42.629,75.09,718.88,33.884,0.0593,72.772,643.79,40.646,72.322,655.923,30.716,0.061968,69.981,583.601,1.0488,1.0383,1.096
docvqa,896,docvqa_49536,44.263,90.471,1806.257,30.639,0.024505,88.103,1715.786,40.583,71.867,1824.762,31.302,0.02224,69.55,1752.896,1.0907,1.2589,0.9899
docvqa,896,docvqa_49542,41.881,71.373,550.679,28.194,0.076054,69.341,479.306,40.63,71.744,576.644,29.7,0.070459,69.471,504.9,1.0308,0.9948,0.955
docvqa,896,docvqa_49544,41.485,70.169,1028.526,29.041,0.040334,68.219,958.357,40.461,71.027,1042.857,29.449,0.038798,68.976,971.83,1.0253,0.9879,0.9863
docvqa,896,docvqa_49546,41.495,70.239,1877.471,28.686,0.022101,68.271,1807.232,40.509,71.358,2018.419,30.906,0.02007,69.262,1947.061,1.0243,0.9843,0.9302
docvqa,896,docvqa_49550,42.47,75.218,1503.224,31.733,0.028253,73.008,1428.005,40.706,74.089,1278.701,30.115,0.031834,71.473,1204.612,1.0433,1.0152,1.1756
docvqa,896,docvqa_49555,41.738,85.243,900.598,28.116,0.046345,83.016,815.355,40.431,70.159,897.353,28.524,0.045056,68.073,827.194,1.0323,1.215,1.0036
docvqa,896,docvqa_49560,41.66,71.76,656.325,27.836,0.063474,69.729,584.565,40.585,73.057,724.143,31.004,0.056045,70.698,651.085,1.0265,0.9822,0.9063
docvqa,896,docvqa_49565,42.55,74.975,467.377,32.7,0.09104,72.39,392.402,40.732,72.657,412.708,28.338,0.098695,70.068,340.051,1.0446,1.0319,1.1325
docvqa,896,docvqa_49569,41.665,70.641,440.676,28.464,0.094549,68.519,370.035,40.642,73.178,492.318,32.242,0.082553,70.579,419.14,1.0252,0.9653,0.8951
docvqa,896,docvqa_49574,43.84,75.558,620.661,28.69,0.070635,72.641,545.103,40.491,71.004,633.518,29.606,0.063914,68.87,562.514,1.0827,1.0641,0.9797
docvqa,896,docvqa_49577,42.034,73.313,457.468,34.923,0.091883,71.259,384.155,41.267,77.486,433.956,32.406,0.095094,74.459,356.47,1.0186,0.9461,1.0542
docvqa,896,docvqa_49579,41.998,72.702,721.5,30.895,0.05821,70.653,648.798,41.243,76.231,765.987,32.846,0.053842,73.001,689.756,1.0183,0.9537,0.9419
docvqa,896,docvqa_4958,41.776,71.496,584.869,32.086,0.071428,69.244,513.374,40.668,82.675,532.992,28.145,0.076302,80.267,450.317,1.0272,0.8648,1.0973
docvqa,896,docvqa_49583,41.987,73.277,631.685,29.39,0.066469,71.21,558.407,40.662,74.3,639.073,29.725,0.063627,71.815,564.773,1.0326,0.9862,0.9884
docvqa,896,docvqa_49586,42.341,75.356,2099.675,32.132,0.020166,72.977,2024.318,41.247,74.412,1973.87,30.15,0.020897,70.802,1899.458,1.0265,1.0127,1.0637
docvqa,896,docvqa_4959,41.44,70.334,238.894,33.712,0.173464,68.373,168.561,40.984,76.751,214.71,27.592,0.19088,73.874,137.959,1.0111,0.9164,1.1126
docvqa,896,docvqa_49595,44.495,79.366,842.675,30.532,0.052802,76.438,763.31,40.529,70.913,770.017,30.396,0.052633,68.708,699.104,1.0979,1.1192,1.0944
docvqa,896,docvqa_49605,41.802,71.237,1039.366,30.254,0.040219,69.181,968.129,41.153,85.427,982.094,28.021,0.041903,82.466,896.666,1.0158,0.8339,1.0583
docvqa,896,docvqa_49617,43.148,86.827,782.411,27.823,0.055147,84.572,695.584,41.001,84.947,799.175,28.569,0.051304,82.604,714.229,1.0524,1.0221,0.979
docvqa,896,docvqa_49629,43.303,86.59,561.433,31.656,0.077129,84.34,474.844,40.488,71.614,534.519,30.86,0.075747,69.551,462.905,1.0695,1.2091,1.0504
docvqa,896,docvqa_49643,45.744,94.119,833.613,32.152,0.054874,90.818,739.494,40.734,73.065,744.441,29.19,0.054717,70.146,671.376,1.123,1.2882,1.1198
docvqa,896,docvqa_4977,41.989,71.282,398.879,29.782,0.105268,69.124,327.597,40.691,73.307,408.126,30.438,0.099703,69.114,334.819,1.0319,0.9724,0.9773
docvqa,896,docvqa_4978,42.376,74.59,525.935,28.209,0.080572,72.065,451.346,40.615,71.853,605.032,33.324,0.067129,69.53,533.18,1.0434,1.0381,0.8693
docvqa,896,docvqa_4980,42.937,76.375,912.624,30.972,0.047047,74.179,836.249,40.444,83.978,842.274,28.085,0.048017,81.733,758.296,1.0616,0.9095,1.0835
docvqa,896,docvqa_553,42.213,73.816,503.549,33.056,0.083831,71.58,429.734,40.468,70.196,533.645,35.65,0.075833,68.151,463.449,1.0431,1.0516,0.9436
docvqa,896,docvqa_554,44.077,90.156,775.727,29.807,0.05682,87.78,685.571,40.53,83.314,749.113,28.948,0.054104,81.23,665.799,1.0875,1.0821,1.0355
docvqa,896,docvqa_55464,42.194,76.702,766.068,29.972,0.055079,74.396,689.366,40.436,73.041,754.128,29.612,0.053619,70.908,681.087,1.0435,1.0501,1.0158
docvqa,896,docvqa_555,41.975,73.008,676.932,30.196,0.062008,70.895,603.924,40.516,70.695,650.784,29.004,0.062257,68.611,580.089,1.036,1.0327,1.0402
docvqa,896,docvqa_57122,41.649,71.148,502.897,28.783,0.082818,69.031,431.749,40.425,71.517,542.039,31.368,0.074579,69.475,470.522,1.0303,0.9948,0.9278
docvqa,896,docvqa_57349,42.286,86.122,383.058,29.694,0.11039,83.315,296.937,57.367,94.771,407.076,31.23,0.140924,88.693,312.305,0.7371,0.9087,0.941
docvqa,896,docvqa_57357,44.712,80.08,773.927,30.167,0.057773,77.052,693.848,40.459,73.241,754.713,29.629,0.053609,71.162,681.472,1.1051,1.0934,1.0255
docvqa,896,docvqa_57364,48.658,115.739,591.174,27.967,0.082308,112.403,475.435,40.627,106.209,618.46,30.132,0.065691,103.747,512.251,1.1977,1.0897,0.9559
docvqa,896,docvqa_57366,41.832,89.545,531.428,27.618,0.078717,86.958,441.883,40.514,74.128,591.669,32.346,0.068475,72.006,517.541,1.0325,1.208,0.8982
docvqa,896,docvqa_57368,44.933,87.244,962.769,31.269,0.046671,84.204,875.526,40.404,73.549,793.542,30.0,0.050917,71.409,719.993,1.1121,1.1862,1.2133
docvqa,896,docvqa_57370,41.861,71.58,1148.877,29.116,0.036437,69.309,1077.297,40.568,70.668,1157.405,29.371,0.035051,68.143,1086.737,1.0319,1.0129,0.9926
docvqa,896,docvqa_57371,41.636,74.316,913.216,27.963,0.045593,72.171,838.901,40.5,72.516,956.556,29.468,0.042339,70.471,884.04,1.028,1.0248,0.9547
docvqa,896,docvqa_57372,41.615,71.23,767.177,28.998,0.054245,69.203,695.947,40.947,82.481,751.809,27.889,0.054465,79.653,669.329,1.0163,0.8636,1.0204
docvqa,896,docvqa_57373,42.208,73.225,1236.812,29.836,0.034126,71.131,1163.587,40.658,71.439,1377.596,33.491,0.029513,68.963,1306.157,1.0381,1.025,0.8978
docvqa,896,docvqa_57374,42.299,73.783,587.578,30.223,0.071989,71.475,513.795,41.204,73.961,562.427,28.733,0.073261,70.594,488.466,1.0266,0.9976,1.0447
docvqa,896,docvqa_57375,45.448,81.108,506.928,30.416,0.089654,78.612,425.82,40.524,73.163,558.089,34.638,0.072613,70.879,484.926,1.1215,1.1086,0.9083
docvqa,896,docvqa_57376,49.27,109.559,667.267,30.984,0.073838,105.632,557.708,40.847,74.054,792.541,31.239,0.051539,71.795,718.487,1.2062,1.4794,0.8419
docvqa,896,docvqa_57386,42.686,74.861,754.015,29.528,0.056611,72.603,679.154,41.279,84.23,574.932,27.261,0.071798,81.872,490.702,1.0341,0.8888,1.3115
docvqa,896,docvqa_57387,45.356,81.014,653.42,30.127,0.069414,78.092,572.406,41.028,71.088,617.004,28.732,0.066496,68.569,545.916,1.1055,1.1396,1.059
docvqa,896,docvqa_57388,42.147,73.495,649.078,30.294,0.064934,71.272,575.583,40.604,74.166,723.699,34.186,0.056106,71.605,649.533,1.038,0.991,0.8969
docvqa,896,docvqa_57391,42.613,76.768,393.271,31.65,0.108356,74.276,316.503,40.552,71.482,373.988,30.251,0.108431,69.29,302.507,1.0508,1.0739,1.0516
docvqa,896,docvqa_57395,45.64,77.321,721.198,30.661,0.063284,74.507,643.876,40.499,71.604,725.835,31.154,0.055797,69.35,654.231,1.1269,1.0798,0.9936
docvqa,896,docvqa_57402,42.601,75.943,1853.97,32.926,0.022978,73.453,1778.027,40.69,74.29,1655.065,29.274,0.024585,71.878,1580.775,1.047,1.0223,1.1202
docvqa,896,docvqa_57403,42.572,76.674,731.729,32.753,0.05818,74.371,655.055,40.544,86.542,691.534,30.25,0.05863,84.015,604.992,1.05,0.886,1.0581
docvqa,896,docvqa_57404,42.109,81.014,1207.902,28.172,0.034861,78.591,1126.888,40.438,82.949,1315.543,30.815,0.030739,80.57,1232.594,1.0413,0.9767,0.9182
docvqa,896,docvqa_57407,42.037,70.952,640.205,28.463,0.065662,68.948,569.253,41.323,81.601,742.043,33.022,0.055688,78.301,660.442,1.0173,0.8695,0.8628
docvqa,896,docvqa_57409,41.475,70.371,332.789,26.242,0.124627,68.43,262.419,40.461,69.93,371.608,30.168,0.108881,67.885,301.677,1.0251,1.0063,0.8955
docvqa,896,docvqa_57410,42.604,81.527,596.793,32.204,0.071388,79.102,515.266,40.676,73.075,542.552,29.342,0.074971,70.483,469.477,1.0474,1.1157,1.1
docvqa,896,docvqa_57411,42.226,73.585,558.996,30.338,0.075539,71.332,485.41,40.507,71.671,558.393,30.42,0.072542,69.372,486.722,1.0424,1.0267,1.0011
docvqa,896,docvqa_57413,42.235,73.631,1195.635,33.0,0.035324,71.375,1122.004,40.463,71.275,1010.905,30.311,0.040027,69.135,939.63,1.0438,1.0331,1.1827
docvqa,896,docvqa_57414,42.217,73.66,613.966,30.017,0.068761,71.406,540.306,40.444,85.546,631.566,30.334,0.064038,83.201,546.021,1.0438,0.8611,0.9721
docvqa,896,docvqa_57415,43.441,89.162,639.951,32.399,0.067881,86.79,550.789,46.419,88.765,590.597,29.519,0.078596,79.212,501.831,0.9358,1.0045,1.0836
docvqa,896,docvqa_57416,42.171,73.637,515.967,29.489,0.081732,71.488,442.33,40.499,71.302,512.055,29.384,0.079091,69.053,440.753,1.0413,1.0327,1.0076
docvqa,896,docvqa_57417,42.138,73.22,443.291,28.467,0.095057,71.14,370.071,40.451,70.301,458.335,29.849,0.088256,68.272,388.033,1.0417,1.0415,0.9672
docvqa,896,docvqa_57418,67.686,128.522,606.663,31.876,0.111572,125.472,478.141,40.408,112.064,646.226,35.611,0.062529,109.826,534.162,1.6751,1.1469,0.9388
docvqa,896,docvqa_57428,44.065,77.962,267.712,37.95,0.164597,75.006,189.75,40.489,71.326,238.548,33.444,0.169733,69.096,167.222,1.0883,1.093,1.1223
docvqa,896,docvqa_57431,41.841,71.282,543.604,27.784,0.076969,69.088,472.322,40.478,71.306,580.744,29.967,0.069701,69.137,509.438,1.0337,0.9997,0.936
docvqa,896,docvqa_57439,45.136,93.696,1688.834,31.903,0.026726,90.835,1595.138,40.504,84.593,1603.855,30.385,0.025254,82.332,1519.263,1.1144,1.1076,1.053
docvqa,896,docvqa_57440,42.585,79.45,590.316,31.929,0.072139,77.007,510.866,40.557,72.114,516.587,27.78,0.07851,69.649,444.473,1.05,1.1017,1.1427
docvqa,896,docvqa_57449,42.167,73.697,392.374,31.868,0.107466,71.547,318.677,40.705,79.954,362.716,28.276,0.112223,77.384,282.762,1.0359,0.9217,1.0818
docvqa,896,docvqa_57452,41.834,71.548,1653.892,28.77,0.025294,69.307,1582.344,40.464,69.739,1734.784,30.274,0.023325,67.528,1665.046,1.0339,1.0259,0.9534
docvqa,896,docvqa_57454,41.49,69.964,1885.122,28.812,0.022009,67.907,1815.158,40.427,69.568,1946.464,29.792,0.02077,67.604,1876.895,1.0263,1.0057,0.9685
docvqa,896,docvqa_57475,41.607,85.432,499.585,27.61,0.083283,83.161,414.153,40.445,86.046,568.45,32.16,0.071149,83.727,482.404,1.0287,0.9929,0.8789
docvqa,896,docvqa_57476,41.492,70.605,712.824,29.192,0.058208,68.564,642.219,40.499,71.851,707.529,28.894,0.05724,69.674,635.678,1.0245,0.9827,1.0075
docvqa,896,docvqa_57515,42.092,71.779,588.483,30.394,0.071527,69.552,516.704,40.47,70.308,603.774,31.38,0.067028,68.227,533.466,1.0401,1.0209,0.9747
docvqa,896,docvqa_57517,42.111,71.073,307.915,26.316,0.136761,69.044,236.841,40.616,72.589,367.132,32.727,0.110629,70.166,294.544,1.0368,0.9791,0.8387
docvqa,896,docvqa_57519,41.52,70.148,363.21,29.306,0.114315,68.168,293.061,54.669,87.403,354.352,26.695,0.154278,81.649,266.949,0.7595,0.8026,1.025
docvqa,896,docvqa_57521,42.309,82.849,505.188,32.488,0.083748,80.445,422.339,41.002,84.967,465.802,29.295,0.088024,81.95,380.835,1.0319,0.9751,1.0846
docvqa,896,docvqa_57523,41.878,71.985,499.492,28.5,0.08384,69.57,427.507,40.428,69.759,527.2,30.496,0.076684,67.762,457.441,1.0359,1.0319,0.9474
docvqa,896,docvqa_57524,41.892,71.178,490.58,29.957,0.085392,69.163,419.401,40.423,69.787,499.074,30.663,0.080996,67.771,429.287,1.0363,1.0199,0.983
docvqa,896,docvqa_57525,41.674,73.574,805.443,30.495,0.05174,71.57,731.869,40.429,72.751,742.932,27.924,0.054418,70.725,670.18,1.0308,1.0113,1.0841
docvqa,896,docvqa_57526,41.589,70.413,369.786,29.937,0.112467,68.431,299.373,41.007,79.873,374.719,29.485,0.109433,77.109,294.846,1.0142,0.8816,0.9868
docvqa,896,docvqa_57527,42.314,85.681,733.031,29.425,0.057725,83.445,647.35,40.872,88.726,792.014,31.968,0.051605,85.828,703.288,1.0353,0.9657,0.9255
docvqa,896,docvqa_57528,41.666,70.629,960.702,29.669,0.043371,68.511,890.072,40.46,72.303,1010.576,31.276,0.040037,70.149,938.274,1.0298,0.9768,0.9506
docvqa,896,docvqa_57529,43.049,76.235,705.036,31.44,0.061059,74.084,628.801,41.112,89.03,743.404,32.719,0.055302,86.119,654.374,1.0471,0.8563,0.9484
docvqa,896,docvqa_57530,41.575,70.537,333.462,26.293,0.124676,68.505,262.925,41.104,73.999,368.656,29.466,0.111497,70.742,294.657,1.0115,0.9532,0.9045
docvqa,896,docvqa_57531,43.203,86.526,486.923,26.693,0.088727,84.279,400.396,40.493,70.325,514.02,29.58,0.078778,68.239,443.695,1.0669,1.2304,0.9473
docvqa,896,docvqa_57532,41.579,73.342,713.849,29.114,0.058246,71.397,640.507,40.445,73.087,767.813,31.578,0.052675,71.079,694.726,1.028,1.0035,0.9297
docvqa,896,docvqa_57533,43.104,73.161,625.614,30.692,0.068899,70.355,552.453,45.943,79.288,599.654,28.909,0.076616,73.484,520.366,0.9382,0.9227,1.0433
docvqa,896,docvqa_57537,42.524,74.711,721.174,34.024,0.058965,72.429,646.462,40.495,70.457,614.911,28.655,0.065855,68.332,544.454,1.0501,1.0604,1.1728
docvqa,896,docvqa_57539,42.547,74.819,686.534,32.196,0.061974,72.456,611.715,40.575,85.726,669.102,30.704,0.060641,83.142,583.376,1.0486,0.8728,1.0261
docvqa,896,docvqa_57540,44.436,83.876,789.283,30.67,0.056299,80.779,705.407,40.983,77.705,793.458,31.12,0.051651,74.798,715.753,1.0843,1.0794,0.9947
docvqa,896,docvqa_57543,42.481,87.865,693.893,31.896,0.061221,85.349,606.028,40.492,70.311,589.334,27.317,0.068708,68.182,519.023,1.0491,1.2497,1.1774
docvqa,896,docvqa_57550,43.031,76.979,321.847,30.609,0.133701,74.605,244.868,40.476,71.135,290.917,27.473,0.139134,68.883,219.783,1.0631,1.0822,1.1063
docvqa,896,docvqa_57557,43.076,86.836,1504.891,28.94,0.028624,84.466,1418.055,40.613,72.546,1526.715,29.677,0.026601,70.262,1454.169,1.0606,1.197,0.9857
docvqa,896,docvqa_57562,42.675,75.966,372.055,29.609,0.114702,73.377,296.089,40.49,70.716,345.369,27.465,0.117236,68.653,274.653,1.054,1.0742,1.0773
docvqa,896,docvqa_57564,43.152,75.477,1320.118,31.914,0.032688,73.096,1244.641,40.534,72.486,1298.361,31.433,0.03122,70.361,1225.875,1.0646,1.0413,1.0168
docvqa,896,docvqa_57566,41.506,70.22,542.063,27.755,0.07657,68.246,471.843,40.436,69.315,553.212,28.464,0.073093,67.29,483.896,1.0265,1.0131,0.9798
docvqa,896,docvqa_57733,45.711,82.527,821.3,32.121,0.055657,76.604,738.772,40.602,71.631,754.364,29.684,0.053823,69.356,682.733,1.1258,1.1521,1.0887
docvqa,896,docvqa_57765,41.772,71.601,613.04,28.497,0.06814,69.364,541.439,40.572,87.574,632.554,28.683,0.06414,85.09,544.98,1.0296,0.8176,0.9692
docvqa,896,docvqa_57766,45.834,80.111,579.183,31.192,0.079135,76.459,499.071,40.674,71.67,508.666,27.312,0.079963,68.923,436.996,1.1269,1.1178,1.1386
docvqa,896,docvqa_57767,42.552,80.473,527.37,34.377,0.080688,77.997,446.898,40.534,84.373,447.722,27.95,0.090534,82.077,363.349,1.0498,0.9538,1.1779
docvqa,896,docvqa_57770,42.211,73.339,558.8,32.364,0.075538,71.297,485.461,40.573,71.428,656.302,30.783,0.061821,68.96,584.875,1.0404,1.0268,0.8514
docvqa,896,docvqa_57771,42.008,72.802,727.385,29.754,0.057752,70.702,654.582,40.48,69.922,691.492,28.253,0.05854,67.858,621.57,1.0377,1.0412,1.0519
docvqa,896,docvqa_57780,41.521,70.12,462.275,26.144,0.089818,68.026,392.155,40.618,71.029,557.067,32.403,0.072914,68.593,486.038,1.0222,0.9872,0.8298
docvqa,896,docvqa_57781,41.509,69.96,451.548,25.439,0.091926,67.984,381.588,40.447,72.073,572.21,33.342,0.070686,69.782,500.137,1.0263,0.9707,0.7891
docvqa,896,docvqa_57782,44.337,85.478,981.119,27.141,0.045191,82.607,895.641,40.541,71.426,1035.092,30.115,0.039167,69.183,963.667,1.0936,1.1967,0.9479
docvqa,896,docvqa_57783,45.522,92.37,544.906,30.169,0.083541,88.963,452.535,40.429,70.866,550.856,31.999,0.073394,68.695,479.991,1.126,1.3034,0.9892
docvqa,896,docvqa_57784,42.04,73.143,783.981,30.906,0.053624,70.981,710.838,41.128,85.753,756.893,29.18,0.054338,83.344,671.14,1.0222,0.8529,1.0358
docvqa,896,docvqa_57786,42.509,74.419,594.482,32.504,0.071507,72.141,520.063,40.59,87.316,569.387,30.129,0.071287,84.887,482.071,1.0473,0.8523,1.0441
docvqa,896,docvqa_57790,41.917,75.842,340.039,33.025,0.123271,73.615,264.197,40.586,72.708,352.939,35.029,0.114995,70.199,280.231,1.0328,1.0431,0.9634
docvqa,896,docvqa_57791,42.01,73.283,689.455,29.342,0.060932,71.172,616.172,40.514,71.296,696.693,29.781,0.058152,69.167,625.397,1.0369,1.0279,0.9896
docvqa,896,docvqa_57798,42.263,74.063,953.316,32.565,0.044333,71.935,879.253,40.655,70.838,820.33,27.759,0.04956,68.428,749.492,1.0396,1.0455,1.1621
docvqa,896,docvqa_57799,43.018,75.172,1471.455,30.354,0.029235,72.809,1396.282,40.483,70.049,1431.896,29.605,0.028272,67.989,1361.846,1.0626,1.0731,1.0276
docvqa,896,docvqa_57800,45.057,89.8,1054.703,31.126,0.04272,87.392,964.903,40.438,70.072,963.601,28.824,0.041966,68.048,893.529,1.1142,1.2815,1.0945
docvqa,896,docvqa_57801,42.37,73.87,816.718,30.952,0.051878,71.645,742.847,45.257,78.804,1633.141,29.891,0.027712,72.837,1554.337,0.9362,0.9374,0.5001
docvqa,896,docvqa_57803,42.551,74.729,564.935,30.638,0.075321,72.572,490.206,40.444,70.232,576.718,31.655,0.070127,68.137,506.486,1.0521,1.064,0.9796
docvqa,896,docvqa_57804,42.262,73.594,326.034,28.049,0.129623,71.001,252.44,40.456,70.238,318.583,27.594,0.126989,68.206,248.345,1.0446,1.0478,1.0234
docvqa,896,docvqa_57805,41.781,71.213,1340.18,29.511,0.031176,69.117,1268.967,41.01,75.717,1375.141,29.532,0.029823,72.846,1299.425,1.0188,0.9405,0.9746
docvqa,896,docvqa_57807,41.769,71.201,499.938,30.624,0.083548,69.142,428.737,41.06,81.011,463.578,27.326,0.088571,78.396,382.567,1.0173,0.8789,1.0784
docvqa,896,docvqa_57808,41.787,71.332,497.678,26.647,0.083964,69.228,426.346,40.478,70.902,567.227,31.02,0.071361,68.78,496.325,1.0323,1.0061,0.8774
docvqa,896,docvqa_57810,41.73,71.156,714.238,29.231,0.058426,69.124,643.082,40.478,70.299,670.437,27.279,0.060375,68.23,600.139,1.0309,1.0122,1.0653
docvqa,896,docvqa_57815,41.963,71.715,527.792,28.505,0.079506,69.252,456.077,41.258,85.892,575.873,30.624,0.071645,82.738,489.981,1.0171,0.8349,0.9165
docvqa,896,docvqa_57817,42.095,76.116,848.927,30.912,0.049586,73.957,772.81,40.508,74.357,837.22,30.515,0.048384,72.115,762.863,1.0392,1.0237,1.014
docvqa,896,docvqa_57819,42.422,73.053,722.24,29.508,0.058737,70.819,649.186,40.436,70.845,742.141,30.513,0.054486,68.784,671.295,1.0491,1.0312,0.9732
docvqa,896,docvqa_57820,43.085,87.256,480.802,30.273,0.089611,84.977,393.546,40.713,103.649,524.461,32.37,0.077628,101.033,420.812,1.0583,0.8418,0.9168
docvqa,896,docvqa_57821,41.773,71.447,447.597,28.935,0.093328,69.336,376.15,40.551,71.073,439.841,28.367,0.092194,68.682,368.768,1.0301,1.0053,1.0176
docvqa,896,docvqa_57822,44.248,81.306,711.207,28.632,0.062215,78.755,629.901,40.605,72.532,766.369,31.538,0.052984,70.143,693.837,1.0897,1.121,0.928
docvqa,896,docvqa_57823,41.671,70.594,489.501,26.182,0.085129,68.605,418.907,40.437,71.324,591.597,32.517,0.068353,69.134,520.273,1.0305,0.9898,0.8274
docvqa,896,docvqa_57825,72.687,126.474,563.704,31.231,0.128945,123.75,437.23,40.475,71.582,470.204,28.473,0.08608,69.469,398.622,1.7958,1.7668,1.1988
docvqa,896,docvqa_57826,42.539,88.402,542.859,30.297,0.078362,86.034,454.457,40.508,85.968,519.803,28.922,0.07793,83.69,433.835,1.0501,1.0283,1.0444
docvqa,896,docvqa_57827,42.039,73.178,679.937,30.338,0.061827,71.102,606.759,41.03,71.845,661.953,29.505,0.061983,68.963,590.108,1.0246,1.0186,1.0272
docvqa,896,docvqa_57833,42.748,75.257,318.765,30.438,0.134105,73.153,243.507,40.483,69.839,299.404,28.696,0.135213,67.768,229.565,1.0559,1.0776,1.0647
docvqa,896,docvqa_57835,43.335,82.419,641.604,34.949,0.067542,79.842,559.185,41.246,74.745,517.848,27.694,0.079648,71.91,443.103,1.0506,1.1027,1.239
docvqa,896,docvqa_57836,42.323,74.632,393.338,28.973,0.107599,72.3,318.707,46.969,77.121,396.855,29.067,0.118354,74.284,319.733,0.9011,0.9677,0.9911
docvqa,896,docvqa_57837,42.749,75.67,541.59,33.28,0.078932,73.357,465.921,40.501,70.362,478.681,29.166,0.08461,68.3,408.319,1.0555,1.0754,1.1314
docvqa,896,docvqa_57838,42.804,89.875,488.297,33.202,0.087659,87.346,398.423,40.477,84.762,410.933,27.181,0.0985,82.386,326.171,1.0575,1.0603,1.1883
docvqa,896,docvqa_57841,43.973,75.467,318.028,26.951,0.138266,72.037,242.561,40.439,70.463,315.177,27.191,0.128306,68.346,244.715,1.0874,1.071,1.009
docvqa,896,docvqa_57843,61.674,98.778,363.195,29.38,0.16981,92.878,264.417,40.487,84.422,369.324,31.656,0.109625,82.12,284.902,1.5233,1.1701,0.9834
docvqa,896,docvqa_57844,42.621,74.49,563.205,32.581,0.075675,72.268,488.715,40.389,70.133,483.825,27.579,0.083478,68.086,413.691,1.0553,1.0621,1.1641
docvqa,896,docvqa_57845,42.18,74.03,628.551,30.807,0.067106,71.783,554.521,40.408,70.129,589.883,28.875,0.068502,68.067,519.754,1.0439,1.0556,1.0656
docvqa,896,docvqa_57853,45.065,82.512,571.44,30.558,0.078862,79.541,488.928,40.584,72.902,552.119,29.951,0.073506,70.327,479.217,1.1104,1.1318,1.035
docvqa,896,docvqa_57854,41.921,72.907,700.276,29.875,0.059864,70.874,627.369,41.927,75.72,711.277,30.265,0.058946,69.617,635.558,0.9999,0.9628,0.9845
docvqa,896,docvqa_57855,43.395,89.529,683.095,31.24,0.063528,87.221,593.565,40.497,74.363,690.235,32.414,0.058671,72.104,615.872,1.0716,1.2039,0.9897
docvqa,896,docvqa_57857,44.659,77.961,1118.441,32.515,0.03993,74.916,1040.48,40.669,88.383,1081.526,31.036,0.037604,85.792,993.143,1.0981,0.8821,1.0341
docvqa,896,docvqa_57858,42.314,74.237,772.41,30.355,0.054782,71.838,698.173,40.513,71.183,801.376,31.748,0.050555,68.777,730.193,1.0445,1.0429,0.9639
docvqa,896,docvqa_57880,42.478,74.392,481.129,33.895,0.088288,72.067,406.738,40.472,69.914,428.778,29.905,0.094389,67.866,358.864,1.0496,1.0641,1.1221
docvqa,896,docvqa_57881,42.798,74.452,600.551,30.947,0.071265,72.229,526.099,40.463,71.055,526.13,26.769,0.076908,68.971,455.075,1.0577,1.0478,1.1414
docvqa,896,docvqa_57882,43.275,78.024,1093.258,32.749,0.039583,75.668,1015.233,40.753,73.954,1005.243,30.042,0.04054,71.438,931.289,1.0619,1.055,1.0876
docvqa,896,docvqa_57883,45.424,84.234,910.401,30.599,0.049894,81.373,826.167,40.504,71.51,986.128,33.875,0.041074,69.303,914.618,1.1215,1.1779,0.9232
docvqa,896,docvqa_57884,41.674,70.359,438.542,26.299,0.095029,68.282,368.183,40.696,74.331,584.755,31.901,0.069594,72.037,510.424,1.024,0.9466,0.75
docvqa,896,docvqa_57885,41.806,70.441,481.916,31.652,0.08675,68.429,411.475,40.768,74.074,490.974,32.069,0.083035,71.526,416.9,1.0255,0.951,0.9816
docvqa,896,docvqa_57886,44.675,74.523,466.682,26.144,0.09573,71.733,392.159,40.817,87.803,523.955,29.077,0.077901,85.005,436.152,1.0945,0.8488,0.8907
docvqa,896,docvqa_57887,44.55,77.954,612.91,29.72,0.072686,73.921,534.957,41.09,83.434,620.506,29.837,0.06622,80.372,537.073,1.0842,0.9343,0.9878
docvqa,896,docvqa_57888,42.232,73.63,815.945,33.742,0.051759,71.406,742.315,40.661,84.428,735.234,29.582,0.055303,82.185,650.806,1.0386,0.8721,1.1098
docvqa,896,docvqa_57889,42.28,74.056,446.477,28.648,0.094698,71.73,372.421,40.506,71.141,496.444,32.716,0.081593,68.992,425.303,1.0438,1.041,0.8994
docvqa,896,docvqa_57890,43.136,76.823,609.326,31.324,0.070793,74.558,532.503,40.592,71.434,596.643,30.895,0.068034,69.04,525.209,1.0627,1.0754,1.0213
docvqa,896,docvqa_57891,42.097,73.36,829.215,31.494,0.050767,71.169,755.855,40.475,71.657,798.266,30.275,0.050703,69.538,726.609,1.0401,1.0238,1.0388
docvqa,896,docvqa_57899,43.043,74.38,605.879,29.528,0.071042,71.127,531.499,40.477,72.202,683.852,33.981,0.05919,70.089,611.65,1.0634,1.0302,0.886
docvqa,896,docvqa_57900,41.559,70.231,464.55,28.166,0.08946,68.226,394.32,40.488,70.367,483.129,29.483,0.083804,68.215,412.762,1.0265,0.9981,0.9615
docvqa,896,docvqa_57901,41.575,70.256,1026.392,28.974,0.040506,68.289,956.136,40.469,84.893,1064.148,29.674,0.038029,82.667,979.255,1.0273,0.8276,0.9645
docvqa,896,docvqa_57902,41.484,70.265,364.244,29.398,0.113891,68.256,293.979,40.521,70.41,354.836,28.443,0.114197,68.403,284.427,1.0238,0.9979,1.0265
docvqa,896,docvqa_57903,41.99,70.934,707.119,28.918,0.059382,68.749,636.185,40.39,69.632,722.388,29.671,0.055912,67.598,652.756,1.0396,1.0187,0.9789
docvqa,896,docvqa_57904,44.889,82.234,1005.308,27.149,0.044651,79.498,923.074,40.407,69.801,855.209,30.208,0.047248,67.758,785.408,1.1109,1.1781,1.1755
docvqa,896,docvqa_57905,42.335,85.767,631.279,28.711,0.067062,83.58,545.512,40.404,69.86,623.837,29.157,0.064766,67.821,553.978,1.0478,1.2277,1.0119
docvqa,896,docvqa_57928,43.402,86.933,339.397,28.052,0.127881,84.715,252.464,40.906,81.466,356.072,30.512,0.114881,78.528,274.605,1.061,1.0671,0.9532
docvqa,896,docvqa_57929,42.5,74.95,473.902,28.497,0.089681,72.427,398.952,40.441,71.235,528.085,32.632,0.07658,69.061,456.85,1.0509,1.0522,0.8974
docvqa,896,docvqa_57931,42.1,73.408,276.317,33.818,0.152362,71.339,202.91,40.665,72.481,278.102,34.27,0.146225,70.15,205.622,1.0353,1.0128,0.9936
docvqa,896,docvqa_57933,43.46,75.939,546.821,36.222,0.079478,73.779,470.882,41.624,76.169,508.218,33.235,0.081902,73.838,432.05,1.0441,0.997,1.076
docvqa,896,docvqa_57934,42.225,74.659,660.643,32.555,0.063914,72.226,585.984,40.714,73.772,622.917,30.508,0.06536,71.152,549.145,1.0371,1.012,1.0606
docvqa,896,docvqa_57951,42.429,74.659,308.188,29.191,0.137674,72.358,233.529,40.663,73.155,298.619,28.183,0.136171,70.486,225.464,1.0434,1.0206,1.032
docvqa,896,docvqa_57952,42.749,76.44,541.539,31.007,0.078941,73.705,465.098,40.71,73.241,567.016,32.918,0.071797,70.597,493.775,1.0501,1.0437,0.9551
docvqa,896,docvqa_57954,42.605,75.664,853.0,32.389,0.049947,73.104,777.336,40.659,72.921,1082.145,28.835,0.037572,70.294,1009.223,1.0479,1.0376,0.7882
docvqa,896,docvqa_57955,44.087,80.754,564.194,37.188,0.078141,77.86,483.44,40.646,71.894,420.152,26.789,0.096742,69.34,348.258,1.0847,1.1232,1.3428
docvqa,896,docvqa_57963,41.975,71.688,1300.39,29.968,0.032279,69.547,1228.702,41.093,83.203,1287.441,29.372,0.031918,80.321,1204.238,1.0215,0.8616,1.0101
docvqa,896,docvqa_57964,42.11,71.922,1320.259,29.031,0.031895,69.693,1248.337,40.58,72.431,1402.342,30.928,0.028937,69.896,1329.911,1.0377,0.993,0.9415
docvqa,896,docvqa_57965,41.867,71.764,1653.998,28.254,0.025313,69.48,1582.234,40.642,71.649,1414.386,30.517,0.028735,69.06,1342.737,1.0301,1.0016,1.1694
docvqa,896,docvqa_57969,42.996,75.589,339.885,29.366,0.126501,73.389,264.297,40.586,71.252,320.834,27.731,0.126502,68.945,249.582,1.0594,1.0609,1.0594
docvqa,896,docvqa_57971,41.8,70.24,741.011,30.49,0.056409,68.298,670.771,40.676,86.169,782.808,31.665,0.051961,83.63,696.639,1.0276,0.8151,0.9466
docvqa,896,docvqa_57973,41.691,70.248,442.793,28.657,0.094155,68.184,372.545,40.738,74.815,482.764,31.381,0.084384,72.439,407.95,1.0234,0.939,0.9172
docvqa,896,docvqa_57974,42.342,74.722,546.741,29.501,0.077444,72.198,472.019,40.449,72.091,561.393,30.581,0.07205,69.924,489.302,1.0468,1.0365,0.9739
docvqa,896,docvqa_57975,43.207,73.55,529.098,28.472,0.081661,70.664,455.548,40.45,70.964,587.226,32.266,0.068884,68.854,516.262,1.0682,1.0364,0.901
docvqa,896,docvqa_57976,41.66,70.66,587.254,30.388,0.070941,68.505,516.594,40.369,70.92,598.695,31.046,0.067428,68.819,527.774,1.032,0.9963,0.9809
docvqa,896,docvqa_57977,41.656,70.59,625.076,27.724,0.066641,68.606,554.486,40.43,70.773,664.672,29.695,0.060827,68.699,593.899,1.0303,0.9974,0.9404
docvqa,896,docvqa_57978,41.544,70.457,689.985,30.976,0.060211,68.405,619.528,40.404,70.965,691.957,31.05,0.058391,68.895,620.992,1.0282,0.9928,0.9972
docvqa,896,docvqa_57985,41.924,72.224,1015.064,27.731,0.041302,69.866,942.84,40.57,71.528,1073.309,29.464,0.037799,69.213,1001.781,1.0334,1.0097,0.9457
docvqa,896,docvqa_57986,45.963,80.381,583.362,29.587,0.07879,76.915,502.981,59.013,131.629,647.816,30.364,0.091095,122.414,516.188,0.7789,0.6107,0.9005
docvqa,896,docvqa_57987,43.213,77.652,2003.799,30.574,0.021565,75.4,1926.147,40.442,108.009,2077.584,31.263,0.019466,105.645,1969.575,1.0685,0.7189,0.9645
docvqa,896,docvqa_57989,42.244,74.431,715.029,30.505,0.05908,72.286,640.599,40.733,71.995,546.15,31.61,0.074581,69.329,474.155,1.0371,1.0338,1.3092
docvqa,896,docvqa_58007,42.366,74.586,768.14,33.026,0.055154,72.118,693.554,40.558,71.652,711.783,30.482,0.056981,69.345,640.131,1.0446,1.0409,1.0792
docvqa,896,docvqa_58009,42.545,73.767,320.37,30.825,0.132799,71.57,246.602,41.042,113.194,310.325,39.426,0.132254,110.083,197.13,1.0366,0.6517,1.0324
docvqa,896,docvqa_58018,43.337,74.248,625.341,27.555,0.069301,71.638,551.093,40.553,86.3,721.445,31.757,0.056211,83.879,635.145,1.0687,0.8603,0.8668
docvqa,896,docvqa_58020,42.187,72.475,373.321,30.085,0.113004,70.381,300.846,40.425,71.224,417.463,34.624,0.096834,69.094,346.24,1.0436,1.0176,0.8943
docvqa,896,docvqa_58021,41.897,71.776,379.22,30.744,0.110482,69.745,307.444,40.58,71.928,346.396,27.447,0.117149,69.426,274.468,1.0325,0.9979,1.0948
docvqa,896,docvqa_58022,41.915,72.427,675.029,30.13,0.062094,70.398,602.602,40.546,70.494,641.245,28.538,0.06323,68.45,570.751,1.0338,1.0274,1.0527
docvqa,896,docvqa_58023,42.174,72.35,649.552,28.86,0.064928,70.25,577.202,40.471,70.385,715.084,32.235,0.056596,68.338,644.699,1.0421,1.0279,0.9084
docvqa,896,docvqa_58024,42.359,73.493,769.56,33.146,0.055044,71.368,696.067,40.439,70.459,672.819,28.684,0.060105,68.38,602.36,1.0475,1.0431,1.1438
docvqa,896,docvqa_58029,42.569,75.426,392.452,26.419,0.10847,71.991,317.027,40.808,73.31,450.102,31.399,0.090663,70.656,376.791,1.0432,1.0289,0.8719
docvqa,896,docvqa_58054,45.11,83.427,1345.473,26.852,0.033528,80.441,1262.046,40.497,71.833,1285.938,30.353,0.031492,69.639,1214.105,1.1139,1.1614,1.0463
docvqa,896,docvqa_58056,42.668,72.639,1048.596,30.499,0.040691,69.566,975.958,40.656,86.278,1019.82,29.173,0.039866,83.581,933.542,1.0495,0.8419,1.0282
docvqa,896,docvqa_58059,42.112,72.125,592.178,30.591,0.071113,69.838,520.053,40.504,72.257,573.682,29.496,0.070603,69.878,501.425,1.0397,0.9982,1.0322
docvqa,896,docvqa_58061,41.864,70.876,1043.976,29.488,0.0401,68.723,973.1,40.427,70.307,1164.09,33.145,0.034728,68.242,1093.784,1.0355,1.0081,0.8968
docvqa,896,docvqa_58064,41.984,70.809,527.642,28.552,0.079568,68.754,456.833,40.555,70.928,513.965,27.69,0.078906,68.713,443.037,1.0352,0.9983,1.0266
docvqa,896,docvqa_581,41.47,70.065,443.257,31.099,0.093558,68.144,373.192,40.755,73.923,426.525,29.384,0.095552,71.258,352.603,1.0175,0.9478,1.0392
docvqa,896,docvqa_58105,41.605,70.451,397.735,32.728,0.104604,68.534,327.283,40.539,70.036,339.889,26.985,0.11927,67.955,269.853,1.0263,1.0059,1.1702
docvqa,896,docvqa_58106,41.589,70.474,518.284,27.988,0.080243,68.527,447.81,57.637,99.947,585.364,30.339,0.098464,92.821,485.418,0.7216,0.7051,0.8854
docvqa,896,docvqa_58107,41.529,70.156,512.335,27.636,0.081058,68.222,442.179,40.532,82.33,576.789,30.904,0.070272,79.807,494.459,1.0246,0.8521,0.8883
docvqa,896,docvqa_58108,42.197,74.037,847.978,32.248,0.049761,71.56,773.941,40.464,84.497,800.163,29.819,0.05057,82.147,715.666,1.0428,0.8762,1.0598
docvqa,896,docvqa_582,41.568,70.693,1203.187,28.312,0.034548,68.742,1132.494,40.54,73.398,1870.851,32.681,0.02167,71.249,1797.452,1.0254,0.9631,0.6431
docvqa,896,docvqa_583,42.72,86.299,459.659,26.669,0.092938,84.038,373.36,40.538,71.574,496.574,30.357,0.081635,69.391,424.999,1.0538,1.2057,0.9257
docvqa,896,docvqa_584,42.241,73.781,556.955,32.212,0.075843,71.731,483.174,40.61,72.771,503.586,28.721,0.080642,70.269,430.815,1.0402,1.0139,1.106
docvqa,896,docvqa_58694,41.567,70.294,590.522,27.38,0.07039,68.305,520.228,40.934,72.083,662.258,31.062,0.06181,69.242,590.175,1.0155,0.9752,0.8917
docvqa,896,docvqa_58695,42.46,74.676,784.32,30.854,0.054136,72.373,709.644,40.659,72.755,775.587,30.558,0.052423,70.315,702.832,1.0443,1.0264,1.0113
docvqa,896,docvqa_58700,42.197,73.829,478.194,28.883,0.088241,71.677,404.365,41.06,73.025,486.732,29.551,0.084359,69.978,413.707,1.0277,1.011,0.9825
docvqa,896,docvqa_58702,42.471,75.02,872.351,31.893,0.048686,72.727,797.331,40.544,71.109,781.124,28.401,0.051904,68.767,710.015,1.0475,1.055,1.1168
docvqa,896,docvqa_596,42.84,77.151,871.181,31.761,0.049175,74.907,794.031,40.583,74.393,779.141,28.19,0.052087,71.796,704.748,1.0556,1.0371,1.1181
docvqa,896,docvqa_597,42.62,76.005,645.469,35.591,0.06603,73.706,569.463,40.752,73.228,531.469,28.64,0.076678,70.608,458.242,1.0458,1.0379,1.2145
docvqa,896,docvqa_598,46.734,98.22,1568.241,31.957,0.0298,94.963,1470.021,41.011,82.313,1553.293,31.978,0.026403,76.752,1470.98,1.1395,1.1933,1.0096
docvqa,896,docvqa_599,42.557,74.695,2080.353,31.836,0.020457,72.417,2005.657,40.533,86.816,2105.948,32.05,0.019247,84.437,2019.132,1.0499,0.8604,0.9878
docvqa,896,docvqa_600,43.002,76.6,422.421,34.582,0.101799,74.344,345.821,40.531,72.613,365.689,29.308,0.110834,70.478,293.076,1.061,1.0549,1.1551
docvqa,896,docvqa_601,42.972,74.789,749.282,30.659,0.057351,72.503,674.493,47.668,86.328,749.097,31.56,0.063634,80.265,662.769,0.9015,0.8663,1.0002
docvqa,896,docvqa_60401,42.414,75.148,550.062,31.661,0.077108,72.607,474.914,40.48,70.371,530.852,30.699,0.076255,68.321,460.482,1.0478,1.0679,1.0362
docvqa,896,docvqa_60403,42.22,74.3,556.325,34.43,0.075891,72.157,482.026,40.604,84.922,519.424,31.036,0.07817,82.21,434.502,1.0398,0.8749,1.071
docvqa,896,docvqa_60404,42.855,77.024,885.322,32.332,0.048406,74.651,808.298,40.524,71.4,753.937,29.676,0.05375,69.182,682.537,1.0575,1.0788,1.1743
docvqa,896,docvqa_60406,42.573,74.527,826.914,30.095,0.051484,72.086,752.387,40.401,70.846,772.459,28.065,0.052302,68.83,701.614,1.0538,1.052,1.0705
docvqa,896,docvqa_60407,42.755,75.376,564.071,32.58,0.075797,72.686,488.694,40.982,73.054,529.094,30.403,0.077456,70.211,456.04,1.0433,1.0318,1.0661
docvqa,896,docvqa_610,43.522,78.341,2029.554,31.987,0.021444,75.852,1951.212,40.471,70.264,1881.792,29.697,0.021507,68.207,1811.528,1.0754,1.115,1.0785
docvqa,896,docvqa_611,42.402,74.969,833.422,30.338,0.050876,72.491,758.453,40.638,72.363,799.679,29.093,0.050818,70.157,727.316,1.0434,1.036,1.0422
docvqa,896,docvqa_612,42.396,74.237,798.721,30.187,0.053079,72.039,724.483,40.674,74.44,823.48,31.21,0.049393,71.876,749.04,1.0423,0.9973,0.9699
docvqa,896,docvqa_613,42.037,73.171,578.83,29.745,0.072623,71.062,505.659,40.697,86.806,608.749,30.703,0.066853,84.206,521.943,1.0329,0.8429,0.9509
docvqa,896,docvqa_636,41.544,70.475,1904.389,29.11,0.021815,68.427,1833.914,40.565,72.556,1962.368,29.997,0.020671,70.174,1889.813,1.0241,0.9713,0.9705
docvqa,896,docvqa_637,41.73,70.62,1486.892,28.325,0.028065,68.504,1416.272,40.687,72.662,1571.921,29.985,0.025884,70.051,1499.258,1.0256,0.9719,0.9459
docvqa,896,docvqa_639,42.211,71.765,1341.808,27.61,0.031458,69.661,1270.043,40.658,71.828,1453.121,30.028,0.02798,69.279,1381.293,1.0382,0.9991,0.9234
docvqa,896,docvqa_650,43.198,88.64,522.735,28.94,0.082638,86.339,434.095,40.744,73.559,496.746,28.212,0.082021,70.719,423.187,1.0602,1.205,1.0523
docvqa,896,docvqa_651,42.53,73.731,670.545,28.42,0.063426,71.643,596.814,40.704,87.68,777.467,32.847,0.052355,84.877,689.787,1.0449,0.8409,0.8625
docvqa,896,docvqa_674,42.316,73.917,485.043,31.625,0.087242,71.759,411.126,40.501,75.172,473.2,30.618,0.08559,72.82,398.029,1.0448,0.9833,1.025
docvqa,896,docvqa_675,43.642,73.509,1900.645,29.002,0.022962,70.549,1827.136,40.437,70.414,1955.651,29.924,0.020677,68.395,1885.237,1.0793,1.044,0.9719
docvqa,896,docvqa_676,44.023,92.94,432.923,30.908,0.101688,89.828,339.984,40.526,72.828,407.322,30.408,0.099493,70.751,334.493,1.0863,1.2762,1.0629
docvqa,896,docvqa_677,42.367,74.46,992.788,29.623,0.042675,72.258,918.328,40.39,69.719,935.627,27.933,0.043169,67.692,865.909,1.0489,1.068,1.0611
docvqa,896,docvqa_678,43.163,73.969,686.828,30.643,0.062844,71.759,612.859,41.033,85.369,730.426,32.253,0.056176,82.272,645.056,1.0519,0.8665,0.9403
docvqa,896,docvqa_6943,41.662,71.173,540.003,27.578,0.077152,68.869,468.83,40.518,82.796,581.184,29.317,0.069717,80.218,498.387,1.0282,0.8596,0.9291
docvqa,896,docvqa_782,41.52,70.089,727.6,27.396,0.057064,68.128,657.511,40.519,70.56,753.362,28.45,0.053784,68.458,682.802,1.0247,0.9933,0.9658
docvqa,896,docvqa_783,42.644,85.565,179.366,31.267,0.237749,83.456,93.801,40.438,70.435,153.021,27.529,0.264262,68.362,82.586,1.0546,1.2148,1.1722
docvqa,896,docvqa_784,42.295,74.787,999.978,30.84,0.042296,72.295,925.191,40.506,72.97,972.942,29.999,0.041632,70.83,899.972,1.0442,1.0249,1.0278
docvqa,896,docvqa_785,42.631,75.51,575.884,33.358,0.074028,73.192,500.374,40.44,71.21,520.324,29.941,0.077721,69.121,449.114,1.0542,1.0604,1.1068
docvqa,896,docvqa_786,42.553,75.588,402.321,32.673,0.105768,73.035,326.733,40.63,72.693,381.845,30.915,0.106406,70.17,309.152,1.0473,1.0398,1.0536
docvqa,896,docvqa_788,42.495,86.4,746.673,31.442,0.056912,84.069,660.273,40.406,71.14,759.862,32.796,0.053176,68.959,688.723,1.0517,1.2145,0.9826
docvqa,896,docvqa_789,41.744,73.902,935.502,27.794,0.044622,71.697,861.599,40.535,74.284,980.925,29.247,0.041323,71.96,906.642,1.0298,0.9949,0.9537
docvqa,896,docvqa_790,47.602,80.181,734.811,29.756,0.064782,77.335,654.629,40.763,85.274,748.011,30.124,0.054495,82.725,662.737,1.1678,0.9403,0.9824
docvqa,896,docvqa_792,47.746,81.854,911.332,30.721,0.052392,78.394,829.477,40.408,85.135,922.452,29.904,0.043805,82.826,837.316,1.1816,0.9615,0.9879
docvqa,896,docvqa_793,42.393,74.53,464.513,29.999,0.091264,72.356,389.983,40.447,70.016,483.371,31.797,0.083678,67.993,413.355,1.0481,1.0645,0.961
docvqa,896,docvqa_794,42.27,74.54,366.035,32.388,0.115481,72.356,291.495,40.557,73.266,543.341,31.338,0.074644,71.031,470.074,1.0422,1.0174,0.6737
docvqa,896,docvqa_809,43.093,76.353,516.297,31.425,0.083465,73.884,439.944,40.404,70.932,514.258,31.666,0.078567,68.797,443.326,1.0666,1.0764,1.004
docvqa,896,docvqa_815,42.281,81.678,731.554,34.204,0.057796,79.327,649.877,40.414,84.371,673.475,31.005,0.060008,82.123,589.104,1.0462,0.9681,1.0862
docvqa,896,docvqa_822,42.526,73.267,426.654,27.184,0.099672,70.283,353.387,41.455,83.342,494.383,31.619,0.083852,79.697,411.041,1.0258,0.8791,0.863
docvqa,896,docvqa_824,43.194,76.144,604.159,31.06,0.071495,73.549,528.014,40.646,73.77,557.946,28.481,0.07285,71.433,484.176,1.0627,1.0322,1.0828
docvqa,896,docvqa_826,42.206,73.569,416.142,28.548,0.101422,71.39,342.573,40.574,76.077,441.11,30.419,0.091982,73.67,365.033,1.0402,0.967,0.9434
docvqa,896,docvqa_8560,42.448,74.146,654.636,30.552,0.064842,71.889,580.49,40.446,71.517,606.368,28.15,0.066703,69.365,534.851,1.0495,1.0368,1.0796
docvqa,896,docvqa_8565,42.065,72.251,415.171,26.378,0.10132,70.206,342.92,40.523,73.022,549.661,36.665,0.073724,70.7,476.639,1.0381,0.9894,0.7553
