benchmark,resolution,max_new_tokens,sample_id,sdpa_ve_ms,sdpa_e2e_ms,sdpa_ttft_ms,sdpa_tpot_ms,sdpa_f_vision,ve_speedup_measured,e2e_speedup_measured,ttft_speedup_measured,tpot_speedup_measured,e2e_speedup_amdahl,tpot_speedup,method
chartqa,1792,1024,chartqa_val_0,385.819,796.785,448.986,21.737,0.48422,0.9956,,,,0.9979,1.0,amdahl
chartqa,1792,1024,chartqa_val_1,350.737,14913.893,413.172,22.8,0.023517,0.9998,,,,1.0,1.0,amdahl
chartqa,1792,1024,chartqa_val_2,356.533,5319.05,783.955,63.875,0.067029,0.9934,,,,0.9996,1.0,amdahl
chartqa,1792,1024,chartqa_val_3,357.428,1962.359,844.982,21.488,0.182142,0.9981,,,,0.9997,1.0,amdahl
chartqa,1792,1024,chartqa_val_4,387.863,1522.443,852.801,22.321,0.254764,0.9903,,,,0.9975,1.0,amdahl
chartqa,1792,1024,chartqa_val_5,480.978,1285.95,950.257,20.981,0.374026,1.0498,,,,1.0181,1.0,amdahl
chartqa,1792,1024,chartqa_val_6,354.089,1245.916,776.97,23.447,0.2842,0.9905,,,,0.9973,1.0,amdahl
chartqa,1792,1024,chartqa_val_7,353.841,1031.135,416.07,22.78,0.343157,1.022,,,,1.0075,1.0,amdahl
chartqa,1792,1024,chartqa_val_8,362.742,1544.613,860.008,22.084,0.234843,0.9928,,,,0.9983,1.0,amdahl
chartqa,1792,1024,chartqa_val_9,362.045,9747.021,424.783,23.018,0.037144,1.0218,,,,1.0008,1.0,amdahl
chartqa,1792,1024,chartqa_val_10,433.947,2655.48,909.829,23.913,0.163416,0.9963,,,,0.9994,1.0,amdahl
chartqa,1792,1024,chartqa_val_11,368.193,5530.182,843.074,23.792,0.066579,1.0044,,,,1.0003,1.0,amdahl
chartqa,1792,1024,chartqa_val_12,392.247,968.785,454.596,22.356,0.404886,1.0053,,,,1.0021,1.0,amdahl
chartqa,1792,1024,chartqa_val_13,367.6,4194.49,430.115,22.954,0.087639,1.0282,,,,1.0024,1.0,amdahl
chartqa,1792,1024,chartqa_val_14,366.493,1215.832,429.323,23.834,0.301434,1.0839,,,,1.0239,1.0,amdahl
chartqa,1792,1024,chartqa_val_15,381.372,4146.056,444.819,24.034,0.091984,1.0049,,,,1.0004,1.0,amdahl
chartqa,1792,1024,chartqa_val_16,366.277,1176.984,428.879,23.378,0.3112,1.0095,,,,1.0029,1.0,amdahl
chartqa,1792,1024,chartqa_val_17,364.78,3034.442,847.953,22.776,0.120213,1.0026,,,,1.0003,1.0,amdahl
chartqa,1792,1024,chartqa_val_18,394.14,1124.854,833.981,22.375,0.350392,1.0215,,,,1.0074,1.0,amdahl
chartqa,1792,1024,chartqa_val_19,363.452,1481.693,429.367,21.923,0.245295,0.9889,,,,0.9973,1.0,amdahl
chartqa,1792,1024,chartqa_val_20,389.982,846.585,452.577,23.177,0.460653,0.9945,,,,0.9975,1.0,amdahl
chartqa,1792,1024,chartqa_val_21,355.61,5313.75,832.601,21.441,0.066923,0.9953,,,,0.9997,1.0,amdahl
chartqa,1792,1024,chartqa_val_22,400.137,1351.24,463.594,22.76,0.296126,1.0383,,,,1.011,1.0,amdahl
chartqa,1792,1024,chartqa_val_23,397.394,2696.801,460.711,22.361,0.147358,0.9995,,,,0.9999,1.0,amdahl
chartqa,1792,1024,chartqa_val_24,396.876,1021.391,459.449,22.478,0.388565,0.9949,,,,0.998,1.0,amdahl
chartqa,1792,1024,chartqa_val_25,384.871,1204.625,447.165,21.041,0.319494,1.0165,,,,1.0052,1.0,amdahl
chartqa,1792,1024,chartqa_val_26,394.51,1212.347,457.108,23.601,0.32541,1.0078,,,,1.0025,1.0,amdahl
chartqa,1792,1024,chartqa_val_27,352.513,4484.964,414.756,21.65,0.078599,1.0085,,,,1.0007,1.0,amdahl
chartqa,1792,1024,chartqa_val_28,351.459,1401.998,827.169,21.29,0.250684,0.9953,,,,0.9988,1.0,amdahl
chartqa,1792,1024,chartqa_val_29,353.93,1825.998,416.006,22.381,0.193828,0.9904,,,,0.9981,1.0,amdahl
chartqa,1792,1024,chartqa_val_30,359.513,1364.391,421.617,22.447,0.263497,1.0009,,,,1.0002,1.0,amdahl
chartqa,1792,1024,chartqa_val_31,352.789,1388.326,414.86,23.178,0.254111,1.0096,,,,1.0024,1.0,amdahl
chartqa,1792,1024,chartqa_val_32,363.616,2036.427,839.266,41.281,0.178556,0.9937,,,,0.9989,1.0,amdahl
chartqa,1792,1024,chartqa_val_33,398.979,1336.347,461.186,23.031,0.29856,1.007,,,,1.0021,1.0,amdahl
chartqa,1792,1024,chartqa_val_34,399.042,803.138,460.994,21.384,0.496853,0.9933,,,,0.9966,1.0,amdahl
chartqa,1792,1024,chartqa_val_35,395.745,4936.785,459.349,21.12,0.080162,0.9848,,,,0.9988,1.0,amdahl
chartqa,1792,1024,chartqa_val_36,363.441,1209.199,426.427,22.365,0.300563,1.0062,,,,1.0018,1.0,amdahl
chartqa,1792,1024,chartqa_val_37,363.063,6480.167,425.526,23.559,0.056027,0.9965,,,,0.9998,1.0,amdahl
chartqa,1792,1024,chartqa_val_38,358.471,1258.053,420.82,22.032,0.284941,0.9974,,,,0.9993,1.0,amdahl
chartqa,1792,1024,chartqa_val_39,367.315,2287.832,429.447,22.124,0.160552,1.0179,,,,1.0028,1.0,amdahl
chartqa,1792,1024,chartqa_val_40,353.352,1152.825,415.923,21.054,0.30651,0.9912,,,,0.9973,1.0,amdahl
chartqa,1792,1024,chartqa_val_41,353.016,946.595,414.967,21.265,0.372932,0.9922,,,,0.9971,1.0,amdahl
chartqa,1792,1024,chartqa_val_42,487.831,721.348,549.801,21.443,0.676278,0.9897,,,,0.993,1.0,amdahl
chartqa,1792,1024,chartqa_val_43,355.036,1812.875,417.319,21.806,0.195841,1.0028,,,,1.0005,1.0,amdahl
chartqa,1792,1024,chartqa_val_44,357.041,693.477,418.986,21.115,0.514857,0.9988,,,,0.9994,1.0,amdahl
chartqa,1792,1024,chartqa_val_45,377.875,3287.915,440.054,21.739,0.114928,0.9904,,,,0.9989,1.0,amdahl
chartqa,1792,1024,chartqa_val_46,353.975,1077.204,416.325,21.319,0.328605,1.0065,,,,1.0021,1.0,amdahl
chartqa,1792,1024,chartqa_val_47,359.624,5450.919,421.473,20.783,0.065975,0.9904,,,,0.9994,1.0,amdahl
chartqa,1792,1024,chartqa_val_48,354.528,2872.94,416.898,22.328,0.123402,1.0141,,,,1.0017,1.0,amdahl
chartqa,1792,1024,chartqa_val_49,364.592,1775.757,427.386,22.104,0.205317,0.9974,,,,0.9995,1.0,amdahl
chartqa,1792,1024,chartqa_val_50,362.321,1369.081,424.479,21.468,0.264645,1.0162,,,,1.0042,1.0,amdahl
chartqa,1792,1024,chartqa_val_51,356.119,4764.875,418.073,21.519,0.074738,1.0424,,,,1.003,1.0,amdahl
chartqa,1792,1024,chartqa_val_52,370.801,619.826,433.756,23.259,0.598235,0.9944,,,,0.9967,1.0,amdahl
chartqa,1792,1024,chartqa_val_53,362.195,1636.2,424.308,22.034,0.221363,1.0107,,,,1.0024,1.0,amdahl
chartqa,1792,1024,chartqa_val_54,401.123,1592.478,463.925,22.128,0.251886,0.9926,,,,0.9981,1.0,amdahl
chartqa,1792,1024,chartqa_val_55,354.927,4980.309,417.291,21.028,0.071266,1.0229,,,,1.0016,1.0,amdahl
chartqa,1792,1024,chartqa_val_56,358.991,1449.314,421.224,20.981,0.247697,1.0007,,,,1.0002,1.0,amdahl
chartqa,1792,1024,chartqa_val_57,352.787,841.379,414.991,21.319,0.419296,0.9938,,,,0.9974,1.0,amdahl
chartqa,1792,1024,chartqa_val_58,350.975,1012.272,412.804,21.41,0.34672,0.9928,,,,0.9975,1.0,amdahl
chartqa,1792,1024,chartqa_val_59,352.023,5858.043,413.964,21.183,0.060092,1.0029,,,,1.0002,1.0,amdahl
chartqa,1792,1024,chartqa_val_60,358.317,1022.283,420.209,21.503,0.350506,0.9902,,,,0.9965,1.0,amdahl
chartqa,1792,1024,chartqa_val_61,350.455,1890.909,413.424,21.413,0.185337,1.0188,,,,1.0034,1.0,amdahl
chartqa,1792,1024,chartqa_val_62,350.334,873.672,412.184,20.977,0.400991,0.9906,,,,0.9962,1.0,amdahl
chartqa,1792,1024,chartqa_val_63,359.054,1105.282,420.917,21.386,0.324853,0.9931,,,,0.9977,1.0,amdahl
chartqa,1792,1024,chartqa_val_64,359.572,743.67,421.874,21.453,0.48351,1.0166,,,,1.008,1.0,amdahl
chartqa,1792,1024,chartqa_val_65,365.266,3486.305,428.01,22.654,0.104772,0.9932,,,,0.9993,1.0,amdahl
chartqa,1792,1024,chartqa_val_66,372.172,1090.564,434.348,22.628,0.341266,0.9887,,,,0.9961,1.0,amdahl
chartqa,1792,1024,chartqa_val_67,367.098,1874.455,428.934,22.239,0.195843,0.996,,,,0.9992,1.0,amdahl
chartqa,1792,1024,chartqa_val_68,368.395,632.226,430.664,22.396,0.582696,1.0151,,,,1.0087,1.0,amdahl
chartqa,1792,1024,chartqa_val_69,368.505,3404.131,430.35,22.359,0.108252,1.0059,,,,1.0006,1.0,amdahl
chartqa,1792,1024,chartqa_val_70,368.516,3514.667,431.09,23.36,0.104851,0.9931,,,,0.9993,1.0,amdahl
chartqa,1792,1024,chartqa_val_71,358.323,4350.443,796.648,21.937,0.082365,0.993,,,,0.9994,1.0,amdahl
chartqa,1792,1024,chartqa_val_72,357.584,767.333,420.165,21.698,0.466009,0.9951,,,,0.9977,1.0,amdahl
chartqa,1792,1024,chartqa_val_73,359.329,3104.862,421.77,22.359,0.115731,0.9905,,,,0.9989,1.0,amdahl
chartqa,1792,1024,chartqa_val_74,363.491,803.721,425.512,22.248,0.45226,0.9964,,,,0.9984,1.0,amdahl
chartqa,1792,1024,chartqa_val_75,366.356,4589.839,428.379,22.018,0.079819,0.996,,,,0.9997,1.0,amdahl
chartqa,1792,1024,chartqa_val_76,351.604,687.228,413.882,21.027,0.511626,0.9994,,,,0.9997,1.0,amdahl
chartqa,1792,1024,chartqa_val_77,367.385,4512.209,430.024,21.947,0.08142,0.991,,,,0.9993,1.0,amdahl
chartqa,1792,1024,chartqa_val_78,366.929,971.027,429.352,21.667,0.377878,0.9919,,,,0.9969,1.0,amdahl
chartqa,1792,1024,chartqa_val_79,359.402,967.743,421.561,21.847,0.371382,0.9963,,,,0.9986,1.0,amdahl
chartqa,1792,1024,chartqa_val_80,479.947,958.577,542.267,20.815,0.500687,1.0288,,,,1.0142,1.0,amdahl
chartqa,1792,1024,chartqa_val_81,362.428,3367.579,425.127,22.291,0.107623,0.9933,,,,0.9993,1.0,amdahl
chartqa,1792,1024,chartqa_val_82,368.033,736.291,430.536,23.52,0.499847,0.9998,,,,0.9999,1.0,amdahl
chartqa,1792,1024,chartqa_val_83,364.534,3600.189,426.434,21.3,0.101254,1.124,,,,1.0113,1.0,amdahl
chartqa,1792,1024,chartqa_val_84,351.109,896.993,413.612,21.017,0.391429,1.0044,,,,1.0017,1.0,amdahl
chartqa,1792,1024,chartqa_val_85,350.175,7445.054,412.024,21.12,0.047035,0.9909,,,,0.9996,1.0,amdahl
chartqa,1792,1024,chartqa_val_86,354.124,880.257,416.077,21.099,0.402296,1.0026,,,,1.0011,1.0,amdahl
chartqa,1792,1024,chartqa_val_87,345.576,1187.704,407.622,20.528,0.290961,1.0182,,,,1.0052,1.0,amdahl
chartqa,1792,1024,chartqa_val_88,347.983,1526.89,409.739,20.688,0.227903,1.0207,,,,1.0046,1.0,amdahl
chartqa,1792,1024,chartqa_val_89,363.875,4511.392,427.064,22.197,0.080657,1.001,,,,1.0001,1.0,amdahl
chartqa,1792,1024,chartqa_val_90,365.649,1402.688,427.789,22.157,0.260677,0.9938,,,,0.9984,1.0,amdahl
chartqa,1792,1024,chartqa_val_91,371.842,1838.219,434.002,22.649,0.202284,0.9952,,,,0.999,1.0,amdahl
chartqa,1792,1024,chartqa_val_92,362.956,709.045,424.831,21.863,0.511894,1.0004,,,,1.0002,1.0,amdahl
chartqa,1792,1024,chartqa_val_93,350.508,1294.914,413.05,20.508,0.27068,0.9932,,,,0.9981,1.0,amdahl
chartqa,1792,1024,chartqa_val_94,361.255,1736.497,424.279,21.87,0.208037,1.0005,,,,1.0001,1.0,amdahl
chartqa,1792,1024,chartqa_val_95,358.736,2267.541,420.959,21.724,0.158205,1.0091,,,,1.0014,1.0,amdahl
chartqa,1792,1024,chartqa_val_96,359.19,1116.603,421.661,21.059,0.321681,1.0187,,,,1.0059,1.0,amdahl
chartqa,1792,1024,chartqa_val_97,359.138,2723.003,421.119,21.118,0.13189,0.994,,,,0.9992,1.0,amdahl
chartqa,1792,1024,chartqa_val_98,356.085,3396.327,418.291,21.272,0.104844,0.9991,,,,0.9999,1.0,amdahl
chartqa,1792,1024,chartqa_val_99,360.076,5337.39,422.91,22.137,0.067463,1.0031,,,,1.0002,1.0,amdahl
chartqa,1792,1024,chartqa_val_100,349.768,1546.54,412.039,21.009,0.226162,0.9905,,,,0.9978,1.0,amdahl
chartqa,1792,1024,chartqa_val_101,357.514,3194.551,419.484,21.023,0.111914,0.9959,,,,0.9995,1.0,amdahl
chartqa,1792,1024,chartqa_val_102,345.615,592.912,407.778,20.57,0.582912,0.996,,,,0.9976,1.0,amdahl
chartqa,1792,1024,chartqa_val_103,347.023,2327.689,408.991,21.085,0.149085,0.9981,,,,0.9997,1.0,amdahl
chartqa,1792,1024,chartqa_val_104,367.515,636.435,429.608,20.683,0.577458,1.0288,,,,1.0164,1.0,amdahl
chartqa,1792,1024,chartqa_val_105,350.382,3086.283,412.116,20.571,0.113529,1.0216,,,,1.0024,1.0,amdahl
chartqa,1792,1024,chartqa_val_106,346.583,967.539,408.545,20.704,0.358211,0.9908,,,,0.9967,1.0,amdahl
chartqa,1792,1024,chartqa_val_107,361.006,3237.02,423.883,21.64,0.111524,0.989,,,,0.9988,1.0,amdahl
chartqa,1792,1024,chartqa_val_108,362.958,689.804,424.979,22.069,0.526175,0.9989,,,,0.9994,1.0,amdahl
chartqa,1792,1024,chartqa_val_109,361.721,1426.662,423.642,22.289,0.253544,1.01,,,,1.0025,1.0,amdahl
chartqa,1792,1024,chartqa_val_110,361.986,823.709,424.045,22.204,0.439459,0.9914,,,,0.9962,1.0,amdahl
chartqa,1792,1024,chartqa_val_111,366.099,3493.911,428.576,22.375,0.104782,0.9956,,,,0.9995,1.0,amdahl
chartqa,1792,1024,chartqa_val_112,359.823,708.685,422.149,22.041,0.507734,1.0105,,,,1.0053,1.0,amdahl
chartqa,1792,1024,chartqa_val_113,348.921,3076.968,411.061,20.666,0.113398,0.9986,,,,0.9998,1.0,amdahl
chartqa,1792,1024,chartqa_val_114,363.646,676.94,425.609,20.944,0.53719,1.0099,,,,1.0053,1.0,amdahl
chartqa,1792,1024,chartqa_val_115,365.839,4946.764,428.015,22.481,0.073955,0.9904,,,,0.9993,1.0,amdahl
chartqa,1792,1024,chartqa_val_116,358.468,552.808,420.762,22.008,0.648449,1.0042,,,,1.0027,1.0,amdahl
chartqa,1792,1024,chartqa_val_117,494.708,1390.422,556.764,21.938,0.355797,0.9983,,,,0.9994,1.0,amdahl
chartqa,1792,1024,chartqa_val_118,368.162,1150.004,430.474,22.485,0.320139,1.0107,,,,1.0034,1.0,amdahl
chartqa,1792,1024,chartqa_val_119,359.153,1840.07,420.968,22.173,0.195184,1.0117,,,,1.0023,1.0,amdahl
chartqa,1792,1024,chartqa_val_120,369.077,1262.283,430.838,22.471,0.292388,0.9992,,,,0.9998,1.0,amdahl
chartqa,1792,1024,chartqa_val_121,359.692,906.063,421.814,22.011,0.396984,1.009,,,,1.0036,1.0,amdahl
chartqa,1792,1024,chartqa_val_122,376.921,971.235,439.678,20.444,0.388085,0.9964,,,,0.9986,1.0,amdahl
chartqa,1792,1024,chartqa_val_123,363.88,2383.698,813.629,22.43,0.152654,1.0041,,,,1.0006,1.0,amdahl
chartqa,1792,1024,chartqa_val_124,361.312,1423.885,799.185,23.137,0.25375,0.9942,,,,0.9985,1.0,amdahl
chartqa,1792,1024,chartqa_val_125,365.672,2180.237,428.377,22.175,0.167721,0.9902,,,,0.9983,1.0,amdahl
chartqa,1792,1024,chartqa_val_126,366.22,766.269,428.449,22.521,0.477926,1.0203,,,,1.0096,1.0,amdahl
chartqa,1792,1024,chartqa_val_127,380.181,1263.886,442.956,23.455,0.300803,1.0024,,,,1.0007,1.0,amdahl
chartqa,1792,1024,chartqa_val_128,356.216,818.45,418.776,21.035,0.435232,0.9966,,,,0.9985,1.0,amdahl
chartqa,1792,1024,chartqa_val_129,366.606,1286.983,428.654,22.588,0.284857,1.0063,,,,1.0018,1.0,amdahl
chartqa,1792,1024,chartqa_val_130,363.713,1169.104,425.62,21.867,0.311104,0.992,,,,0.9975,1.0,amdahl
chartqa,1792,1024,chartqa_val_131,366.279,1900.155,428.262,22.301,0.192763,1.004,,,,1.0008,1.0,amdahl
chartqa,1792,1024,chartqa_val_132,349.69,1706.941,411.951,20.887,0.204864,0.994,,,,0.9988,1.0,amdahl
chartqa,1792,1024,chartqa_val_133,359.823,2008.347,422.321,21.726,0.179164,0.9952,,,,0.9991,1.0,amdahl
chartqa,1792,1024,chartqa_val_134,351.536,985.988,414.331,21.172,0.356531,1.0015,,,,1.0005,1.0,amdahl
chartqa,1792,1024,chartqa_val_135,352.875,1858.72,415.342,21.543,0.189848,1.0035,,,,1.0007,1.0,amdahl
chartqa,1792,1024,chartqa_val_136,363.796,874.529,425.813,21.367,0.415991,1.0122,,,,1.005,1.0,amdahl
chartqa,1792,1024,chartqa_val_137,346.865,1302.244,775.341,21.076,0.266359,1.032,,,,1.0083,1.0,amdahl
chartqa,1792,1024,chartqa_val_138,362.687,1035.868,425.342,22.612,0.350128,1.0137,,,,1.0047,1.0,amdahl
chartqa,1792,1024,chartqa_val_139,355.581,1043.204,418.005,21.559,0.340855,0.9923,,,,0.9973,1.0,amdahl
chartqa,1792,1024,chartqa_val_140,375.321,1072.141,439.042,22.611,0.350066,0.9999,,,,1.0,1.0,amdahl
chartqa,1792,1024,chartqa_val_141,372.63,2511.705,435.289,22.327,0.148358,0.9946,,,,0.9992,1.0,amdahl
chartqa,1792,1024,chartqa_val_142,371.455,1221.905,434.184,22.506,0.303996,0.9917,,,,0.9975,1.0,amdahl
chartqa,1792,1024,chartqa_val_143,375.747,3591.342,438.073,23.358,0.104626,1.0039,,,,1.0004,1.0,amdahl
chartqa,1792,1024,chartqa_val_144,376.788,1039.107,439.203,23.073,0.362608,0.999,,,,0.9996,1.0,amdahl
chartqa,1792,1024,chartqa_val_145,367.318,1502.901,429.871,22.355,0.244406,0.9944,,,,0.9986,1.0,amdahl
chartqa,1792,1024,chartqa_val_146,366.703,1882.327,429.272,22.704,0.194814,1.015,,,,1.0029,1.0,amdahl
chartqa,1792,1024,chartqa_val_147,364.648,3391.202,427.227,23.156,0.107528,0.9956,,,,0.9995,1.0,amdahl
chartqa,1792,1024,chartqa_val_148,364.037,1060.265,426.243,22.644,0.343345,0.9905,,,,0.9967,1.0,amdahl
chartqa,1792,1024,chartqa_val_149,363.883,3566.865,426.128,22.595,0.102018,1.0054,,,,1.0005,1.0,amdahl
chartqa,1792,1024,chartqa_val_150,367.89,911.984,430.841,22.912,0.403395,0.992,,,,0.9967,1.0,amdahl
chartqa,1792,1024,chartqa_val_151,356.844,3748.58,418.973,21.905,0.095195,0.9957,,,,0.9996,1.0,amdahl
chartqa,1792,1024,chartqa_val_152,356.525,615.29,418.622,21.852,0.579443,1.0019,,,,1.0011,1.0,amdahl
chartqa,1792,1024,chartqa_val_153,367.089,657.906,429.459,22.845,0.557966,1.0013,,,,1.0007,1.0,amdahl
chartqa,1792,1024,chartqa_val_154,356.203,1366.082,418.001,21.547,0.260748,1.0186,,,,1.0048,1.0,amdahl
chartqa,1792,1024,chartqa_val_155,474.409,825.27,537.028,20.589,0.574853,0.9986,,,,0.9992,1.0,amdahl
chartqa,1792,1024,chartqa_val_156,362.867,1111.358,425.004,22.14,0.326508,1.0059,,,,1.0019,1.0,amdahl
chartqa,1792,1024,chartqa_val_157,366.603,3709.862,428.711,22.021,0.098818,0.994,,,,0.9994,1.0,amdahl
chartqa,1792,1024,chartqa_val_158,361.545,1122.846,423.574,21.852,0.32199,0.9941,,,,0.9981,1.0,amdahl
chartqa,1792,1024,chartqa_val_159,363.726,776.595,425.447,21.947,0.46836,0.9941,,,,0.9972,1.0,amdahl
chartqa,1792,1024,chartqa_val_160,349.933,911.726,412.484,20.802,0.383814,0.9953,,,,0.9982,1.0,amdahl
chartqa,1792,1024,chartqa_val_161,350.048,4591.645,412.127,21.003,0.076236,1.0051,,,,1.0004,1.0,amdahl
chartqa,1792,1024,chartqa_val_162,356.348,1670.346,418.445,21.219,0.213338,1.0007,,,,1.0002,1.0,amdahl
chartqa,1792,1024,chartqa_val_163,366.856,13094.659,429.118,21.951,0.028016,0.997,,,,0.9999,1.0,amdahl
chartqa,1792,1024,chartqa_val_164,353.762,1485.627,416.441,22.749,0.238123,0.9857,,,,0.9966,1.0,amdahl
chartqa,1792,1024,chartqa_val_165,350.075,1369.953,412.245,21.282,0.255538,1.007,,,,1.0018,1.0,amdahl
chartqa,1792,1024,chartqa_val_166,351.083,1020.191,413.291,20.928,0.344135,1.001,,,,1.0004,1.0,amdahl
chartqa,1792,1024,chartqa_val_167,354.731,1811.463,787.679,21.329,0.195826,0.9912,,,,0.9983,1.0,amdahl
chartqa,1792,1024,chartqa_val_168,360.802,639.428,422.956,21.647,0.564258,1.0412,,,,1.0228,1.0,amdahl
chartqa,1792,1024,chartqa_val_169,361.212,1245.444,423.109,21.64,0.290027,0.998,,,,0.9994,1.0,amdahl
chartqa,1792,1024,chartqa_val_170,347.795,1830.341,409.536,20.894,0.190017,1.011,,,,1.0021,1.0,amdahl
chartqa,1792,1024,chartqa_val_171,351.461,9090.339,413.668,21.692,0.038663,0.9945,,,,0.9998,1.0,amdahl
chartqa,1792,1024,chartqa_val_172,363.055,1687.849,425.616,21.763,0.215099,1.0264,,,,1.0056,1.0,amdahl
chartqa,1792,1024,chartqa_val_173,354.454,2957.89,791.506,22.804,0.119833,1.0192,,,,1.0023,1.0,amdahl
chartqa,1792,1024,chartqa_val_174,358.466,1108.995,421.053,21.498,0.323235,1.0042,,,,1.0013,1.0,amdahl
chartqa,1792,1024,chartqa_val_175,366.908,2632.231,429.989,22.704,0.13939,1.007,,,,1.001,1.0,amdahl
chartqa,1792,1024,chartqa_val_176,363.883,4942.272,426.062,22.247,0.073627,0.9991,,,,0.9999,1.0,amdahl
chartqa,1792,1024,chartqa_val_177,364.153,4220.986,426.706,22.189,0.086272,1.0192,,,,1.0016,1.0,amdahl
chartqa,1792,1024,chartqa_val_178,363.816,1155.047,425.835,22.097,0.31498,1.013,,,,1.0041,1.0,amdahl
chartqa,1792,1024,chartqa_val_179,355.549,1107.627,418.024,21.55,0.321,0.9927,,,,0.9977,1.0,amdahl
chartqa,1792,1024,chartqa_val_180,384.794,873.357,447.653,25.041,0.440591,0.9924,,,,0.9966,1.0,amdahl
chartqa,1792,1024,chartqa_val_181,365.576,1882.681,428.54,22.371,0.194178,0.9955,,,,0.9991,1.0,amdahl
chartqa,1792,1024,chartqa_val_182,367.628,7378.875,814.692,22.48,0.049822,1.0115,,,,1.0006,1.0,amdahl
chartqa,1792,1024,chartqa_val_183,371.239,2531.311,434.546,24.381,0.146659,0.99,,,,0.9985,1.0,amdahl
chartqa,1792,1024,chartqa_val_184,372.584,876.449,435.057,23.231,0.425107,0.9923,,,,0.9967,1.0,amdahl
chartqa,1792,1024,chartqa_val_185,382.197,480.706,444.581,36.125,0.795075,1.0023,,,,1.0018,1.0,amdahl
chartqa,1792,1024,chartqa_val_186,377.781,1165.511,439.939,23.406,0.324134,1.0044,,,,1.0014,1.0,amdahl
chartqa,1792,1024,chartqa_val_187,376.805,1579.757,438.813,23.285,0.238521,0.9904,,,,0.9977,1.0,amdahl
chartqa,1792,1024,chartqa_val_188,373.865,1175.197,435.927,23.102,0.31813,0.994,,,,0.9981,1.0,amdahl
chartqa,1792,1024,chartqa_val_189,369.686,1698.153,432.072,22.609,0.217699,0.9997,,,,0.9999,1.0,amdahl
chartqa,1792,1024,chartqa_val_190,365.871,1621.433,428.42,22.51,0.225647,0.9984,,,,0.9996,1.0,amdahl
chartqa,1792,1024,chartqa_val_191,350.259,782.278,413.047,21.719,0.447742,1.0071,,,,1.0032,1.0,amdahl
chartqa,1792,1024,chartqa_val_192,498.698,3435.137,560.721,23.756,0.145175,0.9943,,,,0.9992,1.0,amdahl
chartqa,1792,1024,chartqa_val_193,359.187,834.136,789.96,22.088,0.43061,1.0275,,,,1.0117,1.0,amdahl
chartqa,1792,1024,chartqa_val_194,353.277,1029.403,415.757,21.16,0.343186,0.9891,,,,0.9962,1.0,amdahl
chartqa,1792,1024,chartqa_val_195,355.198,461.547,417.853,21.847,0.769581,0.9966,,,,0.9974,1.0,amdahl
chartqa,1792,1024,chartqa_val_196,359.14,809.968,421.639,21.574,0.4434,1.1568,,,,1.0639,1.0,amdahl
chartqa,1792,1024,chartqa_val_197,359.598,6322.944,421.894,22.101,0.056872,0.9924,,,,0.9996,1.0,amdahl
chartqa,1792,1024,chartqa_val_198,357.539,770.14,420.05,21.881,0.464251,0.9994,,,,0.9997,1.0,amdahl
chartqa,1792,1024,chartqa_val_199,357.024,1600.071,419.145,21.471,0.22313,1.0106,,,,1.0023,1.0,amdahl
chartqa,1792,1024,chartqa_val_200,356.023,2290.001,417.933,21.768,0.155469,1.0279,,,,1.0042,1.0,amdahl
chartqa,1792,1024,chartqa_val_201,369.228,1179.989,431.55,22.013,0.312908,0.9991,,,,0.9997,1.0,amdahl
chartqa,1792,1024,chartqa_val_202,364.676,606.403,427.338,22.383,0.601376,0.9844,,,,0.9905,1.0,amdahl
chartqa,1792,1024,chartqa_val_203,363.729,4388.404,426.046,22.136,0.082884,0.9984,,,,0.9999,1.0,amdahl
chartqa,1792,1024,chartqa_val_204,357.888,1367.215,420.354,21.041,0.261764,1.0108,,,,1.0028,1.0,amdahl
chartqa,1792,1024,chartqa_val_205,364.082,9589.178,426.897,22.512,0.037968,1.033,,,,1.0012,1.0,amdahl
chartqa,1792,1024,chartqa_val_206,362.949,4584.04,426.247,21.769,0.079177,0.9877,,,,0.999,1.0,amdahl
chartqa,1792,1024,chartqa_val_207,363.439,1619.222,425.774,22.101,0.224453,0.9986,,,,0.9997,1.0,amdahl
chartqa,1792,1024,chartqa_val_208,364.676,584.593,426.885,22.53,0.623812,1.0168,,,,1.0104,1.0,amdahl
chartqa,1792,1024,chartqa_val_209,360.862,576.914,423.326,21.941,0.625504,0.993,,,,0.9956,1.0,amdahl
chartqa,1792,1024,chartqa_val_210,363.756,1333.826,425.947,22.143,0.272716,0.9929,,,,0.998,1.0,amdahl
chartqa,1792,1024,chartqa_val_211,365.847,1470.711,428.061,23.17,0.248755,0.9946,,,,0.9986,1.0,amdahl
chartqa,1792,1024,chartqa_val_212,361.416,665.652,424.021,21.966,0.54295,0.9957,,,,0.9977,1.0,amdahl
chartqa,1792,1024,chartqa_val_213,362.674,1255.387,424.751,21.859,0.288894,0.9893,,,,0.9969,1.0,amdahl
chartqa,1792,1024,chartqa_val_214,356.911,680.017,419.181,21.736,0.524855,0.9949,,,,0.9973,1.0,amdahl
chartqa,1792,1024,chartqa_val_215,369.21,5086.499,431.107,22.169,0.072586,0.9975,,,,0.9998,1.0,amdahl
chartqa,1792,1024,chartqa_val_216,359.546,554.229,421.769,22.077,0.648733,1.003,,,,1.0019,1.0,amdahl
chartqa,1792,1024,chartqa_val_217,361.256,1537.561,423.431,21.846,0.234954,1.0143,,,,1.0033,1.0,amdahl
chartqa,1792,1024,chartqa_val_218,368.561,567.438,431.356,22.68,0.649518,0.9976,,,,0.9985,1.0,amdahl
chartqa,1792,1024,chartqa_val_219,359.022,1958.28,420.848,22.609,0.183335,0.9951,,,,0.9991,1.0,amdahl
chartqa,1792,1024,chartqa_val_220,364.731,2400.751,426.754,22.432,0.151924,0.9974,,,,0.9996,1.0,amdahl
chartqa,1792,1024,chartqa_val_221,359.35,1699.338,421.837,21.653,0.211465,0.9938,,,,0.9987,1.0,amdahl
chartqa,1792,1024,chartqa_val_222,365.427,2247.163,427.633,22.463,0.162617,1.0091,,,,1.0015,1.0,amdahl
chartqa,1792,1024,chartqa_val_223,375.501,790.485,438.592,21.993,0.475027,1.1897,,,,1.082,1.0,amdahl
chartqa,1792,1024,chartqa_val_224,364.476,628.825,426.556,22.474,0.579615,1.0213,,,,1.0123,1.0,amdahl
chartqa,1792,1024,chartqa_val_225,356.897,815.089,418.701,22.022,0.437863,0.9938,,,,0.9973,1.0,amdahl
chartqa,1792,1024,chartqa_val_226,359.505,1296.446,421.571,22.433,0.2773,0.9911,,,,0.9975,1.0,amdahl
chartqa,1792,1024,chartqa_val_227,354.136,2861.633,416.646,20.375,0.123753,0.9934,,,,0.9992,1.0,amdahl
chartqa,1792,1024,chartqa_val_228,345.647,552.027,407.777,20.607,0.626142,0.9902,,,,0.9938,1.0,amdahl
chartqa,1792,1024,chartqa_val_229,461.468,969.134,523.779,21.207,0.476166,0.9946,,,,0.9974,1.0,amdahl
chartqa,1792,1024,chartqa_val_230,364.207,2007.548,426.985,22.261,0.181419,0.9954,,,,0.9992,1.0,amdahl
chartqa,1792,1024,chartqa_val_231,382.936,881.184,445.795,21.769,0.434569,0.9988,,,,0.9995,1.0,amdahl
chartqa,1792,1024,chartqa_val_232,356.522,1230.042,418.929,21.922,0.289846,1.0077,,,,1.0022,1.0,amdahl
chartqa,1792,1024,chartqa_val_233,358.434,10681.865,420.472,22.259,0.033555,0.9928,,,,0.9998,1.0,amdahl
chartqa,1792,1024,chartqa_val_234,351.782,2024.413,413.807,20.917,0.17377,1.0201,,,,1.0034,1.0,amdahl
chartqa,1792,1024,chartqa_val_235,348.174,1427.363,410.599,20.75,0.243928,1.0038,,,,1.0009,1.0,amdahl
chartqa,1792,1024,chartqa_val_236,354.095,583.948,416.032,20.99,0.606382,0.9967,,,,0.998,1.0,amdahl
chartqa,1792,1024,chartqa_val_237,365.971,936.845,428.511,22.101,0.390641,0.9965,,,,0.9986,1.0,amdahl
chartqa,1792,1024,chartqa_val_238,361.531,1023.832,423.588,22.231,0.353115,1.0046,,,,1.0016,1.0,amdahl
chartqa,1792,1024,chartqa_val_239,364.82,10617.509,427.248,22.899,0.03436,0.9969,,,,0.9999,1.0,amdahl
chartqa,1792,1024,chartqa_val_240,370.746,1814.472,433.584,23.015,0.204327,1.0935,,,,1.0178,1.0,amdahl
chartqa,1792,1024,chartqa_val_241,374.83,4747.751,437.412,22.686,0.078949,0.992,,,,0.9994,1.0,amdahl
chartqa,1792,1024,chartqa_val_242,358.929,993.615,421.785,21.179,0.361235,1.0089,,,,1.0032,1.0,amdahl
chartqa,1792,1024,chartqa_val_243,366.949,14366.167,429.283,21.948,0.025543,1.0034,,,,1.0001,1.0,amdahl
chartqa,1792,1024,chartqa_val_244,350.964,1903.055,413.281,20.691,0.184421,0.9921,,,,0.9985,1.0,amdahl
chartqa,1792,1024,chartqa_val_245,356.866,918.745,418.772,22.726,0.388427,1.0288,,,,1.011,1.0,amdahl
chartqa,1792,1024,chartqa_val_246,371.89,1425.542,434.944,22.514,0.260876,1.0274,,,,1.007,1.0,amdahl
chartqa,1792,1024,chartqa_val_247,359.484,4963.465,421.314,21.629,0.072426,1.0088,,,,1.0006,1.0,amdahl
chartqa,1792,1024,chartqa_val_248,359.008,1335.87,422.024,21.758,0.268745,0.9975,,,,0.9993,1.0,amdahl
chartqa,1792,1024,chartqa_val_249,363.691,12532.944,426.11,22.337,0.029019,0.9902,,,,0.9997,1.0,amdahl
chartqa,1792,1024,chartqa_val_250,384.38,826.618,447.03,23.724,0.465003,1.0071,,,,1.0033,1.0,amdahl
chartqa,1792,1024,chartqa_val_251,385.885,7175.098,449.483,23.599,0.053781,0.996,,,,0.9998,1.0,amdahl
chartqa,1792,1024,chartqa_val_252,364.817,583.956,427.181,22.396,0.624734,0.9899,,,,0.9937,1.0,amdahl
chartqa,1792,1024,chartqa_val_253,356.771,930.531,419.321,21.3,0.383406,1.0198,,,,1.0075,1.0,amdahl
chartqa,1792,1024,chartqa_val_254,366.198,1468.769,428.526,22.614,0.249323,1.0099,,,,1.0025,1.0,amdahl
chartqa,1792,1024,chartqa_val_255,365.539,5362.504,427.654,22.637,0.068166,1.0156,,,,1.0011,1.0,amdahl
chartqa,1792,1024,chartqa_val_256,372.603,906.047,434.903,22.435,0.41124,0.9932,,,,0.9972,1.0,amdahl
chartqa,1792,1024,chartqa_val_257,376.049,4490.938,438.131,24.864,0.083735,1.0078,,,,1.0006,1.0,amdahl
chartqa,1792,1024,chartqa_val_258,359.199,730.766,421.466,22.093,0.491537,0.9985,,,,0.9993,1.0,amdahl
chartqa,1792,1024,chartqa_val_259,363.07,4453.107,425.871,22.128,0.081532,1.0213,,,,1.0017,1.0,amdahl
chartqa,1792,1024,chartqa_val_260,380.125,1451.603,442.968,22.924,0.261866,1.0084,,,,1.0022,1.0,amdahl
chartqa,1792,1024,chartqa_val_261,361.865,4323.472,424.437,22.154,0.083698,1.0477,,,,1.0038,1.0,amdahl
chartqa,1792,1024,chartqa_val_262,363.941,2988.612,426.62,21.897,0.121776,0.9964,,,,0.9996,1.0,amdahl
chartqa,1792,1024,chartqa_val_263,368.643,4250.439,430.785,22.207,0.08673,1.0587,,,,1.0048,1.0,amdahl
chartqa,1792,1024,chartqa_val_264,358.524,1322.903,420.888,22.0,0.271013,1.0157,,,,1.0042,1.0,amdahl
chartqa,1792,1024,chartqa_val_265,361.37,1187.996,423.657,21.838,0.304185,1.0119,,,,1.0036,1.0,amdahl
chartqa,1792,1024,chartqa_val_266,537.47,1738.481,599.826,22.327,0.309161,0.993,,,,0.9978,1.0,amdahl
chartqa,1792,1024,chartqa_val_267,361.848,3383.52,423.717,21.604,0.106944,1.0093,,,,1.001,1.0,amdahl
chartqa,1792,1024,chartqa_val_268,376.505,871.646,438.561,22.794,0.431947,0.9934,,,,0.9972,1.0,amdahl
chartqa,1792,1024,chartqa_val_269,352.793,4874.292,415.125,20.644,0.072378,1.0032,,,,1.0002,1.0,amdahl
chartqa,1792,1024,chartqa_val_270,352.214,813.628,414.384,21.013,0.432893,0.9938,,,,0.9973,1.0,amdahl
chartqa,1792,1024,chartqa_val_271,362.477,2638.514,424.552,21.92,0.137379,0.9937,,,,0.9991,1.0,amdahl
chartqa,1792,1024,chartqa_val_272,363.071,1271.965,424.984,22.289,0.285441,0.9977,,,,0.9993,1.0,amdahl
chartqa,1792,1024,chartqa_val_273,365.192,3698.212,427.038,22.56,0.098748,0.9998,,,,1.0,1.0,amdahl
chartqa,1792,1024,chartqa_val_274,372.263,1357.974,434.967,23.075,0.274131,0.9927,,,,0.998,1.0,amdahl
chartqa,1792,1024,chartqa_val_275,364.362,4378.177,426.542,23.109,0.083222,0.9969,,,,0.9997,1.0,amdahl
chartqa,1792,1024,chartqa_val_276,365.116,757.895,427.486,23.601,0.48175,0.9964,,,,0.9983,1.0,amdahl
chartqa,1792,1024,chartqa_val_277,362.367,1056.955,424.623,22.583,0.342841,0.9962,,,,0.9987,1.0,amdahl
chartqa,1792,1024,chartqa_val_278,362.461,723.162,424.627,22.964,0.501216,0.9975,,,,0.9987,1.0,amdahl
chartqa,1792,1024,chartqa_val_279,366.145,1734.26,428.854,22.507,0.211124,0.9962,,,,0.9992,1.0,amdahl
chartqa,1792,1024,chartqa_val_280,365.175,2500.173,427.49,22.529,0.14606,0.994,,,,0.9991,1.0,amdahl
chartqa,1792,1024,chartqa_val_281,366.388,2523.577,428.731,22.525,0.145186,0.9958,,,,0.9994,1.0,amdahl
chartqa,1792,1024,chartqa_val_282,366.177,892.122,431.819,24.226,0.410456,1.0086,,,,1.0035,1.0,amdahl
chartqa,1792,1024,chartqa_val_283,364.976,1631.02,427.327,22.291,0.223771,0.9912,,,,0.998,1.0,amdahl
chartqa,1792,1024,chartqa_val_284,363.606,961.267,426.324,22.289,0.378257,1.0567,,,,1.0207,1.0,amdahl
chartqa,1792,1024,chartqa_val_285,348.884,747.367,411.617,20.984,0.466818,1.0001,,,,1.0,1.0,amdahl
chartqa,1792,1024,chartqa_val_286,364.175,1028.224,426.521,22.285,0.354179,0.9928,,,,0.9974,1.0,amdahl
chartqa,1792,1024,chartqa_val_287,351.951,1041.423,414.194,20.908,0.337953,0.9987,,,,0.9996,1.0,amdahl
chartqa,1792,1024,chartqa_val_288,351.888,1218.92,413.96,21.183,0.288688,1.0082,,,,1.0024,1.0,amdahl
chartqa,1792,1024,chartqa_val_289,367.488,829.861,429.611,22.236,0.44283,0.9948,,,,0.9977,1.0,amdahl
chartqa,1792,1024,chartqa_val_290,364.798,1211.553,427.011,22.415,0.301099,0.9957,,,,0.9987,1.0,amdahl
chartqa,1792,1024,chartqa_val_291,367.15,868.018,822.165,22.926,0.422975,0.9955,,,,0.9981,1.0,amdahl
chartqa,1792,1024,chartqa_val_292,368.2,1061.272,431.045,22.508,0.346942,1.0078,,,,1.0027,1.0,amdahl
chartqa,1792,1024,chartqa_val_293,370.804,3381.237,436.136,21.816,0.109665,0.9898,,,,0.9989,1.0,amdahl
chartqa,1792,1024,chartqa_val_294,367.985,677.96,430.022,22.54,0.542783,0.9935,,,,0.9964,1.0,amdahl
chartqa,1792,1024,chartqa_val_295,365.695,5390.75,804.44,22.156,0.067837,0.9923,,,,0.9995,1.0,amdahl
chartqa,1792,1024,chartqa_val_296,363.623,903.139,426.473,21.667,0.402621,0.9994,,,,0.9998,1.0,amdahl
chartqa,1792,1024,chartqa_val_297,353.401,5367.45,415.495,21.719,0.065842,1.0101,,,,1.0007,1.0,amdahl
chartqa,1792,1024,chartqa_val_298,365.764,727.687,427.924,21.412,0.502639,0.9969,,,,0.9984,1.0,amdahl
chartqa,1792,1024,chartqa_val_299,370.042,1551.18,433.069,22.362,0.238555,0.995,,,,0.9988,1.0,amdahl
chartqa,1792,1024,chartqa_val_300,368.482,969.452,430.784,23.42,0.380093,0.9924,,,,0.9971,1.0,amdahl
chartqa,1792,1024,chartqa_val_301,354.205,2804.973,416.15,22.325,0.126278,0.9987,,,,0.9998,1.0,amdahl
chartqa,1792,1024,chartqa_val_302,351.19,1444.471,787.752,72.969,0.243127,1.0106,,,,1.0026,1.0,amdahl
chartqa,1792,1024,chartqa_val_303,459.447,1774.036,521.158,21.601,0.258984,0.9904,,,,0.9975,1.0,amdahl
chartqa,1792,1024,chartqa_val_304,370.52,1074.959,433.649,22.904,0.344683,1.0208,,,,1.0071,1.0,amdahl
chartqa,1792,1024,chartqa_val_305,372.489,5240.811,434.817,21.649,0.071075,1.0089,,,,1.0006,1.0,amdahl
chartqa,1792,1024,chartqa_val_306,368.951,1351.479,431.682,22.995,0.272998,0.9898,,,,0.9972,1.0,amdahl
chartqa,1792,1024,chartqa_val_307,362.836,6764.397,425.156,22.48,0.053639,0.9975,,,,0.9999,1.0,amdahl
chartqa,1792,1024,chartqa_val_308,381.383,1349.054,443.665,23.215,0.282704,0.9961,,,,0.9989,1.0,amdahl
chartqa,1792,1024,chartqa_val_309,358.013,934.522,420.242,21.428,0.383097,0.9889,,,,0.9957,1.0,amdahl
chartqa,1792,1024,chartqa_val_310,352.065,1213.622,413.844,21.047,0.290094,0.999,,,,0.9997,1.0,amdahl
chartqa,1792,1024,chartqa_val_311,363.323,1724.109,425.4,22.392,0.210731,0.9928,,,,0.9985,1.0,amdahl
chartqa,1792,1024,chartqa_val_312,359.936,1570.04,421.899,22.08,0.229253,0.9902,,,,0.9977,1.0,amdahl
chartqa,1792,1024,chartqa_val_313,373.124,4078.88,436.299,22.766,0.091477,0.9953,,,,0.9996,1.0,amdahl
chartqa,1792,1024,chartqa_val_314,365.015,882.901,427.499,20.7,0.413426,1.008,,,,1.0033,1.0,amdahl
chartqa,1792,1024,chartqa_val_315,366.29,1122.423,428.701,21.679,0.326339,0.9978,,,,0.9993,1.0,amdahl
chartqa,1792,1024,chartqa_val_316,358.582,1405.588,420.638,21.412,0.255111,1.0675,,,,1.0164,1.0,amdahl
chartqa,1792,1024,chartqa_val_317,359.351,1095.65,421.408,21.75,0.327979,0.9939,,,,0.998,1.0,amdahl
chartqa,1792,1024,chartqa_val_318,362.084,706.55,424.015,21.733,0.512468,0.9909,,,,0.9953,1.0,amdahl
chartqa,1792,1024,chartqa_val_319,368.043,1902.137,430.106,22.647,0.193489,0.9891,,,,0.9979,1.0,amdahl
chartqa,1792,1024,chartqa_val_320,367.82,746.066,429.735,22.595,0.493013,0.9921,,,,0.9961,1.0,amdahl
chartqa,1792,1024,chartqa_val_321,367.8,1449.057,429.785,22.65,0.253821,1.0321,,,,1.008,1.0,amdahl
chartqa,1792,1024,chartqa_val_322,361.587,1010.297,423.958,22.552,0.357901,0.9983,,,,0.9994,1.0,amdahl
chartqa,1792,1024,chartqa_val_323,369.377,1182.13,432.062,22.729,0.312467,0.9961,,,,0.9988,1.0,amdahl
chartqa,1792,1024,chartqa_val_324,369.364,3180.085,432.037,22.711,0.116149,0.9914,,,,0.999,1.0,amdahl
chartqa,1792,1024,chartqa_val_325,374.31,2682.619,436.763,23.153,0.139531,1.0036,,,,1.0005,1.0,amdahl
chartqa,1792,1024,chartqa_val_326,369.175,1467.945,431.531,23.031,0.251491,1.0068,,,,1.0017,1.0,amdahl
chartqa,1792,1024,chartqa_val_327,353.887,5270.601,416.301,21.014,0.067144,0.9917,,,,0.9994,1.0,amdahl
chartqa,1792,1024,chartqa_val_328,353.922,4463.797,415.925,21.531,0.079287,1.0246,,,,1.0019,1.0,amdahl
chartqa,1792,1024,chartqa_val_329,363.957,3730.055,426.03,21.316,0.097574,1.1356,,,,1.0118,1.0,amdahl
chartqa,1792,1024,chartqa_val_330,357.93,1051.527,420.495,21.034,0.340391,0.9957,,,,0.9985,1.0,amdahl
chartqa,1792,1024,chartqa_val_331,364.909,1265.253,428.08,22.626,0.288408,0.9959,,,,0.9988,1.0,amdahl
chartqa,1792,1024,chartqa_val_332,360.765,1277.283,422.991,22.481,0.282447,0.9979,,,,0.9994,1.0,amdahl
chartqa,1792,1024,chartqa_val_333,355.11,991.807,417.443,21.273,0.358043,1.0052,,,,1.0018,1.0,amdahl
chartqa,1792,1024,chartqa_val_334,356.031,2166.415,417.951,21.323,0.164341,0.9956,,,,0.9993,1.0,amdahl
chartqa,1792,1024,chartqa_val_335,363.599,3870.053,425.649,21.663,0.093952,1.0023,,,,1.0002,1.0,amdahl
chartqa,1792,1024,chartqa_val_336,361.938,1013.259,424.273,21.814,0.357202,0.9937,,,,0.9977,1.0,amdahl
chartqa,1792,1024,chartqa_val_337,364.544,9869.55,427.256,21.411,0.036936,0.9856,,,,0.9995,1.0,amdahl
chartqa,1792,1024,chartqa_val_338,363.88,1233.677,426.13,21.826,0.294956,1.0108,,,,1.0032,1.0,amdahl
chartqa,1792,1024,chartqa_val_339,377.214,1990.369,440.046,23.139,0.18952,1.025,,,,1.0046,1.0,amdahl
chartqa,1792,1024,chartqa_val_340,505.039,861.605,567.707,22.607,0.586161,1.0024,,,,1.0014,1.0,amdahl
chartqa,1792,1024,chartqa_val_341,375.725,6233.44,438.402,23.462,0.060276,0.9979,,,,0.9999,1.0,amdahl
chartqa,1792,1024,chartqa_val_342,353.879,818.196,416.173,21.159,0.432511,0.9953,,,,0.998,1.0,amdahl
chartqa,1792,1024,chartqa_val_343,371.917,7992.276,434.471,22.628,0.046535,1.0017,,,,1.0001,1.0,amdahl
chartqa,1792,1024,chartqa_val_344,360.93,1669.234,423.494,21.478,0.216225,1.0128,,,,1.0027,1.0,amdahl
chartqa,1792,1024,chartqa_val_345,364.521,4186.753,426.89,21.363,0.087065,0.9897,,,,0.9991,1.0,amdahl
chartqa,1792,1024,chartqa_val_346,348.404,1249.743,410.556,20.98,0.278781,1.0033,,,,1.0009,1.0,amdahl
chartqa,1792,1024,chartqa_val_347,354.747,9194.545,416.482,21.051,0.038582,0.9941,,,,0.9998,1.0,amdahl
chartqa,1792,1024,chartqa_val_348,350.559,870.914,412.893,20.819,0.402518,1.0099,,,,1.004,1.0,amdahl
chartqa,1792,1024,chartqa_val_349,359.089,3688.591,421.249,21.782,0.097351,0.9946,,,,0.9995,1.0,amdahl
chartqa,1792,1024,chartqa_val_350,363.101,1135.542,425.059,21.53,0.31976,0.997,,,,0.999,1.0,amdahl
chartqa,1792,1024,chartqa_val_351,363.572,6603.958,425.506,21.528,0.055054,0.9982,,,,0.9999,1.0,amdahl
chartqa,1792,1024,chartqa_val_352,361.45,1227.703,423.823,21.727,0.294412,1.0008,,,,1.0002,1.0,amdahl
chartqa,1792,1024,chartqa_val_353,376.284,8098.172,438.919,21.276,0.046465,1.0015,,,,1.0001,1.0,amdahl
chartqa,1792,1024,chartqa_val_354,395.998,802.728,458.714,21.501,0.493316,1.0009,,,,1.0004,1.0,amdahl
chartqa,1792,1024,chartqa_val_355,351.711,1371.967,413.872,20.828,0.256355,1.0129,,,,1.0033,1.0,amdahl
chartqa,1792,1024,chartqa_val_356,357.822,996.755,420.196,21.354,0.358987,0.99,,,,0.9964,1.0,amdahl
chartqa,1792,1024,chartqa_val_357,353.131,9017.375,415.318,21.833,0.039161,0.9937,,,,0.9998,1.0,amdahl
chartqa,1792,1024,chartqa_val_358,357.693,1486.374,419.701,21.769,0.240648,0.9902,,,,0.9976,1.0,amdahl
chartqa,1792,1024,chartqa_val_359,352.667,4176.497,414.596,21.497,0.084441,1.1822,,,,1.0132,1.0,amdahl
chartqa,1792,1024,chartqa_val_360,352.663,606.447,415.018,21.27,0.581524,0.9901,,,,0.9942,1.0,amdahl
chartqa,1792,1024,chartqa_val_361,355.525,3039.685,417.281,21.32,0.116961,0.9972,,,,0.9997,1.0,amdahl
chartqa,1792,1024,chartqa_val_362,353.547,1203.671,415.675,21.297,0.293724,0.99,,,,0.997,1.0,amdahl
chartqa,1792,1024,chartqa_val_363,365.285,3225.167,428.952,22.733,0.113261,0.993,,,,0.9992,1.0,amdahl
chartqa,1792,1024,chartqa_val_364,371.015,1115.672,433.742,22.731,0.332548,0.991,,,,0.997,1.0,amdahl
chartqa,1792,1024,chartqa_val_365,367.923,2744.983,430.572,24.362,0.134035,0.9882,,,,0.9984,1.0,amdahl
chartqa,1792,1024,chartqa_val_366,405.986,1124.693,468.815,24.292,0.360975,1.0541,,,,1.0189,1.0,amdahl
chartqa,1792,1024,chartqa_val_367,355.233,2980.946,417.653,22.097,0.119168,1.0383,,,,1.0044,1.0,amdahl
chartqa,1792,1024,chartqa_val_368,360.525,945.764,422.966,21.783,0.381199,0.9929,,,,0.9973,1.0,amdahl
chartqa,1792,1024,chartqa_val_369,365.632,6011.819,427.672,22.517,0.060819,1.0189,,,,1.0011,1.0,amdahl
chartqa,1792,1024,chartqa_val_370,367.717,834.36,430.156,22.456,0.440718,0.9981,,,,0.9992,1.0,amdahl
chartqa,1792,1024,chartqa_val_371,366.975,3986.994,429.425,21.826,0.092043,0.9918,,,,0.9992,1.0,amdahl
chartqa,1792,1024,chartqa_val_372,369.582,568.558,432.436,22.687,0.650034,0.9938,,,,0.996,1.0,amdahl
chartqa,1792,1024,chartqa_val_373,366.792,813.337,429.079,22.603,0.450972,1.0102,,,,1.0046,1.0,amdahl
chartqa,1792,1024,chartqa_val_374,367.326,700.605,429.392,22.601,0.524298,0.9985,,,,0.9992,1.0,amdahl
chartqa,1792,1024,chartqa_val_375,367.241,3283.254,429.081,22.833,0.111853,0.9982,,,,0.9998,1.0,amdahl
chartqa,1792,1024,chartqa_val_376,374.028,803.408,435.944,22.966,0.465552,0.997,,,,0.9986,1.0,amdahl
chartqa,1792,1024,chartqa_val_377,367.726,1222.075,430.134,22.627,0.300903,0.9943,,,,0.9983,1.0,amdahl
chartqa,1792,1024,chartqa_val_378,536.755,1273.31,600.161,22.438,0.421543,0.9959,,,,0.9983,1.0,amdahl
chartqa,1792,1024,chartqa_val_379,372.414,773.545,435.256,22.553,0.481438,0.9976,,,,0.9989,1.0,amdahl
chartqa,1792,1024,chartqa_val_380,371.64,791.237,433.681,22.347,0.469694,0.9961,,,,0.9982,1.0,amdahl
chartqa,1792,1024,chartqa_val_381,370.686,2279.523,432.835,22.799,0.162615,0.9966,,,,0.9994,1.0,amdahl
chartqa,1792,1024,chartqa_val_382,368.625,678.655,430.849,22.528,0.54317,0.9974,,,,0.9986,1.0,amdahl
chartqa,1792,1024,chartqa_val_383,366.288,1902.359,428.031,22.338,0.192544,0.9867,,,,0.9974,1.0,amdahl
chartqa,1792,1024,chartqa_val_384,376.148,667.482,438.936,22.855,0.563533,0.9935,,,,0.9963,1.0,amdahl
chartqa,1792,1024,chartqa_val_385,368.003,4956.719,430.556,22.859,0.074243,1.002,,,,1.0002,1.0,amdahl
chartqa,1792,1024,chartqa_val_386,369.124,708.225,431.593,23.053,0.521197,0.9912,,,,0.9954,1.0,amdahl
chartqa,1792,1024,chartqa_val_387,368.932,1031.925,430.886,23.117,0.357518,0.973,,,,0.9902,1.0,amdahl
chartqa,1792,1024,chartqa_val_388,375.169,1135.243,437.068,23.272,0.330475,0.9952,,,,0.9984,1.0,amdahl
chartqa,1792,1024,chartqa_val_389,375.307,1609.823,437.885,22.537,0.233136,1.1067,,,,1.023,1.0,amdahl
chartqa,1792,1024,chartqa_val_390,365.345,1036.489,427.723,22.547,0.352483,0.9905,,,,0.9966,1.0,amdahl
chartqa,1792,1024,chartqa_val_391,367.515,746.585,429.798,22.628,0.492262,1.0003,,,,1.0001,1.0,amdahl
chartqa,1792,1024,chartqa_val_392,365.621,473.43,428.16,22.635,0.772282,0.9925,,,,0.9942,1.0,amdahl
chartqa,1792,1024,chartqa_val_393,367.223,1344.046,429.545,22.863,0.273222,1.0182,,,,1.0049,1.0,amdahl
chartqa,1792,1024,chartqa_val_394,366.34,1103.723,428.763,23.274,0.331913,0.9927,,,,0.9976,1.0,amdahl
chartqa,1792,1024,chartqa_val_395,368.291,6636.188,430.254,23.243,0.055497,0.9949,,,,0.9997,1.0,amdahl
chartqa,1792,1024,chartqa_val_396,358.91,1012.728,421.246,21.124,0.354399,0.992,,,,0.9972,1.0,amdahl
chartqa,1792,1024,chartqa_val_397,365.797,831.967,428.277,22.427,0.439677,0.9964,,,,0.9984,1.0,amdahl
chartqa,1792,1024,chartqa_val_398,369.136,907.047,431.204,22.659,0.406964,1.0054,,,,1.0022,1.0,amdahl
chartqa,1792,1024,chartqa_val_399,364.47,1196.494,426.338,22.652,0.304615,1.0072,,,,1.0022,1.0,amdahl
chartqa,1792,1024,chartqa_val_400,374.073,1335.051,436.135,23.049,0.280194,1.0087,,,,1.0024,1.0,amdahl
chartqa,1792,1024,chartqa_val_401,371.114,2771.381,433.521,22.698,0.133909,0.9922,,,,0.999,1.0,amdahl
chartqa,1792,1024,chartqa_val_402,354.236,669.294,416.405,21.074,0.529268,0.9956,,,,0.9976,1.0,amdahl
chartqa,1792,1024,chartqa_val_403,352.611,1373.166,414.651,21.3,0.256787,0.9966,,,,0.9991,1.0,amdahl
chartqa,1792,1024,chartqa_val_404,355.804,1058.996,417.971,21.367,0.335982,1.0075,,,,1.0025,1.0,amdahl
chartqa,1792,1024,chartqa_val_405,355.586,4581.86,417.949,21.137,0.077607,0.9959,,,,0.9997,1.0,amdahl
chartqa,1792,1024,chartqa_val_406,348.45,782.079,410.276,20.656,0.445544,0.9986,,,,0.9994,1.0,amdahl
chartqa,1792,1024,chartqa_val_407,350.924,1896.842,413.015,20.899,0.185004,1.008,,,,1.0015,1.0,amdahl
chartqa,1792,1024,chartqa_val_408,353.247,1049.818,415.009,21.16,0.336484,1.0329,,,,1.0108,1.0,amdahl
chartqa,1792,1024,chartqa_val_409,354.74,3719.605,416.81,20.642,0.09537,1.0097,,,,1.0009,1.0,amdahl
chartqa,1792,1024,chartqa_val_410,351.404,939.24,413.551,21.028,0.374136,1.0122,,,,1.0045,1.0,amdahl
chartqa,1792,1024,chartqa_val_411,366.191,5594.321,428.322,22.077,0.065458,1.0156,,,,1.001,1.0,amdahl
chartqa,1792,1024,chartqa_val_412,346.463,552.389,408.84,20.507,0.627207,1.0025,,,,1.0016,1.0,amdahl
chartqa,1792,1024,chartqa_val_413,348.626,2963.01,410.39,21.096,0.117659,1.0134,,,,1.0016,1.0,amdahl
chartqa,1792,1024,chartqa_val_414,359.728,891.279,421.835,21.338,0.403609,0.9892,,,,0.9956,1.0,amdahl
chartqa,1792,1024,chartqa_val_415,364.73,3518.478,427.683,22.236,0.103661,1.0047,,,,1.0005,1.0,amdahl
chartqa,1792,1024,chartqa_val_416,516.337,1128.746,578.633,22.921,0.457443,1.004,,,,1.0018,1.0,amdahl
chartqa,1792,1024,chartqa_val_417,366.94,4442.896,429.929,23.606,0.08259,1.0253,,,,1.002,1.0,amdahl
chartqa,1792,1024,chartqa_val_418,371.204,1401.945,434.436,23.036,0.264778,1.0074,,,,1.0019,1.0,amdahl
chartqa,1792,1024,chartqa_val_419,378.512,3646.865,441.018,23.4,0.103791,1.0049,,,,1.0005,1.0,amdahl
chartqa,1792,1024,chartqa_val_420,412.98,1469.797,477.521,23.076,0.280978,0.993,,,,0.998,1.0,amdahl
chartqa,1792,1024,chartqa_val_421,371.416,3967.501,433.392,22.801,0.093615,0.9929,,,,0.9993,1.0,amdahl
chartqa,1792,1024,chartqa_val_422,355.222,2417.157,418.002,21.73,0.146959,0.9961,,,,0.9994,1.0,amdahl
chartqa,1792,1024,chartqa_val_423,356.491,2400.213,418.506,22.266,0.148525,1.0084,,,,1.0012,1.0,amdahl
chartqa,1792,1024,chartqa_val_424,355.389,717.708,417.932,21.413,0.495173,0.9903,,,,0.9952,1.0,amdahl
chartqa,1792,1024,chartqa_val_425,357.748,4216.846,419.74,21.574,0.084838,0.989,,,,0.9991,1.0,amdahl
chartqa,1792,1024,chartqa_val_426,359.132,1079.133,421.2,21.224,0.332797,0.9912,,,,0.9971,1.0,amdahl
chartqa,1792,1024,chartqa_val_427,356.965,1134.334,419.041,21.676,0.314691,1.1041,,,,1.0306,1.0,amdahl
chartqa,1792,1024,chartqa_val_428,356.386,1012.142,418.369,21.206,0.352111,0.9958,,,,0.9985,1.0,amdahl
chartqa,1792,1024,chartqa_val_429,351.406,1262.973,413.474,21.237,0.278237,0.9941,,,,0.9984,1.0,amdahl
chartqa,1792,1024,chartqa_val_430,350.89,626.442,412.654,21.379,0.560132,0.9945,,,,0.9969,1.0,amdahl
chartqa,1792,1024,chartqa_val_431,356.391,821.525,418.413,21.216,0.433816,1.0022,,,,1.001,1.0,amdahl
chartqa,1792,1024,chartqa_val_432,353.967,671.547,415.708,21.32,0.527092,0.9939,,,,0.9968,1.0,amdahl
chartqa,1792,1024,chartqa_val_433,362.559,1484.998,424.635,21.207,0.244148,1.0072,,,,1.0018,1.0,amdahl
chartqa,1792,1024,chartqa_val_434,365.665,901.265,427.85,21.519,0.405724,1.0116,,,,1.0047,1.0,amdahl
chartqa,1792,1024,chartqa_val_435,358.849,783.511,421.186,21.313,0.458001,0.9984,,,,0.9993,1.0,amdahl
chartqa,1792,1024,chartqa_val_436,376.419,602.772,439.518,23.322,0.62448,0.9918,,,,0.9949,1.0,amdahl
chartqa,1792,1024,chartqa_val_437,414.044,500.958,476.903,24.056,0.826504,0.9951,,,,0.9959,1.0,amdahl
chartqa,1792,1024,chartqa_val_438,373.612,874.98,435.877,23.111,0.426995,0.9943,,,,0.9976,1.0,amdahl
chartqa,1792,1024,chartqa_val_439,365.422,814.716,427.303,22.789,0.448527,1.0325,,,,1.0143,1.0,amdahl
chartqa,1792,1024,chartqa_val_440,364.168,743.357,426.116,22.66,0.489897,0.9998,,,,0.9999,1.0,amdahl
chartqa,1792,1024,chartqa_val_441,367.747,1856.84,429.673,22.653,0.19805,0.9925,,,,0.9985,1.0,amdahl
chartqa,1792,1024,chartqa_val_442,370.856,748.555,432.94,22.544,0.495429,1.0007,,,,1.0004,1.0,amdahl
chartqa,1792,1024,chartqa_val_443,373.417,1093.171,436.222,22.653,0.34159,0.9936,,,,0.9978,1.0,amdahl
chartqa,1792,1024,chartqa_val_444,364.849,1585.276,427.986,21.836,0.230149,1.0023,,,,1.0005,1.0,amdahl
chartqa,1792,1024,chartqa_val_445,367.219,1858.004,429.675,22.318,0.197642,1.1079,,,,1.0196,1.0,amdahl
chartqa,1792,1024,chartqa_val_446,369.113,970.467,431.145,22.472,0.380345,1.013,,,,1.0049,1.0,amdahl
chartqa,1792,1024,chartqa_val_447,372.026,60059.484,434.215,82.698,0.006194,0.9916,,,,0.9999,1.0,amdahl
chartqa,1792,1024,chartqa_val_448,376.711,572.218,439.408,22.135,0.658335,0.9985,,,,0.999,1.0,amdahl
chartqa,1792,1024,chartqa_val_449,365.023,867.444,428.2,24.402,0.420803,1.005,,,,1.0021,1.0,amdahl
chartqa,1792,1024,chartqa_val_450,364.955,1195.905,427.434,21.956,0.305171,0.9981,,,,0.9994,1.0,amdahl
chartqa,1792,1024,chartqa_val_451,366.724,850.174,429.349,22.149,0.431352,1.0421,,,,1.0177,1.0,amdahl
chartqa,1792,1024,chartqa_val_452,358.704,551.939,420.722,21.869,0.649898,0.9919,,,,0.9947,1.0,amdahl
chartqa,1792,1024,chartqa_val_453,532.041,14200.641,595.137,22.944,0.037466,0.9976,,,,0.9999,1.0,amdahl
chartqa,1792,1024,chartqa_val_454,360.71,1512.23,423.743,22.214,0.238529,0.991,,,,0.9978,1.0,amdahl
chartqa,1792,1024,chartqa_val_455,361.77,897.328,424.238,21.504,0.403164,1.003,,,,1.0012,1.0,amdahl
chartqa,1792,1024,chartqa_val_456,353.527,586.938,415.695,21.405,0.602324,0.9912,,,,0.9947,1.0,amdahl
chartqa,1792,1024,chartqa_val_457,363.037,3095.181,425.323,21.884,0.117291,0.9852,,,,0.9982,1.0,amdahl
chartqa,1792,1024,chartqa_val_458,367.376,586.479,429.385,22.442,0.626409,1.0042,,,,1.0026,1.0,amdahl
chartqa,1792,1024,chartqa_val_459,372.233,4961.828,435.316,22.861,0.075019,0.9933,,,,0.9995,1.0,amdahl
chartqa,1792,1024,chartqa_val_460,369.71,660.423,432.219,22.82,0.559808,0.9964,,,,0.998,1.0,amdahl
chartqa,1792,1024,chartqa_val_461,372.681,3686.073,435.14,22.42,0.101105,0.9953,,,,0.9995,1.0,amdahl
chartqa,1792,1024,chartqa_val_462,366.461,589.061,428.593,22.924,0.62211,0.9935,,,,0.9959,1.0,amdahl
chartqa,1792,1024,chartqa_val_463,368.538,5525.083,430.441,22.949,0.066703,0.9918,,,,0.9994,1.0,amdahl
chartqa,1792,1024,chartqa_val_464,373.138,867.836,436.044,22.726,0.429963,0.9942,,,,0.9975,1.0,amdahl
chartqa,1792,1024,chartqa_val_465,377.689,1796.375,440.254,22.985,0.210251,0.9914,,,,0.9982,1.0,amdahl
chartqa,1792,1024,chartqa_val_466,361.66,2981.416,424.394,21.855,0.121305,0.9954,,,,0.9994,1.0,amdahl
chartqa,1792,1024,chartqa_val_467,372.251,4631.128,434.81,21.856,0.08038,1.0032,,,,1.0003,1.0,amdahl
chartqa,1792,1024,chartqa_val_468,359.157,859.073,421.385,21.884,0.418075,0.9934,,,,0.9972,1.0,amdahl
chartqa,1792,1024,chartqa_val_469,362.032,3341.295,424.17,22.099,0.108351,0.9927,,,,0.9992,1.0,amdahl
chartqa,1792,1024,chartqa_val_470,372.808,2024.173,435.701,24.068,0.184178,0.995,,,,0.9991,1.0,amdahl
chartqa,1792,1024,chartqa_val_471,387.966,2781.447,450.658,21.783,0.139484,0.9965,,,,0.9995,1.0,amdahl
chartqa,1792,1024,chartqa_val_472,358.42,1025.025,420.805,21.579,0.349669,0.9949,,,,0.9982,1.0,amdahl
chartqa,1792,1024,chartqa_val_473,366.183,1467.309,428.788,22.096,0.249561,0.9945,,,,0.9986,1.0,amdahl
chartqa,1792,1024,chartqa_val_474,366.187,851.439,428.294,22.271,0.430081,0.9937,,,,0.9973,1.0,amdahl
chartqa,1792,1024,chartqa_val_475,364.791,3683.226,426.949,22.002,0.099041,1.0035,,,,1.0003,1.0,amdahl
chartqa,1792,1024,chartqa_val_476,375.641,1021.353,438.884,23.299,0.367788,0.9896,,,,0.9961,1.0,amdahl
chartqa,1792,1024,chartqa_val_477,356.619,2070.283,419.334,21.441,0.172256,0.9979,,,,0.9996,1.0,amdahl
chartqa,1792,1024,chartqa_val_478,356.542,658.753,418.66,21.827,0.541239,0.9892,,,,0.9941,1.0,amdahl
chartqa,1792,1024,chartqa_val_479,357.498,1269.607,419.672,21.793,0.281582,0.9954,,,,0.9987,1.0,amdahl
chartqa,1792,1024,chartqa_val_480,361.492,1118.722,423.853,22.415,0.32313,0.9981,,,,0.9994,1.0,amdahl
chartqa,1792,1024,chartqa_val_481,368.182,924.348,430.102,22.466,0.398315,1.0012,,,,1.0005,1.0,amdahl
chartqa,1792,1024,chartqa_val_482,365.328,1059.421,427.683,21.784,0.344837,0.9935,,,,0.9978,1.0,amdahl
chartqa,1792,1024,chartqa_val_483,356.767,6499.577,418.991,21.261,0.054891,0.9963,,,,0.9998,1.0,amdahl
chartqa,1792,1024,chartqa_val_484,357.163,1175.471,419.691,21.594,0.303846,0.9946,,,,0.9983,1.0,amdahl
chartqa,1792,1024,chartqa_val_485,363.645,673.634,425.47,22.56,0.539826,1.0421,,,,1.0223,1.0,amdahl
chartqa,1792,1024,chartqa_val_486,368.48,999.106,431.214,22.716,0.36881,1.0127,,,,1.0047,1.0,amdahl
chartqa,1792,1024,chartqa_val_487,369.106,1506.232,431.323,22.394,0.245053,1.0149,,,,1.0036,1.0,amdahl
chartqa,1792,1024,chartqa_val_488,356.299,891.22,418.642,21.481,0.399788,1.0025,,,,1.001,1.0,amdahl
chartqa,1792,1024,chartqa_val_489,359.398,2021.608,421.825,22.854,0.177778,1.0005,,,,1.0001,1.0,amdahl
chartqa,1792,1024,chartqa_val_490,359.44,708.031,421.795,22.018,0.507661,0.9898,,,,0.9948,1.0,amdahl
chartqa,1792,1024,chartqa_val_491,494.374,4917.042,556.441,22.135,0.100543,0.9936,,,,0.9993,1.0,amdahl
chartqa,1792,1024,chartqa_val_492,360.179,3110.583,422.918,21.501,0.115791,1.0145,,,,1.0017,1.0,amdahl
chartqa,1792,1024,chartqa_val_493,357.774,2065.517,419.951,21.652,0.173213,1.0083,,,,1.0014,1.0,amdahl
chartqa,1792,1024,chartqa_val_494,354.792,1043.067,417.26,21.58,0.340143,1.0084,,,,1.0028,1.0,amdahl
chartqa,1792,1024,chartqa_val_495,359.757,1562.712,797.788,21.855,0.230213,1.0167,,,,1.0038,1.0,amdahl
chartqa,1792,1024,chartqa_val_496,377.081,1038.471,439.822,23.025,0.363112,0.9939,,,,0.9978,1.0,amdahl
chartqa,1792,1024,chartqa_val_497,376.957,2579.687,439.047,22.773,0.146125,1.0006,,,,1.0001,1.0,amdahl
chartqa,1792,1024,chartqa_val_498,384.847,1640.254,447.915,23.379,0.234626,1.011,,,,1.0026,1.0,amdahl
chartqa,1792,1024,chartqa_val_499,381.811,6047.286,444.419,23.345,0.063138,1.0012,,,,1.0001,1.0,amdahl
chartqa,1792,256,chartqa_val_0,374.428,803.068,436.976,22.881,0.466247,0.9956,,,,0.998,1.0,amdahl
chartqa,1792,256,chartqa_val_1,380.156,6416.864,442.805,23.428,0.059243,0.9998,,,,1.0,1.0,amdahl
chartqa,1792,256,chartqa_val_2,404.83,5778.126,894.966,68.777,0.070063,0.9934,,,,0.9995,1.0,amdahl
chartqa,1792,256,chartqa_val_3,395.974,2234.298,893.805,25.779,0.177225,0.9981,,,,0.9997,1.0,amdahl
chartqa,1792,256,chartqa_val_4,418.107,1623.64,900.915,24.091,0.257512,0.9903,,,,0.9975,1.0,amdahl
chartqa,1792,256,chartqa_val_5,518.909,1465.414,1043.771,26.353,0.354104,1.0498,,,,1.0171,1.0,amdahl
chartqa,1792,256,chartqa_val_6,387.449,1358.14,873.042,24.255,0.285279,0.9905,,,,0.9973,1.0,amdahl
chartqa,1792,256,chartqa_val_7,361.409,1122.015,423.684,25.864,0.322107,1.022,,,,1.007,1.0,amdahl
chartqa,1792,256,chartqa_val_8,367.553,1677.258,930.877,24.077,0.219139,0.9928,,,,0.9984,1.0,amdahl
chartqa,1792,256,chartqa_val_9,407.115,7820.313,469.595,28.826,0.052059,1.0218,,,,1.0011,1.0,amdahl
chartqa,1792,256,chartqa_val_10,391.676,2665.184,867.606,24.624,0.14696,0.9963,,,,0.9994,1.0,amdahl
chartqa,1792,256,chartqa_val_11,395.53,5682.526,853.223,24.514,0.069605,1.0044,,,,1.0003,1.0,amdahl
chartqa,1792,256,chartqa_val_12,395.653,1064.925,458.152,26.381,0.371531,1.0053,,,,1.002,1.0,amdahl
chartqa,1792,256,chartqa_val_13,406.601,4486.388,468.964,24.496,0.09063,1.0282,,,,1.0025,1.0,amdahl
chartqa,1792,256,chartqa_val_14,374.914,1202.647,438.801,23.147,0.311741,1.0839,,,,1.0247,1.0,amdahl
chartqa,1792,256,chartqa_val_15,425.496,4260.466,488.026,24.496,0.099871,1.0049,,,,1.0005,1.0,amdahl
chartqa,1792,256,chartqa_val_16,388.578,1241.28,451.325,24.686,0.313046,1.0095,,,,1.0029,1.0,amdahl
chartqa,1792,256,chartqa_val_17,452.164,3333.794,931.997,25.019,0.13563,1.0026,,,,1.0003,1.0,amdahl
chartqa,1792,256,chartqa_val_18,394.902,1215.587,922.747,22.526,0.324866,1.0215,,,,1.0069,1.0,amdahl
chartqa,1792,256,chartqa_val_19,423.626,1632.402,485.774,23.888,0.259511,0.9889,,,,0.9971,1.0,amdahl
chartqa,1792,256,chartqa_val_20,388.037,802.257,450.335,20.701,0.483682,0.9945,,,,0.9973,1.0,amdahl
chartqa,1792,256,chartqa_val_21,413.161,6121.526,851.134,25.217,0.067493,0.9953,,,,0.9997,1.0,amdahl
chartqa,1792,256,chartqa_val_22,413.361,1339.365,475.768,22.144,0.308625,1.0383,,,,1.0115,1.0,amdahl
chartqa,1792,256,chartqa_val_23,382.328,2708.651,444.518,22.641,0.141151,0.9995,,,,0.9999,1.0,amdahl
chartqa,1792,256,chartqa_val_24,377.575,1048.919,441.312,24.304,0.359965,0.9949,,,,0.9982,1.0,amdahl
chartqa,1792,256,chartqa_val_25,365.403,1259.204,428.093,23.086,0.290185,1.0165,,,,1.0047,1.0,amdahl
chartqa,1792,256,chartqa_val_26,408.2,1214.195,472.039,23.192,0.33619,1.0078,,,,1.0026,1.0,amdahl
chartqa,1792,256,chartqa_val_27,371.781,5024.008,435.17,24.409,0.074001,1.0085,,,,1.0006,1.0,amdahl
chartqa,1792,256,chartqa_val_28,407.819,1611.482,917.742,25.694,0.253071,0.9953,,,,0.9988,1.0,amdahl
chartqa,1792,256,chartqa_val_29,354.27,1919.962,416.723,23.861,0.184519,0.9904,,,,0.9982,1.0,amdahl
chartqa,1792,256,chartqa_val_30,390.188,1410.963,452.365,22.824,0.27654,1.0009,,,,1.0003,1.0,amdahl
chartqa,1792,256,chartqa_val_31,423.937,1459.314,485.858,23.178,0.290504,1.0096,,,,1.0028,1.0,amdahl
chartqa,1792,256,chartqa_val_32,424.543,2155.729,899.571,43.316,0.196937,0.9937,,,,0.9988,1.0,amdahl
chartqa,1792,256,chartqa_val_33,371.728,1321.789,436.076,23.308,0.281231,1.007,,,,1.002,1.0,amdahl
chartqa,1792,256,chartqa_val_34,424.453,857.631,486.658,23.186,0.494913,0.9933,,,,0.9967,1.0,amdahl
chartqa,1792,256,chartqa_val_35,355.058,5358.84,417.048,23.31,0.066256,0.9848,,,,0.999,1.0,amdahl
chartqa,1792,256,chartqa_val_36,364.285,1323.411,426.343,25.631,0.275262,1.0062,,,,1.0017,1.0,amdahl
chartqa,1792,256,chartqa_val_37,386.945,6688.881,449.382,24.469,0.057849,0.9965,,,,0.9998,1.0,amdahl
chartqa,1792,256,chartqa_val_38,418.002,1426.417,480.621,24.889,0.293043,0.9974,,,,0.9992,1.0,amdahl
chartqa,1792,256,chartqa_val_39,359.134,2435.424,421.86,23.971,0.147463,1.0179,,,,1.0026,1.0,amdahl
chartqa,1792,256,chartqa_val_40,423.935,1337.748,487.241,24.3,0.316902,0.9912,,,,0.9972,1.0,amdahl
chartqa,1792,256,chartqa_val_41,427.856,1117.339,490.008,25.093,0.382924,0.9922,,,,0.997,1.0,amdahl
chartqa,1792,256,chartqa_val_42,553.261,859.85,617.767,30.26,0.643439,0.9897,,,,0.9934,1.0,amdahl
chartqa,1792,256,chartqa_val_43,397.2,2083.02,459.805,25.363,0.190685,1.0028,,,,1.0005,1.0,amdahl
chartqa,1792,256,chartqa_val_44,400.89,791.955,463.097,25.297,0.506204,0.9988,,,,0.9994,1.0,amdahl
chartqa,1792,256,chartqa_val_45,362.32,3709.187,424.785,25.072,0.097682,0.9904,,,,0.9991,1.0,amdahl
chartqa,1792,256,chartqa_val_46,401.962,1265.521,464.799,25.83,0.317626,1.0065,,,,1.0021,1.0,amdahl
chartqa,1792,256,chartqa_val_47,400.512,6195.272,463.669,23.684,0.064648,0.9904,,,,0.9994,1.0,amdahl
chartqa,1792,256,chartqa_val_48,375.184,3041.858,438.793,23.664,0.12334,1.0141,,,,1.0017,1.0,amdahl
chartqa,1792,256,chartqa_val_49,425.381,1992.171,488.2,24.655,0.213526,0.9974,,,,0.9994,1.0,amdahl
chartqa,1792,256,chartqa_val_50,397.642,1576.402,461.751,25.333,0.252247,1.0162,,,,1.004,1.0,amdahl
chartqa,1792,256,chartqa_val_51,394.974,5571.198,457.214,25.317,0.070896,1.0424,,,,1.0029,1.0,amdahl
chartqa,1792,256,chartqa_val_52,397.445,686.134,460.491,28.205,0.579252,0.9944,,,,0.9968,1.0,amdahl
chartqa,1792,256,chartqa_val_53,401.154,1880.379,463.86,25.755,0.213337,1.0107,,,,1.0023,1.0,amdahl
chartqa,1792,256,chartqa_val_54,366.753,1783.935,429.226,26.563,0.205586,0.9926,,,,0.9985,1.0,amdahl
chartqa,1792,256,chartqa_val_55,368.381,6224.408,431.035,26.698,0.059183,1.0229,,,,1.0013,1.0,amdahl
chartqa,1792,256,chartqa_val_56,392.545,1651.634,457.101,24.378,0.237671,1.0007,,,,1.0002,1.0,amdahl
chartqa,1792,256,chartqa_val_57,359.476,941.006,422.125,25.944,0.382013,0.9938,,,,0.9976,1.0,amdahl
chartqa,1792,256,chartqa_val_58,353.511,1032.103,415.915,22.007,0.342515,0.9928,,,,0.9975,1.0,amdahl
chartqa,1792,256,chartqa_val_59,380.839,6366.431,443.763,23.226,0.05982,1.0029,,,,1.0002,1.0,amdahl
chartqa,1792,256,chartqa_val_60,400.198,1134.448,462.966,23.981,0.352769,0.9902,,,,0.9965,1.0,amdahl
chartqa,1792,256,chartqa_val_61,359.044,2111.747,421.451,24.497,0.170022,1.0188,,,,1.0032,1.0,amdahl
chartqa,1792,256,chartqa_val_62,397.449,995.465,459.969,24.341,0.399259,0.9906,,,,0.9962,1.0,amdahl
chartqa,1792,256,chartqa_val_63,385.858,1186.794,448.075,23.085,0.325126,0.9931,,,,0.9977,1.0,amdahl
chartqa,1792,256,chartqa_val_64,421.404,813.997,484.329,21.978,0.517697,1.0166,,,,1.0085,1.0,amdahl
chartqa,1792,256,chartqa_val_65,383.114,3488.865,445.624,22.543,0.109811,0.9932,,,,0.9992,1.0,amdahl
chartqa,1792,256,chartqa_val_66,382.876,1132.137,445.702,23.67,0.338189,0.9887,,,,0.9961,1.0,amdahl
chartqa,1792,256,chartqa_val_67,392.546,1996.704,455.178,23.716,0.196597,0.996,,,,0.9992,1.0,amdahl
chartqa,1792,256,chartqa_val_68,360.945,623.831,423.528,22.256,0.578594,1.0151,,,,1.0087,1.0,amdahl
chartqa,1792,256,chartqa_val_69,391.59,3420.053,453.761,22.303,0.114498,1.0059,,,,1.0007,1.0,amdahl
chartqa,1792,256,chartqa_val_70,354.986,3523.815,417.451,23.533,0.100739,0.9931,,,,0.9993,1.0,amdahl
chartqa,1792,256,chartqa_val_71,371.12,4669.075,871.701,23.441,0.079485,0.993,,,,0.9994,1.0,amdahl
chartqa,1792,256,chartqa_val_72,393.674,838.487,456.154,23.896,0.469505,0.9951,,,,0.9977,1.0,amdahl
chartqa,1792,256,chartqa_val_73,414.928,3386.567,479.214,24.228,0.122522,0.9905,,,,0.9988,1.0,amdahl
chartqa,1792,256,chartqa_val_74,388.661,844.699,451.331,23.139,0.460118,0.9964,,,,0.9983,1.0,amdahl
chartqa,1792,256,chartqa_val_75,367.864,4860.658,430.443,23.44,0.075682,0.996,,,,0.9997,1.0,amdahl
chartqa,1792,256,chartqa_val_76,395.757,764.036,459.399,23.434,0.517982,0.9994,,,,0.9997,1.0,amdahl
chartqa,1792,256,chartqa_val_77,412.196,4894.812,475.65,23.759,0.084211,0.991,,,,0.9992,1.0,amdahl
chartqa,1792,256,chartqa_val_78,401.228,1039.319,463.704,23.025,0.386049,0.9919,,,,0.9969,1.0,amdahl
chartqa,1792,256,chartqa_val_79,544.955,1252.581,607.844,25.79,0.435065,0.9963,,,,0.9984,1.0,amdahl
chartqa,1792,256,chartqa_val_80,373.923,927.803,436.976,24.541,0.40302,1.0288,,,,1.0114,1.0,amdahl
chartqa,1792,256,chartqa_val_81,362.425,3491.176,424.935,23.229,0.103812,0.9933,,,,0.9993,1.0,amdahl
chartqa,1792,256,chartqa_val_82,359.186,695.938,421.412,21.117,0.516118,0.9998,,,,0.9999,1.0,amdahl
chartqa,1792,256,chartqa_val_83,416.335,4099.931,478.843,24.303,0.101547,1.124,,,,1.0113,1.0,amdahl
chartqa,1792,256,chartqa_val_84,493.951,1070.317,556.3,22.349,0.4615,1.0044,,,,1.002,1.0,amdahl
chartqa,1792,256,chartqa_val_85,395.35,6511.927,458.524,23.739,0.060712,0.9909,,,,0.9994,1.0,amdahl
chartqa,1792,256,chartqa_val_86,357.445,975.954,419.912,25.275,0.366252,1.0026,,,,1.001,1.0,amdahl
chartqa,1792,256,chartqa_val_87,379.153,1345.342,442.367,23.763,0.281826,1.0182,,,,1.0051,1.0,amdahl
chartqa,1792,256,chartqa_val_88,355.609,1724.807,418.241,24.196,0.206173,1.0207,,,,1.0042,1.0,amdahl
chartqa,1792,256,chartqa_val_89,400.218,5037.563,462.436,24.865,0.079447,1.001,,,,1.0001,1.0,amdahl
chartqa,1792,256,chartqa_val_90,385.573,1550.394,447.662,25.062,0.248694,0.9938,,,,0.9984,1.0,amdahl
chartqa,1792,256,chartqa_val_91,396.176,2004.601,458.718,24.934,0.197633,0.9952,,,,0.9991,1.0,amdahl
chartqa,1792,256,chartqa_val_92,415.175,806.426,477.597,25.295,0.514833,1.0004,,,,1.0002,1.0,amdahl
chartqa,1792,256,chartqa_val_93,390.237,1425.464,452.76,22.621,0.273761,0.9932,,,,0.9981,1.0,amdahl
chartqa,1792,256,chartqa_val_94,394.505,1976.52,459.229,25.288,0.199596,1.0005,,,,1.0001,1.0,amdahl
chartqa,1792,256,chartqa_val_95,436.116,2591.847,498.529,24.627,0.168264,1.0091,,,,1.0015,1.0,amdahl
chartqa,1792,256,chartqa_val_96,441.819,1363.509,504.447,26.032,0.324031,1.0187,,,,1.006,1.0,amdahl
chartqa,1792,256,chartqa_val_97,385.507,2949.337,447.935,22.949,0.13071,0.994,,,,0.9992,1.0,amdahl
chartqa,1792,256,chartqa_val_98,393.501,3836.217,456.083,24.144,0.102575,0.9991,,,,0.9999,1.0,amdahl
chartqa,1792,256,chartqa_val_99,402.947,5931.952,465.09,24.626,0.067928,1.0031,,,,1.0002,1.0,amdahl
chartqa,1792,256,chartqa_val_100,427.627,1747.619,490.959,23.271,0.244691,0.9905,,,,0.9977,1.0,amdahl
chartqa,1792,256,chartqa_val_101,389.09,3609.465,452.364,23.917,0.107797,0.9959,,,,0.9996,1.0,amdahl
chartqa,1792,256,chartqa_val_102,367.429,669.8,429.857,26.66,0.548565,0.996,,,,0.9978,1.0,amdahl
chartqa,1792,256,chartqa_val_103,363.315,2525.894,425.911,23.077,0.143836,0.9981,,,,0.9997,1.0,amdahl
chartqa,1792,256,chartqa_val_104,355.302,625.651,418.473,20.718,0.567891,1.0288,,,,1.0161,1.0,amdahl
chartqa,1792,256,chartqa_val_105,364.096,3385.29,426.784,22.758,0.107552,1.0216,,,,1.0023,1.0,amdahl
chartqa,1792,256,chartqa_val_106,357.615,1124.992,419.646,26.124,0.317882,0.9908,,,,0.9971,1.0,amdahl
chartqa,1792,256,chartqa_val_107,402.188,3532.023,465.735,23.587,0.113869,0.989,,,,0.9987,1.0,amdahl
chartqa,1792,256,chartqa_val_108,362.801,777.983,425.446,29.378,0.466336,0.9989,,,,0.9995,1.0,amdahl
chartqa,1792,256,chartqa_val_109,351.738,1448.73,413.908,22.996,0.242791,1.01,,,,1.0024,1.0,amdahl
chartqa,1792,256,chartqa_val_110,364.738,866.535,428.665,24.326,0.420915,0.9914,,,,0.9963,1.0,amdahl
chartqa,1792,256,chartqa_val_111,397.255,3530.021,459.597,22.412,0.112536,0.9956,,,,0.9995,1.0,amdahl
chartqa,1792,256,chartqa_val_112,351.359,763.24,413.371,26.913,0.460352,1.0105,,,,1.0048,1.0,amdahl
chartqa,1792,256,chartqa_val_113,371.126,3493.032,433.895,23.714,0.106248,0.9986,,,,0.9999,1.0,amdahl
chartqa,1792,256,chartqa_val_114,381.115,734.475,443.583,24.241,0.518895,1.0099,,,,1.0051,1.0,amdahl
chartqa,1792,256,chartqa_val_115,374.743,5338.188,437.475,24.382,0.0702,0.9904,,,,0.9993,1.0,amdahl
chartqa,1792,256,chartqa_val_116,405.253,651.93,468.075,30.643,0.62162,1.0042,,,,1.0026,1.0,amdahl
chartqa,1792,256,chartqa_val_117,513.287,1586.401,575.47,26.603,0.323554,0.9983,,,,0.9994,1.0,amdahl
chartqa,1792,256,chartqa_val_118,361.977,1233.381,424.53,25.277,0.293484,1.0107,,,,1.0031,1.0,amdahl
chartqa,1792,256,chartqa_val_119,357.12,1980.706,420.328,24.381,0.180299,1.0117,,,,1.0021,1.0,amdahl
chartqa,1792,256,chartqa_val_120,410.956,1473.486,473.757,27.02,0.2789,0.9992,,,,0.9998,1.0,amdahl
chartqa,1792,256,chartqa_val_121,407.783,999.386,470.855,24.024,0.408034,1.009,,,,1.0037,1.0,amdahl
chartqa,1792,256,chartqa_val_122,423.578,1061.32,486.597,22.105,0.399105,0.9964,,,,0.9986,1.0,amdahl
chartqa,1792,256,chartqa_val_123,471.882,2634.456,910.766,24.624,0.179119,1.0041,,,,1.0007,1.0,amdahl
chartqa,1792,256,chartqa_val_124,408.704,1545.466,899.582,23.922,0.264454,0.9942,,,,0.9985,1.0,amdahl
chartqa,1792,256,chartqa_val_125,396.901,2422.359,459.336,24.848,0.163849,0.9902,,,,0.9984,1.0,amdahl
chartqa,1792,256,chartqa_val_126,399.071,862.686,462.167,26.701,0.462591,1.0203,,,,1.0093,1.0,amdahl
chartqa,1792,256,chartqa_val_127,403.931,1374.584,466.748,25.938,0.293857,1.0024,,,,1.0007,1.0,amdahl
chartqa,1792,256,chartqa_val_128,411.472,938.321,474.409,24.416,0.438519,0.9966,,,,0.9985,1.0,amdahl
chartqa,1792,256,chartqa_val_129,369.632,1388.45,431.714,25.177,0.266219,1.0063,,,,1.0017,1.0,amdahl
chartqa,1792,256,chartqa_val_130,429.804,1388.732,492.064,26.373,0.309494,0.992,,,,0.9975,1.0,amdahl
chartqa,1792,256,chartqa_val_131,411.312,2185.18,473.507,25.934,0.188228,1.004,,,,1.0008,1.0,amdahl
chartqa,1792,256,chartqa_val_132,412.046,2063.486,475.716,25.609,0.199685,0.994,,,,0.9988,1.0,amdahl
chartqa,1792,256,chartqa_val_133,412.666,2275.404,475.407,24.657,0.18136,0.9952,,,,0.9991,1.0,amdahl
chartqa,1792,256,chartqa_val_134,438.982,1141.406,501.601,23.696,0.384598,1.0015,,,,1.0006,1.0,amdahl
chartqa,1792,256,chartqa_val_135,417.197,2119.597,481.007,24.457,0.196828,1.0035,,,,1.0007,1.0,amdahl
chartqa,1792,256,chartqa_val_136,386.764,939.163,449.009,23.341,0.411818,1.0122,,,,1.005,1.0,amdahl
chartqa,1792,256,chartqa_val_137,367.479,1535.727,914.75,24.839,0.239287,1.032,,,,1.0075,1.0,amdahl
chartqa,1792,256,chartqa_val_138,382.598,1117.551,445.975,24.873,0.342354,1.0137,,,,1.0046,1.0,amdahl
chartqa,1792,256,chartqa_val_139,445.769,1172.918,509.394,22.88,0.380051,0.9923,,,,0.997,1.0,amdahl
chartqa,1792,256,chartqa_val_140,404.729,1137.468,467.494,23.928,0.355816,0.9999,,,,1.0,1.0,amdahl
chartqa,1792,256,chartqa_val_141,392.273,2767.114,455.129,24.86,0.141762,0.9946,,,,0.9992,1.0,amdahl
chartqa,1792,256,chartqa_val_142,389.366,1328.107,452.72,25.011,0.293174,0.9917,,,,0.9976,1.0,amdahl
chartqa,1792,256,chartqa_val_143,427.949,3871.419,490.252,25.046,0.11054,1.0039,,,,1.0004,1.0,amdahl
chartqa,1792,256,chartqa_val_144,372.495,1116.278,435.279,26.192,0.333694,0.999,,,,0.9997,1.0,amdahl
chartqa,1792,256,chartqa_val_145,391.487,1550.237,453.833,22.842,0.252534,0.9944,,,,0.9986,1.0,amdahl
chartqa,1792,256,chartqa_val_146,401.899,2049.226,465.062,24.753,0.196122,1.015,,,,1.0029,1.0,amdahl
chartqa,1792,256,chartqa_val_147,395.453,3693.088,457.881,25.275,0.107079,0.9956,,,,0.9995,1.0,amdahl
chartqa,1792,256,chartqa_val_148,399.807,1181.046,462.565,25.66,0.338519,0.9905,,,,0.9967,1.0,amdahl
chartqa,1792,256,chartqa_val_149,387.986,3827.372,451.492,24.287,0.101371,1.0054,,,,1.0005,1.0,amdahl
chartqa,1792,256,chartqa_val_150,451.232,980.745,514.947,22.181,0.460091,0.992,,,,0.9963,1.0,amdahl
chartqa,1792,256,chartqa_val_151,440.308,4431.915,503.758,25.843,0.099349,0.9957,,,,0.9996,1.0,amdahl
chartqa,1792,256,chartqa_val_152,393.107,698.067,455.584,26.943,0.563136,1.0019,,,,1.0011,1.0,amdahl
chartqa,1792,256,chartqa_val_153,401.217,728.913,463.316,26.56,0.550432,1.0013,,,,1.0007,1.0,amdahl
chartqa,1792,256,chartqa_val_154,541.742,1662.753,604.223,24.057,0.32581,1.0186,,,,1.006,1.0,amdahl
chartqa,1792,256,chartqa_val_155,450.355,823.96,513.658,22.164,0.546574,0.9986,,,,0.9992,1.0,amdahl
chartqa,1792,256,chartqa_val_156,405.568,1300.818,475.019,26.639,0.311779,1.0059,,,,1.0018,1.0,amdahl
chartqa,1792,256,chartqa_val_157,365.006,4071.91,427.238,24.461,0.08964,0.994,,,,0.9995,1.0,amdahl
chartqa,1792,256,chartqa_val_158,376.242,1237.993,439.112,24.965,0.303913,0.9941,,,,0.9982,1.0,amdahl
chartqa,1792,256,chartqa_val_159,428.974,844.789,491.159,22.102,0.507789,0.9941,,,,0.997,1.0,amdahl
chartqa,1792,256,chartqa_val_160,390.169,1049.628,453.164,24.853,0.371721,0.9953,,,,0.9982,1.0,amdahl
chartqa,1792,256,chartqa_val_161,435.023,5478.085,498.156,25.025,0.079412,1.0051,,,,1.0004,1.0,amdahl
chartqa,1792,256,chartqa_val_162,355.145,1820.099,418.149,23.762,0.195124,1.0007,,,,1.0001,1.0,amdahl
chartqa,1792,256,chartqa_val_163,393.673,6615.066,456.867,24.15,0.059512,0.997,,,,0.9998,1.0,amdahl
chartqa,1792,256,chartqa_val_164,413.958,1608.264,477.218,24.065,0.257394,0.9857,,,,0.9963,1.0,amdahl
chartqa,1792,256,chartqa_val_165,369.033,1517.971,431.387,24.146,0.24311,1.007,,,,1.0017,1.0,amdahl
chartqa,1792,256,chartqa_val_166,362.214,1084.645,424.949,22.748,0.333947,1.001,,,,1.0003,1.0,amdahl
chartqa,1792,256,chartqa_val_167,360.109,2125.653,885.502,25.836,0.169411,0.9912,,,,0.9985,1.0,amdahl
chartqa,1792,256,chartqa_val_168,400.716,730.118,463.521,26.66,0.548838,1.0412,,,,1.0222,1.0,amdahl
chartqa,1792,256,chartqa_val_169,398.016,1439.724,460.516,25.769,0.276453,0.998,,,,0.9994,1.0,amdahl
chartqa,1792,256,chartqa_val_170,359.186,2049.966,422.017,23.94,0.175216,1.011,,,,1.0019,1.0,amdahl
chartqa,1792,256,chartqa_val_171,436.64,6630.65,500.583,24.039,0.065852,0.9945,,,,0.9996,1.0,amdahl
chartqa,1792,256,chartqa_val_172,390.937,1844.408,453.201,23.986,0.211958,1.0264,,,,1.0055,1.0,amdahl
chartqa,1792,256,chartqa_val_173,410.386,3239.002,861.257,25.029,0.126701,1.0192,,,,1.0024,1.0,amdahl
chartqa,1792,256,chartqa_val_174,383.43,1274.59,447.442,25.848,0.300826,1.0042,,,,1.0013,1.0,amdahl
chartqa,1792,256,chartqa_val_175,403.281,2927.255,465.614,25.378,0.137768,1.007,,,,1.001,1.0,amdahl
chartqa,1792,256,chartqa_val_176,395.012,5572.577,458.034,25.195,0.070885,0.9991,,,,0.9999,1.0,amdahl
chartqa,1792,256,chartqa_val_177,407.989,4808.528,471.536,25.363,0.084847,1.0192,,,,1.0016,1.0,amdahl
chartqa,1792,256,chartqa_val_178,399.224,1290.402,462.342,25.093,0.30938,1.013,,,,1.004,1.0,amdahl
chartqa,1792,256,chartqa_val_179,405.583,1245.604,468.507,24.284,0.325611,0.9927,,,,0.9976,1.0,amdahl
chartqa,1792,256,chartqa_val_180,426.451,870.872,488.821,22.474,0.489682,0.9924,,,,0.9963,1.0,amdahl
chartqa,1792,256,chartqa_val_181,362.966,1971.97,425.623,23.79,0.184063,0.9955,,,,0.9992,1.0,amdahl
chartqa,1792,256,chartqa_val_182,383.992,13707.603,824.021,50.524,0.028013,1.0115,,,,1.0003,1.0,amdahl
chartqa,1792,256,chartqa_val_183,425.125,2568.084,489.321,24.172,0.165541,0.99,,,,0.9983,1.0,amdahl
chartqa,1792,256,chartqa_val_184,431.326,917.927,493.895,22.317,0.469891,0.9923,,,,0.9964,1.0,amdahl
chartqa,1792,256,chartqa_val_185,422.952,521.756,486.015,35.741,0.810631,1.0023,,,,1.0019,1.0,amdahl
chartqa,1792,256,chartqa_val_186,371.174,1234.333,433.326,25.839,0.300708,1.0044,,,,1.0013,1.0,amdahl
chartqa,1792,256,chartqa_val_187,366.029,1677.918,428.66,25.495,0.218145,0.9904,,,,0.9979,1.0,amdahl
chartqa,1792,256,chartqa_val_188,351.077,1226.923,413.382,25.423,0.286145,0.994,,,,0.9983,1.0,amdahl
chartqa,1792,256,chartqa_val_189,389.029,1765.145,451.518,23.458,0.220395,0.9997,,,,0.9999,1.0,amdahl
chartqa,1792,256,chartqa_val_190,375.13,1750.225,437.676,24.765,0.214332,0.9984,,,,0.9997,1.0,amdahl
chartqa,1792,256,chartqa_val_191,497.459,967.973,561.027,23.938,0.513919,1.0071,,,,1.0036,1.0,amdahl
chartqa,1792,256,chartqa_val_192,583.961,3635.584,646.722,24.701,0.160624,0.9943,,,,0.9991,1.0,amdahl
chartqa,1792,256,chartqa_val_193,380.837,953.903,906.246,23.828,0.399241,1.0275,,,,1.0108,1.0,amdahl
chartqa,1792,256,chartqa_val_194,418.144,1197.136,480.86,24.699,0.349287,0.9891,,,,0.9962,1.0,amdahl
chartqa,1792,256,chartqa_val_195,444.325,554.925,506.776,24.075,0.800693,0.9966,,,,0.9973,1.0,amdahl
chartqa,1792,256,chartqa_val_196,384.34,884.925,446.754,24.343,0.434319,1.1568,,,,1.0626,1.0,amdahl
chartqa,1792,256,chartqa_val_197,368.031,6834.088,430.248,25.113,0.053852,0.9924,,,,0.9996,1.0,amdahl
chartqa,1792,256,chartqa_val_198,358.546,828.668,421.376,25.456,0.432678,0.9994,,,,0.9998,1.0,amdahl
chartqa,1792,256,chartqa_val_199,361.313,1780.305,423.564,24.668,0.20295,1.0106,,,,1.0021,1.0,amdahl
chartqa,1792,256,chartqa_val_200,440.002,2545.268,503.217,23.745,0.172871,1.0279,,,,1.0047,1.0,amdahl
chartqa,1792,256,chartqa_val_201,392.751,1225.266,456.712,22.605,0.320543,0.9991,,,,0.9997,1.0,amdahl
chartqa,1792,256,chartqa_val_202,387.973,636.478,452.232,23.031,0.609562,0.9844,,,,0.9904,1.0,amdahl
chartqa,1792,256,chartqa_val_203,393.438,4768.069,458.048,24.078,0.082515,0.9984,,,,0.9999,1.0,amdahl
chartqa,1792,256,chartqa_val_204,371.862,1510.596,435.111,23.9,0.246169,1.0108,,,,1.0026,1.0,amdahl
chartqa,1792,256,chartqa_val_205,457.007,6545.077,519.443,23.63,0.069824,1.033,,,,1.0022,1.0,amdahl
chartqa,1792,256,chartqa_val_206,376.392,5120.69,439.792,24.507,0.073504,0.9877,,,,0.9991,1.0,amdahl
chartqa,1792,256,chartqa_val_207,426.731,1860.651,490.072,25.381,0.229345,0.9986,,,,0.9997,1.0,amdahl
chartqa,1792,256,chartqa_val_208,411.913,643.558,474.53,24.147,0.640057,1.0168,,,,1.0107,1.0,amdahl
chartqa,1792,256,chartqa_val_209,459.765,698.952,524.512,24.92,0.657793,0.993,,,,0.9954,1.0,amdahl
chartqa,1792,256,chartqa_val_210,397.069,1590.115,461.356,27.531,0.249711,0.9929,,,,0.9982,1.0,amdahl
chartqa,1792,256,chartqa_val_211,402.96,1665.788,466.025,26.661,0.241904,0.9946,,,,0.9987,1.0,amdahl
chartqa,1792,256,chartqa_val_212,380.373,715.432,442.813,24.784,0.531669,0.9957,,,,0.9977,1.0,amdahl
chartqa,1792,256,chartqa_val_213,354.841,1291.87,417.735,23.004,0.274672,0.9893,,,,0.997,1.0,amdahl
chartqa,1792,256,chartqa_val_214,366.36,736.675,428.639,25.67,0.497316,0.9949,,,,0.9974,1.0,amdahl
chartqa,1792,256,chartqa_val_215,409.968,5403.074,472.854,23.477,0.075877,0.9975,,,,0.9998,1.0,amdahl
chartqa,1792,256,chartqa_val_216,363.021,551.515,425.5,21.003,0.658226,1.003,,,,1.002,1.0,amdahl
chartqa,1792,256,chartqa_val_217,409.745,1612.719,474.211,22.324,0.254071,1.0143,,,,1.0036,1.0,amdahl
chartqa,1792,256,chartqa_val_218,351.896,549.539,414.259,22.547,0.640346,0.9976,,,,0.9985,1.0,amdahl
chartqa,1792,256,chartqa_val_219,435.344,2088.462,497.477,23.397,0.208452,0.9951,,,,0.999,1.0,amdahl
chartqa,1792,256,chartqa_val_220,387.835,2658.138,450.795,25.083,0.145905,0.9974,,,,0.9996,1.0,amdahl
chartqa,1792,256,chartqa_val_221,380.549,1773.771,443.099,22.554,0.214543,0.9938,,,,0.9987,1.0,amdahl
chartqa,1792,256,chartqa_val_222,395.9,2403.683,458.582,24.014,0.164705,1.0091,,,,1.0015,1.0,amdahl
chartqa,1792,256,chartqa_val_223,388.863,805.24,454.218,21.939,0.482915,1.1897,,,,1.0834,1.0,amdahl
chartqa,1792,256,chartqa_val_224,397.17,656.103,459.663,21.827,0.605347,1.0213,,,,1.0128,1.0,amdahl
chartqa,1792,256,chartqa_val_225,434.059,885.992,496.379,21.645,0.489913,0.9938,,,,0.997,1.0,amdahl
chartqa,1792,256,chartqa_val_226,394.714,1452.955,456.9,25.54,0.271663,0.9911,,,,0.9976,1.0,amdahl
chartqa,1792,256,chartqa_val_227,398.534,3425.211,461.243,24.7,0.116353,0.9934,,,,0.9992,1.0,amdahl
chartqa,1792,256,chartqa_val_228,370.309,613.38,432.89,25.784,0.603719,0.9902,,,,0.9941,1.0,amdahl
chartqa,1792,256,chartqa_val_229,528.813,1093.246,591.579,23.889,0.483709,0.9946,,,,0.9974,1.0,amdahl
chartqa,1792,256,chartqa_val_230,372.53,2215.666,435.851,25.068,0.168135,0.9954,,,,0.9992,1.0,amdahl
chartqa,1792,256,chartqa_val_231,367.763,912.757,430.521,24.112,0.402914,0.9988,,,,0.9995,1.0,amdahl
chartqa,1792,256,chartqa_val_232,393.198,1355.755,456.269,24.31,0.290022,1.0077,,,,1.0022,1.0,amdahl
chartqa,1792,256,chartqa_val_233,405.033,6887.031,467.817,25.173,0.058811,0.9928,,,,0.9996,1.0,amdahl
chartqa,1792,256,chartqa_val_234,394.038,2228.815,457.099,23.009,0.176792,1.0201,,,,1.0035,1.0,amdahl
chartqa,1792,256,chartqa_val_235,369.305,1563.517,431.827,23.096,0.236202,1.0038,,,,1.0009,1.0,amdahl
chartqa,1792,256,chartqa_val_236,418.942,653.714,481.574,21.518,0.640864,0.9967,,,,0.9979,1.0,amdahl
chartqa,1792,256,chartqa_val_237,367.67,1003.141,430.204,24.91,0.366519,0.9965,,,,0.9987,1.0,amdahl
chartqa,1792,256,chartqa_val_238,424.124,1106.09,487.685,22.904,0.383444,1.0046,,,,1.0017,1.0,amdahl
chartqa,1792,256,chartqa_val_239,405.684,6627.66,468.668,24.153,0.061211,0.9969,,,,0.9998,1.0,amdahl
chartqa,1792,256,chartqa_val_240,443.12,1961.972,506.86,24.252,0.225854,1.0935,,,,1.0197,1.0,amdahl
chartqa,1792,256,chartqa_val_241,441.88,5220.012,504.193,24.82,0.084651,0.992,,,,0.9993,1.0,amdahl
chartqa,1792,256,chartqa_val_242,405.213,1164.96,468.979,25.777,0.347834,1.0089,,,,1.0031,1.0,amdahl
chartqa,1792,256,chartqa_val_243,372.719,6707.411,435.178,24.597,0.055568,1.0034,,,,1.0002,1.0,amdahl
chartqa,1792,256,chartqa_val_244,436.256,2254.087,499.028,24.376,0.19354,0.9921,,,,0.9985,1.0,amdahl
chartqa,1792,256,chartqa_val_245,398.368,929.282,461.131,21.28,0.428683,1.0288,,,,1.0121,1.0,amdahl
chartqa,1792,256,chartqa_val_246,376.302,1482.74,440.614,23.685,0.253788,1.0274,,,,1.0068,1.0,amdahl
chartqa,1792,256,chartqa_val_247,372.804,5492.661,435.2,24.083,0.067873,1.0088,,,,1.0006,1.0,amdahl
chartqa,1792,256,chartqa_val_248,390.563,1407.001,453.269,22.708,0.277585,0.9975,,,,0.9993,1.0,amdahl
chartqa,1792,256,chartqa_val_249,439.806,6908.042,502.391,25.12,0.063666,0.9902,,,,0.9994,1.0,amdahl
chartqa,1792,256,chartqa_val_250,409.85,887.438,472.356,25.943,0.461835,1.0071,,,,1.0033,1.0,amdahl
chartqa,1792,256,chartqa_val_251,412.809,6698.44,477.079,24.397,0.061628,0.996,,,,0.9997,1.0,amdahl
chartqa,1792,256,chartqa_val_252,399.381,632.425,462.796,24.233,0.631507,0.9899,,,,0.9936,1.0,amdahl
chartqa,1792,256,chartqa_val_253,393.403,1026.046,458.381,23.653,0.383416,1.0198,,,,1.0075,1.0,amdahl
chartqa,1792,256,chartqa_val_254,397.202,1493.203,459.793,22.465,0.266007,1.0099,,,,1.0026,1.0,amdahl
chartqa,1792,256,chartqa_val_255,397.591,5612.33,461.837,23.626,0.070842,1.0156,,,,1.0011,1.0,amdahl
chartqa,1792,256,chartqa_val_256,398.369,931.182,461.175,22.381,0.42781,0.9932,,,,0.9971,1.0,amdahl
chartqa,1792,256,chartqa_val_257,415.503,4492.354,479.146,24.621,0.092491,1.0078,,,,1.0007,1.0,amdahl
chartqa,1792,256,chartqa_val_258,487.467,884.412,551.013,23.814,0.551176,0.9985,,,,0.9992,1.0,amdahl
chartqa,1792,256,chartqa_val_259,410.854,4854.992,473.64,24.073,0.084625,1.0213,,,,1.0018,1.0,amdahl
chartqa,1792,256,chartqa_val_260,389.053,1455.945,451.134,22.837,0.267217,1.0084,,,,1.0022,1.0,amdahl
chartqa,1792,256,chartqa_val_261,371.671,4687.923,434.296,24.168,0.079283,1.0477,,,,1.0036,1.0,amdahl
chartqa,1792,256,chartqa_val_262,435.715,3305.139,498.623,23.987,0.131829,0.9964,,,,0.9995,1.0,amdahl
chartqa,1792,256,chartqa_val_263,374.85,4494.465,437.206,23.589,0.083403,1.0587,,,,1.0046,1.0,amdahl
chartqa,1792,256,chartqa_val_264,394.294,1383.042,456.886,22.589,0.285092,1.0157,,,,1.0044,1.0,amdahl
chartqa,1792,256,chartqa_val_265,355.57,1164.081,417.815,21.322,0.305451,1.0119,,,,1.0036,1.0,amdahl
chartqa,1792,256,chartqa_val_266,420.651,1694.68,482.849,23.761,0.248219,0.993,,,,0.9983,1.0,amdahl
chartqa,1792,256,chartqa_val_267,540.453,3720.957,602.913,22.759,0.145246,1.0093,,,,1.0013,1.0,amdahl
chartqa,1792,256,chartqa_val_268,371.452,906.872,434.281,24.873,0.409597,0.9934,,,,0.9973,1.0,amdahl
chartqa,1792,256,chartqa_val_269,423.273,5715.188,486.279,24.208,0.074061,1.0032,,,,1.0002,1.0,amdahl
chartqa,1792,256,chartqa_val_270,398.291,865.776,461.717,21.266,0.460039,0.9938,,,,0.9972,1.0,amdahl
chartqa,1792,256,chartqa_val_271,395.665,2726.552,459.47,22.446,0.145116,0.9937,,,,0.9991,1.0,amdahl
chartqa,1792,256,chartqa_val_272,393.253,1335.285,455.719,23.146,0.294509,0.9977,,,,0.9993,1.0,amdahl
chartqa,1792,256,chartqa_val_273,432.545,4043.245,494.741,24.472,0.10698,0.9998,,,,1.0,1.0,amdahl
chartqa,1792,256,chartqa_val_274,362.695,1455.441,425.188,25.756,0.2492,0.9927,,,,0.9982,1.0,amdahl
chartqa,1792,256,chartqa_val_275,369.748,4681.112,432.196,24.847,0.078987,0.9969,,,,0.9998,1.0,amdahl
chartqa,1792,256,chartqa_val_276,402.093,771.892,465.586,21.879,0.520919,0.9964,,,,0.9981,1.0,amdahl
chartqa,1792,256,chartqa_val_277,426.349,1136.565,488.61,23.141,0.375121,0.9962,,,,0.9986,1.0,amdahl
chartqa,1792,256,chartqa_val_278,412.846,813.336,476.975,25.874,0.507596,0.9975,,,,0.9987,1.0,amdahl
chartqa,1792,256,chartqa_val_279,371.652,1863.248,434.027,24.642,0.199465,0.9962,,,,0.9992,1.0,amdahl
chartqa,1792,256,chartqa_val_280,395.811,2710.902,458.162,24.486,0.146007,0.994,,,,0.9991,1.0,amdahl
chartqa,1792,256,chartqa_val_281,410.347,2936.056,472.704,26.488,0.139761,0.9958,,,,0.9994,1.0,amdahl
chartqa,1792,256,chartqa_val_282,390.483,1045.665,454.085,31.136,0.37343,1.0086,,,,1.0032,1.0,amdahl
chartqa,1792,256,chartqa_val_283,363.322,1756.918,426.914,24.63,0.206795,0.9912,,,,0.9982,1.0,amdahl
chartqa,1792,256,chartqa_val_284,381.789,1055.989,444.813,25.466,0.361546,1.0567,,,,1.0198,1.0,amdahl
chartqa,1792,256,chartqa_val_285,402.58,866.448,464.892,25.097,0.464632,1.0001,,,,1.0,1.0,amdahl
chartqa,1792,256,chartqa_val_286,380.746,1120.697,443.777,25.071,0.33974,0.9928,,,,0.9975,1.0,amdahl
chartqa,1792,256,chartqa_val_287,393.984,1229.227,456.947,25.743,0.320513,0.9987,,,,0.9996,1.0,amdahl
chartqa,1792,256,chartqa_val_288,372.895,1365.101,435.335,24.468,0.273163,1.0082,,,,1.0022,1.0,amdahl
chartqa,1792,256,chartqa_val_289,393.853,844.377,456.24,21.563,0.466442,0.9948,,,,0.9976,1.0,amdahl
chartqa,1792,256,chartqa_val_290,394.832,1343.571,457.305,25.322,0.293868,0.9957,,,,0.9987,1.0,amdahl
chartqa,1792,256,chartqa_val_291,403.319,905.248,857.674,23.787,0.445534,0.9955,,,,0.998,1.0,amdahl
chartqa,1792,256,chartqa_val_292,418.682,1189.67,483.717,25.213,0.351931,1.0078,,,,1.0027,1.0,amdahl
chartqa,1792,256,chartqa_val_293,424.462,4067.018,487.399,26.516,0.104367,0.9898,,,,0.9989,1.0,amdahl
chartqa,1792,256,chartqa_val_294,376.522,678.923,440.029,21.718,0.554586,0.9935,,,,0.9964,1.0,amdahl
chartqa,1792,256,chartqa_val_295,382.587,6327.041,909.629,26.171,0.060469,0.9923,,,,0.9995,1.0,amdahl
chartqa,1792,256,chartqa_val_296,380.805,1058.127,443.613,27.932,0.359886,0.9994,,,,0.9998,1.0,amdahl
chartqa,1792,256,chartqa_val_297,373.345,6268.699,435.742,25.583,0.059557,1.0101,,,,1.0006,1.0,amdahl
chartqa,1792,256,chartqa_val_298,403.014,819.334,465.601,25.267,0.491879,0.9969,,,,0.9984,1.0,amdahl
chartqa,1792,256,chartqa_val_299,379.277,1735.441,441.947,25.87,0.218548,0.995,,,,0.9989,1.0,amdahl
chartqa,1792,256,chartqa_val_300,425.332,1042.721,487.677,24.132,0.407906,0.9924,,,,0.9969,1.0,amdahl
chartqa,1792,256,chartqa_val_301,357.248,2997.98,419.662,24.096,0.119163,0.9987,,,,0.9998,1.0,amdahl
chartqa,1792,256,chartqa_val_302,382.143,1685.542,880.095,89.494,0.226718,1.0106,,,,1.0024,1.0,amdahl
chartqa,1792,256,chartqa_val_303,406.005,1908.391,468.544,24.825,0.212748,0.9904,,,,0.998,1.0,amdahl
chartqa,1792,256,chartqa_val_304,520.436,1316.398,583.486,26.175,0.395348,1.0208,,,,1.0081,1.0,amdahl
chartqa,1792,256,chartqa_val_305,373.896,6204.199,436.831,25.979,0.060265,1.0089,,,,1.0005,1.0,amdahl
chartqa,1792,256,chartqa_val_306,432.656,1472.303,496.775,24.388,0.293864,0.9898,,,,0.997,1.0,amdahl
chartqa,1792,256,chartqa_val_307,359.335,6371.815,421.808,23.333,0.056394,0.9975,,,,0.9999,1.0,amdahl
chartqa,1792,256,chartqa_val_308,381.519,1373.229,444.064,23.825,0.277826,0.9961,,,,0.9989,1.0,amdahl
chartqa,1792,256,chartqa_val_309,442.419,1028.716,506.206,21.771,0.430069,0.9889,,,,0.9952,1.0,amdahl
chartqa,1792,256,chartqa_val_310,390.735,1404.351,452.862,25.039,0.278232,0.999,,,,0.9997,1.0,amdahl
chartqa,1792,256,chartqa_val_311,393.558,1831.296,455.923,23.713,0.214907,0.9928,,,,0.9985,1.0,amdahl
chartqa,1792,256,chartqa_val_312,400.16,1722.749,463.208,24.222,0.23228,0.9902,,,,0.9977,1.0,amdahl
chartqa,1792,256,chartqa_val_313,397.309,4514.036,461.19,25.33,0.088016,0.9953,,,,0.9996,1.0,amdahl
chartqa,1792,256,chartqa_val_314,419.881,1068.185,483.759,26.565,0.393079,1.008,,,,1.0031,1.0,amdahl
chartqa,1792,256,chartqa_val_315,394.972,1191.744,457.45,22.947,0.331424,0.9978,,,,0.9993,1.0,amdahl
chartqa,1792,256,chartqa_val_316,459.331,1663.01,521.802,24.809,0.276205,1.0675,,,,1.0178,1.0,amdahl
chartqa,1792,256,chartqa_val_317,368.599,1189.251,430.651,24.471,0.309942,0.9939,,,,0.9981,1.0,amdahl
chartqa,1792,256,chartqa_val_318,437.03,833.983,499.405,25.737,0.524027,0.9909,,,,0.9952,1.0,amdahl
chartqa,1792,256,chartqa_val_319,402.283,2078.254,464.924,24.82,0.193568,0.9891,,,,0.9979,1.0,amdahl
chartqa,1792,256,chartqa_val_320,396.266,800.008,459.743,24.305,0.495327,0.9921,,,,0.9961,1.0,amdahl
chartqa,1792,256,chartqa_val_321,445.872,1587.936,509.037,23.976,0.280787,1.0321,,,,1.0088,1.0,amdahl
chartqa,1792,256,chartqa_val_322,408.056,1118.205,470.634,24.907,0.364921,0.9983,,,,0.9994,1.0,amdahl
chartqa,1792,256,chartqa_val_323,361.879,1163.639,424.017,22.413,0.310989,0.9961,,,,0.9988,1.0,amdahl
chartqa,1792,256,chartqa_val_324,415.224,3414.178,479.805,24.251,0.121618,0.9914,,,,0.9989,1.0,amdahl
chartqa,1792,256,chartqa_val_325,474.234,2794.43,537.67,23.266,0.169707,1.0036,,,,1.0006,1.0,amdahl
chartqa,1792,256,chartqa_val_326,400.593,1620.224,463.296,25.71,0.247246,1.0068,,,,1.0017,1.0,amdahl
chartqa,1792,256,chartqa_val_327,381.127,6047.534,444.148,24.257,0.063022,0.9917,,,,0.9995,1.0,amdahl
chartqa,1792,256,chartqa_val_328,362.644,5131.789,424.973,25.036,0.070666,1.0246,,,,1.0017,1.0,amdahl
chartqa,1792,256,chartqa_val_329,397.017,3942.196,461.01,22.459,0.10071,1.1356,,,,1.0122,1.0,amdahl
chartqa,1792,256,chartqa_val_330,394.042,1211.452,457.028,25.147,0.325264,0.9957,,,,0.9986,1.0,amdahl
chartqa,1792,256,chartqa_val_331,367.644,1368.381,431.882,25.311,0.268671,0.9959,,,,0.9989,1.0,amdahl
chartqa,1792,256,chartqa_val_332,407.122,1432.078,470.411,25.307,0.284287,0.9979,,,,0.9994,1.0,amdahl
chartqa,1792,256,chartqa_val_333,405.748,1135.351,468.949,24.682,0.357376,1.0052,,,,1.0018,1.0,amdahl
chartqa,1792,256,chartqa_val_334,409.855,2626.861,473.53,26.26,0.156024,0.9956,,,,0.9993,1.0,amdahl
chartqa,1792,256,chartqa_val_335,417.452,4541.345,480.274,25.541,0.091923,1.0023,,,,1.0002,1.0,amdahl
chartqa,1792,256,chartqa_val_336,395.236,1085.892,457.873,23.26,0.363973,0.9937,,,,0.9977,1.0,amdahl
chartqa,1792,256,chartqa_val_337,450.281,6838.08,514.338,24.799,0.065849,0.9856,,,,0.999,1.0,amdahl
chartqa,1792,256,chartqa_val_338,454.263,1412.032,517.201,24.185,0.321709,1.0108,,,,1.0034,1.0,amdahl
chartqa,1792,256,chartqa_val_339,385.128,2063.914,448.416,24.112,0.186601,1.025,,,,1.0046,1.0,amdahl
chartqa,1792,256,chartqa_val_340,410.336,835.747,472.724,27.925,0.490981,1.0024,,,,1.0012,1.0,amdahl
chartqa,1792,256,chartqa_val_341,412.367,7137.23,474.955,26.973,0.057777,0.9979,,,,0.9999,1.0,amdahl
chartqa,1792,256,chartqa_val_342,580.438,1084.539,644.802,23.144,0.535193,0.9953,,,,0.9975,1.0,amdahl
chartqa,1792,256,chartqa_val_343,394.804,7002.618,457.897,25.666,0.056379,1.0017,,,,1.0001,1.0,amdahl
chartqa,1792,256,chartqa_val_344,405.84,1974.309,468.827,25.957,0.205561,1.0128,,,,1.0026,1.0,amdahl
chartqa,1792,256,chartqa_val_345,374.234,4773.457,437.113,24.638,0.078399,0.9897,,,,0.9992,1.0,amdahl
chartqa,1792,256,chartqa_val_346,371.572,1410.652,434.266,24.41,0.263404,1.0033,,,,1.0009,1.0,amdahl
chartqa,1792,256,chartqa_val_347,406.49,6546.713,468.793,23.835,0.062091,0.9941,,,,0.9996,1.0,amdahl
chartqa,1792,256,chartqa_val_348,433.559,1037.032,496.482,24.57,0.418077,1.0099,,,,1.0041,1.0,amdahl
chartqa,1792,256,chartqa_val_349,424.757,4295.934,488.551,25.383,0.098874,0.9946,,,,0.9995,1.0,amdahl
chartqa,1792,256,chartqa_val_350,445.368,1363.796,510.065,25.871,0.326565,0.997,,,,0.999,1.0,amdahl
chartqa,1792,256,chartqa_val_351,418.699,6979.183,481.728,25.48,0.059993,0.9982,,,,0.9999,1.0,amdahl
chartqa,1792,256,chartqa_val_352,378.919,1367.233,441.47,25.021,0.277143,1.0008,,,,1.0002,1.0,amdahl
chartqa,1792,256,chartqa_val_353,443.185,6923.838,506.049,25.168,0.064009,1.0015,,,,1.0001,1.0,amdahl
chartqa,1792,256,chartqa_val_354,429.483,863.604,491.916,23.231,0.497314,1.0009,,,,1.0004,1.0,amdahl
chartqa,1792,256,chartqa_val_355,446.623,1704.043,509.317,25.972,0.262096,1.0129,,,,1.0034,1.0,amdahl
chartqa,1792,256,chartqa_val_356,366.215,1080.47,429.338,24.116,0.33894,0.99,,,,0.9966,1.0,amdahl
chartqa,1792,256,chartqa_val_357,408.855,9536.918,471.786,35.55,0.042871,0.9937,,,,0.9997,1.0,amdahl
chartqa,1792,256,chartqa_val_358,441.949,1767.713,505.807,25.753,0.250012,0.9902,,,,0.9975,1.0,amdahl
chartqa,1792,256,chartqa_val_359,387.48,4860.124,451.117,25.194,0.079726,1.1822,,,,1.0124,1.0,amdahl
chartqa,1792,256,chartqa_val_360,386.22,655.979,448.904,23.008,0.588768,0.9901,,,,0.9942,1.0,amdahl
chartqa,1792,256,chartqa_val_361,398.935,3578.984,461.37,25.346,0.111466,0.9972,,,,0.9997,1.0,amdahl
chartqa,1792,256,chartqa_val_362,436.67,1288.251,499.705,21.312,0.338963,0.99,,,,0.9966,1.0,amdahl
chartqa,1792,256,chartqa_val_363,470.596,3394.581,537.135,23.231,0.138632,0.993,,,,0.999,1.0,amdahl
chartqa,1792,256,chartqa_val_364,420.024,1240.375,483.441,25.231,0.338626,0.991,,,,0.9969,1.0,amdahl
chartqa,1792,256,chartqa_val_365,411.116,2844.685,474.526,24.949,0.144521,0.9882,,,,0.9983,1.0,amdahl
chartqa,1792,256,chartqa_val_366,431.48,1117.718,494.469,23.083,0.386037,1.0541,,,,1.0202,1.0,amdahl
chartqa,1792,256,chartqa_val_367,387.922,3268.684,451.051,24.29,0.118678,1.0383,,,,1.0044,1.0,amdahl
chartqa,1792,256,chartqa_val_368,377.26,1074.234,440.742,26.396,0.35119,0.9929,,,,0.9975,1.0,amdahl
chartqa,1792,256,chartqa_val_369,394.926,6467.46,457.406,24.234,0.061064,1.0189,,,,1.0011,1.0,amdahl
chartqa,1792,256,chartqa_val_370,433.15,889.532,496.577,21.831,0.486941,0.9981,,,,0.9991,1.0,amdahl
chartqa,1792,256,chartqa_val_371,405.167,4496.152,468.173,24.712,0.090114,0.9918,,,,0.9993,1.0,amdahl
chartqa,1792,256,chartqa_val_372,407.154,627.863,470.41,26.242,0.648477,0.9938,,,,0.996,1.0,amdahl
chartqa,1792,256,chartqa_val_373,401.766,848.32,465.465,22.521,0.473602,1.0102,,,,1.0048,1.0,amdahl
chartqa,1792,256,chartqa_val_374,366.399,727.181,428.57,24.884,0.503862,0.9985,,,,0.9993,1.0,amdahl
chartqa,1792,256,chartqa_val_375,364.269,3297.618,426.728,22.967,0.110464,0.9982,,,,0.9998,1.0,amdahl
chartqa,1792,256,chartqa_val_376,361.845,825.789,423.877,25.12,0.438181,0.997,,,,0.9987,1.0,amdahl
chartqa,1792,256,chartqa_val_377,394.117,1291.22,456.735,23.842,0.305228,0.9943,,,,0.9983,1.0,amdahl
chartqa,1792,256,chartqa_val_378,373.547,1165.81,436.562,24.308,0.320418,0.9959,,,,0.9987,1.0,amdahl
chartqa,1792,256,chartqa_val_379,599.644,1003.62,662.285,22.756,0.597482,0.9976,,,,0.9986,1.0,amdahl
chartqa,1792,256,chartqa_val_380,370.644,787.969,434.697,22.079,0.470379,0.9961,,,,0.9982,1.0,amdahl
chartqa,1792,256,chartqa_val_381,408.17,2459.542,470.606,24.555,0.165954,0.9966,,,,0.9994,1.0,amdahl
chartqa,1792,256,chartqa_val_382,355.974,655.012,418.16,21.532,0.543462,0.9974,,,,0.9986,1.0,amdahl
chartqa,1792,256,chartqa_val_383,387.65,1934.001,449.6,22.491,0.200439,0.9867,,,,0.9973,1.0,amdahl
chartqa,1792,256,chartqa_val_384,397.586,714.717,459.954,25.476,0.556284,0.9935,,,,0.9964,1.0,amdahl
chartqa,1792,256,chartqa_val_385,400.586,5156.576,463.02,23.705,0.077685,1.002,,,,1.0002,1.0,amdahl
chartqa,1792,256,chartqa_val_386,393.311,720.151,456.485,21.972,0.54615,0.9912,,,,0.9952,1.0,amdahl
chartqa,1792,256,chartqa_val_387,431.365,1078.446,494.528,22.458,0.399988,0.973,,,,0.989,1.0,amdahl
chartqa,1792,256,chartqa_val_388,401.175,1167.785,463.9,23.463,0.343535,0.9952,,,,0.9984,1.0,amdahl
chartqa,1792,256,chartqa_val_389,379.187,1692.904,443.083,24.035,0.223986,1.1067,,,,1.0221,1.0,amdahl
chartqa,1792,256,chartqa_val_390,379.409,1097.653,441.861,24.289,0.345655,0.9905,,,,0.9967,1.0,amdahl
chartqa,1792,256,chartqa_val_391,405.073,815.112,468.224,24.778,0.496954,1.0003,,,,1.0001,1.0,amdahl
chartqa,1792,256,chartqa_val_392,427.013,537.395,490.344,23.526,0.794598,0.9925,,,,0.994,1.0,amdahl
chartqa,1792,256,chartqa_val_393,358.742,1362.069,421.157,23.523,0.263381,1.0182,,,,1.0047,1.0,amdahl
chartqa,1792,256,chartqa_val_394,395.838,1135.735,458.179,23.364,0.34853,0.9927,,,,0.9975,1.0,amdahl
chartqa,1792,256,chartqa_val_395,401.788,6241.322,464.594,22.654,0.064375,0.9949,,,,0.9997,1.0,amdahl
chartqa,1792,256,chartqa_val_396,401.309,1136.235,463.816,24.015,0.353192,0.992,,,,0.9972,1.0,amdahl
chartqa,1792,256,chartqa_val_397,361.892,874.222,424.426,24.989,0.413958,0.9964,,,,0.9985,1.0,amdahl
chartqa,1792,256,chartqa_val_398,372.512,934.781,435.283,23.786,0.398502,1.0054,,,,1.0021,1.0,amdahl
chartqa,1792,256,chartqa_val_399,381.319,1252.295,443.691,23.782,0.304496,1.0072,,,,1.0022,1.0,amdahl
chartqa,1792,256,chartqa_val_400,367.602,1304.552,430.036,22.423,0.281784,1.0087,,,,1.0024,1.0,amdahl
chartqa,1792,256,chartqa_val_401,361.163,2857.354,423.291,23.632,0.126398,0.9922,,,,0.999,1.0,amdahl
chartqa,1792,256,chartqa_val_402,372.161,703.323,434.566,22.396,0.529146,0.9956,,,,0.9976,1.0,amdahl
chartqa,1792,256,chartqa_val_403,389.374,1480.961,452.308,22.859,0.26292,0.9966,,,,0.9991,1.0,amdahl
chartqa,1792,256,chartqa_val_404,363.651,1112.18,426.735,22.848,0.326972,1.0075,,,,1.0025,1.0,amdahl
chartqa,1792,256,chartqa_val_405,389.968,5018.96,452.08,23.182,0.077699,0.9959,,,,0.9997,1.0,amdahl
chartqa,1792,256,chartqa_val_406,420.866,898.641,484.119,23.029,0.468336,0.9986,,,,0.9993,1.0,amdahl
chartqa,1792,256,chartqa_val_407,368.311,2099.978,431.04,23.506,0.175388,1.008,,,,1.0014,1.0,amdahl
chartqa,1792,256,chartqa_val_408,368.924,1190.719,431.433,25.31,0.309833,1.0329,,,,1.01,1.0,amdahl
chartqa,1792,256,chartqa_val_409,368.473,4301.837,431.241,24.191,0.085655,1.0097,,,,1.0008,1.0,amdahl
chartqa,1792,256,chartqa_val_410,394.795,1064.078,457.662,24.257,0.371021,1.0122,,,,1.0045,1.0,amdahl
chartqa,1792,256,chartqa_val_411,433.219,6101.834,495.65,23.958,0.070998,1.0156,,,,1.0011,1.0,amdahl
chartqa,1792,256,chartqa_val_412,377.274,638.551,440.098,28.35,0.590829,1.0025,,,,1.0015,1.0,amdahl
chartqa,1792,256,chartqa_val_413,418.719,3530.034,481.299,25.196,0.118616,1.0134,,,,1.0016,1.0,amdahl
chartqa,1792,256,chartqa_val_414,358.641,921.385,420.821,22.753,0.38924,0.9892,,,,0.9958,1.0,amdahl
chartqa,1792,256,chartqa_val_415,468.232,3955.816,531.747,24.634,0.118365,1.0047,,,,1.0006,1.0,amdahl
chartqa,1792,256,chartqa_val_416,402.462,1040.651,465.005,23.985,0.386741,1.004,,,,1.0015,1.0,amdahl
chartqa,1792,256,chartqa_val_417,516.993,4647.066,580.07,23.924,0.111251,1.0253,,,,1.0027,1.0,amdahl
chartqa,1792,256,chartqa_val_418,441.701,1495.503,504.635,23.592,0.295353,1.0074,,,,1.0022,1.0,amdahl
chartqa,1792,256,chartqa_val_419,362.623,3871.143,425.172,25.153,0.093673,1.0049,,,,1.0005,1.0,amdahl
chartqa,1792,256,chartqa_val_420,381.325,1470.203,444.722,23.848,0.259369,0.993,,,,0.9982,1.0,amdahl
chartqa,1792,256,chartqa_val_421,376.628,4286.935,439.338,24.823,0.087855,0.9929,,,,0.9994,1.0,amdahl
chartqa,1792,256,chartqa_val_422,403.291,2701.229,465.949,24.297,0.149299,0.9961,,,,0.9994,1.0,amdahl
chartqa,1792,256,chartqa_val_423,407.445,2630.145,470.072,24.27,0.154914,1.0084,,,,1.0013,1.0,amdahl
chartqa,1792,256,chartqa_val_424,414.541,806.717,478.572,23.439,0.513862,0.9903,,,,0.995,1.0,amdahl
chartqa,1792,256,chartqa_val_425,411.621,4797.948,474.717,24.564,0.085791,0.989,,,,0.999,1.0,amdahl
chartqa,1792,256,chartqa_val_426,363.978,1172.748,427.239,24.049,0.310363,0.9912,,,,0.9973,1.0,amdahl
chartqa,1792,256,chartqa_val_427,402.326,1205.943,465.178,22.447,0.33362,1.1041,,,,1.0325,1.0,amdahl
chartqa,1792,256,chartqa_val_428,398.027,1109.361,460.742,23.165,0.358789,0.9958,,,,0.9985,1.0,amdahl
chartqa,1792,256,chartqa_val_429,461.852,1482.131,524.381,23.944,0.311613,0.9941,,,,0.9982,1.0,amdahl
chartqa,1792,256,chartqa_val_430,378.419,714.731,441.164,27.357,0.529457,0.9945,,,,0.9971,1.0,amdahl
chartqa,1792,256,chartqa_val_431,360.907,886.874,423.212,24.403,0.406943,1.0022,,,,1.0009,1.0,amdahl
chartqa,1792,256,chartqa_val_432,396.073,760.389,458.311,25.173,0.520883,0.9939,,,,0.9968,1.0,amdahl
chartqa,1792,256,chartqa_val_433,401.333,1614.77,465.046,22.994,0.248539,1.0072,,,,1.0018,1.0,amdahl
chartqa,1792,256,chartqa_val_434,403.746,966.721,466.086,22.756,0.417645,1.0116,,,,1.0048,1.0,amdahl
chartqa,1792,256,chartqa_val_435,380.44,809.651,443.686,21.527,0.469882,0.9984,,,,0.9993,1.0,amdahl
chartqa,1792,256,chartqa_val_436,379.375,641.016,441.886,28.447,0.591833,0.9918,,,,0.9951,1.0,amdahl
chartqa,1792,256,chartqa_val_437,402.865,487.323,465.136,22.188,0.82669,0.9951,,,,0.9959,1.0,amdahl
chartqa,1792,256,chartqa_val_438,405.523,938.019,468.925,24.689,0.432318,0.9943,,,,0.9975,1.0,amdahl
chartqa,1792,256,chartqa_val_439,408.209,874.337,471.115,23.719,0.466878,1.0325,,,,1.0149,1.0,amdahl
chartqa,1792,256,chartqa_val_440,414.3,806.258,476.852,23.529,0.513855,0.9998,,,,0.9999,1.0,amdahl
chartqa,1792,256,chartqa_val_441,415.63,1923.106,478.785,22.926,0.216124,0.9925,,,,0.9984,1.0,amdahl
chartqa,1792,256,chartqa_val_442,403.143,821.604,466.14,25.39,0.490678,1.0007,,,,1.0004,1.0,amdahl
chartqa,1792,256,chartqa_val_443,403.094,1189.604,465.903,24.955,0.338847,0.9936,,,,0.9978,1.0,amdahl
chartqa,1792,256,chartqa_val_444,372.1,1836.291,434.702,26.445,0.202637,1.0023,,,,1.0005,1.0,amdahl
chartqa,1792,256,chartqa_val_445,377.956,1965.407,440.527,23.826,0.192304,1.1079,,,,1.0191,1.0,amdahl
chartqa,1792,256,chartqa_val_446,389.01,1023.428,453.33,23.754,0.380105,1.013,,,,1.0049,1.0,amdahl
chartqa,1792,256,chartqa_val_447,359.059,6304.652,421.755,23.07,0.056951,0.9916,,,,0.9995,1.0,amdahl
chartqa,1792,256,chartqa_val_448,396.034,587.049,458.894,21.359,0.674618,0.9985,,,,0.999,1.0,amdahl
chartqa,1792,256,chartqa_val_449,401.927,924.056,465.751,25.461,0.434959,1.005,,,,1.0021,1.0,amdahl
chartqa,1792,256,chartqa_val_450,400.755,1331.484,463.147,24.81,0.300984,0.9981,,,,0.9994,1.0,amdahl
chartqa,1792,256,chartqa_val_451,365.855,887.932,428.068,24.203,0.41203,1.0421,,,,1.0169,1.0,amdahl
chartqa,1792,256,chartqa_val_452,370.081,602.97,432.868,28.35,0.613764,0.9919,,,,0.995,1.0,amdahl
chartqa,1792,256,chartqa_val_453,372.032,6623.641,434.298,24.272,0.056167,0.9976,,,,0.9999,1.0,amdahl
chartqa,1792,256,chartqa_val_454,509.321,1806.475,571.626,25.201,0.281942,0.991,,,,0.9974,1.0,amdahl
chartqa,1792,256,chartqa_val_455,411.66,1038.474,475.052,25.61,0.396409,1.003,,,,1.0012,1.0,amdahl
chartqa,1792,256,chartqa_val_456,377.276,661.162,439.535,27.703,0.570625,0.9912,,,,0.9949,1.0,amdahl
chartqa,1792,256,chartqa_val_457,359.383,3138.179,421.981,22.264,0.11452,0.9852,,,,0.9983,1.0,amdahl
chartqa,1792,256,chartqa_val_458,389.294,639.236,451.261,26.854,0.608998,1.0042,,,,1.0026,1.0,amdahl
chartqa,1792,256,chartqa_val_459,360.557,5235.973,422.596,24.31,0.068861,0.9933,,,,0.9995,1.0,amdahl
chartqa,1792,256,chartqa_val_460,377.498,710.97,440.108,27.086,0.530963,0.9964,,,,0.9981,1.0,amdahl
chartqa,1792,256,chartqa_val_461,403.032,4080.258,466.795,24.92,0.098776,0.9953,,,,0.9995,1.0,amdahl
chartqa,1792,256,chartqa_val_462,387.837,622.475,450.949,24.504,0.623057,0.9935,,,,0.9959,1.0,amdahl
chartqa,1792,256,chartqa_val_463,369.961,5817.451,432.497,24.257,0.063595,0.9918,,,,0.9995,1.0,amdahl
chartqa,1792,256,chartqa_val_464,409.01,887.172,472.853,21.806,0.461026,0.9942,,,,0.9973,1.0,amdahl
chartqa,1792,256,chartqa_val_465,428.484,1947.023,491.911,24.663,0.220071,0.9914,,,,0.9981,1.0,amdahl
chartqa,1792,256,chartqa_val_466,435.056,3264.189,497.359,23.648,0.133282,0.9954,,,,0.9994,1.0,amdahl
chartqa,1792,256,chartqa_val_467,400.707,5098.422,463.025,24.143,0.078594,1.0032,,,,1.0003,1.0,amdahl
chartqa,1792,256,chartqa_val_468,378.03,942.227,440.418,25.09,0.401209,0.9934,,,,0.9973,1.0,amdahl
chartqa,1792,256,chartqa_val_469,363.384,3453.275,425.774,22.936,0.105229,0.9927,,,,0.9992,1.0,amdahl
chartqa,1792,256,chartqa_val_470,388.765,1879.851,451.509,21.642,0.206806,0.995,,,,0.999,1.0,amdahl
chartqa,1792,256,chartqa_val_471,396.885,2789.385,459.944,21.77,0.142284,0.9965,,,,0.9995,1.0,amdahl
chartqa,1792,256,chartqa_val_472,400.564,1085.758,464.69,22.181,0.368926,0.9949,,,,0.9981,1.0,amdahl
chartqa,1792,256,chartqa_val_473,400.617,1575.162,463.676,23.649,0.254334,0.9945,,,,0.9986,1.0,amdahl
chartqa,1792,256,chartqa_val_474,353.014,858.196,415.379,23.306,0.411344,0.9937,,,,0.9974,1.0,amdahl
chartqa,1792,256,chartqa_val_475,364.437,3881.181,426.943,23.339,0.093898,1.0035,,,,1.0003,1.0,amdahl
chartqa,1792,256,chartqa_val_476,372.199,980.131,436.185,21.758,0.379744,0.9896,,,,0.996,1.0,amdahl
chartqa,1792,256,chartqa_val_477,368.131,2218.155,430.873,23.211,0.165963,0.9979,,,,0.9997,1.0,amdahl
chartqa,1792,256,chartqa_val_478,388.745,697.388,451.113,22.389,0.55743,0.9892,,,,0.9939,1.0,amdahl
chartqa,1792,256,chartqa_val_479,392.648,1325.82,454.99,22.329,0.296155,0.9954,,,,0.9986,1.0,amdahl
chartqa,1792,256,chartqa_val_480,354.787,1167.477,416.855,24.214,0.303892,0.9981,,,,0.9994,1.0,amdahl
chartqa,1792,256,chartqa_val_481,360.481,973.089,422.746,25.016,0.37045,1.0012,,,,1.0004,1.0,amdahl
chartqa,1792,256,chartqa_val_482,363.423,1125.601,425.811,24.131,0.32287,0.9935,,,,0.9979,1.0,amdahl
chartqa,1792,256,chartqa_val_483,360.496,6487.967,422.757,23.785,0.055564,0.9963,,,,0.9998,1.0,amdahl
chartqa,1792,256,chartqa_val_484,383.285,1227.8,446.696,22.317,0.312172,0.9946,,,,0.9983,1.0,amdahl
chartqa,1792,256,chartqa_val_485,362.921,665.998,425.478,21.865,0.544927,1.0421,,,,1.0225,1.0,amdahl
chartqa,1792,256,chartqa_val_486,361.105,999.872,423.598,23.051,0.361151,1.0127,,,,1.0046,1.0,amdahl
chartqa,1792,256,chartqa_val_487,360.298,1569.668,422.516,23.899,0.229538,1.0149,,,,1.0034,1.0,amdahl
chartqa,1792,256,chartqa_val_488,408.203,951.891,470.884,21.864,0.428833,1.0025,,,,1.0011,1.0,amdahl
chartqa,1792,256,chartqa_val_489,368.709,2252.396,431.495,26.013,0.163696,1.0005,,,,1.0001,1.0,amdahl
chartqa,1792,256,chartqa_val_490,361.688,713.138,423.717,22.263,0.507178,0.9898,,,,0.9948,1.0,amdahl
chartqa,1792,256,chartqa_val_491,514.524,5229.599,576.452,23.62,0.098387,0.9936,,,,0.9994,1.0,amdahl
chartqa,1792,256,chartqa_val_492,431.448,3385.773,494.011,23.134,0.12743,1.0145,,,,1.0018,1.0,amdahl
chartqa,1792,256,chartqa_val_493,416.05,2310.577,480.299,24.083,0.180063,1.0083,,,,1.0015,1.0,amdahl
chartqa,1792,256,chartqa_val_494,374.499,1188.721,437.529,25.903,0.315044,1.0084,,,,1.0026,1.0,amdahl
chartqa,1792,256,chartqa_val_495,364.763,1718.536,858.314,24.578,0.212252,1.0167,,,,1.0035,1.0,amdahl
chartqa,1792,256,chartqa_val_496,375.09,1075.378,438.764,24.485,0.348798,0.9939,,,,0.9979,1.0,amdahl
chartqa,1792,256,chartqa_val_497,397.263,2612.864,460.065,22.902,0.152041,1.0006,,,,1.0001,1.0,amdahl
chartqa,1792,256,chartqa_val_498,361.571,1671.275,423.744,24.461,0.216345,1.011,,,,1.0024,1.0,amdahl
chartqa,1792,256,chartqa_val_499,371.329,6159.307,433.636,23.857,0.060288,1.0012,,,,1.0001,1.0,amdahl
chartqa,1792,32,chartqa_val_0,362.784,772.683,425.418,21.704,0.469513,0.9956,,,,0.9979,1.0,amdahl
chartqa,1792,32,chartqa_val_1,351.904,1066.083,414.591,21.016,0.330091,0.9998,,,,0.9999,1.0,amdahl
chartqa,1792,32,chartqa_val_2,365.505,4412.523,817.626,115.964,0.082834,0.9934,,,,0.9995,1.0,amdahl
chartqa,1792,32,chartqa_val_3,393.337,1565.502,857.185,22.849,0.251253,0.9981,,,,0.9995,1.0,amdahl
chartqa,1792,32,chartqa_val_4,391.343,6820.217,804.33,200.53,0.05738,0.9903,,,,0.9994,1.0,amdahl
chartqa,1792,32,chartqa_val_5,546.408,1379.895,976.55,25.209,0.395978,1.0498,,,,1.0191,1.0,amdahl
chartqa,1792,32,chartqa_val_6,397.173,1319.75,829.245,24.525,0.300946,0.9905,,,,0.9971,1.0,amdahl
chartqa,1792,32,chartqa_val_7,363.694,1059.108,426.402,23.434,0.343397,1.022,,,,1.0075,1.0,amdahl
chartqa,1792,32,chartqa_val_8,358.97,1557.596,789.356,24.782,0.230464,0.9928,,,,0.9983,1.0,amdahl
chartqa,1792,32,chartqa_val_9,365.384,1153.813,427.969,23.414,0.316675,1.0218,,,,1.0068,1.0,amdahl
chartqa,1792,32,chartqa_val_10,398.366,1619.055,880.203,23.834,0.246048,0.9963,,,,0.9991,1.0,amdahl
chartqa,1792,32,chartqa_val_11,365.922,3508.0,825.018,86.548,0.104311,1.0044,,,,1.0005,1.0,amdahl
chartqa,1792,32,chartqa_val_12,361.833,941.996,425.131,22.472,0.384113,1.0053,,,,1.002,1.0,amdahl
chartqa,1792,32,chartqa_val_13,352.623,1080.327,415.274,21.453,0.326404,1.0282,,,,1.009,1.0,amdahl
chartqa,1792,32,chartqa_val_14,356.102,1107.457,418.322,22.23,0.321549,1.0839,,,,1.0255,1.0,amdahl
chartqa,1792,32,chartqa_val_15,360.651,1128.034,423.151,22.738,0.319716,1.0049,,,,1.0016,1.0,amdahl
chartqa,1792,32,chartqa_val_16,390.867,1149.555,453.765,22.445,0.340016,1.0095,,,,1.0032,1.0,amdahl
chartqa,1792,32,chartqa_val_17,393.325,1563.805,829.377,23.691,0.251518,1.0026,,,,1.0006,1.0,amdahl
chartqa,1792,32,chartqa_val_18,390.639,1136.104,849.855,22.019,0.343841,1.0215,,,,1.0073,1.0,amdahl
chartqa,1792,32,chartqa_val_19,389.692,1165.571,453.069,22.984,0.334336,0.9889,,,,0.9963,1.0,amdahl
chartqa,1792,32,chartqa_val_20,413.85,829.405,476.077,20.784,0.498973,0.9945,,,,0.9973,1.0,amdahl
chartqa,1792,32,chartqa_val_21,366.091,1644.876,904.656,23.878,0.222564,0.9953,,,,0.999,1.0,amdahl
chartqa,1792,32,chartqa_val_22,366.235,1184.513,430.058,24.337,0.309186,1.0383,,,,1.0115,1.0,amdahl
chartqa,1792,32,chartqa_val_23,364.316,1189.211,426.643,24.599,0.306351,0.9995,,,,0.9999,1.0,amdahl
chartqa,1792,32,chartqa_val_24,373.163,1097.299,435.523,26.471,0.340074,0.9949,,,,0.9983,1.0,amdahl
chartqa,1792,32,chartqa_val_25,399.448,1195.47,462.253,23.652,0.334134,1.0165,,,,1.0055,1.0,amdahl
chartqa,1792,32,chartqa_val_26,401.972,1247.088,464.244,25.253,0.322328,1.0078,,,,1.0025,1.0,amdahl
chartqa,1792,32,chartqa_val_27,356.948,1137.165,419.646,23.146,0.313893,1.0085,,,,1.0027,1.0,amdahl
chartqa,1792,32,chartqa_val_28,401.559,1551.446,874.344,25.078,0.258829,0.9953,,,,0.9988,1.0,amdahl
chartqa,1792,32,chartqa_val_29,411.288,1234.991,474.632,24.528,0.333029,0.9904,,,,0.9968,1.0,amdahl
chartqa,1792,32,chartqa_val_30,388.542,1180.747,452.153,23.503,0.329065,1.0009,,,,1.0003,1.0,amdahl
chartqa,1792,32,chartqa_val_31,391.315,1136.953,454.552,22.013,0.344178,1.0096,,,,1.0033,1.0,amdahl
chartqa,1792,32,chartqa_val_32,392.664,2008.872,876.632,39.043,0.195465,0.9937,,,,0.9988,1.0,amdahl
chartqa,1792,32,chartqa_val_33,371.135,1186.974,434.758,24.265,0.312673,1.007,,,,1.0022,1.0,amdahl
chartqa,1792,32,chartqa_val_34,365.339,803.704,428.372,23.458,0.454569,0.9933,,,,0.9969,1.0,amdahl
chartqa,1792,32,chartqa_val_35,428.877,1134.751,491.564,20.748,0.377948,0.9848,,,,0.9942,1.0,amdahl
chartqa,1792,32,chartqa_val_36,419.87,1255.07,483.273,24.897,0.334539,1.0062,,,,1.0021,1.0,amdahl
chartqa,1792,32,chartqa_val_37,365.142,1129.751,427.885,22.641,0.323206,0.9965,,,,0.9989,1.0,amdahl
chartqa,1792,32,chartqa_val_38,419.283,1145.188,484.628,21.308,0.366126,0.9974,,,,0.9991,1.0,amdahl
chartqa,1792,32,chartqa_val_39,418.643,1206.345,481.261,23.39,0.347035,1.0179,,,,1.0062,1.0,amdahl
chartqa,1792,32,chartqa_val_40,366.331,1190.416,429.139,24.557,0.307734,0.9912,,,,0.9973,1.0,amdahl
chartqa,1792,32,chartqa_val_41,391.987,1035.835,454.275,23.262,0.378426,0.9922,,,,0.997,1.0,amdahl
chartqa,1792,32,chartqa_val_42,389.171,655.969,451.696,25.534,0.593277,0.9897,,,,0.9939,1.0,amdahl
chartqa,1792,32,chartqa_val_43,466.742,1209.514,529.174,21.946,0.385892,1.0028,,,,1.0011,1.0,amdahl
chartqa,1792,32,chartqa_val_44,420.633,769.548,483.726,21.986,0.546597,0.9988,,,,0.9993,1.0,amdahl
chartqa,1792,32,chartqa_val_45,431.748,1189.613,494.061,22.437,0.362931,0.9904,,,,0.9965,1.0,amdahl
chartqa,1792,32,chartqa_val_46,371.13,1214.73,433.808,25.191,0.305525,1.0065,,,,1.002,1.0,amdahl
chartqa,1792,32,chartqa_val_47,381.701,1184.381,445.243,23.843,0.322279,0.9904,,,,0.9969,1.0,amdahl
chartqa,1792,32,chartqa_val_48,398.434,1218.704,461.817,24.416,0.326932,1.0141,,,,1.0046,1.0,amdahl
chartqa,1792,32,chartqa_val_49,395.184,1203.277,457.627,24.053,0.328423,0.9974,,,,0.9991,1.0,amdahl
chartqa,1792,32,chartqa_val_50,365.132,1157.319,427.112,23.555,0.315498,1.0162,,,,1.005,1.0,amdahl
chartqa,1792,32,chartqa_val_51,355.037,1078.129,417.363,21.315,0.329309,1.0424,,,,1.0136,1.0,amdahl
chartqa,1792,32,chartqa_val_52,366.317,610.679,429.48,22.65,0.599852,0.9944,,,,0.9966,1.0,amdahl
chartqa,1792,32,chartqa_val_53,357.072,1147.951,419.578,23.496,0.311052,1.0107,,,,1.0033,1.0,amdahl
chartqa,1792,32,chartqa_val_54,403.897,1200.047,466.957,23.648,0.336567,0.9926,,,,0.9975,1.0,amdahl
chartqa,1792,32,chartqa_val_55,419.033,1193.18,481.311,22.964,0.35119,1.0229,,,,1.0079,1.0,amdahl
chartqa,1792,32,chartqa_val_56,399.064,1175.261,461.699,23.018,0.339553,1.0007,,,,1.0003,1.0,amdahl
chartqa,1792,32,chartqa_val_57,399.67,899.869,462.194,21.884,0.444143,0.9938,,,,0.9973,1.0,amdahl
chartqa,1792,32,chartqa_val_58,385.23,1062.399,448.167,21.937,0.362604,0.9928,,,,0.9974,1.0,amdahl
chartqa,1792,32,chartqa_val_59,368.568,1161.981,431.107,23.577,0.31719,1.0029,,,,1.0009,1.0,amdahl
chartqa,1792,32,chartqa_val_60,380.332,1099.254,443.087,23.435,0.345991,0.9902,,,,0.9966,1.0,amdahl
chartqa,1792,32,chartqa_val_61,399.839,1200.647,462.095,23.824,0.33302,1.0188,,,,1.0062,1.0,amdahl
chartqa,1792,32,chartqa_val_62,401.828,956.279,465.422,22.312,0.4202,0.9906,,,,0.996,1.0,amdahl
chartqa,1792,32,chartqa_val_63,396.926,1179.811,460.109,23.216,0.336431,0.9931,,,,0.9977,1.0,amdahl
chartqa,1792,32,chartqa_val_64,409.716,815.927,472.954,22.865,0.502147,1.0166,,,,1.0083,1.0,amdahl
chartqa,1792,32,chartqa_val_65,399.281,1273.454,462.387,26.163,0.313542,0.9932,,,,0.9979,1.0,amdahl
chartqa,1792,32,chartqa_val_66,361.212,1145.769,423.136,24.918,0.315258,0.9887,,,,0.9964,1.0,amdahl
chartqa,1792,32,chartqa_val_67,399.259,1188.24,461.95,23.429,0.336009,0.996,,,,0.9987,1.0,amdahl
chartqa,1792,32,chartqa_val_68,412.045,686.031,475.487,23.394,0.600622,1.0151,,,,1.009,1.0,amdahl
chartqa,1792,32,chartqa_val_69,366.393,1198.999,428.835,24.844,0.305583,1.0059,,,,1.0018,1.0,amdahl
chartqa,1792,32,chartqa_val_70,364.133,1163.568,426.653,23.771,0.312945,0.9931,,,,0.9978,1.0,amdahl
chartqa,1792,32,chartqa_val_71,394.173,1632.259,877.561,24.345,0.241489,0.993,,,,0.9983,1.0,amdahl
chartqa,1792,32,chartqa_val_72,380.75,767.058,442.825,20.265,0.496377,0.9951,,,,0.9976,1.0,amdahl
chartqa,1792,32,chartqa_val_73,476.624,1269.469,539.254,23.555,0.375451,0.9905,,,,0.9964,1.0,amdahl
chartqa,1792,32,chartqa_val_74,392.117,871.148,454.081,24.533,0.450115,0.9964,,,,0.9984,1.0,amdahl
chartqa,1792,32,chartqa_val_75,382.077,1232.24,444.226,25.42,0.310067,0.996,,,,0.9988,1.0,amdahl
chartqa,1792,32,chartqa_val_76,389.033,759.57,451.289,23.714,0.512176,0.9994,,,,0.9997,1.0,amdahl
chartqa,1792,32,chartqa_val_77,354.422,1109.871,416.576,22.364,0.319336,0.991,,,,0.9971,1.0,amdahl
chartqa,1792,32,chartqa_val_78,377.576,1077.215,441.188,25.441,0.350511,0.9919,,,,0.9972,1.0,amdahl
chartqa,1792,32,chartqa_val_79,379.1,1048.209,441.96,24.25,0.361665,0.9963,,,,0.9987,1.0,amdahl
chartqa,1792,32,chartqa_val_80,510.337,1085.144,572.961,25.609,0.470295,1.0288,,,,1.0134,1.0,amdahl
chartqa,1792,32,chartqa_val_81,353.524,1196.369,415.953,25.175,0.295497,0.9933,,,,0.998,1.0,amdahl
chartqa,1792,32,chartqa_val_82,404.799,751.484,467.489,21.846,0.538666,0.9998,,,,0.9999,1.0,amdahl
chartqa,1792,32,chartqa_val_83,432.776,1191.958,495.43,22.469,0.36308,1.124,,,,1.0417,1.0,amdahl
chartqa,1792,32,chartqa_val_84,370.15,959.185,432.563,22.897,0.3859,1.0044,,,,1.0017,1.0,amdahl
chartqa,1792,32,chartqa_val_85,382.043,1176.924,445.449,23.596,0.324611,0.9909,,,,0.997,1.0,amdahl
chartqa,1792,32,chartqa_val_86,395.961,1070.026,458.596,27.792,0.370048,1.0026,,,,1.001,1.0,amdahl
chartqa,1792,32,chartqa_val_87,376.966,1220.666,439.562,25.197,0.30882,1.0182,,,,1.0056,1.0,amdahl
chartqa,1792,32,chartqa_val_88,387.726,1186.098,450.368,23.733,0.326892,1.0207,,,,1.0067,1.0,amdahl
chartqa,1792,32,chartqa_val_89,365.181,1177.623,427.855,24.186,0.3101,1.001,,,,1.0003,1.0,amdahl
chartqa,1792,32,chartqa_val_90,405.457,1288.99,467.685,26.494,0.314554,0.9938,,,,0.998,1.0,amdahl
chartqa,1792,32,chartqa_val_91,414.777,1245.564,477.537,24.775,0.333004,0.9952,,,,0.9984,1.0,amdahl
chartqa,1792,32,chartqa_val_92,408.539,845.353,472.07,28.714,0.483276,1.0004,,,,1.0002,1.0,amdahl
chartqa,1792,32,chartqa_val_93,398.172,1179.058,460.542,23.178,0.337703,0.9932,,,,0.9977,1.0,amdahl
chartqa,1792,32,chartqa_val_94,420.911,1191.846,484.913,22.804,0.353159,1.0005,,,,1.0002,1.0,amdahl
chartqa,1792,32,chartqa_val_95,404.891,1199.185,468.094,23.584,0.337638,1.0091,,,,1.0031,1.0,amdahl
chartqa,1792,32,chartqa_val_96,367.762,1125.269,430.304,22.418,0.326821,1.0187,,,,1.006,1.0,amdahl
chartqa,1792,32,chartqa_val_97,432.575,1257.601,503.652,24.321,0.343968,0.994,,,,0.9979,1.0,amdahl
chartqa,1792,32,chartqa_val_98,353.718,1195.238,415.798,25.143,0.29594,0.9991,,,,0.9997,1.0,amdahl
chartqa,1792,32,chartqa_val_99,401.774,1232.193,464.12,24.777,0.326065,1.0031,,,,1.001,1.0,amdahl
chartqa,1792,32,chartqa_val_100,393.865,1185.593,456.17,23.53,0.332209,0.9905,,,,0.9968,1.0,amdahl
chartqa,1792,32,chartqa_val_101,398.705,1162.005,461.893,22.584,0.343119,0.9959,,,,0.9986,1.0,amdahl
chartqa,1792,32,chartqa_val_102,402.765,659.957,465.901,21.562,0.610289,0.996,,,,0.9975,1.0,amdahl
chartqa,1792,32,chartqa_val_103,425.307,1210.445,488.202,23.298,0.351364,0.9981,,,,0.9993,1.0,amdahl
chartqa,1792,32,chartqa_val_104,359.416,666.551,421.87,24.468,0.539218,1.0288,,,,1.0153,1.0,amdahl
chartqa,1792,32,chartqa_val_105,447.675,1270.236,510.132,24.519,0.352435,1.0216,,,,1.0075,1.0,amdahl
chartqa,1792,32,chartqa_val_106,389.671,1084.074,452.503,23.392,0.35945,0.9908,,,,0.9967,1.0,amdahl
chartqa,1792,32,chartqa_val_107,431.567,1246.512,494.339,24.264,0.34622,0.989,,,,0.9961,1.0,amdahl
chartqa,1792,32,chartqa_val_108,374.055,745.912,436.96,25.746,0.501473,0.9989,,,,0.9995,1.0,amdahl
chartqa,1792,32,chartqa_val_109,357.032,1159.805,419.38,23.885,0.307838,1.01,,,,1.0031,1.0,amdahl
chartqa,1792,32,chartqa_val_110,398.04,889.307,460.197,23.839,0.447585,0.9914,,,,0.9961,1.0,amdahl
chartqa,1792,32,chartqa_val_111,400.021,1223.532,462.488,24.55,0.32694,0.9956,,,,0.9986,1.0,amdahl
chartqa,1792,32,chartqa_val_112,411.81,805.066,476.239,25.294,0.511524,1.0105,,,,1.0054,1.0,amdahl
chartqa,1792,32,chartqa_val_113,417.368,1220.473,480.649,23.865,0.341972,0.9986,,,,0.9995,1.0,amdahl
chartqa,1792,32,chartqa_val_114,402.912,754.115,466.147,23.997,0.534285,1.0099,,,,1.0053,1.0,amdahl
chartqa,1792,32,chartqa_val_115,359.838,1139.51,422.735,23.122,0.315783,0.9904,,,,0.997,1.0,amdahl
chartqa,1792,32,chartqa_val_116,417.858,602.055,480.034,20.337,0.694054,1.0042,,,,1.0029,1.0,amdahl
chartqa,1792,32,chartqa_val_117,398.236,1263.98,461.153,25.898,0.315065,0.9983,,,,0.9995,1.0,amdahl
chartqa,1792,32,chartqa_val_118,511.759,1363.601,573.787,25.478,0.3753,1.0107,,,,1.004,1.0,amdahl
chartqa,1792,32,chartqa_val_119,395.503,1181.436,457.631,23.349,0.334765,1.0117,,,,1.0039,1.0,amdahl
chartqa,1792,32,chartqa_val_120,360.067,1133.24,422.764,22.919,0.317732,0.9992,,,,0.9997,1.0,amdahl
chartqa,1792,32,chartqa_val_121,398.006,991.093,461.161,24.088,0.401583,1.009,,,,1.0036,1.0,amdahl
chartqa,1792,32,chartqa_val_122,431.833,1130.612,495.189,24.439,0.381946,0.9964,,,,0.9986,1.0,amdahl
chartqa,1792,32,chartqa_val_123,392.085,1598.988,839.599,24.496,0.245208,1.0041,,,,1.001,1.0,amdahl
chartqa,1792,32,chartqa_val_124,400.307,1552.807,885.2,24.726,0.257796,0.9942,,,,0.9985,1.0,amdahl
chartqa,1792,32,chartqa_val_125,426.638,1238.196,488.878,24.172,0.344565,0.9902,,,,0.9966,1.0,amdahl
chartqa,1792,32,chartqa_val_126,370.217,817.069,432.31,25.651,0.453103,1.0203,,,,1.0091,1.0,amdahl
chartqa,1792,32,chartqa_val_127,391.873,1151.787,454.336,22.498,0.34023,1.0024,,,,1.0008,1.0,amdahl
chartqa,1792,32,chartqa_val_128,440.259,929.451,503.701,22.408,0.473676,0.9966,,,,0.9984,1.0,amdahl
chartqa,1792,32,chartqa_val_129,457.464,1291.896,519.66,24.911,0.354102,1.0063,,,,1.0022,1.0,amdahl
chartqa,1792,32,chartqa_val_130,365.835,1185.179,428.984,24.393,0.308675,0.992,,,,0.9975,1.0,amdahl
chartqa,1792,32,chartqa_val_131,388.18,1195.258,450.923,24.011,0.324767,1.004,,,,1.0013,1.0,amdahl
chartqa,1792,32,chartqa_val_132,430.026,1286.351,493.508,25.576,0.334299,0.994,,,,0.998,1.0,amdahl
chartqa,1792,32,chartqa_val_133,393.806,1236.175,455.831,25.172,0.318568,0.9952,,,,0.9985,1.0,amdahl
chartqa,1792,32,chartqa_val_134,406.782,1162.969,469.37,25.689,0.349779,1.0015,,,,1.0005,1.0,amdahl
chartqa,1792,32,chartqa_val_135,423.157,1196.138,486.237,22.9,0.353769,1.0035,,,,1.0012,1.0,amdahl
chartqa,1792,32,chartqa_val_136,356.311,896.388,418.823,22.741,0.397497,1.0122,,,,1.0048,1.0,amdahl
chartqa,1792,32,chartqa_val_137,416.096,1493.219,860.073,25.326,0.278657,1.032,,,,1.0087,1.0,amdahl
chartqa,1792,32,chartqa_val_138,376.675,1074.613,439.845,23.51,0.350521,1.0137,,,,1.0048,1.0,amdahl
chartqa,1792,32,chartqa_val_139,374.49,1061.159,438.994,21.454,0.352906,0.9923,,,,0.9973,1.0,amdahl
chartqa,1792,32,chartqa_val_140,412.167,1135.54,475.105,23.587,0.36297,0.9999,,,,1.0,1.0,amdahl
chartqa,1792,32,chartqa_val_141,369.585,1203.985,432.576,24.884,0.306968,0.9946,,,,0.9983,1.0,amdahl
chartqa,1792,32,chartqa_val_142,370.474,1236.127,433.086,25.905,0.299706,0.9917,,,,0.9975,1.0,amdahl
chartqa,1792,32,chartqa_val_143,435.908,1215.045,498.482,23.115,0.358759,1.0039,,,,1.0014,1.0,amdahl
chartqa,1792,32,chartqa_val_144,419.291,1130.145,483.577,24.868,0.371007,0.999,,,,0.9996,1.0,amdahl
chartqa,1792,32,chartqa_val_145,355.777,1184.622,418.782,24.705,0.30033,0.9944,,,,0.9983,1.0,amdahl
chartqa,1792,32,chartqa_val_146,386.93,1199.126,449.952,24.167,0.322677,1.015,,,,1.0048,1.0,amdahl
chartqa,1792,32,chartqa_val_147,396.022,1183.965,459.669,23.364,0.334488,0.9956,,,,0.9985,1.0,amdahl
chartqa,1792,32,chartqa_val_148,368.812,1102.149,431.865,23.939,0.33463,0.9905,,,,0.9968,1.0,amdahl
chartqa,1792,32,chartqa_val_149,393.786,1206.012,455.898,24.197,0.326519,1.0054,,,,1.0018,1.0,amdahl
chartqa,1792,32,chartqa_val_150,400.241,1002.95,462.936,25.715,0.399063,0.992,,,,0.9968,1.0,amdahl
chartqa,1792,32,chartqa_val_151,412.016,1238.993,475.155,24.64,0.332541,0.9957,,,,0.9986,1.0,amdahl
chartqa,1792,32,chartqa_val_152,363.699,620.958,426.373,21.621,0.585705,1.0019,,,,1.0011,1.0,amdahl
chartqa,1792,32,chartqa_val_153,379.649,661.583,442.914,21.867,0.57385,1.0013,,,,1.0007,1.0,amdahl
chartqa,1792,32,chartqa_val_154,403.826,1170.571,466.303,22.718,0.344982,1.0186,,,,1.0064,1.0,amdahl
chartqa,1792,32,chartqa_val_155,519.042,948.002,582.029,26.141,0.547511,0.9986,,,,0.9992,1.0,amdahl
chartqa,1792,32,chartqa_val_156,370.928,1211.918,433.615,25.107,0.306067,1.0059,,,,1.0018,1.0,amdahl
chartqa,1792,32,chartqa_val_157,388.091,1194.419,450.515,23.997,0.32492,0.994,,,,0.998,1.0,amdahl
chartqa,1792,32,chartqa_val_158,398.454,1150.926,460.695,22.266,0.346203,0.9941,,,,0.9979,1.0,amdahl
chartqa,1792,32,chartqa_val_159,406.469,830.221,470.932,22.456,0.489591,0.9941,,,,0.9971,1.0,amdahl
chartqa,1792,32,chartqa_val_160,422.471,1118.527,485.831,26.362,0.377703,0.9953,,,,0.9982,1.0,amdahl
chartqa,1792,32,chartqa_val_161,372.4,1231.237,434.844,25.69,0.30246,1.0051,,,,1.0015,1.0,amdahl
chartqa,1792,32,chartqa_val_162,383.373,1210.744,446.442,24.655,0.316643,1.0007,,,,1.0002,1.0,amdahl
chartqa,1792,32,chartqa_val_163,433.827,1261.829,496.594,24.685,0.343808,0.997,,,,0.999,1.0,amdahl
chartqa,1792,32,chartqa_val_164,379.256,1223.598,441.815,25.219,0.309951,0.9857,,,,0.9955,1.0,amdahl
chartqa,1792,32,chartqa_val_165,391.858,1239.854,455.109,25.314,0.316052,1.007,,,,1.0022,1.0,amdahl
chartqa,1792,32,chartqa_val_166,434.099,1227.058,497.764,25.148,0.353772,1.001,,,,1.0004,1.0,amdahl
chartqa,1792,32,chartqa_val_167,371.998,2202.122,878.097,42.71,0.168927,0.9912,,,,0.9985,1.0,amdahl
chartqa,1792,32,chartqa_val_168,369.033,696.869,431.863,26.501,0.529558,1.0412,,,,1.0214,1.0,amdahl
chartqa,1792,32,chartqa_val_169,375.794,1269.985,438.363,26.826,0.295905,0.998,,,,0.9994,1.0,amdahl
chartqa,1792,32,chartqa_val_170,394.963,1254.103,457.292,25.704,0.314937,1.011,,,,1.0034,1.0,amdahl
chartqa,1792,32,chartqa_val_171,402.422,1195.69,465.35,23.559,0.336561,0.9945,,,,0.9981,1.0,amdahl
chartqa,1792,32,chartqa_val_172,391.468,1174.295,454.158,23.23,0.333364,1.0264,,,,1.0087,1.0,amdahl
chartqa,1792,32,chartqa_val_173,433.136,1702.339,927.891,24.982,0.254435,1.0192,,,,1.0048,1.0,amdahl
chartqa,1792,32,chartqa_val_174,392.574,1155.467,455.71,22.573,0.339753,1.0042,,,,1.0014,1.0,amdahl
chartqa,1792,32,chartqa_val_175,393.933,1255.684,458.444,25.717,0.31372,1.007,,,,1.0022,1.0,amdahl
chartqa,1792,32,chartqa_val_176,355.882,1151.842,417.999,23.672,0.308967,0.9991,,,,0.9997,1.0,amdahl
chartqa,1792,32,chartqa_val_177,395.223,1177.552,457.775,23.219,0.335631,1.0192,,,,1.0064,1.0,amdahl
chartqa,1792,32,chartqa_val_178,355.319,1156.025,418.326,23.797,0.307363,1.013,,,,1.004,1.0,amdahl
chartqa,1792,32,chartqa_val_179,440.317,1199.066,503.736,22.43,0.367217,0.9927,,,,0.9973,1.0,amdahl
chartqa,1792,32,chartqa_val_180,432.678,876.804,496.315,22.382,0.493471,0.9924,,,,0.9962,1.0,amdahl
chartqa,1792,32,chartqa_val_181,421.408,1161.442,484.176,21.847,0.362831,0.9955,,,,0.9984,1.0,amdahl
chartqa,1792,32,chartqa_val_182,414.84,1696.722,889.874,26.027,0.244495,1.0115,,,,1.0028,1.0,amdahl
chartqa,1792,32,chartqa_val_183,357.887,1216.263,420.381,25.674,0.294252,0.99,,,,0.997,1.0,amdahl
chartqa,1792,32,chartqa_val_184,430.865,903.427,493.922,21.553,0.476923,0.9923,,,,0.9963,1.0,amdahl
chartqa,1792,32,chartqa_val_185,430.372,514.931,492.93,22.002,0.835786,1.0023,,,,1.0019,1.0,amdahl
chartqa,1792,32,chartqa_val_186,368.237,1199.81,430.652,24.812,0.306913,1.0044,,,,1.0014,1.0,amdahl
chartqa,1792,32,chartqa_val_187,408.835,1239.144,471.339,24.768,0.329934,0.9904,,,,0.9968,1.0,amdahl
chartqa,1792,32,chartqa_val_188,400.352,1265.657,462.837,25.897,0.31632,0.994,,,,0.9981,1.0,amdahl
chartqa,1792,32,chartqa_val_189,429.824,1227.161,492.469,23.7,0.350258,0.9997,,,,0.9999,1.0,amdahl
chartqa,1792,32,chartqa_val_190,401.341,1232.424,464.106,24.784,0.325652,0.9984,,,,0.9995,1.0,amdahl
chartqa,1792,32,chartqa_val_191,432.012,891.506,495.302,23.306,0.484587,1.0071,,,,1.0034,1.0,amdahl
chartqa,1792,32,chartqa_val_192,426.8,1250.585,489.597,24.548,0.34128,0.9943,,,,0.998,1.0,amdahl
chartqa,1792,32,chartqa_val_193,527.373,1021.467,969.009,26.229,0.516289,1.0275,,,,1.014,1.0,amdahl
chartqa,1792,32,chartqa_val_194,399.658,1156.087,463.44,23.884,0.345699,0.9891,,,,0.9962,1.0,amdahl
chartqa,1792,32,chartqa_val_195,376.835,509.485,439.81,34.837,0.739639,0.9966,,,,0.9975,1.0,amdahl
chartqa,1792,32,chartqa_val_196,371.433,878.732,434.313,24.69,0.422692,1.1568,,,,1.0608,1.0,amdahl
chartqa,1792,32,chartqa_val_197,454.324,1343.886,517.364,26.662,0.338067,0.9924,,,,0.9974,1.0,amdahl
chartqa,1792,32,chartqa_val_198,393.198,814.115,457.093,22.314,0.482976,0.9994,,,,0.9997,1.0,amdahl
chartqa,1792,32,chartqa_val_199,414.607,1212.748,477.405,23.721,0.341874,1.0106,,,,1.0036,1.0,amdahl
chartqa,1792,32,chartqa_val_200,442.831,1174.914,505.584,21.591,0.376905,1.0279,,,,1.0103,1.0,amdahl
chartqa,1792,32,chartqa_val_201,440.481,1168.937,503.075,21.479,0.376822,0.9991,,,,0.9996,1.0,amdahl
chartqa,1792,32,chartqa_val_202,400.678,642.886,463.026,22.483,0.623249,0.9844,,,,0.9902,1.0,amdahl
chartqa,1792,32,chartqa_val_203,359.129,1121.795,421.589,22.587,0.320137,0.9984,,,,0.9995,1.0,amdahl
chartqa,1792,32,chartqa_val_204,372.041,1161.063,434.545,23.436,0.320431,1.0108,,,,1.0034,1.0,amdahl
chartqa,1792,32,chartqa_val_205,378.973,1199.655,441.311,24.463,0.315902,1.033,,,,1.0102,1.0,amdahl
chartqa,1792,32,chartqa_val_206,369.719,1194.572,431.881,24.603,0.309499,0.9877,,,,0.9962,1.0,amdahl
chartqa,1792,32,chartqa_val_207,357.782,1136.452,421.11,23.076,0.314824,0.9986,,,,0.9996,1.0,amdahl
chartqa,1792,32,chartqa_val_208,369.791,587.333,432.476,22.122,0.629611,1.0168,,,,1.0105,1.0,amdahl
chartqa,1792,32,chartqa_val_209,413.683,679.552,475.74,29.116,0.608758,0.993,,,,0.9957,1.0,amdahl
chartqa,1792,32,chartqa_val_210,366.787,1219.529,429.468,25.486,0.300761,0.9929,,,,0.9978,1.0,amdahl
chartqa,1792,32,chartqa_val_211,398.342,1195.083,461.092,23.677,0.333318,0.9946,,,,0.9982,1.0,amdahl
chartqa,1792,32,chartqa_val_212,423.075,758.644,486.052,24.781,0.557672,0.9957,,,,0.9976,1.0,amdahl
chartqa,1792,32,chartqa_val_213,403.139,1146.273,465.437,21.962,0.351695,0.9893,,,,0.9962,1.0,amdahl
chartqa,1792,32,chartqa_val_214,413.048,744.98,476.361,22.385,0.554441,0.9949,,,,0.9971,1.0,amdahl
chartqa,1792,32,chartqa_val_215,372.843,1215.656,435.384,25.17,0.306702,0.9975,,,,0.9992,1.0,amdahl
chartqa,1792,32,chartqa_val_216,398.236,589.526,460.878,21.441,0.675519,1.003,,,,1.002,1.0,amdahl
chartqa,1792,32,chartqa_val_217,389.97,1144.424,452.689,22.314,0.340757,1.0143,,,,1.0048,1.0,amdahl
chartqa,1792,32,chartqa_val_218,397.564,591.448,460.465,21.83,0.672188,0.9976,,,,0.9984,1.0,amdahl
chartqa,1792,32,chartqa_val_219,396.788,1223.479,459.133,24.656,0.324311,0.9951,,,,0.9984,1.0,amdahl
chartqa,1792,32,chartqa_val_220,366.062,1163.046,429.023,23.678,0.314744,0.9974,,,,0.9992,1.0,amdahl
chartqa,1792,32,chartqa_val_221,376.697,1177.143,439.709,23.788,0.32001,0.9938,,,,0.998,1.0,amdahl
chartqa,1792,32,chartqa_val_222,376.351,1214.377,439.233,25.005,0.309913,1.0091,,,,1.0028,1.0,amdahl
chartqa,1792,32,chartqa_val_223,388.665,811.036,451.737,22.456,0.47922,1.1897,,,,1.0828,1.0,amdahl
chartqa,1792,32,chartqa_val_224,371.27,653.132,434.196,24.326,0.568445,1.0213,,,,1.012,1.0,amdahl
chartqa,1792,32,chartqa_val_225,368.889,862.528,431.151,23.965,0.427684,0.9938,,,,0.9973,1.0,amdahl
chartqa,1792,32,chartqa_val_226,402.772,1186.216,464.938,23.267,0.339544,0.9911,,,,0.997,1.0,amdahl
chartqa,1792,32,chartqa_val_227,370.945,1156.745,433.003,23.347,0.32068,0.9934,,,,0.9979,1.0,amdahl
chartqa,1792,32,chartqa_val_228,389.686,598.229,452.0,20.89,0.651399,0.9902,,,,0.9936,1.0,amdahl
chartqa,1792,32,chartqa_val_229,359.287,907.836,421.507,23.158,0.395762,0.9946,,,,0.9979,1.0,amdahl
chartqa,1792,32,chartqa_val_230,500.856,1285.969,563.438,23.307,0.389477,0.9954,,,,0.9982,1.0,amdahl
chartqa,1792,32,chartqa_val_231,446.696,954.945,509.489,22.273,0.467771,0.9988,,,,0.9994,1.0,amdahl
chartqa,1792,32,chartqa_val_232,400.488,1184.91,464.262,23.247,0.33799,1.0077,,,,1.0026,1.0,amdahl
chartqa,1792,32,chartqa_val_233,374.817,1197.046,437.692,24.495,0.313119,0.9928,,,,0.9977,1.0,amdahl
chartqa,1792,32,chartqa_val_234,393.646,1184.358,456.829,23.469,0.332371,1.0201,,,,1.0066,1.0,amdahl
chartqa,1792,32,chartqa_val_235,392.203,1185.101,454.448,23.569,0.330945,1.0038,,,,1.0013,1.0,amdahl
chartqa,1792,32,chartqa_val_236,369.433,604.887,431.469,21.677,0.610747,0.9967,,,,0.998,1.0,amdahl
chartqa,1792,32,chartqa_val_237,410.941,1008.206,473.565,23.245,0.407596,0.9965,,,,0.9986,1.0,amdahl
chartqa,1792,32,chartqa_val_238,393.536,1018.004,455.684,20.827,0.386576,1.0046,,,,1.0018,1.0,amdahl
chartqa,1792,32,chartqa_val_239,425.263,1213.79,489.354,23.369,0.350359,0.9969,,,,0.9989,1.0,amdahl
chartqa,1792,32,chartqa_val_240,386.09,1197.885,449.39,24.145,0.322309,1.0935,,,,1.0283,1.0,amdahl
chartqa,1792,32,chartqa_val_241,381.074,1194.077,444.091,24.193,0.319137,0.992,,,,0.9974,1.0,amdahl
chartqa,1792,32,chartqa_val_242,354.539,1040.713,416.732,23.11,0.34067,1.0089,,,,1.003,1.0,amdahl
chartqa,1792,32,chartqa_val_243,364.088,1182.253,426.353,24.384,0.307962,1.0034,,,,1.001,1.0,amdahl
chartqa,1792,32,chartqa_val_244,375.615,1193.006,437.679,24.365,0.314848,0.9921,,,,0.9975,1.0,amdahl
chartqa,1792,32,chartqa_val_245,404.312,999.697,466.793,24.223,0.404434,1.0288,,,,1.0114,1.0,amdahl
chartqa,1792,32,chartqa_val_246,432.611,1247.404,495.789,24.246,0.346809,1.0274,,,,1.0093,1.0,amdahl
chartqa,1792,32,chartqa_val_247,407.151,1170.371,470.859,22.565,0.347882,1.0088,,,,1.003,1.0,amdahl
chartqa,1792,32,chartqa_val_248,366.859,1107.919,429.668,21.879,0.331124,0.9975,,,,0.9992,1.0,amdahl
chartqa,1792,32,chartqa_val_249,438.757,1244.605,501.813,23.961,0.352527,0.9902,,,,0.9965,1.0,amdahl
chartqa,1792,32,chartqa_val_250,373.88,819.061,436.543,23.907,0.456474,1.0071,,,,1.0032,1.0,amdahl
chartqa,1792,32,chartqa_val_251,408.704,1217.383,478.306,23.841,0.335724,0.996,,,,0.9986,1.0,amdahl
chartqa,1792,32,chartqa_val_252,372.558,593.232,435.422,22.544,0.628013,0.9899,,,,0.9937,1.0,amdahl
chartqa,1792,32,chartqa_val_253,395.921,1032.839,458.571,23.928,0.383333,1.0198,,,,1.0075,1.0,amdahl
chartqa,1792,32,chartqa_val_254,406.751,1261.561,470.512,25.518,0.322419,1.0099,,,,1.0032,1.0,amdahl
chartqa,1792,32,chartqa_val_255,367.499,1147.38,429.717,23.15,0.320294,1.0156,,,,1.005,1.0,amdahl
chartqa,1792,32,chartqa_val_256,369.744,936.864,431.782,24.052,0.394661,0.9932,,,,0.9973,1.0,amdahl
chartqa,1792,32,chartqa_val_257,408.808,1161.026,471.43,22.245,0.352109,1.0078,,,,1.0027,1.0,amdahl
chartqa,1792,32,chartqa_val_258,396.001,759.574,458.25,21.523,0.521346,0.9985,,,,0.9992,1.0,amdahl
chartqa,1792,32,chartqa_val_259,389.073,1156.556,451.357,22.748,0.336406,1.0213,,,,1.0071,1.0,amdahl
chartqa,1792,32,chartqa_val_260,436.257,1244.698,499.812,24.029,0.350492,1.0084,,,,1.0029,1.0,amdahl
chartqa,1792,32,chartqa_val_261,368.89,1199.658,431.14,24.791,0.307496,1.0477,,,,1.0142,1.0,amdahl
chartqa,1792,32,chartqa_val_262,402.371,1233.844,465.447,24.787,0.326112,0.9964,,,,0.9988,1.0,amdahl
chartqa,1792,32,chartqa_val_263,397.689,1261.974,459.93,25.872,0.315133,1.0587,,,,1.0178,1.0,amdahl
chartqa,1792,32,chartqa_val_264,367.75,1213.88,429.958,25.288,0.302954,1.0157,,,,1.0047,1.0,amdahl
chartqa,1792,32,chartqa_val_265,360.8,1174.459,423.125,24.237,0.307205,1.0119,,,,1.0036,1.0,amdahl
chartqa,1792,32,chartqa_val_266,412.172,1158.672,475.122,22.05,0.355728,0.993,,,,0.9975,1.0,amdahl
chartqa,1792,32,chartqa_val_267,387.824,1195.207,449.858,24.044,0.324482,1.0093,,,,1.003,1.0,amdahl
chartqa,1792,32,chartqa_val_268,548.211,1111.286,610.952,26.333,0.493312,0.9934,,,,0.9968,1.0,amdahl
chartqa,1792,32,chartqa_val_269,399.038,1189.966,462.13,23.479,0.335335,1.0032,,,,1.0011,1.0,amdahl
chartqa,1792,32,chartqa_val_270,460.212,938.82,522.82,21.895,0.490202,0.9938,,,,0.997,1.0,amdahl
chartqa,1792,32,chartqa_val_271,414.749,1218.986,477.94,23.905,0.340241,0.9937,,,,0.9979,1.0,amdahl
chartqa,1792,32,chartqa_val_272,419.031,1149.367,481.788,21.535,0.364575,0.9977,,,,0.9991,1.0,amdahl
chartqa,1792,32,chartqa_val_273,401.55,1195.32,465.137,23.554,0.335935,0.9998,,,,0.9999,1.0,amdahl
chartqa,1792,32,chartqa_val_274,444.961,1225.755,507.505,23.169,0.363009,0.9927,,,,0.9973,1.0,amdahl
chartqa,1792,32,chartqa_val_275,409.635,1289.498,471.8,26.377,0.31767,0.9969,,,,0.999,1.0,amdahl
chartqa,1792,32,chartqa_val_276,408.309,788.72,471.162,22.683,0.517686,0.9964,,,,0.9981,1.0,amdahl
chartqa,1792,32,chartqa_val_277,443.664,1216.98,506.324,25.381,0.364562,0.9962,,,,0.9986,1.0,amdahl
chartqa,1792,32,chartqa_val_278,361.463,743.965,423.629,24.641,0.48586,0.9975,,,,0.9988,1.0,amdahl
chartqa,1792,32,chartqa_val_279,410.128,1259.812,474.011,25.348,0.325547,0.9962,,,,0.9988,1.0,amdahl
chartqa,1792,32,chartqa_val_280,410.368,1142.472,473.018,21.595,0.359193,0.994,,,,0.9978,1.0,amdahl
chartqa,1792,32,chartqa_val_281,371.192,1142.967,433.918,22.873,0.324762,0.9958,,,,0.9986,1.0,amdahl
chartqa,1792,32,chartqa_val_282,366.785,921.256,429.5,25.882,0.398136,1.0086,,,,1.0034,1.0,amdahl
chartqa,1792,32,chartqa_val_283,365.331,1143.207,427.819,23.077,0.319567,0.9912,,,,0.9972,1.0,amdahl
chartqa,1792,32,chartqa_val_284,397.622,996.711,460.172,22.356,0.398934,1.0567,,,,1.0219,1.0,amdahl
chartqa,1792,32,chartqa_val_285,412.839,806.039,475.42,20.664,0.512182,1.0001,,,,1.0,1.0,amdahl
chartqa,1792,32,chartqa_val_286,441.653,1117.698,504.02,22.729,0.395145,0.9928,,,,0.9971,1.0,amdahl
chartqa,1792,32,chartqa_val_287,376.908,1235.345,439.408,26.531,0.305103,0.9987,,,,0.9996,1.0,amdahl
chartqa,1792,32,chartqa_val_288,357.95,1201.442,420.762,25.183,0.297933,1.0082,,,,1.0024,1.0,amdahl
chartqa,1792,32,chartqa_val_289,405.263,918.143,468.033,25.006,0.441395,0.9948,,,,0.9977,1.0,amdahl
chartqa,1792,32,chartqa_val_290,400.366,1145.391,462.597,22.026,0.349545,0.9957,,,,0.9985,1.0,amdahl
chartqa,1792,32,chartqa_val_291,404.216,893.891,847.481,23.205,0.452198,0.9955,,,,0.998,1.0,amdahl
chartqa,1792,32,chartqa_val_292,439.322,1116.364,501.507,21.959,0.393529,1.0078,,,,1.0031,1.0,amdahl
chartqa,1792,32,chartqa_val_293,358.588,1139.667,421.872,23.155,0.314643,0.9898,,,,0.9968,1.0,amdahl
chartqa,1792,32,chartqa_val_294,404.807,713.149,467.246,22.355,0.567633,0.9935,,,,0.9963,1.0,amdahl
chartqa,1792,32,chartqa_val_295,371.296,3128.22,882.728,72.435,0.118692,0.9923,,,,0.9991,1.0,amdahl
chartqa,1792,32,chartqa_val_296,391.193,925.442,453.487,21.453,0.422709,0.9994,,,,0.9997,1.0,amdahl
chartqa,1792,32,chartqa_val_297,401.02,1228.556,463.244,24.687,0.326416,1.0101,,,,1.0033,1.0,amdahl
chartqa,1792,32,chartqa_val_298,350.223,786.839,413.059,26.699,0.445101,0.9969,,,,0.9986,1.0,amdahl
chartqa,1792,32,chartqa_val_299,402.538,1179.341,464.741,23.052,0.341324,0.995,,,,0.9983,1.0,amdahl
chartqa,1792,32,chartqa_val_300,368.414,950.348,430.922,22.584,0.387662,0.9924,,,,0.997,1.0,amdahl
chartqa,1792,32,chartqa_val_301,380.992,1119.847,443.254,21.826,0.340217,0.9987,,,,0.9996,1.0,amdahl
chartqa,1792,32,chartqa_val_302,412.98,1580.486,852.226,80.918,0.261299,1.0106,,,,1.0028,1.0,amdahl
chartqa,1792,32,chartqa_val_303,401.586,1239.372,466.441,24.933,0.324024,0.9904,,,,0.9969,1.0,amdahl
chartqa,1792,32,chartqa_val_304,355.205,1085.891,417.516,23.871,0.327109,1.0208,,,,1.0067,1.0,amdahl
chartqa,1792,32,chartqa_val_305,352.721,1096.649,415.408,21.976,0.321636,1.0089,,,,1.0029,1.0,amdahl
chartqa,1792,32,chartqa_val_306,534.441,1312.276,597.168,23.068,0.407263,0.9898,,,,0.9958,1.0,amdahl
chartqa,1792,32,chartqa_val_307,453.897,1213.812,516.49,22.494,0.373943,0.9975,,,,0.999,1.0,amdahl
chartqa,1792,32,chartqa_val_308,397.461,1144.659,462.062,22.019,0.347231,0.9961,,,,0.9987,1.0,amdahl
chartqa,1792,32,chartqa_val_309,398.581,988.086,461.576,21.938,0.403387,0.9889,,,,0.9955,1.0,amdahl
chartqa,1792,32,chartqa_val_310,415.008,1253.572,478.621,24.998,0.331061,0.999,,,,0.9997,1.0,amdahl
chartqa,1792,32,chartqa_val_311,393.29,1187.307,456.153,23.586,0.331246,0.9928,,,,0.9976,1.0,amdahl
chartqa,1792,32,chartqa_val_312,408.158,1268.846,471.563,25.719,0.321677,0.9902,,,,0.9968,1.0,amdahl
chartqa,1792,32,chartqa_val_313,375.036,1224.554,437.874,25.377,0.306263,0.9953,,,,0.9986,1.0,amdahl
chartqa,1792,32,chartqa_val_314,393.985,997.433,456.288,24.597,0.394999,1.008,,,,1.0032,1.0,amdahl
chartqa,1792,32,chartqa_val_315,417.146,1154.234,479.702,21.759,0.361405,0.9978,,,,0.9992,1.0,amdahl
chartqa,1792,32,chartqa_val_316,413.536,1188.031,476.219,22.962,0.348085,1.0675,,,,1.0225,1.0,amdahl
chartqa,1792,32,chartqa_val_317,402.237,1144.722,466.037,21.893,0.351384,0.9939,,,,0.9978,1.0,amdahl
chartqa,1792,32,chartqa_val_318,403.404,785.374,466.591,24.522,0.513646,0.9909,,,,0.9953,1.0,amdahl
chartqa,1792,32,chartqa_val_319,386.673,1188.424,449.731,23.829,0.325366,0.9891,,,,0.9964,1.0,amdahl
chartqa,1792,32,chartqa_val_320,392.573,796.045,455.363,24.334,0.493155,0.9921,,,,0.9961,1.0,amdahl
chartqa,1792,32,chartqa_val_321,408.197,1250.815,471.214,25.148,0.326345,1.0321,,,,1.0103,1.0,amdahl
chartqa,1792,32,chartqa_val_322,403.695,1052.017,467.196,22.493,0.383735,0.9983,,,,0.9994,1.0,amdahl
chartqa,1792,32,chartqa_val_323,397.806,1191.688,460.163,23.598,0.333817,0.9961,,,,0.9987,1.0,amdahl
chartqa,1792,32,chartqa_val_324,377.001,1250.025,439.314,26.152,0.301595,0.9914,,,,0.9974,1.0,amdahl
chartqa,1792,32,chartqa_val_325,394.292,1219.915,456.978,24.611,0.323213,1.0036,,,,1.0012,1.0,amdahl
chartqa,1792,32,chartqa_val_326,404.31,1233.133,467.069,24.712,0.327872,1.0068,,,,1.0022,1.0,amdahl
chartqa,1792,32,chartqa_val_327,368.287,1193.565,432.527,24.55,0.308561,0.9917,,,,0.9974,1.0,amdahl
chartqa,1792,32,chartqa_val_328,406.485,1244.852,470.074,24.993,0.326533,1.0246,,,,1.0079,1.0,amdahl
chartqa,1792,32,chartqa_val_329,440.172,1338.95,503.05,26.965,0.328744,1.1356,,,,1.0409,1.0,amdahl
chartqa,1792,32,chartqa_val_330,374.458,1183.409,437.464,24.865,0.316423,0.9957,,,,0.9986,1.0,amdahl
chartqa,1792,32,chartqa_val_331,355.796,1200.576,418.288,25.235,0.296354,0.9959,,,,0.9988,1.0,amdahl
chartqa,1792,32,chartqa_val_332,401.601,1256.408,464.157,25.556,0.319642,0.9979,,,,0.9993,1.0,amdahl
chartqa,1792,32,chartqa_val_333,398.788,1128.505,461.592,24.7,0.353377,1.0052,,,,1.0018,1.0,amdahl
chartqa,1792,32,chartqa_val_334,368.358,1226.934,430.637,25.687,0.300226,0.9956,,,,0.9987,1.0,amdahl
chartqa,1792,32,chartqa_val_335,368.603,1203.555,431.48,24.906,0.306261,1.0023,,,,1.0007,1.0,amdahl
chartqa,1792,32,chartqa_val_336,414.415,1171.568,477.444,25.708,0.353727,0.9937,,,,0.9978,1.0,amdahl
chartqa,1792,32,chartqa_val_337,403.28,1220.624,466.265,24.334,0.330388,0.9856,,,,0.9952,1.0,amdahl
chartqa,1792,32,chartqa_val_338,394.967,1218.635,458.618,24.517,0.324106,1.0108,,,,1.0035,1.0,amdahl
chartqa,1792,32,chartqa_val_339,392.398,1099.315,454.805,20.791,0.356947,1.025,,,,1.0088,1.0,amdahl
chartqa,1792,32,chartqa_val_340,422.215,805.017,484.616,24.646,0.524479,1.0024,,,,1.0013,1.0,amdahl
chartqa,1792,32,chartqa_val_341,368.455,1171.459,431.569,23.867,0.314527,0.9979,,,,0.9993,1.0,amdahl
chartqa,1792,32,chartqa_val_342,423.883,958.291,486.498,24.831,0.442333,0.9953,,,,0.9979,1.0,amdahl
chartqa,1792,32,chartqa_val_343,571.048,1438.609,639.669,25.772,0.396944,1.0017,,,,1.0007,1.0,amdahl
chartqa,1792,32,chartqa_val_344,352.938,1210.509,415.075,25.659,0.291561,1.0128,,,,1.0037,1.0,amdahl
chartqa,1792,32,chartqa_val_345,357.938,1162.307,420.255,23.937,0.307955,0.9897,,,,0.9968,1.0,amdahl
chartqa,1792,32,chartqa_val_346,375.119,1170.06,437.155,23.642,0.320599,1.0033,,,,1.0011,1.0,amdahl
chartqa,1792,32,chartqa_val_347,360.427,1154.033,422.34,23.603,0.31232,0.9941,,,,0.9982,1.0,amdahl
chartqa,1792,32,chartqa_val_348,387.088,986.752,450.782,24.362,0.392285,1.0099,,,,1.0039,1.0,amdahl
chartqa,1792,32,chartqa_val_349,360.791,1175.74,424.015,24.249,0.306863,0.9946,,,,0.9983,1.0,amdahl
chartqa,1792,32,chartqa_val_350,356.53,1118.798,418.753,22.582,0.318673,0.997,,,,0.999,1.0,amdahl
chartqa,1792,32,chartqa_val_351,423.159,1184.013,485.771,22.524,0.357394,0.9982,,,,0.9993,1.0,amdahl
chartqa,1792,32,chartqa_val_352,460.922,1234.175,524.402,22.896,0.373466,1.0008,,,,1.0003,1.0,amdahl
chartqa,1792,32,chartqa_val_353,391.966,1171.645,454.602,23.13,0.334544,1.0015,,,,1.0005,1.0,amdahl
chartqa,1792,32,chartqa_val_354,398.128,862.086,460.08,25.125,0.46182,1.0009,,,,1.0004,1.0,amdahl
chartqa,1792,32,chartqa_val_355,428.494,1193.547,490.96,22.664,0.359008,1.0129,,,,1.0046,1.0,amdahl
chartqa,1792,32,chartqa_val_356,394.124,1132.466,456.868,25.022,0.348023,0.99,,,,0.9965,1.0,amdahl
chartqa,1792,32,chartqa_val_357,394.597,1168.873,457.278,22.955,0.337588,0.9937,,,,0.9979,1.0,amdahl
chartqa,1792,32,chartqa_val_358,382.603,1183.899,446.902,23.774,0.323172,0.9902,,,,0.9968,1.0,amdahl
chartqa,1792,32,chartqa_val_359,420.721,1232.211,484.27,24.127,0.341436,1.1822,,,,1.0556,1.0,amdahl
chartqa,1792,32,chartqa_val_360,452.783,715.504,515.581,22.214,0.632817,0.9901,,,,0.9937,1.0,amdahl
chartqa,1792,32,chartqa_val_361,366.711,1154.64,429.134,23.403,0.317598,0.9972,,,,0.9991,1.0,amdahl
chartqa,1792,32,chartqa_val_362,385.249,1180.976,448.004,23.644,0.326213,0.99,,,,0.9967,1.0,amdahl
chartqa,1792,32,chartqa_val_363,393.084,1231.591,455.666,25.03,0.319168,0.993,,,,0.9977,1.0,amdahl
chartqa,1792,32,chartqa_val_364,358.048,1183.039,420.481,25.419,0.302652,0.991,,,,0.9973,1.0,amdahl
chartqa,1792,32,chartqa_val_365,393.332,1160.224,456.077,22.714,0.339014,0.9882,,,,0.996,1.0,amdahl
chartqa,1792,32,chartqa_val_366,415.378,1083.41,478.412,22.407,0.383399,1.0541,,,,1.0201,1.0,amdahl
chartqa,1792,32,chartqa_val_367,403.436,1227.531,465.968,24.567,0.328657,1.0383,,,,1.0123,1.0,amdahl
chartqa,1792,32,chartqa_val_368,391.581,1053.713,454.346,24.974,0.37162,0.9929,,,,0.9974,1.0,amdahl
chartqa,1792,32,chartqa_val_369,401.114,1146.699,464.537,22.005,0.349799,1.0189,,,,1.0065,1.0,amdahl
chartqa,1792,32,chartqa_val_370,357.306,857.64,419.252,24.355,0.416616,0.9981,,,,0.9992,1.0,amdahl
chartqa,1792,32,chartqa_val_371,386.953,1187.812,449.633,23.812,0.32577,0.9918,,,,0.9973,1.0,amdahl
chartqa,1792,32,chartqa_val_372,391.719,605.366,454.82,25.091,0.647079,0.9938,,,,0.996,1.0,amdahl
chartqa,1792,32,chartqa_val_373,395.411,822.823,457.62,21.483,0.480554,1.0102,,,,1.0049,1.0,amdahl
chartqa,1792,32,chartqa_val_374,402.656,773.146,465.583,25.63,0.520802,0.9985,,,,0.9992,1.0,amdahl
chartqa,1792,32,chartqa_val_375,355.632,1163.651,418.38,24.041,0.305617,0.9982,,,,0.9994,1.0,amdahl
chartqa,1792,32,chartqa_val_376,359.667,854.135,421.741,27.025,0.42109,0.997,,,,0.9987,1.0,amdahl
chartqa,1792,32,chartqa_val_377,387.989,1178.568,449.979,23.503,0.329204,0.9943,,,,0.9981,1.0,amdahl
chartqa,1792,32,chartqa_val_378,414.98,1237.36,477.889,25.316,0.335375,0.9959,,,,0.9986,1.0,amdahl
chartqa,1792,32,chartqa_val_379,409.445,811.462,472.358,22.607,0.504577,0.9976,,,,0.9988,1.0,amdahl
chartqa,1792,32,chartqa_val_380,415.086,866.598,479.748,24.178,0.478983,0.9961,,,,0.9981,1.0,amdahl
chartqa,1792,32,chartqa_val_381,511.716,1300.311,574.568,23.411,0.393534,0.9966,,,,0.9987,1.0,amdahl
chartqa,1792,32,chartqa_val_382,394.358,692.213,457.346,21.352,0.569706,0.9974,,,,0.9985,1.0,amdahl
chartqa,1792,32,chartqa_val_383,445.056,1259.41,507.878,24.243,0.353384,0.9867,,,,0.9953,1.0,amdahl
chartqa,1792,32,chartqa_val_384,368.123,688.384,430.491,25.789,0.534764,0.9935,,,,0.9965,1.0,amdahl
chartqa,1792,32,chartqa_val_385,407.061,1210.237,470.162,23.873,0.336349,1.002,,,,1.0007,1.0,amdahl
chartqa,1792,32,chartqa_val_386,355.735,750.159,417.973,27.682,0.474213,0.9912,,,,0.9958,1.0,amdahl
chartqa,1792,32,chartqa_val_387,369.319,1056.845,431.793,24.04,0.349454,0.973,,,,0.9904,1.0,amdahl
chartqa,1792,32,chartqa_val_388,366.997,1136.101,429.694,23.547,0.323032,0.9952,,,,0.9985,1.0,amdahl
chartqa,1792,32,chartqa_val_389,366.384,1160.325,428.423,23.61,0.31576,1.1067,,,,1.0314,1.0,amdahl
chartqa,1792,32,chartqa_val_390,367.709,1074.602,430.182,23.867,0.342182,0.9905,,,,0.9967,1.0,amdahl
chartqa,1792,32,chartqa_val_391,355.603,759.215,417.985,24.374,0.468383,1.0003,,,,1.0001,1.0,amdahl
chartqa,1792,32,chartqa_val_392,376.959,488.414,439.855,24.279,0.771803,0.9925,,,,0.9942,1.0,amdahl
chartqa,1792,32,chartqa_val_393,407.725,1168.157,471.279,22.48,0.349032,1.0182,,,,1.0063,1.0,amdahl
chartqa,1792,32,chartqa_val_394,428.053,1143.433,491.158,22.492,0.374357,0.9927,,,,0.9973,1.0,amdahl
chartqa,1792,32,chartqa_val_395,402.258,1214.478,465.074,24.174,0.331219,0.9949,,,,0.9983,1.0,amdahl
chartqa,1792,32,chartqa_val_396,371.177,1094.644,434.091,23.591,0.339084,0.992,,,,0.9973,1.0,amdahl
chartqa,1792,32,chartqa_val_397,363.73,864.09,426.343,24.319,0.42094,0.9964,,,,0.9985,1.0,amdahl
chartqa,1792,32,chartqa_val_398,408.557,1059.969,471.362,28.029,0.385442,1.0054,,,,1.0021,1.0,amdahl
chartqa,1792,32,chartqa_val_399,402.961,1215.83,466.678,24.166,0.331429,1.0072,,,,1.0024,1.0,amdahl
chartqa,1792,32,chartqa_val_400,393.373,1216.414,456.316,24.519,0.323387,1.0087,,,,1.0028,1.0,amdahl
chartqa,1792,32,chartqa_val_401,386.121,1139.758,448.954,22.284,0.338775,0.9922,,,,0.9974,1.0,amdahl
chartqa,1792,32,chartqa_val_402,463.672,800.383,526.808,22.798,0.579312,0.9956,,,,0.9974,1.0,amdahl
chartqa,1792,32,chartqa_val_403,371.37,1216.63,434.504,25.23,0.305245,0.9966,,,,0.999,1.0,amdahl
chartqa,1792,32,chartqa_val_404,446.15,1242.047,508.658,24.446,0.359205,1.0075,,,,1.0027,1.0,amdahl
chartqa,1792,32,chartqa_val_405,406.05,1238.876,469.808,24.809,0.327757,0.9959,,,,0.9986,1.0,amdahl
chartqa,1792,32,chartqa_val_406,352.558,858.472,414.683,24.655,0.410681,0.9986,,,,0.9994,1.0,amdahl
chartqa,1792,32,chartqa_val_407,382.479,1253.906,446.033,26.06,0.30503,1.008,,,,1.0024,1.0,amdahl
chartqa,1792,32,chartqa_val_408,433.172,1219.191,496.289,24.097,0.355295,1.0329,,,,1.0115,1.0,amdahl
chartqa,1792,32,chartqa_val_409,387.41,1146.737,449.758,22.483,0.337837,1.0097,,,,1.0032,1.0,amdahl
chartqa,1792,32,chartqa_val_410,413.04,1034.01,477.011,22.28,0.399455,1.0122,,,,1.0048,1.0,amdahl
chartqa,1792,32,chartqa_val_411,362.005,1174.015,424.672,24.172,0.308348,1.0156,,,,1.0048,1.0,amdahl
chartqa,1792,32,chartqa_val_412,393.559,604.257,456.132,21.161,0.651311,1.0025,,,,1.0017,1.0,amdahl
chartqa,1792,32,chartqa_val_413,424.935,1191.328,488.847,22.661,0.35669,1.0134,,,,1.0047,1.0,amdahl
chartqa,1792,32,chartqa_val_414,394.659,963.846,457.639,23.009,0.409463,0.9892,,,,0.9956,1.0,amdahl
chartqa,1792,32,chartqa_val_415,394.255,1209.708,457.438,24.267,0.325909,1.0047,,,,1.0015,1.0,amdahl
chartqa,1792,32,chartqa_val_416,398.942,1009.4,462.557,22.785,0.395227,1.004,,,,1.0016,1.0,amdahl
chartqa,1792,32,chartqa_val_417,392.305,1198.047,454.614,23.982,0.327454,1.0253,,,,1.0081,1.0,amdahl
chartqa,1792,32,chartqa_val_418,505.38,1236.651,567.805,21.576,0.408668,1.0074,,,,1.003,1.0,amdahl
chartqa,1792,32,chartqa_val_419,391.303,1171.822,454.032,23.155,0.333927,1.0049,,,,1.0016,1.0,amdahl
chartqa,1792,32,chartqa_val_420,408.365,1277.447,470.968,26.015,0.319673,0.993,,,,0.9978,1.0,amdahl
chartqa,1792,32,chartqa_val_421,368.662,1181.197,431.668,24.178,0.312109,0.9929,,,,0.9978,1.0,amdahl
chartqa,1792,32,chartqa_val_422,395.755,1180.164,458.349,23.284,0.335339,0.9961,,,,0.9987,1.0,amdahl
chartqa,1792,32,chartqa_val_423,452.47,1281.513,516.438,24.68,0.353075,1.0084,,,,1.0029,1.0,amdahl
chartqa,1792,32,chartqa_val_424,399.797,809.671,462.588,24.792,0.493777,0.9903,,,,0.9952,1.0,amdahl
chartqa,1792,32,chartqa_val_425,367.638,1249.475,429.934,26.437,0.294234,0.989,,,,0.9967,1.0,amdahl
chartqa,1792,32,chartqa_val_426,360.726,1145.49,422.927,23.308,0.31491,0.9912,,,,0.9972,1.0,amdahl
chartqa,1792,32,chartqa_val_427,404.53,1140.259,467.664,21.697,0.354771,1.1041,,,,1.0346,1.0,amdahl
chartqa,1792,32,chartqa_val_428,389.688,1112.411,453.934,23.517,0.350309,0.9958,,,,0.9985,1.0,amdahl
chartqa,1792,32,chartqa_val_429,382.257,1192.199,445.054,24.101,0.320632,0.9941,,,,0.9981,1.0,amdahl
chartqa,1792,32,chartqa_val_430,389.581,703.941,452.524,25.142,0.553429,0.9945,,,,0.9969,1.0,amdahl
chartqa,1792,32,chartqa_val_431,419.471,1012.074,482.504,27.872,0.414467,1.0022,,,,1.0009,1.0,amdahl
chartqa,1792,32,chartqa_val_432,406.145,769.846,469.184,25.055,0.527567,0.9939,,,,0.9968,1.0,amdahl
chartqa,1792,32,chartqa_val_433,371.237,1210.406,433.625,25.057,0.306704,1.0072,,,,1.0022,1.0,amdahl
chartqa,1792,32,chartqa_val_434,405.884,957.395,469.311,22.186,0.423946,1.0116,,,,1.0049,1.0,amdahl
chartqa,1792,32,chartqa_val_435,419.62,891.953,482.742,24.071,0.47045,0.9984,,,,0.9993,1.0,amdahl
chartqa,1792,32,chartqa_val_436,439.823,661.725,503.509,22.602,0.664661,0.9918,,,,0.9945,1.0,amdahl
chartqa,1792,32,chartqa_val_437,417.374,516.706,479.77,36.936,0.807759,0.9951,,,,0.996,1.0,amdahl
chartqa,1792,32,chartqa_val_438,380.864,942.282,443.767,26.238,0.404193,0.9943,,,,0.9977,1.0,amdahl
chartqa,1792,32,chartqa_val_439,367.084,840.322,429.429,24.17,0.436837,1.0325,,,,1.0139,1.0,amdahl
chartqa,1792,32,chartqa_val_440,388.175,796.632,451.43,24.657,0.48727,0.9998,,,,0.9999,1.0,amdahl
chartqa,1792,32,chartqa_val_441,388.843,1182.126,452.157,23.547,0.328936,0.9925,,,,0.9975,1.0,amdahl
chartqa,1792,32,chartqa_val_442,373.094,834.408,435.8,28.472,0.447136,1.0007,,,,1.0003,1.0,amdahl
chartqa,1792,32,chartqa_val_443,394.324,1208.197,456.682,25.914,0.326374,0.9936,,,,0.9979,1.0,amdahl
chartqa,1792,32,chartqa_val_444,405.181,1286.347,467.983,26.399,0.314985,1.0023,,,,1.0007,1.0,amdahl
chartqa,1792,32,chartqa_val_445,387.004,1188.442,451.137,23.784,0.32564,1.1079,,,,1.0327,1.0,amdahl
chartqa,1792,32,chartqa_val_446,389.823,1075.648,453.677,25.915,0.362407,1.013,,,,1.0047,1.0,amdahl
chartqa,1792,32,chartqa_val_447,441.811,1296.693,504.439,25.557,0.340722,0.9916,,,,0.9971,1.0,amdahl
chartqa,1792,32,chartqa_val_448,360.517,567.679,423.066,24.102,0.635072,0.9985,,,,0.999,1.0,amdahl
chartqa,1792,32,chartqa_val_449,355.433,834.531,418.01,23.14,0.425908,1.005,,,,1.0021,1.0,amdahl
chartqa,1792,32,chartqa_val_450,438.961,1153.958,501.447,21.049,0.380396,0.9981,,,,0.9993,1.0,amdahl
chartqa,1792,32,chartqa_val_451,452.856,910.248,515.242,20.79,0.497508,1.0421,,,,1.0205,1.0,amdahl
chartqa,1792,32,chartqa_val_452,460.433,662.552,523.471,23.18,0.694939,0.9919,,,,0.9943,1.0,amdahl
chartqa,1792,32,chartqa_val_453,367.375,1202.91,429.713,24.942,0.305406,0.9976,,,,0.9993,1.0,amdahl
chartqa,1792,32,chartqa_val_454,398.229,1213.248,460.899,24.269,0.328234,0.991,,,,0.997,1.0,amdahl
chartqa,1792,32,chartqa_val_455,357.184,968.772,419.662,24.96,0.368698,1.003,,,,1.0011,1.0,amdahl
chartqa,1792,32,chartqa_val_456,498.733,766.983,561.12,25.733,0.650253,0.9912,,,,0.9942,1.0,amdahl
chartqa,1792,32,chartqa_val_457,375.459,1178.758,438.964,23.864,0.318521,0.9852,,,,0.9952,1.0,amdahl
chartqa,1792,32,chartqa_val_458,420.585,637.68,484.14,21.934,0.659555,1.0042,,,,1.0028,1.0,amdahl
chartqa,1792,32,chartqa_val_459,428.158,1218.921,491.109,23.478,0.35126,0.9933,,,,0.9976,1.0,amdahl
chartqa,1792,32,chartqa_val_460,363.176,640.492,425.682,21.481,0.567026,0.9964,,,,0.998,1.0,amdahl
chartqa,1792,32,chartqa_val_461,398.018,1155.72,460.752,22.418,0.34439,0.9953,,,,0.9984,1.0,amdahl
chartqa,1792,32,chartqa_val_462,373.859,615.958,438.004,25.422,0.606956,0.9935,,,,0.996,1.0,amdahl
chartqa,1792,32,chartqa_val_463,375.974,1195.409,440.055,24.366,0.314515,0.9918,,,,0.9974,1.0,amdahl
chartqa,1792,32,chartqa_val_464,370.185,841.297,432.502,21.516,0.440017,0.9942,,,,0.9975,1.0,amdahl
chartqa,1792,32,chartqa_val_465,439.955,1249.731,502.376,24.108,0.35204,0.9914,,,,0.997,1.0,amdahl
chartqa,1792,32,chartqa_val_466,403.231,1126.571,466.074,21.306,0.357927,0.9954,,,,0.9983,1.0,amdahl
chartqa,1792,32,chartqa_val_467,395.227,1162.119,458.269,22.705,0.340092,1.0032,,,,1.0011,1.0,amdahl
chartqa,1792,32,chartqa_val_468,377.363,853.874,441.001,20.644,0.441942,0.9934,,,,0.9971,1.0,amdahl
chartqa,1792,32,chartqa_val_469,401.909,1191.604,464.696,23.449,0.337284,0.9927,,,,0.9975,1.0,amdahl
chartqa,1792,32,chartqa_val_470,375.375,1106.48,438.883,21.535,0.339251,0.995,,,,0.9983,1.0,amdahl
chartqa,1792,32,chartqa_val_471,367.258,1167.915,430.451,23.789,0.314456,0.9965,,,,0.9989,1.0,amdahl
chartqa,1792,32,chartqa_val_472,365.183,1072.743,427.544,23.043,0.34042,0.9949,,,,0.9983,1.0,amdahl
chartqa,1792,32,chartqa_val_473,398.452,1130.415,461.108,21.591,0.352483,0.9945,,,,0.9981,1.0,amdahl
chartqa,1792,32,chartqa_val_474,373.933,867.496,437.515,22.631,0.431048,0.9937,,,,0.9973,1.0,amdahl
chartqa,1792,32,chartqa_val_475,368.716,1124.348,431.694,22.344,0.327938,1.0035,,,,1.0011,1.0,amdahl
chartqa,1792,32,chartqa_val_476,370.082,1021.252,432.821,23.537,0.362381,0.9896,,,,0.9962,1.0,amdahl
chartqa,1792,32,chartqa_val_477,372.134,1124.428,434.592,22.253,0.330954,0.9979,,,,0.9993,1.0,amdahl
chartqa,1792,32,chartqa_val_478,374.631,726.215,436.719,26.318,0.515869,0.9892,,,,0.9944,1.0,amdahl
chartqa,1792,32,chartqa_val_479,358.909,1119.685,421.229,22.531,0.320544,0.9954,,,,0.9985,1.0,amdahl
chartqa,1792,32,chartqa_val_480,429.34,1140.094,491.595,20.919,0.376583,0.9981,,,,0.9993,1.0,amdahl
chartqa,1792,32,chartqa_val_481,401.748,942.964,463.956,21.773,0.426048,1.0012,,,,1.0005,1.0,amdahl
chartqa,1792,32,chartqa_val_482,372.581,1158.78,434.856,24.963,0.321528,0.9935,,,,0.9979,1.0,amdahl
chartqa,1792,32,chartqa_val_483,360.627,1088.346,423.304,21.453,0.331353,0.9963,,,,0.9988,1.0,amdahl
chartqa,1792,32,chartqa_val_484,373.169,1184.756,435.476,24.17,0.314975,0.9946,,,,0.9983,1.0,amdahl
chartqa,1792,32,chartqa_val_485,380.567,685.239,443.516,21.975,0.555378,1.0421,,,,1.023,1.0,amdahl
chartqa,1792,32,chartqa_val_486,402.824,1074.328,466.957,24.295,0.374954,1.0127,,,,1.0047,1.0,amdahl
chartqa,1792,32,chartqa_val_487,450.913,1290.604,515.477,25.004,0.349381,1.0149,,,,1.0052,1.0,amdahl
chartqa,1792,32,chartqa_val_488,425.402,1086.985,489.159,27.174,0.39136,1.0025,,,,1.001,1.0,amdahl
chartqa,1792,32,chartqa_val_489,412.146,1309.253,475.205,26.905,0.314795,1.0005,,,,1.0002,1.0,amdahl
chartqa,1792,32,chartqa_val_490,420.408,801.882,483.328,24.504,0.524277,0.9898,,,,0.9946,1.0,amdahl
chartqa,1792,32,chartqa_val_491,445.883,1277.713,518.016,24.506,0.348969,0.9936,,,,0.9977,1.0,amdahl
chartqa,1792,32,chartqa_val_492,393.681,1191.597,456.256,23.721,0.330381,1.0145,,,,1.0047,1.0,amdahl
chartqa,1792,32,chartqa_val_493,563.789,1400.481,627.21,24.944,0.402568,1.0083,,,,1.0033,1.0,amdahl
chartqa,1792,32,chartqa_val_494,369.539,1193.317,433.25,26.209,0.309674,1.0084,,,,1.0026,1.0,amdahl
chartqa,1792,32,chartqa_val_495,403.281,2092.38,857.916,39.821,0.192738,1.0167,,,,1.0032,1.0,amdahl
chartqa,1792,32,chartqa_val_496,414.223,1084.579,477.513,23.349,0.381921,0.9939,,,,0.9977,1.0,amdahl
chartqa,1792,32,chartqa_val_497,372.816,1144.458,435.516,22.869,0.325758,1.0006,,,,1.0002,1.0,amdahl
chartqa,1792,32,chartqa_val_498,422.089,1250.228,484.732,24.693,0.33761,1.011,,,,1.0037,1.0,amdahl
chartqa,1792,32,chartqa_val_499,397.869,1159.657,461.356,22.526,0.343092,1.0012,,,,1.0004,1.0,amdahl
chartqa,1792,64,chartqa_val_0,362.646,858.559,425.66,27.056,0.422389,0.9956,1.0141,1.0016,1.02,0.9981,1.0,measured
chartqa,1792,64,chartqa_val_1,344.771,1841.538,407.696,22.759,0.187219,0.9998,1.1354,1.0032,1.1525,1.0,1.0,measured
chartqa,1792,64,chartqa_val_2,426.816,5510.482,869.264,73.67,0.077455,0.9934,1.0091,0.9967,1.0106,0.9995,1.0,measured
chartqa,1792,64,chartqa_val_3,360.193,2025.612,784.195,23.873,0.177819,0.9981,1.0113,0.999,1.0131,0.9997,1.0,measured
chartqa,1792,64,chartqa_val_4,384.535,1546.682,881.676,22.167,0.248619,0.9903,0.9224,0.996,0.9038,0.9976,1.0,measured
chartqa,1792,64,chartqa_val_5,571.342,1392.056,1043.329,21.795,0.41043,1.0498,0.9982,1.0328,0.9819,1.0198,1.0,measured
chartqa,1792,64,chartqa_val_6,427.132,1377.273,921.254,22.801,0.310129,0.9905,1.1383,1.5089,0.9852,0.997,1.0,measured
chartqa,1792,64,chartqa_val_7,389.291,1095.508,451.516,23.852,0.355352,1.022,1.077,1.0183,1.0944,1.0077,1.0,measured
chartqa,1792,64,chartqa_val_8,386.481,1558.972,834.827,23.36,0.247908,0.9928,0.9453,0.9981,0.9326,0.9982,1.0,measured
chartqa,1792,64,chartqa_val_9,366.126,3019.6,428.99,41.121,0.12125,1.0218,0.9364,1.0157,0.9268,1.0026,1.0,measured
chartqa,1792,64,chartqa_val_10,391.9,6492.315,864.008,89.338,0.060364,0.9963,0.9861,0.9972,0.9847,0.9998,1.0,measured
chartqa,1792,64,chartqa_val_11,345.924,4820.06,804.655,63.737,0.071768,1.0044,0.9479,0.9696,0.9451,1.0003,1.0,measured
chartqa,1792,64,chartqa_val_12,398.56,996.015,461.837,23.225,0.400154,1.0053,0.9557,0.9985,0.9412,1.0021,1.0,measured
chartqa,1792,64,chartqa_val_13,424.73,1979.242,487.578,23.677,0.214592,1.0282,1.0082,1.0292,1.0056,1.0059,1.0,measured
chartqa,1792,64,chartqa_val_14,349.074,1193.182,411.399,23.69,0.292557,1.0839,1.0269,1.0642,1.0181,1.0232,1.0,measured
chartqa,1792,64,chartqa_val_15,354.805,1946.795,417.37,24.277,0.182251,1.0049,0.937,1.0027,0.9291,1.0009,1.0,measured
chartqa,1792,64,chartqa_val_16,352.858,1178.089,415.607,23.828,0.299518,1.0095,0.9795,1.0018,0.9744,1.0028,1.0,measured
chartqa,1792,64,chartqa_val_17,392.778,2333.432,917.842,22.47,0.168326,1.0026,0.9769,1.0037,0.9735,1.0004,1.0,measured
chartqa,1792,64,chartqa_val_18,371.034,1156.9,856.385,23.117,0.320714,1.0215,0.9275,1.0107,0.8798,1.0068,1.0,measured
chartqa,1792,64,chartqa_val_19,398.065,1565.775,461.068,23.015,0.254229,0.9889,1.0021,0.993,1.0036,0.9972,1.0,measured
chartqa,1792,64,chartqa_val_20,417.1,861.93,480.261,22.451,0.483914,0.9945,1.1169,1.0035,1.1719,0.9973,1.0,measured
chartqa,1792,64,chartqa_val_21,397.43,2364.468,872.899,23.676,0.168084,0.9953,0.9895,0.9984,0.9884,0.9992,1.0,measured
chartqa,1792,64,chartqa_val_22,423.665,1385.478,486.85,23.042,0.305789,1.0383,0.931,1.0255,0.9127,1.0114,1.0,measured
chartqa,1792,64,chartqa_val_23,416.31,1944.907,479.619,23.259,0.214051,0.9995,1.0367,1.0002,1.0412,0.9999,1.0,measured
chartqa,1792,64,chartqa_val_24,392.739,1020.891,455.527,22.615,0.384702,0.9949,0.9399,1.0,0.9224,0.998,1.0,measured
chartqa,1792,64,chartqa_val_25,383.758,1301.068,447.103,23.721,0.294957,1.0165,0.9538,1.0126,0.9419,1.0048,1.0,measured
chartqa,1792,64,chartqa_val_26,384.936,1272.917,447.871,25.783,0.302405,1.0078,1.0806,0.9535,1.1158,1.0023,1.0,measured
chartqa,1792,64,chartqa_val_27,361.114,1897.793,423.333,23.404,0.190281,1.0085,0.9292,1.0345,0.9164,1.0016,1.0,measured
chartqa,1792,64,chartqa_val_28,361.046,1458.713,850.187,22.538,0.24751,0.9953,1.0346,0.9956,1.0465,0.9988,1.0,measured
chartqa,1792,64,chartqa_val_29,387.632,1838.058,451.404,22.01,0.210892,0.9904,0.9655,0.9924,0.9623,0.998,1.0,measured
chartqa,1792,64,chartqa_val_30,427.177,1382.399,490.483,21.236,0.309011,1.0009,1.0116,1.0021,1.0132,1.0003,1.0,measured
chartqa,1792,64,chartqa_val_31,361.811,1306.064,425.047,20.977,0.277024,1.0096,0.9836,1.0088,0.9791,1.0026,1.0,measured
chartqa,1792,64,chartqa_val_32,374.49,2079.125,814.873,43.595,0.180119,0.9937,1.0388,0.9976,1.0504,0.9989,1.0,measured
chartqa,1792,64,chartqa_val_33,372.046,1314.065,434.538,23.145,0.283126,1.007,1.0312,1.0047,1.0368,1.002,1.0,measured
chartqa,1792,64,chartqa_val_34,365.496,826.455,428.146,24.894,0.442245,0.9933,1.0675,0.996,1.1041,0.997,1.0,measured
chartqa,1792,64,chartqa_val_35,369.759,1978.895,432.443,24.547,0.186851,0.9848,1.0321,0.9742,1.0398,0.9971,1.0,measured
chartqa,1792,64,chartqa_val_36,361.479,1218.052,424.022,22.687,0.296768,1.0062,1.001,1.0026,1.0007,1.0018,1.0,measured
chartqa,1792,64,chartqa_val_37,393.717,1851.909,456.604,22.148,0.212601,0.9965,1.0151,0.9962,1.0174,0.9992,1.0,measured
chartqa,1792,64,chartqa_val_38,387.421,1269.806,450.448,21.562,0.305103,0.9974,0.9563,0.9983,0.9483,0.9992,1.0,measured
chartqa,1792,64,chartqa_val_39,404.125,1980.881,466.758,24.034,0.204013,1.0179,0.9963,1.0155,0.994,1.0036,1.0,measured
chartqa,1792,64,chartqa_val_40,371.171,1308.577,434.301,24.979,0.283645,0.9912,0.9531,0.9939,0.9442,0.9975,1.0,measured
chartqa,1792,64,chartqa_val_41,409.97,1066.039,472.419,23.745,0.384573,0.9922,0.9523,0.9939,0.9391,0.997,1.0,measured
chartqa,1792,64,chartqa_val_42,362.801,598.182,425.148,21.629,0.606506,0.9897,0.9634,0.9906,0.9369,0.9938,1.0,measured
chartqa,1792,64,chartqa_val_43,527.013,2124.737,589.526,24.368,0.248037,1.0028,0.8981,0.9989,0.9366,1.0007,1.0,measured
chartqa,1792,64,chartqa_val_44,390.748,763.84,453.85,23.845,0.511558,0.9988,0.9685,0.9628,0.9721,0.9994,1.0,measured
chartqa,1792,64,chartqa_val_45,363.578,1947.696,426.207,24.151,0.186671,0.9904,1.0,0.9927,1.0009,0.9982,1.0,measured
chartqa,1792,64,chartqa_val_46,404.243,1172.27,468.301,22.709,0.344838,1.0065,1.0174,1.0049,1.0206,1.0022,1.0,measured
chartqa,1792,64,chartqa_val_47,358.87,1775.516,421.591,21.491,0.202122,0.9904,0.9671,0.9801,0.9655,0.998,1.0,measured
chartqa,1792,64,chartqa_val_48,420.299,2021.193,484.481,24.392,0.207946,1.0141,0.9964,1.009,0.9949,1.0029,1.0,measured
chartqa,1792,64,chartqa_val_49,368.374,1838.668,430.934,23.078,0.200348,0.9974,0.9861,0.9836,0.9865,0.9995,1.0,measured
chartqa,1792,64,chartqa_val_50,384.308,1499.9,446.936,23.931,0.256222,1.0162,1.4807,0.9945,1.0324,1.0041,1.0,measured
chartqa,1792,64,chartqa_val_51,367.945,1942.389,430.737,23.994,0.189429,1.0424,1.0194,1.0299,1.0181,1.0078,1.0,measured
chartqa,1792,64,chartqa_val_52,393.717,674.946,456.949,27.25,0.583331,0.9944,0.9046,0.9969,0.8282,0.9967,1.0,measured
chartqa,1792,64,chartqa_val_53,371.579,1769.506,434.6,24.271,0.20999,1.0107,1.0195,1.0125,1.0205,1.0022,1.0,measured
chartqa,1792,64,chartqa_val_54,398.274,1589.746,460.394,22.144,0.250527,0.9926,0.9846,0.9937,0.9832,0.9981,1.0,measured
chartqa,1792,64,chartqa_val_55,388.738,1882.059,451.272,22.711,0.206549,1.0229,1.0437,1.0178,1.0469,1.0046,1.0,measured
chartqa,1792,64,chartqa_val_56,353.235,1702.594,415.685,26.263,0.207469,1.0007,1.0148,0.9979,1.0176,1.0002,1.0,measured
chartqa,1792,64,chartqa_val_57,363.847,953.321,426.951,26.318,0.381662,0.9938,1.0563,0.9963,1.0808,0.9976,1.0,measured
chartqa,1792,64,chartqa_val_58,363.685,1147.015,426.364,25.738,0.317071,0.9928,0.9387,0.9928,0.9242,0.9977,1.0,measured
chartqa,1792,64,chartqa_val_59,403.979,1917.594,466.348,23.036,0.21067,1.0029,1.0651,1.0014,1.0733,1.0006,1.0,measured
chartqa,1792,64,chartqa_val_60,386.522,1109.303,449.288,23.572,0.348437,0.9902,1.009,0.9913,1.0138,0.9966,1.0,measured
chartqa,1792,64,chartqa_val_61,395.818,2021.889,458.689,24.813,0.195766,1.0188,1.0237,1.0163,1.0246,1.0036,1.0,measured
chartqa,1792,64,chartqa_val_62,383.476,920.841,445.992,21.584,0.416441,0.9906,1.0279,0.9935,1.0396,0.996,1.0,measured
chartqa,1792,64,chartqa_val_63,393.133,1206.807,456.012,23.462,0.325763,0.9931,1.08,0.9974,1.1009,0.9977,1.0,measured
chartqa,1792,64,chartqa_val_64,395.103,792.704,458.38,22.288,0.498424,1.0166,0.9979,1.0136,0.9903,1.0082,1.0,measured
chartqa,1792,64,chartqa_val_65,406.186,1877.09,470.157,22.332,0.216392,0.9932,0.9923,0.9962,0.9918,0.9985,1.0,measured
chartqa,1792,64,chartqa_val_66,412.192,1111.825,474.72,21.969,0.370735,0.9887,0.9308,0.9831,0.9181,0.9958,1.0,measured
chartqa,1792,64,chartqa_val_67,415.682,1956.112,479.368,23.44,0.212504,0.996,0.9756,1.0383,0.9677,0.9992,1.0,measured
chartqa,1792,64,chartqa_val_68,389.43,667.565,452.165,23.933,0.583359,1.0151,0.9747,1.0115,0.9441,1.0088,1.0,measured
chartqa,1792,64,chartqa_val_69,358.858,1903.22,421.172,23.525,0.188553,1.0059,0.942,1.0029,0.9348,1.0011,1.0,measured
chartqa,1792,64,chartqa_val_70,393.568,1911.673,456.258,23.102,0.205876,0.9931,0.961,0.9823,0.9584,0.9986,1.0,measured
chartqa,1792,64,chartqa_val_71,378.283,2458.15,906.174,24.635,0.153889,0.993,0.9348,0.9669,0.9309,0.9989,1.0,measured
chartqa,1792,64,chartqa_val_72,389.874,883.325,452.816,26.907,0.441371,0.9951,0.9026,0.9954,0.8632,0.9978,1.0,measured
chartqa,1792,64,chartqa_val_73,352.133,1848.285,414.899,22.752,0.190519,0.9905,0.9692,0.9927,0.9664,0.9982,1.0,measured
chartqa,1792,64,chartqa_val_74,365.113,820.546,427.727,23.107,0.444964,0.9964,0.9846,0.9973,0.9788,0.9984,1.0,measured
chartqa,1792,64,chartqa_val_75,424.122,2106.223,486.851,25.704,0.201366,0.996,1.0207,1.015,1.0214,0.9992,1.0,measured
chartqa,1792,64,chartqa_val_76,401.338,797.947,464.086,25.682,0.502963,0.9994,1.0378,1.0057,1.0573,0.9997,1.0,measured
chartqa,1792,64,chartqa_val_77,359.865,1870.13,423.124,22.968,0.192428,0.991,1.0174,0.9855,1.0213,0.9983,1.0,measured
chartqa,1792,64,chartqa_val_78,358.855,993.135,422.693,22.818,0.361336,0.9919,1.0433,0.9915,1.0602,0.9971,1.0,measured
chartqa,1792,64,chartqa_val_79,424.186,1081.623,486.719,23.796,0.392175,0.9963,0.9603,0.9987,0.9485,0.9985,1.0,measured
chartqa,1792,64,chartqa_val_80,553.892,1082.057,616.539,23.276,0.511888,1.0288,1.0676,1.0233,1.1431,1.0146,1.0,measured
chartqa,1792,64,chartqa_val_81,394.923,1874.419,461.571,22.426,0.210691,0.9933,0.9745,0.9947,0.9721,0.9986,1.0,measured
chartqa,1792,64,chartqa_val_82,389.227,802.841,451.605,27.018,0.484813,0.9998,0.9957,1.0012,0.9924,0.9999,1.0,measured
chartqa,1792,64,chartqa_val_83,406.113,1970.97,469.373,23.835,0.206047,1.124,0.9934,1.0966,0.9805,1.0233,1.0,measured
chartqa,1792,64,chartqa_val_84,415.47,1095.214,479.034,26.79,0.37935,1.0044,1.0982,1.0046,1.1318,1.0017,1.0,measured
chartqa,1792,64,chartqa_val_85,395.434,1964.148,458.742,23.895,0.201326,0.9909,1.0915,0.9739,1.1072,0.9982,1.0,measured
chartqa,1792,64,chartqa_val_86,382.156,992.534,445.473,24.866,0.385031,1.0026,0.9513,1.0028,0.9333,1.001,1.0,measured
chartqa,1792,64,chartqa_val_87,390.329,1371.594,454.646,24.13,0.284581,1.0182,1.0396,1.0138,1.0451,1.0051,1.0,measured
chartqa,1792,64,chartqa_val_88,432.806,1761.273,495.411,23.442,0.245735,1.0207,1.0871,1.0162,1.0983,1.005,1.0,measured
chartqa,1792,64,chartqa_val_89,362.041,1978.171,424.765,24.657,0.183018,1.001,1.0948,0.9907,1.1088,1.0002,1.0,measured
chartqa,1792,64,chartqa_val_90,397.184,1534.09,459.76,24.417,0.258905,0.9938,1.067,0.9978,1.0066,0.9984,1.0,measured
chartqa,1792,64,chartqa_val_91,382.508,2011.917,448.879,25.21,0.190121,0.9952,1.0287,0.9989,1.0326,0.9991,1.0,measured
chartqa,1792,64,chartqa_val_92,394.484,784.885,456.723,25.243,0.502601,1.0004,0.9839,0.995,0.9774,1.0002,1.0,measured
chartqa,1792,64,chartqa_val_93,361.504,1455.18,423.812,23.985,0.248426,0.9932,1.0742,0.998,1.0886,0.9983,1.0,measured
chartqa,1792,64,chartqa_val_94,371.428,1884.302,434.957,24.156,0.197117,1.0005,1.084,0.9966,1.0961,1.0001,1.0,measured
chartqa,1792,64,chartqa_val_95,367.686,1945.379,430.211,24.05,0.189005,1.0091,1.0242,1.0081,1.0263,1.0017,1.0,measured
chartqa,1792,64,chartqa_val_96,391.72,1205.031,454.337,22.748,0.32507,1.0187,1.0478,1.0108,1.057,1.006,1.0,measured
chartqa,1792,64,chartqa_val_97,366.908,1857.316,430.284,22.651,0.197547,0.994,0.9443,0.9948,0.9384,0.9988,1.0,measured
chartqa,1792,64,chartqa_val_98,410.433,1908.105,474.286,22.759,0.2151,0.9991,0.958,0.9995,0.9531,0.9998,1.0,measured
chartqa,1792,64,chartqa_val_99,427.784,1842.398,490.342,21.461,0.232189,1.0031,1.0446,1.002,1.0499,1.0007,1.0,measured
chartqa,1792,64,chartqa_val_100,383.122,1638.527,446.186,22.08,0.233821,0.9905,1.0172,0.993,1.0207,0.9978,1.0,measured
chartqa,1792,64,chartqa_val_101,399.662,1903.098,463.721,22.847,0.210006,0.9959,1.0066,0.9903,1.0087,0.9991,1.0,measured
chartqa,1792,64,chartqa_val_102,399.198,654.694,462.837,21.317,0.609747,0.996,0.7697,0.9982,0.8896,0.9975,1.0,measured
chartqa,1792,64,chartqa_val_103,388.884,1806.887,451.76,21.51,0.215223,0.9981,0.9926,0.9995,0.9918,0.9996,1.0,measured
chartqa,1792,64,chartqa_val_104,394.185,718.229,456.835,26.139,0.54883,1.0288,1.1053,1.0227,1.1731,1.0156,1.0,measured
chartqa,1792,64,chartqa_val_105,362.25,1878.261,425.016,23.067,0.192865,1.0216,0.9993,0.9649,1.0039,1.0041,1.0,measured
chartqa,1792,64,chartqa_val_106,395.112,1085.768,459.11,23.21,0.363901,0.9908,0.9638,0.9944,0.9549,0.9966,1.0,measured
chartqa,1792,64,chartqa_val_107,391.073,1947.846,454.506,23.704,0.200772,0.989,0.9352,0.9886,0.9288,0.9978,1.0,measured
chartqa,1792,64,chartqa_val_108,389.814,714.915,452.433,21.874,0.545259,0.9989,1.0023,0.9946,1.0074,0.9994,1.0,measured
chartqa,1792,64,chartqa_val_109,442.888,1560.548,506.137,23.431,0.283803,1.01,1.0491,1.0046,1.0567,1.0028,1.0,measured
chartqa,1792,64,chartqa_val_110,388.739,821.846,451.489,20.575,0.473007,0.9914,0.9588,0.9881,0.9463,0.9959,1.0,measured
chartqa,1792,64,chartqa_val_111,404.412,1882.471,467.807,22.455,0.21483,0.9956,0.9886,0.9987,0.9874,0.9991,1.0,measured
chartqa,1792,64,chartqa_val_112,389.718,786.236,452.978,25.635,0.495676,1.0105,0.9441,1.0079,0.9082,1.0052,1.0,measured
chartqa,1792,64,chartqa_val_113,400.115,1970.942,462.999,23.936,0.203007,0.9986,0.958,0.9985,0.9532,0.9997,1.0,measured
chartqa,1792,64,chartqa_val_114,371.73,742.598,434.443,25.68,0.500581,1.0099,0.9918,1.0046,0.9841,1.0049,1.0,measured
chartqa,1792,64,chartqa_val_115,374.338,1939.033,437.619,23.832,0.193054,0.9904,0.9218,0.9889,0.914,0.9981,1.0,measured
chartqa,1792,64,chartqa_val_116,363.07,555.697,426.13,21.595,0.653358,1.0042,0.9738,1.003,0.9373,1.0027,1.0,measured
chartqa,1792,64,chartqa_val_117,444.424,1341.793,508.307,21.934,0.331217,0.9983,0.9768,1.0,0.9722,0.9994,1.0,measured
chartqa,1792,64,chartqa_val_118,559.189,1328.884,622.09,22.087,0.420796,1.0107,0.9934,1.0218,0.9861,1.0045,1.0,measured
chartqa,1792,64,chartqa_val_119,437.692,2072.029,500.846,24.939,0.211238,1.0117,1.0208,1.01,1.0222,1.0024,1.0,measured
chartqa,1792,64,chartqa_val_120,408.562,1321.17,472.817,22.928,0.309242,0.9992,0.9433,0.9982,0.932,0.9998,1.0,measured
chartqa,1792,64,chartqa_val_121,360.059,940.253,423.243,23.5,0.382939,1.009,2.3715,0.9982,0.9974,1.0034,1.0,measured
chartqa,1792,64,chartqa_val_122,393.648,989.793,457.257,20.482,0.397708,0.9964,0.9993,0.9949,1.0006,0.9986,1.0,measured
chartqa,1792,64,chartqa_val_123,418.225,2428.262,917.1,23.987,0.172232,1.0041,0.9907,1.0009,0.9894,1.0007,1.0,measured
chartqa,1792,64,chartqa_val_124,371.274,1504.954,863.176,23.77,0.246701,0.9942,1.038,0.9922,1.052,0.9986,1.0,measured
chartqa,1792,64,chartqa_val_125,392.751,1983.569,455.555,24.254,0.198002,0.9902,1.0381,0.9915,1.0442,0.998,1.0,measured
chartqa,1792,64,chartqa_val_126,430.127,820.275,492.746,21.835,0.52437,1.0203,1.0082,1.0151,1.0057,1.0105,1.0,measured
chartqa,1792,64,chartqa_val_127,377.908,1275.399,440.877,23.843,0.296306,1.0024,0.9934,1.0023,0.9914,1.0007,1.0,measured
chartqa,1792,64,chartqa_val_128,390.78,850.424,453.377,20.897,0.459512,0.9966,0.4659,0.9981,0.9751,0.9984,1.0,measured
chartqa,1792,64,chartqa_val_129,390.648,1353.12,452.995,23.687,0.288702,1.0063,1.0146,1.0,1.0451,1.0018,1.0,measured
chartqa,1792,64,chartqa_val_130,363.445,1296.835,425.874,25.617,0.280256,0.992,0.6154,0.9946,1.0333,0.9977,1.0,measured
chartqa,1792,64,chartqa_val_131,394.156,1806.906,456.956,21.428,0.218139,1.004,1.0133,1.0034,1.0146,1.0009,1.0,measured
chartqa,1792,64,chartqa_val_132,396.04,1915.016,460.23,23.464,0.206808,0.994,1.0528,0.9971,1.0602,0.9988,1.0,measured
chartqa,1792,64,chartqa_val_133,398.543,2056.263,461.383,25.316,0.193819,0.9952,1.0407,0.9867,1.0479,0.9991,1.0,measured
chartqa,1792,64,chartqa_val_134,414.523,1117.424,478.805,23.653,0.370963,1.0015,0.9817,0.9961,0.9775,1.0006,1.0,measured
chartqa,1792,64,chartqa_val_135,389.739,1891.769,453.047,22.837,0.206018,1.0035,0.9959,1.003,0.995,1.0007,1.0,measured
chartqa,1792,64,chartqa_val_136,398.561,971.901,462.082,24.277,0.410084,1.0122,0.9355,1.0098,0.9094,1.005,1.0,measured
chartqa,1792,64,chartqa_val_137,404.907,1554.786,910.591,25.768,0.260426,1.032,0.942,1.0188,0.9187,1.0081,1.0,measured
chartqa,1792,64,chartqa_val_138,394.568,1065.806,457.058,22.546,0.370206,1.0137,1.0113,1.0116,1.0112,1.005,1.0,measured
chartqa,1792,64,chartqa_val_139,425.403,1151.017,487.922,22.865,0.369589,0.9923,0.888,0.9744,0.8652,0.9971,1.0,measured
chartqa,1792,64,chartqa_val_140,361.327,1121.099,424.006,24.896,0.322297,0.9999,1.018,0.9994,1.0232,1.0,1.0,measured
chartqa,1792,64,chartqa_val_141,374.269,2044.098,437.484,25.502,0.183097,0.9946,1.0171,0.9973,1.0195,0.999,1.0,measured
chartqa,1792,64,chartqa_val_142,363.152,1215.462,426.523,22.541,0.298777,0.9917,1.0051,0.993,1.0079,0.9975,1.0,measured
chartqa,1792,64,chartqa_val_143,403.458,1907.706,466.237,22.88,0.211489,1.0039,1.0257,1.0083,1.0279,1.0008,1.0,measured
chartqa,1792,64,chartqa_val_144,365.394,1015.669,427.904,22.606,0.359757,0.999,0.9852,1.0005,0.9808,0.9996,1.0,measured
chartqa,1792,64,chartqa_val_145,393.224,1614.952,457.702,24.109,0.24349,0.9944,0.9636,0.991,0.9592,0.9986,1.0,measured
chartqa,1792,64,chartqa_val_146,384.19,1885.534,446.777,22.837,0.203756,1.015,1.0251,1.0118,1.0267,1.003,1.0,measured
chartqa,1792,64,chartqa_val_147,386.901,1950.977,449.61,23.831,0.198311,0.9956,0.9629,0.996,0.9588,0.9991,1.0,measured
chartqa,1792,64,chartqa_val_148,397.72,1131.716,460.083,23.987,0.351431,0.9905,1.0425,0.9947,1.0197,0.9966,1.0,measured
chartqa,1792,64,chartqa_val_149,383.079,1888.714,446.775,22.888,0.202825,1.0054,0.9789,1.0042,0.9758,1.0011,1.0,measured
chartqa,1792,64,chartqa_val_150,400.094,949.388,463.065,23.158,0.421423,0.992,1.0312,0.9969,1.044,0.9966,1.0,measured
chartqa,1792,64,chartqa_val_151,392.358,1939.459,456.183,23.544,0.202303,0.9957,1.0503,0.9945,1.0574,0.9991,1.0,measured
chartqa,1792,64,chartqa_val_152,402.058,654.063,466.119,20.883,0.614709,1.0019,0.959,1.0012,0.9236,1.0012,1.0,measured
chartqa,1792,64,chartqa_val_153,395.687,756.627,458.566,29.806,0.522963,1.0013,1.0401,1.0071,1.0668,1.0007,1.0,measured
chartqa,1792,64,chartqa_val_154,354.378,1417.553,416.689,22.747,0.249993,1.0186,0.6693,1.0138,1.0323,1.0046,1.0,measured
chartqa,1792,64,chartqa_val_155,573.206,947.541,636.38,22.226,0.60494,0.9986,0.8555,1.001,0.9031,0.9992,1.0,measured
chartqa,1792,64,chartqa_val_156,439.738,1309.761,503.242,26.017,0.335739,1.0059,1.3904,1.005,1.0411,1.002,1.0,measured
chartqa,1792,64,chartqa_val_157,377.892,1977.481,440.416,24.398,0.191097,0.994,1.0497,0.9958,1.0566,0.9988,1.0,measured
chartqa,1792,64,chartqa_val_158,366.463,1206.444,429.046,24.294,0.303755,0.9941,1.0195,0.9949,0.9945,0.9982,1.0,measured
chartqa,1792,64,chartqa_val_159,417.149,830.352,480.003,21.897,0.502376,0.9941,0.6955,0.5573,1.0116,0.997,1.0,measured
chartqa,1792,64,chartqa_val_160,398.989,1036.839,461.371,23.978,0.384813,0.9953,0.9873,1.0012,0.9828,0.9982,1.0,measured
chartqa,1792,64,chartqa_val_161,434.252,2004.624,497.083,23.929,0.216625,1.0051,0.9706,1.0005,0.967,1.0011,1.0,measured
chartqa,1792,64,chartqa_val_162,359.414,1701.192,422.115,21.679,0.211272,1.0007,1.0234,1.0041,1.026,1.0002,1.0,measured
chartqa,1792,64,chartqa_val_163,365.854,1870.001,428.846,22.875,0.195644,0.997,1.0037,0.9994,1.0043,0.9994,1.0,measured
chartqa,1792,64,chartqa_val_164,369.072,1540.224,431.949,23.58,0.239622,0.9857,0.9001,0.9846,0.8872,0.9965,1.0,measured
chartqa,1792,64,chartqa_val_165,370.781,1483.776,433.223,23.346,0.24989,1.007,0.8753,1.0033,1.0665,1.0017,1.0,measured
chartqa,1792,64,chartqa_val_166,390.53,1059.361,453.247,20.9,0.368647,1.001,0.9513,0.9918,0.9403,1.0004,1.0,measured
chartqa,1792,64,chartqa_val_167,358.035,1916.457,829.529,22.644,0.186822,0.9912,0.9008,0.9917,0.98,0.9983,1.0,measured
chartqa,1792,64,chartqa_val_168,378.513,700.175,441.306,25.887,0.540598,1.0412,0.9734,1.0277,0.9312,1.0218,1.0,measured
chartqa,1792,64,chartqa_val_169,393.771,1365.771,456.308,23.933,0.288314,0.998,0.7413,0.9937,0.9821,0.9994,1.0,measured
chartqa,1792,64,chartqa_val_170,390.671,1894.71,452.858,22.887,0.20619,1.011,1.0001,1.0092,0.999,1.0023,1.0,measured
chartqa,1792,64,chartqa_val_171,411.937,1925.938,474.636,23.037,0.213889,0.9945,0.9638,0.9958,0.9599,0.9988,1.0,measured
chartqa,1792,64,chartqa_val_172,364.91,1954.772,427.554,26.331,0.186676,1.0264,1.0195,1.0182,1.0196,1.0048,1.0,measured
chartqa,1792,64,chartqa_val_173,402.099,2443.414,890.268,24.653,0.164564,1.0192,1.0285,1.0167,1.0299,1.0031,1.0,measured
chartqa,1792,64,chartqa_val_174,358.039,1207.185,420.646,24.579,0.29659,1.0042,1.012,1.0059,1.0135,1.0012,1.0,measured
chartqa,1792,64,chartqa_val_175,357.193,1878.484,419.966,23.151,0.19015,1.007,1.0093,1.006,1.0097,1.0013,1.0,measured
chartqa,1792,64,chartqa_val_176,404.614,1937.73,467.515,23.337,0.208808,0.9991,0.9908,1.0002,0.9897,0.9998,1.0,measured
chartqa,1792,64,chartqa_val_177,391.992,1869.989,454.825,22.463,0.209622,1.0192,0.9992,1.0136,0.9974,1.004,1.0,measured
chartqa,1792,64,chartqa_val_178,365.026,1140.398,427.644,21.599,0.320087,1.013,0.9913,1.0135,0.9885,1.0041,1.0,measured
chartqa,1792,64,chartqa_val_179,438.296,1228.728,501.321,22.731,0.356708,0.9927,0.9702,0.9915,0.9651,0.9974,1.0,measured
chartqa,1792,64,chartqa_val_180,369.895,860.874,432.595,25.193,0.429674,0.9924,0.9682,0.9952,0.957,0.9967,1.0,measured
chartqa,1792,64,chartqa_val_181,377.386,2058.977,440.145,25.696,0.183288,0.9955,1.0348,0.9973,1.0397,0.9992,1.0,measured
chartqa,1792,64,chartqa_val_182,367.475,2405.612,804.545,25.414,0.152757,1.0115,0.9998,1.0077,0.9988,1.0017,1.0,measured
chartqa,1792,64,chartqa_val_183,400.542,1868.992,463.5,22.309,0.214309,0.99,1.0215,0.993,1.0252,0.9978,1.0,measured
chartqa,1792,64,chartqa_val_184,393.9,866.842,456.515,21.596,0.454408,0.9923,0.9886,0.9956,0.9857,0.9965,1.0,measured
chartqa,1792,64,chartqa_val_185,368.789,462.062,431.781,30.281,0.798137,1.0023,1.0016,1.0022,0.9969,1.0018,1.0,measured
chartqa,1792,64,chartqa_val_186,369.175,1196.955,431.848,24.681,0.308429,1.0044,1.8198,1.006,0.9959,1.0014,1.0,measured
chartqa,1792,64,chartqa_val_187,362.532,1517.186,425.288,22.284,0.23895,0.9904,1.0927,0.9898,1.1061,0.9977,1.0,measured
chartqa,1792,64,chartqa_val_188,358.629,1189.201,421.265,23.998,0.301571,0.994,0.9408,0.9954,0.928,0.9982,1.0,measured
chartqa,1792,64,chartqa_val_189,353.554,1675.766,416.715,22.483,0.21098,0.9997,0.9733,1.0067,0.9685,0.9999,1.0,measured
chartqa,1792,64,chartqa_val_190,382.66,1732.746,446.166,24.275,0.22084,0.9984,0.9499,1.0004,0.9428,0.9997,1.0,measured
chartqa,1792,64,chartqa_val_191,382.633,798.862,444.919,20.82,0.478973,1.0071,0.9679,1.0049,0.951,1.0034,1.0,measured
chartqa,1792,64,chartqa_val_192,430.391,1959.765,493.867,23.268,0.219613,0.9943,0.9524,0.9969,0.9471,0.9987,1.0,measured
chartqa,1792,64,chartqa_val_193,544.858,1024.347,980.195,22.076,0.531907,1.0275,1.0223,1.0268,1.0044,1.0145,1.0,measured
chartqa,1792,64,chartqa_val_194,509.591,1302.987,574.01,25.137,0.391095,0.9891,0.5625,0.9896,1.1015,0.9957,1.0,measured
chartqa,1792,64,chartqa_val_195,399.896,507.081,462.891,22.095,0.788624,0.9966,1.0025,0.9986,1.0178,0.9973,1.0,measured
chartqa,1792,64,chartqa_val_196,408.656,920.878,471.01,24.993,0.443768,1.1568,0.9912,1.1086,0.9416,1.064,1.0,measured
chartqa,1792,64,chartqa_val_197,429.036,2055.497,492.216,24.814,0.208726,0.9924,1.0087,0.9976,1.0101,0.9984,1.0,measured
chartqa,1792,64,chartqa_val_198,386.188,832.074,450.165,23.869,0.464127,0.9994,0.9831,1.0012,0.9744,0.9997,1.0,measured
chartqa,1792,64,chartqa_val_199,399.661,1686.759,463.005,22.25,0.23694,1.0106,0.8482,1.0089,0.9503,1.0025,1.0,measured
chartqa,1792,64,chartqa_val_200,396.202,1983.193,458.522,24.201,0.19978,1.0279,0.9837,1.0202,0.9796,1.0054,1.0,measured
chartqa,1792,64,chartqa_val_201,382.616,1222.999,445.046,22.881,0.31285,0.9991,0.7139,0.9998,0.9901,0.9997,1.0,measured
chartqa,1792,64,chartqa_val_202,395.116,631.332,457.865,21.683,0.625845,0.9844,1.0157,0.9905,1.0411,0.9902,1.0,measured
chartqa,1792,64,chartqa_val_203,397.418,1989.22,460.855,24.26,0.199786,0.9984,0.9833,1.0,0.9812,0.9997,1.0,measured
chartqa,1792,64,chartqa_val_204,361.61,1497.29,428.291,23.756,0.24151,1.0108,0.9509,1.01,0.9412,1.0026,1.0,measured
chartqa,1792,64,chartqa_val_205,385.805,1809.435,449.877,21.58,0.213219,1.033,1.0517,1.02,1.0559,1.0069,1.0,measured
chartqa,1792,64,chartqa_val_206,427.211,1985.496,489.871,23.74,0.215166,0.9877,0.991,0.9834,0.9919,0.9973,1.0,measured
chartqa,1792,64,chartqa_val_207,387.823,1650.322,451.241,22.205,0.234998,0.9986,0.9418,0.997,0.9344,0.9997,1.0,measured
chartqa,1792,64,chartqa_val_208,363.165,574.748,425.747,21.286,0.631869,1.0168,0.9509,1.0043,0.8954,1.0106,1.0,measured
chartqa,1792,64,chartqa_val_209,421.045,649.315,487.51,23.115,0.648444,0.993,0.9481,0.9943,0.9003,0.9955,1.0,measured
chartqa,1792,64,chartqa_val_210,398.569,1388.766,461.7,22.611,0.286995,0.9929,0.9895,0.993,0.9888,0.9979,1.0,measured
chartqa,1792,64,chartqa_val_211,408.224,1544.553,471.753,23.84,0.264299,0.9946,2.5922,0.9917,0.9547,0.9986,1.0,measured
chartqa,1792,64,chartqa_val_212,365.393,697.401,427.914,24.499,0.523936,0.9957,0.9097,0.9973,0.8569,0.9978,1.0,measured
chartqa,1792,64,chartqa_val_213,430.585,1390.333,493.677,23.596,0.309699,0.9893,1.0217,0.984,1.0293,0.9967,1.0,measured
chartqa,1792,64,chartqa_val_214,364.811,711.053,427.354,23.642,0.513057,0.9949,1.0119,0.9985,1.021,0.9974,1.0,measured
chartqa,1792,64,chartqa_val_215,405.491,1920.415,469.701,23.027,0.211148,0.9975,0.9903,0.9958,0.9897,0.9995,1.0,measured
chartqa,1792,64,chartqa_val_216,406.533,668.383,469.563,33.137,0.608233,1.003,0.9032,1.0073,0.7943,1.0018,1.0,measured
chartqa,1792,64,chartqa_val_217,359.065,1613.327,421.708,23.365,0.222562,1.0143,1.0167,1.0176,1.0166,1.0032,1.0,measured
chartqa,1792,64,chartqa_val_218,370.897,569.026,436.531,22.082,0.65181,0.9976,1.029,0.9956,1.0672,0.9985,1.0,measured
chartqa,1792,64,chartqa_val_219,388.25,1799.273,451.943,21.386,0.215782,0.9951,0.9632,0.995,0.9595,0.9989,1.0,measured
chartqa,1792,64,chartqa_val_220,388.823,1894.792,451.4,22.911,0.205206,0.9974,1.0466,1.0009,1.0523,0.9995,1.0,measured
chartqa,1792,64,chartqa_val_221,382.125,1822.397,445.494,23.337,0.209683,0.9938,0.9797,0.9986,0.9772,0.9987,1.0,measured
chartqa,1792,64,chartqa_val_222,397.988,2008.787,462.472,24.545,0.198123,1.0091,0.9685,1.0012,0.9644,1.0018,1.0,measured
chartqa,1792,64,chartqa_val_223,394.321,881.033,458.275,26.422,0.447567,1.1897,1.0753,1.1307,1.0463,1.0769,1.0,measured
chartqa,1792,64,chartqa_val_224,371.218,677.952,434.079,27.097,0.547558,1.0213,1.0131,1.0138,1.0124,1.0116,1.0,measured
chartqa,1792,64,chartqa_val_225,374.075,856.534,436.942,23.311,0.436732,0.9938,1.0113,0.9949,1.0182,0.9973,1.0,measured
chartqa,1792,64,chartqa_val_226,400.595,1372.707,464.615,23.284,0.291828,0.9911,1.0486,0.9933,1.0598,0.9974,1.0,measured
chartqa,1792,64,chartqa_val_227,359.209,1873.621,423.331,23.02,0.191719,0.9934,0.9982,0.9962,0.9985,0.9987,1.0,measured
chartqa,1792,64,chartqa_val_228,395.666,605.263,458.592,20.953,0.653709,0.9902,0.9673,0.9948,0.9413,0.9936,1.0,measured
chartqa,1792,64,chartqa_val_229,407.612,950.332,470.746,22.837,0.428915,0.9946,2.3787,0.9976,0.9871,0.9977,1.0,measured
chartqa,1792,64,chartqa_val_230,534.255,2082.358,597.394,23.571,0.256562,0.9954,1.0219,1.0004,1.0245,0.9988,1.0,measured
chartqa,1792,64,chartqa_val_231,363.922,903.156,426.788,23.818,0.402945,0.9988,0.9912,1.0078,0.9847,0.9995,1.0,measured
chartqa,1792,64,chartqa_val_232,410.491,1365.673,473.609,24.11,0.300578,1.0077,1.0006,1.0061,0.9995,1.0023,1.0,measured
chartqa,1792,64,chartqa_val_233,404.759,1993.617,467.42,24.225,0.203027,0.9928,1.0152,0.9979,1.0173,0.9985,1.0,measured
chartqa,1792,64,chartqa_val_234,434.094,1870.29,498.367,21.777,0.2321,1.0201,1.0764,1.0138,1.0842,1.0046,1.0,measured
chartqa,1792,64,chartqa_val_235,399.828,1647.347,464.35,24.143,0.24271,1.0038,0.9398,1.0095,0.9292,1.0009,1.0,measured
chartqa,1792,64,chartqa_val_236,390.825,632.777,454.529,22.281,0.617634,0.9967,0.9733,0.9985,0.9498,0.998,1.0,measured
chartqa,1792,64,chartqa_val_237,404.325,1003.641,468.499,23.267,0.402858,0.9965,0.9947,0.9981,0.9936,0.9986,1.0,measured
chartqa,1792,64,chartqa_val_238,367.474,1098.311,430.051,24.75,0.334581,1.0046,0.8856,1.0125,0.8528,1.0015,1.0,measured
chartqa,1792,64,chartqa_val_239,365.669,1894.835,428.003,23.283,0.192982,0.9969,1.0134,1.001,1.0149,0.9994,1.0,measured
chartqa,1792,64,chartqa_val_240,368.328,1814.989,431.12,23.064,0.202937,1.0935,1.0481,1.0706,1.045,1.0177,1.0,measured
chartqa,1792,64,chartqa_val_241,370.726,1848.165,433.441,22.456,0.200591,0.992,0.9859,0.9961,0.9846,0.9984,1.0,measured
chartqa,1792,64,chartqa_val_242,392.412,1055.971,456.014,22.221,0.371612,1.0089,1.058,1.0166,0.9923,1.0033,1.0,measured
chartqa,1792,64,chartqa_val_243,368.141,1940.277,431.26,23.953,0.189736,1.0034,0.9833,1.0037,0.9807,1.0006,1.0,measured
chartqa,1792,64,chartqa_val_244,366.237,1926.216,429.146,23.763,0.190133,0.9921,1.0026,1.0064,1.002,0.9985,1.0,measured
chartqa,1792,64,chartqa_val_245,375.968,996.214,439.431,25.308,0.377397,1.0288,1.0356,1.0208,1.0409,1.0107,1.0,measured
chartqa,1792,64,chartqa_val_246,371.613,1518.764,434.438,24.644,0.244681,1.0274,1.2705,1.0193,0.9396,1.0066,1.0,measured
chartqa,1792,64,chartqa_val_247,378.036,2012.202,440.92,24.941,0.187872,1.0088,1.0444,1.0085,1.049,1.0016,1.0,measured
chartqa,1792,64,chartqa_val_248,433.448,1515.167,496.329,24.258,0.286073,0.9975,0.9834,0.9945,0.9813,0.9993,1.0,measured
chartqa,1792,64,chartqa_val_249,390.602,1991.909,454.592,24.402,0.196094,0.9902,0.9673,0.9921,0.9643,0.9981,1.0,measured
chartqa,1792,64,chartqa_val_250,423.223,829.344,486.964,21.399,0.51031,1.0071,0.9979,1.0086,0.9928,1.0036,1.0,measured
chartqa,1792,64,chartqa_val_251,356.705,1802.812,418.878,21.967,0.19786,0.996,1.0021,1.0008,1.0022,0.9992,1.0,measured
chartqa,1792,64,chartqa_val_252,387.227,595.302,450.237,20.724,0.650471,0.9899,0.9853,0.9933,0.9765,0.9934,1.0,measured
chartqa,1792,64,chartqa_val_253,362.891,969.242,425.336,22.663,0.374407,1.0198,1.1384,1.7088,0.953,1.0073,1.0,measured
chartqa,1792,64,chartqa_val_254,360.518,1497.271,423.153,23.35,0.240783,1.0099,0.9795,1.02,0.9744,1.0024,1.0,measured
chartqa,1792,64,chartqa_val_255,368.542,1887.242,431.993,23.099,0.195281,1.0156,1.0405,1.0171,1.0435,1.003,1.0,measured
chartqa,1792,64,chartqa_val_256,404.233,931.696,466.688,22.143,0.433868,0.9932,1.037,0.9969,1.0527,0.997,1.0,measured
chartqa,1792,64,chartqa_val_257,422.623,1861.496,486.32,21.828,0.227034,1.0078,1.0755,1.0095,1.084,1.0017,1.0,measured
chartqa,1792,64,chartqa_val_258,399.909,768.932,462.424,21.893,0.520084,0.9985,1.0918,1.0024,1.1434,0.9992,1.0,measured
chartqa,1792,64,chartqa_val_259,417.655,2004.803,480.325,24.198,0.208327,1.0213,1.05,1.0182,1.0539,1.0044,1.0,measured
chartqa,1792,64,chartqa_val_260,412.12,1610.267,475.373,25.793,0.255933,1.0084,1.0151,1.01,1.016,1.0021,1.0,measured
chartqa,1792,64,chartqa_val_261,399.018,1926.597,461.969,23.248,0.20711,1.0477,1.0407,1.0437,1.0404,1.0095,1.0,measured
chartqa,1792,64,chartqa_val_262,418.918,2061.795,481.999,25.076,0.203181,0.9964,1.0738,1.003,1.0829,0.9993,1.0,measured
chartqa,1792,64,chartqa_val_263,353.554,1959.998,416.201,24.505,0.180385,1.0587,1.0452,1.0521,1.0443,1.0101,1.0,measured
chartqa,1792,64,chartqa_val_264,366.831,1410.243,429.72,23.915,0.260119,1.0157,1.0666,1.0166,1.0764,1.004,1.0,measured
chartqa,1792,64,chartqa_val_265,390.749,1199.581,453.71,21.311,0.325738,1.0119,1.008,1.0122,1.007,1.0038,1.0,measured
chartqa,1792,64,chartqa_val_266,432.465,1624.443,495.047,22.145,0.266224,0.993,1.001,0.9899,1.0028,0.9981,1.0,measured
chartqa,1792,64,chartqa_val_267,356.784,1893.052,420.599,23.372,0.18847,1.0093,1.0255,1.0083,1.0276,1.0017,1.0,measured
chartqa,1792,64,chartqa_val_268,512.725,980.883,575.098,21.357,0.522718,0.9934,0.9957,0.9945,0.9962,0.9966,1.0,measured
chartqa,1792,64,chartqa_val_269,394.827,2009.419,458.008,24.626,0.196488,1.0032,1.0461,1.0007,1.0518,1.0006,1.0,measured
chartqa,1792,64,chartqa_val_270,394.383,899.598,457.268,23.28,0.438399,0.9938,1.0271,0.984,1.0444,0.9973,1.0,measured
chartqa,1792,64,chartqa_val_271,359.121,1846.855,422.168,22.614,0.19445,0.9937,0.9708,0.9971,0.9676,0.9988,1.0,measured
chartqa,1792,64,chartqa_val_272,371.591,1354.286,434.15,24.214,0.274382,0.9977,0.9507,1.0024,0.9405,0.9994,1.0,measured
chartqa,1792,64,chartqa_val_273,415.798,1927.709,478.265,23.007,0.215696,0.9998,0.975,0.9984,0.9722,1.0,1.0,measured
chartqa,1792,64,chartqa_val_274,424.546,1392.045,487.604,22.611,0.30498,0.9927,1.0361,0.9972,1.0434,0.9978,1.0,measured
chartqa,1792,64,chartqa_val_275,353.213,1867.301,415.687,23.041,0.189157,0.9969,0.984,0.9985,0.9823,0.9994,1.0,measured
chartqa,1792,64,chartqa_val_276,372.931,751.971,436.454,22.537,0.495938,0.9964,0.9959,0.9998,0.9939,0.9982,1.0,measured
chartqa,1792,64,chartqa_val_277,360.634,1095.935,424.091,23.994,0.329065,0.9962,1.0271,1.0103,1.0319,0.9987,1.0,measured
chartqa,1792,64,chartqa_val_278,407.208,768.546,470.371,22.937,0.529843,0.9975,0.9846,0.9934,0.9793,0.9987,1.0,measured
chartqa,1792,64,chartqa_val_279,383.622,1720.056,446.596,21.956,0.223029,0.9962,1.0099,1.0004,0.9775,0.9991,1.0,measured
chartqa,1792,64,chartqa_val_280,407.896,1951.173,470.242,23.507,0.209052,0.994,0.9677,0.9979,0.9642,0.9987,1.0,measured
chartqa,1792,64,chartqa_val_281,394.287,1878.456,456.925,22.564,0.209899,0.9958,0.9674,0.9903,0.9646,0.9991,1.0,measured
chartqa,1792,64,chartqa_val_282,354.313,819.131,416.325,21.2,0.432547,1.0086,1.0646,1.0072,1.0894,1.0037,1.0,measured
chartqa,1792,64,chartqa_val_283,391.563,1698.408,453.828,23.048,0.230547,0.9912,0.9569,0.996,0.9514,0.998,1.0,measured
chartqa,1792,64,chartqa_val_284,370.01,1042.593,432.569,25.418,0.354894,1.0567,1.0264,1.046,1.02,1.0194,1.0,measured
chartqa,1792,64,chartqa_val_285,357.565,786.528,420.064,22.904,0.454612,1.0001,1.0855,1.0017,1.1284,1.0,1.0,measured
chartqa,1792,64,chartqa_val_286,370.292,1078.002,433.309,23.878,0.343499,0.9928,0.9845,0.9914,0.9825,0.9975,1.0,measured
chartqa,1792,64,chartqa_val_287,377.803,1148.825,440.501,23.611,0.328861,0.9987,1.0503,1.0022,1.0629,0.9996,1.0,measured
chartqa,1792,64,chartqa_val_288,367.372,1353.005,430.315,24.281,0.271523,1.0082,0.9571,1.0065,0.9475,1.0022,1.0,measured
chartqa,1792,64,chartqa_val_289,352.887,866.128,415.143,25.055,0.40743,0.9948,0.9976,0.999,0.997,0.9979,1.0,measured
chartqa,1792,64,chartqa_val_290,365.045,1286.557,427.839,24.535,0.283738,0.9957,1.0822,0.9942,1.1027,0.9988,1.0,measured
chartqa,1792,64,chartqa_val_291,358.007,924.6,880.987,21.807,0.387202,0.9955,1.018,1.0061,1.0685,0.9982,1.0,measured
chartqa,1792,64,chartqa_val_292,367.09,1077.016,429.675,23.119,0.34084,1.0078,1.0033,1.0049,1.0028,1.0027,1.0,measured
chartqa,1792,64,chartqa_val_293,369.35,2071.286,432.505,26.012,0.178319,0.9898,0.9934,0.992,0.9936,0.9982,1.0,measured
chartqa,1792,64,chartqa_val_294,384.141,726.184,447.181,25.364,0.528987,0.9935,1.0765,0.9978,1.1338,0.9965,1.0,measured
chartqa,1792,64,chartqa_val_295,372.207,4562.743,867.463,58.655,0.081575,0.9923,1.0329,0.9883,1.0387,0.9994,1.0,measured
chartqa,1792,64,chartqa_val_296,418.819,1021.092,482.499,24.481,0.410168,0.9994,0.9474,1.0027,0.9275,0.9998,1.0,measured
chartqa,1792,64,chartqa_val_297,435.245,2009.215,498.051,23.987,0.216624,1.0101,1.011,1.0164,1.0103,1.0022,1.0,measured
chartqa,1792,64,chartqa_val_298,441.104,805.492,504.6,21.492,0.547621,0.9969,1.0162,0.9985,1.0261,0.9983,1.0,measured
chartqa,1792,64,chartqa_val_299,378.597,1673.073,441.347,24.635,0.226288,0.995,1.012,0.9886,1.0157,0.9989,1.0,measured
chartqa,1792,64,chartqa_val_300,390.213,987.167,453.005,23.224,0.395286,0.9924,1.039,1.0039,1.0506,0.997,1.0,measured
chartqa,1792,64,chartqa_val_301,355.018,1859.66,417.863,22.886,0.190905,0.9987,1.0538,1.0009,1.0605,0.9997,1.0,measured
chartqa,1792,64,chartqa_val_302,378.418,1659.999,916.618,82.598,0.227963,1.0106,1.0326,1.0112,0.8579,1.0024,1.0,measured
chartqa,1792,64,chartqa_val_303,356.409,1743.313,419.329,22.827,0.204443,0.9904,1.0071,0.9914,1.0091,0.998,1.0,measured
chartqa,1792,64,chartqa_val_304,423.086,1115.451,485.855,22.486,0.379296,1.0208,1.1499,1.0135,1.0647,1.0078,1.0,measured
chartqa,1792,64,chartqa_val_305,356.818,1813.831,419.139,22.138,0.196721,1.0089,0.9774,1.007,0.9738,1.0017,1.0,measured
chartqa,1792,64,chartqa_val_306,465.34,1431.307,527.816,22.587,0.325115,0.9898,1.0405,0.9883,1.051,0.9967,1.0,measured
chartqa,1792,64,chartqa_val_307,388.92,1919.388,452.372,23.286,0.202627,0.9975,0.9733,0.9989,0.9702,0.9995,1.0,measured
chartqa,1792,64,chartqa_val_308,379.055,1334.104,442.639,22.858,0.284127,0.9961,1.0194,1.0013,1.023,0.9989,1.0,measured
chartqa,1792,64,chartqa_val_309,428.409,1001.773,491.07,21.279,0.427651,0.9889,0.9377,0.991,0.9208,0.9952,1.0,measured
chartqa,1792,64,chartqa_val_310,405.382,1339.13,468.168,22.92,0.30272,0.999,1.0351,0.9982,1.0425,0.9997,1.0,measured
chartqa,1792,64,chartqa_val_311,381.905,1893.429,444.538,24.981,0.2017,0.9928,0.9408,0.9937,0.934,0.9985,1.0,measured
chartqa,1792,64,chartqa_val_312,365.22,1611.935,427.786,22.772,0.226572,0.9902,0.5228,0.9931,0.986,0.9978,1.0,measured
chartqa,1792,64,chartqa_val_313,368.301,1851.923,430.932,22.555,0.198875,0.9953,0.9244,0.9965,0.916,0.9991,1.0,measured
chartqa,1792,64,chartqa_val_314,366.758,901.045,429.862,21.417,0.407037,1.008,1.0184,1.01,1.0213,1.0033,1.0,measured
chartqa,1792,64,chartqa_val_315,391.53,1214.147,455.173,23.718,0.322473,0.9978,0.9537,1.0002,0.9429,0.9993,1.0,measured
chartqa,1792,64,chartqa_val_316,362.931,1614.322,425.276,25.849,0.224819,1.0675,1.0096,1.0511,1.0025,1.0144,1.0,measured
chartqa,1792,64,chartqa_val_317,368.68,1185.77,431.446,24.333,0.31092,0.9939,0.9753,0.9953,0.9703,0.9981,1.0,measured
chartqa,1792,64,chartqa_val_318,377.181,722.205,439.608,21.738,0.522263,0.9909,0.9817,0.9923,0.9758,0.9952,1.0,measured
chartqa,1792,64,chartqa_val_319,370.509,1884.547,433.235,23.037,0.196604,0.9891,0.9742,0.9932,0.972,0.9978,1.0,measured
chartqa,1792,64,chartqa_val_320,405.267,822.863,467.943,25.351,0.492509,0.9921,0.9501,0.9949,0.9276,0.9961,1.0,measured
chartqa,1792,64,chartqa_val_321,396.36,1474.647,459.454,22.56,0.268783,1.0321,0.994,1.0217,0.9893,1.0084,1.0,measured
chartqa,1792,64,chartqa_val_322,396.208,1029.859,459.176,21.949,0.384721,0.9983,0.9579,0.9963,0.9469,0.9994,1.0,measured
chartqa,1792,64,chartqa_val_323,391.407,1199.429,454.064,22.587,0.326328,0.9961,0.6349,0.9959,0.9568,0.9987,1.0,measured
chartqa,1792,64,chartqa_val_324,357.022,1892.129,419.384,23.377,0.188688,0.9914,0.9877,0.993,0.9871,0.9984,1.0,measured
chartqa,1792,64,chartqa_val_325,453.118,1944.082,516.127,22.666,0.233075,1.0036,0.9752,1.0041,0.9717,1.0008,1.0,measured
chartqa,1792,64,chartqa_val_326,418.943,1515.514,483.152,22.941,0.276436,1.0068,0.9463,1.0059,0.9391,1.0019,1.0,measured
chartqa,1792,64,chartqa_val_327,424.958,2050.75,488.112,24.804,0.207221,0.9917,1.0394,0.9919,1.0452,0.9983,1.0,measured
chartqa,1792,64,chartqa_val_328,367.006,1895.099,430.1,23.254,0.19366,1.0246,0.9619,1.0176,0.9553,1.0047,1.0,measured
chartqa,1792,64,chartqa_val_329,469.25,2045.791,531.91,24.03,0.229373,1.1356,0.9882,1.0989,0.9751,1.0282,1.0,measured
chartqa,1792,64,chartqa_val_330,395.981,1194.18,458.908,24.509,0.331592,0.9957,0.9688,0.9984,0.9612,0.9986,1.0,measured
chartqa,1792,64,chartqa_val_331,397.538,1401.753,460.361,25.443,0.283601,0.9959,1.0081,0.9955,1.0108,0.9988,1.0,measured
chartqa,1792,64,chartqa_val_332,365.536,1397.347,427.882,25.512,0.261593,0.9979,0.973,0.9973,0.9681,0.9994,1.0,measured
chartqa,1792,64,chartqa_val_333,361.69,1017.123,424.391,21.953,0.355601,1.0052,0.9823,1.0062,0.9756,1.0018,1.0,measured
chartqa,1792,64,chartqa_val_334,366.839,1902.619,429.499,23.383,0.192807,0.9956,0.9867,1.0,0.985,0.9992,1.0,measured
chartqa,1792,64,chartqa_val_335,382.543,1956.401,445.653,23.98,0.195534,1.0023,0.962,1.003,0.9572,1.0005,1.0,measured
chartqa,1792,64,chartqa_val_336,398.262,1089.019,461.118,23.256,0.365707,0.9937,1.0433,0.9944,1.0581,0.9977,1.0,measured
chartqa,1792,64,chartqa_val_337,371.903,1920.315,435.226,23.573,0.193668,0.9856,1.0039,0.9881,1.0058,0.9972,1.0,measured
chartqa,1792,64,chartqa_val_338,370.976,1329.339,433.791,24.204,0.279068,1.0108,1.1855,0.9959,0.9701,1.003,1.0,measured
chartqa,1792,64,chartqa_val_339,398.69,1888.126,461.465,22.645,0.211157,1.025,0.9855,1.0193,0.9814,1.0052,1.0,measured
chartqa,1792,64,chartqa_val_340,361.577,794.649,424.212,28.495,0.455014,1.0024,0.9216,1.0075,0.8746,1.0011,1.0,measured
chartqa,1792,64,chartqa_val_341,372.112,1932.697,434.796,23.776,0.192535,0.9979,0.9798,0.9994,0.9774,0.9996,1.0,measured
chartqa,1792,64,chartqa_val_342,360.608,827.545,423.444,21.268,0.435757,0.9953,0.9514,0.9959,0.9343,0.998,1.0,measured
chartqa,1792,64,chartqa_val_343,497.471,1954.799,560.736,22.128,0.254487,1.0017,0.9804,1.0019,0.9777,1.0004,1.0,measured
chartqa,1792,64,chartqa_val_344,394.903,1824.16,457.386,23.565,0.216485,1.0128,0.9294,1.012,1.0047,1.0027,1.0,measured
chartqa,1792,64,chartqa_val_345,388.716,2056.12,451.555,25.469,0.189053,0.9897,0.9994,0.9807,1.0017,0.998,1.0,measured
chartqa,1792,64,chartqa_val_346,399.34,1406.911,462.341,23.614,0.283842,1.0033,1.0079,1.0019,1.0091,1.0009,1.0,measured
chartqa,1792,64,chartqa_val_347,358.677,1828.224,421.395,22.331,0.196189,0.9941,0.9791,0.9953,0.9771,0.9988,1.0,measured
chartqa,1792,64,chartqa_val_348,426.625,970.026,489.409,21.846,0.439808,1.0099,0.9531,1.006,0.9346,1.0043,1.0,measured
chartqa,1792,64,chartqa_val_349,374.594,1818.065,437.542,21.913,0.20604,0.9946,1.0576,0.9977,1.0652,0.9989,1.0,measured
chartqa,1792,64,chartqa_val_350,394.539,1238.45,457.204,23.674,0.318575,0.997,1.0382,1.0007,1.0472,0.999,1.0,measured
chartqa,1792,64,chartqa_val_351,366.905,1898.664,429.598,23.319,0.193244,0.9982,0.9915,0.9987,0.9906,0.9996,1.0,measured
chartqa,1792,64,chartqa_val_352,404.35,1433.536,467.044,26.121,0.282065,1.0008,1.0495,0.999,1.0318,1.0002,1.0,measured
chartqa,1792,64,chartqa_val_353,394.079,1913.214,456.88,23.116,0.205978,1.0015,0.9325,1.0006,0.9242,1.0003,1.0,measured
chartqa,1792,64,chartqa_val_354,383.088,820.597,446.305,23.393,0.466841,1.0009,1.0215,0.9996,1.0318,1.0004,1.0,measured
chartqa,1792,64,chartqa_val_355,373.006,1487.99,437.002,22.848,0.250678,1.0129,1.0045,1.0105,1.0035,1.0032,1.0,measured
chartqa,1792,64,chartqa_val_356,369.759,1072.577,433.005,23.688,0.344739,0.99,0.978,0.9935,0.9737,0.9965,1.0,measured
chartqa,1792,64,chartqa_val_357,371.06,1920.865,433.628,23.607,0.193173,0.9937,0.9658,0.9976,0.962,0.9988,1.0,measured
chartqa,1792,64,chartqa_val_358,362.561,1551.874,425.116,22.995,0.233628,0.9902,0.9674,0.9948,0.963,0.9977,1.0,measured
chartqa,1792,64,chartqa_val_359,391.287,1853.833,454.037,22.219,0.211069,1.1822,0.9543,1.1339,0.9327,1.0336,1.0,measured
chartqa,1792,64,chartqa_val_360,380.416,674.149,443.549,25.622,0.564291,0.9901,0.912,0.993,0.8491,0.9944,1.0,measured
chartqa,1792,64,chartqa_val_361,394.48,1928.956,456.969,23.365,0.204504,0.9972,0.9126,0.994,0.9031,0.9994,1.0,measured
chartqa,1792,64,chartqa_val_362,407.775,1346.798,471.127,23.667,0.302774,0.99,0.9156,0.9932,0.9002,0.9969,1.0,measured
chartqa,1792,64,chartqa_val_363,405.93,1966.969,468.697,23.782,0.206373,0.993,0.9404,0.9935,0.9343,0.9985,1.0,measured
chartqa,1792,64,chartqa_val_364,393.107,1120.343,456.024,22.144,0.350881,0.991,0.9295,0.9739,0.9181,0.9968,1.0,measured
chartqa,1792,64,chartqa_val_365,400.02,1931.174,462.438,23.313,0.207138,0.9882,0.9127,0.9928,0.9035,0.9975,1.0,measured
chartqa,1792,64,chartqa_val_366,398.946,1090.998,461.896,23.3,0.365671,1.0541,1.0229,1.0423,1.0173,1.0191,1.0,measured
chartqa,1792,64,chartqa_val_367,400.375,1859.667,462.667,22.175,0.215294,1.0383,0.9634,1.0296,0.9557,1.008,1.0,measured
chartqa,1792,64,chartqa_val_368,386.418,1030.588,450.168,24.184,0.374949,0.9929,0.9798,0.997,1.0164,0.9973,1.0,measured
chartqa,1792,64,chartqa_val_369,363.387,1872.951,426.202,22.964,0.194018,1.0189,0.9756,1.0016,0.9724,1.0036,1.0,measured
chartqa,1792,64,chartqa_val_370,401.708,848.669,464.985,21.316,0.473339,0.9981,0.8446,1.0009,0.9653,0.9991,1.0,measured
chartqa,1792,64,chartqa_val_371,380.175,1899.433,443.5,23.11,0.200152,0.9918,1.0303,0.9957,1.0347,0.9983,1.0,measured
chartqa,1792,64,chartqa_val_372,437.286,628.626,499.705,21.487,0.695622,0.9938,1.1178,0.9942,1.2888,0.9957,1.0,measured
chartqa,1792,64,chartqa_val_373,362.11,861.15,424.635,25.677,0.420496,1.0102,0.9886,0.9825,0.9914,1.0043,1.0,measured
chartqa,1792,64,chartqa_val_374,369.507,697.58,432.057,22.127,0.529699,0.9985,0.9199,0.9989,0.8743,0.9992,1.0,measured
chartqa,1792,64,chartqa_val_375,366.037,1866.982,428.698,22.83,0.196058,0.9982,1.9466,1.0034,1.045,0.9996,1.0,measured
chartqa,1792,64,chartqa_val_376,382.12,816.015,445.569,23.153,0.468276,0.997,1.0005,0.9957,1.003,0.9986,1.0,measured
chartqa,1792,64,chartqa_val_377,402.922,1230.469,465.66,21.852,0.327454,0.9943,0.9776,1.0106,0.9705,0.9981,1.0,measured
chartqa,1792,64,chartqa_val_378,399.81,1108.744,462.503,21.541,0.360597,0.9959,1.0176,0.9972,1.023,0.9985,1.0,measured
chartqa,1792,64,chartqa_val_379,371.304,758.546,434.377,21.611,0.489494,0.9976,1.0033,0.9962,1.0071,0.9988,1.0,measured
chartqa,1792,64,chartqa_val_380,380.437,805.753,443.607,22.634,0.47215,0.9961,0.9994,0.9985,0.9998,0.9982,1.0,measured
chartqa,1792,64,chartqa_val_381,529.492,2066.131,592.438,23.392,0.256272,0.9966,0.9166,0.9945,0.9076,0.9991,1.0,measured
chartqa,1792,64,chartqa_val_382,381.521,689.648,445.578,22.188,0.553211,0.9974,0.9732,1.0022,0.9533,0.9985,1.0,measured
chartqa,1792,64,chartqa_val_383,406.43,1903.818,473.836,22.698,0.213482,0.9867,0.9956,0.9879,0.9965,0.9971,1.0,measured
chartqa,1792,64,chartqa_val_384,361.892,638.104,424.551,21.355,0.567136,0.9935,0.9781,0.994,0.9657,0.9963,1.0,measured
chartqa,1792,64,chartqa_val_385,375.707,1930.387,438.133,23.687,0.194628,1.002,0.9508,1.0016,0.9447,1.0004,1.0,measured
chartqa,1792,64,chartqa_val_386,379.876,718.011,443.141,22.906,0.529067,0.9912,0.9934,0.9935,0.9934,0.9953,1.0,measured
chartqa,1792,64,chartqa_val_387,375.525,999.11,438.639,21.557,0.375859,0.973,1.0006,0.9792,1.0073,0.9897,1.0,measured
chartqa,1792,64,chartqa_val_388,364.259,1129.181,426.916,23.409,0.322587,0.9952,0.9894,0.9866,0.9901,0.9985,1.0,measured
chartqa,1792,64,chartqa_val_389,372.763,1554.559,435.082,21.528,0.239787,1.1067,1.0077,1.0775,0.9969,1.0237,1.0,measured
chartqa,1792,64,chartqa_val_390,364.787,1006.326,427.221,21.448,0.362494,0.9905,0.9903,0.9788,0.9935,0.9965,1.0,measured
chartqa,1792,64,chartqa_val_391,372.667,749.303,435.662,22.403,0.497352,1.0003,1.0273,0.9999,1.0423,1.0001,1.0,measured
chartqa,1792,64,chartqa_val_392,373.159,481.861,436.116,22.873,0.774412,0.9925,0.9815,0.9956,0.9266,0.9942,1.0,measured
chartqa,1792,64,chartqa_val_393,358.143,1257.538,420.719,20.92,0.284797,1.0182,0.9784,1.0122,0.9717,1.0051,1.0,measured
chartqa,1792,64,chartqa_val_394,374.387,1072.341,437.433,21.893,0.34913,0.9927,1.0317,0.9948,1.042,0.9975,1.0,measured
chartqa,1792,64,chartqa_val_395,375.076,1859.848,438.159,22.566,0.20167,0.9949,0.982,0.9972,0.9801,0.999,1.0,measured
chartqa,1792,64,chartqa_val_396,382.856,1150.639,446.353,25.153,0.332733,0.992,1.0025,0.9912,1.0057,0.9973,1.0,measured
chartqa,1792,64,chartqa_val_397,362.779,856.215,425.39,23.935,0.423701,0.9964,0.9327,1.0223,0.8962,0.9985,1.0,measured
chartqa,1792,64,chartqa_val_398,360.333,865.036,422.782,21.06,0.416553,1.0054,0.9613,0.9908,0.9502,1.0022,1.0,measured
chartqa,1792,64,chartqa_val_399,357.518,1136.945,419.749,21.094,0.314455,1.0072,0.9915,1.0043,0.9886,1.0022,1.0,measured
chartqa,1792,64,chartqa_val_400,367.206,1315.199,429.927,22.699,0.279202,1.0087,0.8829,1.0012,0.8606,1.0024,1.0,measured
chartqa,1792,64,chartqa_val_401,367.524,1800.448,430.214,21.75,0.204129,0.9922,0.9813,0.995,0.9796,0.9984,1.0,measured
chartqa,1792,64,chartqa_val_402,367.715,698.553,430.299,22.355,0.526394,0.9956,0.924,0.9974,0.88,0.9977,1.0,measured
chartqa,1792,64,chartqa_val_403,355.651,1370.724,417.914,21.174,0.259462,0.9966,1.071,0.996,1.0605,0.9991,1.0,measured
chartqa,1792,64,chartqa_val_404,368.003,1120.557,431.466,22.97,0.32841,1.0075,0.9789,1.0056,0.9723,1.0025,1.0,measured
chartqa,1792,64,chartqa_val_405,358.833,1761.003,421.908,21.255,0.203767,0.9959,0.9738,1.0003,0.9705,0.9992,1.0,measured
chartqa,1792,64,chartqa_val_406,363.713,817.65,426.379,21.737,0.444828,0.9986,0.9752,1.0125,0.9607,0.9994,1.0,measured
chartqa,1792,64,chartqa_val_407,373.315,1930.314,436.235,23.716,0.193396,1.008,0.983,1.0082,0.9799,1.0015,1.0,measured
chartqa,1792,64,chartqa_val_408,360.207,1052.991,422.877,21.004,0.34208,1.0329,1.0121,1.0262,1.0084,1.011,1.0,measured
chartqa,1792,64,chartqa_val_409,392.654,1891.676,456.466,22.781,0.207569,1.0097,1.0325,1.0378,1.0318,1.002,1.0,measured
chartqa,1792,64,chartqa_val_410,429.542,1057.954,492.655,22.612,0.406012,1.0122,0.7818,1.0097,0.9596,1.0049,1.0,measured
chartqa,1792,64,chartqa_val_411,369.656,1826.043,432.105,22.126,0.202436,1.0156,0.9605,1.0107,0.9544,1.0031,1.0,measured
chartqa,1792,64,chartqa_val_412,371.426,593.531,434.436,22.728,0.62579,1.0025,1.1116,1.0039,1.2345,1.0016,1.0,measured
chartqa,1792,64,chartqa_val_413,365.344,1797.353,427.714,21.74,0.203267,1.0134,1.0237,1.0107,1.0253,1.0027,1.0,measured
chartqa,1792,64,chartqa_val_414,372.318,933.507,435.232,22.649,0.398837,0.9892,1.0338,0.9917,1.0498,0.9957,1.0,measured
chartqa,1792,64,chartqa_val_415,374.348,1838.784,437.485,22.243,0.203584,1.0047,0.9737,0.9709,0.9741,1.001,1.0,measured
chartqa,1792,64,chartqa_val_416,374.085,978.341,437.678,22.528,0.382367,1.004,1.0078,1.0017,1.0098,1.0015,1.0,measured
chartqa,1792,64,chartqa_val_417,366.608,1795.17,429.346,21.68,0.204219,1.0253,1.0148,1.0144,1.0148,1.0051,1.0,measured
chartqa,1792,64,chartqa_val_418,506.28,1552.837,568.66,23.433,0.326035,1.0074,0.978,1.0215,0.9703,1.0024,1.0,measured
chartqa,1792,64,chartqa_val_419,377.582,1843.147,439.868,22.274,0.204857,1.0049,0.9507,1.0033,0.9445,1.001,1.0,measured
chartqa,1792,64,chartqa_val_420,367.586,1389.886,430.074,22.321,0.264472,0.993,0.9576,1.0501,0.9411,0.9981,1.0,measured
chartqa,1792,64,chartqa_val_421,383.377,1861.981,446.06,22.475,0.205897,0.9929,0.934,0.9928,0.927,0.9985,1.0,measured
chartqa,1792,64,chartqa_val_422,382.411,1872.308,445.643,22.645,0.204246,0.9961,0.9041,0.9994,0.8929,0.9992,1.0,measured
chartqa,1792,64,chartqa_val_423,373.676,1876.037,436.837,22.844,0.199183,1.0084,0.9115,1.0,0.9012,1.0017,1.0,measured
chartqa,1792,64,chartqa_val_424,368.598,749.071,431.357,22.694,0.492074,0.9903,0.9265,0.9896,0.8929,0.9952,1.0,measured
chartqa,1792,64,chartqa_val_425,357.347,1732.418,420.216,20.829,0.206271,0.989,0.9695,0.9918,0.9668,0.9977,1.0,measured
chartqa,1792,64,chartqa_val_426,359.619,1075.148,422.36,21.058,0.334483,0.9912,0.9069,0.9929,0.8864,0.9971,1.0,measured
chartqa,1792,64,chartqa_val_427,357.537,1152.097,419.896,22.188,0.310335,1.1041,1.03,1.0711,1.0198,1.0301,1.0,measured
chartqa,1792,64,chartqa_val_428,365.686,1015.773,428.105,20.988,0.360008,0.9958,0.9042,0.9912,0.884,0.9985,1.0,measured
chartqa,1792,64,chartqa_val_429,361.081,1282.655,423.527,21.478,0.28151,0.9941,0.9939,0.9957,0.9936,0.9983,1.0,measured
chartqa,1792,64,chartqa_val_430,372.436,656.679,435.343,22.134,0.567152,0.9945,0.792,1.0024,0.9358,0.9968,1.0,measured
chartqa,1792,64,chartqa_val_431,361.627,827.209,424.614,21.189,0.437166,1.0022,0.9072,1.0002,0.8735,1.001,1.0,measured
chartqa,1792,64,chartqa_val_432,369.756,697.217,432.866,22.029,0.530331,0.9939,0.9222,0.9835,0.8864,0.9968,1.0,measured
chartqa,1792,64,chartqa_val_433,376.061,1628.444,438.43,23.8,0.230933,1.0072,0.9459,1.0205,0.935,1.0017,1.0,measured
chartqa,1792,64,chartqa_val_434,360.535,888.832,423.168,21.167,0.405628,1.0116,1.0122,1.0095,1.0132,1.0047,1.0,measured
chartqa,1792,64,chartqa_val_435,357.304,772.015,419.539,20.734,0.46282,0.9984,0.987,0.9995,0.9815,0.9993,1.0,measured
chartqa,1792,64,chartqa_val_436,376.399,600.095,438.877,23.031,0.627233,0.9918,1.1176,0.9959,1.2579,0.9948,1.0,measured
chartqa,1792,64,chartqa_val_437,361.683,446.174,424.327,21.847,0.810631,0.9951,0.9919,0.9978,0.9462,0.996,1.0,measured
chartqa,1792,64,chartqa_val_438,370.637,871.292,433.59,23.037,0.425388,0.9943,0.9756,1.0019,0.9655,0.9976,1.0,measured
chartqa,1792,64,chartqa_val_439,384.043,850.564,447.716,23.697,0.451515,1.0325,1.0562,1.0275,1.0694,1.0144,1.0,measured
chartqa,1792,64,chartqa_val_440,389.831,764.279,452.281,22.286,0.510064,0.9998,0.6287,1.015,0.9616,0.9999,1.0,measured
chartqa,1792,64,chartqa_val_441,362.844,1785.138,425.834,21.576,0.203258,0.9925,1.1143,0.9937,1.0497,0.9985,1.0,measured
chartqa,1792,64,chartqa_val_442,360.386,727.006,423.166,21.703,0.495713,1.0007,0.9282,0.9982,0.8927,1.0004,1.0,measured
chartqa,1792,64,chartqa_val_443,362.128,1051.019,425.075,21.584,0.344549,0.9936,0.9156,0.9987,0.9609,0.9978,1.0,measured
chartqa,1792,64,chartqa_val_444,367.521,1614.391,430.457,22.338,0.227653,1.0023,0.9379,1.0016,0.9292,1.0005,1.0,measured
chartqa,1792,64,chartqa_val_445,370.932,1812.161,434.005,21.875,0.20469,1.1079,0.9942,1.0801,0.9833,1.0203,1.0,measured
chartqa,1792,64,chartqa_val_446,384.236,952.923,447.068,21.077,0.403218,1.013,0.9733,1.015,0.9602,1.0052,1.0,measured
chartqa,1792,64,chartqa_val_447,376.949,1871.753,439.558,22.733,0.201388,0.9916,0.9657,0.9953,0.9624,0.9983,1.0,measured
chartqa,1792,64,chartqa_val_448,375.586,574.534,438.473,22.677,0.653722,0.9985,1.0298,1.0023,1.066,0.999,1.0,measured
chartqa,1792,64,chartqa_val_449,371.189,836.769,433.654,22.395,0.443597,1.005,1.0247,1.0073,1.0321,1.0022,1.0,measured
chartqa,1792,64,chartqa_val_450,377.407,1250.579,440.178,23.154,0.301786,0.9981,1.0846,0.9994,1.1041,0.9994,1.0,measured
chartqa,1792,64,chartqa_val_451,371.556,877.364,434.256,23.321,0.423491,1.0421,0.9745,1.029,0.9528,1.0174,1.0,measured
chartqa,1792,64,chartqa_val_452,370.108,569.417,433.294,22.687,0.649976,0.9919,0.9327,1.012,0.8512,0.9947,1.0,measured
chartqa,1792,64,chartqa_val_453,355.185,1722.793,418.118,20.709,0.206168,0.9976,1.0047,0.9991,1.0054,0.9995,1.0,measured
chartqa,1792,64,chartqa_val_454,360.541,1428.422,423.407,20.511,0.252405,0.991,1.0215,1.042,1.0182,0.9977,1.0,measured
chartqa,1792,64,chartqa_val_455,356.722,890.272,418.941,21.424,0.400689,1.003,1.115,1.0046,1.1557,1.0012,1.0,measured
chartqa,1792,64,chartqa_val_456,466.281,698.087,528.83,21.157,0.667941,0.9912,1.0506,1.0159,1.0858,0.9941,1.0,measured
chartqa,1792,64,chartqa_val_457,417.457,1806.74,480.268,21.055,0.231055,0.9852,1.0379,0.9884,1.0443,0.9965,1.0,measured
chartqa,1792,64,chartqa_val_458,369.59,584.504,432.148,21.765,0.632314,1.0042,1.1076,1.0026,1.2291,1.0027,1.0,measured
chartqa,1792,64,chartqa_val_459,368.129,1855.395,430.873,22.611,0.19841,0.9933,0.9813,0.9981,0.9792,0.9987,1.0,measured
chartqa,1792,64,chartqa_val_460,377.918,667.654,441.04,22.661,0.56604,0.9964,1.0369,1.0103,1.0583,0.998,1.0,measured
chartqa,1792,64,chartqa_val_461,396.188,1870.431,459.915,22.389,0.211816,0.9953,0.9928,0.9996,0.992,0.999,1.0,measured
chartqa,1792,64,chartqa_val_462,386.045,605.972,448.897,22.439,0.637067,0.9935,1.0038,0.9965,1.0122,0.9958,1.0,measured
chartqa,1792,64,chartqa_val_463,371.697,1841.369,433.959,22.34,0.201859,0.9918,0.9721,1.0098,0.9675,0.9983,1.0,measured
chartqa,1792,64,chartqa_val_464,369.547,820.88,431.966,20.469,0.450183,0.9942,1.041,1.007,1.0555,0.9974,1.0,measured
chartqa,1792,64,chartqa_val_465,375.947,1796.391,438.419,23.016,0.209279,0.9914,0.9296,0.9785,0.9861,0.9982,1.0,measured
chartqa,1792,64,chartqa_val_466,372.032,1842.327,434.594,22.345,0.201936,0.9954,0.9801,0.997,0.9781,0.9991,1.0,measured
chartqa,1792,64,chartqa_val_467,371.629,1884.217,434.745,23.007,0.197233,1.0032,1.008,1.0194,1.0066,1.0006,1.0,measured
chartqa,1792,64,chartqa_val_468,379.495,898.754,442.186,22.828,0.422245,0.9934,1.0252,0.9949,1.0375,0.9972,1.0,measured
chartqa,1792,64,chartqa_val_469,380.836,1889.963,443.216,22.964,0.201505,0.9927,0.9586,0.9981,0.9537,0.9985,1.0,measured
chartqa,1792,64,chartqa_val_470,365.81,1796.886,428.642,21.718,0.20358,0.995,0.7917,0.9957,0.9467,0.999,1.0,measured
chartqa,1792,64,chartqa_val_471,377.974,1850.035,440.912,22.367,0.204307,0.9965,0.9433,0.9971,0.937,0.9993,1.0,measured
chartqa,1792,64,chartqa_val_472,370.105,1050.275,433.132,22.041,0.352389,0.9949,0.975,0.9957,0.9692,0.9982,1.0,measured
chartqa,1792,64,chartqa_val_473,367.745,1471.639,430.494,22.152,0.249888,0.9945,1.0785,0.9964,1.0928,0.9986,1.0,measured
chartqa,1792,64,chartqa_val_474,373.199,864.45,435.923,22.554,0.431718,0.9937,0.9806,0.992,0.9759,0.9973,1.0,measured
chartqa,1792,64,chartqa_val_475,378.654,1933.719,441.382,23.688,0.195816,1.0035,1.0462,1.0034,1.0515,1.0007,1.0,measured
chartqa,1792,64,chartqa_val_476,359.158,980.452,421.89,22.342,0.366319,0.9896,0.4633,0.9931,1.0034,0.9961,1.0,measured
chartqa,1792,64,chartqa_val_477,366.699,1859.345,429.362,22.698,0.19722,0.9979,1.0129,0.9985,1.0146,0.9996,1.0,measured
chartqa,1792,64,chartqa_val_478,370.71,677.818,433.915,22.173,0.546917,0.9892,0.9986,0.9931,1.0027,0.994,1.0,measured
chartqa,1792,64,chartqa_val_479,363.53,1273.475,426.424,21.719,0.285463,0.9954,0.9009,1.0028,1.088,0.9987,1.0,measured
chartqa,1792,64,chartqa_val_480,385.147,1178.525,447.952,23.567,0.326805,0.9981,1.0131,1.0053,1.015,0.9994,1.0,measured
chartqa,1792,64,chartqa_val_481,358.568,879.683,421.568,20.823,0.407611,1.0012,1.0809,1.0037,1.1089,1.0005,1.0,measured
chartqa,1792,64,chartqa_val_482,366.047,1066.307,428.351,21.998,0.343285,0.9935,0.9876,0.985,0.9883,0.9978,1.0,measured
chartqa,1792,64,chartqa_val_483,369.579,1845.658,432.087,22.438,0.200243,0.9963,1.0105,0.9989,1.0119,0.9992,1.0,measured
chartqa,1792,64,chartqa_val_484,369.84,1219.258,432.598,22.476,0.303332,0.9946,1.0366,0.9822,1.0494,0.9984,1.0,measured
chartqa,1792,64,chartqa_val_485,368.42,676.415,431.61,22.255,0.544666,1.0421,1.1384,1.0406,1.2122,1.0225,1.0,measured
chartqa,1792,64,chartqa_val_486,369.984,995.902,433.529,22.495,0.371507,1.0127,1.0994,1.012,1.1273,1.0047,1.0,measured
chartqa,1792,64,chartqa_val_487,361.177,1487.251,423.908,22.153,0.242849,1.0149,1.0796,1.0292,1.0881,1.0036,1.0,measured
chartqa,1792,64,chartqa_val_488,371.494,924.309,434.536,22.262,0.401915,1.0025,1.105,1.0078,1.14,1.001,1.0,measured
chartqa,1792,64,chartqa_val_489,374.8,1852.208,437.586,22.454,0.202353,1.0005,1.034,1.0005,1.0415,1.0001,1.0,measured
chartqa,1792,64,chartqa_val_490,372.527,728.678,435.503,22.552,0.511236,0.9898,1.914,0.9928,1.0713,0.9947,1.0,measured
chartqa,1792,64,chartqa_val_491,362.634,1807.656,425.501,21.939,0.20061,0.9936,1.0507,1.0092,1.0559,0.9987,1.0,measured
chartqa,1792,64,chartqa_val_492,363.033,1779.844,425.772,21.493,0.203969,1.0145,1.0478,1.0112,1.0524,1.0029,1.0,measured
chartqa,1792,64,chartqa_val_493,489.437,2004.411,552.129,23.052,0.24418,1.0083,0.9656,1.0087,1.0723,1.002,1.0,measured
chartqa,1792,64,chartqa_val_494,372.727,1071.091,435.44,21.919,0.347988,1.0084,1.0662,1.0079,1.0825,1.0029,1.0,measured
chartqa,1792,64,chartqa_val_495,361.693,1549.808,803.282,21.329,0.233379,1.0167,1.0715,1.018,1.0838,1.0038,1.0,measured
chartqa,1792,64,chartqa_val_496,369.373,989.494,431.777,21.451,0.373295,0.9939,1.0909,0.9936,1.1218,0.9977,1.0,measured
chartqa,1792,64,chartqa_val_497,371.492,1798.49,434.249,21.655,0.206558,1.0006,1.0207,1.0005,0.9746,1.0001,1.0,measured
chartqa,1792,64,chartqa_val_498,373.053,1567.232,435.583,22.189,0.238033,1.011,1.1038,1.0142,1.1175,1.0026,1.0,measured
chartqa,1792,64,chartqa_val_499,379.555,1841.409,442.757,22.201,0.206122,1.0012,1.0674,1.0044,1.0755,1.0002,1.0,measured
docvqa,1792,1024,docvqa_49153,414.18,1246.123,477.919,25.607,0.332375,1.0121,,,,1.004,1.0,amdahl
docvqa,1792,1024,docvqa_24580,433.067,793.373,494.973,19.893,0.545856,0.9925,,,,0.9959,1.0,amdahl
docvqa,1792,1024,docvqa_57349,400.842,1055.264,830.549,22.471,0.37985,0.9923,,,,0.9971,1.0,amdahl
docvqa,1792,1024,docvqa_24581,399.049,689.532,461.124,28.551,0.578724,0.9854,,,,0.9915,1.0,amdahl
docvqa,1792,1024,docvqa_24582,396.92,1123.315,915.906,23.046,0.353347,1.0616,,,,1.0209,1.0,amdahl
docvqa,1792,1024,docvqa_39079,513.821,2363.237,576.434,49.633,0.217423,0.9941,,,,0.9987,1.0,amdahl
docvqa,1792,1024,docvqa_57357,339.289,1361.39,829.003,22.183,0.249223,0.9926,,,,0.9981,1.0,amdahl
docvqa,1792,1024,docvqa_24426,383.274,839.498,445.705,21.877,0.456552,1.0084,,,,1.0038,1.0,amdahl
docvqa,1792,1024,docvqa_49168,362.403,1435.074,867.084,24.695,0.252532,0.9974,,,,0.9994,1.0,amdahl
docvqa,1792,1024,docvqa_24423,401.981,1427.662,864.204,25.612,0.281566,1.0047,,,,1.0013,1.0,amdahl
docvqa,1792,1024,docvqa_49172,405.096,1615.241,871.549,23.99,0.250796,1.0053,,,,1.0013,1.0,amdahl
docvqa,1792,1024,docvqa_57364,424.377,1278.467,881.803,24.792,0.331942,1.018,,,,1.0059,1.0,amdahl
docvqa,1792,1024,docvqa_57366,398.267,1229.561,867.101,22.654,0.32391,1.0836,,,,1.0256,1.0,amdahl
docvqa,1792,1024,docvqa_57368,381.788,1255.43,876.539,23.681,0.304109,0.9913,,,,0.9973,1.0,amdahl
docvqa,1792,1024,docvqa_49177,358.558,1415.898,829.602,22.55,0.253237,0.9931,,,,0.9982,1.0,amdahl
docvqa,1792,1024,docvqa_57370,430.17,1113.165,492.548,23.87,0.386439,0.9852,,,,0.9942,1.0,amdahl
docvqa,1792,1024,docvqa_57371,425.736,3664.794,857.821,96.792,0.116169,1.0103,,,,1.0012,1.0,amdahl
docvqa,1792,1024,docvqa_57372,396.863,1026.884,459.316,23.649,0.386473,0.9851,,,,0.9942,1.0,amdahl
docvqa,1792,1024,docvqa_49181,380.051,1760.394,884.084,22.469,0.21589,0.9907,,,,0.998,1.0,amdahl
docvqa,1792,1024,docvqa_57373,383.745,894.67,446.835,20.356,0.428923,1.0165,,,,1.007,1.0,amdahl
docvqa,1792,1024,docvqa_57374,390.144,885.122,452.093,25.472,0.440779,1.0002,,,,1.0001,1.0,amdahl
docvqa,1792,1024,docvqa_57375,365.955,1170.737,428.569,23.941,0.312585,0.9929,,,,0.9978,1.0,amdahl
docvqa,1792,1024,docvqa_57376,353.172,866.792,415.801,25.055,0.407447,0.9989,,,,0.9995,1.0,amdahl
docvqa,1792,1024,docvqa_49187,349.208,1097.149,411.295,23.65,0.318287,1.095,,,,1.0284,1.0,amdahl
docvqa,1792,1024,docvqa_16424,397.537,976.129,459.795,27.175,0.407259,0.9918,,,,0.9966,1.0,amdahl
docvqa,1792,1024,docvqa_57386,380.416,874.085,442.56,23.974,0.435216,0.9866,,,,0.9941,1.0,amdahl
docvqa,1792,1024,docvqa_57387,372.263,911.505,434.481,25.107,0.408405,1.0088,,,,1.0036,1.0,amdahl
docvqa,1792,1024,docvqa_57388,375.823,926.895,438.087,25.727,0.405465,1.002,,,,1.0008,1.0,amdahl
docvqa,1792,1024,docvqa_16429,397.879,716.92,460.413,21.376,0.554983,0.9884,,,,0.9935,1.0,amdahl
docvqa,1792,1024,docvqa_16430,454.115,763.251,517.335,20.493,0.594975,1.0636,,,,1.0369,1.0,amdahl
docvqa,1792,1024,docvqa_57391,386.382,682.11,449.644,23.247,0.56645,1.0987,,,,1.0536,1.0,amdahl
docvqa,1792,1024,docvqa_57395,398.441,821.479,461.046,25.745,0.485029,1.0122,,,,1.0059,1.0,amdahl
docvqa,1792,1024,docvqa_16437,340.723,820.951,402.564,22.02,0.415034,1.0446,,,,1.0181,1.0,amdahl
docvqa,1792,1024,docvqa_16440,400.222,914.849,462.834,25.112,0.437473,1.0574,,,,1.0243,1.0,amdahl
docvqa,1792,1024,docvqa_57402,377.538,1151.893,439.648,22.976,0.327755,1.022,,,,1.0071,1.0,amdahl
docvqa,1792,1024,docvqa_57403,440.414,1205.12,503.732,22.625,0.365453,1.0622,,,,1.0219,1.0,amdahl
docvqa,1792,1024,docvqa_57404,497.014,1542.683,927.1,22.799,0.322175,0.9949,,,,0.9983,1.0,amdahl
docvqa,1792,1024,docvqa_16444,379.335,1049.238,442.234,26.391,0.361534,1.0015,,,,1.0005,1.0,amdahl
docvqa,1792,1024,docvqa_57407,402.751,952.488,464.997,24.375,0.422841,0.9962,,,,0.9984,1.0,amdahl
docvqa,1792,1024,docvqa_16447,401.675,1067.292,465.303,24.08,0.37635,1.0053,,,,1.002,1.0,amdahl
docvqa,1792,1024,docvqa_57409,368.031,697.242,430.549,26.669,0.527839,0.9986,,,,0.9993,1.0,amdahl
docvqa,1792,1024,docvqa_16450,423.186,754.12,485.42,26.87,0.561165,0.9924,,,,0.9957,1.0,amdahl
docvqa,1792,1024,docvqa_57410,414.006,862.135,476.254,24.118,0.48021,0.9924,,,,0.9963,1.0,amdahl
docvqa,1792,1024,docvqa_57411,560.235,1340.017,622.939,25.61,0.418081,0.987,,,,0.9945,1.0,amdahl
docvqa,1792,1024,docvqa_57413,371.925,1498.556,434.195,25.96,0.248189,1.0151,,,,1.0037,1.0,amdahl
docvqa,1792,1024,docvqa_57414,377.679,848.699,440.983,22.651,0.445009,0.9917,,,,0.9963,1.0,amdahl
docvqa,1792,1024,docvqa_57415,381.519,985.073,443.655,21.657,0.387301,1.0455,,,,1.0171,1.0,amdahl
docvqa,1792,1024,docvqa_57416,383.686,813.398,447.592,21.518,0.471708,1.0015,,,,1.0007,1.0,amdahl
docvqa,1792,1024,docvqa_57417,404.924,823.089,468.38,25.336,0.491956,0.9889,,,,0.9945,1.0,amdahl
docvqa,1792,1024,docvqa_57418,344.23,743.23,406.259,22.465,0.463154,1.017,,,,1.0078,1.0,amdahl
docvqa,1792,1024,docvqa_24437,356.336,809.123,418.528,26.04,0.440398,0.9912,,,,0.9961,1.0,amdahl
docvqa,1792,1024,docvqa_24438,367.487,696.233,429.87,22.197,0.527821,1.001,,,,1.0005,1.0,amdahl
docvqa,1792,1024,docvqa_16455,438.565,1511.46,887.161,24.012,0.29016,0.9973,,,,0.9992,1.0,amdahl
docvqa,1792,1024,docvqa_16456,397.02,727.652,459.166,22.374,0.545618,0.9886,,,,0.9937,1.0,amdahl
docvqa,1792,1024,docvqa_16463,391.458,759.173,453.905,25.439,0.515638,1.0008,,,,1.0004,1.0,amdahl
docvqa,1792,1024,docvqa_49234,370.335,793.301,432.316,25.785,0.466828,1.1068,,,,1.0472,1.0,amdahl
docvqa,1792,1024,docvqa_57428,402.32,865.777,465.097,25.043,0.464692,0.9934,,,,0.9969,1.0,amdahl
docvqa,1792,1024,docvqa_24440,371.537,2304.68,861.066,84.918,0.16121,1.0109,,,,1.0017,1.0,amdahl
docvqa,1792,1024,docvqa_16468,472.474,1116.942,535.86,23.243,0.423006,1.0769,,,,1.0311,1.0,amdahl
docvqa,1792,1024,docvqa_57431,375.57,829.646,437.676,19.599,0.452687,0.994,,,,0.9973,1.0,amdahl
docvqa,1792,1024,docvqa_16473,418.598,745.302,481.796,21.959,0.561649,0.9959,,,,0.9977,1.0,amdahl
docvqa,1792,1024,docvqa_49242,370.781,1054.941,815.373,21.779,0.35147,1.0094,,,,1.0033,1.0,amdahl
docvqa,1792,1024,docvqa_57439,401.301,5831.841,463.445,103.238,0.068812,1.0155,,,,1.0011,1.0,amdahl
docvqa,1792,1024,docvqa_57440,375.269,796.617,437.256,22.46,0.471079,1.0998,,,,1.0447,1.0,amdahl
docvqa,1792,1024,docvqa_32870,376.129,1460.82,438.75,24.335,0.257478,1.0135,,,,1.0034,1.0,amdahl
docvqa,1792,1024,docvqa_32871,397.071,1552.392,888.004,23.728,0.25578,0.999,,,,0.9997,1.0,amdahl
docvqa,1792,1024,docvqa_32872,345.561,746.047,407.654,21.15,0.463189,1.0089,,,,1.0041,1.0,amdahl
docvqa,1792,1024,docvqa_32873,371.87,950.188,434.289,24.567,0.391365,1.0125,,,,1.0048,1.0,amdahl
docvqa,1792,1024,docvqa_32874,344.439,698.073,406.575,24.292,0.493414,0.9973,,,,0.9987,1.0,amdahl
docvqa,1792,1024,docvqa_32875,372.171,1029.583,434.604,29.749,0.361478,1.0037,,,,1.0013,1.0,amdahl
docvqa,1792,1024,docvqa_32876,341.206,929.533,403.001,25.073,0.367073,0.9959,,,,0.9985,1.0,amdahl
docvqa,1792,1024,docvqa_32877,350.234,1039.106,412.277,23.216,0.337053,0.984,,,,0.9946,1.0,amdahl
docvqa,1792,1024,docvqa_32878,398.784,714.183,462.241,22.904,0.558377,1.0108,,,,1.006,1.0,amdahl
docvqa,1792,1024,docvqa_32879,429.139,888.57,492.568,23.294,0.482955,1.0063,,,,1.0031,1.0,amdahl
docvqa,1792,1024,docvqa_57449,408.092,725.186,470.58,25.461,0.562741,0.9912,,,,0.995,1.0,amdahl
docvqa,1792,1024,docvqa_32881,426.975,1124.013,490.839,26.382,0.379867,0.9903,,,,0.9963,1.0,amdahl
docvqa,1792,1024,docvqa_32882,384.65,1079.967,447.388,24.33,0.356169,1.1383,,,,1.0452,1.0,amdahl
docvqa,1792,1024,docvqa_32883,446.042,1019.374,509.16,23.192,0.437565,1.0116,,,,1.005,1.0,amdahl
docvqa,1792,1024,docvqa_57452,447.362,813.538,510.164,20.225,0.549897,1.0393,,,,1.0213,1.0,amdahl
docvqa,1792,1024,docvqa_32885,352.292,798.153,414.531,22.566,0.441384,1.006,,,,1.0026,1.0,amdahl
docvqa,1792,1024,docvqa_32886,486.184,1057.991,548.178,23.173,0.459535,0.9921,,,,0.9964,1.0,amdahl
docvqa,1792,1024,docvqa_57454,351.796,3809.794,414.174,60.636,0.09234,1.2099,,,,1.0163,1.0,amdahl
docvqa,1792,1024,docvqa_49263,354.695,1160.897,417.12,25.647,0.305535,0.9992,,,,0.9998,1.0,amdahl
docvqa,1792,1024,docvqa_32889,351.052,954.298,412.987,22.555,0.367864,0.9872,,,,0.9953,1.0,amdahl
docvqa,1792,1024,docvqa_32890,373.816,813.466,436.742,25.115,0.459535,0.9857,,,,0.9934,1.0,amdahl
docvqa,1792,1024,docvqa_32891,498.855,1405.533,561.903,24.813,0.354922,0.9928,,,,0.9974,1.0,amdahl
docvqa,1792,1024,docvqa_32892,410.824,878.203,472.9,25.331,0.467801,1.124,,,,1.0544,1.0,amdahl
docvqa,1792,1024,docvqa_32893,353.314,844.698,415.761,21.447,0.418272,0.9913,,,,0.9963,1.0,amdahl
docvqa,1792,1024,docvqa_32894,377.65,928.951,441.428,25.659,0.406534,0.9882,,,,0.9952,1.0,amdahl
docvqa,1792,1024,docvqa_49274,377.394,914.912,439.973,26.385,0.412492,0.999,,,,0.9996,1.0,amdahl
docvqa,1792,1024,docvqa_32896,342.107,641.904,404.206,19.808,0.532956,1.0088,,,,1.0047,1.0,amdahl
docvqa,1792,1024,docvqa_32897,380.734,745.628,442.501,23.317,0.510622,1.1581,,,,1.0749,1.0,amdahl
docvqa,1792,1024,docvqa_32898,373.979,1051.27,436.503,27.944,0.355741,1.0054,,,,1.0019,1.0,amdahl
docvqa,1792,1024,docvqa_57475,368.921,805.997,430.874,25.008,0.457719,0.9984,,,,0.9993,1.0,amdahl
docvqa,1792,1024,docvqa_32900,344.562,820.36,406.589,21.777,0.420013,1.0062,,,,1.0026,1.0,amdahl
docvqa,1792,1024,docvqa_57476,344.261,881.398,405.98,21.61,0.390585,0.9948,,,,0.998,1.0,amdahl
docvqa,1792,1024,docvqa_49279,390.031,658.086,453.082,20.5,0.592675,0.9882,,,,0.9929,1.0,amdahl
docvqa,1792,1024,docvqa_49285,411.871,768.062,474.781,26.662,0.536247,1.0026,,,,1.0014,1.0,amdahl
docvqa,1792,1024,docvqa_49292,370.122,1478.745,432.613,23.247,0.250294,0.9963,,,,0.9991,1.0,amdahl
docvqa,1792,1024,docvqa_16529,395.371,764.628,457.621,21.929,0.517076,0.9929,,,,0.9963,1.0,amdahl
docvqa,1792,1024,docvqa_49297,393.195,904.159,455.502,24.925,0.434874,1.0006,,,,1.0003,1.0,amdahl
docvqa,1792,1024,docvqa_16533,367.781,995.774,429.849,25.724,0.369342,1.0057,,,,1.0021,1.0,amdahl
docvqa,1792,1024,docvqa_49304,402.745,805.773,464.714,24.361,0.499824,0.9929,,,,0.9964,1.0,amdahl
docvqa,1792,1024,docvqa_16539,346.105,893.203,407.926,22.058,0.387488,0.989,,,,0.9957,1.0,amdahl
docvqa,1792,1024,docvqa_16553,420.286,947.221,482.746,24.446,0.443704,0.9911,,,,0.996,1.0,amdahl
docvqa,1792,1024,docvqa_49322,403.942,867.009,467.216,24.987,0.465903,1.0093,,,,1.0043,1.0,amdahl
docvqa,1792,1024,docvqa_57515,380.44,906.05,442.786,27.251,0.419888,1.0658,,,,1.0266,1.0,amdahl
docvqa,1792,1024,docvqa_49323,405.217,754.217,467.675,23.878,0.537268,1.0328,,,,1.0174,1.0,amdahl
docvqa,1792,1024,docvqa_57517,398.865,691.896,461.905,25.555,0.576482,1.1077,,,,1.0594,1.0,amdahl
docvqa,1792,1024,docvqa_49324,363.351,759.507,425.39,25.701,0.478404,1.0042,,,,1.002,1.0,amdahl
docvqa,1792,1024,docvqa_57519,352.476,635.007,414.482,22.052,0.555074,1.0012,,,,1.0007,1.0,amdahl
docvqa,1792,1024,docvqa_49325,382.156,708.407,443.841,20.351,0.539459,1.0216,,,,1.0115,1.0,amdahl
docvqa,1792,1024,docvqa_57521,374.942,714.541,438.129,21.262,0.524731,0.9922,,,,0.9959,1.0,amdahl
docvqa,1792,1024,docvqa_49326,411.334,854.748,474.016,22.396,0.481235,1.0719,,,,1.0334,1.0,amdahl
docvqa,1792,1024,docvqa_57523,407.251,804.051,469.416,22.309,0.506499,0.996,,,,0.998,1.0,amdahl
docvqa,1792,1024,docvqa_57524,377.171,804.682,439.898,26.056,0.46872,1.0056,,,,1.0026,1.0,amdahl
docvqa,1792,1024,docvqa_57525,375.434,1379.499,835.208,22.679,0.272153,1.0944,,,,1.024,1.0,amdahl
docvqa,1792,1024,docvqa_57526,431.145,699.423,493.754,20.567,0.61643,0.9966,,,,0.9979,1.0,amdahl
docvqa,1792,1024,docvqa_57527,493.96,1029.366,556.018,27.844,0.479868,1.002,,,,1.001,1.0,amdahl
docvqa,1792,1024,docvqa_57528,371.893,1078.08,434.342,23.842,0.344958,1.0147,,,,1.005,1.0,amdahl
docvqa,1792,1024,docvqa_57529,391.111,1061.932,453.833,20.969,0.368301,0.9906,,,,0.9965,1.0,amdahl
docvqa,1792,1024,docvqa_57530,409.839,737.674,473.538,26.414,0.555582,0.9993,,,,0.9996,1.0,amdahl
docvqa,1792,1024,docvqa_57531,402.632,848.846,465.27,25.572,0.474329,0.9978,,,,0.9989,1.0,amdahl
docvqa,1792,1024,docvqa_57532,419.058,1537.223,926.211,27.773,0.272607,0.9893,,,,0.9971,1.0,amdahl
docvqa,1792,1024,docvqa_57533,446.603,929.77,510.336,23.302,0.480337,0.995,,,,0.9976,1.0,amdahl
docvqa,1792,1024,docvqa_16568,414.981,715.25,477.68,23.757,0.580191,0.9922,,,,0.9955,1.0,amdahl
docvqa,1792,1024,docvqa_16574,400.067,1102.431,462.528,25.596,0.362895,1.0036,,,,1.0013,1.0,amdahl
docvqa,1792,1024,docvqa_57537,447.08,940.897,510.592,22.648,0.475164,1.0018,,,,1.0009,1.0,amdahl
docvqa,1792,1024,docvqa_57539,415.999,912.381,478.412,22.84,0.455949,1.022,,,,1.0099,1.0,amdahl
docvqa,1792,1024,docvqa_57540,405.549,928.179,468.449,24.196,0.436929,0.9924,,,,0.9967,1.0,amdahl
docvqa,1792,1024,docvqa_57543,429.3,947.671,495.765,23.785,0.453006,0.9917,,,,0.9962,1.0,amdahl
docvqa,1792,1024,docvqa_57550,383.605,656.016,446.749,26.158,0.584749,0.9894,,,,0.9938,1.0,amdahl
docvqa,1792,1024,docvqa_49361,384.754,730.465,447.542,28.292,0.526725,1.0334,,,,1.0173,1.0,amdahl
docvqa,1792,1024,docvqa_49362,411.9,942.829,474.298,27.561,0.436876,0.992,,,,0.9965,1.0,amdahl
docvqa,1792,1024,docvqa_57557,400.689,1060.891,463.528,23.895,0.377691,1.0612,,,,1.0223,1.0,amdahl
docvqa,1792,1024,docvqa_49366,432.22,806.115,494.441,22.262,0.536177,1.1169,,,,1.0595,1.0,amdahl
docvqa,1792,1024,docvqa_32984,373.672,867.783,436.11,25.393,0.430606,0.9922,,,,0.9966,1.0,amdahl
docvqa,1792,1024,docvqa_49369,370.855,716.383,433.501,25.717,0.517677,0.9893,,,,0.9944,1.0,amdahl
docvqa,1792,1024,docvqa_57562,410.252,730.868,472.465,25.84,0.561321,1.0021,,,,1.0012,1.0,amdahl
docvqa,1792,1024,docvqa_32986,363.118,819.94,426.249,23.158,0.442859,1.0183,,,,1.008,1.0,amdahl
docvqa,1792,1024,docvqa_57564,368.694,10642.912,430.908,127.65,0.034642,0.992,,,,0.9997,1.0,amdahl
docvqa,1792,1024,docvqa_49373,407.152,821.27,469.916,25.097,0.49576,1.0088,,,,1.0043,1.0,amdahl
docvqa,1792,1024,docvqa_16606,434.192,780.225,497.452,28.277,0.556496,1.0095,,,,1.0053,1.0,amdahl
docvqa,1792,1024,docvqa_223,412.324,841.085,474.823,28.174,0.490229,0.9882,,,,0.9942,1.0,amdahl
docvqa,1792,1024,docvqa_224,379.968,836.694,442.307,26.293,0.45413,1.0008,,,,1.0004,1.0,amdahl
docvqa,1792,1024,docvqa_16609,396.554,914.576,459.878,26.747,0.433594,0.9863,,,,0.994,1.0,amdahl
docvqa,1792,1024,docvqa_57566,347.75,785.895,409.586,23.519,0.44249,0.9951,,,,0.9978,1.0,amdahl
docvqa,1792,1024,docvqa_16611,383.725,1020.987,446.317,30.246,0.375837,0.9787,,,,0.9919,1.0,amdahl
docvqa,1792,1024,docvqa_49376,348.386,726.532,410.358,26.348,0.479519,0.9954,,,,0.9978,1.0,amdahl
docvqa,1792,1024,docvqa_49381,350.378,783.567,412.556,23.188,0.447157,1.0036,,,,1.0016,1.0,amdahl
docvqa,1792,1024,docvqa_32989,355.005,817.234,417.236,25.0,0.434399,0.9947,,,,0.9977,1.0,amdahl
docvqa,1792,1024,docvqa_231,350.509,776.671,412.557,24.274,0.451296,0.9963,,,,0.9983,1.0,amdahl
docvqa,1792,1024,docvqa_232,416.024,850.821,478.188,23.29,0.488968,1.0178,,,,1.0086,1.0,amdahl
docvqa,1792,1024,docvqa_32994,386.453,774.69,448.545,20.384,0.498849,1.0448,,,,1.0219,1.0,amdahl
docvqa,1792,1024,docvqa_234,380.473,6694.0,442.896,76.233,0.056838,0.9917,,,,0.9995,1.0,amdahl
docvqa,1792,1024,docvqa_4931,513.382,991.955,576.937,20.751,0.517545,1.0102,,,,1.0052,1.0,amdahl
docvqa,1792,1024,docvqa_32995,479.934,898.578,543.03,22.222,0.534104,0.9938,,,,0.9967,1.0,amdahl
docvqa,1792,1024,docvqa_237,405.501,920.211,469.003,26.542,0.440661,1.01,,,,1.0044,1.0,amdahl
docvqa,1792,1024,docvqa_49390,373.964,634.767,436.097,28.381,0.589135,1.1942,,,,1.106,1.0,amdahl
docvqa,1792,1024,docvqa_49391,428.434,992.444,490.361,22.822,0.431696,0.9931,,,,0.997,1.0,amdahl
docvqa,1792,1024,docvqa_49392,410.089,713.32,472.021,20.108,0.574902,1.0029,,,,1.0017,1.0,amdahl
docvqa,1792,1024,docvqa_49393,412.383,954.964,474.936,28.237,0.431831,0.994,,,,0.9974,1.0,amdahl
docvqa,1792,1024,docvqa_49394,352.885,722.91,414.945,20.531,0.488145,0.9799,,,,0.9901,1.0,amdahl
docvqa,1792,1024,docvqa_49395,376.671,937.79,439.335,26.234,0.401658,1.0226,,,,1.009,1.0,amdahl
docvqa,1792,1024,docvqa_49396,380.725,959.026,443.35,24.556,0.396991,1.1806,,,,1.0646,1.0,amdahl
docvqa,1792,1024,docvqa_49397,419.073,866.865,481.244,25.708,0.483435,0.9918,,,,0.996,1.0,amdahl
docvqa,1792,1024,docvqa_49398,392.326,756.312,454.937,23.183,0.518735,1.1319,,,,1.0643,1.0,amdahl
docvqa,1792,1024,docvqa_49399,356.001,625.438,418.046,20.739,0.569203,1.0088,,,,1.005,1.0,amdahl
docvqa,1792,1024,docvqa_49400,387.622,965.8,449.888,20.636,0.401348,0.9909,,,,0.9963,1.0,amdahl
docvqa,1792,1024,docvqa_49401,388.889,803.546,451.051,22.031,0.483967,1.0058,,,,1.0028,1.0,amdahl
docvqa,1792,1024,docvqa_49402,403.794,1188.193,466.093,24.07,0.339839,1.0065,,,,1.0022,1.0,amdahl
docvqa,1792,1024,docvqa_49403,348.818,595.708,410.872,20.537,0.585552,0.9924,,,,0.9956,1.0,amdahl
docvqa,1792,1024,docvqa_49404,408.584,1093.357,470.886,25.936,0.373697,1.0122,,,,1.0045,1.0,amdahl
docvqa,1792,1024,docvqa_254,360.53,873.144,422.698,26.497,0.412911,0.9901,,,,0.9959,1.0,amdahl
docvqa,1792,1024,docvqa_255,344.739,724.223,406.494,21.182,0.476012,1.017,,,,1.008,1.0,amdahl
docvqa,1792,1024,docvqa_256,377.78,889.021,440.154,24.937,0.424939,1.0415,,,,1.0172,1.0,amdahl
docvqa,1792,1024,docvqa_49406,386.363,831.849,449.42,25.495,0.464463,1.0059,,,,1.0027,1.0,amdahl
docvqa,1792,1024,docvqa_265,353.823,1280.925,416.12,24.709,0.276225,1.001,,,,1.0003,1.0,amdahl
docvqa,1792,1024,docvqa_266,386.959,816.05,449.357,22.918,0.474185,0.9894,,,,0.9949,1.0,amdahl
docvqa,1792,1024,docvqa_267,396.165,1043.296,458.352,22.498,0.379724,1.0569,,,,1.0209,1.0,amdahl
docvqa,1792,1024,docvqa_271,393.823,832.453,455.592,23.554,0.473087,1.0954,,,,1.043,1.0,amdahl
docvqa,1792,1024,docvqa_49432,447.558,1458.825,509.613,25.654,0.306794,0.9958,,,,0.9987,1.0,amdahl
docvqa,1792,1024,docvqa_283,371.427,950.639,433.582,24.622,0.390713,1.0887,,,,1.0329,1.0,amdahl
docvqa,1792,1024,docvqa_284,380.6,1075.535,445.06,22.517,0.35387,1.0064,,,,1.0023,1.0,amdahl
docvqa,1792,1024,docvqa_285,349.842,796.521,411.828,25.646,0.439213,1.0187,,,,1.0081,1.0,amdahl
docvqa,1792,1024,docvqa_49437,408.731,822.522,470.843,25.12,0.496924,0.9989,,,,0.9995,1.0,amdahl
docvqa,1792,1024,docvqa_49442,400.445,850.75,462.679,27.719,0.470697,0.9956,,,,0.9979,1.0,amdahl
docvqa,1792,1024,docvqa_292,371.683,1054.703,434.164,22.162,0.352405,1.0136,,,,1.0047,1.0,amdahl
docvqa,1792,1024,docvqa_296,420.648,855.98,483.683,26.593,0.491423,0.9896,,,,0.9948,1.0,amdahl
docvqa,1792,1024,docvqa_297,442.736,863.22,505.304,22.37,0.512888,1.0423,,,,1.0212,1.0,amdahl
docvqa,1792,1024,docvqa_298,383.468,679.108,446.332,21.161,0.564664,0.994,,,,0.9966,1.0,amdahl
docvqa,1792,1024,docvqa_49449,402.658,825.682,465.863,22.489,0.487667,1.009,,,,1.0044,1.0,amdahl
docvqa,1792,1024,docvqa_300,403.077,934.702,464.888,24.727,0.431235,1.0111,,,,1.0047,1.0,amdahl
docvqa,1792,1024,docvqa_49454,482.688,927.623,545.101,20.133,0.520349,0.9947,,,,0.9973,1.0,amdahl
docvqa,1792,1024,docvqa_303,414.215,864.063,476.965,24.194,0.47938,1.0857,,,,1.0393,1.0,amdahl
docvqa,1792,1024,docvqa_304,385.543,1042.435,447.751,22.025,0.369849,1.0007,,,,1.0002,1.0,amdahl
docvqa,1792,1024,docvqa_305,398.346,834.495,460.655,20.769,0.47735,1.043,,,,1.0201,1.0,amdahl
docvqa,1792,1024,docvqa_49455,380.396,1471.885,444.39,26.346,0.258441,0.9946,,,,0.9986,1.0,amdahl
docvqa,1792,1024,docvqa_307,383.509,869.428,446.102,28.222,0.441105,1.0057,,,,1.0025,1.0,amdahl
docvqa,1792,1024,docvqa_49461,371.27,896.921,433.382,24.397,0.413938,1.0008,,,,1.0003,1.0,amdahl
docvqa,1792,1024,docvqa_49465,398.487,1021.994,461.629,26.684,0.389911,1.0018,,,,1.0007,1.0,amdahl
docvqa,1792,1024,docvqa_317,429.502,722.135,491.907,23.023,0.594767,1.0095,,,,1.0056,1.0,amdahl
docvqa,1792,1024,docvqa_319,404.324,934.347,466.564,22.275,0.432735,1.0047,,,,1.002,1.0,amdahl
docvqa,1792,1024,docvqa_320,420.086,2244.811,483.459,22.581,0.187136,1.0088,,,,1.0016,1.0,amdahl
docvqa,1792,1024,docvqa_321,431.512,71008.734,493.521,337.393,0.006077,0.9899,,,,0.9999,1.0,amdahl
docvqa,1792,1024,docvqa_345,389.209,746.891,451.303,24.632,0.521105,0.9957,,,,0.9977,1.0,amdahl
docvqa,1792,1024,docvqa_346,405.874,1063.397,468.508,22.88,0.381676,0.9942,,,,0.9978,1.0,amdahl
docvqa,1792,1024,docvqa_347,406.566,1021.139,468.706,23.018,0.398149,1.0039,,,,1.0016,1.0,amdahl
docvqa,1792,1024,docvqa_348,381.939,943.919,444.042,24.994,0.40463,1.019,,,,1.0076,1.0,amdahl
docvqa,1792,1024,docvqa_6943,417.845,881.104,479.821,25.08,0.474229,1.0092,,,,1.0043,1.0,amdahl
docvqa,1792,1024,docvqa_357,410.617,786.966,472.661,26.192,0.521771,1.0077,,,,1.004,1.0,amdahl
docvqa,1792,1024,docvqa_358,395.396,838.643,460.497,25.21,0.47147,1.0129,,,,1.0061,1.0,amdahl
docvqa,1792,1024,docvqa_359,396.514,929.901,459.806,29.381,0.426405,0.9966,,,,0.9985,1.0,amdahl
docvqa,1792,1024,docvqa_360,354.462,896.221,416.508,23.986,0.395508,1.0217,,,,1.0085,1.0,amdahl
docvqa,1792,1024,docvqa_361,394.54,1177.289,457.64,22.489,0.335126,0.9899,,,,0.9966,1.0,amdahl
docvqa,1792,1024,docvqa_362,352.568,877.0,415.185,21.991,0.402016,0.9955,,,,0.9982,1.0,amdahl
docvqa,1792,1024,docvqa_363,379.501,950.794,441.985,28.267,0.399142,1.0035,,,,1.0014,1.0,amdahl
docvqa,1792,1024,docvqa_364,367.269,1204.549,428.989,23.502,0.304901,0.9854,,,,0.9955,1.0,amdahl
docvqa,1792,1024,docvqa_365,430.57,1057.091,492.503,22.583,0.407317,0.9993,,,,0.9997,1.0,amdahl
docvqa,1792,1024,docvqa_8560,436.942,973.308,500.372,24.891,0.448925,0.9963,,,,0.9983,1.0,amdahl
docvqa,1792,1024,docvqa_4958,381.814,765.565,444.159,20.088,0.498735,1.0014,,,,1.0007,1.0,amdahl
docvqa,1792,1024,docvqa_8565,379.257,1076.941,441.877,24.426,0.352161,0.9892,,,,0.9962,1.0,amdahl
docvqa,1792,1024,docvqa_4959,405.013,581.082,467.333,22.75,0.696998,1.0065,,,,1.0045,1.0,amdahl
docvqa,1792,1024,docvqa_375,347.572,980.774,409.699,24.829,0.354385,1.1357,,,,1.0442,1.0,amdahl
docvqa,1792,1024,docvqa_376,345.066,892.415,406.682,22.079,0.386666,1.0121,,,,1.0046,1.0,amdahl
docvqa,1792,1024,docvqa_377,363.237,730.906,426.467,27.676,0.496967,1.0823,,,,1.0393,1.0,amdahl
docvqa,1792,1024,docvqa_49528,348.338,568.469,410.069,19.8,0.612765,1.0038,,,,1.0023,1.0,amdahl
docvqa,1792,1024,docvqa_49530,420.474,647.825,482.079,20.718,0.649054,1.0041,,,,1.0027,1.0,amdahl
docvqa,1792,1024,docvqa_49532,353.051,796.756,415.145,22.448,0.443111,1.0028,,,,1.0012,1.0,amdahl
docvqa,1792,1024,docvqa_24499,390.082,77638.625,452.67,229.038,0.005024,1.025,,,,1.0001,1.0,amdahl
docvqa,1792,1024,docvqa_49534,394.411,854.107,456.677,20.917,0.461782,0.9925,,,,0.9965,1.0,amdahl
docvqa,1792,1024,docvqa_383,560.82,1615.667,623.433,24.806,0.347114,1.008,,,,1.0028,1.0,amdahl
docvqa,1792,1024,docvqa_384,382.327,1647.87,445.108,25.058,0.232013,0.9929,,,,0.9983,1.0,amdahl
docvqa,1792,1024,docvqa_385,400.033,2205.782,462.475,22.938,0.181356,1.0733,,,,1.0125,1.0,amdahl
docvqa,1792,1024,docvqa_49536,396.599,1434.789,459.918,22.156,0.276416,0.9922,,,,0.9978,1.0,amdahl
docvqa,1792,1024,docvqa_24500,358.842,1416.722,421.019,22.63,0.253291,1.0147,,,,1.0037,1.0,amdahl
docvqa,1792,1024,docvqa_33153,422.183,982.463,484.322,20.756,0.429719,1.0654,,,,1.0271,1.0,amdahl
docvqa,1792,1024,docvqa_57733,420.842,1068.03,484.498,25.371,0.394035,1.024,,,,1.0093,1.0,amdahl
docvqa,1792,1024,docvqa_49542,417.603,832.595,480.281,20.724,0.501568,0.998,,,,0.999,1.0,amdahl
docvqa,1792,1024,docvqa_33158,382.743,648.646,444.688,20.396,0.590064,1.0024,,,,1.0014,1.0,amdahl
docvqa,1792,1024,docvqa_49544,381.798,1084.046,446.293,21.258,0.352197,1.0232,,,,1.0081,1.0,amdahl
docvqa,1792,1024,docvqa_58694,358.801,828.81,420.785,21.475,0.432911,1.0085,,,,1.0037,1.0,amdahl
docvqa,1792,1024,docvqa_49546,346.972,1752.722,408.86,22.031,0.197962,1.0164,,,,1.0032,1.0,amdahl
docvqa,1792,1024,docvqa_395,347.327,634.304,409.294,20.455,0.547572,1.0767,,,,1.0406,1.0,amdahl
docvqa,1792,1024,docvqa_396,394.893,969.411,457.529,24.375,0.407353,0.9944,,,,0.9977,1.0,amdahl
docvqa,1792,1024,docvqa_397,380.088,926.132,442.919,23.01,0.410404,0.99,,,,0.9959,1.0,amdahl
docvqa,1792,1024,docvqa_49550,397.313,1762.541,459.562,25.549,0.22542,0.9876,,,,0.9972,1.0,amdahl
docvqa,1792,1024,docvqa_58695,354.097,929.001,417.601,22.235,0.381159,1.003,,,,1.0011,1.0,amdahl
docvqa,1792,1024,docvqa_398,373.816,726.035,436.291,22.288,0.514874,0.9964,,,,0.9982,1.0,amdahl
docvqa,1792,1024,docvqa_49555,391.397,1246.877,453.327,24.047,0.313902,1.019,,,,1.0059,1.0,amdahl
docvqa,1792,1024,docvqa_16789,423.48,1022.028,486.54,22.312,0.414352,0.9921,,,,0.9967,1.0,amdahl
docvqa,1792,1024,docvqa_407,349.504,674.025,411.404,20.202,0.518533,1.0061,,,,1.0032,1.0,amdahl
docvqa,1792,1024,docvqa_49560,382.632,986.26,445.456,20.03,0.387963,1.0214,,,,1.0082,1.0,amdahl
docvqa,1792,1024,docvqa_408,350.21,697.773,412.237,20.395,0.501897,0.9932,,,,0.9966,1.0,amdahl
docvqa,1792,1024,docvqa_409,384.747,968.87,447.54,24.825,0.397109,1.007,,,,1.0028,1.0,amdahl
docvqa,1792,1024,docvqa_24505,378.965,848.009,441.45,25.41,0.446888,1.0621,,,,1.0268,1.0,amdahl
docvqa,1792,1024,docvqa_410,400.649,1111.502,463.177,24.936,0.360458,0.9921,,,,0.9972,1.0,amdahl
docvqa,1792,1024,docvqa_49565,392.037,698.114,455.106,20.251,0.561566,0.9868,,,,0.9925,1.0,amdahl
docvqa,1792,1024,docvqa_16801,399.972,695.026,462.481,25.838,0.575477,1.0545,,,,1.0306,1.0,amdahl
docvqa,1792,1024,docvqa_49569,374.349,731.094,436.363,22.672,0.51204,1.0031,,,,1.0016,1.0,amdahl
docvqa,1792,1024,docvqa_57765,395.727,907.263,459.327,22.397,0.436177,0.9941,,,,0.9974,1.0,amdahl
docvqa,1792,1024,docvqa_57766,348.603,740.174,410.397,20.611,0.470974,0.9971,,,,0.9986,1.0,amdahl
docvqa,1792,1024,docvqa_57767,396.333,739.039,459.731,21.485,0.536281,0.9947,,,,0.9972,1.0,amdahl
docvqa,1792,1024,docvqa_58700,377.73,997.411,439.978,26.544,0.378711,0.9975,,,,0.9991,1.0,amdahl
docvqa,1792,1024,docvqa_49574,385.053,886.781,447.633,23.113,0.434214,1.0026,,,,1.0011,1.0,amdahl
docvqa,1792,1024,docvqa_57770,376.808,766.756,439.257,23.393,0.491432,1.0012,,,,1.0006,1.0,amdahl
docvqa,1792,1024,docvqa_57771,373.852,1826.095,435.679,23.566,0.204728,1.0708,,,,1.0137,1.0,amdahl
docvqa,1792,1024,docvqa_49579,405.69,858.172,469.379,25.92,0.472737,1.1238,,,,1.055,1.0,amdahl
docvqa,1792,1024,docvqa_49577,508.169,799.483,570.096,20.853,0.635621,1.0255,,,,1.0161,1.0,amdahl
docvqa,1792,1024,docvqa_49583,404.297,917.073,467.336,23.67,0.440856,1.0039,,,,1.0017,1.0,amdahl
docvqa,1792,1024,docvqa_431,377.836,1099.647,440.7,24.405,0.343597,0.998,,,,0.9993,1.0,amdahl
docvqa,1792,1024,docvqa_58702,379.424,818.063,442.388,20.871,0.463808,1.0859,,,,1.0381,1.0,amdahl
docvqa,1792,1024,docvqa_49586,379.918,2500.49,442.555,23.654,0.151937,0.9906,,,,0.9986,1.0,amdahl
docvqa,1792,1024,docvqa_432,395.874,860.624,457.896,21.196,0.459985,1.0107,,,,1.0049,1.0,amdahl
docvqa,1792,1024,docvqa_57780,393.569,838.848,456.358,23.906,0.469178,0.993,,,,0.9967,1.0,amdahl
docvqa,1792,1024,docvqa_57781,426.913,815.52,490.376,23.225,0.523485,1.0037,,,,1.002,1.0,amdahl
docvqa,1792,1024,docvqa_57782,380.319,3185.326,442.47,22.482,0.119397,0.9778,,,,0.9973,1.0,amdahl
docvqa,1792,1024,docvqa_57783,379.915,828.311,441.598,22.748,0.458663,1.0036,,,,1.0016,1.0,amdahl
docvqa,1792,1024,docvqa_57784,385.59,1577.272,447.542,25.105,0.244466,1.0171,,,,1.0041,1.0,amdahl
docvqa,1792,1024,docvqa_433,353.898,820.875,416.01,22.493,0.431122,1.0026,,,,1.0011,1.0,amdahl
docvqa,1792,1024,docvqa_16826,439.613,1388.596,501.993,21.11,0.316588,0.9879,,,,0.9961,1.0,amdahl
docvqa,1792,1024,docvqa_57786,344.878,774.593,406.459,23.008,0.445238,1.005,,,,1.0022,1.0,amdahl
docvqa,1792,1024,docvqa_49595,349.101,931.745,410.627,20.845,0.374675,0.9908,,,,0.9965,1.0,amdahl
docvqa,1792,1024,docvqa_444,351.936,768.223,414.216,20.824,0.458116,0.9856,,,,0.9934,1.0,amdahl
docvqa,1792,1024,docvqa_16830,380.708,988.702,443.232,24.794,0.385058,1.0098,,,,1.0038,1.0,amdahl
docvqa,1792,1024,docvqa_16831,377.479,1011.629,439.701,25.997,0.37314,1.1014,,,,1.0356,1.0,amdahl
docvqa,1792,1024,docvqa_16832,353.063,737.557,415.546,21.467,0.478693,1.0112,,,,1.0053,1.0,amdahl
docvqa,1792,1024,docvqa_57790,386.87,631.346,449.299,22.756,0.61277,1.0057,,,,1.0035,1.0,amdahl
docvqa,1792,1024,docvqa_57791,379.989,1029.432,442.42,22.577,0.369125,0.9947,,,,0.998,1.0,amdahl
docvqa,1792,1024,docvqa_16835,352.329,831.564,415.761,21.884,0.423694,1.1434,,,,1.0561,1.0,amdahl
docvqa,1792,1024,docvqa_450,396.561,805.178,458.723,24.747,0.492514,1.0109,,,,1.0053,1.0,amdahl
docvqa,1792,1024,docvqa_16837,387.196,776.515,449.311,20.45,0.498633,0.9998,,,,0.9999,1.0,amdahl
docvqa,1792,1024,docvqa_57798,388.828,1061.361,452.322,22.557,0.366348,1.0646,,,,1.0227,1.0,amdahl
docvqa,1792,1024,docvqa_16839,361.112,846.625,423.379,23.514,0.426532,0.9962,,,,0.9984,1.0,amdahl
docvqa,1792,1024,docvqa_57799,396.364,908.803,460.699,22.405,0.436139,1.0996,,,,1.0411,1.0,amdahl
docvqa,1792,1024,docvqa_57800,398.91,1189.917,462.604,23.462,0.335242,0.9979,,,,0.9993,1.0,amdahl
docvqa,1792,1024,docvqa_57801,356.858,819.076,420.087,20.999,0.435684,1.1034,,,,1.0426,1.0,amdahl
docvqa,1792,1024,docvqa_57803,400.196,860.838,463.783,24.816,0.464891,1.0783,,,,1.035,1.0,amdahl
docvqa,1792,1024,docvqa_57804,386.635,664.29,448.806,23.943,0.582028,1.0786,,,,1.0443,1.0,amdahl
docvqa,1792,1024,docvqa_57805,456.944,1586.046,520.081,24.226,0.288103,1.0176,,,,1.005,1.0,amdahl
docvqa,1792,1024,docvqa_49605,358.671,840.172,420.766,20.97,0.426903,1.0156,,,,1.0066,1.0,amdahl
docvqa,1792,1024,docvqa_57807,381.431,768.308,444.848,23.104,0.496456,0.9715,,,,0.9856,1.0,amdahl
docvqa,1792,1024,docvqa_57808,363.312,764.591,425.512,21.192,0.475172,1.0069,,,,1.0033,1.0,amdahl
docvqa,1792,1024,docvqa_49617,359.45,941.712,423.18,20.741,0.381698,1.0058,,,,1.0022,1.0,amdahl
docvqa,1792,1024,docvqa_57810,352.736,873.753,414.569,20.872,0.403702,1.1926,,,,1.0698,1.0,amdahl
docvqa,1792,1024,docvqa_41421,357.303,757.02,419.855,21.073,0.471986,0.9895,,,,0.995,1.0,amdahl
docvqa,1792,1024,docvqa_461,461.74,187722.203,524.665,274.483,0.00246,1.011,,,,1.0,1.0,amdahl
docvqa,1792,1024,docvqa_463,356.944,13636.811,419.368,20.149,0.026175,1.0153,,,,1.0004,1.0,amdahl
docvqa,1792,1024,docvqa_4977,346.497,631.396,408.63,20.251,0.548778,0.9643,,,,0.9801,1.0,amdahl
docvqa,1792,1024,docvqa_57815,373.542,826.673,436.174,22.971,0.451862,1.0552,,,,1.0242,1.0,amdahl
docvqa,1792,1024,docvqa_4978,380.869,809.005,443.217,22.862,0.470788,1.0011,,,,1.0005,1.0,amdahl
docvqa,1792,1024,docvqa_57817,376.664,1469.094,812.832,22.63,0.256392,1.0007,,,,1.0002,1.0,amdahl
docvqa,1792,1024,docvqa_41434,362.215,705.401,424.461,21.611,0.513489,1.0791,,,,1.0391,1.0,amdahl
docvqa,1792,1024,docvqa_57819,357.495,887.581,419.65,21.27,0.402774,1.0232,,,,1.0092,1.0,amdahl
docvqa,1792,1024,docvqa_57820,382.557,750.292,445.305,23.46,0.509877,1.0001,,,,1.0001,1.0,amdahl
docvqa,1792,1024,docvqa_57821,386.381,752.511,448.715,23.369,0.513456,0.9894,,,,0.9945,1.0,amdahl
docvqa,1792,1024,docvqa_57822,383.793,957.194,446.156,23.229,0.400956,0.9923,,,,0.9969,1.0,amdahl
docvqa,1792,1024,docvqa_57823,377.367,813.989,439.462,23.408,0.463602,0.9951,,,,0.9977,1.0,amdahl
docvqa,1792,1024,docvqa_49629,371.268,768.814,433.608,22.347,0.482911,1.0068,,,,1.0033,1.0,amdahl
docvqa,1792,1024,docvqa_57825,360.328,734.22,422.595,22.259,0.490764,0.995,,,,0.9976,1.0,amdahl
docvqa,1792,1024,docvqa_57826,372.833,773.718,434.994,22.582,0.481872,1.0137,,,,1.0065,1.0,amdahl
docvqa,1792,1024,docvqa_57827,370.896,878.384,432.936,22.272,0.422249,1.0059,,,,1.0025,1.0,amdahl
docvqa,1792,1024,docvqa_476,387.496,669.947,450.004,24.438,0.578398,0.9992,,,,0.9995,1.0,amdahl
docvqa,1792,1024,docvqa_4980,382.374,1071.106,444.81,23.196,0.35699,1.1378,,,,1.0452,1.0,amdahl
docvqa,1792,1024,docvqa_57833,374.981,617.271,437.402,22.484,0.607482,0.9975,,,,0.9985,1.0,amdahl
docvqa,1792,1024,docvqa_41449,349.611,761.066,411.551,21.845,0.459371,1.0144,,,,1.0066,1.0,amdahl
docvqa,1792,1024,docvqa_57835,372.295,787.868,434.26,22.101,0.472535,1.0646,,,,1.0295,1.0,amdahl
docvqa,1792,1024,docvqa_57836,371.655,680.121,433.678,22.404,0.546454,1.0,,,,1.0,1.0,amdahl
docvqa,1792,1024,docvqa_57837,370.599,677.24,432.471,22.252,0.54722,0.9987,,,,0.9993,1.0,amdahl
docvqa,1792,1024,docvqa_57838,370.49,634.395,432.284,22.457,0.584006,1.0131,,,,1.0076,1.0,amdahl
docvqa,1792,1024,docvqa_49643,372.096,961.486,434.012,22.934,0.387001,1.009,,,,1.0035,1.0,amdahl
docvqa,1792,1024,docvqa_57841,377.051,650.512,439.41,23.456,0.579623,1.003,,,,1.0017,1.0,amdahl
docvqa,1792,1024,docvqa_57843,382.375,651.256,444.724,22.948,0.587134,1.0002,,,,1.0001,1.0,amdahl
docvqa,1792,1024,docvqa_57844,372.667,998.131,435.18,22.518,0.373365,1.0099,,,,1.0037,1.0,amdahl
docvqa,1792,1024,docvqa_57845,372.67,835.419,435.151,22.237,0.446087,1.0211,,,,1.0093,1.0,amdahl
docvqa,1792,1024,docvqa_57853,368.319,802.367,430.584,23.236,0.459041,1.0947,,,,1.0414,1.0,amdahl
docvqa,1792,1024,docvqa_57854,373.398,907.543,435.302,22.488,0.411439,1.0903,,,,1.0353,1.0,amdahl
docvqa,1792,1024,docvqa_57855,376.565,876.487,439.104,23.02,0.42963,1.1316,,,,1.0526,1.0,amdahl
docvqa,1792,1024,docvqa_57857,373.773,1155.625,436.213,22.482,0.323438,1.0047,,,,1.0015,1.0,amdahl
docvqa,1792,1024,docvqa_57858,350.665,882.608,412.815,20.426,0.397305,1.0054,,,,1.0021,1.0,amdahl
docvqa,1792,1024,docvqa_45694,403.759,1006.476,466.012,23.498,0.401161,1.0852,,,,1.0325,1.0,amdahl
docvqa,1792,1024,docvqa_55464,381.424,1721.431,829.335,22.874,0.221574,0.9961,,,,0.9991,1.0,amdahl
docvqa,1792,1024,docvqa_57880,382.813,955.987,445.285,23.214,0.400437,1.0007,,,,1.0003,1.0,amdahl
docvqa,1792,1024,docvqa_57881,508.687,969.728,571.089,23.449,0.524567,1.0072,,,,1.0038,1.0,amdahl
docvqa,1792,1024,docvqa_57882,390.776,1252.789,453.169,22.846,0.311925,1.0801,,,,1.0237,1.0,amdahl
docvqa,1792,1024,docvqa_57883,357.428,1201.166,419.913,22.322,0.297568,1.007,,,,1.0021,1.0,amdahl
docvqa,1792,1024,docvqa_57884,366.871,742.35,429.698,22.332,0.494202,0.9998,,,,0.9999,1.0,amdahl
docvqa,1792,1024,docvqa_57885,377.326,750.735,439.609,23.933,0.502609,0.9823,,,,0.991,1.0,amdahl
docvqa,1792,1024,docvqa_57886,398.114,892.961,460.837,24.007,0.445836,1.0331,,,,1.0145,1.0,amdahl
docvqa,1792,1024,docvqa_57887,391.689,892.25,454.47,24.321,0.43899,1.0153,,,,1.0067,1.0,amdahl
docvqa,1792,1024,docvqa_57888,389.085,1025.459,451.746,24.944,0.379425,1.0064,,,,1.0024,1.0,amdahl
docvqa,1792,1024,docvqa_57889,378.214,738.355,440.395,22.92,0.512239,1.0061,,,,1.0031,1.0,amdahl
docvqa,1792,1024,docvqa_57890,375.631,833.208,437.79,23.26,0.450825,1.0093,,,,1.0042,1.0,amdahl
docvqa,1792,1024,docvqa_57891,373.649,1026.73,436.196,24.606,0.363922,0.9984,,,,0.9994,1.0,amdahl
docvqa,1792,1024,docvqa_553,371.877,749.748,433.642,24.316,0.496003,1.0069,,,,1.0034,1.0,amdahl
docvqa,1792,1024,docvqa_554,373.294,1056.773,435.206,23.021,0.35324,0.9948,,,,0.9982,1.0,amdahl
docvqa,1792,1024,docvqa_555,366.878,902.064,429.358,21.487,0.406709,0.9874,,,,0.9948,1.0,amdahl
docvqa,1792,1024,docvqa_57899,378.38,860.78,441.427,23.297,0.439578,1.0417,,,,1.0179,1.0,amdahl
docvqa,1792,1024,docvqa_57900,381.043,766.66,443.938,23.052,0.497017,1.0085,,,,1.0042,1.0,amdahl
docvqa,1792,1024,docvqa_57901,354.098,1124.625,416.872,21.447,0.314858,0.9904,,,,0.997,1.0,amdahl
docvqa,1792,1024,docvqa_57902,360.599,639.898,422.366,21.753,0.563526,0.9997,,,,0.9998,1.0,amdahl
docvqa,1792,1024,docvqa_57903,378.736,977.538,441.009,24.388,0.387439,1.0045,,,,1.0017,1.0,amdahl
docvqa,1792,1024,docvqa_57904,382.702,2669.893,444.978,22.703,0.14334,0.9856,,,,0.9979,1.0,amdahl
docvqa,1792,1024,docvqa_57905,351.881,810.323,414.012,20.858,0.434248,1.0268,,,,1.0115,1.0,amdahl
docvqa,1792,1024,docvqa_581,376.379,714.202,438.953,22.937,0.526992,1.1365,,,,1.0676,1.0,amdahl
docvqa,1792,1024,docvqa_582,380.729,893.314,443.005,23.701,0.426198,0.9874,,,,0.9946,1.0,amdahl
docvqa,1792,1024,docvqa_583,386.545,776.322,450.187,23.295,0.497919,1.0365,,,,1.0179,1.0,amdahl
docvqa,1792,1024,docvqa_57928,384.075,658.332,446.686,23.516,0.583407,1.0126,,,,1.0073,1.0,amdahl
docvqa,1792,1024,docvqa_57929,383.742,1533.896,446.417,23.138,0.250174,1.0073,,,,1.0018,1.0,amdahl
docvqa,1792,1024,docvqa_584,378.883,784.652,441.401,22.883,0.482867,1.018,,,,1.0086,1.0,amdahl
docvqa,1792,1024,docvqa_57931,373.617,573.31,435.708,22.934,0.651683,0.9956,,,,0.9971,1.0,amdahl
docvqa,1792,1024,docvqa_57933,353.477,678.4,415.581,20.217,0.521045,0.9933,,,,0.9965,1.0,amdahl
docvqa,1792,1024,docvqa_57934,348.419,778.925,410.211,20.484,0.447308,0.9922,,,,0.9965,1.0,amdahl
docvqa,1792,1024,docvqa_596,354.523,927.144,416.289,20.434,0.382381,0.9925,,,,0.9971,1.0,amdahl
docvqa,1792,1024,docvqa_597,352.208,711.454,414.194,21.233,0.495053,1.0125,,,,1.0061,1.0,amdahl
docvqa,1792,1024,docvqa_598,377.084,1482.707,440.062,23.17,0.254322,1.0147,,,,1.0037,1.0,amdahl
docvqa,1792,1024,docvqa_599,382.971,1913.648,445.315,24.887,0.200126,1.0138,,,,1.0027,1.0,amdahl
docvqa,1792,1024,docvqa_600,354.866,624.09,416.734,20.736,0.568612,1.201,,,,1.1052,1.0,amdahl
docvqa,1792,1024,docvqa_601,370.082,1526.955,432.066,22.345,0.242366,1.0191,,,,1.0046,1.0,amdahl
docvqa,1792,1024,docvqa_16981,378.213,840.68,440.607,25.005,0.44989,1.0681,,,,1.0295,1.0,amdahl
docvqa,1792,1024,docvqa_16990,376.344,858.794,439.204,22.084,0.438224,0.9978,,,,0.999,1.0,amdahl
docvqa,1792,1024,docvqa_57951,554.996,808.654,617.842,23.851,0.68632,1.0098,,,,1.0067,1.0,amdahl
docvqa,1792,1024,docvqa_57952,381.341,796.269,443.923,23.49,0.47891,0.9917,,,,0.996,1.0,amdahl
docvqa,1792,1024,docvqa_57954,367.601,773.195,429.706,21.468,0.475431,1.0104,,,,1.0049,1.0,amdahl
docvqa,1792,1024,docvqa_57955,395.549,843.427,458.015,29.647,0.468978,0.9991,,,,0.9996,1.0,amdahl
docvqa,1792,1024,docvqa_610,381.487,1900.383,443.823,23.493,0.200742,1.0055,,,,1.0011,1.0,amdahl
docvqa,1792,1024,docvqa_611,375.461,1067.487,437.628,22.495,0.351724,1.015,,,,1.0052,1.0,amdahl
docvqa,1792,1024,docvqa_612,375.408,1092.319,437.315,22.586,0.34368,1.0103,,,,1.0035,1.0,amdahl
docvqa,1792,1024,docvqa_613,349.846,1429.96,412.099,20.357,0.244655,1.0002,,,,1.0001,1.0,amdahl
docvqa,1792,1024,docvqa_16999,361.092,825.988,423.102,21.205,0.437164,0.9939,,,,0.9973,1.0,amdahl
docvqa,1792,1024,docvqa_17000,351.018,663.022,412.791,20.853,0.529421,1.0034,,,,1.0018,1.0,amdahl
docvqa,1792,1024,docvqa_17001,351.497,579.124,413.154,20.746,0.606947,1.0041,,,,1.0025,1.0,amdahl
docvqa,1792,1024,docvqa_57963,361.95,1298.204,423.913,21.324,0.278808,1.0017,,,,1.0005,1.0,amdahl
docvqa,1792,1024,docvqa_57964,380.775,1587.366,443.894,24.329,0.239878,1.018,,,,1.0043,1.0,amdahl
docvqa,1792,1024,docvqa_57965,352.904,1768.091,415.178,21.475,0.199596,0.9956,,,,0.9991,1.0,amdahl
docvqa,1792,1024,docvqa_17002,349.712,682.304,411.47,20.833,0.512546,0.9915,,,,0.9956,1.0,amdahl
docvqa,1792,1024,docvqa_17003,351.154,904.499,412.662,20.493,0.388231,1.002,,,,1.0008,1.0,amdahl
docvqa,1792,1024,docvqa_17004,386.459,902.835,448.873,23.893,0.428051,1.0279,,,,1.0117,1.0,amdahl
docvqa,1792,1024,docvqa_57969,393.192,670.922,455.848,23.897,0.586048,0.9933,,,,0.9961,1.0,amdahl
docvqa,1792,1024,docvqa_17005,387.877,804.196,450.073,23.608,0.482317,1.003,,,,1.0014,1.0,amdahl
docvqa,1792,1024,docvqa_57971,375.116,915.966,437.331,22.792,0.40953,1.0057,,,,1.0023,1.0,amdahl
docvqa,1792,1024,docvqa_17007,381.329,1046.868,443.643,23.201,0.364257,1.0254,,,,1.0091,1.0,amdahl
docvqa,1792,1024,docvqa_57973,382.11,745.038,444.388,23.127,0.512873,0.9861,,,,0.9928,1.0,amdahl
docvqa,1792,1024,docvqa_57974,375.309,822.388,437.594,22.635,0.456365,1.0432,,,,1.0193,1.0,amdahl
docvqa,1792,1024,docvqa_57975,363.915,829.844,425.94,21.258,0.438534,1.0065,,,,1.0028,1.0,amdahl
docvqa,1792,1024,docvqa_57976,375.227,822.97,437.728,22.661,0.455943,0.9911,,,,0.9959,1.0,amdahl
docvqa,1792,1024,docvqa_57977,372.902,885.751,435.735,22.501,0.421001,1.0058,,,,1.0024,1.0,amdahl
docvqa,1792,1024,docvqa_57978,368.777,951.695,431.907,22.599,0.387495,1.0083,,,,1.0032,1.0,amdahl
docvqa,1792,1024,docvqa_636,374.341,1943.248,436.401,23.182,0.192637,1.0022,,,,1.0004,1.0,amdahl
docvqa,1792,1024,docvqa_637,399.442,985.176,462.629,24.883,0.405453,1.1478,,,,1.0551,1.0,amdahl
docvqa,1792,1024,docvqa_639,388.214,1772.228,450.226,23.607,0.219054,1.0065,,,,1.0014,1.0,amdahl
docvqa,1792,1024,docvqa_57985,377.752,899.057,440.651,22.92,0.420165,1.0091,,,,1.0038,1.0,amdahl
docvqa,1792,1024,docvqa_57986,375.131,1937.79,437.95,24.191,0.193587,0.9964,,,,0.9993,1.0,amdahl
docvqa,1792,1024,docvqa_57987,355.716,1749.434,418.329,20.799,0.203332,0.9986,,,,0.9997,1.0,amdahl
docvqa,1792,1024,docvqa_57989,375.31,886.112,437.769,22.417,0.423547,1.0034,,,,1.0014,1.0,amdahl
docvqa,1792,1024,docvqa_650,346.96,712.805,408.836,20.265,0.486753,1.014,,,,1.0068,1.0,amdahl
docvqa,1792,1024,docvqa_651,382.711,935.104,445.23,23.327,0.409271,0.9894,,,,0.9956,1.0,amdahl
docvqa,1792,1024,docvqa_58007,381.089,991.429,443.546,24.904,0.384383,0.9957,,,,0.9983,1.0,amdahl
docvqa,1792,1024,docvqa_58009,471.074,704.605,533.075,21.441,0.668565,0.9922,,,,0.9948,1.0,amdahl
docvqa,1792,1024,docvqa_58018,353.494,1361.237,415.301,20.564,0.259686,1.0679,,,,1.0168,1.0,amdahl
docvqa,1792,1024,docvqa_674,378.372,737.637,440.892,22.827,0.512951,1.0022,,,,1.0011,1.0,amdahl
docvqa,1792,1024,docvqa_57122,377.28,738.874,439.67,23.016,0.510615,0.9741,,,,0.9866,1.0,amdahl
docvqa,1792,1024,docvqa_58020,348.37,613.859,410.504,20.336,0.567508,0.9994,,,,0.9997,1.0,amdahl
docvqa,1792,1024,docvqa_58021,351.159,624.235,412.633,21.16,0.562543,0.988,,,,0.9932,1.0,amdahl
docvqa,1792,1024,docvqa_58022,354.403,826.404,415.998,20.52,0.428849,1.0712,,,,1.0293,1.0,amdahl
docvqa,1792,1024,docvqa_58023,386.191,851.658,449.497,20.108,0.453458,1.0158,,,,1.0071,1.0,amdahl
docvqa,1792,1024,docvqa_58024,352.503,850.135,414.092,20.764,0.414643,0.985,,,,0.9937,1.0,amdahl
docvqa,1792,1024,docvqa_675,371.533,3123.958,434.233,22.229,0.11893,0.9878,,,,0.9985,1.0,amdahl
docvqa,1792,1024,docvqa_676,413.986,752.36,476.857,25.046,0.55025,1.0231,,,,1.0126,1.0,amdahl
docvqa,1792,1024,docvqa_677,379.495,1082.28,442.216,22.859,0.350644,1.0549,,,,1.0186,1.0,amdahl
docvqa,1792,1024,docvqa_58029,391.17,731.39,454.066,23.11,0.53483,0.9968,,,,0.9983,1.0,amdahl
docvqa,1792,1024,docvqa_678,414.046,928.323,476.227,22.605,0.446015,1.0067,,,,1.003,1.0,amdahl
docvqa,1792,1024,docvqa_58054,377.45,1383.684,439.496,23.605,0.272787,1.0004,,,,1.0001,1.0,amdahl
docvqa,1792,1024,docvqa_58056,353.799,1098.397,415.669,22.023,0.322105,0.9939,,,,0.998,1.0,amdahl
docvqa,1792,1024,docvqa_58059,386.931,803.683,449.057,20.86,0.481447,1.0077,,,,1.0037,1.0,amdahl
docvqa,1792,1024,docvqa_58061,379.915,1434.703,442.031,23.635,0.264804,0.9875,,,,0.9966,1.0,amdahl
docvqa,1792,1024,docvqa_58064,378.609,808.773,440.786,22.999,0.468127,0.9929,,,,0.9966,1.0,amdahl
docvqa,1792,1024,docvqa_41686,358.782,648.018,420.761,20.66,0.55366,1.0163,,,,1.0089,1.0,amdahl
docvqa,1792,1024,docvqa_41687,392.903,1055.138,455.159,24.999,0.372371,1.1346,,,,1.0462,1.0,amdahl
docvqa,1792,1024,docvqa_41688,379.65,769.328,441.727,23.4,0.493483,1.0458,,,,1.0221,1.0,amdahl
docvqa,1792,1024,docvqa_41689,375.353,806.743,437.401,23.084,0.46527,0.9935,,,,0.997,1.0,amdahl
docvqa,1792,1024,docvqa_41690,378.385,1004.587,440.62,23.499,0.376657,1.0136,,,,1.0051,1.0,amdahl
docvqa,1792,1024,docvqa_41691,384.266,865.501,446.496,23.278,0.44398,1.0076,,,,1.0034,1.0,amdahl
docvqa,1792,1024,docvqa_41693,382.763,995.351,445.545,23.905,0.384551,0.9833,,,,0.9935,1.0,amdahl
docvqa,1792,1024,docvqa_41694,388.299,951.801,451.146,26.35,0.407963,1.0348,,,,1.0139,1.0,amdahl
docvqa,1792,1024,docvqa_41695,405.893,928.426,468.297,23.006,0.437183,1.0008,,,,1.0003,1.0,amdahl
docvqa,1792,1024,docvqa_41705,383.32,770.481,445.494,23.213,0.497507,0.9897,,,,0.9948,1.0,amdahl
docvqa,1792,1024,docvqa_17132,418.605,838.291,481.042,23.817,0.499356,1.0033,,,,1.0016,1.0,amdahl
docvqa,1792,1024,docvqa_17133,376.865,781.299,438.855,22.83,0.482357,1.0042,,,,1.002,1.0,amdahl
docvqa,1792,1024,docvqa_17134,374.98,1037.984,436.886,22.263,0.361258,1.0044,,,,1.0016,1.0,amdahl
docvqa,1792,1024,docvqa_17135,373.647,843.115,435.441,22.649,0.443175,1.0413,,,,1.0179,1.0,amdahl
docvqa,1792,1024,docvqa_47368,359.427,693.744,421.644,22.675,0.518098,1.0101,,,,1.0052,1.0,amdahl
docvqa,1792,1024,docvqa_41715,364.45,779.729,426.319,25.244,0.467407,1.0041,,,,1.0019,1.0,amdahl
docvqa,1792,1024,docvqa_41716,373.81,732.126,436.373,22.75,0.510581,0.9896,,,,0.9946,1.0,amdahl
docvqa,1792,1024,docvqa_41717,357.175,683.512,419.358,20.32,0.522558,0.9922,,,,0.9959,1.0,amdahl
docvqa,1792,1024,docvqa_17139,358.34,744.987,420.068,21.661,0.481002,0.9829,,,,0.9917,1.0,amdahl
docvqa,1792,1024,docvqa_41719,471.324,982.111,533.207,21.376,0.479909,0.9899,,,,0.9951,1.0,amdahl
docvqa,1792,1024,docvqa_17140,357.537,717.52,419.607,21.28,0.498295,0.9943,,,,0.9972,1.0,amdahl
docvqa,1792,1024,docvqa_58105,386.2,660.347,448.496,21.185,0.584844,0.9992,,,,0.9995,1.0,amdahl
docvqa,1792,1024,docvqa_58106,352.951,746.566,414.634,20.746,0.472766,1.1318,,,,1.0583,1.0,amdahl
docvqa,1792,1024,docvqa_58107,346.425,716.629,408.19,22.031,0.483408,0.9907,,,,0.9955,1.0,amdahl
docvqa,1792,1024,docvqa_58108,358.886,927.811,420.91,21.121,0.386809,0.99,,,,0.9961,1.0,amdahl
docvqa,1792,1024,docvqa_41721,349.471,841.89,411.249,20.507,0.415103,1.0062,,,,1.0025,1.0,amdahl
docvqa,1792,1024,docvqa_41723,353.165,750.263,415.21,20.941,0.470721,1.0233,,,,1.0109,1.0,amdahl
docvqa,1792,1024,docvqa_17143,391.594,784.856,453.523,20.708,0.498938,1.0869,,,,1.0416,1.0,amdahl
docvqa,1792,1024,docvqa_41728,346.997,896.815,409.049,22.171,0.386922,0.9915,,,,0.9967,1.0,amdahl
docvqa,1792,1024,docvqa_41729,357.97,778.071,419.841,21.072,0.460074,1.0061,,,,1.0028,1.0,amdahl
docvqa,1792,1024,docvqa_17147,345.366,846.438,408.354,19.913,0.408023,1.0409,,,,1.0163,1.0,amdahl
docvqa,1792,1024,docvqa_17149,343.126,726.08,404.725,22.954,0.472573,1.1147,,,,1.0511,1.0,amdahl
docvqa,1792,1024,docvqa_17150,374.763,707.717,437.358,22.53,0.529539,1.0027,,,,1.0015,1.0,amdahl
docvqa,1792,1024,docvqa_45744,372.726,1726.403,810.143,23.494,0.215897,1.0092,,,,1.002,1.0,amdahl
docvqa,1792,1024,docvqa_45745,389.36,1280.065,452.157,25.872,0.304172,0.9908,,,,0.9972,1.0,amdahl
docvqa,1792,1024,docvqa_782,388.884,902.272,451.067,23.748,0.431005,0.9971,,,,0.9987,1.0,amdahl
docvqa,1792,1024,docvqa_783,380.438,810.008,442.62,22.962,0.469673,1.0128,,,,1.006,1.0,amdahl
docvqa,1792,1024,docvqa_784,382.805,1018.713,444.936,22.951,0.375774,1.0115,,,,1.0043,1.0,amdahl
docvqa,1792,1024,docvqa_785,345.893,712.939,407.986,20.33,0.485165,1.0066,,,,1.0032,1.0,amdahl
docvqa,1792,1024,docvqa_786,374.484,679.322,437.964,24.136,0.551262,0.9973,,,,0.9985,1.0,amdahl
docvqa,1792,1024,docvqa_788,375.155,1003.448,437.269,22.647,0.373866,0.9927,,,,0.9973,1.0,amdahl
docvqa,1792,1024,docvqa_789,377.251,1641.926,815.802,22.948,0.229761,1.0822,,,,1.0178,1.0,amdahl
docvqa,1792,1024,docvqa_790,380.532,999.97,442.884,25.322,0.380543,0.9926,,,,0.9972,1.0,amdahl
docvqa,1792,1024,docvqa_60401,372.685,797.267,435.171,24.14,0.467453,0.9878,,,,0.9943,1.0,amdahl
docvqa,1792,1024,docvqa_792,388.762,1111.379,451.627,24.435,0.349802,1.0117,,,,1.0041,1.0,amdahl
docvqa,1792,1024,docvqa_793,392.423,774.046,454.844,24.554,0.506976,0.9961,,,,0.998,1.0,amdahl
docvqa,1792,1024,docvqa_794,420.833,861.888,482.924,23.685,0.488269,0.9995,,,,0.9997,1.0,amdahl
docvqa,1792,1024,docvqa_41749,378.485,878.042,440.771,23.014,0.431056,1.0868,,,,1.0357,1.0,amdahl
docvqa,1792,1024,docvqa_41750,368.491,730.351,430.604,19.983,0.504539,1.0127,,,,1.0064,1.0,amdahl
docvqa,1792,1024,docvqa_45747,346.149,1179.71,407.907,20.311,0.293419,1.0122,,,,1.0036,1.0,amdahl
docvqa,1792,1024,docvqa_60403,404.625,780.159,466.62,22.396,0.518644,0.9932,,,,0.9964,1.0,amdahl
docvqa,1792,1024,docvqa_60404,377.951,1465.745,440.032,23.854,0.257856,1.0205,,,,1.0052,1.0,amdahl
docvqa,1792,1024,docvqa_809,385.0,777.737,447.794,23.567,0.495026,1.0216,,,,1.0106,1.0,amdahl
docvqa,1792,1024,docvqa_25385,412.599,703.914,475.002,22.891,0.586149,1.0024,,,,1.0014,1.0,amdahl
docvqa,1792,1024,docvqa_25386,404.133,701.303,466.519,23.478,0.576261,1.1116,,,,1.0614,1.0,amdahl
docvqa,1792,1024,docvqa_25387,366.727,660.097,429.972,20.92,0.555566,1.0005,,,,1.0003,1.0,amdahl
docvqa,1792,1024,docvqa_60406,461.934,1081.08,523.549,22.301,0.427289,1.0051,,,,1.0022,1.0,amdahl
docvqa,1792,1024,docvqa_815,356.535,830.512,418.617,21.679,0.429296,1.0365,,,,1.0153,1.0,amdahl
docvqa,1792,1024,docvqa_60407,347.156,765.243,409.359,23.726,0.453655,0.9886,,,,0.9948,1.0,amdahl
docvqa,1792,1024,docvqa_25396,346.824,1122.501,408.27,21.643,0.308974,1.0062,,,,1.0019,1.0,amdahl
docvqa,1792,1024,docvqa_822,349.191,679.153,411.067,20.622,0.514156,0.9834,,,,0.9914,1.0,amdahl
docvqa,1792,1024,docvqa_824,377.784,947.824,440.667,23.053,0.39858,1.0054,,,,1.0021,1.0,amdahl
docvqa,1792,1024,docvqa_826,378.513,721.489,441.037,23.371,0.524628,1.0048,,,,1.0025,1.0,amdahl
docvqa,1792,256,docvqa_49153,377.805,1065.11,440.628,20.816,0.35471,1.0121,,,,1.0043,1.0,amdahl
docvqa,1792,256,docvqa_24580,424.897,821.809,487.134,22.312,0.517027,0.9925,,,,0.9961,1.0,amdahl
docvqa,1792,256,docvqa_57349,384.449,1005.447,804.923,20.052,0.382366,0.9923,,,,0.9971,1.0,amdahl
docvqa,1792,256,docvqa_24581,382.696,611.043,444.852,20.774,0.6263,0.9854,,,,0.9908,1.0,amdahl
docvqa,1792,256,docvqa_24582,345.963,946.648,763.86,20.31,0.365461,1.0616,,,,1.0217,1.0,amdahl
docvqa,1792,256,docvqa_39079,570.044,2486.292,632.764,51.487,0.229275,0.9941,,,,0.9986,1.0,amdahl
docvqa,1792,256,docvqa_57357,396.482,1383.565,878.227,21.056,0.286565,0.9926,,,,0.9979,1.0,amdahl
docvqa,1792,256,docvqa_24426,402.028,915.336,464.759,25.032,0.439214,1.0084,,,,1.0037,1.0,amdahl
docvqa,1792,256,docvqa_49168,346.075,1320.275,818.889,21.799,0.262124,0.9974,,,,0.9993,1.0,amdahl
docvqa,1792,256,docvqa_24423,398.542,1340.284,818.685,23.709,0.297356,1.0047,,,,1.0014,1.0,amdahl
docvqa,1792,256,docvqa_49172,394.62,1583.956,825.722,24.459,0.249136,1.0053,,,,1.0013,1.0,amdahl
docvqa,1792,256,docvqa_57364,372.545,1215.446,848.702,22.922,0.306509,1.018,,,,1.0055,1.0,amdahl
docvqa,1792,256,docvqa_57366,376.814,1159.703,840.818,19.93,0.324923,1.0836,,,,1.0257,1.0,amdahl
docvqa,1792,256,docvqa_57368,362.016,1180.837,783.408,24.839,0.306576,0.9913,,,,0.9973,1.0,amdahl
docvqa,1792,256,docvqa_49177,364.904,1420.038,785.999,24.386,0.256968,0.9931,,,,0.9982,1.0,amdahl
docvqa,1792,256,docvqa_57370,362.704,1049.86,424.875,24.038,0.345478,0.9852,,,,0.9949,1.0,amdahl
docvqa,1792,256,docvqa_57371,354.986,3443.552,825.956,90.262,0.103087,1.0103,,,,1.0011,1.0,amdahl
docvqa,1792,256,docvqa_57372,376.312,1017.338,439.072,24.094,0.369898,0.9851,,,,0.9944,1.0,amdahl
docvqa,1792,256,docvqa_49181,372.759,1746.369,824.542,23.637,0.213448,0.9907,,,,0.998,1.0,amdahl
docvqa,1792,256,docvqa_57373,367.155,969.85,429.645,24.555,0.378569,1.0165,,,,1.0062,1.0,amdahl
docvqa,1792,256,docvqa_57374,409.695,868.228,473.707,23.207,0.471874,1.0002,,,,1.0001,1.0,amdahl
docvqa,1792,256,docvqa_57375,396.046,1188.897,459.633,23.525,0.333121,0.9929,,,,0.9976,1.0,amdahl
docvqa,1792,256,docvqa_57376,372.243,838.129,434.886,22.402,0.444135,0.9989,,,,0.9995,1.0,amdahl
docvqa,1792,256,docvqa_49187,464.005,1190.839,526.367,22.913,0.389645,1.095,,,,1.035,1.0,amdahl
docvqa,1792,256,docvqa_16424,386.971,919.672,449.316,24.756,0.42077,0.9918,,,,0.9965,1.0,amdahl
docvqa,1792,256,docvqa_57386,392.031,856.374,455.385,22.277,0.457781,0.9866,,,,0.9938,1.0,amdahl
docvqa,1792,256,docvqa_57387,375.362,951.839,438.08,27.04,0.394354,1.0088,,,,1.0034,1.0,amdahl
docvqa,1792,256,docvqa_57388,366.24,946.431,428.939,27.236,0.38697,1.002,,,,1.0008,1.0,amdahl
docvqa,1792,256,docvqa_16429,376.336,735.431,439.844,24.632,0.511722,0.9884,,,,0.994,1.0,amdahl
docvqa,1792,256,docvqa_16430,399.625,780.641,462.048,26.549,0.511919,1.0636,,,,1.0316,1.0,amdahl
docvqa,1792,256,docvqa_57391,384.021,681.88,447.726,23.415,0.56318,1.0987,,,,1.0533,1.0,amdahl
docvqa,1792,256,docvqa_57395,356.173,733.741,418.903,22.488,0.485421,1.0122,,,,1.0059,1.0,amdahl
docvqa,1792,256,docvqa_16437,421.519,935.977,484.766,23.748,0.450352,1.0446,,,,1.0196,1.0,amdahl
docvqa,1792,256,docvqa_16440,383.363,819.216,446.168,20.725,0.467964,1.0574,,,,1.0261,1.0,amdahl
docvqa,1792,256,docvqa_57402,343.689,1120.328,406.362,23.031,0.306776,1.022,,,,1.0067,1.0,amdahl
docvqa,1792,256,docvqa_57403,346.354,1081.979,408.302,21.732,0.320111,1.0622,,,,1.0191,1.0,amdahl
docvqa,1792,256,docvqa_57404,366.518,1446.611,796.818,24.066,0.253364,0.9949,,,,0.9987,1.0,amdahl
docvqa,1792,256,docvqa_16444,375.755,1029.123,438.761,25.668,0.365122,1.0015,,,,1.0005,1.0,amdahl
docvqa,1792,256,docvqa_57407,392.788,952.262,455.14,24.856,0.412479,0.9962,,,,0.9984,1.0,amdahl
docvqa,1792,256,docvqa_16447,411.188,1038.367,473.654,22.588,0.395995,1.0053,,,,1.0021,1.0,amdahl
docvqa,1792,256,docvqa_57409,374.129,665.591,437.557,22.803,0.5621,0.9986,,,,0.9992,1.0,amdahl
docvqa,1792,256,docvqa_16450,427.315,713.016,490.341,22.268,0.599306,0.9924,,,,0.9954,1.0,amdahl
docvqa,1792,256,docvqa_57410,343.118,782.317,405.356,23.56,0.438592,0.9924,,,,0.9966,1.0,amdahl
docvqa,1792,256,docvqa_57411,489.107,1246.359,551.497,24.816,0.392429,0.987,,,,0.9949,1.0,amdahl
docvqa,1792,256,docvqa_57413,348.762,1355.948,411.089,23.045,0.257209,1.0151,,,,1.0038,1.0,amdahl
docvqa,1792,256,docvqa_57414,347.059,866.997,409.478,25.418,0.4003,0.9917,,,,0.9967,1.0,amdahl
docvqa,1792,256,docvqa_57415,352.92,1011.244,416.509,23.789,0.348996,1.0455,,,,1.0154,1.0,amdahl
docvqa,1792,256,docvqa_57416,407.984,858.028,471.683,22.726,0.47549,1.0015,,,,1.0007,1.0,amdahl
docvqa,1792,256,docvqa_57417,396.232,816.982,458.48,25.607,0.484994,0.9889,,,,0.9946,1.0,amdahl
docvqa,1792,256,docvqa_57418,388.714,818.989,450.926,24.538,0.474627,1.017,,,,1.008,1.0,amdahl
docvqa,1792,256,docvqa_24437,380.113,749.727,442.152,20.505,0.507002,0.9912,,,,0.9955,1.0,amdahl
docvqa,1792,256,docvqa_24438,397.734,732.24,459.983,22.688,0.543174,1.001,,,,1.0005,1.0,amdahl
docvqa,1792,256,docvqa_16455,359.505,1406.104,832.714,22.053,0.255675,0.9973,,,,0.9993,1.0,amdahl
docvqa,1792,256,docvqa_16456,413.89,718.703,476.323,20.198,0.575885,0.9886,,,,0.9934,1.0,amdahl
docvqa,1792,256,docvqa_16463,345.31,702.145,408.148,24.5,0.491793,1.0008,,,,1.0004,1.0,amdahl
docvqa,1792,256,docvqa_49234,372.959,791.67,436.068,25.4,0.471104,1.1068,,,,1.0476,1.0,amdahl
docvqa,1792,256,docvqa_57428,395.035,816.623,457.547,22.442,0.483742,0.9934,,,,0.9968,1.0,amdahl
docvqa,1792,256,docvqa_24440,364.877,2314.513,839.418,86.77,0.157647,1.0109,,,,1.0017,1.0,amdahl
docvqa,1792,256,docvqa_16468,363.205,992.684,425.543,22.686,0.365882,1.0769,,,,1.0268,1.0,amdahl
docvqa,1792,256,docvqa_57431,459.717,939.485,523.761,20.786,0.489329,0.994,,,,0.997,1.0,amdahl
docvqa,1792,256,docvqa_16473,388.775,751.126,451.066,25.005,0.51759,0.9959,,,,0.9979,1.0,amdahl
docvqa,1792,256,docvqa_49242,357.276,1094.524,822.951,24.688,0.326421,1.0094,,,,1.0031,1.0,amdahl
docvqa,1792,256,docvqa_57439,372.707,5794.64,435.967,103.051,0.064319,1.0155,,,,1.001,1.0,amdahl
docvqa,1792,256,docvqa_57440,408.442,831.979,471.103,22.555,0.490928,1.0998,,,,1.0466,1.0,amdahl
docvqa,1792,256,docvqa_32870,387.605,1434.253,451.051,23.41,0.270249,1.0135,,,,1.0036,1.0,amdahl
docvqa,1792,256,docvqa_32871,359.363,1459.074,851.698,21.692,0.246295,0.999,,,,0.9997,1.0,amdahl
docvqa,1792,256,docvqa_32872,417.898,844.376,482.141,22.64,0.49492,1.0089,,,,1.0044,1.0,amdahl
docvqa,1792,256,docvqa_32873,432.931,929.575,495.628,20.664,0.46573,1.0125,,,,1.0058,1.0,amdahl
docvqa,1792,256,docvqa_32874,385.958,743.067,447.932,24.595,0.519412,0.9973,,,,0.9986,1.0,amdahl
docvqa,1792,256,docvqa_32875,378.83,862.998,441.087,21.096,0.43897,1.0037,,,,1.0016,1.0,amdahl
docvqa,1792,256,docvqa_32876,412.686,990.64,475.193,24.545,0.416586,0.9959,,,,0.9983,1.0,amdahl
docvqa,1792,256,docvqa_32877,382.985,1117.479,446.125,24.865,0.342722,0.984,,,,0.9945,1.0,amdahl
docvqa,1792,256,docvqa_32878,404.048,754.656,466.768,26.172,0.535406,1.0108,,,,1.0058,1.0,amdahl
docvqa,1792,256,docvqa_32879,382.1,805.253,445.109,21.185,0.474509,1.0063,,,,1.003,1.0,amdahl
docvqa,1792,256,docvqa_57449,402.389,713.76,464.75,24.901,0.56376,0.9912,,,,0.995,1.0,amdahl
docvqa,1792,256,docvqa_32881,376.732,1155.288,439.236,29.836,0.326094,0.9903,,,,0.9968,1.0,amdahl
docvqa,1792,256,docvqa_32882,342.19,1028.064,404.647,23.978,0.332848,1.1383,,,,1.0421,1.0,amdahl
docvqa,1792,256,docvqa_32883,385.92,907.801,448.664,20.87,0.425115,1.0116,,,,1.0049,1.0,amdahl
docvqa,1792,256,docvqa_57452,345.773,757.436,408.25,23.279,0.456505,1.0393,,,,1.0176,1.0,amdahl
docvqa,1792,256,docvqa_32885,390.775,832.35,453.052,22.312,0.469483,1.006,,,,1.0028,1.0,amdahl
docvqa,1792,256,docvqa_32886,514.967,1077.114,577.178,22.724,0.478099,0.9921,,,,0.9962,1.0,amdahl
docvqa,1792,256,docvqa_57454,413.254,3973.429,475.75,62.459,0.104004,1.2099,,,,1.0184,1.0,amdahl
docvqa,1792,256,docvqa_49263,400.613,1143.504,463.19,23.459,0.350338,0.9992,,,,0.9997,1.0,amdahl
docvqa,1792,256,docvqa_32889,391.79,946.547,454.099,20.519,0.413915,0.9872,,,,0.9947,1.0,amdahl
docvqa,1792,256,docvqa_32890,393.377,817.847,457.61,24.016,0.480992,0.9857,,,,0.9931,1.0,amdahl
docvqa,1792,256,docvqa_32891,463.801,1265.654,528.147,21.691,0.366451,0.9928,,,,0.9974,1.0,amdahl
docvqa,1792,256,docvqa_32892,409.265,918.476,474.225,27.766,0.445591,1.124,,,,1.0517,1.0,amdahl
docvqa,1792,256,docvqa_32893,408.706,966.144,471.129,24.751,0.423027,0.9913,,,,0.9963,1.0,amdahl
docvqa,1792,256,docvqa_32894,369.461,863.236,432.112,22.691,0.427996,0.9882,,,,0.9949,1.0,amdahl
docvqa,1792,256,docvqa_49274,406.468,916.139,469.224,24.829,0.443675,0.999,,,,0.9996,1.0,amdahl
docvqa,1792,256,docvqa_32896,367.314,762.985,429.203,27.815,0.481417,1.0088,,,,1.0042,1.0,amdahl
docvqa,1792,256,docvqa_32897,367.042,757.219,429.453,25.213,0.484724,1.1581,,,,1.0708,1.0,amdahl
docvqa,1792,256,docvqa_32898,413.269,967.69,477.314,22.29,0.427068,1.0054,,,,1.0023,1.0,amdahl
docvqa,1792,256,docvqa_57475,351.415,803.821,413.557,26.018,0.437181,0.9984,,,,0.9993,1.0,amdahl
docvqa,1792,256,docvqa_32900,401.993,956.982,465.784,25.853,0.420063,1.0062,,,,1.0026,1.0,amdahl
docvqa,1792,256,docvqa_57476,347.959,1011.319,410.364,27.316,0.344065,0.9948,,,,0.9982,1.0,amdahl
docvqa,1792,256,docvqa_49279,376.422,709.365,439.222,27.014,0.530646,0.9882,,,,0.9937,1.0,amdahl
docvqa,1792,256,docvqa_49285,377.286,702.938,439.808,23.921,0.536728,1.0026,,,,1.0014,1.0,amdahl
docvqa,1792,256,docvqa_49292,396.835,1506.867,459.385,23.277,0.263351,0.9963,,,,0.999,1.0,amdahl
docvqa,1792,256,docvqa_16529,404.8,758.925,469.012,20.708,0.533386,0.9929,,,,0.9962,1.0,amdahl
docvqa,1792,256,docvqa_49297,406.777,917.554,469.66,24.883,0.443327,1.0006,,,,1.0003,1.0,amdahl
docvqa,1792,256,docvqa_16533,395.065,967.144,458.386,23.125,0.408486,1.0057,,,,1.0023,1.0,amdahl
docvqa,1792,256,docvqa_49304,374.502,760.351,437.29,23.076,0.492538,0.9929,,,,0.9965,1.0,amdahl
docvqa,1792,256,docvqa_16539,403.35,995.603,467.226,24.017,0.405131,0.989,,,,0.9955,1.0,amdahl
docvqa,1792,256,docvqa_16553,409.4,903.988,472.084,22.732,0.452882,0.9911,,,,0.9959,1.0,amdahl
docvqa,1792,256,docvqa_49322,388.761,834.173,451.477,23.918,0.466044,1.0093,,,,1.0043,1.0,amdahl
docvqa,1792,256,docvqa_57515,400.783,872.963,463.11,24.109,0.459106,1.0658,,,,1.0292,1.0,amdahl
docvqa,1792,256,docvqa_49323,377.888,747.407,441.699,25.476,0.505598,1.0328,,,,1.0163,1.0,amdahl
docvqa,1792,256,docvqa_57517,402.588,656.994,465.504,21.277,0.612774,1.1077,,,,1.0633,1.0,amdahl
docvqa,1792,256,docvqa_49324,361.445,694.209,424.491,20.748,0.520657,1.0042,,,,1.0022,1.0,amdahl
docvqa,1792,256,docvqa_57519,371.735,703.436,434.504,26.893,0.528456,1.0012,,,,1.0006,1.0,amdahl
docvqa,1792,256,docvqa_49325,436.718,802.252,499.144,23.316,0.544365,1.0216,,,,1.0116,1.0,amdahl
docvqa,1792,256,docvqa_57521,381.739,773.235,444.935,25.254,0.493691,0.9922,,,,0.9961,1.0,amdahl
docvqa,1792,256,docvqa_49326,409.217,893.005,472.616,24.729,0.458247,1.0719,,,,1.0317,1.0,amdahl
docvqa,1792,256,docvqa_57523,390.748,823.14,452.9,24.683,0.474705,0.996,,,,0.9981,1.0,amdahl
docvqa,1792,256,docvqa_57524,388.8,738.228,451.077,20.511,0.526667,1.0056,,,,1.003,1.0,amdahl
docvqa,1792,256,docvqa_57525,382.079,1424.606,845.695,24.121,0.2682,1.0944,,,,1.0237,1.0,amdahl
docvqa,1792,256,docvqa_57526,392.546,749.347,455.428,29.392,0.523851,0.9966,,,,0.9982,1.0,amdahl
docvqa,1792,256,docvqa_57527,483.541,966.793,546.032,24.751,0.500149,1.002,,,,1.001,1.0,amdahl
docvqa,1792,256,docvqa_57528,402.568,1121.353,465.296,24.298,0.359002,1.0147,,,,1.0052,1.0,amdahl
docvqa,1792,256,docvqa_57529,416.845,1246.213,479.496,26.438,0.33449,0.9906,,,,0.9968,1.0,amdahl
docvqa,1792,256,docvqa_57530,412.341,713.34,475.638,23.77,0.578043,0.9993,,,,0.9996,1.0,amdahl
docvqa,1792,256,docvqa_57531,402.845,850.749,465.339,25.694,0.473518,0.9978,,,,0.9989,1.0,amdahl
docvqa,1792,256,docvqa_57532,386.092,1369.327,849.95,23.608,0.281958,0.9893,,,,0.997,1.0,amdahl
docvqa,1792,256,docvqa_57533,420.787,891.64,483.83,22.656,0.471925,0.995,,,,0.9976,1.0,amdahl
docvqa,1792,256,docvqa_16568,371.952,724.302,434.227,29.008,0.513532,0.9922,,,,0.996,1.0,amdahl
docvqa,1792,256,docvqa_16574,377.242,1122.888,439.514,27.335,0.335957,1.0036,,,,1.0012,1.0,amdahl
docvqa,1792,256,docvqa_57537,347.422,902.195,409.823,25.914,0.385086,1.0018,,,,1.0007,1.0,amdahl
docvqa,1792,256,docvqa_57539,343.283,836.309,405.682,22.665,0.410474,1.022,,,,1.0089,1.0,amdahl
docvqa,1792,256,docvqa_57540,351.069,880.003,412.92,24.583,0.39894,0.9924,,,,0.997,1.0,amdahl
docvqa,1792,256,docvqa_57543,345.542,849.31,407.971,23.228,0.40685,0.9917,,,,0.9966,1.0,amdahl
docvqa,1792,256,docvqa_57550,380.452,662.958,444.219,27.342,0.57387,0.9894,,,,0.9939,1.0,amdahl
docvqa,1792,256,docvqa_49361,420.71,749.311,483.022,26.629,0.561462,1.0334,,,,1.0185,1.0,amdahl
docvqa,1792,256,docvqa_49362,422.914,915.228,485.698,25.266,0.462085,0.992,,,,0.9963,1.0,amdahl
docvqa,1792,256,docvqa_57557,350.032,977.286,412.299,22.599,0.358168,1.0612,,,,1.0211,1.0,amdahl
docvqa,1792,256,docvqa_49366,371.934,792.567,434.134,25.602,0.469278,1.1169,,,,1.0517,1.0,amdahl
docvqa,1792,256,docvqa_32984,410.837,912.559,473.248,25.842,0.450203,0.9922,,,,0.9965,1.0,amdahl
docvqa,1792,256,docvqa_49369,398.998,743.858,461.794,25.642,0.53639,0.9893,,,,0.9942,1.0,amdahl
docvqa,1792,256,docvqa_57562,373.863,712.474,436.133,27.634,0.524738,1.0021,,,,1.0011,1.0,amdahl
docvqa,1792,256,docvqa_32986,345.483,812.408,407.473,23.82,0.425258,1.0183,,,,1.0077,1.0,amdahl
docvqa,1792,256,docvqa_57564,376.176,10621.021,438.166,127.286,0.035418,0.992,,,,0.9997,1.0,amdahl
docvqa,1792,256,docvqa_49373,404.803,791.631,468.455,23.084,0.511354,1.0088,,,,1.0045,1.0,amdahl
docvqa,1792,256,docvqa_16606,422.874,719.235,485.455,23.378,0.587949,1.0095,,,,1.0056,1.0,amdahl
docvqa,1792,256,docvqa_223,386.072,819.22,448.476,28.519,0.471268,0.9882,,,,0.9944,1.0,amdahl
docvqa,1792,256,docvqa_224,371.03,805.329,433.458,24.791,0.460719,1.0008,,,,1.0004,1.0,amdahl
docvqa,1792,256,docvqa_16609,413.375,899.909,477.238,24.863,0.459351,0.9863,,,,0.9937,1.0,amdahl
docvqa,1792,256,docvqa_57566,383.97,807.401,446.353,22.566,0.475563,0.9951,,,,0.9977,1.0,amdahl
docvqa,1792,256,docvqa_16611,405.214,938.171,469.81,24.651,0.43192,0.9787,,,,0.9907,1.0,amdahl
docvqa,1792,256,docvqa_49376,387.212,809.913,450.299,29.968,0.478091,0.9954,,,,0.9978,1.0,amdahl
docvqa,1792,256,docvqa_49381,391.421,846.457,453.81,24.54,0.462423,1.0036,,,,1.0017,1.0,amdahl
docvqa,1792,256,docvqa_32989,381.283,831.759,443.489,24.267,0.458405,0.9947,,,,0.9976,1.0,amdahl
docvqa,1792,256,docvqa_231,395.676,808.587,457.802,23.386,0.489342,0.9963,,,,0.9982,1.0,amdahl
docvqa,1792,256,docvqa_232,366.412,809.288,429.279,23.751,0.452758,1.0178,,,,1.008,1.0,amdahl
docvqa,1792,256,docvqa_32994,358.168,850.268,420.746,26.845,0.421241,1.0448,,,,1.0184,1.0,amdahl
docvqa,1792,256,docvqa_234,405.616,6838.446,468.994,77.676,0.059314,0.9917,,,,0.9995,1.0,amdahl
docvqa,1792,256,docvqa_4931,565.813,1120.65,628.589,24.603,0.504898,1.0102,,,,1.0051,1.0,amdahl
docvqa,1792,256,docvqa_32995,396.451,820.821,458.97,22.616,0.482993,0.9938,,,,0.997,1.0,amdahl
docvqa,1792,256,docvqa_237,387.757,794.208,450.341,20.227,0.488231,1.01,,,,1.0049,1.0,amdahl
docvqa,1792,256,docvqa_49390,347.9,552.55,410.319,20.319,0.629626,1.1942,,,,1.1141,1.0,amdahl
docvqa,1792,256,docvqa_49391,406.534,1002.292,469.511,24.217,0.405605,0.9931,,,,0.9972,1.0,amdahl
docvqa,1792,256,docvqa_49392,387.187,733.943,450.039,23.659,0.527544,1.0029,,,,1.0015,1.0,amdahl
docvqa,1792,256,docvqa_49393,383.162,876.621,445.319,25.371,0.437089,0.994,,,,0.9974,1.0,amdahl
docvqa,1792,256,docvqa_49394,399.607,794.609,461.56,22.203,0.502897,0.9799,,,,0.9898,1.0,amdahl
docvqa,1792,256,docvqa_49395,490.163,952.715,552.219,21.079,0.51449,1.0226,,,,1.0115,1.0,amdahl
docvqa,1792,256,docvqa_49396,381.935,924.013,444.375,22.84,0.413344,1.1806,,,,1.0675,1.0,amdahl
docvqa,1792,256,docvqa_49397,405.774,854.059,468.268,25.719,0.475113,0.9918,,,,0.9961,1.0,amdahl
docvqa,1792,256,docvqa_49398,403.096,756.785,465.744,22.388,0.532643,1.1319,,,,1.0662,1.0,amdahl
docvqa,1792,256,docvqa_49399,468.338,753.29,530.918,22.237,0.621723,1.0088,,,,1.0054,1.0,amdahl
docvqa,1792,256,docvqa_49400,387.653,1023.525,450.084,22.938,0.378743,0.9909,,,,0.9965,1.0,amdahl
docvqa,1792,256,docvqa_49401,429.328,861.824,492.538,23.08,0.498162,1.0058,,,,1.0029,1.0,amdahl
docvqa,1792,256,docvqa_49402,410.189,1078.216,472.935,20.176,0.380433,1.0065,,,,1.0025,1.0,amdahl
docvqa,1792,256,docvqa_49403,429.032,724.112,491.81,25.811,0.592494,0.9924,,,,0.9955,1.0,amdahl
docvqa,1792,256,docvqa_49404,417.128,991.763,479.653,21.338,0.420593,1.0122,,,,1.0051,1.0,amdahl
docvqa,1792,256,docvqa_254,386.505,797.185,448.586,20.506,0.484837,0.9901,,,,0.9952,1.0,amdahl
docvqa,1792,256,docvqa_255,411.13,810.182,473.622,22.437,0.507454,1.017,,,,1.0086,1.0,amdahl
docvqa,1792,256,docvqa_256,378.655,981.824,441.311,30.028,0.385664,1.0415,,,,1.0156,1.0,amdahl
docvqa,1792,256,docvqa_49406,349.091,764.003,411.203,23.52,0.456924,1.0059,,,,1.0027,1.0,amdahl
docvqa,1792,256,docvqa_265,429.765,1349.38,492.232,24.49,0.318491,1.001,,,,1.0003,1.0,amdahl
docvqa,1792,256,docvqa_266,413.982,811.314,476.086,20.952,0.510262,0.9894,,,,0.9945,1.0,amdahl
docvqa,1792,256,docvqa_267,424.712,1115.423,487.304,24.158,0.380763,1.0569,,,,1.0209,1.0,amdahl
docvqa,1792,256,docvqa_271,353.231,787.043,415.481,23.223,0.448807,1.0954,,,,1.0407,1.0,amdahl
docvqa,1792,256,docvqa_49432,383.537,1241.017,446.07,21.485,0.309051,0.9958,,,,0.9987,1.0,amdahl
docvqa,1792,256,docvqa_283,432.411,1021.302,494.75,25.074,0.423392,1.0887,,,,1.0357,1.0,amdahl
docvqa,1792,256,docvqa_284,376.612,1105.655,439.166,23.803,0.340624,1.0064,,,,1.0022,1.0,amdahl
docvqa,1792,256,docvqa_285,352.032,775.513,414.52,24.066,0.453934,1.0187,,,,1.0084,1.0,amdahl
docvqa,1792,256,docvqa_49437,387.859,737.086,450.073,20.501,0.526206,0.9989,,,,0.9994,1.0,amdahl
docvqa,1792,256,docvqa_49442,383.384,729.91,445.607,20.307,0.525248,0.9956,,,,0.9977,1.0,amdahl
docvqa,1792,256,docvqa_292,411.368,1161.082,476.984,24.432,0.354297,1.0136,,,,1.0048,1.0,amdahl
docvqa,1792,256,docvqa_296,406.094,829.972,469.577,25.743,0.489287,0.9896,,,,0.9949,1.0,amdahl
docvqa,1792,256,docvqa_297,349.752,784.396,411.722,23.292,0.445887,1.0423,,,,1.0184,1.0,amdahl
docvqa,1792,256,docvqa_298,406.522,729.992,469.142,23.714,0.556886,0.994,,,,0.9967,1.0,amdahl
docvqa,1792,256,docvqa_49449,382.783,817.379,445.055,23.27,0.468305,1.009,,,,1.0042,1.0,amdahl
docvqa,1792,256,docvqa_300,353.781,855.015,415.7,23.122,0.413771,1.0111,,,,1.0046,1.0,amdahl
docvqa,1792,256,docvqa_49454,563.192,1137.858,625.361,26.974,0.494958,0.9947,,,,0.9974,1.0,amdahl
docvqa,1792,256,docvqa_303,431.626,905.637,495.343,25.643,0.4766,1.0857,,,,1.0391,1.0,amdahl
docvqa,1792,256,docvqa_304,353.478,1078.705,415.867,24.55,0.327688,1.0007,,,,1.0002,1.0,amdahl
docvqa,1792,256,docvqa_305,405.107,971.055,467.842,27.956,0.417183,1.043,,,,1.0175,1.0,amdahl
docvqa,1792,256,docvqa_49455,379.39,1450.744,441.893,25.868,0.261514,0.9946,,,,0.9986,1.0,amdahl
docvqa,1792,256,docvqa_307,446.404,814.933,509.09,20.39,0.54778,1.0057,,,,1.0031,1.0,amdahl
docvqa,1792,256,docvqa_49461,376.734,957.499,439.686,27.253,0.393456,1.0008,,,,1.0003,1.0,amdahl
docvqa,1792,256,docvqa_49465,535.291,1141.205,598.175,25.859,0.469057,1.0018,,,,1.0009,1.0,amdahl
docvqa,1792,256,docvqa_317,439.897,743.324,503.899,23.943,0.591796,1.0095,,,,1.0056,1.0,amdahl
docvqa,1792,256,docvqa_319,445.197,1070.392,508.569,26.753,0.41592,1.0047,,,,1.002,1.0,amdahl
docvqa,1792,256,docvqa_320,437.47,2452.948,504.184,24.984,0.178345,1.0088,,,,1.0016,1.0,amdahl
docvqa,1792,256,docvqa_321,443.216,71678.188,506.358,340.535,0.006183,0.9899,,,,0.9999,1.0,amdahl
docvqa,1792,256,docvqa_345,383.103,689.484,446.645,20.237,0.555638,0.9957,,,,0.9976,1.0,amdahl
docvqa,1792,256,docvqa_346,410.261,1121.87,472.903,24.96,0.365694,0.9942,,,,0.9979,1.0,amdahl
docvqa,1792,256,docvqa_347,459.788,1124.658,524.828,24.993,0.408825,1.0039,,,,1.0016,1.0,amdahl
docvqa,1792,256,docvqa_348,408.466,1014.083,471.16,27.146,0.402793,1.019,,,,1.0076,1.0,amdahl
docvqa,1792,256,docvqa_6943,410.268,881.355,472.926,25.527,0.465497,1.0092,,,,1.0042,1.0,amdahl
docvqa,1792,256,docvqa_357,413.03,725.543,475.324,20.852,0.56927,1.0077,,,,1.0043,1.0,amdahl
docvqa,1792,256,docvqa_358,417.136,836.24,480.073,23.744,0.498823,1.0129,,,,1.0064,1.0,amdahl
docvqa,1792,256,docvqa_359,415.736,862.581,479.387,23.95,0.481968,0.9966,,,,0.9983,1.0,amdahl
docvqa,1792,256,docvqa_360,365.835,940.931,428.848,25.604,0.388801,1.0217,,,,1.0083,1.0,amdahl
docvqa,1792,256,docvqa_361,384.459,1293.179,447.391,26.431,0.297298,0.9899,,,,0.997,1.0,amdahl
docvqa,1792,256,docvqa_362,375.681,976.947,438.169,25.656,0.384546,0.9955,,,,0.9982,1.0,amdahl
docvqa,1792,256,docvqa_363,413.915,947.019,476.551,26.137,0.437072,1.0035,,,,1.0015,1.0,amdahl
docvqa,1792,256,docvqa_364,403.615,1314.571,466.308,25.705,0.307032,0.9854,,,,0.9955,1.0,amdahl
docvqa,1792,256,docvqa_365,378.267,1155.082,440.82,28.57,0.327481,0.9993,,,,0.9998,1.0,amdahl
docvqa,1792,256,docvqa_8560,382.147,948.066,444.798,26.488,0.403081,0.9963,,,,0.9985,1.0,amdahl
docvqa,1792,256,docvqa_4958,385.262,906.192,448.009,28.636,0.425144,1.0014,,,,1.0006,1.0,amdahl
docvqa,1792,256,docvqa_8565,352.636,982.546,415.115,21.824,0.3589,0.9892,,,,0.9961,1.0,amdahl
docvqa,1792,256,docvqa_4959,377.008,543.433,438.961,20.894,0.693752,1.0065,,,,1.0045,1.0,amdahl
docvqa,1792,256,docvqa_375,355.516,973.191,417.623,24.155,0.36531,1.1357,,,,1.0456,1.0,amdahl
docvqa,1792,256,docvqa_376,353.182,975.269,415.087,25.463,0.362138,1.0121,,,,1.0043,1.0,amdahl
docvqa,1792,256,docvqa_377,376.237,789.14,438.749,31.854,0.476768,1.0823,,,,1.0376,1.0,amdahl
docvqa,1792,256,docvqa_49528,376.234,655.915,438.949,27.121,0.573602,1.0038,,,,1.0022,1.0,amdahl
docvqa,1792,256,docvqa_49530,390.352,617.607,452.812,20.599,0.63204,1.0041,,,,1.0026,1.0,amdahl
docvqa,1792,256,docvqa_49532,419.404,916.341,482.368,25.528,0.457694,1.0028,,,,1.0013,1.0,amdahl
docvqa,1792,256,docvqa_24499,370.134,32258.102,433.11,124.804,0.011474,1.025,,,,1.0003,1.0,amdahl
docvqa,1792,256,docvqa_49534,410.94,940.236,474.257,24.525,0.43706,0.9925,,,,0.9967,1.0,amdahl
docvqa,1792,256,docvqa_383,515.417,1538.232,578.226,24.0,0.335071,1.008,,,,1.0027,1.0,amdahl
docvqa,1792,256,docvqa_384,427.67,1721.098,490.329,25.641,0.248487,0.9929,,,,0.9982,1.0,amdahl
docvqa,1792,256,docvqa_385,414.619,2418.166,478.701,25.519,0.17146,1.0733,,,,1.0118,1.0,amdahl
docvqa,1792,256,docvqa_49536,388.429,1621.637,451.02,26.605,0.239529,0.9922,,,,0.9981,1.0,amdahl
docvqa,1792,256,docvqa_24500,417.303,1586.288,479.756,25.148,0.263069,1.0147,,,,1.0038,1.0,amdahl
docvqa,1792,256,docvqa_33153,420.461,971.057,482.709,20.348,0.432993,1.0654,,,,1.0273,1.0,amdahl
docvqa,1792,256,docvqa_57733,417.538,940.087,480.834,19.968,0.444148,1.024,,,,1.0105,1.0,amdahl
docvqa,1792,256,docvqa_49542,391.045,840.748,452.81,22.82,0.465116,0.998,,,,0.9991,1.0,amdahl
docvqa,1792,256,docvqa_33158,442.126,770.319,504.482,26.584,0.573952,1.0024,,,,1.0014,1.0,amdahl
docvqa,1792,256,docvqa_49544,382.957,1116.544,445.061,22.383,0.342985,1.0232,,,,1.0078,1.0,amdahl
docvqa,1792,256,docvqa_58694,407.067,944.099,469.86,24.96,0.431169,1.0085,,,,1.0037,1.0,amdahl
docvqa,1792,256,docvqa_49546,387.515,1850.456,450.958,22.943,0.209416,1.0164,,,,1.0034,1.0,amdahl
docvqa,1792,256,docvqa_395,434.93,769.127,497.635,24.681,0.565485,1.0767,,,,1.042,1.0,amdahl
docvqa,1792,256,docvqa_396,375.609,994.599,437.955,26.507,0.377648,0.9944,,,,0.9979,1.0,amdahl
docvqa,1792,256,docvqa_397,438.981,1028.536,501.357,25.104,0.426802,0.99,,,,0.9957,1.0,amdahl
docvqa,1792,256,docvqa_49550,422.501,1854.176,484.893,26.849,0.227864,0.9876,,,,0.9971,1.0,amdahl
docvqa,1792,256,docvqa_58695,384.305,1022.06,446.93,25.006,0.376011,1.003,,,,1.0011,1.0,amdahl
docvqa,1792,256,docvqa_398,362.198,744.49,424.408,24.622,0.486505,0.9964,,,,0.9983,1.0,amdahl
docvqa,1792,256,docvqa_49555,400.856,1258.938,464.583,24.071,0.318408,1.019,,,,1.006,1.0,amdahl
docvqa,1792,256,docvqa_16789,446.049,1100.441,508.642,24.658,0.405337,0.9921,,,,0.9968,1.0,amdahl
docvqa,1792,256,docvqa_407,390.582,827.784,456.928,28.527,0.471841,1.0061,,,,1.0029,1.0,amdahl
docvqa,1792,256,docvqa_49560,409.447,1203.338,471.879,27.091,0.340259,1.0214,,,,1.0072,1.0,amdahl
docvqa,1792,256,docvqa_408,440.634,843.487,503.17,24.308,0.522395,0.9932,,,,0.9964,1.0,amdahl
docvqa,1792,256,docvqa_409,419.517,1049.754,482.198,27.026,0.399634,1.007,,,,1.0028,1.0,amdahl
docvqa,1792,256,docvqa_24505,409.62,877.822,473.262,25.285,0.466633,1.0621,,,,1.028,1.0,amdahl
docvqa,1792,256,docvqa_410,444.206,1172.473,506.676,25.608,0.378863,0.9921,,,,0.997,1.0,amdahl
docvqa,1792,256,docvqa_49565,403.082,775.827,465.467,25.863,0.519551,0.9868,,,,0.9931,1.0,amdahl
docvqa,1792,256,docvqa_16801,375.271,688.413,437.463,27.883,0.545125,1.0545,,,,1.029,1.0,amdahl
docvqa,1792,256,docvqa_49569,376.209,749.106,438.346,23.905,0.50221,1.0031,,,,1.0016,1.0,amdahl
docvqa,1792,256,docvqa_57765,375.073,893.047,437.551,22.775,0.419992,0.9941,,,,0.9975,1.0,amdahl
docvqa,1792,256,docvqa_57766,440.556,881.931,504.846,23.568,0.499536,0.9971,,,,0.9986,1.0,amdahl
docvqa,1792,256,docvqa_57767,373.342,805.667,435.677,28.461,0.463396,0.9947,,,,0.9976,1.0,amdahl
docvqa,1792,256,docvqa_58700,411.782,1007.348,474.801,25.359,0.408778,0.9975,,,,0.999,1.0,amdahl
docvqa,1792,256,docvqa_49574,374.219,938.115,436.547,26.398,0.398905,1.0026,,,,1.001,1.0,amdahl
docvqa,1792,256,docvqa_57770,393.902,750.319,456.108,21.015,0.52498,1.0012,,,,1.0006,1.0,amdahl
docvqa,1792,256,docvqa_57771,375.805,1745.173,438.117,22.153,0.21534,1.0708,,,,1.0145,1.0,amdahl
docvqa,1792,256,docvqa_49579,414.442,807.527,478.247,21.952,0.513224,1.1238,,,,1.0599,1.0,amdahl
docvqa,1792,256,docvqa_49577,528.267,846.18,590.609,23.234,0.624296,1.0255,,,,1.0158,1.0,amdahl
docvqa,1792,256,docvqa_49583,351.512,871.089,413.604,24.078,0.403532,1.0039,,,,1.0016,1.0,amdahl
docvqa,1792,256,docvqa_431,383.554,1128.834,447.053,25.251,0.339779,0.998,,,,0.9993,1.0,amdahl
docvqa,1792,256,docvqa_58702,389.61,837.405,452.747,21.37,0.465259,1.0859,,,,1.0382,1.0,amdahl
docvqa,1792,256,docvqa_49586,419.15,2492.572,484.443,23.082,0.16816,0.9906,,,,0.9984,1.0,amdahl
docvqa,1792,256,docvqa_432,399.513,934.822,461.916,24.89,0.427368,1.0107,,,,1.0045,1.0,amdahl
docvqa,1792,256,docvqa_57780,413.058,880.374,475.61,25.298,0.469185,0.993,,,,0.9967,1.0,amdahl
docvqa,1792,256,docvqa_57781,405.302,795.703,467.756,23.425,0.509363,1.0037,,,,1.0019,1.0,amdahl
docvqa,1792,256,docvqa_57782,378.229,3196.824,440.586,22.592,0.118314,0.9778,,,,0.9973,1.0,amdahl
docvqa,1792,256,docvqa_57783,419.579,841.957,483.416,21.091,0.498338,1.0036,,,,1.0018,1.0,amdahl
docvqa,1792,256,docvqa_57784,399.291,1588.105,461.48,25.036,0.251426,1.0171,,,,1.0042,1.0,amdahl
docvqa,1792,256,docvqa_433,357.111,882.602,419.283,25.74,0.404611,1.0026,,,,1.001,1.0,amdahl
docvqa,1792,256,docvqa_16826,381.234,1526.017,443.697,25.77,0.249823,0.9879,,,,0.9969,1.0,amdahl
docvqa,1792,256,docvqa_57786,365.398,819.002,428.395,24.413,0.446151,1.005,,,,1.0022,1.0,amdahl
docvqa,1792,256,docvqa_49595,380.572,1103.724,443.572,26.406,0.344808,0.9908,,,,0.9968,1.0,amdahl
docvqa,1792,256,docvqa_444,381.233,918.698,444.477,27.895,0.414971,0.9856,,,,0.994,1.0,amdahl
docvqa,1792,256,docvqa_16830,442.479,1026.47,506.206,23.648,0.431068,1.0098,,,,1.0042,1.0,amdahl
docvqa,1792,256,docvqa_16831,424.107,1018.964,486.636,24.197,0.416214,1.1014,,,,1.0398,1.0,amdahl
docvqa,1792,256,docvqa_16832,384.755,781.538,447.722,22.254,0.492304,1.0112,,,,1.0055,1.0,amdahl
docvqa,1792,256,docvqa_57790,399.629,640.523,462.78,22.218,0.62391,1.0057,,,,1.0035,1.0,amdahl
docvqa,1792,256,docvqa_57791,443.69,1087.252,506.314,22.344,0.408084,0.9947,,,,0.9978,1.0,amdahl
docvqa,1792,256,docvqa_16835,411.053,851.848,472.971,19.941,0.482542,1.1434,,,,1.0644,1.0,amdahl
docvqa,1792,256,docvqa_450,385.484,777.834,447.514,23.594,0.495587,1.0109,,,,1.0054,1.0,amdahl
docvqa,1792,256,docvqa_16837,382.103,773.306,444.732,20.536,0.494116,0.9998,,,,0.9999,1.0,amdahl
docvqa,1792,256,docvqa_57798,376.619,983.757,440.367,20.126,0.382837,1.0646,,,,1.0238,1.0,amdahl
docvqa,1792,256,docvqa_16839,441.033,906.643,504.381,22.348,0.486446,0.9962,,,,0.9981,1.0,amdahl
docvqa,1792,256,docvqa_57799,437.876,1028.306,500.987,26.366,0.425822,1.0996,,,,1.0401,1.0,amdahl
docvqa,1792,256,docvqa_57800,402.605,1239.006,464.921,24.97,0.324942,0.9979,,,,0.9993,1.0,amdahl
docvqa,1792,256,docvqa_57801,411.873,916.079,474.155,23.259,0.449604,1.1034,,,,1.044,1.0,amdahl
docvqa,1792,256,docvqa_57803,415.467,820.826,478.901,21.37,0.506157,1.0783,,,,1.0382,1.0,amdahl
docvqa,1792,256,docvqa_57804,405.043,686.833,467.8,24.337,0.589726,1.0786,,,,1.0449,1.0,amdahl
docvqa,1792,256,docvqa_57805,475.538,1651.3,538.055,25.301,0.287978,1.0176,,,,1.005,1.0,amdahl
docvqa,1792,256,docvqa_49605,405.392,973.025,468.154,25.244,0.41663,1.0156,,,,1.0064,1.0,amdahl
docvqa,1792,256,docvqa_57807,400.611,795.999,463.789,23.729,0.503281,0.9715,,,,0.9854,1.0,amdahl
docvqa,1792,256,docvqa_57808,390.238,798.843,452.987,21.616,0.488505,1.0069,,,,1.0034,1.0,amdahl
docvqa,1792,256,docvqa_49617,387.648,1057.146,451.285,24.234,0.366693,1.0058,,,,1.0021,1.0,amdahl
docvqa,1792,256,docvqa_57810,354.949,959.085,418.431,24.575,0.370091,1.1926,,,,1.0636,1.0,amdahl
docvqa,1792,256,docvqa_41421,416.116,934.607,479.812,28.425,0.445232,0.9895,,,,0.9953,1.0,amdahl
docvqa,1792,256,docvqa_461,532.118,11516.72,594.574,42.832,0.046204,1.011,,,,1.0005,1.0,amdahl
docvqa,1792,256,docvqa_463,376.748,8285.557,440.307,30.766,0.04547,1.0153,,,,1.0007,1.0,amdahl
docvqa,1792,256,docvqa_4977,437.365,757.305,500.052,23.387,0.577528,0.9643,,,,0.9791,1.0,amdahl
docvqa,1792,256,docvqa_57815,382.714,866.882,445.47,24.789,0.441483,1.0552,,,,1.0236,1.0,amdahl
docvqa,1792,256,docvqa_4978,405.729,861.497,467.747,24.609,0.470958,1.0011,,,,1.0005,1.0,amdahl
docvqa,1792,256,docvqa_57817,430.077,1579.717,881.891,24.063,0.272249,1.0007,,,,1.0002,1.0,amdahl
docvqa,1792,256,docvqa_41434,383.321,770.945,445.603,25.026,0.497209,1.0791,,,,1.0378,1.0,amdahl
docvqa,1792,256,docvqa_57819,380.745,1008.337,443.341,25.682,0.377597,1.0232,,,,1.0086,1.0,amdahl
docvqa,1792,256,docvqa_57820,381.153,789.446,443.509,26.611,0.482811,1.0001,,,,1.0001,1.0,amdahl
docvqa,1792,256,docvqa_57821,378.298,703.155,441.248,20.147,0.538001,0.9894,,,,0.9943,1.0,amdahl
docvqa,1792,256,docvqa_57822,432.582,935.842,494.883,20.044,0.462238,0.9923,,,,0.9964,1.0,amdahl
docvqa,1792,256,docvqa_57823,415.789,873.237,479.046,24.637,0.476146,0.9951,,,,0.9977,1.0,amdahl
docvqa,1792,256,docvqa_49629,420.382,843.753,483.871,23.992,0.498228,1.0068,,,,1.0034,1.0,amdahl
docvqa,1792,256,docvqa_57825,457.123,887.432,519.85,26.256,0.515108,0.995,,,,0.9974,1.0,amdahl
docvqa,1792,256,docvqa_57826,416.16,791.304,478.428,20.858,0.525917,1.0137,,,,1.0071,1.0,amdahl
docvqa,1792,256,docvqa_57827,470.887,952.757,533.95,20.94,0.494236,1.0059,,,,1.0029,1.0,amdahl
docvqa,1792,256,docvqa_476,375.644,654.201,438.767,23.937,0.574202,0.9992,,,,0.9995,1.0,amdahl
docvqa,1792,256,docvqa_4980,359.695,1069.742,421.947,23.992,0.336245,1.1378,,,,1.0424,1.0,amdahl
docvqa,1792,256,docvqa_57833,445.06,698.384,508.291,23.762,0.637272,0.9975,,,,0.9984,1.0,amdahl
docvqa,1792,256,docvqa_41449,402.828,907.392,466.1,27.581,0.443941,1.0144,,,,1.0064,1.0,amdahl
docvqa,1792,256,docvqa_57835,398.157,792.219,460.87,20.709,0.502584,1.0646,,,,1.0314,1.0,amdahl
docvqa,1792,256,docvqa_57836,395.272,698.228,460.789,21.585,0.566108,1.0,,,,1.0,1.0,amdahl
docvqa,1792,256,docvqa_57837,422.381,810.9,485.352,29.595,0.520879,0.9987,,,,0.9993,1.0,amdahl
docvqa,1792,256,docvqa_57838,380.039,704.323,443.049,29.03,0.539581,1.0131,,,,1.007,1.0,amdahl
docvqa,1792,256,docvqa_49643,350.868,974.168,413.004,24.398,0.360172,1.009,,,,1.0032,1.0,amdahl
docvqa,1792,256,docvqa_57841,381.032,699.944,443.642,28.478,0.544375,1.003,,,,1.0016,1.0,amdahl
docvqa,1792,256,docvqa_57843,413.468,696.467,476.054,24.49,0.593665,1.0002,,,,1.0001,1.0,amdahl
docvqa,1792,256,docvqa_57844,359.551,1041.826,421.831,24.8,0.345116,1.0099,,,,1.0034,1.0,amdahl
docvqa,1792,256,docvqa_57845,380.344,906.639,442.61,25.779,0.41951,1.0211,,,,1.0087,1.0,amdahl
docvqa,1792,256,docvqa_57853,345.604,780.091,407.809,23.268,0.44303,1.0947,,,,1.0399,1.0,amdahl
docvqa,1792,256,docvqa_57854,409.009,980.495,471.59,24.234,0.417146,1.0903,,,,1.0358,1.0,amdahl
docvqa,1792,256,docvqa_57855,378.158,871.056,440.592,22.656,0.434137,1.1316,,,,1.0532,1.0,amdahl
docvqa,1792,256,docvqa_57857,349.663,1197.602,412.439,24.536,0.291969,1.0047,,,,1.0014,1.0,amdahl
docvqa,1792,256,docvqa_57858,386.236,1005.132,450.101,24.132,0.384264,1.0054,,,,1.0021,1.0,amdahl
docvqa,1792,256,docvqa_45694,414.647,998.91,478.048,22.646,0.415099,1.0852,,,,1.0337,1.0,amdahl
docvqa,1792,256,docvqa_55464,438.816,1937.532,936.128,25.677,0.226482,0.9961,,,,0.9991,1.0,amdahl
docvqa,1792,256,docvqa_57880,396.994,953.375,459.399,22.453,0.416409,1.0007,,,,1.0003,1.0,amdahl
docvqa,1792,256,docvqa_57881,524.153,1011.747,587.572,24.951,0.518067,1.0072,,,,1.0037,1.0,amdahl
docvqa,1792,256,docvqa_57882,377.448,1305.091,441.558,24.672,0.289212,1.0801,,,,1.0219,1.0,amdahl
docvqa,1792,256,docvqa_57883,391.307,1222.71,454.429,21.951,0.320033,1.007,,,,1.0022,1.0,amdahl
docvqa,1792,256,docvqa_57884,405.016,828.345,468.459,25.706,0.488946,0.9998,,,,0.9999,1.0,amdahl
docvqa,1792,256,docvqa_57885,377.484,700.543,439.932,20.047,0.538845,0.9823,,,,0.9904,1.0,amdahl
docvqa,1792,256,docvqa_57886,354.865,831.481,417.64,22.991,0.426786,1.0331,,,,1.0139,1.0,amdahl
docvqa,1792,256,docvqa_57887,352.197,905.54,415.127,27.245,0.388936,1.0153,,,,1.0059,1.0,amdahl
docvqa,1792,256,docvqa_57888,375.988,1053.752,438.357,26.756,0.356809,1.0064,,,,1.0023,1.0,amdahl
docvqa,1792,256,docvqa_57889,376.821,741.33,439.204,23.24,0.508304,1.0061,,,,1.0031,1.0,amdahl
docvqa,1792,256,docvqa_57890,395.215,804.39,458.022,20.375,0.491323,1.0093,,,,1.0046,1.0,amdahl
docvqa,1792,256,docvqa_57891,454.337,1104.79,517.489,24.471,0.411243,0.9984,,,,0.9994,1.0,amdahl
docvqa,1792,256,docvqa_553,374.963,758.525,437.813,24.67,0.494332,1.0069,,,,1.0034,1.0,amdahl
docvqa,1792,256,docvqa_554,377.051,1093.427,439.793,24.209,0.344834,0.9948,,,,0.9982,1.0,amdahl
docvqa,1792,256,docvqa_555,363.447,989.251,426.689,25.571,0.367396,0.9874,,,,0.9953,1.0,amdahl
docvqa,1792,256,docvqa_57899,342.989,807.422,405.349,22.337,0.424796,1.0417,,,,1.0173,1.0,amdahl
docvqa,1792,256,docvqa_57900,475.404,849.769,538.011,22.268,0.559451,1.0085,,,,1.0047,1.0,amdahl
docvqa,1792,256,docvqa_57901,358.545,1140.612,422.119,21.773,0.314345,0.9904,,,,0.997,1.0,amdahl
docvqa,1792,256,docvqa_57902,382.975,653.106,445.339,20.777,0.58639,0.9997,,,,0.9998,1.0,amdahl
docvqa,1792,256,docvqa_57903,417.427,1003.446,480.717,23.76,0.415993,1.0045,,,,1.0019,1.0,amdahl
docvqa,1792,256,docvqa_57904,406.778,2962.978,469.906,25.44,0.137287,0.9856,,,,0.998,1.0,amdahl
docvqa,1792,256,docvqa_57905,374.612,909.88,437.121,24.882,0.411716,1.0268,,,,1.0109,1.0,amdahl
docvqa,1792,256,docvqa_581,357.836,708.969,420.868,24.008,0.504727,1.1365,,,,1.0646,1.0,amdahl
docvqa,1792,256,docvqa_582,420.492,865.902,484.426,20.078,0.485611,0.9874,,,,0.9938,1.0,amdahl
docvqa,1792,256,docvqa_583,379.174,812.437,442.154,26.449,0.466712,1.0365,,,,1.0167,1.0,amdahl
docvqa,1792,256,docvqa_57928,379.781,652.111,442.942,23.241,0.582387,1.0126,,,,1.0073,1.0,amdahl
docvqa,1792,256,docvqa_57929,401.705,1636.134,464.119,24.936,0.245521,1.0073,,,,1.0018,1.0,amdahl
docvqa,1792,256,docvqa_584,409.85,838.845,473.296,24.37,0.488589,1.018,,,,1.0087,1.0,amdahl
docvqa,1792,256,docvqa_57931,376.366,612.727,439.093,28.939,0.614248,0.9956,,,,0.9973,1.0,amdahl
docvqa,1792,256,docvqa_57933,431.405,830.436,494.332,25.854,0.519492,0.9933,,,,0.9965,1.0,amdahl
docvqa,1792,256,docvqa_57934,407.93,870.607,470.26,22.241,0.468559,0.9922,,,,0.9963,1.0,amdahl
docvqa,1792,256,docvqa_596,376.348,1022.498,438.932,23.343,0.368067,0.9925,,,,0.9972,1.0,amdahl
docvqa,1792,256,docvqa_597,357.31,733.693,419.736,22.426,0.487002,1.0125,,,,1.006,1.0,amdahl
docvqa,1792,256,docvqa_598,347.554,1395.448,409.781,21.904,0.249063,1.0147,,,,1.0036,1.0,amdahl
docvqa,1792,256,docvqa_599,351.974,1707.138,414.292,21.913,0.206178,1.0138,,,,1.0028,1.0,amdahl
docvqa,1792,256,docvqa_600,383.598,657.047,445.647,21.14,0.583821,1.201,,,,1.1083,1.0,amdahl
docvqa,1792,256,docvqa_601,408.859,1627.528,473.144,23.559,0.251215,1.0191,,,,1.0047,1.0,amdahl
docvqa,1792,256,docvqa_16981,346.341,777.506,408.341,23.073,0.445451,1.0681,,,,1.0292,1.0,amdahl
docvqa,1792,256,docvqa_16990,342.431,783.045,404.64,19.916,0.437306,0.9978,,,,0.999,1.0,amdahl
docvqa,1792,256,docvqa_57951,518.528,783.207,581.02,25.273,0.662057,1.0098,,,,1.0064,1.0,amdahl
docvqa,1792,256,docvqa_57952,353.096,739.649,415.84,21.587,0.477383,0.9917,,,,0.996,1.0,amdahl
docvqa,1792,256,docvqa_57954,384.154,813.027,446.426,22.913,0.472499,1.0104,,,,1.0049,1.0,amdahl
docvqa,1792,256,docvqa_57955,353.681,737.647,416.195,24.727,0.479472,0.9991,,,,0.9996,1.0,amdahl
docvqa,1792,256,docvqa_610,381.057,1915.781,444.188,23.735,0.198904,1.0055,,,,1.0011,1.0,amdahl
docvqa,1792,256,docvqa_611,356.513,1044.742,419.093,22.345,0.341245,1.015,,,,1.0051,1.0,amdahl
docvqa,1792,256,docvqa_612,376.711,1038.1,440.097,20.621,0.362885,1.0103,,,,1.0037,1.0,amdahl
docvqa,1792,256,docvqa_613,382.49,1628.778,445.69,23.662,0.234833,1.0002,,,,1.0001,1.0,amdahl
docvqa,1792,256,docvqa_16999,370.087,824.871,432.762,20.637,0.44866,0.9939,,,,0.9972,1.0,amdahl
docvqa,1792,256,docvqa_17000,348.207,701.26,410.506,24.229,0.496544,1.0034,,,,1.0017,1.0,amdahl
docvqa,1792,256,docvqa_17001,347.455,572.797,409.729,20.383,0.606594,1.0041,,,,1.0025,1.0,amdahl
docvqa,1792,256,docvqa_57963,377.943,1468.967,440.627,25.081,0.257285,1.0017,,,,1.0004,1.0,amdahl
docvqa,1792,256,docvqa_57964,374.664,1423.224,437.079,20.982,0.26325,1.018,,,,1.0047,1.0,amdahl
docvqa,1792,256,docvqa_57965,347.437,1818.152,409.922,22.353,0.191093,0.9956,,,,0.9992,1.0,amdahl
docvqa,1792,256,docvqa_17002,351.762,730.814,413.951,24.374,0.48133,0.9915,,,,0.9959,1.0,amdahl
docvqa,1792,256,docvqa_17003,374.709,953.716,437.656,21.503,0.392893,1.002,,,,1.0008,1.0,amdahl
docvqa,1792,256,docvqa_17004,465.604,1017.807,528.185,25.77,0.457458,1.0279,,,,1.0126,1.0,amdahl
docvqa,1792,256,docvqa_57969,474.316,755.144,537.701,24.16,0.628113,0.9933,,,,0.9958,1.0,amdahl
docvqa,1792,256,docvqa_17005,377.227,833.48,440.098,26.225,0.452593,1.003,,,,1.0013,1.0,amdahl
docvqa,1792,256,docvqa_57971,370.036,968.077,433.403,25.461,0.382238,1.0057,,,,1.0022,1.0,amdahl
docvqa,1792,256,docvqa_17007,378.394,1111.664,441.328,25.782,0.340386,1.0254,,,,1.0085,1.0,amdahl
docvqa,1792,256,docvqa_57973,414.257,757.659,477.418,21.557,0.546759,0.9861,,,,0.9923,1.0,amdahl
docvqa,1792,256,docvqa_57974,385.484,821.345,451.64,21.747,0.469332,1.0432,,,,1.0198,1.0,amdahl
docvqa,1792,256,docvqa_57975,386.671,906.799,450.31,24.026,0.426413,1.0065,,,,1.0028,1.0,amdahl
docvqa,1792,256,docvqa_57976,392.428,898.793,454.893,26.112,0.436616,0.9911,,,,0.9961,1.0,amdahl
docvqa,1792,256,docvqa_57977,386.034,972.367,449.151,26.161,0.397005,1.0058,,,,1.0023,1.0,amdahl
docvqa,1792,256,docvqa_57978,376.157,1049.67,438.676,26.565,0.358357,1.0083,,,,1.003,1.0,amdahl
docvqa,1792,256,docvqa_636,374.458,2007.449,437.059,24.16,0.186534,1.0022,,,,1.0004,1.0,amdahl
docvqa,1792,256,docvqa_637,345.318,929.527,407.487,24.859,0.371499,1.1478,,,,1.0502,1.0,amdahl
docvqa,1792,256,docvqa_639,377.649,1650.571,440.265,21.613,0.228799,1.0065,,,,1.0015,1.0,amdahl
docvqa,1792,256,docvqa_57985,357.958,826.003,421.196,20.24,0.433361,1.0091,,,,1.0039,1.0,amdahl
docvqa,1792,256,docvqa_57986,395.456,1792.899,458.325,21.525,0.220568,0.9964,,,,0.9992,1.0,amdahl
docvqa,1792,256,docvqa_57987,376.778,2036.972,439.687,24.958,0.184969,0.9986,,,,0.9997,1.0,amdahl
docvqa,1792,256,docvqa_57989,375.769,937.121,438.345,24.939,0.400982,1.0034,,,,1.0014,1.0,amdahl
docvqa,1792,256,docvqa_650,374.12,774.966,436.38,22.572,0.482757,1.014,,,,1.0067,1.0,amdahl
docvqa,1792,256,docvqa_651,376.339,950.357,438.928,24.354,0.395997,0.9894,,,,0.9958,1.0,amdahl
docvqa,1792,256,docvqa_58007,373.844,894.352,437.165,20.781,0.418005,0.9957,,,,0.9982,1.0,amdahl
docvqa,1792,256,docvqa_58009,348.889,595.468,411.039,23.054,0.585907,0.9922,,,,0.9954,1.0,amdahl
docvqa,1792,256,docvqa_58018,544.557,1731.973,608.673,24.42,0.314415,1.0679,,,,1.0204,1.0,amdahl
docvqa,1792,256,docvqa_674,396.493,771.294,459.049,24.019,0.514063,1.0022,,,,1.0011,1.0,amdahl
docvqa,1792,256,docvqa_57122,374.408,767.566,436.922,25.434,0.487785,0.9741,,,,0.9872,1.0,amdahl
docvqa,1792,256,docvqa_58020,375.742,701.042,437.995,26.305,0.535976,0.9994,,,,0.9997,1.0,amdahl
docvqa,1792,256,docvqa_58021,372.565,654.959,434.668,22.029,0.568836,0.988,,,,0.9931,1.0,amdahl
docvqa,1792,256,docvqa_58022,421.327,949.43,484.526,23.245,0.443769,1.0712,,,,1.0304,1.0,amdahl
docvqa,1792,256,docvqa_58023,448.914,962.943,512.054,22.544,0.46619,1.0158,,,,1.0073,1.0,amdahl
docvqa,1792,256,docvqa_58024,444.648,982.612,507.607,22.619,0.452516,0.985,,,,0.9932,1.0,amdahl
docvqa,1792,256,docvqa_675,409.389,3239.156,472.101,22.868,0.126388,0.9878,,,,0.9984,1.0,amdahl
docvqa,1792,256,docvqa_676,371.057,744.391,433.582,28.255,0.498471,1.0231,,,,1.0114,1.0,amdahl
docvqa,1792,256,docvqa_677,351.592,1102.275,414.035,24.58,0.318969,1.0549,,,,1.0169,1.0,amdahl
docvqa,1792,256,docvqa_58029,360.874,687.18,423.123,22.005,0.525152,0.9968,,,,0.9983,1.0,amdahl
docvqa,1792,256,docvqa_678,362.676,839.106,429.178,20.496,0.432217,1.0067,,,,1.0029,1.0,amdahl
docvqa,1792,256,docvqa_58054,382.61,1264.447,444.734,20.493,0.302591,1.0004,,,,1.0001,1.0,amdahl
docvqa,1792,256,docvqa_58056,384.023,1081.752,446.201,20.502,0.355001,0.9939,,,,0.9978,1.0,amdahl
docvqa,1792,256,docvqa_58059,408.937,883.645,471.784,24.227,0.462784,1.0077,,,,1.0036,1.0,amdahl
docvqa,1792,256,docvqa_58061,393.084,1473.301,455.651,24.23,0.266805,0.9875,,,,0.9966,1.0,amdahl
docvqa,1792,256,docvqa_58064,375.387,796.708,438.085,22.414,0.471173,0.9929,,,,0.9966,1.0,amdahl
docvqa,1792,256,docvqa_41686,397.707,754.275,460.269,26.728,0.527271,1.0163,,,,1.0085,1.0,amdahl
docvqa,1792,256,docvqa_41687,381.379,981.418,443.44,22.416,0.3886,1.1346,,,,1.0483,1.0,amdahl
docvqa,1792,256,docvqa_41688,346.272,734.906,408.305,23.329,0.471179,1.0458,,,,1.0211,1.0,amdahl
docvqa,1792,256,docvqa_41689,359.419,790.831,421.617,23.076,0.454483,0.9935,,,,0.997,1.0,amdahl
docvqa,1792,256,docvqa_41690,355.02,958.82,417.074,22.573,0.370267,1.0136,,,,1.005,1.0,amdahl
docvqa,1792,256,docvqa_41691,382.527,860.83,444.944,23.105,0.44437,1.0076,,,,1.0034,1.0,amdahl
docvqa,1792,256,docvqa_41693,386.726,1059.039,449.202,26.515,0.365167,0.9833,,,,0.9938,1.0,amdahl
docvqa,1792,256,docvqa_41694,377.681,879.702,439.982,23.143,0.429329,1.0348,,,,1.0147,1.0,amdahl
docvqa,1792,256,docvqa_41695,375.674,939.89,438.446,25.072,0.3997,1.0008,,,,1.0003,1.0,amdahl
docvqa,1792,256,docvqa_41705,385.516,863.04,448.429,29.615,0.446695,0.9897,,,,0.9954,1.0,amdahl
docvqa,1792,256,docvqa_17132,354.294,773.461,416.576,23.792,0.458063,1.0033,,,,1.0015,1.0,amdahl
docvqa,1792,256,docvqa_17133,379.58,839.578,443.032,26.436,0.452108,1.0042,,,,1.0019,1.0,amdahl
docvqa,1792,256,docvqa_17134,393.589,1056.717,457.23,22.203,0.372464,1.0044,,,,1.0017,1.0,amdahl
docvqa,1792,256,docvqa_17135,369.358,882.824,432.457,25.02,0.418382,1.0413,,,,1.0169,1.0,amdahl
docvqa,1792,256,docvqa_47368,416.379,785.023,478.928,25.508,0.530404,1.0101,,,,1.0053,1.0,amdahl
docvqa,1792,256,docvqa_41715,375.027,793.71,438.095,25.401,0.472499,1.0041,,,,1.0019,1.0,amdahl
docvqa,1792,256,docvqa_41716,350.108,750.858,412.585,26.021,0.466277,0.9896,,,,0.9951,1.0,amdahl
docvqa,1792,256,docvqa_41717,384.328,725.456,446.741,21.44,0.529774,0.9922,,,,0.9958,1.0,amdahl
docvqa,1792,256,docvqa_17139,385.312,776.736,447.735,21.933,0.496066,0.9829,,,,0.9915,1.0,amdahl
docvqa,1792,256,docvqa_41719,552.469,1089.256,615.455,22.562,0.507199,0.9899,,,,0.9948,1.0,amdahl
docvqa,1792,256,docvqa_17140,378.981,725.848,441.303,20.325,0.522122,0.9943,,,,0.997,1.0,amdahl
docvqa,1792,256,docvqa_58105,436.579,743.366,499.798,24.357,0.587301,0.9992,,,,0.9995,1.0,amdahl
docvqa,1792,256,docvqa_58106,382.17,851.015,445.574,25.34,0.449075,1.1318,,,,1.0552,1.0,amdahl
docvqa,1792,256,docvqa_58107,390.357,785.124,453.312,23.701,0.497192,0.9907,,,,0.9954,1.0,amdahl
docvqa,1792,256,docvqa_58108,400.793,1120.93,464.276,27.361,0.357554,0.99,,,,0.9964,1.0,amdahl
docvqa,1792,256,docvqa_41721,375.794,976.344,438.505,25.611,0.384899,1.0062,,,,1.0024,1.0,amdahl
docvqa,1792,256,docvqa_41723,379.443,885.015,442.172,27.678,0.428741,1.0233,,,,1.0099,1.0,amdahl
docvqa,1792,256,docvqa_17143,378.096,878.683,440.35,27.396,0.430298,1.0869,,,,1.0356,1.0,amdahl
docvqa,1792,256,docvqa_41728,405.796,982.937,468.24,23.395,0.41284,0.9915,,,,0.9965,1.0,amdahl
docvqa,1792,256,docvqa_41729,352.658,766.658,415.02,20.685,0.459994,1.0061,,,,1.0028,1.0,amdahl
docvqa,1792,256,docvqa_17147,353.519,905.951,415.603,22.289,0.390219,1.0409,,,,1.0156,1.0,amdahl
docvqa,1792,256,docvqa_17149,393.729,756.348,455.932,21.458,0.520565,1.1147,,,,1.0566,1.0,amdahl
docvqa,1792,256,docvqa_17150,347.437,673.227,410.569,21.888,0.516076,1.0027,,,,1.0014,1.0,amdahl
docvqa,1792,256,docvqa_45744,374.593,1785.642,816.077,24.861,0.209781,1.0092,,,,1.0019,1.0,amdahl
docvqa,1792,256,docvqa_45745,386.571,1182.464,449.059,22.919,0.32692,0.9908,,,,0.997,1.0,amdahl
docvqa,1792,256,docvqa_782,403.451,897.856,466.003,22.729,0.449349,0.9971,,,,0.9987,1.0,amdahl
docvqa,1792,256,docvqa_783,405.249,792.396,468.289,20.257,0.511422,1.0128,,,,1.0065,1.0,amdahl
docvqa,1792,256,docvqa_784,379.536,958.34,442.027,20.653,0.396035,1.0115,,,,1.0045,1.0,amdahl
docvqa,1792,256,docvqa_785,378.147,749.893,440.3,20.64,0.504268,1.0066,,,,1.0033,1.0,amdahl
docvqa,1792,256,docvqa_786,375.086,646.255,437.219,20.904,0.5804,0.9973,,,,0.9984,1.0,amdahl
docvqa,1792,256,docvqa_788,349.919,965.89,411.832,22.162,0.362276,0.9927,,,,0.9973,1.0,amdahl
docvqa,1792,256,docvqa_789,406.596,1947.184,967.949,27.201,0.208812,1.0822,,,,1.0161,1.0,amdahl
docvqa,1792,256,docvqa_790,393.796,1071.199,456.182,27.955,0.367622,0.9926,,,,0.9973,1.0,amdahl
docvqa,1792,256,docvqa_60401,410.13,845.145,472.509,24.842,0.485277,0.9878,,,,0.9941,1.0,amdahl
docvqa,1792,256,docvqa_792,382.624,1110.315,445.534,24.622,0.344608,1.0117,,,,1.004,1.0,amdahl
docvqa,1792,256,docvqa_793,346.409,698.626,408.578,22.311,0.495843,0.9961,,,,0.9981,1.0,amdahl
docvqa,1792,256,docvqa_794,399.094,816.25,461.39,22.179,0.488936,0.9995,,,,0.9997,1.0,amdahl
docvqa,1792,256,docvqa_41749,350.125,900.031,412.798,25.644,0.389014,1.0868,,,,1.0321,1.0,amdahl
docvqa,1792,256,docvqa_41750,415.141,792.29,477.855,20.962,0.523977,1.0127,,,,1.0066,1.0,amdahl
docvqa,1792,256,docvqa_45747,370.02,1361.555,432.393,24.452,0.271763,1.0122,,,,1.0033,1.0,amdahl
docvqa,1792,256,docvqa_60403,381.992,830.925,444.306,27.616,0.459719,0.9932,,,,0.9968,1.0,amdahl
docvqa,1792,256,docvqa_60404,381.874,1559.958,444.377,25.944,0.244798,1.0205,,,,1.0049,1.0,amdahl
docvqa,1792,256,docvqa_809,398.024,804.546,460.586,24.569,0.494719,1.0216,,,,1.0106,1.0,amdahl
docvqa,1792,256,docvqa_25385,363.778,669.942,425.799,24.414,0.542999,1.0024,,,,1.0013,1.0,amdahl
docvqa,1792,256,docvqa_25386,372.107,679.773,434.297,24.548,0.547399,1.1116,,,,1.0581,1.0,amdahl
docvqa,1792,256,docvqa_25387,381.15,742.266,443.417,27.168,0.513495,1.0005,,,,1.0003,1.0,amdahl
docvqa,1792,256,docvqa_60406,417.82,1052.307,481.085,22.849,0.397051,1.0051,,,,1.002,1.0,amdahl
docvqa,1792,256,docvqa_815,547.045,1011.118,609.872,21.118,0.54103,1.0365,,,,1.0194,1.0,amdahl
docvqa,1792,256,docvqa_60407,409.468,865.747,472.113,26.242,0.472965,0.9886,,,,0.9946,1.0,amdahl
docvqa,1792,256,docvqa_25396,406.936,1268.22,469.428,24.206,0.320872,1.0062,,,,1.002,1.0,amdahl
docvqa,1792,256,docvqa_822,362.568,697.057,425.64,20.878,0.520141,0.9834,,,,0.9913,1.0,amdahl
docvqa,1792,256,docvqa_824,412.41,1020.682,476.236,24.748,0.404053,1.0054,,,,1.0022,1.0,amdahl
docvqa,1792,256,docvqa_826,411.044,748.569,473.559,22.917,0.549106,1.0048,,,,1.0026,1.0,amdahl
docvqa,1792,32,docvqa_49153,342.964,1022.767,405.771,20.567,0.33533,1.0121,,,,1.004,1.0,amdahl
docvqa,1792,32,docvqa_24580,379.899,802.422,441.78,24.043,0.473441,0.9925,,,,0.9964,1.0,amdahl
docvqa,1792,32,docvqa_57349,347.878,1069.498,769.334,30.016,0.325272,0.9923,,,,0.9975,1.0,amdahl
docvqa,1792,32,docvqa_24581,362.498,613.651,425.193,23.557,0.590724,0.9854,,,,0.9913,1.0,amdahl
docvqa,1792,32,docvqa_24582,342.927,984.753,767.963,24.088,0.348237,1.0616,,,,1.0206,1.0,amdahl
docvqa,1792,32,docvqa_39079,509.514,2364.551,571.51,57.84,0.21548,0.9941,,,,0.9987,1.0,amdahl
docvqa,1792,32,docvqa_57357,345.524,1263.407,766.723,20.695,0.273486,0.9926,,,,0.998,1.0,amdahl
docvqa,1792,32,docvqa_24426,348.69,849.556,411.126,24.357,0.410438,1.0084,,,,1.0034,1.0,amdahl
docvqa,1792,32,docvqa_49168,348.784,1337.997,769.753,24.706,0.260676,0.9974,,,,0.9993,1.0,amdahl
docvqa,1792,32,docvqa_24423,365.468,1392.183,855.846,24.379,0.262514,1.0047,,,,1.0012,1.0,amdahl
docvqa,1792,32,docvqa_49172,362.281,1614.854,912.161,22.668,0.224343,1.0053,,,,1.0012,1.0,amdahl
docvqa,1792,32,docvqa_57364,377.558,1177.243,849.893,20.459,0.320714,1.018,,,,1.0057,1.0,amdahl
docvqa,1792,32,docvqa_57366,351.157,1190.076,860.648,20.589,0.295071,1.0836,,,,1.0233,1.0,amdahl
docvqa,1792,32,docvqa_57368,364.406,1237.821,832.624,25.325,0.294393,0.9913,,,,0.9974,1.0,amdahl
docvqa,1792,32,docvqa_49177,372.644,1447.809,848.901,23.035,0.257385,0.9931,,,,0.9982,1.0,amdahl
docvqa,1792,32,docvqa_57370,384.766,1024.715,446.909,22.223,0.375486,0.9852,,,,0.9944,1.0,amdahl
docvqa,1792,32,docvqa_57371,372.409,3393.618,823.586,88.622,0.109738,1.0103,,,,1.0011,1.0,amdahl
docvqa,1792,32,docvqa_57372,405.006,1014.532,467.48,22.794,0.399205,0.9851,,,,0.994,1.0,amdahl
docvqa,1792,32,docvqa_49181,366.287,1463.422,829.725,20.442,0.250295,0.9907,,,,0.9977,1.0,amdahl
docvqa,1792,32,docvqa_57373,429.663,965.333,492.618,21.487,0.445093,1.0165,,,,1.0073,1.0,amdahl
docvqa,1792,32,docvqa_57374,347.014,825.098,409.12,24.469,0.420573,1.0002,,,,1.0001,1.0,amdahl
docvqa,1792,32,docvqa_57375,384.007,1167.316,447.151,23.231,0.328966,0.9929,,,,0.9977,1.0,amdahl
docvqa,1792,32,docvqa_57376,349.189,837.226,411.356,23.659,0.417078,0.9989,,,,0.9995,1.0,amdahl
docvqa,1792,32,docvqa_49187,348.019,1089.036,410.065,23.413,0.319567,1.095,,,,1.0285,1.0,amdahl
docvqa,1792,32,docvqa_16424,366.789,877.225,429.194,23.581,0.418124,0.9918,,,,0.9966,1.0,amdahl
docvqa,1792,32,docvqa_57386,347.14,781.325,409.597,20.652,0.444297,0.9866,,,,0.994,1.0,amdahl
docvqa,1792,32,docvqa_57387,431.63,940.179,493.804,23.493,0.459094,1.0088,,,,1.004,1.0,amdahl
docvqa,1792,32,docvqa_57388,395.546,944.543,458.406,25.586,0.418769,1.002,,,,1.0008,1.0,amdahl
docvqa,1792,32,docvqa_16429,364.999,729.392,428.743,25.054,0.500415,0.9884,,,,0.9942,1.0,amdahl
docvqa,1792,32,docvqa_16430,401.657,744.019,464.353,23.306,0.539848,1.0636,,,,1.0334,1.0,amdahl
docvqa,1792,32,docvqa_57391,407.26,701.529,471.367,23.016,0.580532,1.0987,,,,1.055,1.0,amdahl
docvqa,1792,32,docvqa_57395,393.573,800.27,456.098,24.584,0.491801,1.0122,,,,1.006,1.0,amdahl
docvqa,1792,32,docvqa_16437,403.374,945.138,466.015,25.217,0.426789,1.0446,,,,1.0186,1.0,amdahl
docvqa,1792,32,docvqa_16440,400.948,886.623,463.717,23.495,0.452219,1.0574,,,,1.0252,1.0,amdahl
docvqa,1792,32,docvqa_57402,460.517,1286.602,526.755,24.511,0.357933,1.022,,,,1.0078,1.0,amdahl
docvqa,1792,32,docvqa_57403,402.103,1208.61,466.001,23.955,0.332699,1.0622,,,,1.0199,1.0,amdahl
docvqa,1792,32,docvqa_57404,383.267,1522.834,851.796,24.853,0.25168,0.9949,,,,0.9987,1.0,amdahl
docvqa,1792,32,docvqa_16444,358.712,945.329,420.938,22.8,0.379457,1.0015,,,,1.0006,1.0,amdahl
docvqa,1792,32,docvqa_57407,351.371,924.772,414.271,25.525,0.379954,0.9962,,,,0.9986,1.0,amdahl
docvqa,1792,32,docvqa_16447,380.615,1109.527,442.827,26.668,0.343043,1.0053,,,,1.0018,1.0,amdahl
docvqa,1792,32,docvqa_57409,348.569,671.134,411.792,25.934,0.519373,0.9986,,,,0.9993,1.0,amdahl
docvqa,1792,32,docvqa_16450,366.356,656.678,429.218,22.746,0.557893,0.9924,,,,0.9958,1.0,amdahl
docvqa,1792,32,docvqa_57410,351.345,745.738,413.357,20.774,0.471137,0.9924,,,,0.9964,1.0,amdahl
docvqa,1792,32,docvqa_57411,606.958,1366.476,669.705,24.885,0.444178,0.987,,,,0.9942,1.0,amdahl
docvqa,1792,32,docvqa_57413,407.199,1116.785,469.573,20.878,0.364617,1.0151,,,,1.0054,1.0,amdahl
docvqa,1792,32,docvqa_57414,399.879,867.958,462.48,22.527,0.460712,0.9917,,,,0.9962,1.0,amdahl
docvqa,1792,32,docvqa_57415,389.824,1014.36,451.691,22.507,0.384305,1.0455,,,,1.017,1.0,amdahl
docvqa,1792,32,docvqa_57416,401.25,876.192,463.589,24.271,0.457947,1.0015,,,,1.0007,1.0,amdahl
docvqa,1792,32,docvqa_57417,404.218,806.371,466.468,24.279,0.50128,0.9889,,,,0.9944,1.0,amdahl
docvqa,1792,32,docvqa_57418,384.517,793.292,446.584,23.114,0.484711,1.017,,,,1.0082,1.0,amdahl
docvqa,1792,32,docvqa_24437,349.164,810.004,411.004,26.6,0.431064,0.9912,,,,0.9962,1.0,amdahl
docvqa,1792,32,docvqa_24438,351.537,731.91,413.842,26.506,0.480301,1.001,,,,1.0005,1.0,amdahl
docvqa,1792,32,docvqa_16455,374.786,1491.435,870.744,23.873,0.251293,0.9973,,,,0.9993,1.0,amdahl
docvqa,1792,32,docvqa_16456,383.472,737.559,446.724,24.236,0.51992,0.9886,,,,0.994,1.0,amdahl
docvqa,1792,32,docvqa_16463,373.981,745.68,436.367,25.776,0.50153,1.0008,,,,1.0004,1.0,amdahl
docvqa,1792,32,docvqa_49234,370.675,772.639,433.076,24.255,0.479752,1.1068,,,,1.0485,1.0,amdahl
docvqa,1792,32,docvqa_57428,411.668,851.679,475.03,23.541,0.483361,0.9934,,,,0.9968,1.0,amdahl
docvqa,1792,32,docvqa_24440,372.254,2201.009,846.15,79.698,0.169129,1.0109,,,,1.0018,1.0,amdahl
docvqa,1792,32,docvqa_16468,368.437,1014.304,431.077,23.329,0.363241,1.0769,,,,1.0266,1.0,amdahl
docvqa,1792,32,docvqa_57431,434.403,915.405,496.642,20.938,0.474547,0.994,,,,0.9971,1.0,amdahl
docvqa,1792,32,docvqa_16473,350.144,722.495,412.582,25.826,0.484632,0.9959,,,,0.998,1.0,amdahl
docvqa,1792,32,docvqa_49242,347.679,1099.796,827.383,24.765,0.31613,1.0094,,,,1.003,1.0,amdahl
docvqa,1792,32,docvqa_57439,407.828,1276.197,470.081,26.004,0.319565,1.0155,,,,1.0049,1.0,amdahl
docvqa,1792,32,docvqa_57440,411.242,862.277,473.336,24.309,0.476926,1.0998,,,,1.0452,1.0,amdahl
docvqa,1792,32,docvqa_32870,352.167,1102.741,414.576,22.199,0.319356,1.0135,,,,1.0043,1.0,amdahl
docvqa,1792,32,docvqa_32871,375.664,1508.081,868.736,22.834,0.249101,0.999,,,,0.9997,1.0,amdahl
docvqa,1792,32,docvqa_32872,413.695,849.391,476.144,23.328,0.487048,1.0089,,,,1.0043,1.0,amdahl
docvqa,1792,32,docvqa_32873,374.964,994.672,437.425,26.536,0.376973,1.0125,,,,1.0047,1.0,amdahl
docvqa,1792,32,docvqa_32874,373.557,792.769,435.672,29.758,0.471205,0.9973,,,,0.9987,1.0,amdahl
docvqa,1792,32,docvqa_32875,359.651,896.0,422.225,23.689,0.401396,1.0037,,,,1.0015,1.0,amdahl
docvqa,1792,32,docvqa_32876,396.869,946.336,458.836,23.214,0.419374,0.9959,,,,0.9983,1.0,amdahl
docvqa,1792,32,docvqa_32877,346.883,1060.836,409.056,24.14,0.32699,0.984,,,,0.9947,1.0,amdahl
docvqa,1792,32,docvqa_32878,351.482,691.958,413.423,25.321,0.507953,1.0108,,,,1.0055,1.0,amdahl
docvqa,1792,32,docvqa_32879,375.422,798.52,437.67,21.226,0.470148,1.0063,,,,1.003,1.0,amdahl
docvqa,1792,32,docvqa_57449,405.563,699.745,468.449,23.13,0.579587,0.9912,,,,0.9949,1.0,amdahl
docvqa,1792,32,docvqa_32881,376.353,1079.398,438.977,26.684,0.34867,0.9903,,,,0.9966,1.0,amdahl
docvqa,1792,32,docvqa_32882,404.695,1109.321,467.255,24.695,0.364814,1.1383,,,,1.0464,1.0,amdahl
docvqa,1792,32,docvqa_32883,430.323,1034.817,492.557,24.648,0.415845,1.0116,,,,1.0048,1.0,amdahl
docvqa,1792,32,docvqa_57452,396.475,857.159,459.727,26.495,0.462545,1.0393,,,,1.0178,1.0,amdahl
docvqa,1792,32,docvqa_32885,355.626,825.731,417.929,23.988,0.430681,1.006,,,,1.0026,1.0,amdahl
docvqa,1792,32,docvqa_32886,575.621,1176.187,638.127,24.457,0.489396,0.9921,,,,0.9961,1.0,amdahl
docvqa,1792,32,docvqa_57454,374.287,1224.42,436.512,25.416,0.305685,1.2099,,,,1.056,1.0,amdahl
docvqa,1792,32,docvqa_49263,387.492,1098.812,449.562,22.388,0.352646,0.9992,,,,0.9997,1.0,amdahl
docvqa,1792,32,docvqa_32889,394.631,1002.947,457.127,22.742,0.393471,0.9872,,,,0.9949,1.0,amdahl
docvqa,1792,32,docvqa_32890,391.911,777.442,454.148,21.553,0.504104,0.9857,,,,0.9927,1.0,amdahl
docvqa,1792,32,docvqa_32891,354.199,1157.64,417.119,23.888,0.305966,0.9928,,,,0.9978,1.0,amdahl
docvqa,1792,32,docvqa_32892,405.726,836.746,468.051,23.043,0.484886,1.124,,,,1.0565,1.0,amdahl
docvqa,1792,32,docvqa_32893,377.693,926.309,439.767,24.327,0.40774,0.9913,,,,0.9964,1.0,amdahl
docvqa,1792,32,docvqa_32894,383.289,892.638,445.648,23.526,0.429389,0.9882,,,,0.9949,1.0,amdahl
docvqa,1792,32,docvqa_49274,402.226,887.517,464.708,23.489,0.453204,0.999,,,,0.9995,1.0,amdahl
docvqa,1792,32,docvqa_32896,376.46,792.513,438.498,29.501,0.475021,1.0088,,,,1.0042,1.0,amdahl
docvqa,1792,32,docvqa_32897,349.851,719.274,411.908,23.644,0.486394,1.1581,,,,1.0711,1.0,amdahl
docvqa,1792,32,docvqa_32898,380.424,938.998,442.901,22.55,0.405138,1.0054,,,,1.0022,1.0,amdahl
docvqa,1792,32,docvqa_57475,388.836,800.214,451.797,23.228,0.485915,0.9984,,,,0.9992,1.0,amdahl
docvqa,1792,32,docvqa_32900,436.603,932.436,498.873,22.819,0.468238,1.0062,,,,1.0029,1.0,amdahl
docvqa,1792,32,docvqa_57476,403.706,915.36,466.501,20.403,0.441036,0.9948,,,,0.9977,1.0,amdahl
docvqa,1792,32,docvqa_49279,383.43,700.21,445.653,25.456,0.547592,0.9882,,,,0.9935,1.0,amdahl
docvqa,1792,32,docvqa_49285,349.029,682.51,410.874,24.694,0.51139,1.0026,,,,1.0013,1.0,amdahl
docvqa,1792,32,docvqa_49292,387.719,1128.462,449.718,21.895,0.343582,0.9963,,,,0.9987,1.0,amdahl
docvqa,1792,32,docvqa_16529,415.034,758.449,477.328,20.08,0.547213,0.9929,,,,0.9961,1.0,amdahl
docvqa,1792,32,docvqa_49297,371.54,882.805,433.937,24.937,0.420863,1.0006,,,,1.0002,1.0,amdahl
docvqa,1792,32,docvqa_16533,375.593,1002.138,437.677,25.657,0.374792,1.0057,,,,1.0021,1.0,amdahl
docvqa,1792,32,docvqa_49304,399.621,843.709,461.726,27.285,0.473647,0.9929,,,,0.9966,1.0,amdahl
docvqa,1792,32,docvqa_16539,372.61,891.964,435.218,20.761,0.417741,0.989,,,,0.9954,1.0,amdahl
docvqa,1792,32,docvqa_16553,434.296,955.807,498.524,24.068,0.454376,0.9911,,,,0.9959,1.0,amdahl
docvqa,1792,32,docvqa_49322,417.132,849.714,479.24,23.155,0.490908,1.0093,,,,1.0045,1.0,amdahl
docvqa,1792,32,docvqa_57515,384.375,834.39,446.032,22.845,0.460666,1.0658,,,,1.0293,1.0,amdahl
docvqa,1792,32,docvqa_49323,411.595,784.672,474.287,25.865,0.524544,1.0328,,,,1.0169,1.0,amdahl
docvqa,1792,32,docvqa_57517,378.737,620.847,440.663,20.02,0.610033,1.1077,,,,1.063,1.0,amdahl
docvqa,1792,32,docvqa_49324,387.471,710.684,449.95,20.056,0.545208,1.0042,,,,1.0023,1.0,amdahl
docvqa,1792,32,docvqa_57519,424.673,738.95,486.653,25.23,0.574698,1.0012,,,,1.0007,1.0,amdahl
docvqa,1792,32,docvqa_49325,353.734,748.482,415.577,25.608,0.472602,1.0216,,,,1.0101,1.0,amdahl
docvqa,1792,32,docvqa_57521,418.734,824.801,481.543,26.404,0.507679,0.9922,,,,0.996,1.0,amdahl
docvqa,1792,32,docvqa_49326,390.05,890.499,452.886,25.742,0.438013,1.0719,,,,1.0303,1.0,amdahl
docvqa,1792,32,docvqa_57523,349.395,806.928,411.588,26.356,0.432994,0.996,,,,0.9983,1.0,amdahl
docvqa,1792,32,docvqa_57524,353.065,773.371,415.005,25.598,0.456528,1.0056,,,,1.0026,1.0,amdahl
docvqa,1792,32,docvqa_57525,349.311,1385.735,785.682,25.002,0.252076,1.0944,,,,1.0222,1.0,amdahl
docvqa,1792,32,docvqa_57526,416.212,726.969,478.056,24.891,0.572531,0.9966,,,,0.9981,1.0,amdahl
docvqa,1792,32,docvqa_57527,528.436,1019.206,590.916,25.194,0.518478,1.002,,,,1.001,1.0,amdahl
docvqa,1792,32,docvqa_57528,411.517,1208.295,475.104,27.155,0.340577,1.0147,,,,1.005,1.0,amdahl
docvqa,1792,32,docvqa_57529,351.23,1110.128,412.945,24.041,0.316387,0.9906,,,,0.997,1.0,amdahl
docvqa,1792,32,docvqa_57530,434.182,733.196,497.556,23.564,0.592178,0.9993,,,,0.9996,1.0,amdahl
docvqa,1792,32,docvqa_57531,389.612,843.431,452.469,26.064,0.461938,0.9978,,,,0.999,1.0,amdahl
docvqa,1792,32,docvqa_57532,396.423,1394.382,892.888,22.795,0.2843,0.9893,,,,0.9969,1.0,amdahl
docvqa,1792,32,docvqa_57533,354.748,899.554,416.623,26.829,0.39436,0.995,,,,0.998,1.0,amdahl
docvqa,1792,32,docvqa_16568,388.376,673.401,450.759,22.264,0.576737,0.9922,,,,0.9955,1.0,amdahl
docvqa,1792,32,docvqa_16574,398.59,1018.33,460.631,22.308,0.391415,1.0036,,,,1.0014,1.0,amdahl
docvqa,1792,32,docvqa_57537,381.116,891.402,442.905,23.605,0.427547,1.0018,,,,1.0008,1.0,amdahl
docvqa,1792,32,docvqa_57539,400.67,937.879,462.657,25.012,0.427209,1.022,,,,1.0093,1.0,amdahl
docvqa,1792,32,docvqa_57540,401.298,935.552,463.483,24.846,0.428942,0.9924,,,,0.9967,1.0,amdahl
docvqa,1792,32,docvqa_57543,401.409,936.663,463.823,24.886,0.428552,0.9917,,,,0.9964,1.0,amdahl
docvqa,1792,32,docvqa_57550,373.061,646.558,435.41,26.393,0.576996,0.9894,,,,0.9939,1.0,amdahl
docvqa,1792,32,docvqa_49361,369.829,703.56,431.583,27.198,0.525654,1.0334,,,,1.0173,1.0,amdahl
docvqa,1792,32,docvqa_49362,362.587,821.91,425.641,23.31,0.441152,0.992,,,,0.9964,1.0,amdahl
docvqa,1792,32,docvqa_57557,390.806,1062.668,453.04,24.385,0.367759,1.0612,,,,1.0217,1.0,amdahl
docvqa,1792,32,docvqa_49366,394.952,803.871,456.989,24.777,0.491313,1.1169,,,,1.0542,1.0,amdahl
docvqa,1792,32,docvqa_32984,442.386,870.274,505.533,21.455,0.50833,0.9922,,,,0.996,1.0,amdahl
docvqa,1792,32,docvqa_49369,383.195,678.033,445.497,21.14,0.565156,0.9893,,,,0.9939,1.0,amdahl
docvqa,1792,32,docvqa_57562,380.023,654.206,442.175,21.203,0.580893,1.0021,,,,1.0012,1.0,amdahl
docvqa,1792,32,docvqa_32986,375.875,831.815,437.914,23.171,0.451873,1.0183,,,,1.0082,1.0,amdahl
docvqa,1792,32,docvqa_57564,367.795,1245.335,430.212,26.294,0.295338,0.992,,,,0.9976,1.0,amdahl
docvqa,1792,32,docvqa_49373,406.975,828.367,469.883,25.606,0.491298,1.0088,,,,1.0043,1.0,amdahl
docvqa,1792,32,docvqa_16606,351.739,618.123,413.553,20.457,0.569043,1.0095,,,,1.0054,1.0,amdahl
docvqa,1792,32,docvqa_223,352.844,687.931,414.824,21.008,0.512905,0.9882,,,,0.9939,1.0,amdahl
docvqa,1792,32,docvqa_224,380.809,751.04,442.735,20.554,0.507041,1.0008,,,,1.0004,1.0,amdahl
docvqa,1792,32,docvqa_16609,421.361,842.648,483.464,21.128,0.500044,0.9863,,,,0.9931,1.0,amdahl
docvqa,1792,32,docvqa_57566,383.585,817.361,445.672,23.231,0.469296,0.9951,,,,0.9977,1.0,amdahl
docvqa,1792,32,docvqa_16611,386.05,833.089,447.953,20.27,0.463395,0.9787,,,,0.99,1.0,amdahl
docvqa,1792,32,docvqa_49376,378.221,688.658,440.379,20.69,0.549216,0.9954,,,,0.9975,1.0,amdahl
docvqa,1792,32,docvqa_49381,423.431,847.212,485.926,22.58,0.499793,1.0036,,,,1.0018,1.0,amdahl
docvqa,1792,32,docvqa_32989,385.391,861.119,448.296,25.801,0.447547,0.9947,,,,0.9976,1.0,amdahl
docvqa,1792,32,docvqa_231,375.846,782.337,438.17,22.944,0.480415,0.9963,,,,0.9982,1.0,amdahl
docvqa,1792,32,docvqa_232,350.072,734.924,412.917,20.125,0.476338,1.0178,,,,1.0084,1.0,amdahl
docvqa,1792,32,docvqa_32994,445.669,877.271,508.215,23.066,0.508018,1.0448,,,,1.0223,1.0,amdahl
docvqa,1792,32,docvqa_234,454.142,1244.521,517.436,23.454,0.364913,0.9917,,,,0.997,1.0,amdahl
docvqa,1792,32,docvqa_4931,626.226,1136.118,689.207,22.346,0.551198,1.0102,,,,1.0056,1.0,amdahl
docvqa,1792,32,docvqa_32995,396.993,876.681,460.437,26.015,0.452837,0.9938,,,,0.9972,1.0,amdahl
docvqa,1792,32,docvqa_237,359.204,808.471,421.258,22.777,0.444301,1.01,,,,1.0044,1.0,amdahl
docvqa,1792,32,docvqa_49390,352.147,560.676,414.38,20.899,0.628076,1.1942,,,,1.1138,1.0,amdahl
docvqa,1792,32,docvqa_49391,419.209,955.165,481.801,21.517,0.438886,0.9931,,,,0.997,1.0,amdahl
docvqa,1792,32,docvqa_49392,385.051,695.568,447.218,20.696,0.553578,1.0029,,,,1.0016,1.0,amdahl
docvqa,1792,32,docvqa_49393,354.738,853.678,417.349,25.666,0.41554,0.994,,,,0.9975,1.0,amdahl
docvqa,1792,32,docvqa_49394,376.899,747.865,440.528,20.489,0.503967,0.9799,,,,0.9898,1.0,amdahl
docvqa,1792,32,docvqa_49395,446.128,890.703,508.063,20.139,0.500871,1.0226,,,,1.0112,1.0,amdahl
docvqa,1792,32,docvqa_49396,427.08,959.16,490.599,22.312,0.445264,1.1806,,,,1.0731,1.0,amdahl
docvqa,1792,32,docvqa_49397,419.486,870.487,481.648,25.923,0.481898,0.9918,,,,0.996,1.0,amdahl
docvqa,1792,32,docvqa_49398,394.984,784.831,457.02,25.216,0.503273,1.1319,,,,1.0623,1.0,amdahl
docvqa,1792,32,docvqa_49399,398.274,682.276,460.729,22.155,0.583744,1.0088,,,,1.0051,1.0,amdahl
docvqa,1792,32,docvqa_49400,384.8,1083.841,447.404,25.457,0.355033,0.9909,,,,0.9968,1.0,amdahl
docvqa,1792,32,docvqa_49401,382.439,857.735,445.213,25.783,0.445871,1.0058,,,,1.0026,1.0,amdahl
docvqa,1792,32,docvqa_49402,354.743,1150.993,417.265,24.458,0.308206,1.0065,,,,1.002,1.0,amdahl
docvqa,1792,32,docvqa_49403,374.858,649.9,436.77,23.681,0.576793,0.9924,,,,0.9956,1.0,amdahl
docvqa,1792,32,docvqa_49404,414.57,1061.688,477.454,24.343,0.390482,1.0122,,,,1.0047,1.0,amdahl
docvqa,1792,32,docvqa_254,377.338,786.054,439.437,20.389,0.480041,0.9901,,,,0.9952,1.0,amdahl
docvqa,1792,32,docvqa_255,348.505,742.506,410.992,22.101,0.469363,1.017,,,,1.0079,1.0,amdahl
docvqa,1792,32,docvqa_256,374.367,849.507,436.394,22.951,0.440688,1.0415,,,,1.0179,1.0,amdahl
docvqa,1792,32,docvqa_49406,393.793,771.82,455.502,21.088,0.510214,1.0059,,,,1.003,1.0,amdahl
docvqa,1792,32,docvqa_265,406.601,1218.839,468.802,24.195,0.333597,1.001,,,,1.0003,1.0,amdahl
docvqa,1792,32,docvqa_266,403.83,918.719,466.108,28.288,0.439557,0.9894,,,,0.9953,1.0,amdahl
docvqa,1792,32,docvqa_267,352.586,1020.146,415.716,23.247,0.345623,1.0569,,,,1.019,1.0,amdahl
docvqa,1792,32,docvqa_271,344.718,835.691,406.661,26.814,0.412495,1.0954,,,,1.0373,1.0,amdahl
docvqa,1792,32,docvqa_49432,373.581,1229.884,436.527,25.592,0.303753,0.9958,,,,0.9987,1.0,amdahl
docvqa,1792,32,docvqa_283,385.89,874.066,449.109,20.236,0.441489,1.0887,,,,1.0373,1.0,amdahl
docvqa,1792,32,docvqa_284,370.678,1084.995,432.591,23.3,0.341641,1.0064,,,,1.0022,1.0,amdahl
docvqa,1792,32,docvqa_285,347.763,774.919,410.378,24.303,0.448774,1.0187,,,,1.0083,1.0,amdahl
docvqa,1792,32,docvqa_49437,342.421,693.636,404.569,20.648,0.493661,0.9989,,,,0.9995,1.0,amdahl
docvqa,1792,32,docvqa_49442,363.121,726.406,429.762,21.189,0.499887,0.9956,,,,0.9978,1.0,amdahl
docvqa,1792,32,docvqa_292,343.569,1063.617,405.507,23.504,0.323019,1.0136,,,,1.0043,1.0,amdahl
docvqa,1792,32,docvqa_296,384.072,846.748,446.336,28.601,0.453585,0.9896,,,,0.9952,1.0,amdahl
docvqa,1792,32,docvqa_297,368.932,877.789,431.639,27.884,0.420297,1.0423,,,,1.0173,1.0,amdahl
docvqa,1792,32,docvqa_298,343.8,667.887,406.834,23.732,0.514757,0.994,,,,0.9969,1.0,amdahl
docvqa,1792,32,docvqa_49449,379.525,773.168,441.594,20.723,0.490871,1.009,,,,1.0044,1.0,amdahl
docvqa,1792,32,docvqa_300,406.124,920.875,468.986,23.784,0.441019,1.0111,,,,1.0049,1.0,amdahl
docvqa,1792,32,docvqa_49454,524.598,1068.896,586.787,25.374,0.490785,0.9947,,,,0.9974,1.0,amdahl
docvqa,1792,32,docvqa_303,414.39,855.275,476.737,23.659,0.484511,1.0857,,,,1.0398,1.0,amdahl
docvqa,1792,32,docvqa_304,356.098,1080.089,419.037,24.483,0.329693,1.0007,,,,1.0002,1.0,amdahl
docvqa,1792,32,docvqa_305,366.753,914.996,428.914,27.005,0.400825,1.043,,,,1.0168,1.0,amdahl
docvqa,1792,32,docvqa_49455,341.094,1129.259,403.134,23.423,0.302051,0.9946,,,,0.9984,1.0,amdahl
docvqa,1792,32,docvqa_307,426.912,793.831,489.628,20.28,0.537787,1.0057,,,,1.0031,1.0,amdahl
docvqa,1792,32,docvqa_49461,378.447,925.532,441.308,25.485,0.408896,1.0008,,,,1.0003,1.0,amdahl
docvqa,1792,32,docvqa_49465,348.433,887.182,410.2,22.713,0.392741,1.0018,,,,1.0007,1.0,amdahl
docvqa,1792,32,docvqa_317,341.275,607.774,402.94,20.483,0.561516,1.0095,,,,1.0053,1.0,amdahl
docvqa,1792,32,docvqa_319,363.959,926.805,425.972,23.849,0.392703,1.0047,,,,1.0019,1.0,amdahl
docvqa,1792,32,docvqa_320,445.632,1271.237,509.124,24.584,0.35055,1.0088,,,,1.0031,1.0,amdahl
docvqa,1792,32,docvqa_321,343.383,1137.69,405.43,23.621,0.301825,0.9899,,,,0.9969,1.0,amdahl
docvqa,1792,32,docvqa_345,391.641,778.76,453.584,27.098,0.502904,0.9957,,,,0.9978,1.0,amdahl
docvqa,1792,32,docvqa_346,376.352,1069.583,438.853,24.259,0.351868,0.9942,,,,0.998,1.0,amdahl
docvqa,1792,32,docvqa_347,375.389,1113.313,438.836,28.103,0.337182,1.0039,,,,1.0013,1.0,amdahl
docvqa,1792,32,docvqa_348,358.962,963.356,420.981,27.119,0.372616,1.019,,,,1.007,1.0,amdahl
docvqa,1792,32,docvqa_6943,351.382,840.473,413.119,26.71,0.418076,1.0092,,,,1.0038,1.0,amdahl
docvqa,1792,32,docvqa_357,404.013,739.546,466.802,22.729,0.546298,1.0077,,,,1.0042,1.0,amdahl
docvqa,1792,32,docvqa_358,387.429,801.483,449.77,23.447,0.483391,1.0129,,,,1.0062,1.0,amdahl
docvqa,1792,32,docvqa_359,352.504,788.974,415.25,23.358,0.446788,0.9966,,,,0.9985,1.0,amdahl
docvqa,1792,32,docvqa_360,387.663,902.061,450.039,22.601,0.429753,1.0217,,,,1.0092,1.0,amdahl
docvqa,1792,32,docvqa_361,374.718,1231.115,437.28,25.608,0.304373,0.9899,,,,0.9969,1.0,amdahl
docvqa,1792,32,docvqa_362,411.194,1001.829,474.076,25.131,0.410443,0.9955,,,,0.9981,1.0,amdahl
docvqa,1792,32,docvqa_363,400.62,976.416,463.238,28.51,0.410296,1.0035,,,,1.0014,1.0,amdahl
docvqa,1792,32,docvqa_364,342.493,1184.975,405.359,25.149,0.289029,0.9854,,,,0.9957,1.0,amdahl
docvqa,1792,32,docvqa_365,403.803,1107.324,466.345,25.639,0.364666,0.9993,,,,0.9997,1.0,amdahl
docvqa,1792,32,docvqa_8560,400.066,941.164,462.309,25.203,0.425076,0.9963,,,,0.9984,1.0,amdahl
docvqa,1792,32,docvqa_4958,369.924,812.691,433.413,23.705,0.455183,1.0014,,,,1.0006,1.0,amdahl
docvqa,1792,32,docvqa_8565,393.901,1052.781,456.7,22.926,0.374153,0.9892,,,,0.9959,1.0,amdahl
docvqa,1792,32,docvqa_4959,403.259,606.004,466.371,27.927,0.665439,1.0065,,,,1.0043,1.0,amdahl
docvqa,1792,32,docvqa_375,349.167,943.966,411.272,23.161,0.369894,1.1357,,,,1.0462,1.0,amdahl
docvqa,1792,32,docvqa_376,408.214,1021.743,471.81,24.997,0.399527,1.0121,,,,1.0048,1.0,amdahl
docvqa,1792,32,docvqa_377,352.826,649.103,414.533,21.325,0.543559,1.0823,,,,1.0431,1.0,amdahl
docvqa,1792,32,docvqa_49528,383.905,610.246,445.922,20.541,0.629098,1.0038,,,,1.0024,1.0,amdahl
docvqa,1792,32,docvqa_49530,372.336,659.101,435.486,27.952,0.564915,1.0041,,,,1.0023,1.0,amdahl
docvqa,1792,32,docvqa_49532,400.543,930.785,468.906,27.169,0.430328,1.0028,,,,1.0012,1.0,amdahl
docvqa,1792,32,docvqa_24499,392.723,1201.311,456.191,24.036,0.326912,1.025,,,,1.008,1.0,amdahl
docvqa,1792,32,docvqa_49534,519.325,1049.179,581.296,24.625,0.494983,0.9925,,,,0.9963,1.0,amdahl
docvqa,1792,32,docvqa_383,370.894,1198.19,433.099,24.68,0.309545,1.008,,,,1.0025,1.0,amdahl
docvqa,1792,32,docvqa_384,351.053,1065.446,414.016,21.014,0.329489,0.9929,,,,0.9977,1.0,amdahl
docvqa,1792,32,docvqa_385,373.097,1185.616,434.99,24.214,0.314686,1.0733,,,,1.022,1.0,amdahl
docvqa,1792,32,docvqa_49536,387.138,1231.791,450.688,25.197,0.314288,0.9922,,,,0.9975,1.0,amdahl
docvqa,1792,32,docvqa_24500,405.633,1204.627,468.397,23.749,0.336729,1.0147,,,,1.0049,1.0,amdahl
docvqa,1792,32,docvqa_33153,407.935,1041.227,470.165,23.794,0.391783,1.0654,,,,1.0247,1.0,amdahl
docvqa,1792,32,docvqa_57733,365.298,955.569,427.965,22.939,0.382283,1.024,,,,1.0091,1.0,amdahl
docvqa,1792,32,docvqa_49542,396.906,882.453,459.347,24.889,0.449776,0.998,,,,0.9991,1.0,amdahl
docvqa,1792,32,docvqa_33158,371.37,709.29,434.078,27.521,0.52358,1.0024,,,,1.0013,1.0,amdahl
docvqa,1792,32,docvqa_49544,454.943,1246.831,517.152,24.323,0.36488,1.0232,,,,1.0083,1.0,amdahl
docvqa,1792,32,docvqa_58694,343.782,795.806,405.604,20.537,0.431992,1.0085,,,,1.0037,1.0,amdahl
docvqa,1792,32,docvqa_49546,379.237,1225.759,442.281,25.273,0.30939,1.0164,,,,1.005,1.0,amdahl
docvqa,1792,32,docvqa_395,387.499,741.088,449.866,26.475,0.522879,1.0767,,,,1.0387,1.0,amdahl
docvqa,1792,32,docvqa_396,357.96,975.793,419.944,26.469,0.36684,0.9944,,,,0.9979,1.0,amdahl
docvqa,1792,32,docvqa_397,357.972,925.071,419.947,24.054,0.386967,0.99,,,,0.9961,1.0,amdahl
docvqa,1792,32,docvqa_49550,398.981,1191.485,460.847,23.569,0.33486,0.9876,,,,0.9958,1.0,amdahl
docvqa,1792,32,docvqa_58695,401.972,982.184,464.294,22.517,0.409263,1.003,,,,1.0012,1.0,amdahl
docvqa,1792,32,docvqa_398,399.208,758.705,461.457,22.865,0.52617,0.9964,,,,0.9981,1.0,amdahl
docvqa,1792,32,docvqa_49555,371.342,1182.408,433.787,24.149,0.314055,1.019,,,,1.0059,1.0,amdahl
docvqa,1792,32,docvqa_16789,353.547,967.513,415.605,22.996,0.365418,0.9921,,,,0.9971,1.0,amdahl
docvqa,1792,32,docvqa_407,369.484,751.995,432.195,24.6,0.491338,1.0061,,,,1.003,1.0,amdahl
docvqa,1792,32,docvqa_49560,374.27,987.092,436.775,20.382,0.379165,1.0214,,,,1.008,1.0,amdahl
docvqa,1792,32,docvqa_408,413.995,825.952,476.209,24.982,0.501234,0.9932,,,,0.9966,1.0,amdahl
docvqa,1792,32,docvqa_409,356.382,866.664,419.173,21.309,0.411212,1.007,,,,1.0029,1.0,amdahl
docvqa,1792,32,docvqa_24505,379.133,846.524,441.271,25.328,0.447871,1.0621,,,,1.0269,1.0,amdahl
docvqa,1792,32,docvqa_410,395.794,1037.934,458.113,22.301,0.381328,0.9921,,,,0.997,1.0,amdahl
docvqa,1792,32,docvqa_49565,398.936,768.472,461.736,25.561,0.519129,0.9868,,,,0.9931,1.0,amdahl
docvqa,1792,32,docvqa_16801,348.416,633.051,410.647,24.712,0.550375,1.0545,,,,1.0293,1.0,amdahl
docvqa,1792,32,docvqa_49569,345.169,672.788,407.12,20.436,0.513042,1.0031,,,,1.0016,1.0,amdahl
docvqa,1792,32,docvqa_57765,371.962,888.699,434.599,22.705,0.418546,0.9941,,,,0.9975,1.0,amdahl
docvqa,1792,32,docvqa_57766,387.18,808.477,449.378,22.444,0.478901,0.9971,,,,0.9986,1.0,amdahl
docvqa,1792,32,docvqa_57767,384.821,730.071,447.494,21.737,0.527101,0.9947,,,,0.9972,1.0,amdahl
docvqa,1792,32,docvqa_58700,374.435,930.206,436.744,23.498,0.402529,0.9975,,,,0.999,1.0,amdahl
docvqa,1792,32,docvqa_49574,357.977,827.031,419.816,21.432,0.432846,1.0026,,,,1.0011,1.0,amdahl
docvqa,1792,32,docvqa_57770,400.284,787.459,463.831,23.116,0.508323,1.0012,,,,1.0006,1.0,amdahl
docvqa,1792,32,docvqa_57771,373.85,1203.875,436.109,24.767,0.310539,1.0708,,,,1.021,1.0,amdahl
docvqa,1792,32,docvqa_49579,371.819,825.135,434.564,26.038,0.450616,1.1238,,,,1.0522,1.0,amdahl
docvqa,1792,32,docvqa_49577,575.171,923.891,638.181,25.974,0.622552,1.0255,,,,1.0157,1.0,amdahl
docvqa,1792,32,docvqa_49583,385.417,852.244,449.198,21.213,0.452238,1.0039,,,,1.0018,1.0,amdahl
docvqa,1792,32,docvqa_431,393.832,1066.459,457.142,22.567,0.36929,0.998,,,,0.9993,1.0,amdahl
docvqa,1792,32,docvqa_58702,372.058,883.861,434.165,24.983,0.420946,1.0859,,,,1.0345,1.0,amdahl
docvqa,1792,32,docvqa_49586,360.92,1175.834,423.164,24.28,0.306948,0.9906,,,,0.9971,1.0,amdahl
docvqa,1792,32,docvqa_432,350.84,856.367,413.37,23.316,0.409684,1.0107,,,,1.0043,1.0,amdahl
docvqa,1792,32,docvqa_57780,356.333,794.663,418.465,23.512,0.448408,0.993,,,,0.9968,1.0,amdahl
docvqa,1792,32,docvqa_57781,377.624,743.504,440.487,21.644,0.507898,1.0037,,,,1.0019,1.0,amdahl
docvqa,1792,32,docvqa_57782,360.864,1114.827,423.908,22.288,0.323695,0.9778,,,,0.9927,1.0,amdahl
docvqa,1792,32,docvqa_57783,381.632,852.549,444.715,23.99,0.447637,1.0036,,,,1.0016,1.0,amdahl
docvqa,1792,32,docvqa_57784,426.142,1211.094,488.643,23.305,0.351866,1.0171,,,,1.0059,1.0,amdahl
docvqa,1792,32,docvqa_433,390.979,817.253,453.171,20.227,0.478407,1.0026,,,,1.0012,1.0,amdahl
docvqa,1792,32,docvqa_16826,403.074,1140.272,465.785,21.758,0.35349,0.9879,,,,0.9957,1.0,amdahl
docvqa,1792,32,docvqa_57786,348.262,736.325,410.179,20.384,0.472973,1.005,,,,1.0024,1.0,amdahl
docvqa,1792,32,docvqa_49595,382.517,1002.154,444.572,22.303,0.381694,0.9908,,,,0.9965,1.0,amdahl
docvqa,1792,32,docvqa_444,383.709,895.313,446.218,26.417,0.428575,0.9856,,,,0.9938,1.0,amdahl
docvqa,1792,32,docvqa_16830,343.306,896.123,405.574,22.298,0.383102,1.0098,,,,1.0037,1.0,amdahl
docvqa,1792,32,docvqa_16831,379.661,933.122,441.488,22.347,0.406872,1.1014,,,,1.0389,1.0,amdahl
docvqa,1792,32,docvqa_16832,387.734,771.741,450.159,21.439,0.502415,1.0112,,,,1.0056,1.0,amdahl
docvqa,1792,32,docvqa_57790,354.335,623.958,416.664,25.912,0.567883,1.0057,,,,1.0032,1.0,amdahl
docvqa,1792,32,docvqa_57791,375.311,1077.185,437.76,24.593,0.348419,0.9947,,,,0.9981,1.0,amdahl
docvqa,1792,32,docvqa_16835,372.87,968.842,435.129,28.09,0.384862,1.1434,,,,1.0507,1.0,amdahl
docvqa,1792,32,docvqa_450,381.625,802.419,443.817,25.614,0.475593,1.0109,,,,1.0051,1.0,amdahl
docvqa,1792,32,docvqa_16837,349.121,785.779,412.257,23.345,0.444299,0.9998,,,,0.9999,1.0,amdahl
docvqa,1792,32,docvqa_57798,500.741,1234.02,562.87,24.857,0.40578,1.0646,,,,1.0252,1.0,amdahl
docvqa,1792,32,docvqa_16839,435.589,954.392,498.055,25.352,0.456404,0.9962,,,,0.9983,1.0,amdahl
docvqa,1792,32,docvqa_57799,405.384,982.014,467.571,25.722,0.412809,1.0996,,,,1.0389,1.0,amdahl
docvqa,1792,32,docvqa_57800,406.071,1230.149,469.097,24.55,0.330099,0.9979,,,,0.9993,1.0,amdahl
docvqa,1792,32,docvqa_57801,404.399,951.165,466.819,25.492,0.425162,1.1034,,,,1.0415,1.0,amdahl
docvqa,1792,32,docvqa_57803,438.192,917.359,501.348,26.001,0.477667,1.0783,,,,1.0359,1.0,amdahl
docvqa,1792,32,docvqa_57804,382.105,627.089,444.239,20.317,0.609332,1.0786,,,,1.0465,1.0,amdahl
docvqa,1792,32,docvqa_57805,382.856,1171.292,444.886,23.432,0.326866,1.0176,,,,1.0057,1.0,amdahl
docvqa,1792,32,docvqa_49605,403.374,1002.206,465.823,26.819,0.402486,1.0156,,,,1.0062,1.0,amdahl
docvqa,1792,32,docvqa_57807,396.156,802.192,458.492,24.55,0.493842,0.9715,,,,0.9857,1.0,amdahl
docvqa,1792,32,docvqa_57808,358.569,814.898,420.308,24.662,0.440017,1.0069,,,,1.003,1.0,amdahl
docvqa,1792,32,docvqa_49617,400.753,1090.462,463.26,25.088,0.367507,1.0058,,,,1.0021,1.0,amdahl
docvqa,1792,32,docvqa_57810,405.295,1002.979,467.45,24.342,0.404091,1.1926,,,,1.0698,1.0,amdahl
docvqa,1792,32,docvqa_41421,407.393,791.48,470.358,20.07,0.514722,0.9895,,,,0.9946,1.0,amdahl
docvqa,1792,32,docvqa_461,635.794,1524.207,698.191,26.646,0.417131,1.011,,,,1.0046,1.0,amdahl
docvqa,1792,32,docvqa_463,372.37,1202.886,434.629,24.782,0.309564,1.0153,,,,1.0047,1.0,amdahl
docvqa,1792,32,docvqa_4977,380.263,681.347,442.611,21.703,0.558105,0.9643,,,,0.9798,1.0,amdahl
docvqa,1792,32,docvqa_57815,376.874,865.085,439.003,25.064,0.43565,1.0552,,,,1.0233,1.0,amdahl
docvqa,1792,32,docvqa_4978,447.382,885.858,511.141,23.42,0.505026,1.0011,,,,1.0005,1.0,amdahl
docvqa,1792,32,docvqa_57817,426.549,1625.548,867.049,26.155,0.262403,1.0007,,,,1.0002,1.0,amdahl
docvqa,1792,32,docvqa_41434,428.427,799.938,491.545,23.723,0.535575,1.0791,,,,1.0409,1.0,amdahl
docvqa,1792,32,docvqa_57819,375.666,945.764,437.898,23.085,0.397209,1.0232,,,,1.0091,1.0,amdahl
docvqa,1792,32,docvqa_57820,381.481,742.824,443.932,22.992,0.513555,1.0001,,,,1.0001,1.0,amdahl
docvqa,1792,32,docvqa_57821,407.597,771.086,470.617,23.113,0.528601,0.9894,,,,0.9944,1.0,amdahl
docvqa,1792,32,docvqa_57822,417.798,996.264,481.15,23.414,0.419365,0.9923,,,,0.9967,1.0,amdahl
docvqa,1792,32,docvqa_57823,375.714,851.625,439.134,25.781,0.441173,0.9951,,,,0.9978,1.0,amdahl
docvqa,1792,32,docvqa_49629,381.893,824.479,445.015,25.298,0.463193,1.0068,,,,1.0031,1.0,amdahl
docvqa,1792,32,docvqa_57825,355.6,779.193,417.753,25.817,0.456369,0.995,,,,0.9977,1.0,amdahl
docvqa,1792,32,docvqa_57826,362.095,754.311,424.523,21.986,0.480034,1.0137,,,,1.0065,1.0,amdahl
docvqa,1792,32,docvqa_57827,388.252,910.383,451.692,22.935,0.426471,1.0059,,,,1.0025,1.0,amdahl
docvqa,1792,32,docvqa_476,401.247,668.279,463.378,22.767,0.600419,0.9992,,,,0.9995,1.0,amdahl
docvqa,1792,32,docvqa_4980,380.334,1149.713,442.35,26.199,0.330808,1.1378,,,,1.0417,1.0,amdahl
docvqa,1792,32,docvqa_57833,372.457,640.388,434.476,25.739,0.581612,0.9975,,,,0.9985,1.0,amdahl
docvqa,1792,32,docvqa_41449,353.127,757.381,415.175,21.388,0.466247,1.0144,,,,1.0067,1.0,amdahl
docvqa,1792,32,docvqa_57835,381.652,837.358,444.831,24.533,0.455781,1.0646,,,,1.0284,1.0,amdahl
docvqa,1792,32,docvqa_57836,410.842,727.535,473.554,23.089,0.564705,1.0,,,,1.0,1.0,amdahl
docvqa,1792,32,docvqa_57837,434.752,749.903,497.288,22.965,0.579745,0.9987,,,,0.9992,1.0,amdahl
docvqa,1792,32,docvqa_57838,349.117,645.581,411.274,26.034,0.540779,1.0131,,,,1.0071,1.0,amdahl
docvqa,1792,32,docvqa_49643,348.2,935.991,410.775,22.835,0.372012,1.009,,,,1.0033,1.0,amdahl
docvqa,1792,32,docvqa_57841,353.207,597.461,415.535,20.214,0.591181,1.003,,,,1.0018,1.0,amdahl
docvqa,1792,32,docvqa_57843,355.326,601.723,418.054,20.408,0.590514,1.0002,,,,1.0001,1.0,amdahl
docvqa,1792,32,docvqa_57844,370.479,1048.255,432.801,24.618,0.353425,1.0099,,,,1.0035,1.0,amdahl
docvqa,1792,32,docvqa_57845,370.118,872.96,432.049,24.495,0.42398,1.0211,,,,1.0088,1.0,amdahl
docvqa,1792,32,docvqa_57853,403.798,836.562,465.96,23.163,0.482688,1.0947,,,,1.0436,1.0,amdahl
docvqa,1792,32,docvqa_57854,384.824,977.14,447.449,25.223,0.393827,1.0903,,,,1.0337,1.0,amdahl
docvqa,1792,32,docvqa_57855,383.218,941.624,445.985,26.086,0.406976,1.1316,,,,1.0497,1.0,amdahl
docvqa,1792,32,docvqa_57857,379.397,1201.695,442.602,24.487,0.315718,1.0047,,,,1.0015,1.0,amdahl
docvqa,1792,32,docvqa_57858,382.025,920.034,444.306,20.684,0.415229,1.0054,,,,1.0022,1.0,amdahl
docvqa,1792,32,docvqa_45694,392.639,962.626,454.892,22.075,0.407884,1.0852,,,,1.0331,1.0,amdahl
docvqa,1792,32,docvqa_55464,393.703,5947.632,942.563,161.454,0.066195,0.9961,,,,0.9997,1.0,amdahl
docvqa,1792,32,docvqa_57880,392.573,912.698,462.91,20.445,0.430124,1.0007,,,,1.0003,1.0,amdahl
docvqa,1792,32,docvqa_57881,517.511,963.698,579.947,22.574,0.537005,1.0072,,,,1.0038,1.0,amdahl
docvqa,1792,32,docvqa_57882,409.387,1284.805,471.685,26.23,0.318638,1.0801,,,,1.0242,1.0,amdahl
docvqa,1792,32,docvqa_57883,380.618,1258.867,443.443,26.304,0.302349,1.007,,,,1.0021,1.0,amdahl
docvqa,1792,32,docvqa_57884,378.268,798.436,440.418,25.573,0.473761,0.9998,,,,0.9999,1.0,amdahl
docvqa,1792,32,docvqa_57885,373.029,733.71,435.146,22.966,0.508414,0.9823,,,,0.9909,1.0,amdahl
docvqa,1792,32,docvqa_57886,409.949,895.01,472.732,23.46,0.458038,1.0331,,,,1.0149,1.0,amdahl
docvqa,1792,32,docvqa_57887,349.064,831.911,411.239,23.371,0.419593,1.0153,,,,1.0064,1.0,amdahl
docvqa,1792,32,docvqa_57888,408.825,1117.033,471.872,28.05,0.365992,1.0064,,,,1.0023,1.0,amdahl
docvqa,1792,32,docvqa_57889,377.935,821.049,441.385,29.205,0.460307,1.0061,,,,1.0028,1.0,amdahl
docvqa,1792,32,docvqa_57890,403.216,879.756,465.601,24.362,0.458327,1.0093,,,,1.0043,1.0,amdahl
docvqa,1792,32,docvqa_57891,379.984,974.011,442.898,22.13,0.390122,0.9984,,,,0.9994,1.0,amdahl
docvqa,1792,32,docvqa_553,370.784,805.851,433.158,28.669,0.460114,1.0069,,,,1.0031,1.0,amdahl
docvqa,1792,32,docvqa_554,424.999,1193.721,487.416,26.159,0.356029,0.9948,,,,0.9981,1.0,amdahl
docvqa,1792,32,docvqa_555,384.372,994.457,446.696,24.898,0.386515,0.9874,,,,0.9951,1.0,amdahl
docvqa,1792,32,docvqa_57899,405.356,938.975,468.202,26.154,0.4317,1.0417,,,,1.0176,1.0,amdahl
docvqa,1792,32,docvqa_57900,377.892,807.878,440.674,26.229,0.467759,1.0085,,,,1.0039,1.0,amdahl
docvqa,1792,32,docvqa_57901,410.782,1125.035,474.086,20.998,0.365128,0.9904,,,,0.9965,1.0,amdahl
docvqa,1792,32,docvqa_57902,439.504,707.815,501.862,20.595,0.62093,0.9997,,,,0.9998,1.0,amdahl
docvqa,1792,32,docvqa_57903,430.436,991.179,492.83,22.652,0.434267,1.0045,,,,1.002,1.0,amdahl
docvqa,1792,32,docvqa_57904,347.993,1193.944,410.048,25.287,0.291465,0.9856,,,,0.9958,1.0,amdahl
docvqa,1792,32,docvqa_57905,353.02,859.44,414.844,23.4,0.410756,1.0268,,,,1.0108,1.0,amdahl
docvqa,1792,32,docvqa_581,396.074,756.135,459.438,24.725,0.523814,1.1365,,,,1.0672,1.0,amdahl
docvqa,1792,32,docvqa_582,423.302,971.512,486.193,25.543,0.435715,0.9874,,,,0.9945,1.0,amdahl
docvqa,1792,32,docvqa_583,444.289,894.579,507.668,27.637,0.496646,1.0365,,,,1.0178,1.0,amdahl
docvqa,1792,32,docvqa_57928,374.787,681.108,437.194,27.102,0.55026,1.0126,,,,1.0069,1.0,amdahl
docvqa,1792,32,docvqa_57929,439.912,1288.591,502.412,25.361,0.34139,1.0073,,,,1.0025,1.0,amdahl
docvqa,1792,32,docvqa_584,403.114,845.66,465.417,25.35,0.476686,1.018,,,,1.0085,1.0,amdahl
docvqa,1792,32,docvqa_57931,430.249,628.37,492.61,22.627,0.684707,0.9956,,,,0.997,1.0,amdahl
docvqa,1792,32,docvqa_57933,389.558,737.805,451.598,22.016,0.527996,0.9933,,,,0.9965,1.0,amdahl
docvqa,1792,32,docvqa_57934,438.767,905.436,500.896,22.474,0.484592,0.9922,,,,0.9962,1.0,amdahl
docvqa,1792,32,docvqa_596,423.694,1096.581,485.977,24.424,0.386377,0.9925,,,,0.9971,1.0,amdahl
docvqa,1792,32,docvqa_597,380.631,731.927,442.951,20.641,0.52004,1.0125,,,,1.0065,1.0,amdahl
docvqa,1792,32,docvqa_598,394.659,1307.509,457.837,27.409,0.301841,1.0147,,,,1.0044,1.0,amdahl
docvqa,1792,32,docvqa_599,369.942,1211.535,432.194,25.14,0.305349,1.0138,,,,1.0042,1.0,amdahl
docvqa,1792,32,docvqa_600,402.222,745.674,464.923,28.075,0.539407,1.201,,,,1.0992,1.0,amdahl
docvqa,1792,32,docvqa_601,346.774,1185.324,408.769,25.05,0.292556,1.0191,,,,1.0055,1.0,amdahl
docvqa,1792,32,docvqa_16981,375.803,806.213,438.303,22.994,0.466134,1.0681,,,,1.0306,1.0,amdahl
docvqa,1792,32,docvqa_16990,489.875,993.13,551.952,23.22,0.493264,0.9978,,,,0.9989,1.0,amdahl
docvqa,1792,32,docvqa_57951,488.811,758.437,551.096,25.918,0.644499,1.0098,,,,1.0063,1.0,amdahl
docvqa,1792,32,docvqa_57952,454.814,867.771,518.314,23.297,0.524118,0.9917,,,,0.9956,1.0,amdahl
docvqa,1792,32,docvqa_57954,433.254,882.781,496.939,24.115,0.490783,1.0104,,,,1.0051,1.0,amdahl
docvqa,1792,32,docvqa_57955,475.632,839.604,540.511,23.007,0.566496,0.9991,,,,0.9995,1.0,amdahl
docvqa,1792,32,docvqa_610,343.196,1132.2,405.084,23.455,0.303123,1.0055,,,,1.0016,1.0,amdahl
docvqa,1792,32,docvqa_611,354.093,1067.578,416.58,23.25,0.331679,1.015,,,,1.0049,1.0,amdahl
docvqa,1792,32,docvqa_612,386.913,1139.705,448.667,23.829,0.339485,1.0103,,,,1.0035,1.0,amdahl
docvqa,1792,32,docvqa_613,395.066,1271.888,456.856,26.291,0.310614,1.0002,,,,1.0001,1.0,amdahl
docvqa,1792,32,docvqa_16999,371.111,856.085,433.504,22.241,0.433498,0.9939,,,,0.9973,1.0,amdahl
docvqa,1792,32,docvqa_17000,368.75,747.616,431.376,26.353,0.493235,1.0034,,,,1.0017,1.0,amdahl
docvqa,1792,32,docvqa_17001,378.092,625.031,440.507,23.066,0.604918,1.0041,,,,1.0025,1.0,amdahl
docvqa,1792,32,docvqa_57963,414.808,1274.751,477.721,25.711,0.325403,1.0017,,,,1.0006,1.0,amdahl
docvqa,1792,32,docvqa_57964,369.76,1207.458,433.207,24.976,0.30623,1.018,,,,1.0054,1.0,amdahl
docvqa,1792,32,docvqa_57965,373.271,1183.03,435.968,24.099,0.315521,0.9956,,,,0.9986,1.0,amdahl
docvqa,1792,32,docvqa_17002,437.872,833.277,499.967,25.639,0.525482,0.9915,,,,0.9955,1.0,amdahl
docvqa,1792,32,docvqa_17003,401.115,999.085,463.488,22.317,0.401482,1.002,,,,1.0008,1.0,amdahl
docvqa,1792,32,docvqa_17004,390.835,885.738,454.069,22.719,0.441254,1.0279,,,,1.0121,1.0,amdahl
docvqa,1792,32,docvqa_57969,395.666,701.662,458.563,27.011,0.563898,0.9933,,,,0.9962,1.0,amdahl
docvqa,1792,32,docvqa_17005,346.826,795.258,408.754,25.767,0.436118,1.003,,,,1.0013,1.0,amdahl
docvqa,1792,32,docvqa_57971,381.696,912.431,444.143,22.299,0.418329,1.0057,,,,1.0024,1.0,amdahl
docvqa,1792,32,docvqa_17007,357.21,1044.966,419.331,24.063,0.341839,1.0254,,,,1.0085,1.0,amdahl
docvqa,1792,32,docvqa_57973,350.799,709.657,413.947,22.747,0.494323,0.9861,,,,0.9931,1.0,amdahl
docvqa,1792,32,docvqa_57974,370.094,900.842,432.454,27.552,0.410831,1.0432,,,,1.0173,1.0,amdahl
docvqa,1792,32,docvqa_57975,392.364,927.819,454.878,24.892,0.422888,1.0065,,,,1.0027,1.0,amdahl
docvqa,1792,32,docvqa_57976,381.991,856.88,443.836,24.297,0.445792,0.9911,,,,0.996,1.0,amdahl
docvqa,1792,32,docvqa_57977,347.008,910.775,409.039,25.087,0.381003,1.0058,,,,1.0022,1.0,amdahl
docvqa,1792,32,docvqa_57978,345.855,964.914,408.478,24.193,0.358431,1.0083,,,,1.003,1.0,amdahl
docvqa,1792,32,docvqa_636,372.22,1255.0,434.377,26.472,0.29659,1.0022,,,,1.0007,1.0,amdahl
docvqa,1792,32,docvqa_637,427.149,1012.652,490.433,24.868,0.421812,1.1478,,,,1.0574,1.0,amdahl
docvqa,1792,32,docvqa_639,375.956,1282.396,438.341,27.228,0.293167,1.0065,,,,1.0019,1.0,amdahl
docvqa,1792,32,docvqa_57985,350.989,918.434,413.425,25.25,0.38216,1.0091,,,,1.0035,1.0,amdahl
docvqa,1792,32,docvqa_57986,452.451,1249.279,516.681,23.632,0.36217,0.9964,,,,0.9987,1.0,amdahl
docvqa,1792,32,docvqa_57987,369.915,1196.187,432.56,24.633,0.309245,0.9986,,,,0.9996,1.0,amdahl
docvqa,1792,32,docvqa_57989,407.449,967.275,470.165,24.856,0.421233,1.0034,,,,1.0014,1.0,amdahl
docvqa,1792,32,docvqa_650,424.722,843.404,488.779,23.642,0.50358,1.014,,,,1.007,1.0,amdahl
docvqa,1792,32,docvqa_651,351.476,941.318,413.834,25.118,0.373387,0.9894,,,,0.996,1.0,amdahl
docvqa,1792,32,docvqa_58007,360.335,993.501,423.088,25.928,0.362692,0.9957,,,,0.9984,1.0,amdahl
docvqa,1792,32,docvqa_58009,515.39,772.767,578.565,24.275,0.666941,0.9922,,,,0.9948,1.0,amdahl
docvqa,1792,32,docvqa_58018,398.042,1173.778,460.891,22.996,0.339112,1.0679,,,,1.022,1.0,amdahl
docvqa,1792,32,docvqa_674,377.66,785.878,440.296,26.583,0.480558,1.0022,,,,1.0011,1.0,amdahl
docvqa,1792,32,docvqa_57122,378.749,784.123,441.253,26.375,0.483022,0.9741,,,,0.9873,1.0,amdahl
docvqa,1792,32,docvqa_58020,360.683,639.468,423.311,21.616,0.564036,0.9994,,,,0.9997,1.0,amdahl
docvqa,1792,32,docvqa_58021,388.823,664.027,450.571,21.346,0.585553,0.988,,,,0.9929,1.0,amdahl
docvqa,1792,32,docvqa_58022,426.04,902.931,487.887,20.752,0.471842,1.0712,,,,1.0324,1.0,amdahl
docvqa,1792,32,docvqa_58023,374.54,866.838,436.742,21.505,0.432077,1.0158,,,,1.0067,1.0,amdahl
docvqa,1792,32,docvqa_58024,449.662,1000.788,513.195,23.219,0.449308,0.985,,,,0.9932,1.0,amdahl
docvqa,1792,32,docvqa_675,388.048,1105.317,450.956,21.108,0.351074,0.9878,,,,0.9957,1.0,amdahl
docvqa,1792,32,docvqa_676,382.566,679.439,444.425,21.365,0.563062,1.0231,,,,1.0129,1.0,amdahl
docvqa,1792,32,docvqa_677,355.544,1057.851,417.61,22.866,0.336101,1.0549,,,,1.0178,1.0,amdahl
docvqa,1792,32,docvqa_58029,391.391,705.729,454.043,20.974,0.554591,0.9968,,,,0.9982,1.0,amdahl
docvqa,1792,32,docvqa_678,414.574,1029.417,476.88,27.627,0.402727,1.0067,,,,1.0027,1.0,amdahl
docvqa,1792,32,docvqa_58054,351.094,1116.111,413.267,22.672,0.314569,1.0004,,,,1.0001,1.0,amdahl
docvqa,1792,32,docvqa_58056,388.41,1137.791,450.908,22.158,0.341372,0.9939,,,,0.9979,1.0,amdahl
docvqa,1792,32,docvqa_58059,372.497,870.699,434.585,25.654,0.427814,1.0077,,,,1.0033,1.0,amdahl
docvqa,1792,32,docvqa_58061,395.186,1160.511,457.498,22.678,0.340528,0.9875,,,,0.9957,1.0,amdahl
docvqa,1792,32,docvqa_58064,406.703,874.455,470.365,25.256,0.465093,0.9929,,,,0.9967,1.0,amdahl
docvqa,1792,32,docvqa_41686,387.902,776.605,450.864,29.613,0.499484,1.0163,,,,1.0081,1.0,amdahl
docvqa,1792,32,docvqa_41687,392.754,1052.984,454.864,24.922,0.372991,1.1346,,,,1.0463,1.0,amdahl
docvqa,1792,32,docvqa_41688,381.458,808.368,445.317,25.932,0.471886,1.0458,,,,1.0211,1.0,amdahl
docvqa,1792,32,docvqa_41689,383.932,871.529,447.178,26.522,0.440527,0.9935,,,,0.9971,1.0,amdahl
docvqa,1792,32,docvqa_41690,418.608,1116.691,480.934,26.49,0.374865,1.0136,,,,1.005,1.0,amdahl
docvqa,1792,32,docvqa_41691,343.791,815.209,406.588,22.701,0.421722,1.0076,,,,1.0032,1.0,amdahl
docvqa,1792,32,docvqa_41693,407.144,1045.149,469.645,25.022,0.389557,0.9833,,,,0.9934,1.0,amdahl
docvqa,1792,32,docvqa_41694,370.443,904.521,432.487,24.844,0.409546,1.0348,,,,1.014,1.0,amdahl
docvqa,1792,32,docvqa_41695,372.471,932.7,434.393,24.915,0.399347,1.0008,,,,1.0003,1.0,amdahl
docvqa,1792,32,docvqa_41705,404.613,827.704,466.924,25.77,0.488838,0.9897,,,,0.9949,1.0,amdahl
docvqa,1792,32,docvqa_17132,381.47,813.057,443.53,24.635,0.469179,1.0033,,,,1.0015,1.0,amdahl
docvqa,1792,32,docvqa_17133,343.568,794.249,405.43,25.921,0.43257,1.0042,,,,1.0018,1.0,amdahl
docvqa,1792,32,docvqa_17134,344.883,1099.056,407.266,25.622,0.3138,1.0044,,,,1.0014,1.0,amdahl
docvqa,1792,32,docvqa_17135,368.583,878.121,430.675,24.858,0.41974,1.0413,,,,1.0169,1.0,amdahl
docvqa,1792,32,docvqa_47368,407.481,741.562,469.81,22.646,0.54949,1.0101,,,,1.0055,1.0,amdahl
docvqa,1792,32,docvqa_41715,406.904,825.258,469.04,25.444,0.493062,1.0041,,,,1.002,1.0,amdahl
docvqa,1792,32,docvqa_41716,370.436,752.668,433.242,24.571,0.492163,0.9896,,,,0.9948,1.0,amdahl
docvqa,1792,32,docvqa_41717,418.543,831.394,481.567,26.91,0.503423,0.9922,,,,0.996,1.0,amdahl
docvqa,1792,32,docvqa_17139,358.347,827.546,420.405,27.143,0.433023,0.9829,,,,0.9925,1.0,amdahl
docvqa,1792,32,docvqa_41719,580.46,1146.804,642.997,23.991,0.506154,0.9899,,,,0.9949,1.0,amdahl
docvqa,1792,32,docvqa_17140,414.966,765.737,477.011,20.623,0.541917,0.9943,,,,0.9969,1.0,amdahl
docvqa,1792,32,docvqa_58105,401.55,669.14,464.177,20.496,0.600098,0.9992,,,,0.9995,1.0,amdahl
docvqa,1792,32,docvqa_58106,393.17,798.75,455.7,21.441,0.492232,1.1318,,,,1.0608,1.0,amdahl
docvqa,1792,32,docvqa_58107,378.925,774.847,440.632,23.872,0.489032,0.9907,,,,0.9954,1.0,amdahl
docvqa,1792,32,docvqa_58108,392.47,954.267,454.522,20.823,0.411279,0.99,,,,0.9958,1.0,amdahl
docvqa,1792,32,docvqa_41721,389.734,946.744,452.582,23.532,0.411657,1.0062,,,,1.0025,1.0,amdahl
docvqa,1792,32,docvqa_41723,416.412,832.875,480.472,22.025,0.499969,1.0233,,,,1.0115,1.0,amdahl
docvqa,1792,32,docvqa_17143,391.857,801.35,455.235,21.632,0.488996,1.0869,,,,1.0407,1.0,amdahl
docvqa,1792,32,docvqa_41728,365.04,1006.501,428.176,26.288,0.362683,0.9915,,,,0.9969,1.0,amdahl
docvqa,1792,32,docvqa_41729,415.985,876.332,478.466,23.404,0.474688,1.0061,,,,1.0029,1.0,amdahl
docvqa,1792,32,docvqa_17147,385.305,950.298,447.264,22.865,0.405457,1.0409,,,,1.0162,1.0,amdahl
docvqa,1792,32,docvqa_17149,418.88,866.91,480.958,27.568,0.483187,1.1147,,,,1.0523,1.0,amdahl
docvqa,1792,32,docvqa_17150,399.182,732.883,461.335,22.629,0.544674,1.0027,,,,1.0015,1.0,amdahl
docvqa,1792,32,docvqa_45744,432.064,1586.316,867.519,23.187,0.27237,1.0092,,,,1.0025,1.0,amdahl
docvqa,1792,32,docvqa_45745,376.012,1100.818,439.256,21.341,0.341575,0.9908,,,,0.9968,1.0,amdahl
docvqa,1792,32,docvqa_782,361.769,817.517,423.709,20.727,0.442522,0.9971,,,,0.9987,1.0,amdahl
docvqa,1792,32,docvqa_783,410.153,797.117,472.226,20.306,0.514545,1.0128,,,,1.0066,1.0,amdahl
docvqa,1792,32,docvqa_784,352.115,1029.582,413.964,24.625,0.341999,1.0115,,,,1.0039,1.0,amdahl
docvqa,1792,32,docvqa_785,404.961,774.916,467.975,20.463,0.522587,1.0066,,,,1.0035,1.0,amdahl
docvqa,1792,32,docvqa_786,374.623,681.666,437.219,24.445,0.54957,0.9973,,,,0.9985,1.0,amdahl
docvqa,1792,32,docvqa_788,385.488,1030.761,447.323,23.338,0.373984,0.9927,,,,0.9972,1.0,amdahl
docvqa,1792,32,docvqa_789,355.593,1575.112,839.519,23.729,0.225758,1.0822,,,,1.0174,1.0,amdahl
docvqa,1792,32,docvqa_790,411.72,1026.721,474.71,25.091,0.401004,0.9926,,,,0.997,1.0,amdahl
docvqa,1792,32,docvqa_60401,388.842,826.534,451.348,25.012,0.470449,0.9878,,,,0.9942,1.0,amdahl
docvqa,1792,32,docvqa_792,418.484,1066.983,480.695,21.714,0.392212,1.0117,,,,1.0046,1.0,amdahl
docvqa,1792,32,docvqa_793,377.141,711.496,440.36,20.857,0.530068,0.9961,,,,0.9979,1.0,amdahl
docvqa,1792,32,docvqa_794,484.833,977.112,548.026,26.818,0.49619,0.9995,,,,0.9997,1.0,amdahl
docvqa,1792,32,docvqa_41749,379.11,850.697,442.136,21.503,0.445647,1.0868,,,,1.0369,1.0,amdahl
docvqa,1792,32,docvqa_41750,441.981,849.519,504.795,22.982,0.520273,1.0127,,,,1.0066,1.0,amdahl
docvqa,1792,32,docvqa_45747,459.781,1286.407,523.314,24.616,0.357415,1.0122,,,,1.0043,1.0,amdahl
docvqa,1792,32,docvqa_60403,458.426,828.906,520.753,22.011,0.55305,0.9932,,,,0.9962,1.0,amdahl
docvqa,1792,32,docvqa_60404,362.432,1110.099,425.186,22.094,0.326486,1.0205,,,,1.0066,1.0,amdahl
docvqa,1792,32,docvqa_809,372.721,730.771,436.157,21.044,0.510038,1.0216,,,,1.0109,1.0,amdahl
docvqa,1792,32,docvqa_25385,412.183,754.253,476.144,27.811,0.546479,1.0024,,,,1.0013,1.0,amdahl
docvqa,1792,32,docvqa_25386,403.668,697.355,466.885,23.047,0.578855,1.1116,,,,1.0617,1.0,amdahl
docvqa,1792,32,docvqa_25387,394.031,691.352,456.171,21.38,0.569943,1.0005,,,,1.0003,1.0,amdahl
docvqa,1792,32,docvqa_60406,560.427,1244.011,624.547,24.779,0.4505,1.0051,,,,1.0023,1.0,amdahl
docvqa,1792,32,docvqa_815,381.53,923.292,443.813,25.236,0.413228,1.0365,,,,1.0148,1.0,amdahl
docvqa,1792,32,docvqa_60407,394.139,888.681,456.422,28.817,0.443511,0.9886,,,,0.9949,1.0,amdahl
docvqa,1792,32,docvqa_25396,391.146,1163.557,453.382,22.909,0.336164,1.0062,,,,1.0021,1.0,amdahl
docvqa,1792,32,docvqa_822,413.931,803.076,477.234,25.065,0.515432,0.9834,,,,0.9914,1.0,amdahl
docvqa,1792,32,docvqa_824,381.08,969.022,443.658,23.88,0.393263,1.0054,,,,1.0021,1.0,amdahl
docvqa,1792,32,docvqa_826,404.653,779.474,467.677,25.983,0.519136,1.0048,,,,1.0025,1.0,amdahl
docvqa,1792,64,docvqa_49153,366.825,1260.072,429.704,27.679,0.291114,1.0121,1.7168,1.0132,1.019,1.0035,1.0,measured
docvqa,1792,64,docvqa_24580,402.491,907.401,464.98,29.495,0.443565,0.9925,1.0098,0.995,1.017,0.9966,1.0,measured
docvqa,1792,64,docvqa_57349,382.11,1186.471,910.608,27.586,0.322056,0.9923,1.0698,0.9976,1.1276,0.9975,1.0,measured
docvqa,1792,64,docvqa_24581,380.207,620.576,442.711,22.233,0.612669,0.9854,0.9737,0.9837,0.9647,0.991,1.0,measured
docvqa,1792,64,docvqa_24582,436.336,1093.282,901.827,21.273,0.399107,1.0616,1.0181,1.0458,0.9924,1.0237,1.0,measured
docvqa,1792,64,docvqa_39079,572.639,2598.675,635.646,54.529,0.220358,0.9941,0.9379,1.02,0.9203,0.9987,1.0,measured
docvqa,1792,64,docvqa_57357,400.951,1533.322,891.666,26.736,0.261491,0.9926,1.0085,0.9977,1.0121,0.998,1.0,measured
docvqa,1792,64,docvqa_24426,395.664,928.893,458.644,26.125,0.425952,1.0084,0.9478,1.0013,0.924,1.0036,1.0,measured
docvqa,1792,64,docvqa_49168,389.8,1391.264,858.061,23.183,0.280177,0.9974,1.0414,0.9984,1.0554,0.9993,1.0,measured
docvqa,1792,64,docvqa_24423,398.316,1349.064,823.485,23.89,0.295254,1.0047,1.0252,1.0028,1.032,1.0014,1.0,measured
docvqa,1792,64,docvqa_49172,362.734,1606.517,815.632,25.512,0.225789,1.0053,1.0098,1.0074,1.0103,1.0012,1.0,measured
docvqa,1792,64,docvqa_57364,407.552,1211.263,863.56,21.731,0.336468,1.018,0.9026,1.0076,0.8536,1.006,1.0,measured
docvqa,1792,64,docvqa_57366,379.337,1184.541,801.294,23.953,0.320239,1.0836,1.0615,1.0524,1.0663,1.0253,1.0,measured
docvqa,1792,64,docvqa_57368,367.9,1182.509,801.528,23.811,0.311118,0.9913,1.0385,0.9908,1.063,0.9973,1.0,measured
docvqa,1792,64,docvqa_49177,390.492,1345.023,820.197,20.186,0.290324,0.9931,1.0432,0.9915,1.0586,0.998,1.0,measured
docvqa,1792,64,docvqa_57370,365.139,1067.462,427.484,24.615,0.342063,0.9852,1.0312,0.9819,1.0463,0.9949,1.0,measured
docvqa,1792,64,docvqa_57371,391.512,3495.208,843.235,91.447,0.112014,1.0103,1.0298,0.9937,1.0398,1.0011,1.0,measured
docvqa,1792,64,docvqa_57372,368.634,1026.49,431.478,24.792,0.359121,0.9851,1.0238,0.9935,1.0336,0.9946,1.0,measured
docvqa,1792,64,docvqa_49181,348.041,1712.291,780.799,23.884,0.203261,0.9907,1.0583,0.9811,1.0736,0.9981,1.0,measured
docvqa,1792,64,docvqa_57373,345.605,909.831,408.182,22.802,0.379856,1.0165,0.9079,1.0119,1.0782,1.0062,1.0,measured
docvqa,1792,64,docvqa_57374,344.788,813.906,406.918,23.94,0.423621,1.0002,1.0328,0.967,1.063,1.0001,1.0,measured
docvqa,1792,64,docvqa_57375,383.265,1134.877,445.659,22.233,0.337715,0.9929,0.9722,0.9386,0.9805,0.9976,1.0,measured
docvqa,1792,64,docvqa_57376,413.058,854.671,475.158,21.084,0.483294,0.9989,0.7843,0.996,0.7097,0.9995,1.0,measured
docvqa,1792,64,docvqa_49187,405.765,1153.406,468.128,23.63,0.351797,1.095,1.0033,1.0672,0.9863,1.0315,1.0,measured
docvqa,1792,64,docvqa_16424,393.214,948.151,455.721,25.917,0.414717,0.9918,0.9587,0.9927,0.945,0.9966,1.0,measured
docvqa,1792,64,docvqa_57386,368.52,880.206,430.801,24.967,0.418675,0.9866,1.0882,0.9831,1.1347,0.9943,1.0,measured
docvqa,1792,64,docvqa_57387,350.905,849.921,413.415,22.974,0.412868,1.0088,1.1519,1.0047,1.2143,1.0036,1.0,measured
docvqa,1792,64,docvqa_57388,344.489,815.885,406.868,21.527,0.422228,1.002,0.9627,1.0034,0.948,1.0008,1.0,measured
docvqa,1792,64,docvqa_16429,408.264,743.479,471.329,22.679,0.549126,0.9884,1.018,0.9936,1.0346,0.9936,1.0,measured
docvqa,1792,64,docvqa_16430,342.633,675.111,405.096,22.501,0.507521,1.0636,1.0674,1.0422,1.0846,1.0313,1.0,measured
docvqa,1792,64,docvqa_57391,412.859,709.12,475.475,23.364,0.582214,1.0987,1.0802,1.082,1.0788,1.0552,1.0,measured
docvqa,1792,64,docvqa_57395,430.661,810.765,493.636,22.652,0.531178,1.0122,0.9513,1.0161,0.9159,1.0064,1.0,measured
docvqa,1792,64,docvqa_16437,368.962,884.316,431.643,23.825,0.417229,1.0446,1.1229,1.0295,1.1597,1.0181,1.0,measured
docvqa,1792,64,docvqa_16440,354.808,790.241,418.36,20.66,0.448987,1.0574,1.0403,1.0323,1.044,1.025,1.0,measured
docvqa,1792,64,docvqa_57402,346.018,1091.316,408.135,22.038,0.317065,1.022,0.9049,1.0112,1.0099,1.0069,1.0,measured
docvqa,1792,64,docvqa_57403,340.378,1066.791,402.604,21.425,0.319067,1.0622,1.1185,1.0529,1.1351,1.019,1.0,measured
docvqa,1792,64,docvqa_57404,346.777,1423.031,776.002,23.964,0.243689,0.9949,1.0006,0.9935,1.0026,0.9987,1.0,measured
docvqa,1792,64,docvqa_16444,350.632,939.019,413.362,22.855,0.373402,1.0015,1.102,0.9977,1.1377,1.0005,1.0,measured
docvqa,1792,64,docvqa_57407,364.362,874.15,426.839,22.366,0.416818,0.9962,0.6705,0.9986,0.992,0.9984,1.0,measured
docvqa,1792,64,docvqa_16447,367.502,1037.312,431.308,24.24,0.354283,1.0053,1.0782,0.9986,1.1019,1.0019,1.0,measured
docvqa,1792,64,docvqa_57409,346.884,672.419,410.024,26.24,0.515875,0.9986,0.9789,0.9989,0.9625,0.9993,1.0,measured
docvqa,1792,64,docvqa_16450,398.329,694.56,461.483,23.308,0.573499,0.9924,0.9797,0.9938,0.97,0.9956,1.0,measured
docvqa,1792,64,docvqa_57410,406.27,862.862,469.798,24.567,0.470841,0.9924,0.9942,0.9929,0.9948,0.9964,1.0,measured
docvqa,1792,64,docvqa_57411,537.726,1348.576,600.454,26.719,0.398736,0.987,0.943,0.9895,0.9307,0.9948,1.0,measured
docvqa,1792,64,docvqa_57413,381.125,1423.944,444.623,23.886,0.267654,1.0151,0.954,1.0079,1.0641,1.004,1.0,measured
docvqa,1792,64,docvqa_57414,354.715,780.973,417.392,20.199,0.454196,0.9917,0.9771,0.985,0.974,0.9962,1.0,measured
docvqa,1792,64,docvqa_57415,404.394,1016.734,466.708,22.001,0.397738,1.0455,0.9096,1.0274,1.041,1.0176,1.0,measured
docvqa,1792,64,docvqa_57416,418.251,860.989,480.592,22.376,0.485779,1.0015,0.9311,1.027,0.8931,1.0007,1.0,measured
docvqa,1792,64,docvqa_57417,397.253,777.259,459.669,22.685,0.511095,0.9889,1.036,0.9896,1.0581,0.9943,1.0,measured
docvqa,1792,64,docvqa_57418,399.559,794.551,463.291,22.084,0.502874,1.017,0.9925,1.0105,0.9841,1.0085,1.0,measured
docvqa,1792,64,docvqa_24437,425.386,820.816,487.813,22.2,0.518248,0.9912,1.0074,0.9987,1.0118,0.9954,1.0,measured
docvqa,1792,64,docvqa_24438,416.922,731.075,479.432,20.97,0.570286,1.001,1.1156,1.0123,1.1891,1.0006,1.0,measured
docvqa,1792,64,docvqa_16455,358.924,1441.927,857.2,22.49,0.248919,0.9973,1.0137,0.9971,1.0182,0.9993,1.0,measured
docvqa,1792,64,docvqa_16456,362.839,674.776,425.943,20.736,0.537717,0.9886,1.1701,0.9958,1.291,0.9938,1.0,measured
docvqa,1792,64,docvqa_16463,417.033,754.7,480.329,22.864,0.552582,1.0008,0.9571,1.001,0.9278,1.0005,1.0,measured
docvqa,1792,64,docvqa_49234,382.386,733.107,444.89,20.587,0.521596,1.1068,1.1285,1.1072,1.1407,1.053,1.0,measured
docvqa,1792,64,docvqa_57428,408.722,840.75,472.041,23.044,0.486139,0.9934,0.9548,0.9977,0.9381,0.9968,1.0,measured
docvqa,1792,64,docvqa_24440,436.053,2342.885,874.555,86.372,0.186118,1.0109,1.0142,1.0136,1.0145,1.002,1.0,measured
docvqa,1792,64,docvqa_16468,371.671,1055.031,434.34,24.828,0.352284,1.0769,1.0105,1.0606,0.9957,1.0258,1.0,measured
docvqa,1792,64,docvqa_57431,417.229,947.397,480.467,23.346,0.440395,0.994,0.9302,0.9953,1.0645,0.9973,1.0,measured
docvqa,1792,64,docvqa_16473,417.331,766.544,480.686,23.821,0.544432,0.9959,0.9162,0.99,0.8736,0.9978,1.0,measured
docvqa,1792,64,docvqa_49242,379.291,1192.699,869.655,29.368,0.318011,1.0094,0.9572,0.9949,0.9293,1.003,1.0,measured
docvqa,1792,64,docvqa_57439,397.625,5806.563,461.069,102.798,0.068479,1.0155,0.9938,1.0094,0.9917,1.001,1.0,measured
docvqa,1792,64,docvqa_57440,407.814,837.102,470.632,22.904,0.487174,1.0998,0.9955,1.0863,0.9546,1.0463,1.0,measured
docvqa,1792,64,docvqa_32870,408.193,1376.465,470.856,21.562,0.296552,1.0135,0.9691,1.0124,0.9615,1.004,1.0,measured
docvqa,1792,64,docvqa_32871,379.064,1387.492,817.905,20.342,0.273201,0.999,1.0527,0.9955,1.068,0.9997,1.0,measured
docvqa,1792,64,docvqa_32872,408.516,897.92,472.882,26.565,0.454958,1.0089,1.1106,1.0066,1.1638,1.004,1.0,measured
docvqa,1792,64,docvqa_32873,380.6,1018.585,443.003,27.409,0.373656,1.0125,0.8767,1.0081,0.8336,1.0046,1.0,measured
docvqa,1792,64,docvqa_32874,385.297,736.973,447.848,24.094,0.52281,0.9973,1.0289,0.9952,1.0497,0.9986,1.0,measured
docvqa,1792,64,docvqa_32875,406.171,956.932,468.91,24.401,0.424452,1.0037,0.9674,1.0014,0.9535,1.0016,1.0,measured
docvqa,1792,64,docvqa_32876,368.518,953.266,430.759,24.881,0.386585,0.9959,1.0426,1.0011,1.0584,0.9984,1.0,measured
docvqa,1792,64,docvqa_32877,380.61,1097.824,443.507,24.234,0.346695,0.984,1.0582,0.9835,1.0789,0.9944,1.0,measured
docvqa,1792,64,docvqa_32878,382.761,689.76,446.347,22.128,0.554919,1.0108,0.9386,1.0058,0.8953,1.006,1.0,measured
docvqa,1792,64,docvqa_32879,382.797,831.598,445.767,22.696,0.460315,1.0063,0.981,1.0002,0.9723,1.0029,1.0,measured
docvqa,1792,64,docvqa_57449,382.17,723.67,444.596,27.907,0.528099,0.9912,0.925,0.9931,0.8739,0.9953,1.0,measured
docvqa,1792,64,docvqa_32881,397.157,1021.774,460.512,23.386,0.388693,0.9903,1.0989,0.992,1.1356,0.9962,1.0,measured
docvqa,1792,64,docvqa_32882,379.199,1030.51,442.01,22.635,0.367972,1.1383,1.0187,1.0986,0.9949,1.0468,1.0,measured
docvqa,1792,64,docvqa_32883,405.59,997.346,468.025,24.06,0.40667,1.0116,1.0012,1.0077,0.999,1.0047,1.0,measured
docvqa,1792,64,docvqa_57452,417.287,831.574,479.898,23.445,0.501804,1.0393,1.029,1.0277,1.0296,1.0194,1.0,measured
docvqa,1792,64,docvqa_32885,429.945,890.531,493.563,23.351,0.482796,1.006,0.9182,1.0064,0.8787,1.0029,1.0,measured
docvqa,1792,64,docvqa_32886,509.363,1116.465,573.126,24.697,0.456229,0.9921,1.0019,0.9964,1.0038,0.9964,1.0,measured
docvqa,1792,64,docvqa_57454,393.17,3834.73,455.799,60.338,0.102529,1.2099,1.0363,1.1457,1.0219,1.0181,1.0,measured
docvqa,1792,64,docvqa_49263,375.287,1169.948,438.106,25.236,0.320773,0.9992,1.0146,1.0016,1.0178,0.9997,1.0,measured
docvqa,1792,64,docvqa_32889,377.0,1062.273,439.511,25.948,0.354899,0.9872,0.9781,0.9904,1.0627,0.9954,1.0,measured
docvqa,1792,64,docvqa_32890,378.012,748.888,440.515,20.558,0.504765,0.9857,0.9944,0.9865,1.131,0.9927,1.0,measured
docvqa,1792,64,docvqa_32891,404.437,1359.001,466.906,26.238,0.297599,0.9928,1.034,0.976,1.0475,0.9979,1.0,measured
docvqa,1792,64,docvqa_32892,377.006,913.45,439.839,29.601,0.412727,1.124,0.9319,1.0963,0.8609,1.0477,1.0,measured
docvqa,1792,64,docvqa_32893,379.389,861.473,442.76,20.936,0.440395,0.9913,0.9477,0.9952,0.9307,0.9961,1.0,measured
docvqa,1792,64,docvqa_32894,373.663,958.423,436.298,27.48,0.389873,0.9882,1.0081,0.992,1.0142,0.9954,1.0,measured
docvqa,1792,64,docvqa_49274,371.43,878.123,433.962,24.676,0.422982,0.999,1.0975,1.0152,1.1327,0.9996,1.0,measured
docvqa,1792,64,docvqa_32896,378.103,700.945,440.909,21.67,0.539419,1.0088,0.935,1.0057,0.8896,1.0048,1.0,measured
docvqa,1792,64,docvqa_32897,398.113,777.529,460.666,24.374,0.512024,1.1581,1.0322,1.1156,0.9822,1.0751,1.0,measured
docvqa,1792,64,docvqa_32898,434.607,964.015,496.84,21.235,0.450831,1.0054,1.1025,1.0099,1.1436,1.0024,1.0,measured
docvqa,1792,64,docvqa_57475,364.198,738.526,426.462,20.804,0.493142,0.9984,1.0918,0.9947,1.1451,0.9992,1.0,measured
docvqa,1792,64,docvqa_32900,384.864,825.124,447.613,19.869,0.466432,1.0062,1.0101,1.0008,1.0139,1.0029,1.0,measured
docvqa,1792,64,docvqa_57476,345.901,909.898,408.033,22.812,0.380153,0.9948,1.0563,0.9977,1.0769,0.998,1.0,measured
docvqa,1792,64,docvqa_49279,407.737,697.802,470.424,22.738,0.584317,0.9882,1.1261,0.9896,1.2395,0.993,1.0,measured
docvqa,1792,64,docvqa_49285,375.494,708.343,438.132,24.565,0.530102,1.0026,0.8927,1.0018,0.8279,1.0014,1.0,measured
docvqa,1792,64,docvqa_49292,381.126,1501.178,444.312,23.486,0.253885,0.9963,1.0443,0.9992,1.0519,0.999,1.0,measured
docvqa,1792,64,docvqa_16529,372.394,750.664,435.051,22.544,0.496086,0.9929,1.0098,0.9976,1.0165,0.9965,1.0,measured
docvqa,1792,64,docvqa_49297,376.557,848.647,440.132,22.695,0.443715,1.0006,0.9521,0.9935,0.9362,1.0003,1.0,measured
docvqa,1792,64,docvqa_16533,349.335,942.829,411.873,24.134,0.370518,1.0057,1.0537,1.0062,1.0689,1.0021,1.0,measured
docvqa,1792,64,docvqa_49304,351.694,700.024,414.754,20.376,0.502402,0.9929,0.9546,0.994,0.9333,0.9964,1.0,measured
docvqa,1792,64,docvqa_16539,374.172,970.229,436.351,24.267,0.385654,0.989,0.8812,0.9901,0.8473,0.9957,1.0,measured
docvqa,1792,64,docvqa_16553,377.742,821.936,439.866,20.109,0.459575,0.9911,0.9997,0.994,1.0017,0.9959,1.0,measured
docvqa,1792,64,docvqa_49322,375.956,796.255,438.326,22.371,0.472155,1.0093,0.8665,0.995,0.8599,1.0044,1.0,measured
docvqa,1792,64,docvqa_57515,408.909,851.449,471.59,22.345,0.480251,1.0658,0.9681,1.0473,0.9329,1.0305,1.0,measured
docvqa,1792,64,docvqa_49323,369.966,738.32,432.128,25.516,0.501091,1.0328,0.9771,1.0336,0.9383,1.0162,1.0,measured
docvqa,1792,64,docvqa_57517,374.088,641.793,436.744,22.783,0.582879,1.1077,1.0301,1.0809,0.9904,1.0601,1.0,measured
docvqa,1792,64,docvqa_49324,370.802,805.615,433.343,28.636,0.460272,1.0042,0.9024,0.999,0.8475,1.0019,1.0,measured
docvqa,1792,64,docvqa_57519,350.547,621.346,412.999,20.835,0.564174,1.0012,0.9055,0.9964,0.8403,1.0007,1.0,measured
docvqa,1792,64,docvqa_49325,399.238,743.845,462.259,21.66,0.536722,1.0216,1.0041,1.0216,0.9932,1.0115,1.0,measured
docvqa,1792,64,docvqa_57521,373.277,729.886,436.032,22.604,0.511419,0.9922,1.0401,1.0013,1.0627,0.996,1.0,measured
docvqa,1792,64,docvqa_49326,401.453,868.574,464.793,23.752,0.462198,1.0719,1.0094,1.051,0.9908,1.032,1.0,measured
docvqa,1792,64,docvqa_57523,347.687,756.944,410.171,23.118,0.459329,0.996,0.9816,0.997,0.9737,0.9982,1.0,measured
docvqa,1792,64,docvqa_57524,346.696,694.079,409.172,20.351,0.499504,1.0056,0.9501,0.9997,0.9242,1.0028,1.0,measured
docvqa,1792,64,docvqa_57525,389.984,1358.826,826.355,22.186,0.287,1.0944,0.9894,1.069,0.9646,1.0254,1.0,measured
docvqa,1792,64,docvqa_57526,355.572,623.914,417.677,20.624,0.569906,0.9966,1.0753,0.9975,1.1318,0.9981,1.0,measured
docvqa,1792,64,docvqa_57527,569.499,1065.331,631.873,25.498,0.534575,1.002,1.0442,1.0019,1.0623,1.0011,1.0,measured
docvqa,1792,64,docvqa_57528,378.891,1015.476,441.423,21.261,0.373117,1.0147,0.9875,1.0058,0.9823,1.0054,1.0,measured
docvqa,1792,64,docvqa_57529,388.589,1100.343,450.848,22.396,0.353153,0.9906,0.9829,0.9922,0.9805,0.9966,1.0,measured
docvqa,1792,64,docvqa_57530,351.612,620.856,413.929,20.693,0.566335,0.9993,0.966,0.9676,0.9647,0.9996,1.0,measured
docvqa,1792,64,docvqa_57531,413.076,829.833,476.483,23.557,0.497782,0.9978,1.0517,0.9963,1.077,0.9989,1.0,measured
docvqa,1792,64,docvqa_57532,385.189,1447.985,840.614,27.608,0.266017,0.9893,1.1438,0.9933,1.2005,0.9971,1.0,measured
docvqa,1792,64,docvqa_57533,349.978,844.078,412.522,23.975,0.414627,0.995,1.0212,1.0111,1.0255,0.9979,1.0,measured
docvqa,1792,64,docvqa_16568,358.369,635.001,420.775,21.423,0.56436,0.9922,1.0098,1.0012,1.0158,0.9956,1.0,measured
docvqa,1792,64,docvqa_16574,351.359,972.225,414.511,22.309,0.361397,1.0036,0.9686,0.9936,0.9616,1.0013,1.0,measured
docvqa,1792,64,docvqa_57537,400.742,974.101,463.521,26.873,0.411397,1.0018,1.0793,1.0016,1.1124,1.0007,1.0,measured
docvqa,1792,64,docvqa_57539,349.464,851.98,411.618,23.177,0.410179,1.022,1.0811,1.0142,1.1082,1.0089,1.0,measured
docvqa,1792,64,docvqa_57540,379.597,875.039,442.304,22.776,0.433806,0.9924,1.0205,1.0002,1.028,0.9967,1.0,measured
docvqa,1792,64,docvqa_57543,376.034,905.738,438.715,24.58,0.415168,0.9917,1.0273,0.9822,1.0459,0.9965,1.0,measured
docvqa,1792,64,docvqa_57550,431.827,667.272,495.009,21.533,0.647153,0.9894,0.9696,0.9905,0.9503,0.9931,1.0,measured
docvqa,1792,64,docvqa_49361,420.394,751.512,483.775,26.774,0.559398,1.0334,1.0299,1.0314,1.0287,1.0184,1.0,measured
docvqa,1792,64,docvqa_49362,423.069,889.616,487.036,23.681,0.475564,0.992,1.1011,0.9965,1.1597,0.9962,1.0,measured
docvqa,1792,64,docvqa_57557,376.751,1101.93,440.148,26.471,0.341901,1.0612,1.9761,1.0772,0.9407,1.0201,1.0,measured
docvqa,1792,64,docvqa_49366,361.233,726.775,423.832,21.639,0.497035,1.1169,0.9298,1.073,0.8584,1.0549,1.0,measured
docvqa,1792,64,docvqa_32984,417.67,831.906,480.777,20.655,0.502064,0.9922,1.0946,1.0034,1.1366,0.9961,1.0,measured
docvqa,1792,64,docvqa_49369,391.642,743.278,455.131,26.195,0.526912,0.9893,0.9575,0.9725,0.9473,0.9943,1.0,measured
docvqa,1792,64,docvqa_57562,408.014,741.117,471.469,26.965,0.550539,1.0021,1.0008,1.0017,1.0001,1.0011,1.0,measured
docvqa,1792,64,docvqa_32986,406.021,847.133,469.32,22.224,0.479289,1.0183,0.9693,1.0166,0.9498,1.0087,1.0,measured
docvqa,1792,64,docvqa_57564,400.984,2005.745,463.831,24.475,0.199918,0.992,0.9746,0.9951,0.9721,0.9984,1.0,measured
docvqa,1792,64,docvqa_49373,396.945,781.525,460.221,22.95,0.507911,1.0088,1.2843,1.0014,1.4491,1.0044,1.0,measured
docvqa,1792,64,docvqa_16606,374.84,714.297,437.886,27.641,0.524768,1.0095,0.9671,1.0012,0.9416,1.005,1.0,measured
docvqa,1792,64,docvqa_223,372.924,728.916,435.371,22.58,0.511615,0.9882,1.0522,0.982,1.0925,0.9939,1.0,measured
docvqa,1792,64,docvqa_224,400.763,867.323,463.624,26.913,0.462068,1.0008,1.0278,0.9975,1.043,1.0004,1.0,measured
docvqa,1792,64,docvqa_16609,376.514,817.53,439.343,22.246,0.46055,0.9863,1.0041,0.9923,1.0093,0.9936,1.0,measured
docvqa,1792,64,docvqa_57566,344.519,770.368,406.356,22.751,0.447213,0.9951,0.9711,0.9844,0.9647,0.9978,1.0,measured
docvqa,1792,64,docvqa_16611,417.233,879.252,481.598,20.929,0.474531,0.9787,0.99,0.9695,0.9989,0.9898,1.0,measured
docvqa,1792,64,docvqa_49376,405.584,738.239,469.087,22.429,0.549395,0.9954,0.9827,0.9938,0.9755,0.9975,1.0,measured
docvqa,1792,64,docvqa_49381,354.491,747.999,417.056,20.684,0.473919,1.0036,0.9453,1.005,0.9197,1.0017,1.0,measured
docvqa,1792,64,docvqa_32989,424.36,842.535,487.278,22.204,0.50367,0.9947,0.9686,0.9959,0.9571,0.9973,1.0,measured
docvqa,1792,64,docvqa_231,405.04,816.334,467.172,23.277,0.49617,0.9963,0.5533,0.997,1.0446,0.9982,1.0,measured
docvqa,1792,64,docvqa_232,397.101,854.435,459.896,24.659,0.464753,1.0178,0.9713,1.0052,0.9572,1.0082,1.0,measured
docvqa,1792,64,docvqa_32994,395.719,856.223,457.899,24.895,0.462168,1.0448,0.9889,1.0333,0.9687,1.0202,1.0,measured
docvqa,1792,64,docvqa_234,399.353,4790.374,462.468,68.697,0.083366,0.9917,0.9417,0.9934,0.9356,0.9993,1.0,measured
docvqa,1792,64,docvqa_4931,551.701,1031.22,615.841,20.769,0.534998,1.0102,1.0048,1.0045,1.0049,1.0054,1.0,measured
docvqa,1792,64,docvqa_32995,401.177,858.997,464.244,24.672,0.467029,0.9938,0.9601,0.9959,0.943,0.9971,1.0,measured
docvqa,1792,64,docvqa_237,431.453,965.525,494.741,27.693,0.446859,1.01,0.8854,1.0202,0.829,1.0045,1.0,measured
docvqa,1792,64,docvqa_49390,401.984,624.902,464.817,22.869,0.643276,1.1942,1.0267,1.1361,0.9035,1.1168,1.0,measured
docvqa,1792,64,docvqa_49391,375.279,1013.882,438.02,26.176,0.370141,0.9931,0.7387,0.4431,0.9501,0.9974,1.0,measured
docvqa,1792,64,docvqa_49392,351.342,722.643,414.747,25.658,0.48619,1.0029,0.9737,1.0381,0.9355,1.0014,1.0,measured
docvqa,1792,64,docvqa_49393,386.069,853.581,447.984,23.859,0.452294,0.994,0.8689,1.0004,0.8192,0.9973,1.0,measured
docvqa,1792,64,docvqa_49394,352.543,782.603,415.334,24.485,0.450475,0.9799,0.9489,0.9823,0.9306,0.9908,1.0,measured
docvqa,1792,64,docvqa_49395,406.099,937.369,468.442,24.68,0.433233,1.0226,0.9414,1.018,0.9138,1.0097,1.0,measured
docvqa,1792,64,docvqa_49396,387.764,890.242,450.134,20.958,0.435572,1.1806,1.0658,1.1487,1.0369,1.0714,1.0,measured
docvqa,1792,64,docvqa_49397,386.835,783.161,449.085,22.272,0.493941,0.9918,1.027,0.9779,1.0527,0.9959,1.0,measured
docvqa,1792,64,docvqa_49398,403.169,801.393,465.696,25.823,0.503086,1.1319,1.0364,1.0726,1.014,1.0623,1.0,measured
docvqa,1792,64,docvqa_49399,387.824,718.676,450.765,26.791,0.539637,1.0088,0.8646,1.0138,0.7704,1.0047,1.0,measured
docvqa,1792,64,docvqa_49400,413.161,1067.957,475.765,23.688,0.386871,0.9909,1.0114,0.9987,1.0152,0.9965,1.0,measured
docvqa,1792,64,docvqa_49401,392.384,787.294,456.128,20.698,0.498395,1.0058,0.9526,1.0041,0.9283,1.0029,1.0,measured
docvqa,1792,64,docvqa_49402,382.619,1205.098,446.05,25.302,0.3175,1.0065,1.0294,1.0284,1.0297,1.0021,1.0,measured
docvqa,1792,64,docvqa_49403,412.786,741.565,475.285,29.587,0.556642,0.9924,0.9536,0.9938,0.9259,0.9958,1.0,measured
docvqa,1792,64,docvqa_49404,378.915,1134.47,441.928,28.856,0.334002,1.0122,0.9942,1.0093,0.9899,1.004,1.0,measured
docvqa,1792,64,docvqa_254,428.206,922.978,490.986,25.411,0.46394,0.9901,0.9775,0.9912,0.9719,0.9954,1.0,measured
docvqa,1792,64,docvqa_255,405.398,887.149,468.059,27.939,0.456967,1.017,1.1167,1.0127,1.171,1.0077,1.0,measured
docvqa,1792,64,docvqa_256,409.81,924.64,472.388,25.125,0.44321,1.0415,1.0188,1.0288,1.0145,1.018,1.0,measured
docvqa,1792,64,docvqa_49406,378.5,773.899,440.917,22.199,0.489081,1.0059,0.8838,1.0023,0.8327,1.0029,1.0,measured
docvqa,1792,64,docvqa_265,383.841,1294.928,447.201,24.221,0.296419,1.001,1.0649,1.0083,1.0776,1.0003,1.0,measured
docvqa,1792,64,docvqa_266,385.388,815.88,447.432,23.028,0.472359,0.9894,0.9373,0.9867,0.9158,0.9949,1.0,measured
docvqa,1792,64,docvqa_267,387.664,1112.188,450.746,25.44,0.34856,1.0569,0.7391,1.0525,1.0579,1.0191,1.0,measured
docvqa,1792,64,docvqa_271,382.758,771.347,445.002,20.397,0.49622,1.0954,1.0811,1.0711,1.0859,1.0452,1.0,measured
docvqa,1792,64,docvqa_49432,345.687,1287.071,408.034,23.758,0.268585,0.9958,0.9514,0.9955,0.9426,0.9989,1.0,measured
docvqa,1792,64,docvqa_283,389.464,922.169,452.188,22.38,0.422335,1.0887,1.0849,1.0653,1.0921,1.0356,1.0,measured
docvqa,1792,64,docvqa_284,391.567,1039.265,454.426,20.887,0.376773,1.0064,0.9721,1.0005,0.9645,1.0024,1.0,measured
docvqa,1792,64,docvqa_285,432.06,838.235,496.203,22.802,0.51544,1.0187,1.0983,1.0068,1.1455,1.0095,1.0,measured
docvqa,1792,64,docvqa_49437,440.953,791.778,505.163,20.473,0.556915,0.9989,1.0687,1.0006,1.1046,0.9994,1.0,measured
docvqa,1792,64,docvqa_49442,404.468,815.976,466.762,24.944,0.495686,0.9956,0.9846,0.9852,0.9843,0.9978,1.0,measured
docvqa,1792,64,docvqa_292,370.625,1148.105,433.209,25.532,0.322815,1.0136,1.1009,1.0109,1.1249,1.0043,1.0,measured
docvqa,1792,64,docvqa_296,417.01,810.73,479.646,23.649,0.514364,0.9896,0.9262,0.9848,0.8963,0.9946,1.0,measured
docvqa,1792,64,docvqa_297,422.405,850.792,485.681,22.819,0.496485,1.0423,0.9142,1.0677,0.8487,1.0205,1.0,measured
docvqa,1792,64,docvqa_298,381.927,664.823,444.543,20.026,0.574479,0.994,1.0702,0.9882,1.1301,0.9965,1.0,measured
docvqa,1792,64,docvqa_49449,345.462,808.367,407.597,25.048,0.427358,1.009,1.0233,1.003,1.0334,1.0038,1.0,measured
docvqa,1792,64,docvqa_300,349.235,821.459,411.922,21.555,0.42514,1.0111,0.9685,1.0057,0.9536,1.0047,1.0,measured
docvqa,1792,64,docvqa_49454,624.534,1127.822,688.096,23.143,0.553752,0.9947,0.965,0.9961,0.9526,0.9971,1.0,measured
docvqa,1792,64,docvqa_303,370.217,792.991,432.568,22.526,0.466861,1.0857,1.0042,1.0615,0.9796,1.0383,1.0,measured
docvqa,1792,64,docvqa_304,373.159,1094.788,435.672,24.412,0.34085,1.0007,0.9851,1.0033,0.9802,1.0002,1.0,measured
docvqa,1792,64,docvqa_305,378.85,924.579,441.715,26.826,0.409754,1.043,1.0175,1.0349,1.0104,1.0172,1.0,measured
docvqa,1792,64,docvqa_49455,374.155,1346.687,436.648,23.334,0.277834,0.9946,1.0072,0.9945,1.0096,0.9985,1.0,measured
docvqa,1792,64,docvqa_307,406.598,784.591,470.499,20.939,0.518229,1.0057,1.0239,0.9998,1.037,1.0029,1.0,measured
docvqa,1792,64,docvqa_49461,360.898,892.883,423.923,24.682,0.404194,1.0008,0.9372,0.9992,0.9126,1.0003,1.0,measured
docvqa,1792,64,docvqa_49465,352.939,891.391,415.246,22.674,0.395942,1.0018,1.0367,0.9724,1.0616,1.0007,1.0,measured
docvqa,1792,64,docvqa_317,372.377,657.801,434.84,22.296,0.566094,1.0095,1.1103,1.0219,1.1834,1.0054,1.0,measured
docvqa,1792,64,docvqa_319,419.904,945.306,482.313,22.047,0.444199,1.0047,0.9884,1.0048,0.9827,1.0021,1.0,measured
docvqa,1792,64,docvqa_320,378.952,1967.758,441.239,24.23,0.192581,1.0088,1.0294,1.0025,1.0325,1.0017,1.0,measured
docvqa,1792,64,docvqa_321,421.592,2016.089,484.853,24.305,0.209114,0.9899,1.0311,0.9786,1.0373,0.9979,1.0,measured
docvqa,1792,64,docvqa_345,402.077,712.807,465.853,20.58,0.564075,0.9957,0.9866,0.9933,0.9827,0.9976,1.0,measured
docvqa,1792,64,docvqa_346,369.911,1013.815,432.374,22.363,0.36487,0.9942,0.9853,0.9806,0.9867,0.9979,1.0,measured
docvqa,1792,64,docvqa_347,385.955,932.614,448.176,20.185,0.413843,1.0039,1.0669,1.0137,1.083,1.0016,1.0,measured
docvqa,1792,64,docvqa_348,500.386,1010.028,562.819,22.36,0.495418,1.019,1.029,1.0099,1.0363,1.0093,1.0,measured
docvqa,1792,64,docvqa_6943,440.306,881.38,502.981,23.65,0.499564,1.0092,0.975,1.0067,0.9611,1.0046,1.0,measured
docvqa,1792,64,docvqa_357,406.79,804.332,469.679,27.888,0.50575,1.0077,0.9789,1.0069,0.9629,1.0039,1.0,measured
docvqa,1792,64,docvqa_358,372.128,860.809,434.375,28.429,0.4323,1.0129,0.8835,1.0112,0.8247,1.0055,1.0,measured
docvqa,1792,64,docvqa_359,399.244,858.807,461.831,24.811,0.464882,0.9966,1.0241,0.9964,1.037,0.9984,1.0,measured
docvqa,1792,64,docvqa_360,379.532,991.992,442.822,27.458,0.382595,1.0217,1.0184,1.0191,1.0182,1.0082,1.0,measured
docvqa,1792,64,docvqa_361,408.329,1257.065,471.045,24.563,0.324827,0.9899,0.9425,0.9905,0.9316,0.9967,1.0,measured
docvqa,1792,64,docvqa_362,350.388,895.741,412.937,22.991,0.391171,0.9955,1.0417,0.9946,1.0586,0.9982,1.0,measured
docvqa,1792,64,docvqa_363,377.132,851.353,441.37,22.777,0.44298,1.0035,0.9969,0.9941,0.9981,1.0015,1.0,measured
docvqa,1792,64,docvqa_364,377.052,1228.173,440.352,23.873,0.307002,0.9854,0.893,0.9916,0.8733,0.9955,1.0,measured
docvqa,1792,64,docvqa_365,448.419,1099.198,511.028,23.527,0.407951,0.9993,0.9878,1.0115,0.9816,0.9997,1.0,measured
docvqa,1792,64,docvqa_8560,465.595,950.805,529.038,22.198,0.489685,0.9963,1.0183,1.0037,1.0238,0.9982,1.0,measured
docvqa,1792,64,docvqa_4958,386.81,869.439,450.276,26.198,0.444896,1.0014,0.9064,1.0341,0.8522,1.0006,1.0,measured
docvqa,1792,64,docvqa_8565,374.787,1063.094,437.64,24.056,0.352544,0.9892,1.0261,1.0082,1.0311,0.9962,1.0,measured
docvqa,1792,64,docvqa_4959,381.002,563.572,443.734,23.968,0.676048,1.0065,1.0582,1.0077,1.1396,1.0044,1.0,measured
docvqa,1792,64,docvqa_375,417.01,1045.442,479.482,24.607,0.398884,1.1357,1.0757,1.1022,0.9736,1.05,1.0,measured
docvqa,1792,64,docvqa_376,402.794,955.086,465.235,22.266,0.421736,1.0121,1.0262,1.009,1.0324,1.0051,1.0,measured
docvqa,1792,64,docvqa_377,432.573,740.483,495.16,22.302,0.584177,1.0823,0.4665,1.063,0.9634,1.0465,1.0,measured
docvqa,1792,64,docvqa_49528,404.826,717.266,467.899,31.171,0.564401,1.0038,1.0147,1.0032,1.0263,1.0021,1.0,measured
docvqa,1792,64,docvqa_49530,376.082,619.59,438.597,22.624,0.606986,1.0041,0.8661,1.0029,0.7626,1.0025,1.0,measured
docvqa,1792,64,docvqa_49532,387.252,837.905,449.485,22.848,0.462167,1.0028,1.0527,1.012,1.0706,1.0013,1.0,measured
docvqa,1792,64,docvqa_24499,409.382,1965.694,471.794,23.713,0.208263,1.025,0.9902,1.02,0.9866,1.0051,1.0,measured
docvqa,1792,64,docvqa_49534,531.175,1048.452,593.849,23.926,0.506628,0.9925,0.9471,0.9952,0.9305,0.9962,1.0,measured
docvqa,1792,64,docvqa_383,397.323,1346.185,459.946,22.156,0.295147,1.008,0.9621,1.0041,0.9539,1.0023,1.0,measured
docvqa,1792,64,docvqa_384,398.088,1656.97,460.254,24.932,0.24025,0.9929,0.9832,0.9956,0.9813,0.9983,1.0,measured
docvqa,1792,64,docvqa_385,403.977,2542.535,466.638,32.951,0.158887,1.0733,1.0045,1.0537,0.999,1.011,1.0,measured
docvqa,1792,64,docvqa_49536,371.59,1584.668,434.217,26.147,0.234491,0.9922,1.0154,0.9952,1.0188,0.9982,1.0,measured
docvqa,1792,64,docvqa_24500,399.2,1469.753,462.302,22.897,0.27161,1.0147,0.9996,1.0225,0.9957,1.0039,1.0,measured
docvqa,1792,64,docvqa_33153,371.201,1047.129,434.363,25.532,0.354494,1.0654,1.0536,1.0506,1.0546,1.0223,1.0,measured
docvqa,1792,64,docvqa_57733,368.689,1015.856,431.267,25.417,0.362934,1.024,1.0166,1.0169,1.0165,1.0086,1.0,measured
docvqa,1792,64,docvqa_49542,420.576,828.185,483.277,20.289,0.507828,0.998,0.9618,0.9984,0.9466,0.999,1.0,measured
docvqa,1792,64,docvqa_33158,371.153,708.135,433.945,27.419,0.524128,1.0024,1.0452,1.005,1.0744,1.0013,1.0,measured
docvqa,1792,64,docvqa_49544,358.086,1147.391,420.636,24.225,0.312087,1.0232,0.9106,1.0408,0.8793,1.0071,1.0,measured
docvqa,1792,64,docvqa_58694,351.553,897.881,414.262,25.454,0.391536,1.0085,0.9327,1.0043,0.9073,1.0033,1.0,measured
docvqa,1792,64,docvqa_49546,382.739,2157.872,445.078,28.079,0.177368,1.0164,1.0592,1.0112,1.0649,1.0029,1.0,measured
docvqa,1792,64,docvqa_395,412.0,732.119,475.107,23.365,0.562751,1.0767,1.1441,1.0605,1.2011,1.0418,1.0,measured
docvqa,1792,64,docvqa_396,380.192,1040.188,442.797,28.447,0.365503,0.9944,1.0126,0.9886,1.021,0.9979,1.0,measured
docvqa,1792,64,docvqa_397,432.24,993.181,494.513,23.746,0.435207,0.99,1.0783,0.9819,1.0619,0.9956,1.0,measured
docvqa,1792,64,docvqa_49550,409.33,1735.03,471.582,24.773,0.235921,0.9876,1.0157,0.9706,1.0224,0.997,1.0,measured
docvqa,1792,64,docvqa_58695,411.778,1090.465,474.543,26.779,0.377617,1.003,1.025,1.0081,1.0305,1.0011,1.0,measured
docvqa,1792,64,docvqa_398,377.731,780.856,440.096,26.212,0.48374,0.9964,0.9125,0.9989,0.8692,0.9983,1.0,measured
docvqa,1792,64,docvqa_49555,412.378,1282.395,475.277,24.458,0.321569,1.019,1.0983,1.0254,1.1156,1.006,1.0,measured
docvqa,1792,64,docvqa_16789,414.697,954.723,478.065,19.861,0.434363,0.9921,1.0815,0.9633,1.1197,0.9966,1.0,measured
docvqa,1792,64,docvqa_407,380.254,778.439,443.28,25.781,0.488483,1.0061,1.0386,1.0056,1.0559,1.003,1.0,measured
docvqa,1792,64,docvqa_49560,372.904,1057.648,435.727,23.034,0.352579,1.0214,0.927,1.0106,0.9033,1.0074,1.0,measured
docvqa,1792,64,docvqa_408,401.819,777.75,464.297,22.389,0.516642,0.9932,1.3762,2.1812,0.972,0.9965,1.0,measured
docvqa,1792,64,docvqa_409,347.323,991.697,409.517,27.723,0.350231,1.007,1.0214,0.9964,1.0304,1.0024,1.0,measured
docvqa,1792,64,docvqa_24505,410.514,820.523,474.279,21.64,0.500308,1.0621,1.1503,1.043,1.2051,1.0301,1.0,measured
docvqa,1792,64,docvqa_410,410.886,1139.993,474.013,25.615,0.360429,0.9921,0.9882,0.9688,0.994,0.9972,1.0,measured
docvqa,1792,64,docvqa_49565,349.075,701.851,411.396,24.205,0.497363,0.9868,1.0802,0.9913,1.1397,0.9934,1.0,measured
docvqa,1792,64,docvqa_16801,385.099,672.801,447.261,25.06,0.572382,1.0545,0.8974,1.0255,0.8062,1.0305,1.0,measured
docvqa,1792,64,docvqa_49569,403.669,804.459,466.597,25.989,0.501789,1.0031,0.9698,1.0362,0.9344,1.0016,1.0,measured
docvqa,1792,64,docvqa_57765,372.783,929.231,435.669,24.678,0.401173,0.9941,0.9917,0.9959,1.0422,0.9976,1.0,measured
docvqa,1792,64,docvqa_57766,377.022,853.849,440.218,25.852,0.441556,0.9971,0.9611,1.0082,0.9407,0.9987,1.0,measured
docvqa,1792,64,docvqa_57767,375.958,779.284,438.461,26.217,0.48244,0.9947,0.9576,0.9978,0.9373,0.9975,1.0,measured
docvqa,1792,64,docvqa_58700,379.846,982.575,442.345,25.725,0.386582,0.9975,1.0094,0.9963,1.0141,0.999,1.0,measured
docvqa,1792,64,docvqa_49574,373.386,970.341,435.858,28.131,0.384798,1.0026,1.0297,1.0099,1.0382,1.001,1.0,measured
docvqa,1792,64,docvqa_57770,397.354,801.649,460.512,24.367,0.495671,1.0012,1.0934,0.9998,1.1481,1.0006,1.0,measured
docvqa,1792,64,docvqa_57771,407.852,1956.751,470.573,25.189,0.208434,1.0708,1.1004,1.0559,1.1062,1.014,1.0,measured
docvqa,1792,64,docvqa_49579,392.086,816.013,454.459,24.104,0.48049,1.1238,1.0133,1.1207,0.9595,1.0559,1.0,measured
docvqa,1792,64,docvqa_49577,499.376,795.546,561.521,21.275,0.627714,1.0255,0.9565,1.0154,0.9181,1.0159,1.0,measured
docvqa,1792,64,docvqa_49583,405.568,948.997,468.22,25.304,0.427365,1.0039,0.9339,1.0029,0.9076,1.0017,1.0,measured
docvqa,1792,64,docvqa_431,361.826,1046.536,424.244,23.048,0.345737,0.998,1.0245,1.0134,1.0277,0.9993,1.0,measured
docvqa,1792,64,docvqa_58702,378.01,890.273,440.923,24.964,0.4246,1.0859,1.0497,1.0769,1.0379,1.0348,1.0,measured
docvqa,1792,64,docvqa_49586,382.318,1928.671,445.282,23.546,0.198229,0.9906,1.0608,0.9638,1.0731,0.9981,1.0,measured
docvqa,1792,64,docvqa_432,428.871,943.474,491.527,23.787,0.454566,1.0107,1.0847,1.0088,1.1157,1.0048,1.0,measured
docvqa,1792,64,docvqa_57780,413.665,838.261,476.376,22.618,0.49348,0.993,1.0056,1.018,0.9375,0.9965,1.0,measured
docvqa,1792,64,docvqa_57781,383.893,730.652,446.439,20.301,0.525412,1.0037,0.8792,1.0276,0.8041,1.002,1.0,measured
docvqa,1792,64,docvqa_57782,352.553,2792.322,416.705,37.708,0.126258,0.9778,0.9822,0.9577,0.9853,0.9971,1.0,measured
docvqa,1792,64,docvqa_57783,404.211,884.933,466.716,24.601,0.45677,1.0036,1.0456,1.0077,1.0624,1.0016,1.0,measured
docvqa,1792,64,docvqa_57784,373.821,1517.814,436.223,24.035,0.246289,1.0171,1.1128,1.0142,1.1047,1.0042,1.0,measured
docvqa,1792,64,docvqa_433,383.88,904.735,446.581,25.453,0.424301,1.0026,1.1489,0.997,1.212,1.0011,1.0,measured
docvqa,1792,64,docvqa_16826,378.107,1431.832,440.593,23.601,0.264072,0.9879,3.0973,0.9773,1.1239,0.9968,1.0,measured
docvqa,1792,64,docvqa_57786,381.524,846.915,444.427,25.156,0.450487,1.005,1.2322,0.9975,1.0709,1.0022,1.0,measured
docvqa,1792,64,docvqa_49595,398.004,1149.426,460.652,27.551,0.346263,0.9908,0.9102,0.9741,0.8916,0.9968,1.0,measured
docvqa,1792,64,docvqa_444,430.405,909.733,493.912,24.46,0.473111,0.9856,1.0733,0.989,1.114,0.9931,1.0,measured
docvqa,1792,64,docvqa_16830,438.248,990.279,501.466,22.219,0.44255,1.0098,0.8517,1.0106,0.802,1.0043,1.0,measured
docvqa,1792,64,docvqa_16831,398.082,919.374,461.26,20.823,0.432992,1.1014,1.0512,1.0737,1.0436,1.0415,1.0,measured
docvqa,1792,64,docvqa_16832,392.083,777.655,454.375,21.552,0.504187,1.0112,0.9377,1.0072,0.9068,1.0056,1.0,measured
docvqa,1792,64,docvqa_57790,382.484,614.469,444.657,21.226,0.622463,1.0057,0.953,1.004,0.9034,1.0035,1.0,measured
docvqa,1792,64,docvqa_57791,432.265,1143.621,496.584,24.886,0.377979,0.9947,0.9284,1.0196,0.9036,0.998,1.0,measured
docvqa,1792,64,docvqa_16835,403.257,902.229,465.957,22.962,0.446956,1.1434,0.9235,1.0991,0.8549,1.0594,1.0,measured
docvqa,1792,64,docvqa_450,384.293,745.349,447.246,21.293,0.515589,1.0109,0.9741,1.0457,0.9393,1.0056,1.0,measured
docvqa,1792,64,docvqa_16837,387.436,787.187,449.749,21.09,0.492179,0.9998,0.9318,0.9832,0.9105,0.9999,1.0,measured
docvqa,1792,64,docvqa_57798,428.715,1099.083,491.789,22.492,0.390066,1.0646,0.9786,1.0441,0.9603,1.0242,1.0,measured
docvqa,1792,64,docvqa_16839,380.085,803.262,443.561,19.983,0.473176,0.9962,0.9696,0.998,0.9591,0.9982,1.0,measured
docvqa,1792,64,docvqa_57799,372.751,881.981,435.68,22.315,0.42263,1.0996,0.8997,1.0766,0.8382,1.0398,1.0,measured
docvqa,1792,64,docvqa_57800,397.833,1102.564,460.825,20.701,0.360825,0.9979,1.1257,1.0094,1.155,0.9993,1.0,measured
docvqa,1792,64,docvqa_57801,370.951,951.669,433.179,27.289,0.38979,1.1034,1.0671,1.0671,1.067,1.0379,1.0,measured
docvqa,1792,64,docvqa_57803,359.619,760.493,423.527,21.06,0.472877,1.0783,0.9599,1.0303,0.9261,1.0356,1.0,measured
docvqa,1792,64,docvqa_57804,388.039,665.027,451.236,23.755,0.583493,1.0786,1.0142,1.0589,0.9793,1.0444,1.0,measured
docvqa,1792,64,docvqa_57805,398.042,1579.736,462.822,25.384,0.251967,1.0176,1.0255,1.0094,1.0282,1.0044,1.0,measured
docvqa,1792,64,docvqa_49605,353.595,833.19,415.936,20.863,0.424387,1.0156,1.0213,1.0099,1.0254,1.0066,1.0,measured
docvqa,1792,64,docvqa_57807,361.127,713.778,424.698,20.649,0.505938,0.9715,1.1783,0.9834,1.2901,0.9854,1.0,measured
docvqa,1792,64,docvqa_57808,418.667,881.806,481.865,24.996,0.474784,1.0069,1.059,1.0059,1.0861,1.0033,1.0,measured
docvqa,1792,64,docvqa_49617,400.912,1110.684,463.182,25.9,0.36096,1.0058,0.9692,1.0175,0.9558,1.0021,1.0,measured
docvqa,1792,64,docvqa_57810,379.7,918.058,443.377,21.576,0.413591,1.1926,1.054,1.1334,1.0267,1.0716,1.0,measured
docvqa,1792,64,docvqa_41421,403.966,870.112,466.778,25.208,0.464268,0.9895,0.8858,0.9852,0.8422,0.9951,1.0,measured
docvqa,1792,64,docvqa_461,522.679,4615.18,585.414,63.965,0.113252,1.011,1.0347,1.008,1.0378,1.0012,1.0,measured
docvqa,1792,64,docvqa_463,389.799,3489.31,453.38,48.189,0.111712,1.0153,0.9869,1.0054,0.9846,1.0017,1.0,measured
docvqa,1792,64,docvqa_4977,406.267,757.826,468.796,26.275,0.536096,0.9643,0.9184,0.9656,0.8864,0.9805,1.0,measured
docvqa,1792,64,docvqa_57815,378.893,885.194,441.318,26.11,0.428033,1.0552,0.9459,1.0377,0.9067,1.0229,1.0,measured
docvqa,1792,64,docvqa_4978,375.735,841.101,438.275,25.177,0.446718,1.0011,0.9774,0.9998,0.9678,1.0005,1.0,measured
docvqa,1792,64,docvqa_57817,418.825,1659.247,912.369,25.754,0.252419,1.0007,0.9711,0.9808,0.9362,1.0002,1.0,measured
docvqa,1792,64,docvqa_41434,410.781,773.335,473.457,23.068,0.531181,1.0791,1.0617,1.0025,1.0994,1.0405,1.0,measured
docvqa,1792,64,docvqa_57819,409.598,1024.267,471.806,25.112,0.399894,1.0232,1.0393,1.0232,1.0445,1.0091,1.0,measured
docvqa,1792,64,docvqa_57820,388.768,753.421,451.731,23.207,0.516003,1.0001,1.1315,0.9929,1.2192,1.0001,1.0,measured
docvqa,1792,64,docvqa_57821,490.484,851.431,553.975,22.881,0.57607,0.9894,1.0604,0.9882,1.0983,0.9939,1.0,measured
docvqa,1792,64,docvqa_57822,386.663,978.911,449.263,24.075,0.394993,0.9923,1.0709,0.9943,1.0979,0.9969,1.0,measured
docvqa,1792,64,docvqa_57823,383.702,878.079,447.8,26.892,0.436979,0.9951,1.0322,0.9897,1.0515,0.9978,1.0,measured
docvqa,1792,64,docvqa_49629,360.226,806.171,422.813,25.557,0.446836,1.0068,1.0121,1.0044,1.0158,1.003,1.0,measured
docvqa,1792,64,docvqa_57825,349.32,790.54,411.518,27.073,0.441875,0.995,1.2128,0.9889,1.1759,0.9978,1.0,measured
docvqa,1792,64,docvqa_57826,374.51,780.778,437.283,22.9,0.479663,1.0137,1.1191,1.0148,1.1763,1.0065,1.0,measured
docvqa,1792,64,docvqa_57827,410.478,924.158,473.847,22.516,0.444164,1.0059,1.0319,1.0,1.0435,1.0026,1.0,measured
docvqa,1792,64,docvqa_476,408.543,711.493,470.843,26.739,0.574206,0.9992,4.0948,0.9971,1.0165,0.9995,1.0,measured
docvqa,1792,64,docvqa_4980,375.825,1097.552,438.26,24.418,0.342421,1.1378,0.8785,1.1014,0.8212,1.0433,1.0,measured
docvqa,1792,64,docvqa_57833,418.327,662.704,481.464,22.655,0.631243,0.9975,0.9888,0.9932,0.9851,0.9984,1.0,measured
docvqa,1792,64,docvqa_41449,365.315,797.297,427.983,23.082,0.458192,1.0144,0.8646,1.0108,0.8017,1.0066,1.0,measured
docvqa,1792,64,docvqa_57835,403.063,864.863,465.986,24.93,0.466043,1.0646,1.0751,1.0203,1.1017,1.0291,1.0,measured
docvqa,1792,64,docvqa_57836,373.288,729.073,435.806,26.661,0.512004,1.0,1.0347,1.0029,1.0543,1.0,1.0,measured
docvqa,1792,64,docvqa_57837,390.761,774.472,453.608,29.169,0.504551,0.9987,1.0401,1.0003,1.0663,0.9993,1.0,measured
docvqa,1792,64,docvqa_57838,385.458,681.937,447.852,26.009,0.565239,1.0131,1.1225,1.0013,1.2303,1.0074,1.0,measured
docvqa,1792,64,docvqa_49643,371.572,1039.704,434.502,26.313,0.357383,1.009,0.9513,1.0082,0.934,1.0032,1.0,measured
docvqa,1792,64,docvqa_57841,368.227,667.691,430.895,26.311,0.551493,1.003,1.1794,1.0022,1.3392,1.0017,1.0,measured
docvqa,1792,64,docvqa_57843,380.843,691.379,442.952,27.603,0.550845,1.0002,1.0892,0.9967,1.1655,1.0001,1.0,measured
docvqa,1792,64,docvqa_57844,386.616,964.991,448.817,20.647,0.400642,1.0099,1.0727,1.0017,1.0962,1.0039,1.0,measured
docvqa,1792,64,docvqa_57845,381.327,875.909,443.574,24.019,0.43535,1.0211,0.9327,1.0177,0.901,1.0091,1.0,measured
docvqa,1792,64,docvqa_57853,349.498,741.522,411.488,20.627,0.471325,1.0947,0.9727,1.0728,0.9229,1.0425,1.0,measured
docvqa,1792,64,docvqa_57854,436.309,973.215,498.698,22.596,0.448317,1.0903,0.9099,1.0287,0.8656,1.0386,1.0,measured
docvqa,1792,64,docvqa_57855,363.405,869.083,426.196,23.31,0.418148,1.1316,0.94,1.0527,0.8941,1.0511,1.0,measured
docvqa,1792,64,docvqa_57857,379.861,1243.918,442.08,25.057,0.305375,1.0047,0.9063,1.0092,0.8836,1.0014,1.0,measured
docvqa,1792,64,docvqa_57858,400.558,1037.76,463.384,24.973,0.385983,1.0054,0.936,1.0028,0.9156,1.0021,1.0,measured
docvqa,1792,64,docvqa_45694,435.933,1218.637,499.68,31.259,0.357721,1.0852,1.0335,1.0667,1.0231,1.0289,1.0,measured
docvqa,1792,64,docvqa_55464,373.669,1815.298,864.546,24.378,0.205844,0.9961,1.0173,1.0219,1.0164,0.9992,1.0,measured
docvqa,1792,64,docvqa_57880,376.15,1021.568,438.464,26.505,0.368208,1.0007,0.9731,0.9908,0.9671,1.0003,1.0,measured
docvqa,1792,64,docvqa_57881,500.566,1009.714,563.225,26.264,0.495751,1.0072,0.9233,1.0068,0.8892,1.0036,1.0,measured
docvqa,1792,64,docvqa_57882,411.158,1306.859,474.155,23.792,0.314616,1.0801,1.7159,1.0533,0.9655,1.0239,1.0,measured
docvqa,1792,64,docvqa_57883,428.67,1318.874,491.875,23.629,0.325027,1.007,1.0051,1.0003,1.0062,1.0023,1.0,measured
docvqa,1792,64,docvqa_57884,375.119,759.269,438.495,22.912,0.494053,0.9998,1.007,1.0172,1.0016,0.9999,1.0,measured
docvqa,1792,64,docvqa_57885,382.354,783.387,444.48,26.07,0.488078,0.9823,1.1608,0.9697,1.2846,0.9913,1.0,measured
docvqa,1792,64,docvqa_57886,411.42,896.331,473.513,23.49,0.459005,1.0331,0.8943,1.0232,0.8417,1.0149,1.0,measured
docvqa,1792,64,docvqa_57887,378.826,861.179,441.048,23.341,0.439892,1.0153,0.9944,0.9866,0.9977,1.0067,1.0,measured
docvqa,1792,64,docvqa_57888,344.387,917.978,406.428,22.241,0.375158,1.0064,1.0921,0.9651,1.1391,1.0024,1.0,measured
docvqa,1792,64,docvqa_57889,440.969,838.409,503.196,25.786,0.525959,1.0061,0.989,0.9912,0.9879,1.0032,1.0,measured
docvqa,1792,64,docvqa_57890,348.338,758.248,411.072,20.422,0.459398,1.0093,1.0757,1.0063,1.1047,1.0043,1.0,measured
docvqa,1792,64,docvqa_57891,362.441,1000.513,425.459,23.961,0.362255,0.9984,0.9366,1.0,0.9185,0.9994,1.0,measured
docvqa,1792,64,docvqa_553,392.542,720.601,454.703,20.454,0.544742,1.0069,1.0891,1.0093,1.1321,1.0037,1.0,measured
docvqa,1792,64,docvqa_554,399.253,1044.135,461.606,21.575,0.382376,0.9948,1.0173,0.9968,1.0226,0.998,1.0,measured
docvqa,1792,64,docvqa_555,408.591,979.108,472.868,23.011,0.417309,0.9874,1.0024,0.9871,1.0074,0.9947,1.0,measured
docvqa,1792,64,docvqa_57899,402.737,882.888,466.082,23.156,0.456159,1.0417,0.9266,1.0267,0.8889,1.0186,1.0,measured
docvqa,1792,64,docvqa_57900,359.807,745.734,422.325,23.101,0.482486,1.0085,0.8711,0.9844,1.0534,1.0041,1.0,measured
docvqa,1792,64,docvqa_57901,386.983,1247.337,449.703,24.171,0.310248,0.9904,1.0226,0.9944,1.0287,0.997,1.0,measured
docvqa,1792,64,docvqa_57902,347.085,620.874,409.163,21.171,0.559027,0.9997,1.0903,0.9984,1.1602,0.9998,1.0,measured
docvqa,1792,64,docvqa_57903,377.641,891.176,441.526,20.439,0.423755,1.0045,0.9415,1.0044,0.9208,1.0019,1.0,measured
docvqa,1792,64,docvqa_57904,358.086,1798.458,420.618,21.87,0.199107,0.9856,0.9738,0.9946,0.9714,0.9971,1.0,measured
docvqa,1792,64,docvqa_57905,384.577,883.23,446.586,22.981,0.435422,1.0268,0.9592,1.0254,0.9344,1.0115,1.0,measured
docvqa,1792,64,docvqa_581,401.015,769.404,464.618,25.399,0.521203,1.1365,1.0399,1.0578,1.0274,1.0668,1.0,measured
docvqa,1792,64,docvqa_582,367.463,902.625,429.55,24.899,0.407104,0.9874,0.5755,0.989,0.8965,0.9948,1.0,measured
docvqa,1792,64,docvqa_583,369.576,742.112,432.093,22.144,0.498006,1.0365,0.9664,1.0328,0.9344,1.0179,1.0,measured
docvqa,1792,64,docvqa_57928,373.191,637.161,436.228,22.326,0.585709,1.0126,1.0606,1.0019,1.1044,1.0073,1.0,measured
docvqa,1792,64,docvqa_57929,379.514,1547.767,441.731,23.533,0.245201,1.0073,0.7377,1.0027,0.9468,1.0018,1.0,measured
docvqa,1792,64,docvqa_584,373.923,821.098,437.046,25.603,0.455394,1.018,0.9066,1.0122,0.8603,1.0081,1.0,measured
docvqa,1792,64,docvqa_57931,400.981,598.979,463.872,22.518,0.669441,0.9956,0.9466,0.995,0.8893,0.997,1.0,measured
docvqa,1792,64,docvqa_57933,410.609,763.24,473.453,22.291,0.537982,0.9933,1.0567,0.9984,1.0921,0.9964,1.0,measured
docvqa,1792,64,docvqa_57934,406.85,911.721,469.221,24.583,0.446243,0.9922,0.9567,0.9978,0.94,0.9965,1.0,measured
docvqa,1792,64,docvqa_596,385.359,1015.638,447.878,22.71,0.379426,0.9925,0.9333,1.0033,0.9124,0.9971,1.0,measured
docvqa,1792,64,docvqa_597,352.353,697.192,414.52,20.191,0.505389,1.0125,1.1349,1.0131,1.2057,1.0063,1.0,measured
docvqa,1792,64,docvqa_598,379.625,1344.076,442.155,20.043,0.282443,1.0147,0.9885,1.0147,0.9843,1.0041,1.0,measured
docvqa,1792,64,docvqa_599,355.61,1627.23,418.308,20.49,0.218537,1.0138,1.0162,1.0146,1.0164,1.003,1.0,measured
docvqa,1792,64,docvqa_600,382.934,677.209,445.939,23.127,0.565459,1.201,1.0727,1.1355,1.0216,1.1045,1.0,measured
docvqa,1792,64,docvqa_601,375.169,1655.182,437.968,24.841,0.226664,1.0191,1.0032,1.0124,1.0018,1.0043,1.0,measured
docvqa,1792,64,docvqa_16981,407.669,827.361,470.391,22.311,0.492735,1.0681,1.0392,1.0512,1.0336,1.0324,1.0,measured
docvqa,1792,64,docvqa_16990,436.446,914.938,498.59,21.913,0.477022,0.9978,1.1217,0.9999,1.1703,0.9989,1.0,measured
docvqa,1792,64,docvqa_57951,520.707,771.663,583.751,23.489,0.674786,1.0098,0.9394,1.0052,0.883,1.0066,1.0,measured
docvqa,1792,64,docvqa_57952,386.42,819.903,449.783,24.675,0.471299,0.9917,1.1307,0.9964,1.2003,0.9961,1.0,measured
docvqa,1792,64,docvqa_57954,365.472,799.563,428.981,23.161,0.45709,1.0104,1.0601,0.9971,1.0906,1.0047,1.0,measured
docvqa,1792,64,docvqa_57955,354.349,685.208,416.459,20.673,0.517141,0.9991,1.094,0.9603,1.174,0.9995,1.0,measured
docvqa,1792,64,docvqa_610,379.574,1879.093,441.527,23.187,0.201999,1.0055,1.0445,1.003,1.0495,1.0011,1.0,measured
docvqa,1792,64,docvqa_611,422.925,1104.158,485.4,22.099,0.383029,1.015,0.9835,1.0117,0.9758,1.0057,1.0,measured
docvqa,1792,64,docvqa_612,375.248,1134.55,438.111,24.015,0.330746,1.0103,0.964,1.0056,0.9538,1.0034,1.0,measured
docvqa,1792,64,docvqa_613,374.77,1608.508,436.989,23.43,0.232992,1.0002,1.2179,0.9981,0.9921,1.0001,1.0,measured
docvqa,1792,64,docvqa_16999,374.834,910.992,437.285,24.932,0.411457,0.9939,1.0819,0.996,1.1162,0.9975,1.0,measured
docvqa,1792,64,docvqa_17000,384.083,692.562,446.537,20.502,0.554583,1.0034,1.0278,1.0,1.0447,1.0019,1.0,measured
docvqa,1792,64,docvqa_17001,377.745,664.58,440.095,28.061,0.568397,1.0041,1.0299,0.9964,0.9454,1.0023,1.0,measured
docvqa,1792,64,docvqa_57963,377.188,1469.267,440.032,25.103,0.256718,1.0017,1.0191,0.9974,1.0229,1.0004,1.0,measured
docvqa,1792,64,docvqa_57964,379.466,1578.632,442.024,24.183,0.240377,1.018,0.9431,1.0192,0.9318,1.0043,1.0,measured
docvqa,1792,64,docvqa_57965,388.582,1833.211,451.17,21.937,0.211968,0.9956,1.0016,0.9972,1.0021,0.9991,1.0,measured
docvqa,1792,64,docvqa_17002,385.097,802.215,447.86,27.258,0.480042,0.9915,1.025,0.9943,1.0422,0.9959,1.0,measured
docvqa,1792,64,docvqa_17003,384.889,1002.11,447.484,23.109,0.384079,1.002,0.9483,0.9961,0.9337,1.0008,1.0,measured
docvqa,1792,64,docvqa_17004,397.861,936.579,461.346,25.012,0.424802,1.0279,1.0029,1.0208,0.9955,1.0117,1.0,measured
docvqa,1792,64,docvqa_57969,374.925,700.921,437.999,29.214,0.534904,0.9933,1.0173,0.9458,1.081,0.9964,1.0,measured
docvqa,1792,64,docvqa_17005,363.763,775.542,427.048,23.233,0.469044,1.003,0.8594,1.0036,0.8007,1.0014,1.0,measured
docvqa,1792,64,docvqa_57971,355.664,858.203,418.014,20.961,0.414429,1.0057,1.0034,1.0008,1.0044,1.0024,1.0,measured
docvqa,1792,64,docvqa_17007,385.496,994.773,449.544,20.97,0.387521,1.0254,1.0289,1.0149,1.0329,1.0097,1.0,measured
docvqa,1792,64,docvqa_57973,391.567,717.871,455.367,20.193,0.545456,0.9861,1.0487,0.987,1.0841,0.9923,1.0,measured
docvqa,1792,64,docvqa_57974,419.475,879.284,483.066,23.307,0.477064,1.0432,1.027,1.0254,1.0278,1.0202,1.0,measured
docvqa,1792,64,docvqa_57975,405.954,912.86,469.105,23.356,0.444705,1.0065,0.9545,0.9934,0.94,1.0029,1.0,measured
docvqa,1792,64,docvqa_57976,476.253,940.075,538.77,23.606,0.506611,0.9911,0.9605,0.9926,0.946,0.9955,1.0,measured
docvqa,1792,64,docvqa_57977,405.354,971.189,468.255,25.147,0.417379,1.0058,0.8964,1.0017,0.86,1.0024,1.0,measured
docvqa,1792,64,docvqa_57978,408.343,1006.464,471.197,23.272,0.405721,1.0083,0.9635,1.0034,0.951,1.0034,1.0,measured
docvqa,1792,64,docvqa_636,389.058,1909.641,452.808,23.124,0.203734,1.0022,1.0198,1.0002,1.0222,1.0005,1.0,measured
docvqa,1792,64,docvqa_637,355.141,909.862,417.92,23.426,0.390324,1.1478,1.0185,1.1041,0.9859,1.0529,1.0,measured
docvqa,1792,64,docvqa_639,382.388,1674.312,444.986,21.952,0.228385,1.0065,0.9527,1.0314,0.942,1.0015,1.0,measured
docvqa,1792,64,docvqa_57985,381.108,999.54,443.694,27.792,0.381284,1.0091,0.8754,1.0168,0.8282,1.0034,1.0,measured
docvqa,1792,64,docvqa_57986,402.584,1991.447,465.625,24.61,0.202157,0.9964,0.9339,0.9986,0.9266,0.9993,1.0,measured
docvqa,1792,64,docvqa_57987,399.943,2020.361,463.986,24.704,0.197956,0.9986,1.1475,0.989,1.0394,0.9997,1.0,measured
docvqa,1792,64,docvqa_57989,385.059,839.377,447.243,19.607,0.458743,1.0034,0.8983,0.9962,0.8642,1.0016,1.0,measured
docvqa,1792,64,docvqa_650,419.499,808.51,481.969,21.769,0.518855,1.014,1.0535,1.0158,1.0731,1.0072,1.0,measured
docvqa,1792,64,docvqa_651,394.471,1002.802,457.15,25.983,0.393369,0.9894,0.9425,0.9946,0.9255,0.9958,1.0,measured
docvqa,1792,64,docvqa_58007,397.607,1003.085,460.08,24.682,0.396385,0.9957,0.9462,0.9986,0.9285,0.9983,1.0,measured
docvqa,1792,64,docvqa_58009,539.389,784.378,601.828,22.819,0.687665,0.9922,0.9642,0.9901,0.9376,0.9946,1.0,measured
docvqa,1792,64,docvqa_58018,348.464,1392.03,410.647,21.334,0.250328,1.0679,0.8851,1.0257,1.0547,1.0162,1.0,measured
docvqa,1792,64,docvqa_674,349.955,715.087,412.681,23.262,0.489388,1.0022,1.0986,1.0084,1.1555,1.0011,1.0,measured
docvqa,1792,64,docvqa_57122,374.129,766.992,436.614,25.414,0.487787,0.9741,1.2259,0.9632,1.2129,0.9872,1.0,measured
docvqa,1792,64,docvqa_58020,371.721,660.277,434.086,22.619,0.562977,0.9994,1.0469,1.0005,1.0789,0.9997,1.0,measured
docvqa,1792,64,docvqa_58021,374.694,704.504,436.874,26.763,0.531856,0.988,0.9091,0.9916,0.8478,0.9936,1.0,measured
docvqa,1792,64,docvqa_58022,410.927,962.982,473.497,24.474,0.426723,1.0712,1.0832,1.0594,1.0925,1.0292,1.0,measured
docvqa,1792,64,docvqa_58023,349.322,866.442,411.512,22.746,0.403169,1.0158,0.9375,0.9945,0.9157,1.0063,1.0,measured
docvqa,1792,64,docvqa_58024,351.676,843.03,413.698,20.444,0.417157,0.985,1.0876,0.9743,1.1328,0.9937,1.0,measured
docvqa,1792,64,docvqa_675,357.422,1819.125,419.243,22.22,0.19648,0.9878,1.0239,0.991,1.0277,0.9976,1.0,measured
docvqa,1792,64,docvqa_676,372.287,689.996,434.389,23.237,0.53955,1.0231,0.9918,0.9964,0.9886,1.0123,1.0,measured
docvqa,1792,64,docvqa_677,407.872,1188.453,470.984,25.624,0.343196,1.0549,1.0689,1.0362,1.078,1.0182,1.0,measured
docvqa,1792,64,docvqa_58029,418.207,742.935,482.442,21.708,0.562911,0.9968,1.036,0.9952,1.0601,0.9982,1.0,measured
docvqa,1792,64,docvqa_678,400.715,875.004,464.106,20.545,0.457957,1.0067,1.0876,1.0071,1.1184,1.0031,1.0,measured
docvqa,1792,64,docvqa_58054,415.024,1411.217,478.082,23.328,0.29409,1.0004,0.9399,0.9959,0.9292,1.0001,1.0,measured
docvqa,1792,64,docvqa_58056,354.233,1090.243,417.681,21.696,0.324912,0.9939,0.9477,0.9813,0.9398,0.998,1.0,measured
docvqa,1792,64,docvqa_58059,380.754,819.189,442.954,22.131,0.464794,1.0077,0.9169,1.0068,0.8795,1.0036,1.0,measured
docvqa,1792,64,docvqa_58061,382.922,1336.184,445.069,21.217,0.286579,0.9875,0.9819,0.99,0.9809,0.9964,1.0,measured
docvqa,1792,64,docvqa_58064,419.029,886.265,482.253,25.251,0.472803,0.9929,1.0541,0.9863,1.0861,0.9966,1.0,measured
docvqa,1792,64,docvqa_41686,386.267,702.461,449.733,22.975,0.549878,1.0163,1.1321,1.0224,1.2127,1.0089,1.0,measured
docvqa,1792,64,docvqa_41687,376.889,1093.52,439.946,27.232,0.344657,1.1346,0.9782,1.1059,0.9393,1.0426,1.0,measured
docvqa,1792,64,docvqa_41688,385.605,731.28,448.077,20.229,0.527301,1.0458,1.02,1.0255,1.0167,1.0237,1.0,measured
docvqa,1792,64,docvqa_41689,411.257,869.951,474.15,24.738,0.472735,0.9935,1.4464,0.9945,0.9052,0.9969,1.0,measured
docvqa,1792,64,docvqa_41690,433.526,1043.584,496.617,22.79,0.415421,1.0136,0.9421,1.0208,0.9193,1.0056,1.0,measured
docvqa,1792,64,docvqa_41691,371.599,892.616,434.108,25.473,0.416303,1.0076,1.1411,1.0095,1.1966,1.0032,1.0,measured
docvqa,1792,64,docvqa_41693,372.661,998.698,435.056,24.506,0.373147,0.9833,0.9681,0.9875,0.962,0.9937,1.0,measured
docvqa,1792,64,docvqa_41694,383.404,914.577,446.042,24.66,0.419215,1.0348,0.9718,1.0204,0.9528,1.0143,1.0,measured
docvqa,1792,64,docvqa_41695,389.549,961.713,452.028,25.484,0.405057,1.0008,1.057,1.0043,1.0769,1.0003,1.0,measured
docvqa,1792,64,docvqa_41705,382.793,861.379,445.764,29.687,0.444396,0.9897,0.9484,1.001,0.9208,0.9954,1.0,measured
docvqa,1792,64,docvqa_17132,354.077,762.454,417.196,23.017,0.464392,1.0033,0.7017,0.9998,0.9804,1.0015,1.0,measured
docvqa,1792,64,docvqa_17133,356.162,788.449,418.81,24.643,0.451724,1.0042,0.8774,1.0026,0.9466,1.0019,1.0,measured
docvqa,1792,64,docvqa_17134,375.837,1076.965,438.825,23.635,0.348978,1.0044,1.0065,1.0061,1.0065,1.0015,1.0,measured
docvqa,1792,64,docvqa_17135,347.099,824.743,409.432,23.073,0.420857,1.0413,0.9683,1.0319,0.9421,1.017,1.0,measured
docvqa,1792,64,docvqa_47368,414.002,783.53,476.802,25.561,0.52838,1.0101,0.9735,1.0059,0.9542,1.0053,1.0,measured
docvqa,1792,64,docvqa_41715,398.864,769.386,461.25,22.01,0.518419,1.0041,0.915,1.0249,0.8575,1.0021,1.0,measured
docvqa,1792,64,docvqa_41716,348.288,678.862,410.433,20.648,0.513047,0.9896,0.9824,1.0126,0.9669,0.9946,1.0,measured
docvqa,1792,64,docvqa_41717,367.142,697.35,432.181,20.398,0.526482,0.9922,0.8975,0.9875,0.921,0.9959,1.0,measured
docvqa,1792,64,docvqa_17139,414.273,821.288,477.165,22.942,0.504418,0.9829,1.0091,0.9851,1.0212,0.9913,1.0,measured
docvqa,1792,64,docvqa_41719,565.419,1103.54,628.076,22.641,0.512368,0.9899,1.0897,0.9934,1.1235,0.9948,1.0,measured
docvqa,1792,64,docvqa_17140,374.928,798.296,437.774,25.752,0.46966,0.9943,0.9539,0.9947,0.9343,0.9973,1.0,measured
docvqa,1792,64,docvqa_58105,378.245,646.802,441.105,20.57,0.584792,0.9992,1.0453,0.9992,1.0794,0.9995,1.0,measured
docvqa,1792,64,docvqa_58106,400.12,831.366,462.467,23.056,0.48128,1.1318,1.0657,1.0974,1.0514,1.0594,1.0,measured
docvqa,1792,64,docvqa_58107,347.351,698.966,410.122,20.632,0.496949,0.9907,1.1481,0.9967,1.2373,0.9954,1.0,measured
docvqa,1792,64,docvqa_58108,405.413,1004.87,467.918,22.373,0.403448,0.99,0.9902,0.9862,0.9915,0.9959,1.0,measured
docvqa,1792,64,docvqa_41721,372.323,960.572,434.954,25.029,0.387606,1.0062,0.9635,0.9985,0.952,1.0024,1.0,measured
docvqa,1792,64,docvqa_41723,358.34,773.219,420.807,22.026,0.46344,1.0233,1.1153,1.0147,1.1689,1.0107,1.0,measured
docvqa,1792,64,docvqa_17143,406.521,895.481,469.237,26.64,0.453969,1.0869,0.9645,1.0807,0.9167,1.0377,1.0,measured
docvqa,1792,64,docvqa_41728,403.846,1013.399,466.437,24.862,0.398506,0.9915,0.9861,0.9973,0.9825,0.9966,1.0,measured
docvqa,1792,64,docvqa_41729,345.367,754.561,407.599,20.41,0.457706,1.0061,1.0091,1.0015,1.0128,1.0028,1.0,measured
docvqa,1792,64,docvqa_17147,379.78,876.846,442.493,19.743,0.43312,1.0409,0.9224,1.0334,0.8853,1.0173,1.0,measured
docvqa,1792,64,docvqa_17149,402.208,792.071,464.39,23.406,0.507793,1.1147,0.9913,1.0876,0.9446,1.0551,1.0,measured
docvqa,1792,64,docvqa_17150,406.467,732.055,468.508,21.962,0.55524,1.0027,0.9813,1.0007,0.9696,1.0015,1.0,measured
docvqa,1792,64,docvqa_45744,368.753,1719.67,852.672,22.231,0.214432,1.0092,0.9776,1.0066,0.9719,1.002,1.0,measured
docvqa,1792,64,docvqa_45745,411.93,1205.06,475.046,22.813,0.341834,0.9908,0.9945,0.991,0.9953,0.9968,1.0,measured
docvqa,1792,64,docvqa_782,348.132,796.457,410.549,20.311,0.4371,0.9971,0.9039,1.0024,0.8679,0.9987,1.0,measured
docvqa,1792,64,docvqa_783,353.558,763.03,416.614,21.651,0.46336,1.0128,0.9969,1.0096,0.991,1.0059,1.0,measured
docvqa,1792,64,docvqa_784,413.428,1076.679,477.111,23.983,0.383984,1.0115,1.0577,1.0088,1.0717,1.0044,1.0,measured
docvqa,1792,64,docvqa_785,390.603,784.133,453.249,22.059,0.498133,1.0066,1.061,0.9991,1.0923,1.0033,1.0,measured
docvqa,1792,64,docvqa_786,381.403,656.931,443.698,21.323,0.580582,0.9973,1.0292,0.9872,1.0634,0.9984,1.0,measured
docvqa,1792,64,docvqa_788,390.305,1017.811,452.834,22.599,0.383475,0.9927,1.0823,0.9938,1.1094,0.9972,1.0,measured
docvqa,1792,64,docvqa_789,422.827,1674.746,861.966,22.577,0.252472,1.0822,0.9045,1.0558,0.8978,1.0196,1.0,measured
docvqa,1792,64,docvqa_790,349.281,868.927,411.244,20.804,0.401969,0.9926,0.9949,0.9937,0.9953,0.997,1.0,measured
docvqa,1792,64,docvqa_60401,389.37,819.089,452.144,24.463,0.47537,0.9878,1.0135,0.9866,1.0252,0.9942,1.0,measured
docvqa,1792,64,docvqa_792,441.693,1156.254,505.106,24.117,0.382003,1.0117,1.0101,1.0095,1.0102,1.0045,1.0,measured
docvqa,1792,64,docvqa_793,377.085,781.505,439.718,26.291,0.482511,0.9961,0.992,0.9977,0.9888,0.9981,1.0,measured
docvqa,1792,64,docvqa_794,372.019,838.48,434.533,25.247,0.443682,0.9995,1.0398,1.0029,1.0587,0.9998,1.0,measured
docvqa,1792,64,docvqa_41749,348.302,799.238,410.666,20.451,0.435792,1.0868,1.006,1.0549,0.9882,1.0361,1.0,measured
docvqa,1792,64,docvqa_41750,386.965,780.426,450.557,21.991,0.495838,1.0127,0.9616,1.0083,0.9389,1.0063,1.0,measured
docvqa,1792,64,docvqa_45747,425.692,1466.082,488.428,25.728,0.29036,1.0122,1.0449,1.0096,1.0514,1.0035,1.0,measured
docvqa,1792,64,docvqa_60403,379.427,765.89,441.963,23.138,0.495407,0.9932,1.0173,0.9956,1.0287,0.9966,1.0,measured
docvqa,1792,64,docvqa_60404,349.587,1421.113,412.043,23.467,0.245995,1.0205,1.0678,1.0116,1.0825,1.005,1.0,measured
docvqa,1792,64,docvqa_809,350.345,746.054,412.788,23.805,0.469598,1.0216,1.0933,1.0131,1.1405,1.01,1.0,measured
docvqa,1792,64,docvqa_25385,443.499,736.864,505.906,23.096,0.601874,1.0024,0.9979,0.999,0.9971,1.0014,1.0,measured
docvqa,1792,64,docvqa_25386,395.56,666.615,457.915,20.87,0.593386,1.1116,1.0523,1.0769,1.0327,1.0633,1.0,measured
docvqa,1792,64,docvqa_25387,410.686,750.99,473.311,25.244,0.546859,1.0005,0.9678,0.999,0.9472,1.0003,1.0,measured
docvqa,1792,64,docvqa_60406,505.161,1186.658,567.689,24.759,0.425701,1.0051,1.0701,1.008,1.089,1.0022,1.0,measured
docvqa,1792,64,docvqa_815,416.641,934.456,480.435,23.896,0.445865,1.0365,0.9024,1.0039,0.8665,1.0159,1.0,measured
docvqa,1792,64,docvqa_60407,351.581,809.241,413.774,26.364,0.434458,0.9886,0.9931,0.9933,0.9931,0.995,1.0,measured
docvqa,1792,64,docvqa_25396,358.177,1251.011,420.549,25.166,0.28631,1.0062,1.096,1.005,1.1165,1.0018,1.0,measured
docvqa,1792,64,docvqa_822,386.43,837.544,449.624,29.84,0.461384,0.9834,0.9792,0.9847,0.9758,0.9923,1.0,measured
docvqa,1792,64,docvqa_824,383.341,938.45,445.611,22.402,0.408484,1.0054,1.0143,1.0029,1.0181,1.0022,1.0,measured
docvqa,1792,64,docvqa_826,375.751,806.12,439.471,30.554,0.466123,1.0048,0.9294,1.0098,0.8813,1.0022,1.0,measured
