benchmark,resolution,max_new_tokens,iteration_idx,run_id,sample_id,num_input_text_tokens,num_visual_tokens_before_merger,num_visual_tokens_after_merger,actual_generated_tokens,visual_encoder_ms,visual_merger_ms,patch_embed_ms,window_attn_total_ms,full_attn_total_ms,llm_prefill_ms,ttft_ms,decode_loop_ms,tpot_ms,e2e_ms,request_total_ms,request_output_tok_s,decode_only_tok_s,f_vision,f_visual_prefill,f_decode
chartqa,1792,1024,0,iter000,chartqa_val_0,36,16384,4096,17,385.819,0.727,2.351,347.533,28.216,445.732,448.986,347.799,21.737,796.785,1014.93,21.336,46.004,0.48422,1.043633,0.436503
chartqa,1792,1024,1,iter001,chartqa_val_1,34,16384,4096,637,350.737,0.73,2.299,311.431,28.106,410.53,413.172,14500.721,22.8,14913.893,15073.82,42.712,43.86,0.023517,0.051044,0.972296
chartqa,1792,1024,2,iter002,chartqa_val_2,28,16384,4096,72,356.533,0.728,2.35,318.685,28.197,781.135,783.955,4535.095,63.875,5319.05,5527.326,13.536,15.656,0.067029,0.213885,0.852614
chartqa,1792,1024,3,iter003,chartqa_val_3,30,16384,4096,53,357.428,0.728,2.305,320.532,28.083,842.542,844.982,1117.377,21.488,1962.359,2141.242,27.008,46.538,0.182142,0.611494,0.569405
chartqa,1792,1024,4,iter004,chartqa_val_4,46,16384,4096,31,387.863,0.731,2.31,349.458,28.124,850.313,852.801,669.642,22.321,1522.443,1686.514,20.362,44.8,0.254764,0.813283,0.439847
chartqa,1792,1024,5,iter005,chartqa_val_5,33,16384,4096,17,480.978,0.729,2.297,444.101,28.086,947.935,950.257,335.693,20.981,1285.95,1451.524,13.22,47.663,0.374026,1.111173,0.261047
chartqa,1792,1024,6,iter006,chartqa_val_6,35,16384,4096,21,354.089,0.731,2.304,314.602,28.076,774.173,776.97,468.946,23.447,1245.916,1384.019,16.855,42.649,0.2842,0.905569,0.376387
chartqa,1792,1024,7,iter007,chartqa_val_7,33,16384,4096,28,353.841,0.729,2.254,316.786,28.17,413.679,416.07,615.065,22.78,1031.135,1166.617,27.155,43.898,0.343157,0.744345,0.596494
chartqa,1792,1024,8,iter008,chartqa_val_8,32,16384,4096,32,362.742,0.726,2.273,325.63,28.125,857.469,860.008,684.605,22.084,1544.613,1712.501,20.717,45.282,0.234843,0.789978,0.443221
chartqa,1792,1024,9,iter009,chartqa_val_9,36,16384,4096,406,362.045,0.729,2.319,323.376,28.123,422.045,424.783,9322.237,23.018,9747.021,9930.674,41.654,43.445,0.037144,0.080444,0.956419
chartqa,1792,1024,10,iter010,chartqa_val_10,44,16384,4096,74,433.947,0.728,2.353,396.142,28.286,906.323,909.829,1745.651,23.913,2655.48,2827.673,27.867,41.818,0.163416,0.504719,0.657377
chartqa,1792,1024,11,iter011,chartqa_val_11,49,16384,4096,198,368.193,0.73,2.277,331.524,28.119,840.543,843.074,4687.108,23.792,5530.182,5677.716,35.804,42.03,0.066579,0.218571,0.84755
chartqa,1792,1024,12,iter012,chartqa_val_12,30,16384,4096,24,392.247,0.73,2.307,353.293,28.281,451.866,454.596,514.189,22.356,968.785,1150.965,24.773,44.731,0.404886,0.871311,0.530757
chartqa,1792,1024,13,iter013,chartqa_val_13,34,16384,4096,165,367.6,0.731,2.298,321.812,28.102,427.467,430.115,3764.375,22.954,4194.49,4441.62,39.337,43.566,0.087639,0.18955,0.897457
chartqa,1792,1024,14,iter014,chartqa_val_14,30,16384,4096,34,366.493,0.731,2.29,329.85,28.154,426.936,429.323,786.508,23.834,1215.832,1376.898,27.964,41.958,0.301434,0.652581,0.646889
chartqa,1792,1024,15,iter015,chartqa_val_15,35,16384,4096,155,381.372,0.728,2.319,336.84,28.102,441.085,444.819,3701.237,24.034,4146.056,4336.11,37.385,41.608,0.091984,0.198371,0.892713
chartqa,1792,1024,16,iter016,chartqa_val_16,30,16384,4096,33,366.277,0.728,2.308,326.45,28.146,426.157,428.879,748.106,23.378,1176.984,1339.648,28.038,42.775,0.3112,0.673275,0.635612
chartqa,1792,1024,17,iter017,chartqa_val_17,40,16384,4096,97,364.78,0.732,2.318,327.674,28.116,845.517,847.953,2186.489,22.776,3034.442,3204.642,31.966,43.906,0.120213,0.398853,0.720557
chartqa,1792,1024,18,iter018,chartqa_val_18,31,16384,4096,14,394.14,0.729,2.3,356.922,28.262,831.62,833.981,290.873,22.375,1124.854,1278.392,12.446,44.693,0.350392,1.089706,0.258587
chartqa,1792,1024,19,iter019,chartqa_val_19,34,16384,4096,49,363.452,0.729,2.314,326.571,28.091,423.542,429.367,1052.326,21.923,1481.693,1723.334,33.07,45.613,0.245295,0.531146,0.710219
chartqa,1792,1024,20,iter020,chartqa_val_20,36,16384,4096,18,389.982,0.729,2.281,352.251,28.344,450.112,452.577,394.008,23.177,846.585,1020.872,21.262,43.146,0.460653,0.992332,0.465408
chartqa,1792,1024,21,iter021,chartqa_val_21,38,16384,4096,210,355.61,0.729,2.275,313.465,28.099,830.09,832.601,4481.149,21.441,5313.75,5490.572,39.52,46.64,0.066923,0.223138,0.843312
chartqa,1792,1024,22,iter022,chartqa_val_22,31,16384,4096,40,400.137,0.729,2.323,362.667,28.728,460.837,463.594,887.646,22.76,1351.24,1519.416,29.602,43.936,0.296126,0.637173,0.656912
chartqa,1792,1024,23,iter023,chartqa_val_23,35,16384,4096,101,397.394,0.727,2.329,345.768,28.104,457.357,460.711,2236.09,22.361,2696.801,2867.711,37.452,44.721,0.147358,0.31695,0.829164
chartqa,1792,1024,24,iter024,chartqa_val_24,31,16384,4096,26,396.876,0.731,2.288,359.788,28.191,456.974,459.449,561.941,22.478,1021.391,1196.995,25.455,44.489,0.388565,0.835968,0.550173
chartqa,1792,1024,25,iter025,chartqa_val_25,33,16384,4096,37,384.871,0.729,2.304,347.192,28.13,444.713,447.165,757.46,21.041,1204.625,1365.735,30.715,47.527,0.319494,0.688665,0.628793
chartqa,1792,1024,26,iter026,chartqa_val_26,33,16384,4096,33,394.51,0.729,2.313,356.862,28.202,454.372,457.108,755.239,23.601,1212.347,1384.714,27.22,42.371,0.32541,0.700197,0.622956
chartqa,1792,1024,27,iter027,chartqa_val_27,33,16384,4096,189,352.513,0.73,2.313,314.769,28.107,412.38,414.756,4070.208,21.65,4484.964,4647.739,42.141,46.189,0.078599,0.170546,0.907523
chartqa,1792,1024,28,iter028,chartqa_val_28,29,16384,4096,28,351.459,0.731,2.276,314.126,28.102,824.778,827.169,574.829,21.29,1401.998,1561.515,19.972,46.971,0.250684,0.838972,0.410007
chartqa,1792,1024,29,iter029,chartqa_val_29,32,16384,4096,64,353.93,0.725,2.277,317.389,28.143,413.731,416.006,1409.992,22.381,1825.998,1993.335,35.049,44.681,0.193828,0.420406,0.772176
chartqa,1792,1024,30,iter030,chartqa_val_30,33,16384,4096,43,359.513,0.729,2.276,322.85,28.086,419.31,421.617,942.775,22.447,1364.391,1528.447,31.516,44.549,0.263497,0.570821,0.690985
chartqa,1792,1024,31,iter031,chartqa_val_31,31,16384,4096,43,352.789,0.729,2.29,315.721,28.108,412.404,414.86,973.466,23.178,1388.326,1659.136,30.973,43.145,0.254111,0.551162,0.70118
chartqa,1792,1024,32,iter032,chartqa_val_32,27,16384,4096,30,363.616,0.728,2.313,324.981,28.104,836.806,839.266,1197.162,41.281,2036.427,2207.144,14.732,24.224,0.178556,0.589475,0.587874
chartqa,1792,1024,33,iter033,chartqa_val_33,31,16384,4096,39,398.979,0.725,2.289,362.217,28.186,458.79,461.186,875.161,23.031,1336.347,1505.989,29.184,43.421,0.29856,0.641876,0.65489
chartqa,1792,1024,34,iter034,chartqa_val_34,34,16384,4096,17,399.042,0.728,2.279,360.053,28.117,458.708,460.994,342.144,21.384,803.138,961.91,21.167,46.764,0.496853,1.067998,0.426009
chartqa,1792,1024,35,iter035,chartqa_val_35,35,16384,4096,213,395.745,0.732,2.382,349.972,28.091,455.549,459.349,4477.436,21.12,4936.785,5118.752,43.145,47.349,0.080162,0.172439,0.906954
chartqa,1792,1024,36,iter036,chartqa_val_36,28,16384,4096,36,363.441,0.723,2.318,326.091,28.122,423.48,426.427,782.773,22.365,1209.199,1390.277,29.772,44.713,0.300563,0.650778,0.647348
chartqa,1792,1024,37,iter037,chartqa_val_37,32,16384,4096,258,363.063,0.729,2.287,325.555,28.144,423.125,425.526,6054.641,23.559,6480.167,6656.506,39.814,42.447,0.056027,0.121322,0.934334
chartqa,1792,1024,38,iter038,chartqa_val_38,28,16384,4096,39,358.471,0.725,2.312,321.564,28.082,418.416,420.82,837.234,22.032,1258.053,1428.905,31.0,45.388,0.284941,0.617531,0.665499
chartqa,1792,1024,39,iter039,chartqa_val_39,34,16384,4096,85,367.315,0.725,2.298,330.043,28.151,427.122,429.447,1858.385,22.124,2287.832,2435.8,37.153,45.201,0.160552,0.347244,0.812291
chartqa,1792,1024,40,iter040,chartqa_val_40,33,16384,4096,36,353.352,0.735,2.296,316.659,28.108,413.296,415.923,736.902,21.054,1152.825,1321.579,31.228,47.496,0.30651,0.665017,0.639214
chartqa,1792,1024,41,iter041,chartqa_val_41,34,16384,4096,26,353.016,0.731,2.276,316.038,28.103,412.659,414.967,531.627,21.265,946.595,1102.239,27.467,47.025,0.372932,0.808873,0.561621
chartqa,1792,1024,42,iter042,chartqa_val_42,30,16384,4096,9,487.831,0.732,2.291,451.092,28.07,547.461,549.801,171.547,21.443,721.348,884.41,12.477,46.635,0.676278,1.43522,0.237814
chartqa,1792,1024,43,iter043,chartqa_val_43,31,16384,4096,65,355.036,0.728,2.295,318.055,28.116,414.801,417.319,1395.556,21.806,1812.875,1972.662,35.855,45.86,0.195841,0.42465,0.769803
chartqa,1792,1024,44,iter044,chartqa_val_44,29,16384,4096,14,357.041,0.733,2.285,319.666,28.18,416.619,418.986,274.491,21.115,693.477,861.669,20.188,47.36,0.514857,1.115624,0.395819
chartqa,1792,1024,45,iter045,chartqa_val_45,33,16384,4096,132,377.875,0.73,2.284,341.055,28.187,437.637,440.054,2847.861,21.739,3287.915,3459.464,40.147,45.999,0.114928,0.248033,0.86616
chartqa,1792,1024,46,iter046,chartqa_val_46,38,16384,4096,32,353.975,0.733,2.332,316.893,28.152,413.672,416.325,660.879,21.319,1077.204,1250.472,29.707,46.907,0.328605,0.712629,0.613513
chartqa,1792,1024,47,iter047,chartqa_val_47,30,16384,4096,243,359.624,0.73,2.275,322.68,28.122,419.192,421.473,5029.446,20.783,5450.919,5623.543,44.58,48.117,0.065975,0.142878,0.922679
chartqa,1792,1024,48,iter048,chartqa_val_48,29,16384,4096,111,354.528,0.729,2.325,317.737,28.064,414.224,416.898,2456.042,22.328,2872.94,3073.636,38.636,44.788,0.123402,0.267583,0.854888
chartqa,1792,1024,49,iter049,chartqa_val_49,33,16384,4096,62,364.592,0.729,2.306,327.041,28.106,424.468,427.386,1348.371,22.104,1775.757,1950.184,34.915,45.24,0.205317,0.444352,0.759322
chartqa,1792,1024,50,iter050,chartqa_val_50,30,16384,4096,45,362.321,0.73,2.305,325.468,28.114,421.827,424.479,944.602,21.468,1369.081,1553.693,32.869,46.58,0.264645,0.572755,0.689954
chartqa,1792,1024,51,iter051,chartqa_val_51,30,16384,4096,203,356.119,0.727,2.273,318.634,28.135,415.777,418.073,4346.802,21.519,4764.875,4928.727,42.603,46.471,0.074738,0.161997,0.912259
chartqa,1792,1024,52,iter052,chartqa_val_52,30,16384,4096,9,370.801,0.725,2.321,333.366,28.129,430.95,433.756,186.07,23.259,619.826,822.449,14.52,42.995,0.598235,1.29351,0.300197
chartqa,1792,1024,53,iter053,chartqa_val_53,33,16384,4096,56,362.195,0.732,2.3,325.433,28.057,422.039,424.308,1211.892,22.034,1636.2,1809.629,34.226,45.384,0.221363,0.479302,0.740675
chartqa,1792,1024,54,iter054,chartqa_val_54,29,16384,4096,52,401.123,0.729,2.3,364.541,28.162,461.473,463.925,1128.553,22.128,1592.478,1763.36,32.654,45.191,0.251886,0.541669,0.708677
chartqa,1792,1024,55,iter055,chartqa_val_55,33,16384,4096,218,354.927,0.728,2.307,317.847,28.094,414.695,417.291,4563.018,21.028,4980.309,5163.375,43.772,47.556,0.071266,0.154533,0.916212
chartqa,1792,1024,56,iter056,chartqa_val_56,32,16384,4096,50,358.991,0.73,2.276,321.824,28.095,418.874,421.224,1028.091,20.981,1449.314,1626.197,34.499,47.661,0.247697,0.536713,0.709364
chartqa,1792,1024,57,iter057,chartqa_val_57,36,16384,4096,21,352.787,0.73,2.275,316.253,28.088,412.733,414.991,426.388,21.319,841.379,1013.23,24.959,46.906,0.419296,0.909839,0.506773
chartqa,1792,1024,58,iter058,chartqa_val_58,29,16384,4096,29,350.975,0.728,2.272,311.9,28.085,410.56,412.804,599.467,21.41,1012.272,1195.964,28.648,46.708,0.34672,0.752303,0.5922
chartqa,1792,1024,59,iter059,chartqa_val_59,35,16384,4096,258,352.023,0.733,2.284,314.69,28.221,411.684,413.964,5444.08,21.183,5858.043,6016.11,44.042,47.207,0.060092,0.130369,0.929334
chartqa,1792,1024,60,iter060,chartqa_val_60,29,16384,4096,29,358.317,0.73,2.277,321.575,28.124,417.876,420.209,602.074,21.503,1022.283,1188.056,28.368,46.506,0.350506,0.759273,0.588951
chartqa,1792,1024,61,iter061,chartqa_val_61,35,16384,4096,70,350.455,0.73,2.287,313.876,28.119,411.146,413.424,1477.485,21.413,1890.909,2041.403,37.019,46.701,0.185337,0.40277,0.781362
chartqa,1792,1024,62,iter062,chartqa_val_62,30,16384,4096,23,350.334,0.731,2.271,313.794,28.133,409.884,412.184,461.488,20.977,873.672,1040.219,26.326,47.672,0.400991,0.870142,0.528217
chartqa,1792,1024,63,iter063,chartqa_val_63,34,16384,4096,33,359.054,0.733,2.261,322.006,28.082,418.644,420.917,684.365,21.386,1105.282,1268.248,29.857,46.759,0.324853,0.70362,0.619177
chartqa,1792,1024,64,iter064,chartqa_val_64,33,16384,4096,16,359.572,0.728,2.263,322.636,28.097,419.592,421.874,321.797,21.453,743.67,915.369,21.515,46.613,0.48351,1.047728,0.432714
chartqa,1792,1024,65,iter065,chartqa_val_65,35,16384,4096,136,365.266,0.73,2.318,328.115,28.129,425.129,428.01,3058.295,22.654,3486.305,3667.344,39.01,44.142,0.104772,0.226714,0.877231
chartqa,1792,1024,66,iter066,chartqa_val_66,29,16384,4096,30,372.172,0.733,2.311,333.185,28.117,431.89,434.348,656.216,22.628,1090.564,1269.521,27.509,44.193,0.341266,0.737291,0.601721
chartqa,1792,1024,67,iter067,chartqa_val_67,31,16384,4096,66,367.098,0.73,2.273,330.62,28.086,426.664,428.934,1445.522,22.239,1874.455,2039.802,35.21,44.966,0.195843,0.423463,0.771169
chartqa,1792,1024,68,iter068,chartqa_val_68,28,16384,4096,10,368.395,0.727,2.29,331.231,28.141,428.334,430.664,201.562,22.396,632.226,812.449,15.817,44.651,0.582696,1.260197,0.318813
chartqa,1792,1024,69,iter069,chartqa_val_69,31,16384,4096,134,368.505,0.729,2.275,331.775,28.062,428.133,430.35,2973.781,22.359,3404.131,3571.976,39.364,44.724,0.108252,0.234021,0.87358
chartqa,1792,1024,70,iter070,chartqa_val_70,34,16384,4096,133,368.516,0.731,2.297,330.872,28.207,428.542,431.09,3083.578,23.36,3514.667,3679.289,37.841,42.807,0.104851,0.226781,0.877346
chartqa,1792,1024,71,iter071,chartqa_val_71,37,16384,4096,163,358.323,0.728,2.284,321.853,28.084,794.268,796.648,3553.795,21.937,4350.443,4520.799,37.467,45.585,0.082365,0.264936,0.816881
chartqa,1792,1024,72,iter072,chartqa_val_72,31,16384,4096,17,357.584,0.726,2.33,322.862,28.124,417.573,420.165,347.167,21.698,767.333,947.036,22.155,46.087,0.466009,1.010197,0.452434
chartqa,1792,1024,73,iter073,chartqa_val_73,32,16384,4096,121,359.329,0.731,2.318,322.623,28.119,419.281,421.77,2683.092,22.359,3104.862,3303.668,38.971,44.725,0.115731,0.250771,0.864158
chartqa,1792,1024,74,iter074,chartqa_val_74,28,16384,4096,18,363.491,0.727,2.302,326.669,28.202,423.147,425.512,378.209,22.248,803.721,979.684,22.396,44.949,0.45226,0.978746,0.470572
chartqa,1792,1024,75,iter075,chartqa_val_75,31,16384,4096,190,366.356,0.73,2.312,329.586,28.083,426.124,428.379,4161.46,22.018,4589.839,4755.446,41.396,45.417,0.079819,0.17266,0.906668
chartqa,1792,1024,76,iter076,chartqa_val_76,29,16384,4096,14,351.604,0.731,2.307,315.041,28.13,411.296,413.882,273.346,21.027,687.228,874.284,20.372,47.559,0.511626,1.110112,0.397751
chartqa,1792,1024,77,iter077,chartqa_val_77,30,16384,4096,187,367.385,0.729,2.325,330.273,28.169,427.261,430.024,4082.185,21.947,4512.209,4685.658,41.443,45.564,0.08142,0.17611,0.904698
chartqa,1792,1024,78,iter078,chartqa_val_78,30,16384,4096,26,366.929,0.731,2.286,329.825,28.083,426.953,429.352,541.675,21.667,971.027,1157.811,26.776,46.153,0.377878,0.817571,0.557837
chartqa,1792,1024,79,iter079,chartqa_val_79,36,16384,4096,26,359.402,0.728,2.278,322.889,28.07,419.24,421.561,546.182,21.847,967.743,1137.617,26.867,45.772,0.371382,0.804596,0.564387
chartqa,1792,1024,80,iter080,chartqa_val_80,35,16384,4096,21,479.947,0.732,2.295,441.607,28.104,539.704,542.267,416.31,20.815,958.577,1149.207,21.907,48.041,0.500687,1.063713,0.4343
chartqa,1792,1024,81,iter081,chartqa_val_81,33,16384,4096,133,362.428,0.731,2.31,322.925,28.122,422.184,425.127,2942.452,22.291,3367.579,3555.012,39.494,44.861,0.107623,0.23299,0.873759
chartqa,1792,1024,82,iter082,chartqa_val_82,29,16384,4096,14,368.033,0.731,2.305,330.414,28.183,427.835,430.536,305.755,23.52,736.291,938.131,19.014,42.518,0.499847,1.080916,0.415264
chartqa,1792,1024,83,iter083,chartqa_val_83,31,16384,4096,150,364.534,0.731,2.267,327.376,28.09,424.138,426.434,3173.755,21.3,3600.189,3767.075,41.664,46.948,0.101254,0.219064,0.881552
chartqa,1792,1024,84,iter084,chartqa_val_84,30,16384,4096,24,351.109,0.729,2.261,313.96,28.125,411.164,413.612,483.381,21.017,896.993,1077.169,26.756,47.582,0.391429,0.849809,0.538891
chartqa,1792,1024,85,iter085,chartqa_val_85,34,16384,4096,334,350.175,0.73,2.256,313.251,28.093,409.707,412.024,7033.03,21.12,7445.054,7614.831,44.862,47.348,0.047035,0.102065,0.944658
chartqa,1792,1024,86,iter086,chartqa_val_86,38,16384,4096,23,354.124,0.73,2.262,317.726,28.081,413.694,416.077,464.181,21.099,880.257,1046.811,26.129,47.395,0.402296,0.872266,0.527324
chartqa,1792,1024,87,iter087,chartqa_val_87,38,16384,4096,39,345.576,0.73,2.264,308.74,28.067,405.39,407.622,780.081,20.528,1187.704,1357.871,32.836,48.713,0.290961,0.632284,0.656798
chartqa,1792,1024,88,iter088,chartqa_val_88,29,16384,4096,55,347.983,0.731,2.263,310.78,28.086,407.495,409.739,1117.151,20.688,1526.89,1689.558,36.021,48.337,0.227903,0.494782,0.731651
chartqa,1792,1024,89,iter089,chartqa_val_89,46,16384,4096,185,363.875,0.73,2.327,326.831,28.104,424.043,427.064,4084.328,22.197,4511.392,4691.325,41.007,45.05,0.080657,0.174651,0.905337
chartqa,1792,1024,90,iter090,chartqa_val_90,27,16384,4096,45,365.649,0.73,2.294,329.017,28.098,425.401,427.789,974.899,22.157,1402.688,1583.877,32.081,45.133,0.260677,0.563952,0.695022
chartqa,1792,1024,91,iter091,chartqa_val_91,30,16384,4096,63,371.842,0.728,2.285,334.948,28.126,431.741,434.002,1404.216,22.649,1838.219,2009.605,34.272,44.153,0.202284,0.437153,0.763901
chartqa,1792,1024,92,iter092,chartqa_val_92,30,16384,4096,14,362.956,0.729,2.276,325.484,28.058,422.572,424.831,284.214,21.863,709.045,885.272,19.745,45.74,0.511894,1.107867,0.40084
chartqa,1792,1024,93,iter093,chartqa_val_93,31,16384,4096,44,350.508,0.726,2.306,311.98,28.057,410.429,413.05,881.864,20.508,1294.914,1477.229,33.979,48.76,0.27068,0.587635,0.681021
chartqa,1792,1024,94,iter094,chartqa_val_94,30,16384,4096,61,361.255,0.73,2.329,321.813,28.088,421.404,424.279,1312.218,21.87,1736.497,1909.51,35.128,45.724,0.208037,0.450712,0.75567
chartqa,1792,1024,95,iter095,chartqa_val_95,34,16384,4096,86,358.736,0.73,2.281,322.398,28.089,418.538,420.959,1846.582,21.724,2267.541,2442.847,37.927,46.031,0.158205,0.342783,0.814355
chartqa,1792,1024,96,iter096,chartqa_val_96,32,16384,4096,34,359.19,0.732,2.278,322.103,28.128,419.123,421.661,694.942,21.059,1116.603,1290.535,30.45,47.486,0.321681,0.697036,0.622372
chartqa,1792,1024,97,iter097,chartqa_val_97,35,16384,4096,110,359.138,0.731,2.264,322.677,28.119,418.768,421.119,2301.884,21.118,2723.003,2891.444,40.397,47.353,0.13189,0.285679,0.845348
chartqa,1792,1024,98,iter098,chartqa_val_98,30,16384,4096,141,356.085,0.727,2.27,318.77,28.128,415.987,418.291,2978.036,21.272,3396.327,3563.935,41.515,47.011,0.104844,0.227326,0.87684
chartqa,1792,1024,99,iter099,chartqa_val_99,34,16384,4096,223,360.076,0.731,2.324,323.047,28.108,420.103,422.91,4914.48,22.137,5337.39,5508.211,41.781,45.173,0.067463,0.146172,0.920765
chartqa,1792,1024,100,iter100,chartqa_val_100,29,16384,4096,55,349.768,0.731,2.32,312.871,28.079,409.406,412.039,1134.502,21.009,1546.54,1721.763,35.563,47.598,0.226162,0.490885,0.733574
chartqa,1792,1024,101,iter101,chartqa_val_101,49,16384,4096,133,357.514,0.732,2.278,320.712,28.103,417.287,419.484,2775.067,21.023,3194.551,3364.947,41.633,47.566,0.111914,0.242538,0.868688
chartqa,1792,1024,102,iter102,chartqa_val_102,28,16384,4096,10,345.615,0.727,2.281,309.242,28.055,405.473,407.778,185.134,20.57,592.912,763.088,16.866,48.614,0.582912,1.266779,0.312245
chartqa,1792,1024,103,iter103,chartqa_val_103,31,16384,4096,92,347.023,0.732,2.26,310.001,28.112,406.736,408.991,1918.698,21.085,2327.689,2493.849,39.524,47.428,0.149085,0.323823,0.824293
chartqa,1792,1024,104,iter104,chartqa_val_104,30,16384,4096,11,367.515,0.727,2.276,329.575,28.235,427.348,429.608,206.827,20.683,636.435,808.726,17.284,48.35,0.577458,1.248931,0.324978
chartqa,1792,1024,105,iter105,chartqa_val_105,34,16384,4096,131,350.382,0.728,2.285,313.555,28.093,409.957,412.116,2674.167,20.571,3086.283,3251.316,42.446,48.613,0.113529,0.246361,0.866469
chartqa,1792,1024,106,iter106,chartqa_val_106,27,16384,4096,28,346.583,0.727,2.264,309.432,28.08,406.287,408.545,558.995,20.704,967.539,1146.345,28.939,48.301,0.358211,0.778128,0.577749
chartqa,1792,1024,107,iter107,chartqa_val_107,35,16384,4096,131,361.006,0.731,2.305,323.794,28.071,421.077,423.883,2813.138,21.64,3237.02,3423.356,40.469,46.212,0.111524,0.241606,0.869052
chartqa,1792,1024,108,iter108,chartqa_val_108,29,16384,4096,13,362.958,0.73,2.303,323.68,28.079,422.509,424.979,264.825,22.069,689.804,866.976,18.846,45.313,0.526175,1.13868,0.383913
chartqa,1792,1024,109,iter109,chartqa_val_109,30,16384,4096,46,361.721,0.729,2.282,323.526,28.087,421.416,423.642,1003.02,22.289,1426.662,1586.488,32.243,44.865,0.253544,0.54893,0.703054
chartqa,1792,1024,110,iter110,chartqa_val_110,31,16384,4096,19,361.986,0.731,2.277,325.563,28.078,421.738,424.045,399.664,22.204,823.709,1004.03,23.066,45.038,0.439459,0.951457,0.485201
chartqa,1792,1024,111,iter111,chartqa_val_111,32,16384,4096,138,366.099,0.731,2.283,328.84,28.079,426.284,428.576,3065.334,22.375,3493.911,3674.217,39.497,44.693,0.104782,0.22679,0.877336
chartqa,1792,1024,112,iter112,chartqa_val_112,30,16384,4096,14,359.823,0.731,2.327,320.352,28.103,419.492,422.149,286.536,22.041,708.685,881.596,19.755,45.37,0.507734,1.099664,0.404321
chartqa,1792,1024,113,iter113,chartqa_val_113,30,16384,4096,130,348.921,0.728,2.279,309.169,28.112,408.842,411.061,2665.907,20.666,3076.968,3252.141,42.249,48.389,0.113398,0.246269,0.866407
chartqa,1792,1024,114,iter114,chartqa_val_114,28,16384,4096,13,363.646,0.729,2.262,326.262,28.11,423.257,425.609,251.331,20.944,676.94,834.764,19.204,47.746,0.53719,1.16244,0.371275
chartqa,1792,1024,115,iter115,chartqa_val_115,31,16384,4096,202,365.839,0.73,2.265,327.37,28.084,425.793,428.015,4518.749,22.481,4946.764,5089.326,40.835,44.481,0.073955,0.16003,0.913476
chartqa,1792,1024,116,iter116,chartqa_val_116,30,16384,4096,7,358.468,0.727,2.278,322.058,28.067,418.401,420.762,132.047,22.008,552.808,727.62,12.663,45.439,0.648449,1.405314,0.238865
chartqa,1792,1024,117,iter117,chartqa_val_117,34,16384,4096,39,494.708,0.727,2.302,457.984,28.088,554.555,556.764,833.658,21.938,1390.422,1544.732,28.049,45.582,0.355797,0.754636,0.599572
chartqa,1792,1024,118,iter118,chartqa_val_118,29,16384,4096,33,368.162,0.726,2.359,331.088,28.095,428.088,430.474,719.53,22.485,1150.004,1324.606,28.696,44.473,0.320139,0.692389,0.625676
chartqa,1792,1024,119,iter119,chartqa_val_119,33,16384,4096,65,359.153,0.734,2.252,322.539,28.098,418.717,420.968,1419.102,22.173,1840.07,2007.837,35.325,45.099,0.195184,0.422739,0.771222
chartqa,1792,1024,120,iter120,chartqa_val_120,30,16384,4096,38,369.077,0.727,2.247,329.554,28.327,428.531,430.838,831.445,22.471,1262.283,1442.799,30.104,44.501,0.292388,0.631877,0.658683
chartqa,1792,1024,121,iter121,chartqa_val_121,31,16384,4096,23,359.692,0.728,2.297,322.755,28.092,419.309,421.814,484.249,22.011,906.063,1056.764,25.385,45.431,0.396984,0.859765,0.534454
chartqa,1792,1024,122,iter122,chartqa_val_122,33,16384,4096,27,376.921,0.728,2.31,336.969,28.082,436.768,439.678,531.557,20.444,971.235,1167.816,27.8,48.913,0.388085,0.837788,0.5473
chartqa,1792,1024,123,iter123,chartqa_val_123,39,16384,4096,71,363.88,0.729,2.335,325.895,28.077,810.701,813.629,1570.069,22.43,2383.698,2564.814,29.786,44.584,0.152654,0.492756,0.658669
chartqa,1792,1024,124,iter124,chartqa_val_124,45,16384,4096,28,361.312,0.731,2.342,322.29,28.201,796.558,799.185,624.7,23.137,1423.885,1611.318,19.665,43.221,0.25375,0.813177,0.438729
chartqa,1792,1024,125,iter125,chartqa_val_125,44,16384,4096,80,365.672,0.729,2.315,326.983,28.089,425.433,428.377,1751.86,22.175,2180.237,2347.495,36.693,45.095,0.167721,0.362853,0.803518
chartqa,1792,1024,126,iter126,chartqa_val_126,29,16384,4096,16,366.22,0.729,2.302,327.085,28.144,426.036,428.449,337.82,22.521,766.269,943.554,20.88,44.402,0.477926,1.033914,0.440864
chartqa,1792,1024,127,iter127,chartqa_val_127,32,16384,4096,36,380.181,0.732,2.319,338.584,28.09,440.317,442.956,820.93,23.455,1263.886,1442.972,28.484,42.635,0.300803,0.649187,0.649529
chartqa,1792,1024,128,iter128,chartqa_val_128,28,16384,4096,20,356.216,0.73,2.295,318.943,28.08,416.225,418.776,399.674,21.035,818.45,995.199,24.436,47.539,0.435232,0.943784,0.48833
chartqa,1792,1024,129,iter129,chartqa_val_129,29,16384,4096,39,366.606,0.727,2.298,326.233,28.107,426.413,428.654,858.329,22.588,1286.983,1444.781,30.303,44.272,0.284857,0.616185,0.666931
chartqa,1792,1024,130,iter130,chartqa_val_130,28,16384,4096,35,363.713,0.728,2.278,326.651,28.108,423.271,425.62,743.484,21.867,1169.104,1348.635,29.937,45.731,0.311104,0.673151,0.635944
chartqa,1792,1024,131,iter131,chartqa_val_131,34,16384,4096,67,366.279,0.727,2.288,329.583,28.137,425.952,428.262,1471.893,22.301,1900.155,2078.711,35.26,44.84,0.192763,0.41693,0.774617
chartqa,1792,1024,132,iter132,chartqa_val_132,30,16384,4096,63,349.69,0.728,2.298,312.401,28.065,409.602,411.951,1294.99,20.887,1706.941,1881.155,36.908,47.877,0.204864,0.444827,0.758661
chartqa,1792,1024,133,iter133,chartqa_val_133,36,16384,4096,74,359.823,0.726,2.283,325.547,28.132,419.957,422.321,1586.026,21.726,2008.347,2189.88,36.846,46.027,0.179164,0.388269,0.789717
chartqa,1792,1024,134,iter134,chartqa_val_134,44,16384,4096,28,351.536,0.731,2.32,315.046,28.108,411.719,414.331,571.657,21.172,985.988,1147.408,28.398,47.231,0.356531,0.774101,0.579781
chartqa,1792,1024,135,iter135,chartqa_val_135,49,16384,4096,68,352.875,0.728,2.283,316.457,28.119,412.859,415.342,1443.378,21.543,1858.72,2024.38,36.584,46.419,0.189848,0.411968,0.776544
chartqa,1792,1024,136,iter136,chartqa_val_136,37,16384,4096,22,363.796,0.729,2.291,326.274,28.093,423.506,425.813,448.716,21.367,874.529,1020.352,25.156,46.8,0.415991,0.900259,0.513095
chartqa,1792,1024,137,iter137,chartqa_val_137,41,16384,4096,26,346.865,0.729,2.267,309.19,28.08,773.072,775.341,526.902,21.076,1302.244,1458.43,19.966,47.447,0.266359,0.860006,0.404611
chartqa,1792,1024,138,iter138,chartqa_val_138,29,16384,4096,28,362.687,0.73,2.315,323.754,28.155,422.974,425.342,610.526,22.612,1035.868,1185.277,27.03,44.224,0.350128,0.758457,0.589386
chartqa,1792,1024,139,iter139,chartqa_val_139,33,16384,4096,30,355.581,0.724,2.292,316.27,28.091,415.627,418.005,625.198,21.559,1043.204,1202.877,28.758,46.385,0.340855,0.739269,0.599306
chartqa,1792,1024,140,iter140,chartqa_val_140,30,16384,4096,29,375.321,0.729,2.352,337.416,28.136,435.498,439.042,633.099,22.611,1072.141,1284.084,27.049,44.227,0.350066,0.756261,0.5905
chartqa,1792,1024,141,iter141,chartqa_val_141,31,16384,4096,94,372.63,0.73,2.31,331.009,28.063,432.812,435.289,2076.415,22.327,2511.705,2686.847,37.425,44.789,0.148358,0.320676,0.826696
chartqa,1792,1024,142,iter142,chartqa_val_142,29,16384,4096,36,371.455,0.725,2.333,333.827,28.207,431.663,434.184,787.721,22.506,1221.905,1387.991,29.462,44.432,0.303996,0.657267,0.644666
chartqa,1792,1024,143,iter143,chartqa_val_143,41,16384,4096,136,375.747,0.731,2.315,339.327,28.1,435.719,438.073,3153.269,23.358,3591.342,3770.62,37.869,42.813,0.104626,0.225951,0.87802
chartqa,1792,1024,144,iter144,chartqa_val_144,29,16384,4096,27,376.788,0.733,2.322,339.304,28.11,436.639,439.203,599.904,23.073,1039.107,1207.731,25.984,43.34,0.362608,0.782814,0.577327
chartqa,1792,1024,145,iter145,chartqa_val_145,31,16384,4096,49,367.318,0.731,2.302,329.861,28.119,427.198,429.871,1073.03,22.355,1502.901,1664.543,32.604,44.733,0.244406,0.528655,0.713973
chartqa,1792,1024,146,iter146,chartqa_val_146,29,16384,4096,65,366.703,0.725,2.311,327.945,28.119,426.529,429.272,1453.055,22.704,1882.327,2065.784,34.532,44.045,0.194814,0.42141,0.771946
chartqa,1792,1024,147,iter147,chartqa_val_147,37,16384,4096,129,364.648,0.732,2.313,327.778,28.116,424.664,427.227,2963.975,23.156,3391.202,3567.657,38.04,43.185,0.107528,0.232753,0.874019
chartqa,1792,1024,148,iter148,chartqa_val_148,30,16384,4096,29,364.037,0.728,2.294,326.901,28.12,423.725,426.243,634.022,22.644,1060.265,1199.793,27.352,44.163,0.343345,0.742986,0.597984
chartqa,1792,1024,149,iter149,chartqa_val_149,38,16384,4096,140,363.883,0.731,2.279,326.925,28.08,423.809,426.128,3140.738,22.595,3566.865,3738.144,39.25,44.257,0.102018,0.220836,0.880532
chartqa,1792,1024,150,iter150,chartqa_val_150,29,16384,4096,22,367.89,0.731,2.335,330.177,28.297,427.889,430.841,481.143,22.912,911.984,1139.441,24.123,43.646,0.403395,0.872579,0.527578
chartqa,1792,1024,151,iter151,chartqa_val_151,31,16384,4096,153,356.844,0.731,2.283,318.293,28.144,416.582,418.973,3329.607,21.905,3748.58,3926.293,40.815,45.651,0.095195,0.206325,0.888231
chartqa,1792,1024,152,iter152,chartqa_val_152,27,16384,4096,10,356.525,0.725,2.304,319.655,28.188,416.29,418.622,196.668,21.852,615.29,782.675,16.253,45.762,0.579443,1.256019,0.319634
chartqa,1792,1024,153,iter153,chartqa_val_153,31,16384,4096,11,367.089,0.73,2.294,329.899,28.151,427.091,429.459,228.447,22.845,657.906,833.712,16.72,43.774,0.557966,1.207133,0.347233
chartqa,1792,1024,154,iter154,chartqa_val_154,31,16384,4096,45,356.203,0.729,2.258,318.765,28.083,415.77,418.001,948.081,21.547,1366.082,1525.619,32.941,46.41,0.260748,0.5651,0.694015
chartqa,1792,1024,155,iter155,chartqa_val_155,31,16384,4096,15,474.409,0.729,2.308,435.872,28.082,534.117,537.028,288.243,20.589,825.27,1005.372,18.176,48.57,0.574853,1.222056,0.349271
chartqa,1792,1024,156,iter156,chartqa_val_156,28,16384,4096,32,362.867,0.73,2.268,325.616,28.125,422.567,425.004,686.354,22.14,1111.358,1295.575,28.794,45.166,0.326508,0.706734,0.617581
chartqa,1792,1024,157,iter157,chartqa_val_157,30,16384,4096,150,366.603,0.732,2.259,328.476,28.111,426.292,428.711,3281.151,22.021,3709.862,3886.153,40.433,45.411,0.098818,0.213726,0.88444
chartqa,1792,1024,158,iter158,chartqa_val_158,30,16384,4096,33,361.545,0.729,2.291,324.491,28.093,421.108,423.574,699.272,21.852,1122.846,1298.837,29.39,45.762,0.32199,0.697026,0.622767
chartqa,1792,1024,159,iter159,chartqa_val_159,30,16384,4096,17,363.726,0.729,2.274,326.687,28.085,423.144,425.447,351.147,21.947,776.595,949.199,21.89,45.565,0.46836,1.013232,0.452163
chartqa,1792,1024,160,iter160,chartqa_val_160,30,16384,4096,25,349.933,0.731,2.256,312.779,28.076,409.99,412.484,499.242,20.802,911.726,1088.253,27.421,48.073,0.383814,0.833499,0.547579
chartqa,1792,1024,161,iter161,chartqa_val_161,44,16384,4096,200,350.048,0.731,2.277,312.763,28.078,409.683,412.127,4179.518,21.003,4591.645,4767.412,43.557,47.613,0.076236,0.165459,0.910244
chartqa,1792,1024,162,iter162,chartqa_val_162,30,16384,4096,60,356.348,0.724,2.288,319.116,28.082,415.899,418.445,1251.901,21.219,1670.346,1840.036,35.921,47.128,0.213338,0.462328,0.749486
chartqa,1792,1024,163,iter163,chartqa_val_163,34,16384,4096,578,366.856,0.73,2.287,325.009,28.113,426.815,429.118,12665.541,21.951,13094.659,13255.303,44.14,45.557,0.028016,0.06061,0.96723
chartqa,1792,1024,164,iter164,chartqa_val_164,34,16384,4096,48,353.762,0.727,2.322,314.842,28.131,413.831,416.441,1069.186,22.749,1485.627,1751.264,32.31,43.959,0.238123,0.51668,0.719686
chartqa,1792,1024,165,iter165,chartqa_val_165,31,16384,4096,46,350.075,0.729,2.289,314.952,28.11,409.865,412.245,957.709,21.282,1369.953,1529.663,33.578,46.987,0.255538,0.554719,0.699081
chartqa,1792,1024,166,iter166,chartqa_val_166,40,16384,4096,30,351.083,0.725,2.285,314.14,28.139,410.945,413.291,606.9,20.928,1020.191,1362.003,29.406,47.784,0.344135,0.746946,0.594889
chartqa,1792,1024,167,iter167,chartqa_val_167,50,16384,4096,49,354.731,0.727,2.271,313.222,28.113,785.387,787.679,1023.784,21.329,1811.463,1963.21,27.05,46.885,0.195826,0.629391,0.56517
chartqa,1792,1024,168,iter168,chartqa_val_168,33,16384,4096,11,360.802,0.731,2.286,321.268,28.125,420.577,422.956,216.471,21.647,639.428,798.25,17.203,46.195,0.564258,1.221999,0.338539
chartqa,1792,1024,169,iter169,chartqa_val_169,35,16384,4096,39,361.212,0.728,2.264,324.249,28.071,420.861,423.109,822.334,21.64,1245.444,1412.715,31.314,46.21,0.290027,0.627947,0.660274
chartqa,1792,1024,170,iter170,chartqa_val_170,29,16384,4096,69,347.795,0.728,2.266,311.197,28.076,407.285,409.536,1420.804,20.894,1830.341,2003.299,37.698,47.86,0.190017,0.412535,0.776251
chartqa,1792,1024,171,iter171,chartqa_val_171,32,16384,4096,401,351.461,0.729,2.274,314.474,28.102,411.231,413.668,8676.671,21.692,9090.339,9277.782,44.113,46.101,0.038663,0.083901,0.954494
chartqa,1792,1024,172,iter172,chartqa_val_172,33,16384,4096,59,363.055,0.73,2.322,325.792,28.126,423.04,425.616,1262.234,21.763,1687.849,1876.906,34.956,45.95,0.215099,0.465737,0.747835
chartqa,1792,1024,173,iter173,chartqa_val_173,42,16384,4096,96,354.454,0.727,2.305,316.909,28.172,789.064,791.506,2166.384,22.804,2957.89,3159.141,32.456,43.852,0.119833,0.386599,0.732409
chartqa,1792,1024,174,iter174,chartqa_val_174,27,16384,4096,33,358.466,0.73,2.283,321.255,28.082,418.337,421.053,687.942,21.498,1108.995,1292.07,29.757,46.516,0.323235,0.700457,0.620329
chartqa,1792,1024,175,iter175,chartqa_val_175,45,16384,4096,98,366.908,0.727,2.339,329.605,28.171,427.099,429.989,2202.242,22.704,2632.231,2819.252,37.231,44.046,0.13939,0.301648,0.836645
chartqa,1792,1024,176,iter176,chartqa_val_176,37,16384,4096,204,363.883,0.731,2.312,327.057,28.113,423.764,426.062,4516.211,22.247,4942.272,5107.956,41.277,44.949,0.073627,0.159369,0.913792
chartqa,1792,1024,177,iter177,chartqa_val_177,40,16384,4096,172,364.153,0.727,2.331,326.747,28.1,424.142,426.706,3794.28,22.189,4220.986,4462.017,40.749,45.068,0.086272,0.186756,0.898908
chartqa,1792,1024,178,iter178,chartqa_val_178,34,16384,4096,34,363.816,0.728,2.277,326.863,28.09,423.498,425.835,729.212,22.097,1155.047,1325.704,29.436,45.254,0.31498,0.68163,0.631326
chartqa,1792,1024,179,iter179,chartqa_val_179,42,16384,4096,33,355.549,0.727,2.315,318.696,28.185,415.401,418.024,689.603,21.55,1107.627,1275.994,29.793,46.403,0.321,0.696037,0.622595
chartqa,1792,1024,180,iter180,chartqa_val_180,33,16384,4096,18,384.794,0.733,2.31,343.276,28.918,445.125,447.653,425.704,25.041,873.357,1050.186,20.61,39.934,0.440591,0.950262,0.487434
chartqa,1792,1024,181,iter181,chartqa_val_181,40,16384,4096,66,365.576,0.73,2.321,327.285,28.095,425.949,428.54,1454.14,22.371,1882.681,2066.238,35.056,44.7,0.194178,0.420424,0.772378
chartqa,1792,1024,182,iter182,chartqa_val_182,48,16384,4096,293,367.628,0.725,2.324,330.29,28.162,812.113,814.692,6564.182,22.48,7378.875,7552.08,39.708,44.484,0.049822,0.159881,0.889591
chartqa,1792,1024,183,iter183,chartqa_val_183,39,16384,4096,87,371.239,0.731,2.353,333.357,28.246,431.595,434.546,2096.765,24.381,2531.311,2703.209,34.37,41.016,0.146659,0.317162,0.828332
chartqa,1792,1024,184,iter184,chartqa_val_184,33,16384,4096,20,372.584,0.732,2.313,335.18,28.112,432.496,435.057,441.392,23.231,876.449,1051.622,22.819,43.046,0.425107,0.918571,0.503614
chartqa,1792,1024,185,iter185,chartqa_val_185,42,16384,4096,2,382.197,0.728,2.29,344.893,28.108,442.029,444.581,36.125,36.125,480.706,664.151,4.161,27.682,0.795075,1.714616,0.075149
chartqa,1792,1024,186,iter186,chartqa_val_186,33,16384,4096,32,377.781,0.732,2.319,340.699,28.189,437.564,439.939,725.572,23.406,1165.511,1331.313,27.456,42.725,0.324134,0.69956,0.622535
chartqa,1792,1024,187,iter187,chartqa_val_187,33,16384,4096,50,376.805,0.732,2.291,339.6,28.052,436.436,438.813,1140.944,23.285,1579.757,1751.18,31.65,42.947,0.238521,0.514788,0.722228
chartqa,1792,1024,188,iter188,chartqa_val_188,35,16384,4096,33,373.865,0.731,2.27,337.251,28.073,433.629,435.927,739.27,23.102,1175.197,1324.355,28.08,43.286,0.31813,0.687113,0.629061
chartqa,1792,1024,189,iter189,chartqa_val_189,32,16384,4096,57,369.686,0.727,2.287,333.117,28.094,429.619,432.072,1266.081,22.609,1698.153,1862.996,33.566,44.231,0.217699,0.470691,0.745564
chartqa,1792,1024,190,iter190,chartqa_val_190,37,16384,4096,54,365.871,0.731,2.312,328.547,28.085,425.915,428.42,1193.013,22.51,1621.433,1778.525,33.304,44.425,0.225647,0.488325,0.735777
chartqa,1792,1024,191,iter191,chartqa_val_191,34,16384,4096,18,350.259,0.73,2.324,312.789,28.091,410.354,413.047,369.231,21.719,782.278,988.758,23.01,46.042,0.447742,0.972306,0.471995
chartqa,1792,1024,192,iter192,chartqa_val_192,44,16384,4096,122,498.698,0.728,2.265,461.57,28.221,558.458,560.721,2874.416,23.756,3435.137,3606.307,35.515,42.096,0.145175,0.307748,0.836769
chartqa,1792,1024,193,iter193,chartqa_val_193,43,16384,4096,3,359.187,0.729,2.268,322.133,28.085,787.604,789.96,44.176,22.088,834.136,1013.222,3.597,45.274,0.43061,1.374825,0.05296
chartqa,1792,1024,194,iter194,chartqa_val_194,36,16384,4096,30,353.277,0.73,2.292,316.496,28.149,413.34,415.757,613.646,21.16,1029.403,1239.119,29.143,47.259,0.343186,0.74472,0.596118
chartqa,1792,1024,195,iter195,chartqa_val_195,43,16384,4096,3,355.198,0.73,2.269,317.83,28.116,415.5,417.853,43.694,21.847,461.547,620.767,6.5,45.773,0.769581,1.669815,0.094668
chartqa,1792,1024,196,iter196,chartqa_val_196,32,16384,4096,19,359.14,0.73,2.278,321.73,28.135,419.297,421.639,388.329,21.574,809.968,975.09,23.458,46.352,0.4434,0.961072,0.479438
chartqa,1792,1024,197,iter197,chartqa_val_197,40,16384,4096,268,359.598,0.733,2.294,322.292,28.16,419.55,421.894,5901.051,22.101,6322.944,6467.671,42.385,45.246,0.056872,0.123225,0.933276
chartqa,1792,1024,198,iter198,chartqa_val_198,28,16384,4096,17,357.539,0.728,2.271,322.804,28.139,417.576,420.05,350.09,21.881,770.14,970.564,22.074,45.703,0.464251,1.00646,0.45458
chartqa,1792,1024,199,iter199,chartqa_val_199,34,16384,4096,56,357.024,0.729,2.29,320.073,28.096,416.672,419.145,1180.926,21.471,1600.071,1758.222,34.998,46.574,0.22313,0.483539,0.738046
chartqa,1792,1024,200,iter200,chartqa_val_200,35,16384,4096,87,356.023,0.732,2.257,319.712,28.104,415.552,417.933,1872.069,21.768,2290.001,2448.179,37.991,45.938,0.155469,0.336932,0.817497
chartqa,1792,1024,201,iter201,chartqa_val_201,35,16384,4096,35,369.228,0.732,2.272,327.768,28.106,429.201,431.55,748.439,22.013,1179.989,1356.255,29.661,45.428,0.312908,0.676641,0.634276
chartqa,1792,1024,202,iter202,chartqa_val_202,30,16384,4096,9,364.676,0.729,2.303,327.586,28.086,424.566,427.338,179.065,22.383,606.403,772.855,14.842,44.676,0.601376,1.301514,0.295291
chartqa,1792,1024,203,iter203,chartqa_val_203,48,16384,4096,180,363.729,0.728,2.289,326.994,28.112,423.76,426.046,3962.358,22.136,4388.404,4550.947,41.017,45.175,0.082884,0.179448,0.902916
chartqa,1792,1024,204,iter204,chartqa_val_204,30,16384,4096,46,357.888,0.728,2.32,320.915,28.097,417.821,420.354,946.86,21.041,1367.215,1544.397,33.645,47.525,0.261764,0.567364,0.692547
chartqa,1792,1024,205,iter205,chartqa_val_205,36,16384,4096,408,364.082,0.728,2.31,327.067,28.121,424.08,426.897,9162.28,22.512,9589.178,9769.164,42.548,44.421,0.037968,0.082193,0.955481
chartqa,1792,1024,206,iter206,chartqa_val_206,41,16384,4096,192,362.949,0.729,2.475,325.013,28.085,423.3,426.247,4157.792,21.769,4584.04,5195.356,41.884,45.938,0.079177,0.171519,0.907015
chartqa,1792,1024,207,iter207,chartqa_val_207,46,16384,4096,55,363.439,0.733,2.283,326.475,28.079,423.379,425.774,1193.447,22.101,1619.222,1839.582,33.967,45.247,0.224453,0.485923,0.73705
chartqa,1792,1024,208,iter208,chartqa_val_208,31,16384,4096,8,364.676,0.73,2.303,327.661,28.119,424.441,426.885,157.709,22.53,584.593,757.822,13.685,44.386,0.623812,1.349858,0.269775
chartqa,1792,1024,209,iter209,chartqa_val_209,39,16384,4096,8,360.862,0.73,2.301,322.875,28.108,420.827,423.326,153.588,21.941,576.914,739.605,13.867,45.576,0.625504,1.354947,0.266224
chartqa,1792,1024,210,iter210,chartqa_val_210,33,16384,4096,42,363.756,0.728,2.311,326.848,28.162,423.584,425.947,907.879,22.143,1333.826,1505.243,31.488,45.16,0.272716,0.590287,0.680658
chartqa,1792,1024,211,iter211,chartqa_val_211,39,16384,4096,46,365.847,0.728,2.272,328.436,28.2,425.746,428.061,1042.65,23.17,1470.711,1635.931,31.277,43.159,0.248755,0.538238,0.708943
chartqa,1792,1024,212,iter212,chartqa_val_212,31,16384,4096,12,361.416,0.731,2.321,323.825,28.098,421.264,424.021,241.63,21.966,665.652,843.573,18.027,45.524,0.54295,1.175811,0.362998
chartqa,1792,1024,213,iter213,chartqa_val_213,43,16384,4096,39,362.674,0.728,2.29,325.845,28.071,422.467,424.751,830.636,21.859,1255.387,1427.201,31.066,45.748,0.288894,0.625418,0.661658
chartqa,1792,1024,214,iter214,chartqa_val_214,30,16384,4096,13,356.911,0.73,2.262,319.958,28.088,416.946,419.181,260.837,21.736,680.017,838.987,19.117,46.006,0.524855,1.137995,0.383573
chartqa,1792,1024,215,iter215,chartqa_val_215,34,16384,4096,211,369.21,0.729,2.277,331.904,28.078,428.838,431.107,4655.392,22.169,5086.499,5256.618,41.482,45.109,0.072586,0.156895,0.915245
chartqa,1792,1024,216,iter216,chartqa_val_216,30,16384,4096,7,359.546,0.731,2.314,322.277,28.092,419.281,421.769,132.46,22.077,554.229,738.538,12.63,45.297,0.648733,1.405245,0.238999
chartqa,1792,1024,217,iter217,chartqa_val_217,43,16384,4096,52,361.256,0.728,2.288,324.457,28.116,421.063,423.431,1114.131,21.846,1537.561,1759.078,33.82,45.776,0.234954,0.508805,0.724609
chartqa,1792,1024,218,iter218,chartqa_val_218,31,16384,4096,7,368.561,0.732,2.288,331.702,28.103,429.007,431.356,136.082,22.68,567.438,799.965,12.336,44.091,0.649518,1.40556,0.239818
chartqa,1792,1024,219,iter219,chartqa_val_219,33,16384,4096,69,359.022,0.732,2.27,322.556,28.093,418.563,420.848,1537.432,22.609,1958.28,2188.702,35.235,44.23,0.183335,0.397076,0.785093
chartqa,1792,1024,220,iter220,chartqa_val_220,33,16384,4096,89,364.731,0.726,2.289,328.002,28.068,424.439,426.754,1973.997,22.432,2400.751,2616.14,37.072,44.58,0.151924,0.328718,0.822241
chartqa,1792,1024,221,iter221,chartqa_val_221,31,16384,4096,60,359.35,0.731,2.281,322.637,28.093,419.521,421.837,1277.501,21.653,1699.338,1933.753,35.308,46.184,0.211465,0.458338,0.751764
chartqa,1792,1024,222,iter222,chartqa_val_222,46,16384,4096,82,365.427,0.732,2.274,328.161,28.094,425.264,427.633,1819.529,22.463,2247.163,2463.513,36.49,44.517,0.162617,0.351862,0.809701
chartqa,1792,1024,223,iter223,chartqa_val_223,35,16384,4096,17,375.501,0.73,2.338,336.457,28.09,435.53,438.592,351.892,21.993,790.485,1546.921,21.506,45.468,0.475027,1.025992,0.44516
chartqa,1792,1024,224,iter224,chartqa_val_224,32,16384,4096,10,364.476,0.725,2.303,327.258,28.122,424.244,426.556,202.269,22.474,628.825,955.281,15.903,44.495,0.579615,1.254276,0.321662
chartqa,1792,1024,225,iter225,chartqa_val_225,28,16384,4096,19,356.897,0.729,2.302,322.346,28.119,416.444,418.701,396.387,22.022,815.089,1011.855,23.31,45.41,0.437863,0.948781,0.486312
chartqa,1792,1024,226,iter226,chartqa_val_226,38,16384,4096,40,359.505,0.728,2.298,322.164,28.117,419.261,421.571,874.876,22.433,1296.446,1499.292,30.854,44.578,0.2773,0.600693,0.674826
chartqa,1792,1024,227,iter227,chartqa_val_227,33,16384,4096,121,354.136,0.727,2.295,315.51,28.07,414.082,416.646,2444.986,20.375,2861.633,3108.696,42.284,49.08,0.123753,0.268454,0.854403
chartqa,1792,1024,228,iter228,chartqa_val_228,31,16384,4096,8,345.647,0.73,2.275,309.231,28.045,405.436,407.777,144.25,20.607,552.027,727.206,14.492,48.527,0.626142,1.360592,0.26131
chartqa,1792,1024,229,iter229,chartqa_val_229,36,16384,4096,22,461.468,0.729,2.284,424.121,28.117,521.444,523.779,445.354,21.207,969.134,1138.843,22.701,47.153,0.476166,1.014217,0.459539
chartqa,1792,1024,230,iter230,chartqa_val_230,41,16384,4096,72,364.207,0.733,2.313,326.621,28.101,424.019,426.985,1580.563,22.261,2007.548,2185.189,35.865,44.921,0.181419,0.392631,0.78731
chartqa,1792,1024,231,iter231,chartqa_val_231,38,16384,4096,21,382.936,0.73,2.33,345.38,28.069,442.523,445.795,435.389,21.769,881.184,1061.406,23.832,45.936,0.434569,0.93676,0.494095
chartqa,1792,1024,232,iter232,chartqa_val_232,36,16384,4096,38,356.522,0.729,2.273,317.379,28.077,416.321,418.929,811.113,21.922,1230.042,1390.189,30.893,45.616,0.289846,0.628307,0.659419
chartqa,1792,1024,233,iter233,chartqa_val_233,40,16384,4096,462,358.434,0.727,2.263,321.263,28.179,418.103,420.472,10261.393,22.259,10681.865,10851.734,43.251,44.926,0.033555,0.072697,0.960637
chartqa,1792,1024,234,iter234,chartqa_val_234,30,16384,4096,78,351.782,0.727,2.267,315.286,28.09,411.336,413.807,1610.606,20.917,2024.413,2260.028,38.53,47.808,0.17377,0.376958,0.795592
chartqa,1792,1024,235,iter235,chartqa_val_235,28,16384,4096,50,348.174,0.732,2.282,311.629,28.06,407.86,410.599,1016.764,20.75,1427.363,1755.226,35.03,48.192,0.243928,0.529672,0.712337
chartqa,1792,1024,236,iter236,chartqa_val_236,31,16384,4096,9,354.095,0.729,2.265,316.149,28.081,413.647,416.032,167.916,20.99,583.948,884.863,15.412,47.643,0.606382,1.314744,0.287553
chartqa,1792,1024,237,iter237,chartqa_val_237,31,16384,4096,24,365.971,0.729,2.305,326.64,28.079,425.518,428.511,508.334,22.101,936.845,1165.312,25.618,45.246,0.390641,0.844844,0.542602
chartqa,1792,1024,238,iter238,chartqa_val_238,31,16384,4096,28,361.531,0.727,2.293,324.063,28.089,421.274,423.588,600.244,22.231,1023.832,1233.556,27.348,44.982,0.353115,0.764584,0.586272
chartqa,1792,1024,239,iter239,chartqa_val_239,41,16384,4096,446,364.82,0.729,2.299,328.444,28.123,424.807,427.248,10190.261,22.899,10617.509,10926.914,42.006,43.669,0.03436,0.07437,0.95976
chartqa,1792,1024,240,iter240,chartqa_val_240,37,16384,4096,61,370.746,0.726,2.343,332.867,28.207,430.805,433.584,1380.888,23.015,1814.472,1996.066,33.619,43.45,0.204327,0.441754,0.761041
chartqa,1792,1024,241,iter241,chartqa_val_241,37,16384,4096,191,374.83,0.73,2.305,337.654,28.123,434.754,437.412,4310.339,22.686,4747.751,4978.162,40.23,44.08,0.078949,0.17052,0.90787
chartqa,1792,1024,242,iter242,chartqa_val_242,29,16384,4096,28,358.929,0.73,2.32,318.113,28.076,418.832,421.785,571.83,21.179,993.615,1185.004,28.18,47.217,0.361235,0.782759,0.575505
chartqa,1792,1024,243,iter243,chartqa_val_243,33,16384,4096,636,366.949,0.73,2.298,329.734,28.084,426.752,429.283,13936.884,21.948,14366.167,14526.945,44.271,45.563,0.025543,0.055248,0.970119
chartqa,1792,1024,244,iter244,chartqa_val_244,29,16384,4096,73,350.964,0.728,2.287,312.638,28.125,410.599,413.281,1489.774,20.691,1903.055,2167.48,38.359,48.329,0.184421,0.400179,0.782833
chartqa,1792,1024,245,iter245,chartqa_val_245,30,16384,4096,23,356.866,0.73,2.294,318.138,28.171,416.523,418.772,499.973,22.726,918.745,1141.943,25.034,44.002,0.388427,0.841788,0.544191
chartqa,1792,1024,246,iter246,chartqa_val_246,27,16384,4096,45,371.89,0.731,2.314,334.17,28.15,432.091,434.944,990.598,22.514,1425.542,1629.587,31.567,44.418,0.260876,0.563982,0.694892
chartqa,1792,1024,247,iter247,chartqa_val_247,27,16384,4096,211,359.484,0.727,2.286,319.874,28.077,418.988,421.314,4542.151,21.629,4963.465,5189.039,42.511,46.234,0.072426,0.15684,0.915117
chartqa,1792,1024,248,iter248,chartqa_val_248,33,16384,4096,43,359.008,0.726,2.311,324.369,28.103,419.055,422.024,913.846,21.758,1335.87,1519.199,32.189,45.96,0.268745,0.582439,0.684083
chartqa,1792,1024,249,iter249,chartqa_val_249,43,16384,4096,543,363.691,0.726,2.304,326.296,28.058,423.62,426.11,12106.834,22.337,12532.944,12699.764,43.326,44.768,0.029019,0.062819,0.966001
chartqa,1792,1024,250,iter250,chartqa_val_250,35,16384,4096,17,384.38,0.726,2.309,346.74,28.195,444.428,447.03,379.588,23.724,826.618,1008.719,20.566,42.151,0.465003,1.002649,0.459206
chartqa,1792,1024,251,iter251,chartqa_val_251,44,16384,4096,286,385.885,0.731,2.359,347.554,28.117,445.855,449.483,6725.615,23.599,7175.098,7353.719,39.86,42.375,0.053781,0.11592,0.937355
chartqa,1792,1024,252,iter252,chartqa_val_252,30,16384,4096,8,364.817,0.731,2.286,327.247,28.111,424.695,427.181,156.775,22.396,583.956,773.897,13.7,44.65,0.624734,1.352007,0.268471
chartqa,1792,1024,253,iter253,chartqa_val_253,38,16384,4096,25,356.771,0.732,2.291,319.274,28.084,416.578,419.321,511.21,21.3,930.531,1095.36,26.866,46.947,0.383406,0.831084,0.549374
chartqa,1792,1024,254,iter254,chartqa_val_254,42,16384,4096,47,366.198,0.726,2.306,328.656,28.102,425.986,428.526,1040.243,22.614,1468.769,1648.287,32.0,44.22,0.249323,0.539352,0.708242
chartqa,1792,1024,255,iter255,chartqa_val_255,40,16384,4096,219,365.539,0.727,2.286,328.667,28.094,425.397,427.654,4934.85,22.637,5362.504,5532.912,40.839,44.176,0.068166,0.147494,0.920251
chartqa,1792,1024,256,iter256,chartqa_val_256,33,16384,4096,22,372.603,0.727,2.305,337.617,28.127,432.5,434.903,471.144,22.435,906.047,1093.843,24.281,44.572,0.41124,0.888589,0.519999
chartqa,1792,1024,257,iter257,chartqa_val_257,40,16384,4096,164,376.049,0.729,2.283,340.357,28.168,435.911,438.131,4052.806,24.864,4490.938,4654.524,36.518,40.219,0.083735,0.1808,0.902441
chartqa,1792,1024,258,iter258,chartqa_val_258,33,16384,4096,15,359.199,0.726,2.317,322.078,28.096,419.153,421.466,309.301,22.093,730.766,884.6,20.526,45.263,0.491537,1.065118,0.423255
chartqa,1792,1024,259,iter259,chartqa_val_259,37,16384,4096,183,363.07,0.727,2.298,325.25,28.135,423.261,425.871,4027.236,22.128,4453.107,4624.663,41.095,45.192,0.081532,0.17658,0.904365
chartqa,1792,1024,260,iter260,chartqa_val_260,32,16384,4096,45,380.125,0.727,2.302,343.08,28.108,440.519,442.968,1008.634,22.924,1451.603,1681.081,31.0,43.623,0.261866,0.565337,0.694842
chartqa,1792,1024,261,iter261,chartqa_val_261,32,16384,4096,177,361.865,0.731,2.308,325.196,28.077,421.829,424.437,3899.034,22.154,4323.472,4562.288,40.939,45.139,0.083698,0.181265,0.901829
chartqa,1792,1024,262,iter262,chartqa_val_262,38,16384,4096,118,363.941,0.726,2.34,326.882,28.102,423.796,426.62,2561.992,21.897,2988.612,3443.489,39.483,45.668,0.121776,0.26358,0.857251
chartqa,1792,1024,263,iter263,chartqa_val_263,41,16384,4096,173,368.643,0.732,2.308,331.879,28.089,428.388,430.785,3819.655,22.207,4250.439,4547.369,40.702,45.03,0.08673,0.187517,0.898649
chartqa,1792,1024,264,iter264,chartqa_val_264,50,16384,4096,42,358.524,0.728,2.287,321.843,28.096,418.485,420.888,902.015,22.0,1322.903,1557.948,31.748,45.454,0.271013,0.587352,0.681845
chartqa,1792,1024,265,iter265,chartqa_val_265,36,16384,4096,36,361.37,0.726,2.303,324.666,28.127,421.201,423.657,764.339,21.838,1187.996,1424.177,30.303,45.791,0.304185,0.658732,0.643385
chartqa,1792,1024,266,iter266,chartqa_val_266,30,16384,4096,52,537.47,0.729,2.293,500.178,28.076,597.369,599.826,1138.655,22.327,1738.481,1917.862,29.911,44.79,0.309161,0.652777,0.654971
chartqa,1792,1024,267,iter267,chartqa_val_267,31,16384,4096,138,361.848,0.73,2.291,324.904,28.071,421.227,423.717,2959.803,21.604,3383.52,3563.363,40.786,46.287,0.106944,0.231438,0.87477
chartqa,1792,1024,268,iter268,chartqa_val_268,37,16384,4096,20,376.505,0.73,2.303,339.456,28.124,436.038,438.561,433.085,22.794,871.646,1062.236,22.945,43.871,0.431947,0.932194,0.496859
chartqa,1792,1024,269,iter269,chartqa_val_269,32,16384,4096,217,352.793,0.731,2.304,316.081,28.123,412.436,415.125,4459.167,20.644,4874.292,5045.203,44.519,48.44,0.072378,0.156993,0.914834
chartqa,1792,1024,270,iter270,chartqa_val_270,36,16384,4096,20,352.214,0.726,2.273,315.481,28.066,412.016,414.384,399.244,21.013,813.628,971.095,24.581,47.59,0.432893,0.939286,0.490696
chartqa,1792,1024,271,iter271,chartqa_val_271,34,16384,4096,102,362.477,0.732,2.258,325.547,28.082,422.183,424.552,2213.963,21.92,2638.514,2804.837,38.658,45.62,0.137379,0.297387,0.839094
chartqa,1792,1024,272,iter272,chartqa_val_272,27,16384,4096,39,363.071,0.725,2.297,326.127,28.098,422.524,424.984,846.98,22.289,1271.965,1517.366,30.661,44.865,0.285441,0.617624,0.665883
chartqa,1792,1024,273,iter273,chartqa_val_273,31,16384,4096,146,365.192,0.725,2.28,327.767,28.091,424.621,427.038,3271.173,22.56,3698.212,3861.088,39.479,44.327,0.098748,0.213566,0.884528
chartqa,1792,1024,274,iter274,chartqa_val_274,34,16384,4096,41,372.263,0.731,2.297,335.535,28.115,432.166,434.967,923.008,23.075,1357.974,1554.868,30.192,43.337,0.274131,0.592374,0.679694
chartqa,1792,1024,275,iter275,chartqa_val_275,37,16384,4096,172,364.362,0.73,2.297,327.082,28.127,424.064,426.542,3951.634,23.109,4378.177,4606.627,39.286,43.273,0.083222,0.180081,0.902575
chartqa,1792,1024,276,iter276,chartqa_val_276,29,16384,4096,15,365.116,0.731,2.314,327.598,28.097,424.867,427.486,330.41,23.601,757.895,938.13,19.792,42.372,0.48175,1.042338,0.435957
chartqa,1792,1024,277,iter277,chartqa_val_277,36,16384,4096,29,362.367,0.732,2.289,325.429,28.094,422.244,424.623,632.331,22.583,1056.955,1211.112,27.437,44.281,0.342841,0.742332,0.598258
chartqa,1792,1024,278,iter278,chartqa_val_278,29,16384,4096,14,362.461,0.726,2.308,327.135,28.107,422.151,424.627,298.534,22.964,723.162,891.681,19.359,43.546,0.501216,1.084974,0.412818
chartqa,1792,1024,279,iter279,chartqa_val_279,35,16384,4096,59,366.145,0.728,2.323,328.478,28.092,426.01,428.854,1305.407,22.507,1734.26,2150.585,34.02,44.431,0.211124,0.456768,0.752717
chartqa,1792,1024,280,iter280,chartqa_val_280,36,16384,4096,93,365.175,0.731,2.303,328.37,28.11,425.059,427.49,2072.683,22.529,2500.173,2685.927,37.197,44.387,0.14606,0.316072,0.829016
chartqa,1792,1024,281,iter281,chartqa_val_281,45,16384,4096,94,366.388,0.73,2.286,328.966,28.137,426.358,428.731,2094.846,22.525,2523.577,2751.967,37.249,44.395,0.145186,0.314136,0.83011
chartqa,1792,1024,282,iter282,chartqa_val_282,38,16384,4096,20,366.177,0.728,2.279,328.819,28.123,426.27,431.819,460.303,24.226,892.122,1136.598,22.418,41.277,0.410456,0.888272,0.515965
chartqa,1792,1024,283,iter283,chartqa_val_283,33,16384,4096,55,364.976,0.73,2.31,328.076,28.109,424.742,427.327,1203.694,22.291,1631.02,1840.652,33.721,44.862,0.223771,0.484186,0.738
chartqa,1792,1024,284,iter284,chartqa_val_284,36,16384,4096,25,363.606,0.73,2.306,326.744,28.114,423.827,426.324,534.943,22.289,961.267,1126.497,26.007,44.865,0.378257,0.819161,0.556498
chartqa,1792,1024,285,iter285,chartqa_val_285,33,16384,4096,17,348.884,0.731,2.325,311.867,28.116,409.004,411.617,335.749,20.984,747.367,907.155,22.747,47.655,0.466818,1.014078,0.449243
chartqa,1792,1024,286,iter286,chartqa_val_286,38,16384,4096,28,364.175,0.729,2.313,327.499,28.099,423.895,426.521,601.703,22.285,1028.224,1200.549,27.231,44.873,0.354179,0.766438,0.585187
chartqa,1792,1024,287,iter287,chartqa_val_287,36,16384,4096,31,351.951,0.729,2.27,312.812,28.08,411.91,414.194,627.229,20.908,1041.423,1211.414,29.767,47.829,0.337953,0.733479,0.602281
chartqa,1792,1024,288,iter288,chartqa_val_288,32,16384,4096,39,351.888,0.731,2.276,315.355,28.095,411.652,413.96,804.96,21.183,1218.92,1415.441,31.996,47.207,0.288688,0.626407,0.660388
chartqa,1792,1024,289,iter289,chartqa_val_289,36,16384,4096,19,367.488,0.733,2.274,329.908,28.165,427.401,429.611,400.249,22.236,829.861,984.429,22.895,44.972,0.44283,0.957858,0.482309
chartqa,1792,1024,290,iter290,chartqa_val_290,32,16384,4096,36,364.798,0.732,2.278,327.326,28.081,424.752,427.011,784.542,22.415,1211.553,1384.827,29.714,44.612,0.301099,0.651683,0.647551
chartqa,1792,1024,291,iter291,chartqa_val_291,47,16384,4096,3,367.15,0.728,2.306,329.811,28.092,819.677,822.165,45.853,22.926,868.018,1047.47,3.456,43.618,0.422975,1.367284,0.052825
chartqa,1792,1024,292,iter292,chartqa_val_292,37,16384,4096,29,368.2,0.73,2.322,330.449,28.169,428.201,431.045,630.227,22.508,1061.272,1388.584,27.326,44.428,0.346942,0.750422,0.593841
chartqa,1792,1024,293,iter293,chartqa_val_293,47,16384,4096,136,370.804,0.729,2.288,333.37,28.128,430.854,436.136,2945.101,21.816,3381.237,3546.777,40.222,45.839,0.109665,0.23709,0.871013
chartqa,1792,1024,294,iter294,chartqa_val_294,28,16384,4096,12,367.985,0.732,2.313,331.144,28.066,427.671,430.022,247.938,22.54,677.96,908.172,17.7,44.366,0.542783,1.173603,0.365711
chartqa,1792,1024,295,iter295,chartqa_val_295,53,16384,4096,208,365.695,0.73,2.275,329.214,28.101,802.16,804.44,4586.31,22.156,5390.75,5547.504,38.585,45.134,0.067837,0.216641,0.850774
chartqa,1792,1024,296,iter296,chartqa_val_296,38,16384,4096,23,363.623,0.726,2.323,326.67,28.094,423.862,426.473,476.666,21.667,903.139,1086.429,25.467,46.154,0.402621,0.871941,0.527788
chartqa,1792,1024,297,iter297,chartqa_val_297,35,16384,4096,229,353.401,0.725,2.282,316.395,28.124,413.248,415.495,4951.955,21.719,5367.45,5527.178,42.665,46.042,0.065842,0.142833,0.92259
chartqa,1792,1024,298,iter298,chartqa_val_298,33,16384,4096,15,365.764,0.731,2.281,328.861,28.205,425.429,427.924,299.763,21.412,727.687,907.605,20.613,46.704,0.502639,1.08727,0.411939
chartqa,1792,1024,299,iter299,chartqa_val_299,38,16384,4096,51,370.042,0.732,2.326,332.834,28.088,429.977,433.069,1118.11,22.362,1551.18,1732.65,32.878,44.718,0.238555,0.515748,0.720813
chartqa,1792,1024,300,iter300,chartqa_val_300,35,16384,4096,24,368.482,0.732,2.308,331.04,28.141,428.239,430.784,538.668,23.42,969.452,1153.758,24.756,42.698,0.380093,0.821826,0.555642
chartqa,1792,1024,301,iter301,chartqa_val_301,37,16384,4096,108,354.205,0.73,2.261,317.209,28.136,413.875,416.15,2388.823,22.325,2804.973,2983.592,38.503,44.792,0.126278,0.273828,0.851638
chartqa,1792,1024,302,iter302,chartqa_val_302,26,16384,4096,10,351.19,0.726,2.288,312.863,28.117,785.349,787.752,656.719,72.969,1444.471,1595.23,6.923,13.704,0.243127,0.786821,0.454643
chartqa,1792,1024,303,iter303,chartqa_val_303,36,16384,4096,59,459.447,0.73,2.257,422.981,28.089,518.987,521.158,1252.877,21.601,1774.036,1933.171,33.258,46.293,0.258984,0.551531,0.70623
chartqa,1792,1024,304,iter304,chartqa_val_304,31,16384,4096,29,370.52,0.728,2.305,332.783,28.151,430.648,433.649,641.31,22.904,1074.959,1240.9,26.978,43.661,0.344683,0.745301,0.59659
chartqa,1792,1024,305,iter305,chartqa_val_305,32,16384,4096,223,372.489,0.728,2.287,335.742,28.153,432.3,434.817,4805.994,21.649,5240.811,5409.809,42.551,46.192,0.071075,0.153562,0.917032
chartqa,1792,1024,306,iter306,chartqa_val_306,32,16384,4096,41,368.951,0.73,2.315,328.658,28.15,428.732,431.682,919.797,22.995,1351.479,1515.29,30.337,43.488,0.272998,0.590229,0.680585
chartqa,1792,1024,307,iter307,chartqa_val_307,39,16384,4096,283,362.836,0.731,2.297,325.879,28.138,422.691,425.156,6339.242,22.48,6764.397,6923.339,41.837,44.485,0.053639,0.116127,0.937148
chartqa,1792,1024,308,iter308,chartqa_val_308,34,16384,4096,40,381.383,0.726,2.279,337.664,28.141,441.098,443.665,905.389,23.215,1349.054,1511.692,29.65,43.075,0.282704,0.609672,0.671129
chartqa,1792,1024,309,iter309,chartqa_val_309,36,16384,4096,25,358.013,0.727,2.293,319.983,28.117,417.895,420.242,514.281,21.428,934.522,1108.146,26.752,46.667,0.383097,0.830272,0.550314
chartqa,1792,1024,310,iter310,chartqa_val_310,37,16384,4096,39,352.065,0.732,2.268,315.523,28.093,411.508,413.844,799.778,21.047,1213.622,1374.005,32.135,47.513,0.290094,0.629168,0.659001
chartqa,1792,1024,311,iter311,chartqa_val_311,33,16384,4096,59,363.323,0.73,2.276,324.486,28.1,423.182,425.4,1298.709,22.392,1724.109,1873.788,34.221,44.66,0.210731,0.456181,0.753264
chartqa,1792,1024,312,iter312,chartqa_val_312,29,16384,4096,53,359.936,0.73,2.273,323.589,28.12,419.57,421.899,1148.142,22.08,1570.04,1732.497,33.757,45.291,0.229253,0.496488,0.731282
chartqa,1792,1024,313,iter313,chartqa_val_313,45,16384,4096,161,373.124,0.728,2.316,333.839,28.17,433.479,436.299,3642.58,22.766,4078.88,4254.853,39.472,43.925,0.091477,0.197751,0.893035
chartqa,1792,1024,314,iter314,chartqa_val_314,40,16384,4096,23,365.015,0.732,2.311,327.492,28.113,424.759,427.499,455.403,20.7,882.901,1437.776,26.05,48.309,0.413426,0.894521,0.515803
chartqa,1792,1024,315,iter315,chartqa_val_315,35,16384,4096,33,366.29,0.732,2.303,328.963,28.23,426.234,428.701,693.722,21.679,1122.423,1306.731,29.401,46.128,0.326339,0.706083,0.618058
chartqa,1792,1024,316,iter316,chartqa_val_316,30,16384,4096,47,358.582,0.726,2.266,321.527,28.119,418.442,420.638,984.951,21.412,1405.588,1564.774,33.438,46.703,0.255111,0.55281,0.700739
chartqa,1792,1024,317,iter317,chartqa_val_317,36,16384,4096,32,359.351,0.727,2.282,322.736,28.154,418.991,421.408,674.242,21.75,1095.65,1264.818,29.206,45.978,0.327979,0.710392,0.615381
chartqa,1792,1024,318,iter318,chartqa_val_318,31,16384,4096,14,362.084,0.73,2.302,325.206,28.14,421.66,424.015,282.535,21.733,706.55,875.068,19.815,46.012,0.512468,1.109254,0.399879
chartqa,1792,1024,319,iter319,chartqa_val_319,42,16384,4096,66,368.043,0.728,2.281,331.197,28.17,427.834,430.106,1472.03,22.647,1902.137,2072.285,34.698,44.157,0.193489,0.418412,0.773883
chartqa,1792,1024,320,iter320,chartqa_val_320,30,16384,4096,15,367.82,0.728,2.273,332.741,28.108,427.46,429.735,316.331,22.595,746.066,892.925,20.105,44.257,0.493013,1.065965,0.423998
chartqa,1792,1024,321,iter321,chartqa_val_321,37,16384,4096,46,367.8,0.732,2.266,331.431,28.147,427.513,429.785,1019.272,22.65,1449.057,1609.129,31.745,44.149,0.253821,0.548849,0.703404
chartqa,1792,1024,322,iter322,chartqa_val_322,40,16384,4096,27,361.587,0.732,2.319,324.773,28.162,421.444,423.958,586.34,22.552,1010.297,1190.964,26.725,44.343,0.357901,0.77505,0.580363
chartqa,1792,1024,323,iter323,chartqa_val_323,31,16384,4096,34,369.377,0.733,2.265,330.173,28.122,429.674,432.062,750.068,22.729,1182.13,1375.956,28.762,43.996,0.312467,0.675941,0.634506
chartqa,1792,1024,324,iter324,chartqa_val_324,34,16384,4096,122,369.364,0.73,2.287,332.179,28.102,429.549,432.037,2748.048,22.711,3180.085,3382.965,38.364,44.031,0.116149,0.251224,0.864143
chartqa,1792,1024,325,iter325,chartqa_val_325,50,16384,4096,98,374.31,0.727,2.3,336.786,28.199,434.226,436.763,2245.857,23.153,2682.619,2851.658,36.531,43.191,0.139531,0.301398,0.837188
chartqa,1792,1024,326,iter326,chartqa_val_326,34,16384,4096,46,369.175,0.729,2.295,332.094,28.125,429.143,431.531,1036.415,23.031,1467.945,1628.83,31.336,43.419,0.251491,0.543834,0.706031
chartqa,1792,1024,327,iter327,chartqa_val_327,36,16384,4096,232,353.887,0.733,2.309,316.327,28.094,413.641,416.301,4854.3,21.014,5270.601,5440.084,44.018,47.587,0.067144,0.145624,0.921014
chartqa,1792,1024,328,iter328,chartqa_val_328,30,16384,4096,189,353.922,0.729,2.288,317.681,28.158,413.572,415.925,4047.872,21.531,4463.797,4640.039,42.341,46.444,0.079287,0.171938,0.906823
chartqa,1792,1024,329,iter329,chartqa_val_329,36,16384,4096,156,363.957,0.729,2.266,327.247,28.121,423.671,426.03,3304.024,21.316,3730.055,3889.771,41.822,46.912,0.097574,0.211157,0.885784
chartqa,1792,1024,330,iter330,chartqa_val_330,34,16384,4096,31,357.93,0.732,2.283,320.367,28.077,418.179,420.495,631.032,21.034,1051.527,1216.445,29.481,47.541,0.340391,0.738078,0.60011
chartqa,1792,1024,331,iter331,chartqa_val_331,41,16384,4096,38,364.909,0.731,2.332,327.241,28.074,424.789,428.08,837.173,22.626,1265.253,1417.22,30.034,44.196,0.288408,0.624142,0.661665
chartqa,1792,1024,332,iter332,chartqa_val_332,46,16384,4096,39,360.765,0.729,2.283,323.629,28.209,420.543,422.991,854.293,22.481,1277.283,1420.091,30.534,44.481,0.282447,0.611695,0.668836
chartqa,1792,1024,333,iter333,chartqa_val_333,35,16384,4096,28,355.11,0.729,2.278,317.893,28.142,415.1,417.443,574.363,21.273,991.807,1135.516,28.231,47.009,0.358043,0.776572,0.579108
chartqa,1792,1024,334,iter334,chartqa_val_334,29,16384,4096,83,356.031,0.73,2.257,318.67,28.123,415.758,417.951,1748.464,21.323,2166.415,2311.579,38.312,46.898,0.164341,0.356252,0.807077
chartqa,1792,1024,335,iter335,chartqa_val_335,33,16384,4096,160,363.599,0.73,2.282,326.307,28.106,423.23,425.649,3444.404,21.663,3870.053,4024.833,41.343,46.162,0.093952,0.203312,0.890015
chartqa,1792,1024,336,iter336,chartqa_val_336,44,16384,4096,28,361.938,0.731,2.288,324.863,28.11,421.972,424.273,588.986,21.814,1013.259,1162.759,27.634,45.842,0.357202,0.773652,0.581278
chartqa,1792,1024,337,iter337,chartqa_val_337,47,16384,4096,442,364.544,0.728,2.293,327.194,28.118,424.312,427.256,9442.294,21.411,9869.55,10024.861,44.784,46.705,0.036936,0.079928,0.95671
chartqa,1792,1024,338,iter338,chartqa_val_338,29,16384,4096,38,363.88,0.731,2.289,326.891,28.127,423.798,426.13,807.547,21.826,1233.677,1400.658,30.802,45.818,0.294956,0.63848,0.654586
chartqa,1792,1024,339,iter339,chartqa_val_339,32,16384,4096,68,377.214,0.732,2.346,340.079,28.222,437.257,440.046,1550.323,23.139,1990.369,2157.955,34.165,43.217,0.18952,0.409206,0.778913
chartqa,1792,1024,340,iter340,chartqa_val_340,32,16384,4096,14,505.039,0.728,2.293,468.56,28.131,565.246,567.707,293.897,22.607,861.605,1023.936,16.249,44.233,0.586161,1.242199,0.341105
chartqa,1792,1024,341,iter341,chartqa_val_341,39,16384,4096,248,375.725,0.732,2.303,338.72,28.18,435.542,438.402,5795.038,23.462,6233.44,6381.244,39.785,42.623,0.060276,0.130148,0.929669
chartqa,1792,1024,342,iter342,chartqa_val_342,35,16384,4096,20,353.879,0.729,2.304,317.124,28.082,413.492,416.173,402.023,21.159,818.196,978.138,24.444,47.261,0.432511,0.937882,0.491353
chartqa,1792,1024,343,iter343,chartqa_val_343,40,16384,4096,335,371.917,0.726,2.3,334.442,28.135,431.676,434.471,7557.805,22.628,7992.276,8152.666,41.915,44.193,0.046535,0.100546,0.945639
chartqa,1792,1024,344,iter344,chartqa_val_344,35,16384,4096,59,360.93,0.727,2.328,323.953,28.113,420.833,423.494,1245.741,21.478,1669.234,1811.27,35.346,46.559,0.216225,0.468336,0.746295
chartqa,1792,1024,345,iter345,chartqa_val_345,38,16384,4096,177,364.521,0.727,2.299,327.987,28.073,424.5,426.89,3759.864,21.363,4186.753,4346.665,42.276,46.81,0.087065,0.188456,0.898038
chartqa,1792,1024,346,iter346,chartqa_val_346,30,16384,4096,41,348.404,0.729,2.287,311.501,28.12,408.167,410.556,839.186,20.98,1249.743,1410.994,32.807,47.665,0.278781,0.605381,0.671487
chartqa,1792,1024,347,iter347,chartqa_val_347,35,16384,4096,418,354.747,0.726,2.257,318.203,28.046,414.193,416.482,8778.063,21.051,9194.545,9354.669,45.462,47.505,0.038582,0.08363,0.954703
chartqa,1792,1024,348,iter348,chartqa_val_348,30,16384,4096,23,350.559,0.73,2.273,315.469,28.149,410.301,412.893,458.02,20.819,870.914,1049.736,26.409,48.033,0.402518,0.873635,0.525908
chartqa,1792,1024,349,iter349,chartqa_val_349,40,16384,4096,151,359.089,0.73,2.286,322.211,28.114,419.002,421.249,3267.342,21.782,3688.591,3854.623,40.937,45.909,0.097351,0.210945,0.885797
chartqa,1792,1024,350,iter350,chartqa_val_350,36,16384,4096,34,363.101,0.731,2.259,325.777,28.083,422.732,425.059,710.484,21.53,1135.542,1324.842,29.942,46.447,0.31976,0.692033,0.625678
chartqa,1792,1024,351,iter351,chartqa_val_351,38,16384,4096,288,363.572,0.734,2.287,326.405,28.108,423.289,425.506,6178.452,21.528,6603.958,6768.182,43.61,46.452,0.055054,0.11915,0.935568
chartqa,1792,1024,352,iter352,chartqa_val_352,32,16384,4096,38,361.45,0.729,2.288,324.852,28.103,421.476,423.823,803.881,21.727,1227.703,1403.377,30.952,46.027,0.294412,0.637716,0.654784
chartqa,1792,1024,353,iter353,chartqa_val_353,32,16384,4096,361,376.284,0.731,2.268,338.663,28.107,436.379,438.919,7659.254,21.276,8098.172,8256.776,44.578,47.002,0.046465,0.100351,0.9458
chartqa,1792,1024,354,iter354,chartqa_val_354,35,16384,4096,17,395.998,0.727,2.319,358.908,28.123,455.731,458.714,344.014,21.501,802.728,975.45,21.178,46.51,0.493316,1.061043,0.428556
chartqa,1792,1024,355,iter355,chartqa_val_355,33,16384,4096,47,351.711,0.73,2.28,312.527,28.166,411.595,413.872,958.096,20.828,1371.967,1506.598,34.257,48.012,0.256355,0.556359,0.698337
chartqa,1792,1024,356,iter356,chartqa_val_356,40,16384,4096,28,357.822,0.733,2.292,321.007,28.074,417.934,420.196,576.559,21.354,996.755,1151.62,28.091,46.83,0.358987,0.778282,0.578436
chartqa,1792,1024,357,iter357,chartqa_val_357,53,16384,4096,395,353.131,0.729,2.267,313.799,28.09,412.871,415.318,8602.057,21.833,9017.375,9164.386,43.804,45.803,0.039161,0.084947,0.953942
chartqa,1792,1024,358,iter358,chartqa_val_358,30,16384,4096,50,357.693,0.732,2.292,320.866,28.114,417.334,419.701,1066.673,21.769,1486.374,1631.351,33.639,45.937,0.240648,0.521421,0.717634
chartqa,1792,1024,359,iter359,chartqa_val_359,32,16384,4096,176,352.667,0.731,2.284,315.868,28.09,412.395,414.596,3761.901,21.497,4176.497,4331.002,42.141,46.519,0.084441,0.183183,0.900731
chartqa,1792,1024,360,iter360,chartqa_val_360,30,16384,4096,10,352.663,0.728,2.29,316.012,28.089,412.747,415.018,191.429,21.27,606.447,775.366,16.489,47.015,0.581524,1.262123,0.315656
chartqa,1792,1024,361,iter361,chartqa_val_361,31,16384,4096,124,355.525,0.731,2.284,318.16,28.093,415.055,417.281,2622.403,21.32,3039.685,3179.207,40.794,46.904,0.116961,0.253506,0.862722
chartqa,1792,1024,362,iter362,chartqa_val_362,28,16384,4096,38,353.547,0.729,2.276,316.904,28.063,413.374,415.675,787.996,21.297,1203.671,1358.425,31.57,46.955,0.293724,0.637152,0.65466
chartqa,1792,1024,363,iter363,chartqa_val_363,32,16384,4096,124,365.285,0.733,2.318,326.699,28.088,425.561,428.952,2796.215,22.733,3225.167,3382.641,38.448,43.988,0.113261,0.245211,0.866999
chartqa,1792,1024,364,iter364,chartqa_val_364,29,16384,4096,31,371.015,0.732,2.344,333.538,28.151,431.099,433.742,681.93,22.731,1115.672,1291.222,27.786,43.993,0.332548,0.718951,0.611228
chartqa,1792,1024,365,iter365,chartqa_val_365,33,16384,4096,96,367.923,0.728,2.298,330.245,28.102,428.054,430.572,2314.411,24.362,2744.983,2910.772,34.973,41.047,0.134035,0.289975,0.843142
chartqa,1792,1024,366,iter366,chartqa_val_366,28,16384,4096,28,405.986,0.727,2.328,368.695,28.209,466.143,468.815,655.877,24.292,1124.693,1288.827,24.896,41.166,0.360975,0.775437,0.583161
chartqa,1792,1024,367,iter367,chartqa_val_367,31,16384,4096,117,355.233,0.729,2.308,318.057,28.124,414.962,417.653,2563.293,22.097,2980.946,3139.084,39.249,45.254,0.119168,0.258373,0.859893
chartqa,1792,1024,368,iter368,chartqa_val_368,30,16384,4096,25,360.525,0.731,2.323,323.445,28.202,420.376,422.966,522.798,21.783,945.764,1095.938,26.434,45.907,0.381199,0.825682,0.552779
chartqa,1792,1024,369,iter369,chartqa_val_369,34,16384,4096,249,365.632,0.731,2.284,328.071,28.127,425.391,427.672,5584.147,22.517,6011.819,6183.822,41.418,44.411,0.060819,0.131578,0.928861
chartqa,1792,1024,370,iter370,chartqa_val_370,30,16384,4096,19,367.717,0.73,2.318,330.409,28.188,427.581,430.156,404.204,22.456,834.36,1020.624,22.772,44.532,0.440718,0.953183,0.484448
chartqa,1792,1024,371,iter371,chartqa_val_371,30,16384,4096,164,366.975,0.733,2.272,329.937,28.11,427.15,429.425,3557.569,21.826,3986.994,4140.394,41.134,45.818,0.092043,0.199179,0.892294
chartqa,1792,1024,372,iter372,chartqa_val_372,28,16384,4096,7,369.582,0.727,2.3,331.179,28.173,429.942,432.436,136.123,22.687,568.558,739.223,12.312,44.078,0.650034,1.406231,0.239418
chartqa,1792,1024,373,iter373,chartqa_val_373,31,16384,4096,18,366.792,0.726,2.31,329.627,28.103,426.771,429.079,384.258,22.603,813.337,985.101,22.131,44.241,0.450972,0.975689,0.472446
chartqa,1792,1024,374,iter374,chartqa_val_374,29,16384,4096,13,367.326,0.729,2.268,330.91,28.077,427.098,429.392,271.213,22.601,700.605,864.256,18.555,44.246,0.524298,1.133911,0.387112
chartqa,1792,1024,375,iter375,chartqa_val_375,31,16384,4096,126,367.241,0.732,2.256,330.758,28.087,426.847,429.081,2854.174,22.833,3283.254,3436.0,38.377,43.796,0.111853,0.24186,0.869312
chartqa,1792,1024,376,iter376,chartqa_val_376,30,16384,4096,17,374.028,0.725,2.276,338.595,28.154,433.663,435.944,367.464,22.966,803.408,1000.726,21.16,43.542,0.465552,1.005331,0.457381
chartqa,1792,1024,377,iter377,chartqa_val_377,36,16384,4096,36,367.726,0.731,2.277,330.359,28.11,427.663,430.134,791.94,22.627,1222.075,1383.7,29.458,44.195,0.300903,0.650851,0.648029
chartqa,1792,1024,378,iter378,chartqa_val_378,29,16384,4096,31,536.755,0.73,2.321,499.291,28.141,596.886,600.161,673.149,22.438,1273.31,1469.22,24.346,44.567,0.421543,0.890311,0.52866
chartqa,1792,1024,379,iter379,chartqa_val_379,32,16384,4096,16,372.414,0.729,2.292,335.19,28.089,432.67,435.256,338.289,22.553,773.545,936.971,20.684,44.341,0.481438,1.040773,0.437323
chartqa,1792,1024,380,iter380,chartqa_val_380,31,16384,4096,17,371.64,0.727,2.277,334.631,28.064,431.229,433.681,357.556,22.347,791.237,957.103,21.485,44.748,0.469694,1.0147,0.451894
chartqa,1792,1024,381,iter381,chartqa_val_381,41,16384,4096,82,370.686,0.732,2.268,335.513,28.098,430.522,432.835,1846.688,22.799,2279.523,2425.499,35.972,43.862,0.162615,0.35148,0.81012
chartqa,1792,1024,382,iter382,chartqa_val_382,26,16384,4096,12,368.625,0.73,2.291,331.677,28.085,428.348,430.849,247.806,22.528,678.655,853.104,17.682,44.39,0.54317,1.174341,0.365143
chartqa,1792,1024,383,iter383,chartqa_val_383,34,16384,4096,67,366.288,0.732,2.256,329.865,28.115,425.769,428.031,1474.328,22.338,1902.359,2051.939,35.219,44.766,0.192544,0.416356,0.775
chartqa,1792,1024,384,iter384,chartqa_val_384,29,16384,4096,11,376.148,0.731,2.291,338.978,28.132,436.372,438.936,228.545,22.855,667.482,820.109,16.48,43.755,0.563533,1.217292,0.342399
chartqa,1792,1024,385,iter385,chartqa_val_385,39,16384,4096,199,368.003,0.733,2.283,330.461,28.141,428.009,430.556,4526.164,22.859,4956.719,5099.186,40.148,43.746,0.074243,0.160593,0.913137
chartqa,1792,1024,386,iter386,chartqa_val_386,33,16384,4096,13,369.124,0.731,2.315,333.593,28.102,428.948,431.593,276.632,23.053,708.225,883.793,18.356,43.379,0.521197,1.126863,0.390599
chartqa,1792,1024,387,iter387,chartqa_val_387,33,16384,4096,27,368.932,0.729,2.276,335.22,28.13,428.64,430.886,601.039,23.117,1031.925,1176.099,26.165,43.258,0.357518,0.772897,0.582444
chartqa,1792,1024,388,iter388,chartqa_val_388,30,16384,4096,31,375.169,0.728,2.27,338.235,28.125,434.862,437.068,698.174,23.272,1135.243,1282.215,27.307,42.969,0.330475,0.713532,0.615
chartqa,1792,1024,389,iter389,chartqa_val_389,33,16384,4096,53,375.307,0.725,2.302,338.118,28.142,435.13,437.885,1171.938,22.537,1609.823,1756.201,32.923,44.371,0.233136,0.503433,0.727992
chartqa,1792,1024,390,iter390,chartqa_val_390,28,16384,4096,28,365.345,0.733,2.296,328.717,28.106,425.269,427.723,608.766,22.547,1036.489,1179.428,27.014,44.352,0.352483,0.762781,0.587335
chartqa,1792,1024,391,iter391,chartqa_val_391,29,16384,4096,15,367.515,0.732,2.289,330.027,28.102,427.354,429.798,316.787,22.628,746.585,899.729,20.091,44.194,0.492262,1.064673,0.424315
chartqa,1792,1024,392,iter392,chartqa_val_392,31,16384,4096,3,365.621,0.728,2.287,328.593,28.104,425.794,428.16,45.27,22.635,473.43,625.233,6.337,44.179,0.772282,1.671663,0.095621
chartqa,1792,1024,393,iter393,chartqa_val_393,35,16384,4096,41,367.223,0.73,2.29,333.51,28.156,427.372,429.545,914.501,22.863,1344.046,1477.695,30.505,43.74,0.273222,0.591196,0.680409
chartqa,1792,1024,394,iter394,chartqa_val_394,32,16384,4096,30,366.34,0.731,2.261,332.172,28.112,426.547,428.763,674.96,23.274,1103.723,1221.805,27.181,42.966,0.331913,0.718375,0.61153
chartqa,1792,1024,395,iter395,chartqa_val_395,39,16384,4096,268,368.291,0.728,2.27,334.572,28.111,427.997,430.254,6205.934,23.243,6636.188,6746.346,40.385,43.023,0.055497,0.119992,0.935165
chartqa,1792,1024,396,iter396,chartqa_val_396,34,16384,4096,29,358.91,0.729,2.318,319.313,28.096,418.737,421.246,591.482,21.124,1012.728,1175.211,28.636,47.339,0.354399,0.767873,0.584048
chartqa,1792,1024,397,iter397,chartqa_val_397,37,16384,4096,19,365.797,0.732,2.295,327.01,28.097,425.956,428.277,403.69,22.427,831.967,989.714,22.837,44.589,0.439677,0.951664,0.485224
chartqa,1792,1024,398,iter398,chartqa_val_398,29,16384,4096,22,369.136,0.731,2.293,331.935,28.102,428.835,431.204,475.843,22.659,907.047,1071.354,24.255,44.132,0.406964,0.879745,0.524606
chartqa,1792,1024,399,iter399,chartqa_val_399,30,16384,4096,35,364.47,0.732,2.28,327.432,28.118,424.034,426.338,770.155,22.652,1196.494,1345.484,29.252,44.147,0.304615,0.659013,0.643677
chartqa,1792,1024,400,iter400,chartqa_val_400,30,16384,4096,40,374.073,0.732,2.261,336.918,28.092,433.895,436.135,898.916,23.049,1335.051,1503.897,29.961,43.386,0.280194,0.605197,0.67332
chartqa,1792,1024,401,iter401,chartqa_val_401,35,16384,4096,104,371.114,0.729,2.299,332.259,28.114,431.121,433.521,2337.86,22.698,2771.381,2931.727,37.526,44.057,0.133909,0.289471,0.843572
chartqa,1792,1024,402,iter402,chartqa_val_402,28,16384,4096,13,354.236,0.727,2.305,315.909,28.085,413.908,416.405,252.889,21.074,669.294,840.892,19.423,47.452,0.529268,1.147692,0.377844
chartqa,1792,1024,403,iter403,chartqa_val_403,36,16384,4096,46,352.611,0.732,2.274,316.131,28.111,412.396,414.651,958.515,21.3,1373.166,1522.436,33.499,46.948,0.256787,0.557112,0.698033
chartqa,1792,1024,404,iter404,chartqa_val_404,43,16384,4096,31,355.804,0.728,2.266,319.4,28.105,415.707,417.971,641.025,21.367,1058.996,1203.388,29.273,46.8,0.335982,0.72853,0.605314
chartqa,1792,1024,405,iter405,chartqa_val_405,50,16384,4096,198,355.586,0.729,2.264,318.303,28.098,415.708,417.949,4163.912,21.137,4581.86,4730.257,43.214,47.311,0.077607,0.168337,0.908782
chartqa,1792,1024,406,iter406,chartqa_val_406,28,16384,4096,19,348.45,0.727,2.289,311.544,28.052,408.022,410.276,371.802,20.656,782.079,930.157,24.294,48.413,0.445544,0.967259,0.475403
chartqa,1792,1024,407,iter407,chartqa_val_407,35,16384,4096,72,350.924,0.726,2.275,311.904,28.065,410.837,413.015,1483.827,20.899,1896.842,2048.213,37.958,47.849,0.185004,0.401594,0.782262
chartqa,1792,1024,408,iter408,chartqa_val_408,36,16384,4096,31,353.247,0.731,2.289,316.465,28.113,412.831,415.009,634.809,21.16,1049.818,1144.75,29.529,47.258,0.336484,0.729725,0.604685
chartqa,1792,1024,409,iter409,chartqa_val_409,41,16384,4096,161,354.74,0.729,2.279,320.895,28.159,414.664,416.81,3302.795,20.642,3719.605,3821.229,43.284,48.444,0.09537,0.206851,0.887942
chartqa,1792,1024,410,iter410,chartqa_val_410,36,16384,4096,26,351.404,0.729,2.272,314.821,28.076,411.316,413.551,525.688,21.028,939.24,1145.228,27.682,47.557,0.374136,0.812061,0.559696
chartqa,1792,1024,411,iter411,chartqa_val_411,33,16384,4096,235,366.191,0.73,2.305,327.376,28.153,426.103,428.322,5166.0,22.077,5594.321,5802.457,42.007,45.296,0.065458,0.141625,0.923436
chartqa,1792,1024,412,iter412,chartqa_val_412,30,16384,4096,8,346.463,0.732,2.411,309.741,28.062,406.416,408.84,143.549,20.507,552.389,749.44,14.483,48.764,0.627207,1.36295,0.259869
chartqa,1792,1024,413,iter413,chartqa_val_413,33,16384,4096,122,348.626,0.73,2.274,312.548,28.104,408.22,410.39,2552.62,21.096,2963.01,3132.127,41.174,47.402,0.117659,0.255431,0.861496
chartqa,1792,1024,414,iter414,chartqa_val_414,36,16384,4096,23,359.728,0.732,2.276,322.536,28.056,419.518,421.835,469.444,21.338,891.279,1056.513,25.806,46.864,0.403609,0.874301,0.526708
chartqa,1792,1024,415,iter415,chartqa_val_415,38,16384,4096,140,364.73,0.732,2.315,327.473,28.106,424.829,427.683,3090.794,22.236,3518.478,3694.91,39.79,44.972,0.103661,0.224403,0.878446
chartqa,1792,1024,416,iter416,chartqa_val_416,34,16384,4096,25,516.337,0.73,2.304,479.512,28.103,576.158,578.633,550.113,22.921,1128.746,1318.805,22.148,43.627,0.457443,0.967884,0.487367
chartqa,1792,1024,417,iter417,chartqa_val_417,40,16384,4096,171,366.94,0.727,2.326,332.905,28.149,427.391,429.929,4012.967,23.606,4442.896,4602.928,38.488,42.363,0.08259,0.178787,0.903232
chartqa,1792,1024,418,iter418,chartqa_val_418,31,16384,4096,43,371.204,0.728,2.338,336.587,28.162,431.54,434.436,967.509,23.036,1401.945,1561.322,30.672,43.41,0.264778,0.572593,0.690119
chartqa,1792,1024,419,iter419,chartqa_val_419,38,16384,4096,138,378.512,0.729,2.289,341.678,28.119,438.379,441.018,3205.848,23.4,3646.865,3810.935,37.841,42.734,0.103791,0.223998,0.879069
chartqa,1792,1024,420,iter420,chartqa_val_420,28,16384,4096,44,412.98,0.728,2.355,375.184,28.138,473.998,477.521,992.275,23.076,1469.797,1645.386,29.936,43.335,0.280978,0.60347,0.675111
chartqa,1792,1024,421,iter421,chartqa_val_421,33,16384,4096,156,371.416,0.73,2.296,334.618,28.103,431.054,433.392,3534.11,22.801,3967.501,4117.288,39.319,43.858,0.093615,0.202261,0.890765
chartqa,1792,1024,422,iter422,chartqa_val_422,30,16384,4096,93,355.222,0.733,2.299,318.012,28.132,415.26,418.002,1999.154,21.73,2417.157,2594.83,38.475,46.019,0.146959,0.318755,0.827069
chartqa,1792,1024,423,iter423,chartqa_val_423,31,16384,4096,90,356.491,0.726,2.279,319.755,28.087,416.028,418.506,1981.706,22.266,2400.213,2576.978,37.497,44.911,0.148525,0.321854,0.825638
chartqa,1792,1024,424,iter424,chartqa_val_424,30,16384,4096,15,355.389,0.731,2.316,320.846,28.083,415.451,417.932,299.776,21.413,717.708,881.449,20.9,46.702,0.495173,1.07403,0.417685
chartqa,1792,1024,425,iter425,chartqa_val_425,39,16384,4096,177,357.748,0.73,2.261,321.242,28.133,417.541,419.74,3797.106,21.574,4216.846,4379.34,41.975,46.351,0.084838,0.183855,0.900461
chartqa,1792,1024,426,iter426,chartqa_val_426,27,16384,4096,32,359.132,0.73,2.289,321.699,28.08,418.815,421.2,657.933,21.224,1079.133,1240.084,29.653,47.117,0.332797,0.7209,0.609687
chartqa,1792,1024,427,iter427,chartqa_val_427,29,16384,4096,34,356.965,0.734,2.26,319.634,28.064,416.854,419.041,715.294,21.676,1134.334,1286.114,29.974,46.135,0.314691,0.682179,0.630584
chartqa,1792,1024,428,iter428,chartqa_val_428,33,16384,4096,29,356.386,0.731,2.279,319.249,28.106,416.217,418.369,593.773,21.206,1012.142,1205.942,28.652,47.156,0.352111,0.763335,0.58665
chartqa,1792,1024,429,iter429,chartqa_val_429,37,16384,4096,41,351.406,0.73,2.267,317.663,28.127,411.292,413.474,849.499,21.237,1262.973,1388.106,32.463,47.087,0.278237,0.603891,0.672619
chartqa,1792,1024,430,iter430,chartqa_val_430,30,16384,4096,11,350.89,0.73,2.272,316.581,28.086,410.495,412.654,213.787,21.379,626.442,722.433,17.559,46.775,0.560132,1.215413,0.341273
chartqa,1792,1024,431,iter431,chartqa_val_431,37,16384,4096,20,356.391,0.73,2.283,318.831,28.119,416.31,418.413,403.111,21.216,821.525,915.938,24.345,47.133,0.433816,0.940569,0.490687
chartqa,1792,1024,432,iter432,chartqa_val_432,30,16384,4096,13,353.967,0.732,2.256,317.336,28.114,413.587,415.708,255.839,21.32,671.547,813.755,19.358,46.905,0.527092,1.142965,0.380969
chartqa,1792,1024,433,iter433,chartqa_val_433,31,16384,4096,51,362.559,0.728,2.269,325.348,28.243,422.492,424.635,1060.363,21.207,1484.998,1661.584,34.343,47.154,0.244148,0.528655,0.71405
chartqa,1792,1024,434,iter434,chartqa_val_434,32,16384,4096,23,365.665,0.728,2.253,326.385,28.21,425.637,427.85,473.415,21.519,901.265,1085.606,25.52,46.471,0.405724,0.877991,0.525278
chartqa,1792,1024,435,iter435,chartqa_val_435,31,16384,4096,18,358.849,0.726,2.278,322.048,28.098,419.002,421.186,362.324,21.313,783.511,939.149,22.974,46.919,0.458001,0.992776,0.462437
chartqa,1792,1024,436,iter436,chartqa_val_436,30,16384,4096,8,376.419,0.729,2.322,339.104,28.146,436.661,439.518,163.254,23.322,602.772,774.545,13.272,42.878,0.62448,1.348901,0.270838
chartqa,1792,1024,437,iter437,chartqa_val_437,33,16384,4096,2,414.044,0.724,2.347,376.303,28.127,473.931,476.903,24.056,24.056,500.958,652.47,3.992,41.57,0.826504,1.772552,0.04802
chartqa,1792,1024,438,iter438,chartqa_val_438,32,16384,4096,20,373.612,0.73,2.286,337.185,28.134,433.609,435.877,439.103,23.111,874.98,1016.333,22.858,43.27,0.426995,0.92256,0.501843
chartqa,1792,1024,439,iter439,chartqa_val_439,35,16384,4096,18,365.422,0.726,2.277,328.912,28.094,425.069,427.303,387.412,22.789,814.716,979.9,22.094,43.881,0.448527,0.970266,0.475518
chartqa,1792,1024,440,iter440,chartqa_val_440,33,16384,4096,15,364.168,0.73,2.3,327.303,28.124,423.918,426.116,317.241,22.66,743.357,894.631,20.179,44.13,0.489897,1.060172,0.426768
chartqa,1792,1024,441,iter441,chartqa_val_441,35,16384,4096,64,367.747,0.728,2.25,331.467,28.118,427.476,429.673,1427.168,22.653,1856.84,2006.354,34.467,44.143,0.19805,0.428267,0.7686
chartqa,1792,1024,442,iter442,chartqa_val_442,29,16384,4096,15,370.856,0.727,2.26,333.19,28.142,430.789,432.94,315.615,22.544,748.555,888.735,20.039,44.358,0.495429,1.070923,0.421632
chartqa,1792,1024,443,iter443,chartqa_val_443,32,16384,4096,30,373.417,0.726,2.282,336.036,28.094,433.708,436.222,656.949,22.653,1093.171,1264.702,27.443,44.143,0.34159,0.738333,0.600957
chartqa,1792,1024,444,iter444,chartqa_val_444,33,16384,4096,54,364.849,0.729,2.313,327.805,28.12,425.044,427.986,1157.29,21.836,1585.276,1768.761,34.063,45.797,0.230149,0.498268,0.730024
chartqa,1792,1024,445,iter445,chartqa_val_445,36,16384,4096,65,367.219,0.732,2.294,329.834,28.143,427.129,429.675,1428.329,22.318,1858.004,2014.422,34.984,44.808,0.197642,0.427528,0.768744
chartqa,1792,1024,446,iter446,chartqa_val_446,33,16384,4096,25,369.113,0.728,2.273,332.013,28.081,428.894,431.145,539.323,22.472,970.467,1118.0,25.761,44.5,0.380345,0.822291,0.555735
chartqa,1792,1024,447,iter447,chartqa_val_447,38,16384,4096,722,372.026,0.732,2.283,334.534,28.1,431.907,434.215,59625.27,82.698,60059.484,60227.206,12.021,12.092,0.006194,0.013386,0.99277
chartqa,1792,1024,448,iter448,chartqa_val_448,31,16384,4096,7,376.711,0.731,2.345,339.416,28.222,436.566,439.408,132.81,22.135,572.218,1158.483,12.233,45.177,0.658335,1.42127,0.232097
chartqa,1792,1024,449,iter449,chartqa_val_449,32,16384,4096,19,365.023,0.729,2.324,327.741,28.081,425.326,428.2,439.243,24.402,867.444,1103.999,21.903,40.98,0.420803,0.911125,0.506365
chartqa,1792,1024,450,iter450,chartqa_val_450,35,16384,4096,36,364.955,0.731,2.285,328.3,28.073,425.171,427.434,768.471,21.956,1195.905,1404.031,30.103,45.545,0.305171,0.660693,0.642585
chartqa,1792,1024,451,iter451,chartqa_val_451,36,16384,4096,20,366.724,0.732,2.288,329.171,28.114,426.735,429.349,420.826,22.149,850.174,1026.253,23.525,45.149,0.431352,0.93329,0.494988
chartqa,1792,1024,452,iter452,chartqa_val_452,29,16384,4096,7,358.704,0.733,2.278,321.142,28.128,418.437,420.722,131.217,21.869,551.939,717.045,12.683,45.726,0.649898,1.40802,0.237738
chartqa,1792,1024,453,iter453,chartqa_val_453,32,16384,4096,594,532.041,0.73,2.366,492.044,28.097,592.237,595.137,13605.504,22.944,14200.641,14370.116,41.829,43.585,0.037466,0.079171,0.958091
chartqa,1792,1024,454,iter454,chartqa_val_454,45,16384,4096,50,360.71,0.732,2.326,323.323,28.176,420.55,423.743,1088.487,22.214,1512.23,1702.262,33.064,45.017,0.238529,0.516628,0.719789
chartqa,1792,1024,455,iter455,chartqa_val_455,31,16384,4096,23,361.77,0.731,2.311,322.27,28.114,421.401,424.238,473.09,21.504,897.328,1055.434,25.632,46.503,0.403164,0.872782,0.527221
chartqa,1792,1024,456,iter456,chartqa_val_456,30,16384,4096,9,353.527,0.731,2.26,319.758,28.167,413.356,415.695,171.243,21.405,586.938,742.196,15.334,46.717,0.602324,1.306582,0.291756
chartqa,1792,1024,457,iter457,chartqa_val_457,34,16384,4096,123,363.037,0.728,2.277,325.613,28.112,422.982,425.323,2669.859,21.884,3095.181,3415.217,39.739,45.695,0.117291,0.253949,0.862586
chartqa,1792,1024,458,iter458,chartqa_val_458,30,16384,4096,8,367.376,0.732,2.282,330.351,28.123,427.005,429.385,157.094,22.442,586.479,803.776,13.641,44.559,0.626409,1.354492,0.267859
chartqa,1792,1024,459,iter459,chartqa_val_459,35,16384,4096,199,372.233,0.726,2.336,335.299,28.091,432.211,435.316,4526.512,22.861,4961.828,5165.866,40.106,43.742,0.075019,0.162127,0.912267
chartqa,1792,1024,460,iter460,chartqa_val_460,30,16384,4096,11,369.71,0.728,2.311,332.365,28.14,429.393,432.219,228.205,22.82,660.423,880.348,16.656,43.82,0.559808,1.209986,0.345543
chartqa,1792,1024,461,iter461,chartqa_val_461,31,16384,4096,146,372.681,0.727,2.303,335.419,28.1,432.373,435.14,3250.933,22.42,3686.073,3885.951,39.609,44.603,0.101105,0.218404,0.88195
chartqa,1792,1024,462,iter462,chartqa_val_462,29,16384,4096,8,366.461,0.731,2.294,330.06,28.12,426.192,428.593,160.468,22.924,589.061,759.678,13.581,43.622,0.62211,1.345622,0.272413
chartqa,1792,1024,463,iter463,chartqa_val_463,33,16384,4096,223,368.538,0.726,2.278,331.665,28.052,428.235,430.441,5094.642,22.949,5525.083,5704.954,40.361,43.575,0.066703,0.14421,0.922093
chartqa,1792,1024,464,iter464,chartqa_val_464,33,16384,4096,20,373.138,0.725,2.357,335.448,28.17,433.288,436.044,431.792,22.726,867.836,1102.884,23.046,44.003,0.429963,0.929237,0.49755
chartqa,1792,1024,465,iter465,chartqa_val_465,37,16384,4096,60,377.689,0.729,2.295,340.302,28.16,437.659,440.254,1356.121,22.985,1796.375,2005.106,33.401,43.506,0.210251,0.453885,0.754921
chartqa,1792,1024,466,iter466,chartqa_val_466,31,16384,4096,118,361.66,0.731,2.321,324.263,28.103,421.577,424.394,2557.022,21.855,2981.416,3228.396,39.579,45.756,0.121305,0.262706,0.857654
chartqa,1792,1024,467,iter467,chartqa_val_467,46,16384,4096,193,372.251,0.729,2.314,335.405,28.276,432.379,434.81,4196.318,21.856,4631.128,4811.947,41.675,45.754,0.08038,0.173744,0.906111
chartqa,1792,1024,468,iter468,chartqa_val_468,27,16384,4096,21,359.157,0.73,2.279,322.151,28.093,419.047,421.385,437.688,21.884,859.073,1000.723,24.445,45.695,0.418075,0.905865,0.509489
chartqa,1792,1024,469,iter469,chartqa_val_469,48,16384,4096,133,362.032,0.73,2.297,325.315,28.124,421.899,424.17,2917.125,22.099,3341.295,3507.902,39.805,45.25,0.108351,0.234619,0.873052
chartqa,1792,1024,470,iter470,chartqa_val_470,30,16384,4096,67,372.808,0.73,2.353,335.925,28.106,432.801,435.701,1588.472,24.068,2024.173,2202.98,33.1,41.549,0.184178,0.397994,0.784751
chartqa,1792,1024,471,iter471,chartqa_val_471,34,16384,4096,108,387.966,0.73,2.281,350.52,28.139,448.198,450.658,2330.788,21.783,2781.447,2934.145,38.829,45.907,0.139484,0.300622,0.837977
chartqa,1792,1024,472,iter472,chartqa_val_472,37,16384,4096,29,358.42,0.726,2.308,321.628,28.128,418.395,420.805,604.22,21.579,1025.025,1197.28,28.292,46.341,0.349669,0.75785,0.589469
chartqa,1792,1024,473,iter473,chartqa_val_473,40,16384,4096,48,366.183,0.733,2.292,328.739,28.12,426.414,428.788,1038.522,22.096,1467.309,1634.247,32.713,45.257,0.249561,0.54017,0.707773
chartqa,1792,1024,474,iter474,chartqa_val_474,36,16384,4096,20,366.187,0.731,2.262,329.669,28.149,426.05,428.294,423.145,22.271,851.439,997.506,23.49,44.902,0.430081,0.930469,0.496976
chartqa,1792,1024,475,iter475,chartqa_val_475,32,16384,4096,149,364.791,0.725,2.264,327.778,28.129,424.675,426.949,3256.277,22.002,3683.226,3842.682,40.454,45.451,0.099041,0.214341,0.884083
chartqa,1792,1024,476,iter476,chartqa_val_476,44,16384,4096,26,375.641,0.732,2.329,337.99,28.136,436.029,438.884,582.469,23.299,1021.353,1199.102,25.456,42.921,0.367788,0.794701,0.570292
chartqa,1792,1024,477,iter477,chartqa_val_477,39,16384,4096,78,356.619,0.729,2.311,317.775,28.08,416.812,419.334,1650.948,21.441,2070.283,2249.92,37.676,46.64,0.172256,0.373587,0.797451
chartqa,1792,1024,478,iter478,chartqa_val_478,26,16384,4096,12,356.542,0.725,2.292,319.95,28.101,416.343,418.66,240.092,21.827,658.753,826.242,18.216,45.816,0.541239,1.173256,0.364465
chartqa,1792,1024,479,iter479,chartqa_val_479,33,16384,4096,40,357.498,0.729,2.298,320.584,28.11,417.221,419.672,849.935,21.793,1269.607,1430.76,31.506,45.886,0.281582,0.610205,0.669447
chartqa,1792,1024,480,iter480,chartqa_val_480,28,16384,4096,32,361.492,0.731,2.293,324.757,28.176,421.586,423.853,694.869,22.415,1118.722,1279.974,28.604,44.613,0.32313,0.699976,0.621128
chartqa,1792,1024,481,iter481,chartqa_val_481,35,16384,4096,23,368.182,0.731,2.289,331.264,28.142,427.863,430.102,494.247,22.466,924.348,1071.915,24.882,44.512,0.398315,0.861195,0.534698
chartqa,1792,1024,482,iter482,chartqa_val_482,35,16384,4096,30,365.328,0.732,2.289,327.916,28.145,425.344,427.683,631.738,21.784,1059.421,1211.885,28.317,45.905,0.344837,0.746325,0.596305
chartqa,1792,1024,483,iter483,chartqa_val_483,32,16384,4096,287,356.767,0.732,2.267,319.806,28.116,416.757,418.991,6080.586,21.261,6499.577,6649.046,44.157,47.035,0.054891,0.119011,0.935536
chartqa,1792,1024,484,iter484,chartqa_val_484,37,16384,4096,36,357.163,0.732,2.305,317.442,28.093,417.315,419.691,755.781,21.594,1175.471,1336.945,30.626,46.31,0.303846,0.658866,0.64296
chartqa,1792,1024,485,iter485,chartqa_val_485,29,16384,4096,12,363.645,0.73,2.281,326.924,28.133,423.24,425.47,248.164,22.56,673.634,821.001,17.814,44.326,0.539826,1.16812,0.368396
chartqa,1792,1024,486,iter486,chartqa_val_486,44,16384,4096,26,368.48,0.727,2.323,331.284,28.119,428.407,431.214,567.892,22.716,999.106,1174.61,26.023,44.022,0.36881,0.7976,0.5684
chartqa,1792,1024,487,iter487,chartqa_val_487,34,16384,4096,49,369.106,0.73,2.308,332.413,28.084,428.985,431.323,1074.909,22.394,1506.232,1674.23,32.532,44.655,0.245053,0.52986,0.713641
chartqa,1792,1024,488,iter488,chartqa_val_488,27,16384,4096,23,356.299,0.729,2.305,317.495,28.141,416.187,418.642,472.578,21.481,891.22,1047.739,25.807,46.553,0.399788,0.866773,0.530259
chartqa,1792,1024,489,iter489,chartqa_val_489,30,16384,4096,71,359.398,0.729,2.28,322.663,28.09,419.524,421.825,1599.783,22.854,2021.608,2182.941,35.121,43.756,0.177778,0.385298,0.791342
chartqa,1792,1024,490,iter490,chartqa_val_490,29,16384,4096,14,359.44,0.73,2.279,322.76,28.212,419.347,421.795,286.236,22.018,708.031,881.891,19.773,45.417,0.507661,1.099934,0.404271
chartqa,1792,1024,491,iter491,chartqa_val_491,34,16384,4096,198,494.374,0.727,2.277,457.069,28.143,554.174,556.441,4360.601,22.135,4917.042,5062.711,40.268,45.177,0.100543,0.213248,0.886834
chartqa,1792,1024,492,iter492,chartqa_val_492,32,16384,4096,126,360.179,0.73,2.265,322.943,28.115,420.46,422.918,2687.665,21.501,3110.583,3277.661,40.507,46.509,0.115791,0.250962,0.864039
chartqa,1792,1024,493,iter493,chartqa_val_493,30,16384,4096,77,357.774,0.733,2.264,320.491,28.136,417.417,419.951,1645.566,21.652,2065.517,2288.028,37.279,46.185,0.173213,0.375301,0.796685
chartqa,1792,1024,494,iter494,chartqa_val_494,48,16384,4096,30,354.792,0.725,2.286,318.013,28.088,414.919,417.26,625.807,21.58,1043.067,1221.73,28.761,46.34,0.340143,0.73793,0.599968
chartqa,1792,1024,495,iter495,chartqa_val_495,54,16384,4096,36,359.757,0.731,2.321,322.87,28.128,795.502,797.788,764.925,21.855,1562.712,1709.062,23.037,45.756,0.230213,0.739265,0.489485
chartqa,1792,1024,496,iter496,chartqa_val_496,31,16384,4096,27,377.081,0.726,2.337,339.999,28.2,436.925,439.822,598.649,23.025,1038.471,1251.36,26.0,43.431,0.363112,0.783851,0.576471
chartqa,1792,1024,497,iter497,chartqa_val_497,34,16384,4096,95,376.957,0.727,2.289,339.836,28.209,436.554,439.047,2140.64,22.773,2579.687,2789.468,36.826,43.912,0.146125,0.315353,0.829806
chartqa,1792,1024,498,iter498,chartqa_val_498,31,16384,4096,52,384.847,0.726,2.335,347.844,28.134,445.032,447.915,1192.339,23.379,1640.254,1828.077,31.702,42.773,0.234626,0.505945,0.726923
chartqa,1792,1024,499,iter499,chartqa_val_499,44,16384,4096,241,381.811,0.729,2.311,344.691,28.151,441.773,444.419,5602.867,23.345,6047.286,6287.613,39.853,42.835,0.063138,0.136191,0.926509
chartqa,1792,256,0,iter000,chartqa_val_0,36,16384,4096,17,374.428,0.728,2.324,337.56,28.203,434.089,436.976,366.092,22.881,803.068,980.772,21.169,43.705,0.466247,1.006785,0.455867
chartqa,1792,256,1,iter001,chartqa_val_1,34,16384,4096,256,380.156,0.731,2.308,341.488,28.134,439.97,442.805,5974.059,23.428,6416.864,6591.167,39.895,42.685,0.059243,0.127808,0.930994
chartqa,1792,256,2,iter002,chartqa_val_2,28,16384,4096,72,404.83,0.731,2.372,363.856,28.315,891.079,894.966,4883.16,68.777,5778.126,5952.946,12.461,14.54,0.070063,0.224279,0.845111
chartqa,1792,256,3,iter003,chartqa_val_3,30,16384,4096,53,395.974,0.732,2.344,358.081,28.228,890.76,893.805,1340.492,25.779,2234.298,2441.579,23.721,38.792,0.177225,0.575901,0.599961
chartqa,1792,256,4,iter004,chartqa_val_4,46,16384,4096,31,418.107,0.73,2.357,379.671,28.301,898.038,900.915,722.725,24.091,1623.64,1793.697,19.093,41.51,0.257512,0.810614,0.445126
chartqa,1792,256,5,iter005,chartqa_val_5,33,16384,4096,17,518.909,0.73,2.294,479.575,28.123,1041.002,1043.771,421.643,26.353,1465.414,1680.164,11.601,37.947,0.354104,1.064485,0.287729
chartqa,1792,256,6,iter006,chartqa_val_6,35,16384,4096,21,387.449,0.729,2.335,349.966,28.172,869.75,873.042,485.098,24.255,1358.14,1519.469,15.462,41.229,0.285279,0.925677,0.357178
chartqa,1792,256,7,iter007,chartqa_val_7,33,16384,4096,28,361.409,0.73,2.271,324.13,28.12,421.074,423.684,698.331,25.864,1122.015,1346.737,24.955,38.664,0.322107,0.69739,0.62239
chartqa,1792,256,8,iter008,chartqa_val_8,32,16384,4096,32,367.553,0.733,2.287,330.594,28.154,928.448,930.877,746.381,24.077,1677.258,1831.254,19.079,41.534,0.219139,0.77269,0.445001
chartqa,1792,256,9,iter009,chartqa_val_9,36,16384,4096,256,407.115,0.73,2.286,361.377,28.162,467.039,469.595,7350.718,28.826,7820.313,8110.395,32.735,34.69,0.052059,0.11178,0.939952
chartqa,1792,256,10,iter010,chartqa_val_10,44,16384,4096,74,391.676,0.726,2.307,353.675,28.222,864.77,867.606,1797.578,24.624,2665.184,2855.593,27.765,40.61,0.14696,0.471429,0.674467
chartqa,1792,256,11,iter011,chartqa_val_11,49,16384,4096,198,395.53,0.729,2.275,355.66,28.128,850.777,853.223,4829.302,24.514,5682.526,5857.448,34.844,40.793,0.069605,0.219323,0.849851
chartqa,1792,256,12,iter012,chartqa_val_12,30,16384,4096,24,395.653,0.73,2.293,358.51,28.355,455.595,458.152,606.773,26.381,1064.925,1287.595,22.537,37.905,0.371531,0.79935,0.56978
chartqa,1792,256,13,iter013,chartqa_val_13,34,16384,4096,165,406.601,0.731,2.291,363.78,28.139,466.415,468.964,4017.423,24.496,4486.388,4769.809,36.778,40.822,0.09063,0.194592,0.895469
chartqa,1792,256,14,iter014,chartqa_val_14,30,16384,4096,34,374.914,0.731,2.318,332.102,28.114,434.768,438.801,763.846,23.147,1202.647,1377.782,28.271,43.202,0.311741,0.67325,0.635137
chartqa,1792,256,15,iter015,chartqa_val_15,35,16384,4096,155,425.496,0.726,2.295,386.408,28.14,485.518,488.026,3772.44,24.496,4260.466,4430.11,36.381,40.822,0.099871,0.213829,0.885452
chartqa,1792,256,16,iter016,chartqa_val_16,30,16384,4096,33,388.578,0.728,2.299,351.47,28.209,448.94,451.325,789.954,24.686,1241.28,1403.839,26.585,40.509,0.313046,0.674721,0.636403
chartqa,1792,256,17,iter017,chartqa_val_17,40,16384,4096,97,452.164,0.733,2.3,414.282,28.26,929.574,931.997,2401.797,25.019,3333.794,3491.778,29.096,39.97,0.13563,0.414464,0.720439
chartqa,1792,256,18,iter018,chartqa_val_18,31,16384,4096,14,394.902,0.725,2.29,357.693,28.107,920.394,922.747,292.84,22.526,1215.587,1375.741,11.517,44.393,0.324866,1.082026,0.240904
chartqa,1792,256,19,iter019,chartqa_val_19,34,16384,4096,49,423.626,0.729,2.294,386.353,28.179,483.472,485.774,1146.627,23.888,1632.402,1783.278,30.017,41.862,0.259511,0.555683,0.702417
chartqa,1792,256,20,iter020,chartqa_val_20,36,16384,4096,18,388.037,0.732,2.27,348.515,28.158,447.924,450.335,351.922,20.701,802.257,965.374,22.437,48.306,0.483682,1.042011,0.438664
chartqa,1792,256,21,iter021,chartqa_val_21,38,16384,4096,210,413.161,0.727,2.311,355.684,28.129,847.809,851.134,5270.392,25.217,6121.526,6526.101,34.305,39.655,0.067493,0.20599,0.86096
chartqa,1792,256,22,iter022,chartqa_val_22,31,16384,4096,40,413.361,0.73,2.286,376.217,28.205,473.334,475.768,863.597,22.144,1339.365,1614.719,29.865,45.16,0.308625,0.662027,0.644781
chartqa,1792,256,23,iter023,chartqa_val_23,35,16384,4096,101,382.328,0.726,2.264,344.948,28.161,442.114,444.518,2264.132,22.641,2708.651,2882.367,37.288,44.167,0.141151,0.304374,0.835889
chartqa,1792,256,24,iter024,chartqa_val_24,31,16384,4096,26,377.575,0.733,2.335,333.0,28.096,437.624,441.312,607.607,24.304,1048.919,1300.812,24.787,41.145,0.359965,0.77718,0.57927
chartqa,1792,256,25,iter025,chartqa_val_25,33,16384,4096,37,365.403,0.732,2.312,326.293,28.128,425.514,428.093,831.111,23.086,1259.204,1452.474,29.384,43.315,0.290185,0.628108,0.660029
chartqa,1792,256,26,iter026,chartqa_val_26,33,16384,4096,33,408.2,0.729,2.348,352.838,28.1,468.301,472.039,742.157,23.192,1214.195,1396.459,27.178,43.118,0.33619,0.721878,0.611233
chartqa,1792,256,27,iter027,chartqa_val_27,33,16384,4096,189,371.781,0.73,2.302,327.826,28.13,432.5,435.17,4588.838,24.409,5024.008,5317.612,37.619,40.969,0.074001,0.160087,0.913382
chartqa,1792,256,28,iter028,chartqa_val_28,29,16384,4096,28,407.819,0.73,2.3,371.11,28.249,915.365,917.742,693.74,25.694,1611.482,1793.783,17.375,38.919,0.253071,0.821098,0.430498
chartqa,1792,256,29,iter029,chartqa_val_29,32,16384,4096,64,354.27,0.729,2.294,317.582,28.142,414.228,416.723,1503.239,23.861,1919.962,2147.113,33.334,41.909,0.184519,0.400267,0.782953
chartqa,1792,256,30,iter030,chartqa_val_30,33,16384,4096,43,390.188,0.729,2.28,350.553,28.077,449.866,452.365,958.598,22.824,1410.963,1614.083,30.476,43.814,0.27654,0.595376,0.679393
chartqa,1792,256,31,iter031,chartqa_val_31,31,16384,4096,43,423.937,0.729,2.267,381.849,28.244,483.598,485.858,973.456,23.178,1459.314,1613.526,29.466,43.145,0.290504,0.621891,0.667064
chartqa,1792,256,32,iter032,chartqa_val_32,27,16384,4096,30,424.543,0.732,2.326,379.583,28.257,896.227,899.571,1256.157,43.316,2155.729,2319.152,13.916,23.086,0.196937,0.612679,0.582707
chartqa,1792,256,33,iter033,chartqa_val_33,31,16384,4096,39,371.728,0.727,2.345,328.418,28.136,432.355,436.076,885.713,23.308,1321.789,1619.24,29.505,42.903,0.281231,0.60833,0.670086
chartqa,1792,256,34,iter034,chartqa_val_34,34,16384,4096,17,424.453,0.727,2.273,385.939,28.168,484.32,486.658,370.973,23.186,857.631,1020.364,19.822,43.13,0.494913,1.059631,0.432556
chartqa,1792,256,35,iter035,chartqa_val_35,35,16384,4096,213,355.058,0.732,2.306,318.111,28.145,414.743,417.048,4941.792,23.31,5358.84,5504.719,39.747,42.899,0.066256,0.143651,0.922176
chartqa,1792,256,36,iter036,chartqa_val_36,28,16384,4096,36,364.285,0.728,2.255,327.357,28.102,424.021,426.343,897.068,25.631,1323.411,1491.6,27.202,39.016,0.275262,0.595663,0.677846
chartqa,1792,256,37,iter037,chartqa_val_37,32,16384,4096,256,386.945,0.727,2.273,349.699,28.127,446.97,449.382,6239.499,24.469,6688.881,6838.383,38.272,40.869,0.057849,0.124672,0.932817
chartqa,1792,256,38,iter038,chartqa_val_38,28,16384,4096,39,418.002,0.731,2.298,379.253,28.183,478.207,480.621,945.797,24.889,1426.417,1601.785,27.341,40.178,0.293043,0.628293,0.663057
chartqa,1792,256,39,iter039,chartqa_val_39,34,16384,4096,85,359.134,0.732,2.349,318.39,28.139,419.009,421.86,2013.564,23.971,2435.424,2819.501,34.902,41.717,0.147463,0.31951,0.826782
chartqa,1792,256,40,iter040,chartqa_val_40,33,16384,4096,36,423.935,0.729,2.367,385.462,28.292,484.24,487.241,850.506,24.3,1337.748,1523.213,26.911,41.152,0.316902,0.678884,0.635775
chartqa,1792,256,41,iter041,chartqa_val_41,34,16384,4096,26,427.856,0.729,2.309,388.462,28.275,487.607,490.008,627.331,25.093,1117.339,1293.389,23.27,39.851,0.382924,0.819324,0.561451
chartqa,1792,256,42,iter042,chartqa_val_42,30,16384,4096,9,553.261,0.728,2.313,515.436,28.302,614.901,617.767,242.083,30.26,859.85,1053.906,10.467,33.046,0.643439,1.358566,0.281541
chartqa,1792,256,43,iter043,chartqa_val_43,31,16384,4096,65,397.2,0.732,2.32,359.665,28.147,457.125,459.805,1623.215,25.363,2083.02,2271.534,31.205,39.428,0.190685,0.410138,0.77926
chartqa,1792,256,44,iter044,chartqa_val_44,29,16384,4096,14,400.89,0.728,2.291,361.281,28.117,460.507,463.097,328.857,25.297,791.955,974.152,17.678,39.531,0.506204,1.087685,0.415248
chartqa,1792,256,45,iter045,chartqa_val_45,33,16384,4096,132,362.32,0.731,2.268,325.039,28.062,422.274,424.785,3284.402,25.072,3709.187,3922.785,35.587,39.885,0.097682,0.211527,0.885477
chartqa,1792,256,46,iter046,chartqa_val_46,38,16384,4096,32,401.962,0.728,2.308,364.469,28.255,462.084,464.799,800.722,25.83,1265.521,1448.052,25.286,38.715,0.317626,0.682759,0.632721
chartqa,1792,256,47,iter047,chartqa_val_47,30,16384,4096,243,400.512,0.729,2.326,356.609,28.224,460.311,463.669,5731.604,23.684,6195.272,6482.547,39.223,42.222,0.064648,0.138948,0.925158
chartqa,1792,256,48,iter048,chartqa_val_48,29,16384,4096,111,375.184,0.73,2.319,334.899,28.43,436.089,438.793,2603.065,23.664,3041.858,3203.406,36.491,42.258,0.12334,0.266703,0.855748
chartqa,1792,256,49,iter049,chartqa_val_49,33,16384,4096,62,425.381,0.731,2.312,385.632,28.147,485.44,488.2,1503.971,24.655,1992.171,2168.244,31.122,40.559,0.213526,0.4572,0.754941
chartqa,1792,256,50,iter050,chartqa_val_50,30,16384,4096,45,397.642,0.726,2.354,360.05,28.261,458.58,461.751,1114.651,25.333,1576.402,1800.521,28.546,39.474,0.252247,0.54315,0.707085
chartqa,1792,256,51,iter051,chartqa_val_51,30,16384,4096,203,394.974,0.733,2.278,357.991,28.127,454.864,457.214,5113.984,25.317,5571.198,5745.566,36.437,39.5,0.070896,0.152541,0.917933
chartqa,1792,256,52,iter052,chartqa_val_52,30,16384,4096,9,397.445,0.732,2.327,359.718,28.232,457.605,460.491,225.643,28.205,686.134,864.301,13.117,35.454,0.579252,1.246184,0.328862
chartqa,1792,256,53,iter053,chartqa_val_53,33,16384,4096,56,401.154,0.73,2.321,361.11,28.094,461.288,463.86,1416.518,25.755,1880.379,2064.587,29.781,38.828,0.213337,0.458654,0.753316
chartqa,1792,256,54,iter054,chartqa_val_54,29,16384,4096,52,366.753,0.73,2.32,327.115,28.197,426.67,429.226,1354.709,26.563,1783.935,1960.751,29.149,37.646,0.205586,0.44476,0.759394
chartqa,1792,256,55,iter055,chartqa_val_55,33,16384,4096,218,368.381,0.733,2.311,331.636,28.137,428.266,431.035,5793.373,26.698,6224.408,6486.455,35.023,37.457,0.059183,0.127988,0.930751
chartqa,1792,256,56,iter056,chartqa_val_56,32,16384,4096,50,392.545,0.727,2.366,351.849,28.142,453.618,457.101,1194.533,24.378,1651.634,2043.464,30.273,41.02,0.237671,0.512318,0.723243
chartqa,1792,256,57,iter057,chartqa_val_57,36,16384,4096,21,359.476,0.726,2.322,321.482,28.198,419.548,422.125,518.881,25.944,941.006,1145.99,22.317,38.544,0.382013,0.827863,0.551411
chartqa,1792,256,58,iter058,chartqa_val_58,29,16384,4096,29,353.511,0.733,2.286,314.982,28.092,413.414,415.915,616.188,22.007,1032.103,1295.65,28.098,45.441,0.342515,0.74307,0.597022
chartqa,1792,256,59,iter059,chartqa_val_59,35,16384,4096,256,380.839,0.728,2.302,342.104,28.161,440.848,443.763,5922.668,23.226,6366.431,6551.158,40.211,43.055,0.05982,0.129066,0.930296
chartqa,1792,256,60,iter060,chartqa_val_60,29,16384,4096,29,400.198,0.729,2.341,360.56,28.2,460.16,462.966,671.482,23.981,1134.448,1320.941,25.563,41.699,0.352769,0.758394,0.591902
chartqa,1792,256,61,iter061,chartqa_val_61,35,16384,4096,70,359.044,0.729,2.265,318.532,28.107,418.973,421.451,1690.296,24.497,2111.747,2267.829,33.148,40.821,0.170022,0.368424,0.800425
chartqa,1792,256,62,iter062,chartqa_val_62,30,16384,4096,23,397.449,0.733,2.298,360.229,28.189,457.439,459.969,535.496,24.341,995.465,1184.954,23.105,41.083,0.399259,0.858782,0.537935
chartqa,1792,256,63,iter063,chartqa_val_63,34,16384,4096,33,385.858,0.732,2.292,348.718,28.096,445.734,448.075,738.719,23.085,1186.794,1357.668,27.806,43.318,0.325126,0.700704,0.622449
chartqa,1792,256,64,iter064,chartqa_val_64,33,16384,4096,16,421.404,0.726,2.312,384.107,28.209,481.696,484.329,329.668,21.978,813.997,998.768,19.656,45.5,0.517697,1.109463,0.404999
chartqa,1792,256,65,iter065,chartqa_val_65,35,16384,4096,136,383.114,0.73,2.33,342.96,28.17,442.994,445.624,3043.241,22.543,3488.865,3689.043,38.981,44.361,0.109811,0.236784,0.872273
chartqa,1792,256,66,iter066,chartqa_val_66,29,16384,4096,30,382.876,0.732,2.293,346.136,28.151,443.341,445.702,686.435,23.67,1132.137,1286.462,26.499,42.247,0.338189,0.729785,0.606318
chartqa,1792,256,67,iter067,chartqa_val_67,31,16384,4096,66,392.546,0.729,2.306,355.302,28.131,452.459,455.178,1541.525,23.716,1996.704,2165.02,33.054,42.166,0.196597,0.4232,0.772035
chartqa,1792,256,68,iter068,chartqa_val_68,28,16384,4096,10,360.945,0.728,2.317,324.103,28.129,421.105,423.528,200.303,22.256,623.831,786.012,16.03,44.932,0.578594,1.253624,0.321086
chartqa,1792,256,69,iter069,chartqa_val_69,31,16384,4096,134,391.59,0.729,2.275,345.696,28.152,451.311,453.761,2966.292,22.303,3420.053,3709.155,39.181,44.837,0.114498,0.246458,0.867323
chartqa,1792,256,70,iter070,chartqa_val_70,34,16384,4096,133,354.986,0.732,2.299,317.509,28.163,414.752,417.451,3106.363,23.533,3523.815,3786.973,37.743,42.493,0.100739,0.218439,0.881534
chartqa,1792,256,71,iter071,chartqa_val_71,37,16384,4096,163,371.12,0.73,2.291,333.249,28.24,869.131,871.701,3797.374,23.441,4669.075,4852.131,34.911,42.661,0.079485,0.265631,0.813303
chartqa,1792,256,72,iter072,chartqa_val_72,31,16384,4096,17,393.674,0.728,2.313,355.827,28.303,453.659,456.154,382.333,23.896,838.487,1011.152,20.275,41.848,0.469505,1.01055,0.455979
chartqa,1792,256,73,iter073,chartqa_val_73,32,16384,4096,121,414.928,0.732,2.322,365.549,28.145,475.076,479.214,2907.353,24.228,3386.567,3580.78,35.729,41.275,0.122522,0.262804,0.858496
chartqa,1792,256,74,iter074,chartqa_val_74,28,16384,4096,18,388.661,0.727,2.318,351.605,28.084,448.688,451.331,393.368,23.139,844.699,1027.03,21.309,43.217,0.460118,0.991299,0.46569
chartqa,1792,256,75,iter075,chartqa_val_75,31,16384,4096,190,367.864,0.73,2.273,331.199,28.147,428.088,430.443,4430.215,23.44,4860.658,5043.128,39.089,42.662,0.075682,0.163754,0.911444
chartqa,1792,256,76,iter076,chartqa_val_76,29,16384,4096,14,395.757,0.732,2.326,352.258,28.133,455.681,459.399,304.637,23.434,764.036,1043.184,18.324,42.674,0.517982,1.114395,0.398721
chartqa,1792,256,77,iter077,chartqa_val_77,30,16384,4096,187,412.196,0.73,2.329,372.628,28.239,472.914,475.65,4419.161,23.759,4894.812,5050.915,38.204,42.089,0.084211,0.180826,0.902826
chartqa,1792,256,78,iter078,chartqa_val_78,30,16384,4096,26,401.228,0.731,2.311,356.029,28.169,461.089,463.704,575.616,23.025,1039.319,1238.14,25.016,43.432,0.386049,0.829694,0.553839
chartqa,1792,256,79,iter079,chartqa_val_79,36,16384,4096,26,544.955,0.727,2.311,501.346,28.153,605.039,607.844,644.738,25.79,1252.581,1537.824,20.757,38.775,0.435065,0.918099,0.514727
chartqa,1792,256,80,iter080,chartqa_val_80,35,16384,4096,21,373.923,0.728,2.289,336.608,28.165,434.362,436.976,490.828,24.541,927.803,1117.057,22.634,40.747,0.40302,0.871181,0.529021
chartqa,1792,256,81,iter081,chartqa_val_81,33,16384,4096,133,362.425,0.73,2.276,319.152,28.133,422.362,424.935,3066.241,23.229,3491.176,3675.575,38.096,43.049,0.103812,0.224792,0.878283
chartqa,1792,256,82,iter082,chartqa_val_82,29,16384,4096,14,359.186,0.732,2.29,320.352,28.123,418.892,421.412,274.526,21.117,695.938,919.222,20.117,47.354,0.516118,1.118029,0.394469
chartqa,1792,256,83,iter083,chartqa_val_83,31,16384,4096,150,416.335,0.73,2.255,363.171,28.12,476.394,478.843,3621.088,24.303,4099.931,4387.931,36.586,41.148,0.101547,0.217742,0.883207
chartqa,1792,256,84,iter084,chartqa_val_84,30,16384,4096,24,493.951,0.729,2.288,456.84,28.4,553.723,556.3,514.016,22.349,1070.317,1264.248,22.423,44.746,0.4615,0.978844,0.480247
chartqa,1792,256,85,iter085,chartqa_val_85,34,16384,4096,256,395.35,0.734,2.303,357.798,28.263,455.833,458.524,6053.403,23.739,6511.927,6693.302,39.312,42.125,0.060712,0.130711,0.929587
chartqa,1792,256,86,iter086,chartqa_val_86,38,16384,4096,23,357.445,0.732,2.296,316.979,28.096,417.203,419.912,556.042,25.275,975.954,1320.685,23.567,39.565,0.366252,0.793735,0.569742
chartqa,1792,256,87,iter087,chartqa_val_87,38,16384,4096,39,379.153,0.732,2.309,337.024,28.078,439.318,442.367,902.975,23.763,1345.342,1556.431,28.989,42.083,0.281826,0.608374,0.671186
chartqa,1792,256,88,iter088,chartqa_val_88,29,16384,4096,55,355.609,0.73,2.314,315.545,28.121,415.457,418.241,1306.566,24.196,1724.807,1969.122,31.888,41.33,0.206173,0.447045,0.757514
chartqa,1792,256,89,iter089,chartqa_val_89,46,16384,4096,185,400.218,0.729,2.291,347.845,28.166,460.142,462.436,4575.127,24.865,5037.563,5236.687,36.724,40.217,0.079447,0.170789,0.908203
chartqa,1792,256,90,iter090,chartqa_val_90,27,16384,4096,45,385.573,0.733,2.265,349.134,28.198,445.314,447.662,1102.732,25.062,1550.394,1723.104,29.025,39.901,0.248694,0.53592,0.711259
chartqa,1792,256,91,iter091,chartqa_val_91,30,16384,4096,63,396.176,0.73,2.288,358.93,28.211,456.319,458.718,1545.884,24.934,2004.601,2195.531,31.428,40.107,0.197633,0.425269,0.771168
chartqa,1792,256,92,iter092,chartqa_val_92,30,16384,4096,14,415.175,0.73,2.311,372.443,28.135,475.067,477.597,328.829,25.295,806.426,1067.109,17.361,39.534,0.514833,1.103935,0.407761
chartqa,1792,256,93,iter093,chartqa_val_93,31,16384,4096,44,390.237,0.732,2.296,352.961,28.126,450.367,452.76,972.703,22.621,1425.464,1607.149,30.867,44.207,0.273761,0.589706,0.682377
chartqa,1792,256,94,iter094,chartqa_val_94,30,16384,4096,61,394.505,0.729,2.584,347.828,28.095,455.159,459.229,1517.29,25.288,1976.52,2199.118,30.862,39.544,0.199596,0.429879,0.767658
chartqa,1792,256,95,iter095,chartqa_val_95,34,16384,4096,86,436.116,0.73,2.314,395.255,28.087,496.159,498.529,2093.318,24.627,2591.847,2742.035,33.181,40.605,0.168264,0.359695,0.807655
chartqa,1792,256,96,iter096,chartqa_val_96,32,16384,4096,34,441.819,0.727,2.292,393.523,28.387,501.965,504.447,859.062,26.032,1363.509,1541.568,24.936,38.414,0.324031,0.692172,0.630037
chartqa,1792,256,97,iter097,chartqa_val_97,35,16384,4096,110,385.507,0.73,2.3,347.319,28.258,445.334,447.935,2501.402,22.949,2949.337,3129.493,37.297,43.576,0.13071,0.281704,0.848124
chartqa,1792,256,98,iter098,chartqa_val_98,30,16384,4096,141,393.501,0.731,2.302,355.935,28.103,453.332,456.083,3380.134,24.144,3836.217,4061.118,36.755,41.418,0.102575,0.220747,0.881111
chartqa,1792,256,99,iter099,chartqa_val_99,34,16384,4096,223,402.947,0.727,2.299,365.953,28.23,462.713,465.09,5466.862,24.626,5931.952,6099.604,37.593,40.608,0.067928,0.145932,0.921596
chartqa,1792,256,100,iter100,chartqa_val_100,29,16384,4096,55,427.627,0.727,2.337,376.207,28.152,487.585,490.959,1256.66,23.271,1747.619,1962.95,31.471,42.971,0.244691,0.523691,0.71907
chartqa,1792,256,101,iter101,chartqa_val_101,49,16384,4096,133,389.09,0.727,2.28,349.767,28.283,449.98,452.364,3157.101,23.917,3609.465,3787.815,36.848,41.811,0.107797,0.232464,0.874673
chartqa,1792,256,102,iter102,chartqa_val_102,28,16384,4096,10,367.429,0.732,2.309,330.246,28.285,427.377,429.857,239.943,26.66,669.8,843.526,14.93,37.509,0.548565,1.186632,0.358231
chartqa,1792,256,103,iter103,chartqa_val_103,31,16384,4096,92,363.315,0.731,2.312,323.075,28.1,423.291,425.911,2099.982,23.077,2525.894,2774.738,36.423,43.334,0.143836,0.311417,0.831382
chartqa,1792,256,104,iter104,chartqa_val_104,30,16384,4096,11,355.302,0.732,2.315,311.728,28.058,415.302,418.473,207.178,20.718,625.651,881.704,17.582,48.268,0.567891,1.231684,0.331139
chartqa,1792,256,105,iter105,chartqa_val_105,34,16384,4096,131,364.096,0.732,2.303,315.291,28.097,423.904,426.784,2958.507,22.758,3385.29,3672.391,38.697,43.941,0.107552,0.232772,0.87393
chartqa,1792,256,106,iter106,chartqa_val_106,27,16384,4096,28,357.615,0.734,2.276,318.534,28.126,417.289,419.646,705.347,26.124,1124.992,1312.748,24.889,38.279,0.317882,0.688808,0.626979
chartqa,1792,256,107,iter107,chartqa_val_107,35,16384,4096,131,402.188,0.731,2.299,364.348,28.189,462.791,465.735,3066.288,23.587,3532.023,3699.228,37.089,42.397,0.113869,0.244896,0.868139
chartqa,1792,256,108,iter108,chartqa_val_108,29,16384,4096,13,362.801,0.733,2.29,325.846,28.094,423.1,425.446,352.537,29.378,777.983,952.031,16.71,34.039,0.466336,1.010178,0.453142
chartqa,1792,256,109,iter109,chartqa_val_109,30,16384,4096,46,351.738,0.729,2.281,314.099,28.083,411.49,413.908,1034.822,22.996,1448.73,1616.052,31.752,43.486,0.242791,0.526826,0.714296
chartqa,1792,256,110,iter110,chartqa_val_110,31,16384,4096,19,364.738,0.728,2.338,324.48,28.073,424.947,428.665,437.87,24.326,866.535,1106.113,21.926,41.108,0.420915,0.911313,0.505312
chartqa,1792,256,111,iter111,chartqa_val_111,32,16384,4096,138,397.255,0.729,2.297,360.243,28.07,457.198,459.597,3070.424,22.412,3530.021,3709.826,39.093,44.619,0.112536,0.242053,0.869803
chartqa,1792,256,112,iter112,chartqa_val_112,30,16384,4096,14,351.359,0.729,2.264,310.044,28.075,411.045,413.371,349.869,26.913,763.24,931.302,18.343,37.157,0.460352,0.998905,0.4584
chartqa,1792,256,113,iter113,chartqa_val_113,30,16384,4096,130,371.126,0.732,2.301,331.371,28.14,430.997,433.895,3059.137,23.714,3493.032,3762.261,37.217,42.169,0.106248,0.229635,0.875783
chartqa,1792,256,114,iter114,chartqa_val_114,28,16384,4096,13,381.115,0.728,2.291,343.596,28.164,441.037,443.583,290.893,24.241,734.475,985.196,17.7,41.252,0.518895,1.119375,0.396055
chartqa,1792,256,115,iter115,chartqa_val_115,31,16384,4096,202,374.743,0.731,2.256,337.084,28.536,435.159,437.475,4900.713,24.382,5338.188,5520.054,37.841,41.014,0.0702,0.151718,0.918048
chartqa,1792,256,116,iter116,chartqa_val_116,30,16384,4096,7,405.253,0.732,2.318,364.67,28.367,465.299,468.075,183.856,30.643,651.93,832.887,10.737,32.634,0.62162,1.335345,0.282017
chartqa,1792,256,117,iter117,chartqa_val_117,34,16384,4096,39,513.287,0.73,2.279,476.064,28.204,573.114,575.47,1010.93,26.603,1586.401,1750.3,24.584,37.589,0.323554,0.684821,0.637248
chartqa,1792,256,118,iter118,chartqa_val_118,29,16384,4096,33,361.977,0.734,2.289,320.899,28.09,422.104,424.53,808.85,25.277,1233.381,1422.935,26.756,39.562,0.293484,0.635718,0.655799
chartqa,1792,256,119,iter119,chartqa_val_119,33,16384,4096,65,357.12,0.727,2.343,319.077,28.068,417.281,420.328,1560.378,24.381,1980.706,2150.208,32.817,41.016,0.180299,0.390972,0.787789
chartqa,1792,256,120,iter120,chartqa_val_120,30,16384,4096,38,410.956,0.729,2.317,373.853,28.154,470.805,473.757,999.729,27.02,1473.486,1649.843,25.789,37.01,0.2789,0.598418,0.678478
chartqa,1792,256,121,iter121,chartqa_val_121,31,16384,4096,23,407.783,0.73,2.346,361.908,28.249,467.863,470.855,528.531,24.024,999.386,1316.063,23.014,41.625,0.408034,0.876184,0.528855
chartqa,1792,256,122,iter122,chartqa_val_122,33,16384,4096,27,423.578,0.729,2.296,383.27,28.314,483.873,486.597,574.723,22.105,1061.32,1249.442,25.44,45.239,0.399105,0.855021,0.541517
chartqa,1792,256,123,iter123,chartqa_val_123,39,16384,4096,71,471.882,0.729,2.308,432.953,28.231,908.348,910.766,1723.689,24.624,2634.456,2812.062,26.951,40.611,0.179119,0.523915,0.654287
chartqa,1792,256,124,iter124,chartqa_val_124,45,16384,4096,28,408.704,0.73,2.288,368.107,28.161,897.013,899.582,645.884,23.922,1545.466,1814.816,18.118,41.803,0.264454,0.844869,0.417922
chartqa,1792,256,125,iter125,chartqa_val_125,44,16384,4096,80,396.901,0.732,2.298,356.951,28.208,456.796,459.336,1963.023,24.848,2422.359,2723.42,33.026,40.244,0.163849,0.352424,0.810377
chartqa,1792,256,126,iter126,chartqa_val_126,29,16384,4096,16,399.071,0.73,2.3,361.692,28.144,459.571,462.167,400.519,26.701,862.686,1064.161,18.547,37.451,0.462591,0.995312,0.46427
chartqa,1792,256,127,iter127,chartqa_val_127,32,16384,4096,36,403.931,0.727,2.322,362.566,28.116,464.347,466.748,907.837,25.938,1374.584,1559.146,26.19,38.553,0.293857,0.631666,0.660444
chartqa,1792,256,128,iter128,chartqa_val_128,28,16384,4096,20,411.472,0.728,2.279,372.143,28.185,471.915,474.409,463.913,24.416,938.321,1094.938,21.315,40.956,0.438519,0.941454,0.494407
chartqa,1792,256,129,iter129,chartqa_val_129,29,16384,4096,39,369.632,0.731,2.278,329.321,28.127,429.34,431.714,956.736,25.177,1388.45,1555.108,28.089,39.718,0.266219,0.575441,0.689067
chartqa,1792,256,130,iter130,chartqa_val_130,28,16384,4096,35,429.804,0.732,2.297,388.315,28.305,489.63,492.064,896.668,26.373,1388.732,1569.121,25.203,37.918,0.309494,0.662067,0.645674
chartqa,1792,256,131,iter131,chartqa_val_131,34,16384,4096,67,411.312,0.73,2.284,368.222,28.145,471.093,473.507,1711.673,25.934,2185.18,2341.318,30.661,38.559,0.188228,0.403813,0.78331
chartqa,1792,256,132,iter132,chartqa_val_132,30,16384,4096,63,412.046,0.733,2.312,368.247,28.202,473.12,475.716,1587.77,25.609,2063.486,2267.544,30.531,39.048,0.199685,0.428967,0.76946
chartqa,1792,256,133,iter133,chartqa_val_133,36,16384,4096,74,412.666,0.731,2.316,369.043,28.146,472.84,475.407,1799.997,24.657,2275.404,2539.826,32.522,40.556,0.18136,0.389164,0.791067
chartqa,1792,256,134,iter134,chartqa_val_134,44,16384,4096,28,438.982,0.73,2.281,397.363,28.19,499.22,501.601,639.805,23.696,1141.406,1294.841,24.531,42.2,0.384598,0.82197,0.560541
chartqa,1792,256,135,iter135,chartqa_val_135,49,16384,4096,68,417.197,0.731,2.317,365.977,28.156,477.715,481.007,1638.59,24.457,2119.597,2313.935,32.082,40.889,0.196828,0.422209,0.773067
chartqa,1792,256,136,iter136,chartqa_val_136,37,16384,4096,22,386.764,0.73,2.296,349.276,28.191,446.636,449.009,490.154,23.341,939.163,1125.595,23.425,42.844,0.411818,0.887386,0.521905
chartqa,1792,256,137,iter137,chartqa_val_137,41,16384,4096,26,367.479,0.735,2.358,327.635,28.097,911.558,914.75,620.976,24.839,1535.727,1781.274,16.93,40.259,0.239287,0.832854,0.404353
chartqa,1792,256,138,iter138,chartqa_val_138,29,16384,4096,28,382.598,0.73,2.322,342.638,28.177,442.784,445.975,671.576,24.873,1117.551,1456.219,25.055,40.204,0.342354,0.738564,0.600936
chartqa,1792,256,139,iter139,chartqa_val_139,33,16384,4096,30,445.769,0.732,2.335,396.88,28.219,505.702,509.394,663.523,22.88,1172.918,1352.087,25.577,43.706,0.380051,0.8112,0.565703
chartqa,1792,256,140,iter140,chartqa_val_140,30,16384,4096,29,404.729,0.73,2.29,365.319,28.117,464.915,467.494,669.974,23.928,1137.468,1370.706,25.495,41.793,0.355816,0.764544,0.589004
chartqa,1792,256,141,iter141,chartqa_val_141,31,16384,4096,94,392.273,0.73,2.328,353.285,28.152,452.466,455.129,2311.985,24.86,2767.114,2954.973,33.97,40.225,0.141762,0.305278,0.835522
chartqa,1792,256,142,iter142,chartqa_val_142,29,16384,4096,36,389.366,0.73,2.332,350.638,28.192,449.769,452.72,875.387,25.011,1328.107,1551.406,27.106,39.982,0.293174,0.631828,0.659124
chartqa,1792,256,143,iter143,chartqa_val_143,41,16384,4096,136,427.949,0.728,2.279,391.066,28.232,487.867,490.252,3381.168,25.046,3871.419,4029.511,35.129,39.927,0.11054,0.236558,0.873366
chartqa,1792,256,144,iter144,chartqa_val_144,29,16384,4096,27,372.495,0.728,2.311,334.985,28.191,432.569,435.279,681.0,26.192,1116.278,1306.405,24.188,38.179,0.333694,0.721204,0.610062
chartqa,1792,256,145,iter145,chartqa_val_145,31,16384,4096,49,391.487,0.726,2.313,352.407,28.13,451.252,453.833,1096.405,22.842,1550.237,1720.688,31.608,43.779,0.252534,0.543619,0.707249
chartqa,1792,256,146,iter146,chartqa_val_146,29,16384,4096,65,401.899,0.73,2.316,360.818,28.21,462.339,465.062,1584.164,24.753,2049.226,2240.016,31.719,40.4,0.196122,0.421739,0.773055
chartqa,1792,256,147,iter147,chartqa_val_147,37,16384,4096,129,395.453,0.726,2.302,357.852,28.201,455.466,457.881,3235.208,25.275,3693.088,3882.843,34.93,39.565,0.107079,0.230409,0.876017
chartqa,1792,256,148,iter148,chartqa_val_148,30,16384,4096,29,399.807,0.734,2.301,360.197,28.14,459.99,462.565,718.481,25.66,1181.046,1371.77,24.555,38.971,0.338519,0.727996,0.608343
chartqa,1792,256,149,iter149,chartqa_val_149,38,16384,4096,140,387.986,0.728,2.329,350.678,28.115,448.675,451.492,3375.88,24.287,3827.372,4003.3,36.579,41.174,0.101371,0.218599,0.882036
chartqa,1792,256,150,iter150,chartqa_val_150,29,16384,4096,22,451.232,0.728,2.347,406.872,28.242,511.688,514.947,465.798,22.181,980.745,1146.719,22.432,45.084,0.460091,0.981825,0.474943
chartqa,1792,256,151,iter151,chartqa_val_151,31,16384,4096,153,440.308,0.727,2.328,392.864,28.124,500.403,503.758,3928.157,25.843,4431.915,4615.651,34.522,38.695,0.099349,0.212258,0.886334
chartqa,1792,256,152,iter152,chartqa_val_152,27,16384,4096,10,393.107,0.731,2.308,356.299,28.199,453.103,455.584,242.483,26.943,698.067,892.058,14.325,37.116,0.563136,1.212219,0.347363
chartqa,1792,256,153,iter153,chartqa_val_153,31,16384,4096,11,401.217,0.731,2.268,364.199,28.114,461.013,463.316,265.597,26.56,728.913,888.823,15.091,37.651,0.550432,1.182899,0.364374
chartqa,1792,256,154,iter154,chartqa_val_154,31,16384,4096,45,541.742,0.73,2.283,504.92,28.179,601.909,604.223,1058.53,24.057,1662.753,1821.151,27.064,41.567,0.32581,0.687806,0.636613
chartqa,1792,256,155,iter155,chartqa_val_155,31,16384,4096,15,450.355,0.73,2.505,404.317,28.23,510.22,513.658,310.301,22.164,823.96,1028.175,18.205,45.117,0.546574,1.165804,0.376598
chartqa,1792,256,156,iter156,chartqa_val_156,28,16384,4096,32,405.568,0.73,2.313,358.365,28.103,465.305,475.019,825.799,26.639,1300.818,1478.581,24.6,37.539,0.311779,0.669481,0.634831
chartqa,1792,256,157,iter157,chartqa_val_157,30,16384,4096,150,365.006,0.728,2.271,328.379,28.081,424.804,427.238,3644.672,24.461,4071.91,4259.101,36.838,40.882,0.08964,0.193965,0.895077
chartqa,1792,256,158,iter158,chartqa_val_158,30,16384,4096,33,376.242,0.731,2.275,334.531,28.195,436.667,439.112,798.882,24.965,1237.993,1414.36,26.656,40.056,0.303913,0.656634,0.645304
chartqa,1792,256,159,iter159,chartqa_val_159,30,16384,4096,17,428.974,0.729,2.286,391.426,28.266,488.752,491.159,353.63,22.102,844.789,1013.389,20.123,45.245,0.507789,1.086338,0.418601
chartqa,1792,256,160,iter160,chartqa_val_160,30,16384,4096,25,390.169,0.73,2.301,352.994,28.161,450.183,453.164,596.464,24.853,1049.628,1225.575,23.818,40.237,0.371721,0.800619,0.568262
chartqa,1792,256,161,iter161,chartqa_val_161,44,16384,4096,200,435.023,0.731,2.268,395.652,28.333,495.657,498.156,4979.929,25.025,5478.085,5691.66,36.509,39.96,0.079412,0.169892,0.909064
chartqa,1792,256,162,iter162,chartqa_val_162,30,16384,4096,60,355.145,0.734,2.342,317.902,28.155,415.104,418.149,1401.951,23.762,1820.099,2048.214,32.965,42.084,0.195124,0.42319,0.770261
chartqa,1792,256,163,iter163,chartqa_val_163,34,16384,4096,256,393.673,0.731,2.369,356.53,28.114,453.578,456.867,6158.199,24.15,6615.066,6806.393,38.7,41.408,0.059512,0.128079,0.930935
chartqa,1792,256,164,iter164,chartqa_val_164,34,16384,4096,48,413.958,0.726,2.36,373.83,28.235,473.997,477.218,1131.046,24.065,1608.264,1904.014,29.846,41.554,0.257394,0.55212,0.703272
chartqa,1792,256,165,iter165,chartqa_val_165,31,16384,4096,46,369.033,0.729,2.291,331.001,28.054,428.937,431.387,1086.584,24.146,1517.971,1684.981,30.304,41.414,0.24311,0.525682,0.715814
chartqa,1792,256,166,iter166,chartqa_val_166,40,16384,4096,30,362.214,0.726,2.296,325.011,28.138,422.472,424.949,659.697,22.748,1084.645,1276.808,27.659,43.96,0.333947,0.723449,0.608214
chartqa,1792,256,167,iter167,chartqa_val_167,50,16384,4096,49,360.109,0.731,2.261,321.741,28.063,883.274,885.502,1240.15,25.836,2125.653,2289.422,23.052,38.705,0.169411,0.584942,0.583421
chartqa,1792,256,168,iter168,chartqa_val_168,33,16384,4096,11,400.716,0.729,2.3,363.197,28.164,460.796,463.521,266.596,26.66,730.118,1042.83,15.066,37.51,0.548838,1.179963,0.365142
chartqa,1792,256,169,iter169,chartqa_val_169,35,16384,4096,39,398.016,0.73,2.288,358.578,28.206,458.033,460.516,979.207,25.769,1439.724,1615.86,27.089,38.807,0.276453,0.594593,0.680136
chartqa,1792,256,170,iter170,chartqa_val_170,29,16384,4096,69,359.186,0.73,2.33,317.518,28.12,419.279,422.017,1627.949,23.94,2049.966,2342.875,33.659,41.77,0.175216,0.379746,0.794135
chartqa,1792,256,171,iter171,chartqa_val_171,32,16384,4096,256,436.64,0.728,2.364,390.898,28.272,497.006,500.583,6130.067,24.039,6630.65,6800.598,38.609,41.598,0.065852,0.140808,0.924505
chartqa,1792,256,172,iter172,chartqa_val_172,33,16384,4096,59,390.937,0.727,2.288,353.593,28.065,450.855,453.201,1391.207,23.986,1844.408,2053.38,31.989,41.69,0.211958,0.456402,0.754284
chartqa,1792,256,173,iter173,chartqa_val_173,42,16384,4096,96,410.386,0.728,2.33,359.28,28.249,857.662,861.257,2377.745,25.029,3239.002,3497.762,29.639,39.954,0.126701,0.391493,0.734098
chartqa,1792,256,174,iter174,chartqa_val_174,27,16384,4096,33,383.43,0.729,2.321,340.979,28.164,444.085,447.442,827.148,25.848,1274.59,1539.47,25.891,38.687,0.300826,0.649241,0.648952
chartqa,1792,256,175,iter175,chartqa_val_175,45,16384,4096,98,403.281,0.729,2.287,364.892,28.178,463.149,465.614,2461.642,25.378,2927.255,3147.98,33.478,39.405,0.137768,0.295987,0.840939
chartqa,1792,256,176,iter176,chartqa_val_176,37,16384,4096,204,395.012,0.733,2.336,356.535,28.101,455.224,458.034,5114.543,25.195,5572.577,5749.566,36.608,39.691,0.070885,0.152575,0.917806
chartqa,1792,256,177,iter177,chartqa_val_177,40,16384,4096,172,407.989,0.731,2.333,366.346,28.271,468.898,471.536,4336.992,25.363,4808.528,4991.355,35.77,39.428,0.084847,0.182361,0.901937
chartqa,1792,256,178,iter178,chartqa_val_178,34,16384,4096,34,399.224,0.725,2.334,359.765,28.135,459.646,462.342,828.06,25.093,1290.402,1487.915,26.348,39.852,0.30938,0.665583,0.641707
chartqa,1792,256,179,iter179,chartqa_val_179,42,16384,4096,33,405.583,0.727,2.283,368.094,28.197,465.946,468.507,777.098,24.284,1245.604,1405.833,26.493,41.179,0.325611,0.699684,0.623872
chartqa,1792,256,180,iter180,chartqa_val_180,33,16384,4096,18,426.451,0.731,2.306,380.85,28.117,486.339,488.821,382.052,22.474,870.872,1212.335,20.669,44.497,0.489682,1.048133,0.4387
chartqa,1792,256,181,iter181,chartqa_val_181,40,16384,4096,66,362.966,0.727,2.32,324.64,28.146,422.912,425.623,1546.347,23.79,1971.97,2155.791,33.469,42.035,0.184063,0.398525,0.784163
chartqa,1792,256,182,iter182,chartqa_val_182,48,16384,4096,256,383.992,0.731,2.341,341.491,28.119,817.394,824.021,12883.582,50.524,13707.603,14221.498,18.676,19.793,0.028013,0.087644,0.939886
chartqa,1792,256,183,iter183,chartqa_val_183,39,16384,4096,87,425.125,0.728,2.349,382.647,28.243,486.271,489.321,2078.764,24.172,2568.084,2755.605,33.877,41.371,0.165541,0.354893,0.809461
chartqa,1792,256,184,iter184,chartqa_val_184,33,16384,4096,20,431.326,0.727,2.279,391.645,28.172,491.386,493.895,424.032,22.317,917.927,1163.392,21.788,44.808,0.469891,1.005212,0.461945
chartqa,1792,256,185,iter185,chartqa_val_185,42,16384,4096,2,422.952,0.73,2.284,386.065,28.192,483.49,486.015,35.741,35.741,521.756,706.69,3.833,27.979,0.810631,1.737291,0.068502
chartqa,1792,256,186,iter186,chartqa_val_186,33,16384,4096,32,371.174,0.728,2.297,334.703,28.205,430.909,433.326,801.007,25.839,1234.333,1419.622,25.925,38.701,0.300708,0.649811,0.648939
chartqa,1792,256,187,iter187,chartqa_val_187,33,16384,4096,50,366.029,0.731,2.347,327.084,28.124,426.106,428.66,1249.258,25.495,1677.918,1896.72,29.799,39.223,0.218145,0.472094,0.744529
chartqa,1792,256,188,iter188,chartqa_val_188,35,16384,4096,33,351.077,0.727,2.279,314.463,28.11,410.928,413.382,813.541,25.423,1226.923,1455.249,26.897,39.334,0.286145,0.62107,0.663074
chartqa,1792,256,189,iter189,chartqa_val_189,32,16384,4096,57,389.029,0.732,2.288,351.939,28.257,449.242,451.518,1313.627,23.458,1765.145,1954.397,32.292,42.63,0.220395,0.474902,0.744204
chartqa,1792,256,190,iter190,chartqa_val_190,37,16384,4096,54,375.13,0.727,2.27,336.424,28.168,435.43,437.676,1312.549,24.765,1750.225,1938.794,30.853,40.379,0.214332,0.463118,0.749932
chartqa,1792,256,191,iter191,chartqa_val_191,34,16384,4096,18,497.459,0.73,2.334,432.48,28.742,557.676,561.027,406.946,23.938,967.973,1157.26,18.596,41.775,0.513919,1.090046,0.420411
chartqa,1792,256,192,iter192,chartqa_val_192,44,16384,4096,122,583.961,0.733,2.333,543.371,28.192,644.076,646.722,2988.861,24.701,3635.584,3929.828,33.557,40.484,0.160624,0.337783,0.822113
chartqa,1792,256,193,iter193,chartqa_val_193,43,16384,4096,3,380.837,0.73,2.342,342.465,28.184,903.179,906.246,47.657,23.828,953.903,1224.023,3.145,41.967,0.399241,1.346066,0.04996
chartqa,1792,256,194,iter194,chartqa_val_194,36,16384,4096,30,418.144,0.729,2.347,378.198,28.206,478.095,480.86,716.276,24.699,1197.136,1393.876,25.06,40.487,0.349287,0.748653,0.598325
chartqa,1792,256,195,iter195,chartqa_val_195,43,16384,4096,3,444.325,0.727,2.286,406.816,28.296,504.319,506.776,48.149,24.075,554.925,749.632,5.406,41.538,0.800693,1.709498,0.086767
chartqa,1792,256,196,iter196,chartqa_val_196,32,16384,4096,19,384.34,0.727,2.288,345.322,28.139,444.223,446.754,438.17,24.343,884.925,1072.516,21.471,41.08,0.434319,0.936308,0.49515
chartqa,1792,256,197,iter197,chartqa_val_197,40,16384,4096,256,368.031,0.725,2.272,330.358,28.101,427.822,430.248,6403.84,25.113,6834.088,7024.547,37.459,39.82,0.053852,0.116453,0.937044
chartqa,1792,256,198,iter198,chartqa_val_198,28,16384,4096,17,358.546,0.73,2.362,320.686,28.151,418.475,421.376,407.292,25.456,828.668,1024.746,20.515,39.284,0.432678,0.937675,0.491502
chartqa,1792,256,199,iter199,chartqa_val_199,34,16384,4096,56,361.313,0.729,2.28,322.064,28.237,421.014,423.564,1356.742,24.668,1780.305,1968.041,31.455,40.538,0.20295,0.439434,0.762084
chartqa,1792,256,200,iter200,chartqa_val_200,35,16384,4096,87,440.002,0.728,2.349,398.026,28.35,500.016,503.217,2042.051,23.745,2545.268,2746.524,34.181,42.115,0.172871,0.36932,0.802293
chartqa,1792,256,201,iter201,chartqa_val_201,35,16384,4096,35,392.751,0.725,2.358,346.033,28.08,452.735,456.712,768.554,22.605,1225.266,1418.924,28.565,44.239,0.320543,0.690043,0.627255
chartqa,1792,256,202,iter202,chartqa_val_202,30,16384,4096,9,387.973,0.727,2.313,347.976,28.312,449.24,452.232,184.246,23.031,636.478,927.759,14.14,43.42,0.609562,1.315384,0.289478
chartqa,1792,256,203,iter203,chartqa_val_203,48,16384,4096,180,393.438,0.731,2.284,354.686,28.156,455.385,458.048,4310.021,24.078,4768.069,4970.875,37.751,41.531,0.082515,0.178022,0.903934
chartqa,1792,256,204,iter204,chartqa_val_204,30,16384,4096,46,371.862,0.73,2.337,334.164,28.231,432.565,435.111,1075.484,23.9,1510.596,1688.921,30.452,41.842,0.246169,0.532523,0.71196
chartqa,1792,256,205,iter205,chartqa_val_205,36,16384,4096,256,457.007,0.731,2.317,396.613,28.232,516.862,519.443,6025.634,23.63,6545.077,6706.893,39.113,42.319,0.069824,0.148794,0.920636
chartqa,1792,256,206,iter206,chartqa_val_206,41,16384,4096,192,376.392,0.729,2.334,335.136,28.15,436.599,439.792,4680.899,24.507,5120.69,5303.623,37.495,40.804,0.073504,0.158766,0.914115
chartqa,1792,256,207,iter207,chartqa_val_207,46,16384,4096,55,426.731,0.727,2.305,389.07,28.378,487.52,490.072,1370.58,25.381,1860.651,2045.333,29.56,39.399,0.229345,0.491361,0.736613
chartqa,1792,256,208,iter208,chartqa_val_208,31,16384,4096,8,411.913,0.726,2.306,374.395,28.289,471.903,474.53,169.027,24.147,643.558,816.996,12.431,41.413,0.640057,1.37333,0.262645
chartqa,1792,256,209,iter209,chartqa_val_209,39,16384,4096,8,459.765,0.73,2.359,412.551,28.344,520.152,524.512,174.439,24.92,698.952,1052.259,11.446,40.129,0.657793,1.401981,0.249573
chartqa,1792,256,210,iter210,chartqa_val_210,33,16384,4096,42,397.069,0.731,2.383,347.356,28.178,457.921,461.356,1128.759,27.531,1590.115,1952.091,26.413,36.323,0.249711,0.537691,0.70986
chartqa,1792,256,211,iter211,chartqa_val_211,39,16384,4096,46,402.96,0.73,2.289,363.155,28.321,463.381,466.025,1199.763,26.661,1665.788,1924.523,27.615,37.507,0.241904,0.520079,0.720237
chartqa,1792,256,212,iter212,chartqa_val_212,31,16384,4096,12,380.373,0.728,2.318,340.723,28.15,440.187,442.813,272.619,24.784,715.432,960.657,16.773,40.349,0.531669,1.146943,0.381055
chartqa,1792,256,213,iter213,chartqa_val_213,43,16384,4096,39,354.841,0.729,2.319,317.908,28.138,415.186,417.735,874.134,23.004,1291.87,1658.687,30.189,43.472,0.274672,0.596056,0.676643
chartqa,1792,256,214,iter214,chartqa_val_214,30,16384,4096,13,366.36,0.73,2.302,328.073,28.139,426.148,428.639,308.035,25.67,736.675,1015.412,17.647,38.957,0.497316,1.075792,0.418143
chartqa,1792,256,215,iter215,chartqa_val_215,34,16384,4096,211,409.968,0.731,2.264,372.427,28.248,470.551,472.854,4930.22,23.477,5403.074,5576.266,39.052,42.594,0.075877,0.162966,0.912484
chartqa,1792,256,216,iter216,chartqa_val_216,30,16384,4096,7,363.021,0.732,2.299,320.548,28.1,422.726,425.5,126.015,21.003,551.515,821.94,12.692,47.613,0.658226,1.424706,0.228489
chartqa,1792,256,217,iter217,chartqa_val_217,43,16384,4096,52,409.745,0.729,2.298,369.673,28.19,471.373,474.211,1138.507,22.324,1612.719,1884.296,32.244,44.795,0.254071,0.546355,0.705955
chartqa,1792,256,218,iter218,chartqa_val_218,31,16384,4096,7,351.896,0.726,2.267,314.814,28.136,411.766,414.259,135.28,22.547,549.539,728.905,12.738,44.352,0.640346,1.389639,0.24617
chartqa,1792,256,219,iter219,chartqa_val_219,33,16384,4096,69,435.344,0.725,2.278,397.092,28.194,495.204,497.477,1590.985,23.397,2088.462,2255.772,33.039,42.741,0.208452,0.445566,0.761797
chartqa,1792,256,220,iter220,chartqa_val_220,33,16384,4096,89,387.835,0.732,2.32,347.884,28.254,447.893,450.795,2207.343,25.083,2658.138,2846.496,33.482,39.867,0.145905,0.314404,0.830409
chartqa,1792,256,221,iter221,chartqa_val_221,31,16384,4096,60,380.549,0.725,2.352,342.418,28.222,440.396,443.099,1330.672,22.554,1773.771,1953.482,33.826,44.338,0.214543,0.462825,0.750194
chartqa,1792,256,222,iter222,chartqa_val_222,46,16384,4096,82,395.9,0.73,2.332,358.81,28.156,456.034,458.582,1945.102,24.014,2403.683,2596.905,34.114,41.643,0.164705,0.354428,0.809217
chartqa,1792,256,223,iter223,chartqa_val_223,35,16384,4096,17,388.863,0.726,2.407,336.957,28.172,449.371,454.218,351.022,21.939,805.24,1166.134,21.112,45.581,0.482915,1.040974,0.435922
chartqa,1792,256,224,iter224,chartqa_val_224,32,16384,4096,10,397.17,0.731,2.28,358.982,28.195,457.188,459.663,196.441,21.827,656.103,828.015,15.242,45.815,0.605347,1.302171,0.299405
chartqa,1792,256,225,iter225,chartqa_val_225,28,16384,4096,19,434.059,0.731,2.296,397.243,28.132,493.967,496.379,389.612,21.645,885.992,1063.761,21.445,46.2,0.489913,1.047443,0.439747
chartqa,1792,256,226,iter226,chartqa_val_226,38,16384,4096,40,394.714,0.729,2.278,357.216,28.175,454.534,456.9,996.054,25.54,1452.955,1620.729,27.53,39.154,0.271663,0.584497,0.685537
chartqa,1792,256,227,iter227,chartqa_val_227,33,16384,4096,121,398.534,0.732,2.326,361.638,28.117,458.464,461.243,2963.968,24.7,3425.211,3609.62,35.326,40.486,0.116353,0.250203,0.865339
chartqa,1792,256,228,iter228,chartqa_val_228,31,16384,4096,8,370.309,0.727,2.326,333.519,28.125,430.349,432.89,180.49,25.784,613.38,800.449,13.042,38.783,0.603719,1.305322,0.294255
chartqa,1792,256,229,iter229,chartqa_val_229,36,16384,4096,22,528.813,0.73,2.33,491.144,28.107,588.946,591.579,501.667,23.889,1093.246,1298.136,20.124,41.86,0.483709,1.022423,0.458878
chartqa,1792,256,230,iter230,chartqa_val_230,41,16384,4096,72,372.53,0.726,2.326,334.88,28.173,432.788,435.851,1779.815,25.068,2215.666,2519.397,32.496,39.892,0.168135,0.363466,0.803287
chartqa,1792,256,231,iter231,chartqa_val_231,38,16384,4096,21,367.763,0.731,2.324,326.987,28.119,427.659,430.521,482.236,24.112,912.757,1093.814,23.007,41.473,0.402914,0.871449,0.528329
chartqa,1792,256,232,iter232,chartqa_val_232,36,16384,4096,38,393.198,0.732,2.317,355.484,28.282,453.539,456.269,899.486,24.31,1355.755,1540.359,28.029,41.135,0.290022,0.62455,0.663457
chartqa,1792,256,233,iter233,chartqa_val_233,40,16384,4096,256,405.033,0.732,2.283,366.663,28.203,465.387,467.817,6419.214,25.173,6887.031,7066.064,37.171,39.724,0.058811,0.126385,0.932073
chartqa,1792,256,234,iter234,chartqa_val_234,30,16384,4096,78,394.038,0.729,2.306,354.177,28.135,454.447,457.099,1771.716,23.009,2228.815,2415.861,34.996,43.461,0.176792,0.380688,0.794914
chartqa,1792,256,235,iter235,chartqa_val_235,28,16384,4096,50,369.305,0.732,2.293,329.736,28.165,429.086,431.827,1131.69,23.096,1563.517,1960.66,31.979,43.298,0.236202,0.510638,0.72381
chartqa,1792,256,236,iter236,chartqa_val_236,31,16384,4096,9,418.942,0.729,2.264,381.362,28.243,479.12,481.574,172.14,21.518,653.714,820.837,13.767,46.474,0.640864,1.373783,0.263326
chartqa,1792,256,237,iter237,chartqa_val_237,31,16384,4096,24,367.67,0.73,2.279,330.887,28.19,427.846,430.204,572.937,24.91,1003.141,1183.676,23.925,40.144,0.366519,0.793026,0.571143
chartqa,1792,256,238,iter238,chartqa_val_238,31,16384,4096,28,424.124,0.727,2.289,386.423,28.231,485.28,487.685,618.406,22.904,1106.09,1276.312,25.314,43.661,0.383444,0.822178,0.559091
chartqa,1792,256,239,iter239,chartqa_val_239,41,16384,4096,256,405.684,0.729,2.34,366.614,28.177,465.885,468.668,6158.992,24.153,6627.66,6821.551,38.626,41.403,0.061211,0.131505,0.929286
chartqa,1792,256,240,iter240,chartqa_val_240,37,16384,4096,61,443.12,0.734,2.375,396.403,28.225,503.082,506.86,1455.112,24.252,1961.972,2122.96,31.091,41.234,0.225854,0.482271,0.741658
chartqa,1792,256,241,iter241,chartqa_val_241,37,16384,4096,191,441.88,0.728,2.291,397.783,28.19,501.753,504.193,4715.819,24.82,5220.012,5507.795,36.59,40.29,0.084651,0.180772,0.903412
chartqa,1792,256,242,iter242,chartqa_val_242,29,16384,4096,28,405.213,0.726,2.374,357.225,28.302,465.384,468.979,695.981,25.777,1164.96,1458.699,24.035,38.794,0.347834,0.747319,0.597429
chartqa,1792,256,243,iter243,chartqa_val_243,33,16384,4096,256,372.719,0.731,2.292,335.021,28.224,432.738,435.178,6272.233,24.597,6707.411,6885.952,38.167,40.655,0.055568,0.120085,0.93512
chartqa,1792,256,244,iter244,chartqa_val_244,29,16384,4096,73,436.256,0.733,2.321,396.293,28.577,496.479,499.028,1755.06,24.376,2254.087,2444.724,32.386,41.024,0.19354,0.413797,0.778612
chartqa,1792,256,245,iter245,chartqa_val_245,30,16384,4096,23,398.368,0.726,2.307,359.265,28.218,458.617,461.131,468.151,21.28,929.282,1106.962,24.75,46.993,0.428683,0.922201,0.503777
chartqa,1792,256,246,iter246,chartqa_val_246,27,16384,4096,45,376.302,0.726,2.307,336.741,28.156,437.738,440.614,1042.126,23.685,1482.74,1660.688,30.349,42.221,0.253788,0.549011,0.702838
chartqa,1792,256,247,iter247,chartqa_val_247,27,16384,4096,211,372.804,0.732,2.325,331.11,28.093,432.63,435.2,5057.461,24.083,5492.661,5777.082,38.415,41.523,0.067873,0.146638,0.920767
chartqa,1792,256,248,iter248,chartqa_val_248,33,16384,4096,43,390.563,0.732,2.303,353.406,28.167,450.755,453.269,953.732,22.708,1407.001,1570.703,30.561,44.038,0.277585,0.597952,0.677847
chartqa,1792,256,249,iter249,chartqa_val_249,43,16384,4096,256,439.806,0.734,2.298,400.665,28.31,499.939,502.391,6405.65,25.12,6908.042,7090.98,37.058,39.809,0.063666,0.136036,0.927274
chartqa,1792,256,250,iter250,chartqa_val_250,35,16384,4096,17,409.85,0.729,2.299,373.249,28.104,469.893,472.356,415.082,25.943,887.438,1068.731,19.156,38.547,0.461835,0.991329,0.467731
chartqa,1792,256,251,iter251,chartqa_val_251,44,16384,4096,256,412.809,0.727,2.335,361.958,28.151,473.384,477.079,6221.361,24.397,6698.44,6880.64,38.218,40.988,0.061628,0.132298,0.928778
chartqa,1792,256,252,iter252,chartqa_val_252,30,16384,4096,8,399.381,0.733,2.321,362.063,28.258,460.244,462.796,169.629,24.233,632.425,816.502,12.65,41.266,0.631507,1.359252,0.26822
chartqa,1792,256,253,iter253,chartqa_val_253,38,16384,4096,25,393.403,0.732,2.359,355.088,28.147,454.417,458.381,567.664,23.653,1026.046,1217.19,24.365,42.278,0.383416,0.826297,0.553254
chartqa,1792,256,254,iter254,chartqa_val_254,42,16384,4096,47,397.202,0.73,2.294,360.197,28.136,457.293,459.793,1033.41,22.465,1493.203,1649.902,31.476,44.513,0.266007,0.572256,0.692076
chartqa,1792,256,255,iter255,chartqa_val_255,40,16384,4096,219,397.591,0.732,2.365,351.285,28.064,458.046,461.837,5150.493,23.626,5612.33,5899.797,39.021,42.326,0.070842,0.152457,0.91771
chartqa,1792,256,256,iter256,chartqa_val_256,33,16384,4096,22,398.369,0.729,2.309,358.106,28.161,458.43,461.175,470.007,22.381,931.182,1106.844,23.626,44.68,0.42781,0.920119,0.504742
chartqa,1792,256,257,iter257,chartqa_val_257,40,16384,4096,164,415.503,0.727,2.337,371.578,28.224,475.795,479.146,4013.208,24.621,4492.354,4911.289,36.506,40.616,0.092491,0.198403,0.893342
chartqa,1792,256,258,iter258,chartqa_val_258,33,16384,4096,15,487.467,0.731,2.355,428.091,28.329,547.752,551.013,333.399,23.814,884.412,1094.293,16.96,41.992,0.551176,1.170516,0.376972
chartqa,1792,256,259,iter259,chartqa_val_259,37,16384,4096,183,410.854,0.73,2.316,373.861,28.127,471.297,473.64,4381.352,24.073,4854.992,5028.804,37.693,41.54,0.084625,0.1817,0.902443
chartqa,1792,256,260,iter260,chartqa_val_260,32,16384,4096,45,389.053,0.732,2.285,347.024,28.163,448.903,451.134,1004.811,22.837,1455.945,1644.282,30.908,43.789,0.267217,0.575541,0.690143
chartqa,1792,256,261,iter261,chartqa_val_261,32,16384,4096,177,371.671,0.732,2.262,333.067,28.102,431.994,434.296,4253.628,24.168,4687.923,4961.581,37.757,41.376,0.079283,0.171433,0.907359
chartqa,1792,256,262,iter262,chartqa_val_262,38,16384,4096,118,435.715,0.73,2.313,396.985,28.489,496.132,498.623,2806.516,23.987,3305.139,3460.583,35.702,41.689,0.131829,0.281939,0.849137
chartqa,1792,256,263,iter263,chartqa_val_263,41,16384,4096,173,374.85,0.726,2.287,326.61,28.085,434.768,437.206,4057.259,23.589,4494.465,4814.602,38.492,42.393,0.083403,0.180137,0.902723
chartqa,1792,256,264,iter264,chartqa_val_264,50,16384,4096,42,394.294,0.731,2.288,353.832,28.131,454.16,456.886,926.157,22.589,1383.042,1661.743,30.368,44.269,0.285092,0.613469,0.669652
chartqa,1792,256,265,iter265,chartqa_val_265,36,16384,4096,36,355.57,0.728,2.28,317.322,28.174,415.448,417.815,746.266,21.322,1164.081,1368.369,30.926,46.9,0.305451,0.662341,0.641077
chartqa,1792,256,266,iter266,chartqa_val_266,30,16384,4096,52,420.651,0.731,2.29,374.744,28.138,480.406,482.849,1211.83,23.761,1694.68,1862.656,30.684,42.085,0.248219,0.531698,0.715079
chartqa,1792,256,267,iter267,chartqa_val_267,31,16384,4096,138,540.453,0.73,2.296,500.202,28.242,600.476,602.913,3118.044,22.759,3720.957,3884.666,37.087,43.938,0.145246,0.306622,0.837968
chartqa,1792,256,268,iter268,chartqa_val_268,37,16384,4096,20,371.452,0.732,2.307,334.189,28.12,431.485,434.281,472.591,24.873,906.872,1077.892,22.054,40.204,0.409597,0.885391,0.521122
chartqa,1792,256,269,iter269,chartqa_val_269,32,16384,4096,217,423.273,0.731,2.296,373.207,28.266,483.556,486.279,5228.909,24.208,5715.188,5891.034,37.969,41.309,0.074061,0.15867,0.914915
chartqa,1792,256,270,iter270,chartqa_val_270,36,16384,4096,20,398.291,0.73,2.364,350.506,28.131,458.147,461.717,404.059,21.266,865.776,1108.712,23.101,47.023,0.460039,0.989214,0.466701
chartqa,1792,256,271,iter271,chartqa_val_271,34,16384,4096,102,395.665,0.732,2.36,355.394,28.151,455.509,459.47,2267.081,22.446,2726.552,2919.841,37.41,44.551,0.145116,0.31218,0.831483
chartqa,1792,256,272,iter272,chartqa_val_272,27,16384,4096,39,393.253,0.732,2.286,356.228,28.268,453.233,455.719,879.566,23.146,1335.285,1498.741,29.207,43.203,0.294509,0.633936,0.65871
chartqa,1792,256,273,iter273,chartqa_val_273,31,16384,4096,146,432.545,0.731,2.272,395.606,28.206,492.44,494.741,3548.504,24.472,4043.245,4208.456,36.11,40.862,0.10698,0.228773,0.877638
chartqa,1792,256,274,iter274,chartqa_val_274,34,16384,4096,41,362.695,0.727,2.34,325.362,28.164,422.36,425.188,1030.252,25.756,1455.441,1662.579,28.17,38.825,0.2492,0.539394,0.707863
chartqa,1792,256,275,iter275,chartqa_val_275,37,16384,4096,172,369.748,0.733,2.287,332.687,28.092,429.651,432.196,4248.916,24.847,4681.112,4858.777,36.743,40.246,0.078987,0.170771,0.907672
chartqa,1792,256,276,iter276,chartqa_val_276,29,16384,4096,15,402.093,0.73,2.34,361.746,28.372,462.745,465.586,306.306,21.879,771.892,947.488,19.433,45.706,0.520919,1.120413,0.396825
chartqa,1792,256,277,iter277,chartqa_val_277,36,16384,4096,29,426.349,0.73,2.27,389.808,28.269,486.383,488.61,647.955,23.141,1136.565,1293.619,25.515,43.213,0.375121,0.803062,0.570099
chartqa,1792,256,278,iter278,chartqa_val_278,29,16384,4096,14,412.846,0.73,2.363,373.437,28.173,473.916,476.975,336.361,25.874,813.336,989.146,17.213,38.649,0.507596,1.090278,0.413557
chartqa,1792,256,279,iter279,chartqa_val_279,35,16384,4096,59,371.652,0.729,2.296,334.295,28.115,431.462,434.027,1429.221,24.642,1863.248,2051.527,31.665,40.582,0.199465,0.431029,0.767059
chartqa,1792,256,280,iter280,chartqa_val_280,36,16384,4096,93,395.811,0.726,2.292,358.949,28.188,455.864,458.162,2252.74,24.486,2710.902,2864.72,34.306,40.839,0.146007,0.314167,0.830993
chartqa,1792,256,281,iter281,chartqa_val_281,45,16384,4096,94,410.347,0.734,2.294,371.617,28.12,470.392,472.704,2463.352,26.488,2936.056,3098.756,32.016,37.753,0.139761,0.299974,0.839
chartqa,1792,256,282,iter282,chartqa_val_282,38,16384,4096,20,390.483,0.729,2.394,353.201,28.222,450.925,454.085,591.58,31.136,1045.665,1269.802,19.127,32.117,0.37343,0.804662,0.565745
chartqa,1792,256,283,iter283,chartqa_val_283,33,16384,4096,55,363.322,0.731,2.333,324.95,28.132,423.334,426.914,1330.005,24.63,1756.918,1989.396,31.305,40.601,0.206795,0.447747,0.75701
chartqa,1792,256,284,iter284,chartqa_val_284,36,16384,4096,25,381.789,0.736,2.355,343.809,28.277,441.728,444.813,611.176,25.466,1055.989,1265.29,23.674,39.269,0.361546,0.779853,0.578771
chartqa,1792,256,285,iter285,chartqa_val_285,33,16384,4096,17,402.58,0.726,2.314,365.647,28.211,462.427,464.892,401.556,25.097,866.448,1054.579,19.62,39.845,0.464632,0.998336,0.463451
chartqa,1792,256,286,iter286,chartqa_val_286,38,16384,4096,28,380.746,0.732,2.283,339.543,28.116,441.322,443.777,676.92,25.071,1120.697,1271.075,24.984,39.887,0.33974,0.733532,0.604017
chartqa,1792,256,287,iter287,chartqa_val_287,36,16384,4096,31,393.984,0.729,2.286,356.317,28.214,454.469,456.947,772.28,25.743,1229.227,1399.301,25.219,38.846,0.320513,0.690233,0.628265
chartqa,1792,256,288,iter288,chartqa_val_288,32,16384,4096,39,372.895,0.733,2.301,331.906,28.133,432.838,435.335,929.765,24.468,1365.101,1579.447,28.569,40.871,0.273163,0.590237,0.681096
chartqa,1792,256,289,iter289,chartqa_val_289,36,16384,4096,19,393.853,0.73,2.273,356.697,28.13,453.74,456.24,388.137,21.563,844.377,1035.337,22.502,46.375,0.466442,1.003808,0.459673
chartqa,1792,256,290,iter290,chartqa_val_290,32,16384,4096,36,394.832,0.73,2.272,354.799,28.178,454.941,457.305,886.266,25.322,1343.571,1522.582,26.794,39.492,0.293868,0.632474,0.659635
chartqa,1792,256,291,iter291,chartqa_val_291,47,16384,4096,3,403.319,0.727,2.321,365.57,28.689,854.897,857.674,47.574,23.787,905.248,1120.052,3.314,42.04,0.445534,1.389914,0.052553
chartqa,1792,256,292,iter292,chartqa_val_292,37,16384,4096,29,418.682,0.725,2.335,376.803,28.474,480.223,483.717,705.953,25.213,1189.67,1366.501,24.377,39.663,0.351931,0.755592,0.593402
chartqa,1792,256,293,iter293,chartqa_val_293,47,16384,4096,136,424.462,0.733,2.303,385.803,28.277,485.007,487.399,3579.619,26.516,4067.018,4232.065,33.44,37.714,0.104367,0.223621,0.880158
chartqa,1792,256,294,iter294,chartqa_val_294,28,16384,4096,12,376.522,0.729,2.313,338.796,28.154,437.306,440.029,238.895,21.718,678.923,873.05,17.675,46.045,0.554586,1.198704,0.351873
chartqa,1792,256,295,iter295,chartqa_val_295,53,16384,4096,208,382.587,0.727,2.416,342.15,28.224,905.882,909.629,5417.412,26.171,6327.041,6608.309,32.875,38.21,0.060469,0.203645,0.856232
chartqa,1792,256,296,iter296,chartqa_val_296,38,16384,4096,23,380.805,0.73,2.328,343.534,28.183,440.769,443.613,614.513,27.932,1058.127,1223.045,21.737,35.801,0.359886,0.776442,0.580756
chartqa,1792,256,297,iter297,chartqa_val_297,35,16384,4096,229,373.345,0.73,2.311,335.82,28.153,433.134,435.742,5832.957,25.583,6268.699,6493.898,36.531,39.088,0.059557,0.128652,0.930489
chartqa,1792,256,298,iter298,chartqa_val_298,33,16384,4096,15,403.014,0.729,2.299,364.52,28.162,462.916,465.601,353.733,25.267,819.334,1015.332,18.308,39.578,0.491879,1.05687,0.431733
chartqa,1792,256,299,iter299,chartqa_val_299,38,16384,4096,51,379.277,0.73,2.315,339.965,28.177,439.566,441.947,1293.495,25.87,1735.441,1917.507,29.387,38.655,0.218548,0.471835,0.745341
chartqa,1792,256,300,iter300,chartqa_val_300,35,16384,4096,24,425.332,0.73,2.31,388.415,28.185,485.31,487.677,555.044,24.132,1042.721,1209.515,23.017,41.438,0.407906,0.873333,0.532303
chartqa,1792,256,301,iter301,chartqa_val_301,37,16384,4096,108,357.248,0.725,2.29,318.139,28.1,417.288,419.662,2578.318,24.096,2997.98,3180.475,36.024,41.5,0.119163,0.258353,0.860018
chartqa,1792,256,302,iter302,chartqa_val_302,26,16384,4096,10,382.143,0.731,2.416,324.957,28.154,875.785,880.095,805.447,89.494,1685.542,2043.564,5.933,11.174,0.226718,0.746305,0.477856
chartqa,1792,256,303,iter303,chartqa_val_303,36,16384,4096,59,406.005,0.728,2.279,368.382,28.19,466.204,468.544,1439.847,24.825,1908.391,2072.365,30.916,40.282,0.212748,0.457039,0.754482
chartqa,1792,256,304,iter304,chartqa_val_304,31,16384,4096,29,520.436,0.727,2.328,465.769,28.109,580.611,583.486,732.913,26.175,1316.398,1589.841,22.03,38.204,0.395348,0.836409,0.556756
chartqa,1792,256,305,iter305,chartqa_val_305,32,16384,4096,223,373.896,0.731,2.332,336.444,28.237,434.014,436.831,5767.368,25.979,6204.199,6379.393,35.943,38.492,0.060265,0.13022,0.929591
chartqa,1792,256,306,iter306,chartqa_val_306,32,16384,4096,41,432.656,0.732,2.362,395.097,28.411,493.474,496.775,975.528,24.388,1472.303,1648.826,27.848,41.003,0.293864,0.629035,0.662586
chartqa,1792,256,307,iter307,chartqa_val_307,39,16384,4096,256,359.335,0.726,2.32,319.271,28.078,418.957,421.808,5950.007,23.333,6371.815,6658.349,40.177,42.857,0.056394,0.122146,0.933801
chartqa,1792,256,308,iter308,chartqa_val_308,34,16384,4096,40,381.519,0.729,2.315,342.57,28.218,441.657,444.064,929.165,23.825,1373.229,1523.011,29.128,41.973,0.277826,0.599445,0.676628
chartqa,1792,256,309,iter309,chartqa_val_309,36,16384,4096,25,442.419,0.733,2.326,392.127,28.172,502.759,506.206,522.51,21.771,1028.716,1215.416,24.302,45.932,0.430069,0.918794,0.507924
chartqa,1792,256,310,iter310,chartqa_val_310,37,16384,4096,39,390.735,0.728,2.297,353.935,28.168,450.403,452.862,951.489,25.039,1404.351,1576.476,27.771,39.937,0.278232,0.598951,0.677529
chartqa,1792,256,311,iter311,chartqa_val_311,33,16384,4096,59,393.558,0.726,2.284,356.849,28.11,453.392,455.923,1375.373,23.713,1831.296,1988.043,32.218,42.17,0.214907,0.462487,0.751038
chartqa,1792,256,312,iter312,chartqa_val_312,29,16384,4096,53,400.16,0.726,2.309,362.54,28.189,460.624,463.208,1259.541,24.222,1722.749,1883.629,30.765,41.285,0.23228,0.499658,0.731123
chartqa,1792,256,313,iter313,chartqa_val_313,45,16384,4096,161,397.309,0.734,2.337,359.428,28.297,458.303,461.19,4052.846,25.33,4514.036,4669.714,35.667,39.478,0.088016,0.189545,0.897832
chartqa,1792,256,314,iter314,chartqa_val_314,40,16384,4096,23,419.881,0.727,2.351,371.097,28.251,479.955,483.759,584.426,26.565,1068.185,1378.726,21.532,37.644,0.393079,0.842398,0.547121
chartqa,1792,256,315,iter315,chartqa_val_315,35,16384,4096,33,394.972,0.727,2.3,357.509,28.151,454.986,457.45,734.293,22.947,1191.744,1364.225,27.691,43.579,0.331424,0.713206,0.61615
chartqa,1792,256,316,iter316,chartqa_val_316,30,16384,4096,47,459.331,0.732,2.285,402.053,28.207,519.257,521.802,1141.208,24.809,1663.01,1822.659,28.262,40.308,0.276205,0.588444,0.68623
chartqa,1792,256,317,iter317,chartqa_val_317,36,16384,4096,32,368.599,0.734,2.286,331.709,28.138,428.338,430.651,758.6,24.471,1189.251,1341.344,26.908,40.865,0.309942,0.670117,0.63788
chartqa,1792,256,318,iter318,chartqa_val_318,31,16384,4096,14,437.03,0.733,2.295,399.706,28.213,496.976,499.405,334.578,25.737,833.983,1015.396,16.787,38.855,0.524027,1.119934,0.401181
chartqa,1792,256,319,iter319,chartqa_val_319,42,16384,4096,66,402.283,0.733,2.315,363.83,28.198,462.343,464.924,1613.329,24.82,2078.254,2266.061,31.757,40.289,0.193568,0.416035,0.776291
chartqa,1792,256,320,iter320,chartqa_val_320,30,16384,4096,15,396.266,0.731,2.344,339.213,28.135,456.295,459.743,340.265,24.305,800.008,1129.952,18.75,41.144,0.495327,1.06569,0.425327
chartqa,1792,256,321,iter321,chartqa_val_321,37,16384,4096,46,445.872,0.73,2.304,390.014,28.183,505.943,509.037,1078.899,23.976,1587.936,1765.664,28.968,41.709,0.280787,0.599404,0.679435
chartqa,1792,256,322,iter322,chartqa_val_322,40,16384,4096,27,408.056,0.727,2.305,365.268,28.124,468.089,470.634,647.572,24.907,1118.205,1418.085,24.146,40.15,0.364921,0.783528,0.579117
chartqa,1792,256,323,iter323,chartqa_val_323,31,16384,4096,34,361.879,0.727,2.294,321.985,28.101,421.568,424.017,739.623,22.413,1163.639,1457.499,29.219,44.617,0.310989,0.673272,0.635612
chartqa,1792,256,324,iter324,chartqa_val_324,34,16384,4096,122,415.224,0.729,2.318,374.409,28.222,476.836,479.805,2934.374,24.251,3414.178,3698.583,35.733,41.235,0.121618,0.261281,0.859467
chartqa,1792,256,325,iter325,chartqa_val_325,50,16384,4096,98,474.234,0.732,2.327,431.296,31.189,534.992,537.67,2256.761,23.266,2794.43,2949.059,35.07,42.982,0.169707,0.361156,0.807592
chartqa,1792,256,326,iter326,chartqa_val_326,34,16384,4096,46,400.593,0.729,2.32,363.515,28.194,460.508,463.296,1156.928,25.71,1620.224,1898.014,28.391,38.896,0.247246,0.53147,0.714054
chartqa,1792,256,327,iter327,chartqa_val_327,36,16384,4096,232,381.127,0.729,2.325,341.048,28.165,441.565,444.148,5603.385,24.257,6047.534,6234.552,38.363,41.225,0.063022,0.136038,0.926557
chartqa,1792,256,328,iter328,chartqa_val_328,30,16384,4096,189,362.644,0.731,2.272,326.078,28.124,422.479,424.973,4706.816,25.036,5131.789,5379.52,36.829,39.942,0.070666,0.152992,0.917188
chartqa,1792,256,329,iter329,chartqa_val_329,36,16384,4096,156,397.017,0.727,2.36,357.122,28.094,456.771,461.01,3481.186,22.459,3942.196,4183.582,39.572,44.525,0.10071,0.216577,0.883057
chartqa,1792,256,330,iter330,chartqa_val_330,34,16384,4096,31,394.042,0.727,2.328,356.311,28.229,454.29,457.028,754.424,25.147,1211.452,1373.29,25.589,39.765,0.325264,0.700261,0.622744
chartqa,1792,256,331,iter331,chartqa_val_331,41,16384,4096,38,367.644,0.728,2.351,328.398,28.189,428.092,431.882,936.5,25.311,1368.381,1575.589,27.77,39.509,0.268671,0.581516,0.684385
chartqa,1792,256,332,iter332,chartqa_val_332,46,16384,4096,39,407.122,0.73,2.347,360.638,28.134,467.112,470.411,961.667,25.307,1432.078,1680.917,27.233,39.515,0.284287,0.610465,0.671518
chartqa,1792,256,333,iter333,chartqa_val_333,35,16384,4096,28,405.748,0.729,2.306,367.917,28.22,465.755,468.949,666.402,24.682,1135.351,1313.217,24.662,40.516,0.357376,0.767607,0.586957
chartqa,1792,256,334,iter334,chartqa_val_334,29,16384,4096,83,409.855,0.728,2.279,371.503,28.244,471.072,473.53,2153.331,26.26,2626.861,2801.002,31.597,38.081,0.156024,0.335353,0.819735
chartqa,1792,256,335,iter335,chartqa_val_335,33,16384,4096,160,417.452,0.728,2.3,377.572,28.159,477.545,480.274,4061.07,25.541,4541.345,4827.437,35.232,39.152,0.091923,0.197077,0.894244
chartqa,1792,256,336,iter336,chartqa_val_336,44,16384,4096,28,395.236,0.73,2.347,355.057,28.178,455.165,457.873,628.019,23.26,1085.892,1374.348,25.785,42.992,0.363973,0.783136,0.578344
chartqa,1792,256,337,iter337,chartqa_val_337,47,16384,4096,256,450.281,0.732,2.388,404.684,28.118,510.506,514.338,6323.742,24.799,6838.08,7009.435,37.437,40.324,0.065849,0.140505,0.924783
chartqa,1792,256,338,iter338,chartqa_val_338,29,16384,4096,38,454.263,0.732,2.32,414.443,28.264,514.365,517.201,894.831,24.185,1412.032,1827.695,26.912,41.349,0.321709,0.685981,0.633719
chartqa,1792,256,339,iter339,chartqa_val_339,32,16384,4096,68,385.128,0.73,2.301,347.813,28.203,445.896,448.416,1615.497,24.112,2063.914,2245.068,32.947,41.473,0.186601,0.402645,0.782735
chartqa,1792,256,340,iter340,chartqa_val_340,32,16384,4096,14,410.336,0.73,2.265,368.275,28.256,470.416,472.724,363.023,27.925,835.747,1004.543,16.751,35.81,0.490981,1.053851,0.434369
chartqa,1792,256,341,iter341,chartqa_val_341,39,16384,4096,248,412.367,0.731,2.273,371.54,28.251,472.462,474.955,6662.275,26.973,7137.23,7307.657,34.747,37.074,0.057777,0.123974,0.933454
chartqa,1792,256,342,iter342,chartqa_val_342,35,16384,4096,20,580.438,0.733,2.399,534.243,28.234,641.088,644.802,439.737,23.144,1084.539,1425.729,18.441,43.208,0.535193,1.12631,0.40546
chartqa,1792,256,343,iter343,chartqa_val_343,40,16384,4096,256,394.804,0.726,2.293,358.093,28.179,455.182,457.897,6544.722,25.666,7002.618,7176.35,36.558,38.963,0.056379,0.121381,0.934611
chartqa,1792,256,344,iter344,chartqa_val_344,35,16384,4096,59,405.84,0.729,2.333,368.44,28.161,465.952,468.827,1505.482,25.957,1974.309,2142.82,29.884,38.526,0.205561,0.441568,0.762536
chartqa,1792,256,345,iter345,chartqa_val_345,38,16384,4096,177,374.234,0.731,2.284,337.631,28.121,434.506,437.113,4336.343,24.638,4773.457,5000.575,37.08,40.587,0.078399,0.169424,0.908428
chartqa,1792,256,346,iter346,chartqa_val_346,30,16384,4096,41,371.572,0.731,2.312,333.823,28.152,431.513,434.266,976.387,24.41,1410.652,1588.945,29.065,40.967,0.263404,0.569301,0.692153
chartqa,1792,256,347,iter347,chartqa_val_347,35,16384,4096,256,406.49,0.73,2.271,368.483,28.094,466.333,468.793,6077.921,23.835,6546.713,6694.982,39.104,41.955,0.062091,0.133322,0.928393
chartqa,1792,256,348,iter348,chartqa_val_348,30,16384,4096,23,433.559,0.733,2.313,396.859,28.164,493.812,496.482,540.55,24.57,1037.032,1211.244,22.179,40.699,0.418077,0.894255,0.521247
chartqa,1792,256,349,iter349,chartqa_val_349,40,16384,4096,151,424.757,0.731,2.285,386.275,28.27,485.935,488.551,3807.383,25.383,4295.934,4473.496,35.15,39.397,0.098874,0.211989,0.886276
chartqa,1792,256,350,iter350,chartqa_val_350,36,16384,4096,34,445.368,0.732,2.375,399.998,28.223,505.171,510.065,853.73,25.871,1363.796,1529.883,24.93,38.654,0.326565,0.696981,0.625996
chartqa,1792,256,351,iter351,chartqa_val_351,38,16384,4096,256,418.699,0.729,2.416,370.061,28.26,478.928,481.728,6497.455,25.48,6979.183,7262.807,36.681,39.246,0.059993,0.128615,0.930976
chartqa,1792,256,352,iter352,chartqa_val_352,32,16384,4096,38,378.919,0.731,2.319,338.498,28.387,438.86,441.47,925.763,25.021,1367.233,1555.607,27.793,39.967,0.277143,0.598127,0.677107
chartqa,1792,256,353,iter353,chartqa_val_353,32,16384,4096,256,443.185,0.729,2.318,406.404,28.181,503.418,506.049,6417.789,25.168,6923.838,7103.685,36.974,39.733,0.064009,0.136716,0.926912
chartqa,1792,256,354,iter354,chartqa_val_354,35,16384,4096,17,429.483,0.732,2.326,391.782,28.331,489.45,491.916,371.688,23.231,863.604,1027.594,19.685,43.047,0.497314,1.064068,0.430392
chartqa,1792,256,355,iter355,chartqa_val_355,33,16384,4096,47,446.623,0.727,2.295,409.105,28.155,506.947,509.317,1194.726,25.972,1704.043,1884.643,27.581,38.503,0.262096,0.559593,0.701112
chartqa,1792,256,356,iter356,chartqa_val_356,40,16384,4096,28,366.215,0.725,2.324,327.645,28.109,426.724,429.338,651.132,24.116,1080.47,1257.818,25.915,41.466,0.33894,0.733883,0.602638
chartqa,1792,256,357,iter357,chartqa_val_357,53,16384,4096,256,408.855,0.729,2.288,370.514,28.13,469.238,471.786,9065.132,35.55,9536.918,9798.679,26.843,28.13,0.042871,0.092073,0.950531
chartqa,1792,256,358,iter358,chartqa_val_358,30,16384,4096,50,441.949,0.73,2.349,404.77,28.312,502.869,505.807,1261.906,25.753,1767.713,1950.323,28.285,38.83,0.250012,0.534486,0.713864
chartqa,1792,256,359,iter359,chartqa_val_359,32,16384,4096,176,387.48,0.729,2.311,348.122,28.164,448.597,451.117,4409.007,25.194,4860.124,5029.427,36.213,39.691,0.079726,0.172028,0.90718
chartqa,1792,256,360,iter360,chartqa_val_360,30,16384,4096,10,386.22,0.734,2.321,344.197,28.152,446.146,448.904,207.075,23.008,655.979,955.209,15.244,43.462,0.588768,1.26889,0.315673
chartqa,1792,256,361,iter361,chartqa_val_361,31,16384,4096,124,398.935,0.733,2.271,359.319,28.143,458.896,461.37,3117.614,25.346,3578.984,3836.321,34.647,39.453,0.111466,0.239686,0.871089
chartqa,1792,256,362,iter362,chartqa_val_362,28,16384,4096,38,436.67,0.732,2.298,397.493,28.248,497.35,499.705,788.546,21.312,1288.251,1469.894,29.497,46.922,0.338963,0.72503,0.612106
chartqa,1792,256,363,iter363,chartqa_val_363,32,16384,4096,124,470.596,0.732,2.32,418.616,28.23,530.918,537.135,2857.446,23.231,3394.581,3626.49,36.529,43.045,0.138632,0.295033,0.841767
chartqa,1792,256,364,iter364,chartqa_val_364,29,16384,4096,31,420.024,0.733,2.312,382.293,28.231,480.564,483.441,756.933,25.231,1240.375,1518.993,24.992,39.634,0.338626,0.726061,0.610246
chartqa,1792,256,365,iter365,chartqa_val_365,33,16384,4096,96,411.116,0.731,2.325,371.899,28.205,471.514,474.526,2370.159,24.949,2844.685,3048.385,33.747,40.082,0.144521,0.310273,0.833189
chartqa,1792,256,366,iter366,chartqa_val_366,28,16384,4096,28,431.48,0.731,2.284,394.013,28.237,492.044,494.469,623.249,23.083,1117.718,1287.332,25.051,43.321,0.386037,0.826258,0.557609
chartqa,1792,256,367,iter367,chartqa_val_367,31,16384,4096,117,387.922,0.728,2.34,337.317,28.11,447.68,451.051,2817.634,24.29,3268.684,3561.882,35.794,41.169,0.118678,0.255638,0.862008
chartqa,1792,256,368,iter368,chartqa_val_368,30,16384,4096,25,377.26,0.732,2.342,339.448,28.165,437.821,440.742,633.492,26.396,1074.234,1231.805,23.272,37.885,0.35119,0.758755,0.589715
chartqa,1792,256,369,iter369,chartqa_val_369,34,16384,4096,249,394.926,0.726,2.31,357.103,28.166,454.987,457.406,6010.054,24.234,6467.46,6640.501,38.5,41.264,0.061064,0.131414,0.929276
chartqa,1792,256,370,iter370,chartqa_val_370,30,16384,4096,19,433.15,0.731,2.346,393.898,28.245,493.873,496.577,392.956,21.831,889.532,1079.057,21.36,45.807,0.486941,1.042146,0.441755
chartqa,1792,256,371,iter371,chartqa_val_371,30,16384,4096,164,405.167,0.734,2.336,368.268,28.177,465.427,468.173,4027.979,24.712,4496.152,4674.118,36.476,40.467,0.090114,0.193631,0.895873
chartqa,1792,256,372,iter372,chartqa_val_372,28,16384,4096,7,407.154,0.73,2.3,367.91,28.14,467.846,470.41,157.452,26.242,627.863,816.576,11.149,38.107,0.648477,1.393617,0.250775
chartqa,1792,256,373,iter373,chartqa_val_373,31,16384,4096,18,401.766,0.734,2.328,358.534,28.241,462.057,465.465,382.855,22.521,848.32,1148.158,21.218,44.403,0.473602,1.018274,0.45131
chartqa,1792,256,374,iter374,chartqa_val_374,29,16384,4096,13,366.399,0.732,2.282,325.141,28.105,426.118,428.57,298.611,24.884,727.181,909.674,17.877,40.186,0.503862,1.089849,0.410642
chartqa,1792,256,375,iter375,chartqa_val_375,31,16384,4096,126,364.269,0.728,2.287,324.236,28.111,424.223,426.728,2870.89,22.967,3297.618,3593.155,38.209,43.541,0.110464,0.23911,0.870595
chartqa,1792,256,376,iter376,chartqa_val_376,30,16384,4096,17,361.845,0.731,2.277,322.308,28.123,421.608,423.877,401.912,25.12,825.789,993.323,20.586,39.81,0.438181,0.948733,0.486701
chartqa,1792,256,377,iter377,chartqa_val_377,36,16384,4096,36,394.117,0.733,2.279,354.74,28.189,454.454,456.735,834.485,23.842,1291.22,1434.498,27.881,41.942,0.305228,0.657186,0.646276
chartqa,1792,256,378,iter378,chartqa_val_378,29,16384,4096,31,373.547,0.733,2.282,332.508,28.175,434.272,436.562,729.248,24.308,1165.81,1334.928,26.591,41.138,0.320418,0.692925,0.625529
chartqa,1792,256,379,iter379,chartqa_val_379,32,16384,4096,16,599.644,0.731,2.301,562.415,28.215,659.706,662.285,341.335,22.756,1003.62,1158.415,15.942,43.945,0.597482,1.254808,0.340104
chartqa,1792,256,380,iter380,chartqa_val_380,31,16384,4096,17,370.644,0.731,2.284,324.729,28.125,432.047,434.697,353.271,22.079,787.969,1090.136,21.574,45.291,0.470379,1.018684,0.448332
chartqa,1792,256,381,iter381,chartqa_val_381,41,16384,4096,82,408.17,0.73,2.27,368.654,28.156,468.145,470.606,1988.936,24.555,2459.542,2642.81,33.34,40.725,0.165954,0.356292,0.808661
chartqa,1792,256,382,iter382,chartqa_val_382,26,16384,4096,12,355.974,0.727,2.262,317.85,28.09,415.681,418.16,236.852,21.532,655.012,841.316,18.32,46.442,0.543462,1.178078,0.3616
chartqa,1792,256,383,iter383,chartqa_val_383,34,16384,4096,67,387.65,0.731,2.277,350.36,28.144,447.254,449.6,1484.401,22.491,1934.001,2089.626,34.643,44.462,0.200439,0.431698,0.767528
chartqa,1792,256,384,iter384,chartqa_val_384,29,16384,4096,11,397.586,0.728,2.287,358.942,28.076,457.462,459.954,254.763,25.476,714.717,885.649,15.391,39.252,0.556284,1.196344,0.356453
chartqa,1792,256,385,iter385,chartqa_val_385,39,16384,4096,199,400.586,0.73,2.31,363.606,28.125,460.445,463.02,4693.556,23.705,5156.576,5350.48,38.591,42.185,0.077685,0.166977,0.910208
chartqa,1792,256,386,iter386,chartqa_val_386,33,16384,4096,13,393.311,0.729,2.309,356.181,28.204,453.879,456.485,263.666,21.972,720.151,914.476,18.052,45.512,0.54615,1.176405,0.366126
chartqa,1792,256,387,iter387,chartqa_val_387,33,16384,4096,27,431.365,0.729,2.321,393.348,28.332,491.64,494.528,583.918,22.458,1078.446,1238.749,25.036,44.527,0.399988,0.855866,0.541444
chartqa,1792,256,388,iter388,chartqa_val_388,30,16384,4096,31,401.175,0.73,2.312,363.595,28.12,461.088,463.9,703.885,23.463,1167.785,1327.322,26.546,42.621,0.343535,0.738375,0.602752
chartqa,1792,256,389,iter389,chartqa_val_389,33,16384,4096,53,379.187,0.731,2.346,336.999,28.175,439.399,443.083,1249.821,24.035,1692.904,1984.52,31.307,41.606,0.223986,0.483539,0.738271
chartqa,1792,256,390,iter390,chartqa_val_390,28,16384,4096,28,379.409,0.73,2.281,340.817,28.132,439.379,441.861,655.793,24.289,1097.653,1311.416,25.509,41.172,0.345655,0.745944,0.59745
chartqa,1792,256,391,iter391,chartqa_val_391,29,16384,4096,15,405.073,0.734,2.298,366.434,28.154,465.69,468.224,346.888,24.778,815.112,1001.519,18.402,40.359,0.496954,1.068275,0.425571
chartqa,1792,256,392,iter392,chartqa_val_392,31,16384,4096,3,427.013,0.731,2.298,389.388,28.228,487.912,490.344,47.051,23.526,537.395,702.692,5.582,42.507,0.794598,1.702517,0.087554
chartqa,1792,256,393,iter393,chartqa_val_393,35,16384,4096,41,358.742,0.73,2.306,321.377,28.18,418.52,421.157,940.911,23.523,1362.069,1534.037,30.101,42.512,0.263381,0.570648,0.690796
chartqa,1792,256,394,iter394,chartqa_val_394,32,16384,4096,30,395.838,0.727,2.266,356.719,28.106,455.908,458.179,677.556,23.364,1135.735,1305.589,26.415,42.801,0.34853,0.749951,0.596579
chartqa,1792,256,395,iter395,chartqa_val_395,39,16384,4096,256,401.788,0.729,2.297,361.602,28.143,461.962,464.594,5776.728,22.654,6241.322,6418.96,41.017,44.143,0.064375,0.138392,0.925562
chartqa,1792,256,396,iter396,chartqa_val_396,34,16384,4096,29,401.309,0.728,2.315,362.685,28.201,461.342,463.816,672.419,24.015,1136.235,1310.743,25.523,41.641,0.353192,0.759219,0.591796
chartqa,1792,256,397,iter397,chartqa_val_397,37,16384,4096,19,361.892,0.732,2.326,323.98,28.108,421.894,424.426,449.796,24.989,874.222,1051.085,21.734,40.018,0.413958,0.896552,0.51451
chartqa,1792,256,398,iter398,chartqa_val_398,29,16384,4096,22,372.512,0.732,2.285,335.037,28.22,432.682,435.283,499.498,23.786,934.781,1186.268,23.535,42.042,0.398502,0.861372,0.534348
chartqa,1792,256,399,iter399,chartqa_val_399,30,16384,4096,35,381.319,0.731,2.295,337.766,28.171,441.12,443.691,808.604,23.782,1252.295,1537.018,27.949,42.048,0.304496,0.656746,0.645698
chartqa,1792,256,400,iter400,chartqa_val_400,30,16384,4096,40,367.602,0.731,2.301,320.721,28.082,427.281,430.036,874.515,22.423,1304.552,1595.42,30.662,44.596,0.281784,0.609315,0.670357
chartqa,1792,256,401,iter401,chartqa_val_401,35,16384,4096,104,361.163,0.732,2.292,324.415,28.133,420.887,423.291,2434.064,23.632,2857.354,3096.98,36.397,42.316,0.126398,0.273697,0.851859
chartqa,1792,256,402,iter402,chartqa_val_402,28,16384,4096,13,372.161,0.728,2.276,331.927,28.122,432.125,434.566,268.757,22.396,703.323,875.624,18.484,44.65,0.529146,1.143552,0.382124
chartqa,1792,256,403,iter403,chartqa_val_403,36,16384,4096,46,389.374,0.732,2.337,351.664,28.146,449.545,452.308,1028.654,22.859,1480.961,1659.634,31.061,43.746,0.26292,0.566469,0.694585
chartqa,1792,256,404,iter404,chartqa_val_404,43,16384,4096,31,363.651,0.726,2.323,323.616,28.086,423.914,426.735,685.445,22.848,1112.18,1423.243,27.873,43.767,0.326972,0.708127,0.616308
chartqa,1792,256,405,iter405,chartqa_val_405,50,16384,4096,198,389.968,0.725,2.272,352.151,28.1,449.814,452.08,4566.88,23.182,5018.96,5166.486,39.45,43.137,0.077699,0.167322,0.909926
chartqa,1792,256,406,iter406,chartqa_val_406,28,16384,4096,19,420.866,0.729,2.322,375.226,28.176,481.161,484.119,414.522,23.029,898.641,1082.193,21.143,43.423,0.468336,1.003768,0.461277
chartqa,1792,256,407,iter407,chartqa_val_407,35,16384,4096,72,368.311,0.73,2.289,328.213,28.165,428.414,431.04,1668.938,23.506,2099.978,2372.503,34.286,42.542,0.175388,0.379397,0.794741
chartqa,1792,256,408,iter408,chartqa_val_408,36,16384,4096,31,368.924,0.728,2.303,331.57,28.207,429.037,431.433,759.287,25.31,1190.719,1368.433,26.035,39.511,0.309833,0.67015,0.637671
chartqa,1792,256,409,iter409,chartqa_val_409,41,16384,4096,161,368.473,0.728,2.276,328.863,28.111,428.827,431.241,3870.596,24.191,4301.837,4468.132,37.426,41.337,0.085655,0.185339,0.899754
chartqa,1792,256,410,iter410,chartqa_val_410,36,16384,4096,26,394.795,0.732,2.307,357.179,28.255,455.114,457.662,606.416,24.257,1064.078,1254.206,24.434,41.226,0.371021,0.798729,0.569898
chartqa,1792,256,411,iter411,chartqa_val_411,33,16384,4096,235,433.219,0.73,2.279,395.897,28.357,493.267,495.65,5606.184,23.958,6101.834,6286.72,38.513,41.74,0.070998,0.151837,0.91877
chartqa,1792,256,412,iter412,chartqa_val_412,30,16384,4096,8,377.274,0.73,2.332,336.765,28.116,437.142,440.098,198.453,28.35,638.551,821.56,12.528,35.273,0.590829,1.275413,0.310786
chartqa,1792,256,413,iter413,chartqa_val_413,33,16384,4096,122,418.719,0.732,2.324,381.837,28.105,478.711,481.299,3048.735,25.196,3530.034,3784.921,34.561,39.689,0.118616,0.254227,0.863656
chartqa,1792,256,414,iter414,chartqa_val_414,36,16384,4096,23,358.641,0.731,2.289,319.879,28.1,418.429,420.821,500.564,22.753,921.385,1088.524,24.962,43.95,0.38924,0.843371,0.543273
chartqa,1792,256,415,iter415,chartqa_val_415,38,16384,4096,140,468.232,0.731,2.358,410.907,28.211,528.281,531.747,3424.069,24.634,3955.816,4120.184,35.391,40.595,0.118365,0.251911,0.865578
chartqa,1792,256,416,iter416,chartqa_val_416,34,16384,4096,25,402.462,0.73,2.292,361.183,28.253,462.532,465.005,575.646,23.985,1040.651,1204.209,24.023,41.692,0.386741,0.831205,0.55316
chartqa,1792,256,417,iter417,chartqa_val_417,40,16384,4096,171,516.993,0.729,2.315,480.076,28.192,577.545,580.07,4066.996,23.924,4647.066,4839.243,36.797,41.8,0.111251,0.235533,0.875175
chartqa,1792,256,418,iter418,chartqa_val_418,31,16384,4096,43,441.701,0.726,2.305,402.248,28.385,501.982,504.635,990.868,23.592,1495.503,1669.82,28.753,42.387,0.295353,0.631014,0.662565
chartqa,1792,256,419,iter419,chartqa_val_419,38,16384,4096,138,362.623,0.726,2.295,325.566,28.123,422.502,425.172,3445.97,25.153,3871.143,4149.08,35.648,39.757,0.093673,0.202815,0.890169
chartqa,1792,256,420,iter420,chartqa_val_420,28,16384,4096,44,381.325,0.73,2.333,342.595,28.091,441.338,444.722,1025.482,23.848,1470.203,1857.999,29.928,41.932,0.259369,0.559557,0.69751
chartqa,1792,256,421,iter421,chartqa_val_421,33,16384,4096,156,376.628,0.728,2.342,336.547,28.138,436.582,439.338,3847.597,24.823,4286.935,4533.823,36.39,40.285,0.087855,0.189695,0.897517
chartqa,1792,256,422,iter422,chartqa_val_422,30,16384,4096,93,403.291,0.729,2.327,366.24,28.225,463.236,465.949,2235.28,24.297,2701.229,2883.765,34.429,41.158,0.149299,0.32079,0.827505
chartqa,1792,256,423,iter423,chartqa_val_423,31,16384,4096,90,407.445,0.73,2.287,368.382,28.205,467.442,470.072,2160.073,24.27,2630.145,2786.448,34.219,41.202,0.154914,0.332638,0.821275
chartqa,1792,256,424,iter424,chartqa_val_424,30,16384,4096,15,414.541,0.732,2.344,376.411,28.235,474.761,478.572,328.145,23.439,806.717,1004.628,18.594,42.664,0.513862,1.102372,0.406766
chartqa,1792,256,425,iter425,chartqa_val_425,39,16384,4096,177,411.621,0.731,2.291,371.797,28.167,472.022,474.717,4323.231,24.564,4797.948,4987.092,36.891,40.71,0.085791,0.184171,0.901058
chartqa,1792,256,426,iter426,chartqa_val_426,27,16384,4096,32,363.978,0.727,2.295,324.593,28.179,424.768,427.239,745.51,24.049,1172.748,1350.423,27.286,41.582,0.310363,0.672561,0.635695
chartqa,1792,256,427,iter427,chartqa_val_427,29,16384,4096,34,402.326,0.73,2.294,364.803,28.221,462.85,465.178,740.764,22.447,1205.943,1348.086,28.194,44.549,0.33362,0.717427,0.614262
chartqa,1792,256,428,iter428,chartqa_val_428,33,16384,4096,29,398.027,0.726,2.333,359.249,28.15,457.977,460.742,648.619,23.165,1109.361,1294.075,26.141,43.169,0.358789,0.771619,0.584678
chartqa,1792,256,429,iter429,chartqa_val_429,37,16384,4096,41,461.852,0.733,2.284,421.953,28.295,521.982,524.381,957.749,23.944,1482.131,1648.299,27.663,41.765,0.311613,0.663797,0.646198
chartqa,1792,256,430,iter430,chartqa_val_430,30,16384,4096,11,378.419,0.728,2.323,339.427,28.134,438.399,441.164,273.567,27.357,714.731,998.932,15.39,36.554,0.529457,1.142832,0.382755
chartqa,1792,256,431,iter431,chartqa_val_431,37,16384,4096,20,360.907,0.728,2.28,321.731,28.137,420.787,423.212,463.662,24.403,886.874,1050.569,22.551,40.978,0.406943,0.881404,0.522805
chartqa,1792,256,432,iter432,chartqa_val_432,30,16384,4096,13,396.073,0.732,2.292,359.331,28.193,455.882,458.311,302.078,25.173,760.389,928.475,17.097,39.725,0.520883,1.120421,0.397268
chartqa,1792,256,433,iter433,chartqa_val_433,31,16384,4096,51,401.333,0.73,2.345,362.464,28.211,461.48,465.046,1149.724,22.994,1614.77,1803.383,31.583,43.489,0.248539,0.534326,0.712005
chartqa,1792,256,434,iter434,chartqa_val_434,32,16384,4096,23,403.746,0.729,2.288,366.695,28.122,463.716,466.086,500.634,22.756,966.721,1139.58,23.792,43.944,0.417645,0.897324,0.517869
chartqa,1792,256,435,iter435,chartqa_val_435,31,16384,4096,18,380.44,0.73,2.283,341.222,28.145,441.167,443.686,365.965,21.527,809.651,966.989,22.232,46.452,0.469882,1.014767,0.452004
chartqa,1792,256,436,iter436,chartqa_val_436,30,16384,4096,8,379.375,0.732,2.309,342.346,28.085,439.205,441.886,199.13,28.447,641.016,820.701,12.48,35.153,0.591833,1.277004,0.310648
chartqa,1792,256,437,iter437,chartqa_val_437,33,16384,4096,2,402.865,0.732,2.3,364.741,28.134,462.627,465.136,22.188,22.188,487.323,669.072,4.104,45.07,0.82669,1.776013,0.04553
chartqa,1792,256,438,iter438,chartqa_val_438,32,16384,4096,20,405.523,0.732,2.345,366.855,28.248,466.115,468.925,469.093,24.689,938.019,1121.176,21.322,40.504,0.432318,0.929233,0.50009
chartqa,1792,256,439,iter439,chartqa_val_439,35,16384,4096,18,408.209,0.73,2.311,370.371,28.194,468.523,471.115,403.222,23.719,874.337,1057.484,20.587,42.16,0.466878,1.00274,0.461175
chartqa,1792,256,440,iter440,chartqa_val_440,33,16384,4096,15,414.3,0.732,2.322,376.222,28.179,474.366,476.852,329.407,23.529,806.258,998.413,18.604,42.501,0.513855,1.10221,0.408562
chartqa,1792,256,441,iter441,chartqa_val_441,35,16384,4096,64,415.63,0.732,2.336,375.793,28.141,475.594,478.785,1444.321,22.926,1923.106,2140.239,33.279,43.619,0.216124,0.46343,0.751036
chartqa,1792,256,442,iter442,chartqa_val_442,29,16384,4096,15,403.143,0.729,2.353,362.381,28.171,463.203,466.14,355.464,25.39,821.604,999.893,18.257,39.385,0.490678,1.054457,0.432646
chartqa,1792,256,443,iter443,chartqa_val_443,32,16384,4096,30,403.094,0.733,2.29,362.312,28.274,463.35,465.903,723.701,24.955,1189.604,1351.766,25.218,40.072,0.338847,0.728347,0.608354
chartqa,1792,256,444,iter444,chartqa_val_444,33,16384,4096,54,372.1,0.732,2.283,331.724,28.157,432.166,434.702,1401.588,26.445,1836.291,2118.974,29.407,37.814,0.202637,0.437984,0.763271
chartqa,1792,256,445,iter445,chartqa_val_445,36,16384,4096,65,377.956,0.729,2.282,336.458,28.119,437.85,440.527,1524.88,23.826,1965.407,2138.436,33.072,41.971,0.192304,0.415083,0.77586
chartqa,1792,256,446,iter446,chartqa_val_446,33,16384,4096,25,389.01,0.729,2.337,341.377,28.127,449.044,453.33,570.098,23.754,1023.428,1229.218,24.428,42.098,0.380105,0.81887,0.557047
chartqa,1792,256,447,iter447,chartqa_val_447,38,16384,4096,256,359.059,0.731,2.334,319.93,28.105,418.887,421.755,5882.897,23.07,6304.652,6515.779,40.605,43.346,0.056951,0.123392,0.933104
chartqa,1792,256,448,iter448,chartqa_val_448,31,16384,4096,7,396.034,0.731,2.346,358.071,28.195,456.033,458.894,128.155,21.359,587.049,765.361,11.924,46.818,0.674618,1.451441,0.218303
chartqa,1792,256,449,iter449,chartqa_val_449,32,16384,4096,19,401.927,0.732,2.33,360.825,28.156,462.197,465.751,458.306,25.461,924.056,1197.076,20.562,39.275,0.434959,0.935142,0.495972
chartqa,1792,256,450,iter450,chartqa_val_450,35,16384,4096,36,400.755,0.732,2.303,364.013,28.135,460.645,463.147,868.337,24.81,1331.484,1509.464,27.037,40.307,0.300984,0.646947,0.652158
chartqa,1792,256,451,iter451,chartqa_val_451,36,16384,4096,20,365.855,0.731,2.261,328.828,28.058,425.623,428.068,459.864,24.203,887.932,1061.498,22.524,41.317,0.41203,0.891372,0.517905
chartqa,1792,256,452,iter452,chartqa_val_452,29,16384,4096,7,370.081,0.727,2.298,332.979,28.103,430.411,432.868,170.102,28.35,602.97,875.444,11.609,35.273,0.613764,1.327582,0.282107
chartqa,1792,256,453,iter453,chartqa_val_453,32,16384,4096,256,372.032,0.726,2.306,332.791,28.111,431.925,434.298,6189.343,24.272,6623.641,6803.987,38.649,41.2,0.056167,0.121377,0.934432
chartqa,1792,256,454,iter454,chartqa_val_454,45,16384,4096,50,509.321,0.729,2.284,470.761,28.092,569.244,571.626,1234.849,25.201,1806.475,1982.067,27.678,39.681,0.281942,0.597055,0.683568
chartqa,1792,256,455,iter455,chartqa_val_455,31,16384,4096,23,411.66,0.728,2.337,374.232,28.162,471.638,475.052,563.422,25.61,1038.474,1232.936,22.148,39.047,0.396409,0.850573,0.542548
chartqa,1792,256,456,iter456,chartqa_val_456,30,16384,4096,9,377.276,0.727,2.302,340.359,28.097,436.961,439.535,221.627,27.703,661.162,810.823,13.612,36.097,0.570625,1.231523,0.335208
chartqa,1792,256,457,iter457,chartqa_val_457,34,16384,4096,123,359.383,0.731,2.289,321.982,28.077,419.355,421.981,2716.199,22.264,3138.179,3400.994,39.195,44.916,0.11452,0.24815,0.865533
chartqa,1792,256,458,iter458,chartqa_val_458,30,16384,4096,8,389.294,0.731,2.269,351.975,28.147,448.872,451.261,187.976,26.854,639.236,787.825,12.515,37.239,0.608998,1.311199,0.294063
chartqa,1792,256,459,iter459,chartqa_val_459,35,16384,4096,199,360.557,0.731,2.279,324.037,28.194,420.205,422.596,4813.377,24.31,5235.973,5396.067,38.006,41.135,0.068861,0.149115,0.91929
chartqa,1792,256,460,iter460,chartqa_val_460,30,16384,4096,11,377.498,0.731,2.283,338.698,28.176,437.713,440.108,270.862,27.086,710.97,882.79,15.472,36.919,0.530963,1.146619,0.380975
chartqa,1792,256,461,iter461,chartqa_val_461,31,16384,4096,146,403.032,0.73,2.363,361.14,28.125,463.307,466.795,3613.463,24.92,4080.258,4375.714,35.782,40.128,0.098776,0.212324,0.885597
chartqa,1792,256,462,iter462,chartqa_val_462,29,16384,4096,8,387.837,0.732,2.285,350.63,28.143,448.387,450.949,171.526,24.504,622.475,802.937,12.852,40.81,0.623057,1.343386,0.275555
chartqa,1792,256,463,iter463,chartqa_val_463,33,16384,4096,223,369.961,0.73,2.314,333.062,28.088,430.004,432.497,5384.954,24.257,5817.451,6008.432,38.333,41.226,0.063595,0.137511,0.925655
chartqa,1792,256,464,iter464,chartqa_val_464,33,16384,4096,20,409.01,0.729,2.329,368.333,28.582,469.497,472.853,414.319,21.806,887.172,1174.749,22.544,45.858,0.461026,0.990232,0.467011
chartqa,1792,256,465,iter465,chartqa_val_465,37,16384,4096,60,428.484,0.726,2.317,391.713,28.197,489.216,491.911,1455.112,24.663,1947.023,2126.064,30.816,40.547,0.220071,0.471335,0.747352
chartqa,1792,256,466,iter466,chartqa_val_466,31,16384,4096,118,435.056,0.73,2.295,397.389,28.211,494.903,497.359,2766.83,23.648,3264.189,3426.659,36.15,42.287,0.133282,0.284898,0.847632
chartqa,1792,256,467,iter467,chartqa_val_467,46,16384,4096,193,400.707,0.728,2.278,364.086,28.16,460.663,463.025,4635.397,24.143,5098.422,5279.042,37.855,41.42,0.078594,0.168948,0.909183
chartqa,1792,256,468,iter468,chartqa_val_468,27,16384,4096,21,378.03,0.73,2.301,336.962,28.147,437.928,440.418,501.809,25.09,942.227,1111.197,22.288,39.856,0.401209,0.865988,0.532577
chartqa,1792,256,469,iter469,chartqa_val_469,48,16384,4096,133,363.384,0.728,2.28,323.845,28.089,423.316,425.774,3027.501,22.936,3453.275,3741.832,38.514,43.6,0.105229,0.227812,0.876704
chartqa,1792,256,470,iter470,chartqa_val_470,30,16384,4096,67,388.765,0.733,2.278,351.705,28.142,449.092,451.509,1428.343,21.642,1879.851,2125.288,35.641,46.207,0.206806,0.445704,0.759817
chartqa,1792,256,471,iter471,chartqa_val_471,34,16384,4096,108,396.885,0.732,2.346,356.949,28.112,456.667,459.944,2329.441,21.77,2789.385,3049.965,38.718,45.934,0.142284,0.306,0.835109
chartqa,1792,256,472,iter472,chartqa_val_472,37,16384,4096,29,400.564,0.731,2.291,361.372,28.212,462.04,464.69,621.068,22.181,1085.758,1254.096,26.709,45.084,0.368926,0.794472,0.572013
chartqa,1792,256,473,iter473,chartqa_val_473,40,16384,4096,48,400.617,0.73,2.276,363.153,28.105,461.181,463.676,1111.486,23.649,1575.162,1747.396,30.473,42.286,0.254334,0.547117,0.705633
chartqa,1792,256,474,iter474,chartqa_val_474,36,16384,4096,20,353.014,0.733,2.301,315.3,28.081,412.871,415.379,442.817,23.306,858.196,1080.261,23.305,42.907,0.411344,0.892436,0.515986
chartqa,1792,256,475,iter475,chartqa_val_475,32,16384,4096,149,364.437,0.729,2.288,327.089,28.075,424.408,426.943,3454.238,23.339,3881.181,4034.761,38.39,42.846,0.093898,0.203249,0.889997
chartqa,1792,256,476,iter476,chartqa_val_476,44,16384,4096,26,372.199,0.728,2.335,321.952,28.164,432.945,436.185,543.946,21.758,980.131,1231.767,26.527,45.96,0.379744,0.821465,0.554972
chartqa,1792,256,477,iter477,chartqa_val_477,39,16384,4096,78,368.131,0.727,2.292,330.965,28.077,428.341,430.873,1787.282,23.211,2218.155,2458.667,35.164,43.082,0.165963,0.35907,0.805752
chartqa,1792,256,478,iter478,chartqa_val_478,26,16384,4096,12,388.745,0.731,2.296,351.88,28.146,448.663,451.113,246.275,22.389,697.388,857.543,17.207,44.666,0.55743,1.200778,0.353139
chartqa,1792,256,479,iter479,chartqa_val_479,33,16384,4096,40,392.648,0.728,2.312,355.465,28.188,452.525,454.99,870.83,22.329,1325.82,1491.548,30.17,44.785,0.296155,0.637472,0.656824
chartqa,1792,256,480,iter480,chartqa_val_480,28,16384,4096,32,354.787,0.729,2.299,318.313,28.137,414.472,416.855,750.622,24.214,1167.477,1389.708,27.41,41.299,0.303892,0.658908,0.642944
chartqa,1792,256,481,iter481,chartqa_val_481,35,16384,4096,23,360.481,0.731,2.315,323.847,28.086,420.367,422.746,550.342,25.016,973.089,1147.802,23.636,39.975,0.37045,0.802443,0.565562
chartqa,1792,256,482,iter482,chartqa_val_482,35,16384,4096,30,363.423,0.732,2.253,323.646,28.094,423.595,425.811,699.79,24.131,1125.601,1278.47,26.652,41.441,0.32287,0.699198,0.621704
chartqa,1792,256,483,iter483,chartqa_val_483,32,16384,4096,256,360.496,0.729,2.289,323.5,28.108,420.446,422.757,6065.21,23.785,6487.967,6670.01,39.458,42.043,0.055564,0.120368,0.93484
chartqa,1792,256,484,iter484,chartqa_val_484,37,16384,4096,36,383.285,0.73,2.359,341.345,28.112,443.162,446.696,781.104,22.317,1227.8,1475.479,29.321,44.808,0.312172,0.673112,0.636182
chartqa,1792,256,485,iter485,chartqa_val_485,29,16384,4096,12,362.921,0.731,2.273,326.318,28.154,423.224,425.478,240.52,21.865,665.998,817.902,18.018,45.734,0.544927,1.180401,0.361142
chartqa,1792,256,486,iter486,chartqa_val_486,44,16384,4096,26,361.105,0.727,2.28,323.52,28.185,421.273,423.598,576.275,23.051,999.872,1150.231,26.003,43.382,0.361151,0.782477,0.576348
chartqa,1792,256,487,iter487,chartqa_val_487,34,16384,4096,49,360.298,0.731,2.274,318.392,28.135,420.285,422.516,1147.153,23.899,1569.668,1725.975,31.217,41.843,0.229538,0.497292,0.730825
chartqa,1792,256,488,iter488,chartqa_val_488,27,16384,4096,23,408.203,0.732,2.275,367.995,28.195,468.601,470.884,481.007,21.864,951.891,1127.269,24.162,45.737,0.428833,0.921118,0.505317
chartqa,1792,256,489,iter489,chartqa_val_489,30,16384,4096,71,368.709,0.731,2.306,331.221,28.098,428.821,431.495,1820.901,26.013,2252.396,2440.6,31.522,38.443,0.163696,0.35408,0.808428
chartqa,1792,256,490,iter490,chartqa_val_490,29,16384,4096,14,361.688,0.73,2.274,323.082,28.085,421.387,423.717,289.421,22.263,713.138,875.774,19.632,44.917,0.507178,1.098069,0.405841
chartqa,1792,256,491,iter491,chartqa_val_491,34,16384,4096,198,514.524,0.728,2.265,477.867,28.11,574.188,576.452,4653.147,23.62,5229.599,5403.742,37.861,42.337,0.098387,0.208183,0.889771
chartqa,1792,256,492,iter492,chartqa_val_492,32,16384,4096,126,431.448,0.73,2.301,394.093,28.219,491.423,494.011,2891.762,23.134,3385.773,3567.466,37.215,43.226,0.12743,0.272573,0.854092
chartqa,1792,256,493,iter493,chartqa_val_493,30,16384,4096,77,416.05,0.733,2.332,362.514,28.184,476.661,480.299,1830.278,24.083,2310.577,2589.436,33.325,41.524,0.180063,0.386359,0.79213
chartqa,1792,256,494,iter494,chartqa_val_494,48,16384,4096,30,374.499,0.726,2.274,335.471,28.268,434.772,437.529,751.193,25.903,1188.721,1331.367,25.237,38.605,0.315044,0.680791,0.631933
chartqa,1792,256,495,iter495,chartqa_val_495,54,16384,4096,36,364.763,0.73,2.263,325.64,28.075,855.86,858.314,860.222,24.578,1718.536,1898.085,20.948,40.687,0.212252,0.710269,0.500555
chartqa,1792,256,496,iter496,chartqa_val_496,31,16384,4096,27,375.09,0.726,2.318,329.022,34.025,436.04,438.764,636.615,24.485,1075.378,1277.67,25.107,40.841,0.348798,0.754274,0.591991
chartqa,1792,256,497,iter497,chartqa_val_497,34,16384,4096,95,397.263,0.728,2.311,358.876,28.165,457.191,460.065,2152.798,22.902,2612.864,2793.087,36.359,43.664,0.152041,0.327018,0.823923
chartqa,1792,256,498,iter498,chartqa_val_498,31,16384,4096,52,361.571,0.729,2.275,324.977,28.16,421.328,423.744,1247.531,24.461,1671.275,1857.719,31.114,40.881,0.216345,0.468444,0.746455
chartqa,1792,256,499,iter499,chartqa_val_499,44,16384,4096,241,371.329,0.731,2.307,334.464,28.193,431.003,433.636,5725.671,23.857,6159.307,6335.555,39.128,41.916,0.060288,0.130263,0.929597
chartqa,1792,32,0,iter000,chartqa_val_0,36,16384,4096,17,362.784,0.732,2.298,325.352,28.268,422.762,425.418,347.264,21.704,772.683,960.349,22.001,46.074,0.469513,1.016648,0.449427
chartqa,1792,32,1,iter001,chartqa_val_1,34,16384,4096,32,351.904,0.733,2.325,313.35,28.249,411.846,414.591,651.491,21.016,1066.083,1226.384,30.016,47.583,0.330091,0.716407,0.611108
chartqa,1792,32,2,iter002,chartqa_val_2,28,16384,4096,32,365.505,0.737,2.331,322.861,28.241,814.663,817.626,3594.897,115.964,4412.523,4599.598,7.252,8.623,0.082834,0.267459,0.814703
chartqa,1792,32,3,iter003,chartqa_val_3,30,16384,4096,32,393.337,0.731,2.314,355.714,28.285,854.822,857.185,708.317,22.849,1565.502,1739.488,20.441,43.766,0.251253,0.79729,0.452454
chartqa,1792,32,4,iter004,chartqa_val_4,46,16384,4096,31,391.343,0.73,2.267,353.76,28.358,801.946,804.33,6015.887,200.53,6820.217,7003.011,4.545,4.987,0.05738,0.174964,0.882067
chartqa,1792,32,5,iter005,chartqa_val_5,33,16384,4096,17,546.408,0.728,2.375,509.218,28.278,973.273,976.55,403.344,25.209,1379.895,1545.212,12.32,39.668,0.395978,1.101302,0.292301
chartqa,1792,32,6,iter006,chartqa_val_6,35,16384,4096,21,397.173,0.735,2.269,360.387,28.304,826.639,829.245,490.506,24.525,1319.75,1475.847,15.912,40.774,0.300946,0.927306,0.371666
chartqa,1792,32,7,iter007,chartqa_val_7,33,16384,4096,28,363.694,0.729,2.305,326.493,28.289,423.979,426.402,632.706,23.434,1059.108,1213.621,26.437,42.674,0.343397,0.743714,0.597395
chartqa,1792,32,8,iter008,chartqa_val_8,32,16384,4096,32,358.97,0.732,2.308,321.948,28.261,786.867,789.356,768.24,24.782,1557.596,1719.152,20.544,40.352,0.230464,0.735645,0.493221
chartqa,1792,32,9,iter009,chartqa_val_9,36,16384,4096,32,365.384,0.735,2.313,327.765,28.326,425.32,427.969,725.844,23.414,1153.813,1324.114,27.734,42.709,0.316675,0.685297,0.629083
chartqa,1792,32,10,iter010,chartqa_val_10,44,16384,4096,32,398.366,0.733,2.317,361.393,28.272,877.639,880.203,738.853,23.834,1619.055,1788.177,19.765,41.957,0.246048,0.788117,0.456348
chartqa,1792,32,11,iter011,chartqa_val_11,49,16384,4096,32,365.922,0.73,2.331,327.929,28.328,822.25,825.018,2682.982,86.548,3508.0,3667.85,9.122,11.554,0.104311,0.338703,0.764818
chartqa,1792,32,12,iter012,chartqa_val_12,30,16384,4096,24,361.833,0.732,2.284,321.947,28.278,422.426,425.131,516.865,22.472,941.996,1088.866,25.478,44.499,0.384113,0.832551,0.548691
chartqa,1792,32,13,iter013,chartqa_val_13,34,16384,4096,32,352.623,0.735,2.32,312.41,28.205,412.852,415.274,665.053,21.453,1080.327,1257.648,29.621,46.613,0.326404,0.708558,0.615604
chartqa,1792,32,14,iter014,chartqa_val_14,30,16384,4096,32,356.102,0.735,2.29,317.913,28.275,415.879,418.322,689.135,22.23,1107.457,1273.417,28.895,44.984,0.321549,0.697075,0.622268
chartqa,1792,32,15,iter015,chartqa_val_15,35,16384,4096,32,360.651,0.73,2.275,322.844,28.23,420.881,423.151,704.882,22.738,1128.034,1291.721,28.368,43.979,0.319716,0.692827,0.624877
chartqa,1792,32,16,iter016,chartqa_val_16,30,16384,4096,32,390.867,0.732,2.317,353.557,28.548,451.313,453.765,695.79,22.445,1149.555,1328.627,27.837,44.554,0.340016,0.732614,0.605269
chartqa,1792,32,17,iter017,chartqa_val_17,40,16384,4096,32,393.325,0.734,2.331,353.228,28.298,826.27,829.377,734.429,23.691,1563.805,1782.574,20.463,42.21,0.251518,0.779889,0.469642
chartqa,1792,32,18,iter018,chartqa_val_18,31,16384,4096,14,390.639,0.732,2.281,353.122,28.324,847.477,849.855,286.249,22.019,1136.104,1306.536,12.323,45.415,0.343841,1.089792,0.251957
chartqa,1792,32,19,iter019,chartqa_val_19,34,16384,4096,32,389.692,0.734,2.27,352.337,28.338,450.709,453.069,712.502,22.984,1165.571,1327.182,27.454,43.509,0.334336,0.721021,0.61129
chartqa,1792,32,20,iter020,chartqa_val_20,36,16384,4096,18,413.85,0.731,2.302,374.405,28.264,473.697,476.077,353.329,20.784,829.405,1005.457,21.702,48.114,0.498973,1.070101,0.426002
chartqa,1792,32,21,iter021,chartqa_val_21,38,16384,4096,32,366.091,0.734,2.332,329.026,28.302,901.644,904.656,740.22,23.878,1644.876,1814.047,19.454,41.879,0.222564,0.770717,0.450016
chartqa,1792,32,22,iter022,chartqa_val_22,31,16384,4096,32,366.235,0.732,2.36,326.377,28.25,426.531,430.058,754.454,24.337,1184.513,1478.089,27.015,41.089,0.309186,0.669276,0.636932
chartqa,1792,32,23,iter023,chartqa_val_23,35,16384,4096,32,364.316,0.729,2.294,326.96,28.249,424.214,426.643,762.568,24.599,1189.211,1332.462,26.909,40.652,0.306351,0.66307,0.641239
chartqa,1792,32,24,iter024,chartqa_val_24,31,16384,4096,26,373.163,0.732,2.313,331.22,28.263,432.979,435.523,661.776,26.471,1097.299,1284.527,23.695,37.777,0.340074,0.73466,0.603095
chartqa,1792,32,25,iter025,chartqa_val_25,33,16384,4096,32,399.448,0.729,2.317,362.411,28.253,459.758,462.253,733.217,23.652,1195.47,1362.866,26.768,42.279,0.334134,0.718718,0.61333
chartqa,1792,32,26,iter026,chartqa_val_26,33,16384,4096,32,401.972,0.733,2.294,362.298,28.348,461.787,464.244,782.844,25.253,1247.088,1483.146,25.66,39.599,0.322328,0.69262,0.627738
chartqa,1792,32,27,iter027,chartqa_val_27,33,16384,4096,32,356.948,0.734,2.272,319.673,28.322,417.183,419.646,717.52,23.146,1137.165,1312.473,28.14,43.204,0.313893,0.680755,0.630972
chartqa,1792,32,28,iter028,chartqa_val_28,29,16384,4096,28,401.559,0.733,2.294,362.997,28.315,871.96,874.344,677.102,25.078,1551.446,1723.406,18.048,39.876,0.258829,0.820859,0.436433
chartqa,1792,32,29,iter029,chartqa_val_29,32,16384,4096,32,411.288,0.73,2.338,373.178,28.364,471.445,474.632,760.359,24.528,1234.991,1423.274,25.911,40.77,0.333029,0.714769,0.61568
chartqa,1792,32,30,iter030,chartqa_val_30,33,16384,4096,32,388.542,0.732,2.353,345.802,28.265,448.726,452.153,728.594,23.503,1180.747,1398.569,27.101,42.548,0.329065,0.709101,0.617062
chartqa,1792,32,31,iter031,chartqa_val_31,31,16384,4096,32,391.315,0.733,2.303,350.987,28.335,452.014,454.552,682.401,22.013,1136.953,1358.739,28.145,45.428,0.344178,0.741745,0.600202
chartqa,1792,32,32,iter032,chartqa_val_32,27,16384,4096,30,392.664,0.734,2.3,355.462,28.365,874.237,876.632,1132.24,39.043,2008.872,2164.712,14.934,25.613,0.195465,0.630653,0.56362
chartqa,1792,32,33,iter033,chartqa_val_33,31,16384,4096,32,371.135,0.735,2.326,331.71,28.286,431.143,434.758,752.216,24.265,1186.974,1480.916,26.959,41.212,0.312673,0.675902,0.633726
chartqa,1792,32,34,iter034,chartqa_val_34,34,16384,4096,17,365.339,0.732,2.29,328.0,28.297,425.782,428.372,375.333,23.458,803.704,957.717,21.152,42.629,0.454569,0.984343,0.467003
chartqa,1792,32,35,iter035,chartqa_val_35,35,16384,4096,32,428.877,0.734,2.307,385.318,28.343,488.748,491.564,643.187,20.748,1134.751,1305.159,28.2,48.197,0.377948,0.808657,0.566809
chartqa,1792,32,36,iter036,chartqa_val_36,28,16384,4096,32,419.87,0.733,2.327,368.336,28.27,480.035,483.273,771.798,24.897,1255.07,1515.409,25.497,40.166,0.334539,0.717016,0.614944
chartqa,1792,32,37,iter037,chartqa_val_37,32,16384,4096,32,365.142,0.733,2.31,327.99,28.335,425.405,427.885,701.865,22.641,1129.751,1302.536,28.325,44.168,0.323206,0.699753,0.621257
chartqa,1792,32,38,iter038,chartqa_val_38,28,16384,4096,32,419.283,0.73,2.36,361.045,28.347,479.601,484.628,660.559,21.308,1145.188,1374.969,27.943,46.93,0.366126,0.784923,0.576813
chartqa,1792,32,39,iter039,chartqa_val_39,34,16384,4096,32,418.643,0.733,2.301,381.461,28.346,478.88,481.261,725.084,23.39,1206.345,1367.987,26.526,42.754,0.347035,0.744003,0.601059
chartqa,1792,32,40,iter040,chartqa_val_40,33,16384,4096,32,366.331,0.735,2.313,326.431,28.286,426.473,429.139,761.277,24.557,1190.416,1383.519,26.881,40.721,0.307734,0.66599,0.639505
chartqa,1792,32,41,iter041,chartqa_val_41,34,16384,4096,26,391.987,0.733,2.268,353.573,28.251,451.821,454.275,581.56,23.262,1035.835,1182.947,25.101,42.988,0.378426,0.814617,0.56144
chartqa,1792,32,42,iter042,chartqa_val_42,30,16384,4096,9,389.171,0.734,2.291,350.331,28.31,449.275,451.696,204.273,25.534,655.969,825.861,13.72,39.163,0.593277,1.278179,0.311407
chartqa,1792,32,43,iter043,chartqa_val_43,31,16384,4096,32,466.742,0.729,2.273,429.868,28.255,526.87,529.174,680.34,21.946,1209.514,1381.081,26.457,45.565,0.385892,0.821497,0.56249
chartqa,1792,32,44,iter044,chartqa_val_44,29,16384,4096,14,420.633,0.733,2.29,383.188,28.357,480.941,483.726,285.823,21.986,769.548,944.588,18.192,45.483,0.546597,1.171563,0.371416
chartqa,1792,32,45,iter045,chartqa_val_45,33,16384,4096,32,431.748,0.731,2.289,390.003,28.279,491.557,494.061,695.553,22.437,1189.613,1376.338,26.899,44.569,0.362931,0.776138,0.584688
chartqa,1792,32,46,iter046,chartqa_val_46,38,16384,4096,32,371.13,0.732,2.336,333.927,28.348,430.962,433.808,780.922,25.191,1214.73,1399.54,26.343,39.697,0.305525,0.660305,0.642877
chartqa,1792,32,47,iter047,chartqa_val_47,30,16384,4096,32,381.701,0.734,2.298,344.679,28.261,442.713,445.243,739.138,23.843,1184.381,1368.251,27.018,41.941,0.322279,0.696071,0.624071
chartqa,1792,32,48,iter048,chartqa_val_48,29,16384,4096,32,398.434,0.732,2.407,352.272,28.268,458.391,461.817,756.888,24.416,1218.704,1413.333,26.257,40.957,0.326932,0.703062,0.621059
chartqa,1792,32,49,iter049,chartqa_val_49,33,16384,4096,32,395.184,0.731,2.273,357.574,28.34,455.254,457.627,745.65,24.053,1203.277,1363.428,26.594,41.574,0.328423,0.706768,0.619683
chartqa,1792,32,50,iter050,chartqa_val_50,30,16384,4096,32,365.132,0.732,2.3,326.869,28.289,424.744,427.112,730.207,23.555,1157.319,1316.869,27.65,42.454,0.315498,0.682505,0.630947
chartqa,1792,32,51,iter051,chartqa_val_51,30,16384,4096,32,355.037,0.733,2.271,315.966,28.154,414.962,417.363,660.766,21.315,1078.129,1254.892,29.681,46.915,0.329309,0.714199,0.612882
chartqa,1792,32,52,iter052,chartqa_val_52,30,16384,4096,9,366.317,0.733,2.331,328.524,28.336,426.622,429.48,181.198,22.65,610.679,793.786,14.738,44.15,0.599852,1.298456,0.296716
chartqa,1792,32,53,iter053,chartqa_val_53,33,16384,4096,32,357.072,0.732,2.293,320.208,28.255,417.146,419.578,728.373,23.496,1147.951,1412.963,27.876,42.561,0.311052,0.674435,0.634499
chartqa,1792,32,54,iter054,chartqa_val_54,29,16384,4096,32,403.897,0.736,2.323,367.093,28.237,464.225,466.957,733.09,23.648,1200.047,1396.913,26.666,42.287,0.336567,0.723406,0.610885
chartqa,1792,32,55,iter055,chartqa_val_55,33,16384,4096,32,419.033,0.732,2.311,381.862,28.343,478.899,481.311,711.869,22.964,1193.18,1369.36,26.819,43.547,0.35119,0.752554,0.596615
chartqa,1792,32,56,iter056,chartqa_val_56,32,16384,4096,32,399.064,0.73,2.313,358.952,28.336,459.416,461.699,713.562,23.018,1175.261,1330.355,27.228,43.444,0.339553,0.730459,0.607152
chartqa,1792,32,57,iter057,chartqa_val_57,36,16384,4096,21,399.67,0.732,2.313,358.515,28.374,459.836,462.194,437.674,21.884,899.869,1082.587,23.337,45.696,0.444143,0.955146,0.486376
chartqa,1792,32,58,iter058,chartqa_val_58,29,16384,4096,29,385.23,0.733,2.281,347.848,28.321,445.789,448.167,614.231,21.937,1062.399,1216.106,27.297,45.585,0.362604,0.78221,0.578155
chartqa,1792,32,59,iter059,chartqa_val_59,35,16384,4096,32,368.568,0.732,2.303,330.952,28.267,428.591,431.107,730.874,23.577,1161.981,1318.73,27.539,42.415,0.31719,0.686034,0.628989
chartqa,1792,32,60,iter060,chartqa_val_60,29,16384,4096,29,380.332,0.734,2.312,343.251,28.298,440.496,443.087,656.167,23.435,1099.254,1290.017,26.382,42.672,0.345991,0.746713,0.59692
chartqa,1792,32,61,iter061,chartqa_val_61,35,16384,4096,32,399.839,0.727,2.284,360.565,28.166,459.743,462.095,738.552,23.824,1200.647,1371.539,26.652,41.974,0.33302,0.715932,0.615129
chartqa,1792,32,62,iter062,chartqa_val_62,30,16384,4096,23,401.828,0.733,2.325,361.679,28.278,461.784,465.422,490.858,22.312,956.279,1226.606,24.052,44.82,0.4202,0.903097,0.513299
chartqa,1792,32,63,iter063,chartqa_val_63,34,16384,4096,32,396.926,0.731,2.312,357.757,28.203,456.67,460.109,719.702,23.216,1179.811,1355.749,27.123,43.073,0.336431,0.723502,0.610015
chartqa,1792,32,64,iter064,chartqa_val_64,33,16384,4096,16,409.716,0.734,2.395,352.99,28.211,469.675,472.954,342.973,22.865,815.927,967.967,19.61,43.735,0.502147,1.077781,0.420348
chartqa,1792,32,65,iter065,chartqa_val_65,35,16384,4096,32,399.281,0.732,2.309,360.653,28.252,459.656,462.387,811.067,26.163,1273.454,1528.477,25.129,38.221,0.313542,0.674494,0.636903
chartqa,1792,32,66,iter066,chartqa_val_66,29,16384,4096,30,361.212,0.729,2.293,323.292,28.129,420.895,423.136,722.633,24.918,1145.769,1306.772,26.183,40.131,0.315258,0.682605,0.630697
chartqa,1792,32,67,iter067,chartqa_val_67,31,16384,4096,32,399.259,0.731,2.284,362.44,28.272,459.636,461.95,726.29,23.429,1188.24,1368.444,26.931,42.683,0.336009,0.72283,0.611232
chartqa,1792,32,68,iter068,chartqa_val_68,28,16384,4096,10,412.045,0.729,2.297,374.77,28.364,473.14,475.487,210.543,23.394,686.031,862.545,14.577,42.747,0.600622,1.290299,0.306901
chartqa,1792,32,69,iter069,chartqa_val_69,31,16384,4096,32,366.393,0.733,2.305,329.63,28.27,426.361,428.835,770.164,24.844,1198.999,1363.273,26.689,40.251,0.305583,0.661181,0.642339
chartqa,1792,32,70,iter070,chartqa_val_70,34,16384,4096,32,364.133,0.728,2.282,325.671,28.297,424.263,426.653,736.915,23.771,1163.568,1345.184,27.502,42.067,0.312945,0.677568,0.633323
chartqa,1792,32,71,iter071,chartqa_val_71,37,16384,4096,32,394.173,0.732,2.275,355.349,28.229,875.232,877.561,754.699,24.345,1632.259,1805.114,19.605,41.076,0.241489,0.777698,0.462364
chartqa,1792,32,72,iter072,chartqa_val_72,31,16384,4096,17,380.75,0.734,2.304,344.333,28.146,440.374,442.825,324.233,20.265,767.058,927.063,22.163,49.347,0.496377,1.070485,0.422697
chartqa,1792,32,73,iter073,chartqa_val_73,32,16384,4096,32,476.624,0.728,2.269,435.745,28.388,536.995,539.254,730.214,23.555,1269.469,1433.881,25.207,42.453,0.375451,0.798459,0.575213
chartqa,1792,32,74,iter074,chartqa_val_74,28,16384,4096,18,392.117,0.731,2.286,354.846,28.215,451.716,454.081,417.068,24.533,871.148,1059.996,20.662,40.761,0.450115,0.968644,0.478756
chartqa,1792,32,75,iter075,chartqa_val_75,31,16384,4096,32,382.077,0.729,2.305,343.54,28.258,441.841,444.226,788.014,25.42,1232.24,1404.608,25.969,39.339,0.310067,0.668635,0.639497
chartqa,1792,32,76,iter076,chartqa_val_76,29,16384,4096,14,389.033,0.732,2.296,349.484,28.256,448.875,451.289,308.28,23.714,759.57,919.717,18.431,42.169,0.512176,1.103136,0.405862
chartqa,1792,32,77,iter077,chartqa_val_77,30,16384,4096,32,354.422,0.729,2.294,317.316,28.123,414.134,416.576,693.294,22.364,1109.871,1293.992,28.832,44.714,0.319336,0.692474,0.624662
chartqa,1792,32,78,iter078,chartqa_val_78,30,16384,4096,26,377.576,0.732,2.348,338.077,28.185,438.341,441.188,636.027,25.441,1077.215,1258.865,24.136,39.307,0.350511,0.757432,0.590436
chartqa,1792,32,79,iter079,chartqa_val_79,36,16384,4096,26,379.1,0.729,2.323,341.802,28.221,439.497,441.96,606.249,24.25,1048.209,1208.574,24.804,41.237,0.361665,0.780948,0.578367
chartqa,1792,32,80,iter080,chartqa_val_80,35,16384,4096,21,510.337,0.733,2.307,473.02,28.257,570.481,572.961,512.183,25.609,1085.144,1255.666,19.352,39.049,0.470295,0.996014,0.471996
chartqa,1792,32,81,iter081,chartqa_val_81,33,16384,4096,32,353.524,0.733,2.276,316.095,28.251,413.408,415.953,780.416,25.175,1196.369,1358.38,26.748,39.722,0.295497,0.64105,0.65232
chartqa,1792,32,82,iter082,chartqa_val_82,29,16384,4096,14,404.799,0.734,2.322,367.087,28.369,464.915,467.489,283.995,21.846,751.484,922.03,18.63,45.775,0.538666,1.157328,0.377912
chartqa,1792,32,83,iter083,chartqa_val_83,31,16384,4096,32,432.776,0.734,2.301,394.99,28.354,492.756,495.43,696.528,22.469,1191.958,1358.155,26.847,44.506,0.36308,0.77648,0.584356
chartqa,1792,32,84,iter084,chartqa_val_84,30,16384,4096,24,370.15,0.736,2.28,327.389,28.247,430.024,432.563,526.621,22.897,959.185,1356.053,25.021,43.675,0.3859,0.834223,0.54903
chartqa,1792,32,85,iter085,chartqa_val_85,34,16384,4096,32,382.043,0.733,2.324,341.946,28.321,442.208,445.449,731.475,23.596,1176.924,1530.728,27.19,42.38,0.324611,0.700343,0.621515
chartqa,1792,32,86,iter086,chartqa_val_86,38,16384,4096,23,395.961,0.728,2.326,351.213,28.346,455.874,458.596,611.43,27.792,1070.026,1304.767,21.495,35.981,0.370048,0.796088,0.571416
chartqa,1792,32,87,iter087,chartqa_val_87,38,16384,4096,32,376.966,0.729,2.328,337.026,28.329,436.764,439.562,781.104,25.197,1220.666,1412.799,26.215,39.687,0.30882,0.666628,0.6399
chartqa,1792,32,88,iter088,chartqa_val_88,29,16384,4096,32,387.726,0.732,2.304,350.639,28.326,447.753,450.368,735.73,23.733,1186.098,1362.045,26.979,42.135,0.326892,0.704393,0.620294
chartqa,1792,32,89,iter089,chartqa_val_89,46,16384,4096,32,365.181,0.733,2.287,325.447,28.24,425.504,427.855,749.768,24.186,1177.623,1352.855,27.173,41.346,0.3101,0.671424,0.636679
chartqa,1792,32,90,iter090,chartqa_val_90,27,16384,4096,32,405.457,0.731,2.291,368.694,28.323,465.301,467.685,821.305,26.494,1288.99,1465.89,24.826,37.745,0.314554,0.675535,0.637169
chartqa,1792,32,91,iter091,chartqa_val_91,30,16384,4096,32,414.777,0.729,2.3,372.218,28.417,474.95,477.537,768.028,24.775,1245.564,1438.665,25.691,40.363,0.333004,0.714316,0.61661
chartqa,1792,32,92,iter092,chartqa_val_92,30,16384,4096,14,408.539,0.733,2.345,369.447,28.35,469.316,472.07,373.283,28.714,845.353,1035.911,16.561,34.826,0.483276,1.038447,0.441571
chartqa,1792,32,93,iter093,chartqa_val_93,31,16384,4096,32,398.172,0.729,2.32,359.013,28.332,458.106,460.542,718.515,23.178,1179.058,1369.734,27.14,43.145,0.337703,0.72624,0.609398
chartqa,1792,32,94,iter094,chartqa_val_94,30,16384,4096,32,420.911,0.732,2.328,375.763,28.181,481.58,484.913,706.933,22.804,1191.846,1464.086,26.849,43.851,0.353159,0.757221,0.593141
chartqa,1792,32,95,iter095,chartqa_val_95,34,16384,4096,32,404.891,0.734,2.317,354.889,28.166,464.724,468.094,731.091,23.584,1199.185,1420.423,26.685,42.402,0.337638,0.725172,0.609656
chartqa,1792,32,96,iter096,chartqa_val_96,32,16384,4096,32,367.762,0.731,2.259,330.408,28.247,428.061,430.304,694.965,22.418,1125.269,1285.899,28.438,44.607,0.326821,0.707229,0.617599
chartqa,1792,32,97,iter097,chartqa_val_97,35,16384,4096,32,432.575,0.728,2.357,372.994,28.465,497.068,503.652,753.949,24.321,1257.601,1479.451,25.445,41.117,0.343968,0.739219,0.599513
chartqa,1792,32,98,iter098,chartqa_val_98,30,16384,4096,32,353.718,0.731,2.282,313.08,28.14,413.512,415.798,779.44,25.143,1195.238,1362.565,26.773,39.772,0.29594,0.641906,0.652121
chartqa,1792,32,99,iter099,chartqa_val_99,34,16384,4096,32,401.774,0.734,2.264,361.457,28.317,461.824,464.12,768.073,24.777,1232.193,1413.994,25.97,40.361,0.326065,0.700863,0.623338
chartqa,1792,32,100,iter100,chartqa_val_100,29,16384,4096,32,393.865,0.733,2.291,356.792,28.296,453.905,456.17,729.423,23.53,1185.593,1369.279,26.991,42.499,0.332209,0.71506,0.615239
chartqa,1792,32,101,iter101,chartqa_val_101,49,16384,4096,32,398.705,0.728,2.297,360.42,28.15,459.098,461.893,700.112,22.584,1162.005,1360.448,27.539,44.279,0.343119,0.73821,0.602504
chartqa,1792,32,102,iter102,chartqa_val_102,28,16384,4096,10,402.765,0.732,2.311,361.733,28.418,463.321,465.901,194.057,21.562,659.957,956.97,15.152,46.378,0.610289,1.312335,0.294045
chartqa,1792,32,103,iter103,chartqa_val_103,31,16384,4096,32,425.307,0.732,2.331,387.54,28.381,485.226,488.202,722.243,23.298,1210.445,1379.44,26.437,42.922,0.351364,0.75223,0.596676
chartqa,1792,32,104,iter104,chartqa_val_104,30,16384,4096,11,359.416,0.732,2.299,321.823,28.237,419.333,421.87,244.681,24.468,666.551,930.911,16.503,40.87,0.539218,1.168326,0.367085
chartqa,1792,32,105,iter105,chartqa_val_105,34,16384,4096,32,447.675,0.732,2.29,410.385,28.517,507.809,510.132,760.104,24.519,1270.236,1438.946,25.192,40.784,0.352435,0.75221,0.598396
chartqa,1792,32,106,iter106,chartqa_val_106,27,16384,4096,28,389.671,0.734,2.301,351.491,28.359,450.164,452.503,631.571,23.392,1084.074,1247.626,25.828,42.751,0.35945,0.774702,0.582591
chartqa,1792,32,107,iter107,chartqa_val_107,35,16384,4096,32,431.567,0.733,2.282,391.147,28.287,491.891,494.339,752.173,24.264,1246.512,1432.224,25.672,41.214,0.34622,0.740834,0.603422
chartqa,1792,32,108,iter108,chartqa_val_108,29,16384,4096,13,374.055,0.728,2.344,331.432,28.281,434.209,436.96,308.951,25.746,745.912,929.943,17.428,38.841,0.501473,1.083592,0.414193
chartqa,1792,32,109,iter109,chartqa_val_109,30,16384,4096,32,357.032,0.734,2.276,319.62,28.27,416.906,419.38,740.425,23.885,1159.805,1349.464,27.591,41.868,0.307838,0.6673,0.638405
chartqa,1792,32,110,iter110,chartqa_val_110,31,16384,4096,19,398.04,0.732,2.284,360.449,28.467,457.83,460.197,429.11,23.839,889.307,1055.773,21.365,41.947,0.447585,0.962401,0.482521
chartqa,1792,32,111,iter111,chartqa_val_111,32,16384,4096,32,400.021,0.733,2.258,361.797,28.346,460.055,462.488,761.044,24.55,1223.532,1396.666,26.154,40.734,0.32694,0.702945,0.622006
chartqa,1792,32,112,iter112,chartqa_val_112,30,16384,4096,14,411.81,0.73,2.329,359.746,28.34,472.812,476.239,328.827,25.294,805.066,993.113,17.39,39.534,0.511524,1.09882,0.408448
chartqa,1792,32,113,iter113,chartqa_val_113,30,16384,4096,32,417.368,0.734,2.317,375.762,28.369,478.319,480.649,739.823,23.865,1220.473,1401.785,26.219,41.902,0.341972,0.733885,0.606178
chartqa,1792,32,114,iter114,chartqa_val_114,28,16384,4096,13,402.912,0.729,2.299,365.351,28.307,463.479,466.147,287.968,23.997,754.115,933.462,17.239,41.671,0.534285,1.148884,0.381862
chartqa,1792,32,115,iter115,chartqa_val_115,31,16384,4096,32,359.838,0.734,2.297,322.435,28.294,420.194,422.735,716.775,23.122,1139.51,1316.744,28.082,43.249,0.315783,0.684533,0.62902
chartqa,1792,32,116,iter116,chartqa_val_116,30,16384,4096,7,417.858,0.731,2.303,378.37,28.307,477.715,480.034,122.021,20.337,602.055,776.527,11.627,49.172,0.694054,1.487527,0.202675
chartqa,1792,32,117,iter117,chartqa_val_117,34,16384,4096,32,398.236,0.732,2.317,358.845,28.319,458.441,461.153,802.827,25.898,1263.98,1447.602,25.317,38.614,0.315065,0.677762,0.635158
chartqa,1792,32,118,iter118,chartqa_val_118,29,16384,4096,32,511.759,0.728,2.285,474.339,28.215,571.435,573.787,789.814,25.478,1363.601,1526.662,23.467,39.25,0.3753,0.794363,0.579212
chartqa,1792,32,119,iter119,chartqa_val_119,33,16384,4096,32,395.503,0.732,2.295,355.538,28.309,455.211,457.631,723.805,23.349,1181.436,1337.318,27.086,42.829,0.334765,0.720068,0.612649
chartqa,1792,32,120,iter120,chartqa_val_120,30,16384,4096,32,360.067,0.735,2.297,321.95,28.304,420.273,422.764,710.475,22.919,1133.24,1357.883,28.238,43.633,0.317732,0.688592,0.626942
chartqa,1792,32,121,iter121,chartqa_val_121,31,16384,4096,23,398.006,0.733,2.294,361.214,28.199,458.228,461.161,529.932,24.088,991.093,1264.831,23.207,41.515,0.401583,0.863929,0.534694
chartqa,1792,32,122,iter122,chartqa_val_122,33,16384,4096,27,431.833,0.732,2.304,393.581,28.274,492.304,495.189,635.423,24.439,1130.612,1312.205,23.881,40.918,0.381946,0.817378,0.562017
chartqa,1792,32,123,iter123,chartqa_val_123,39,16384,4096,32,392.085,0.734,2.32,354.607,28.468,836.962,839.599,759.389,24.496,1598.988,1819.526,20.013,40.822,0.245208,0.768641,0.474918
chartqa,1792,32,124,iter124,chartqa_val_124,45,16384,4096,28,400.307,0.729,2.367,357.505,28.274,881.834,885.2,667.608,24.726,1552.807,1731.362,18.032,40.443,0.257796,0.825692,0.429936
chartqa,1792,32,125,iter125,chartqa_val_125,44,16384,4096,32,426.638,0.732,2.28,389.624,28.375,486.498,488.878,749.318,24.172,1238.196,1408.149,25.844,41.371,0.344565,0.737473,0.605169
chartqa,1792,32,126,iter126,chartqa_val_126,29,16384,4096,16,370.217,0.732,2.273,333.522,28.174,429.8,432.31,384.759,25.651,817.069,994.529,19.582,38.985,0.453103,0.97913,0.470902
chartqa,1792,32,127,iter127,chartqa_val_127,32,16384,4096,32,391.873,0.731,2.272,354.631,28.238,452.003,454.336,697.451,22.498,1151.787,1323.758,27.783,44.448,0.34023,0.732666,0.605538
chartqa,1792,32,128,iter128,chartqa_val_128,28,16384,4096,20,440.259,0.728,2.345,382.219,28.232,500.178,503.701,425.75,22.408,929.451,1277.748,21.518,44.627,0.473676,1.01182,0.458066
chartqa,1792,32,129,iter129,chartqa_val_129,29,16384,4096,32,457.464,0.731,2.298,410.322,28.291,517.282,519.66,772.237,24.911,1291.896,1461.347,24.77,40.143,0.354102,0.754508,0.597754
chartqa,1792,32,130,iter130,chartqa_val_130,28,16384,4096,32,365.835,0.734,2.312,327.791,28.297,426.299,428.984,756.195,24.393,1185.179,1368.535,27.0,40.995,0.308675,0.668367,0.638043
chartqa,1792,32,131,iter131,chartqa_val_131,34,16384,4096,32,388.18,0.732,2.326,349.956,28.244,448.441,450.923,744.335,24.011,1195.258,1360.413,26.772,41.648,0.324767,0.69995,0.62274
chartqa,1792,32,132,iter132,chartqa_val_132,30,16384,4096,32,430.026,0.728,2.347,378.2,28.221,490.051,493.508,792.843,25.576,1286.351,1475.515,24.877,39.1,0.334299,0.715261,0.61635
chartqa,1792,32,133,iter133,chartqa_val_133,36,16384,4096,32,393.806,0.73,2.282,356.069,28.229,453.549,455.831,780.344,25.172,1236.175,1404.991,25.886,39.726,0.318568,0.685465,0.631257
chartqa,1792,32,134,iter134,chartqa_val_134,44,16384,4096,28,406.782,0.731,2.278,369.482,28.172,467.073,469.37,693.599,25.689,1162.969,1338.298,24.076,38.927,0.349779,0.751401,0.596403
chartqa,1792,32,135,iter135,chartqa_val_135,49,16384,4096,32,423.157,0.731,2.351,371.909,28.11,482.854,486.237,709.901,22.9,1196.138,1372.418,26.753,43.668,0.353769,0.757446,0.593494
chartqa,1792,32,136,iter136,chartqa_val_136,37,16384,4096,22,356.311,0.728,2.276,319.082,28.136,416.222,418.823,477.565,22.741,896.388,1182.067,24.543,43.973,0.397497,0.86183,0.532766
chartqa,1792,32,137,iter137,chartqa_val_137,41,16384,4096,26,416.096,0.731,2.322,367.146,28.179,857.239,860.073,633.146,25.326,1493.219,1640.949,17.412,39.485,0.278657,0.852745,0.424014
chartqa,1792,32,138,iter138,chartqa_val_138,29,16384,4096,28,376.675,0.733,2.359,335.196,28.211,436.646,439.845,634.768,23.51,1074.613,1302.251,26.056,42.535,0.350521,0.75685,0.590694
chartqa,1792,32,139,iter139,chartqa_val_139,33,16384,4096,30,374.49,0.735,2.372,327.0,28.39,435.563,438.994,622.165,21.454,1061.159,1356.516,28.271,46.611,0.352906,0.763366,0.586307
chartqa,1792,32,140,iter140,chartqa_val_140,30,16384,4096,29,412.167,0.735,2.335,371.934,28.318,472.139,475.105,660.435,23.587,1135.54,1325.643,25.539,42.396,0.36297,0.778754,0.581604
chartqa,1792,32,141,iter141,chartqa_val_141,31,16384,4096,32,369.585,0.727,2.355,329.329,28.326,429.826,432.576,771.409,24.884,1203.985,1413.566,26.578,40.186,0.306968,0.663971,0.640713
chartqa,1792,32,142,iter142,chartqa_val_142,29,16384,4096,32,370.474,0.732,2.31,331.572,28.275,430.674,433.086,803.041,25.905,1236.127,1424.523,25.887,38.603,0.299706,0.648111,0.649643
chartqa,1792,32,143,iter143,chartqa_val_143,41,16384,4096,32,435.908,0.735,2.314,396.831,28.337,496.087,498.482,716.563,23.115,1215.045,1392.634,26.336,43.262,0.358759,0.767045,0.589742
chartqa,1792,32,144,iter144,chartqa_val_144,29,16384,4096,27,419.291,0.733,2.336,372.351,28.327,479.793,483.577,646.568,24.868,1130.145,1406.237,23.891,40.212,0.371007,0.795548,0.57211
chartqa,1792,32,145,iter145,chartqa_val_145,31,16384,4096,32,355.777,0.731,2.327,318.271,28.157,416.248,418.782,765.84,24.705,1184.622,1359.858,27.013,40.478,0.30033,0.651706,0.646485
chartqa,1792,32,146,iter146,chartqa_val_146,29,16384,4096,32,386.93,0.73,2.323,347.627,28.378,447.143,449.952,749.174,24.167,1199.126,1384.403,26.686,41.379,0.322677,0.695568,0.624766
chartqa,1792,32,147,iter147,chartqa_val_147,37,16384,4096,32,396.022,0.731,2.319,358.598,28.319,456.164,459.669,724.296,23.364,1183.965,1456.691,27.028,42.8,0.334488,0.719773,0.611755
chartqa,1792,32,148,iter148,chartqa_val_148,30,16384,4096,29,368.812,0.733,2.3,317.215,28.149,429.266,431.865,670.284,23.939,1102.149,1451.953,26.312,41.773,0.33463,0.724111,0.608161
chartqa,1792,32,149,iter149,chartqa_val_149,38,16384,4096,32,393.786,0.729,2.293,355.85,28.277,453.519,455.898,750.114,24.197,1206.012,1395.087,26.534,41.327,0.326519,0.702567,0.621979
chartqa,1792,32,150,iter150,chartqa_val_150,29,16384,4096,22,400.241,0.734,2.311,363.178,28.205,460.119,462.936,540.014,25.715,1002.95,1180.526,21.935,38.888,0.399063,0.857829,0.538426
chartqa,1792,32,151,iter151,chartqa_val_151,31,16384,4096,32,412.016,0.729,2.317,364.195,28.255,472.486,475.155,763.838,24.64,1238.993,1523.3,25.827,40.585,0.332541,0.713888,0.616499
chartqa,1792,32,152,iter152,chartqa_val_152,27,16384,4096,10,363.699,0.733,2.328,324.098,28.336,423.724,426.373,194.585,21.621,620.958,796.662,16.104,46.252,0.585705,1.268077,0.313362
chartqa,1792,32,153,iter153,chartqa_val_153,31,16384,4096,11,379.649,0.73,2.325,338.137,28.253,439.835,442.914,218.668,21.867,661.583,932.109,16.627,45.731,0.57385,1.238672,0.330523
chartqa,1792,32,154,iter154,chartqa_val_154,31,16384,4096,32,403.826,0.73,2.307,365.94,28.367,463.807,466.303,704.268,22.718,1170.571,1359.758,27.337,44.017,0.344982,0.741206,0.601645
chartqa,1792,32,155,iter155,chartqa_val_155,31,16384,4096,15,519.042,0.731,2.33,477.92,28.184,579.148,582.029,365.974,26.141,948.002,1138.69,15.823,38.254,0.547511,1.158426,0.386047
chartqa,1792,32,156,iter156,chartqa_val_156,28,16384,4096,32,370.928,0.733,2.309,330.805,28.259,431.016,433.615,778.303,25.107,1211.918,1392.218,26.404,39.83,0.306067,0.661715,0.642208
chartqa,1792,32,157,iter157,chartqa_val_157,30,16384,4096,32,388.091,0.734,2.28,350.652,28.196,447.802,450.515,743.904,23.997,1194.419,1379.084,26.791,41.672,0.32492,0.699831,0.622817
chartqa,1792,32,158,iter158,chartqa_val_158,30,16384,4096,32,398.454,0.73,2.287,357.347,28.214,458.107,460.695,690.231,22.266,1150.926,1309.259,27.804,44.913,0.346203,0.744236,0.599718
chartqa,1792,32,159,iter159,chartqa_val_159,30,16384,4096,17,406.469,0.73,2.306,355.267,28.748,467.465,470.932,359.289,22.456,830.221,1063.489,20.476,44.532,0.489591,1.052652,0.432763
chartqa,1792,32,160,iter160,chartqa_val_160,30,16384,4096,25,422.471,0.736,2.354,373.723,28.285,482.371,485.831,632.696,26.362,1118.527,1294.64,22.351,37.933,0.377703,0.808959,0.565651
chartqa,1792,32,161,iter161,chartqa_val_161,44,16384,4096,32,372.4,0.729,2.302,332.735,28.307,432.245,434.844,796.393,25.69,1231.237,1407.842,25.99,38.926,0.30246,0.653526,0.646823
chartqa,1792,32,162,iter162,chartqa_val_162,30,16384,4096,32,383.373,0.73,2.286,346.092,28.194,443.869,446.442,764.302,24.655,1210.744,1393.819,26.43,40.56,0.316643,0.683251,0.631266
chartqa,1792,32,163,iter163,chartqa_val_163,34,16384,4096,32,433.827,0.732,2.268,394.143,28.329,494.201,496.594,765.235,24.685,1261.829,1411.571,25.36,40.51,0.343808,0.735462,0.606449
chartqa,1792,32,164,iter164,chartqa_val_164,34,16384,4096,32,379.256,0.732,2.278,342.315,28.32,439.277,441.815,781.783,25.219,1223.598,1532.895,26.152,39.653,0.309951,0.668956,0.638921
chartqa,1792,32,165,iter165,chartqa_val_165,31,16384,4096,32,391.858,0.729,2.303,354.956,28.286,452.583,455.109,784.745,25.314,1239.854,1435.122,25.809,39.503,0.316052,0.681081,0.632934
chartqa,1792,32,166,iter166,chartqa_val_166,40,16384,4096,30,434.099,0.73,2.38,387.329,28.281,494.599,497.764,729.294,25.148,1227.058,1408.047,24.449,39.764,0.353772,0.756848,0.594344
chartqa,1792,32,167,iter167,chartqa_val_167,50,16384,4096,32,371.998,0.73,2.312,331.434,28.303,875.454,878.097,1324.025,42.71,2202.122,2489.034,14.531,23.413,0.168927,0.566477,0.60125
chartqa,1792,32,168,iter168,chartqa_val_168,33,16384,4096,11,369.033,0.729,2.303,332.149,28.269,429.4,431.863,265.006,26.501,696.869,851.905,15.785,37.735,0.529558,1.145742,0.380281
chartqa,1792,32,169,iter169,chartqa_val_169,35,16384,4096,32,375.794,0.732,2.26,338.176,28.355,435.959,438.363,831.621,26.826,1269.985,1428.969,25.197,37.277,0.295905,0.639184,0.654828
chartqa,1792,32,170,iter170,chartqa_val_170,29,16384,4096,32,394.963,0.733,2.299,355.973,28.313,454.915,457.292,796.811,25.704,1254.103,1435.595,25.516,38.905,0.314937,0.677678,0.635363
chartqa,1792,32,171,iter171,chartqa_val_171,32,16384,4096,32,402.422,0.732,2.294,364.69,28.312,462.872,465.35,730.34,23.559,1195.69,1373.55,26.763,42.446,0.336561,0.723678,0.61081
chartqa,1792,32,172,iter172,chartqa_val_172,33,16384,4096,32,391.468,0.73,2.296,353.736,28.246,451.605,454.158,720.138,23.23,1174.295,1355.613,27.25,43.047,0.333364,0.717939,0.613251
chartqa,1792,32,173,iter173,chartqa_val_173,42,16384,4096,32,433.136,0.731,2.333,393.746,28.465,925.053,927.891,774.449,24.982,1702.339,1890.426,18.798,40.028,0.254435,0.797836,0.454932
chartqa,1792,32,174,iter174,chartqa_val_174,27,16384,4096,32,392.574,0.734,2.314,353.666,28.333,453.136,455.71,699.758,22.573,1155.467,1441.596,27.694,44.301,0.339753,0.73192,0.605606
chartqa,1792,32,175,iter175,chartqa_val_175,45,16384,4096,32,393.933,0.733,2.404,352.502,28.376,454.301,458.444,797.239,25.717,1255.684,1483.262,25.484,38.884,0.31372,0.675515,0.634904
chartqa,1792,32,176,iter176,chartqa_val_176,37,16384,4096,32,355.882,0.73,2.301,318.824,28.248,415.599,417.999,733.843,23.672,1151.842,1305.351,27.782,42.243,0.308967,0.669779,0.637104
chartqa,1792,32,177,iter177,chartqa_val_177,40,16384,4096,32,395.223,0.73,2.278,355.306,28.193,455.392,457.775,719.777,23.219,1177.552,1336.635,27.175,43.069,0.335631,0.722358,0.611248
chartqa,1792,32,178,iter178,chartqa_val_178,34,16384,4096,32,355.319,0.732,2.322,317.124,28.212,415.807,418.326,737.699,23.797,1156.025,1350.491,27.681,42.023,0.307363,0.66705,0.638134
chartqa,1792,32,179,iter179,chartqa_val_179,42,16384,4096,32,440.317,0.733,2.325,402.982,28.349,501.176,503.736,695.33,22.43,1199.066,1381.309,26.687,44.583,0.367217,0.785189,0.579893
chartqa,1792,32,180,iter180,chartqa_val_180,33,16384,4096,18,432.678,0.728,2.338,395.329,28.368,493.694,496.315,380.489,22.382,876.804,1072.65,20.529,44.679,0.493471,1.056532,0.43395
chartqa,1792,32,181,iter181,chartqa_val_181,40,16384,4096,32,421.408,0.732,2.292,381.551,28.334,481.607,484.176,677.266,21.847,1161.442,1348.369,27.552,45.772,0.362831,0.777494,0.583125
chartqa,1792,32,182,iter182,chartqa_val_182,48,16384,4096,32,414.84,0.731,2.345,361.934,28.351,886.06,889.874,806.847,26.027,1696.722,1899.187,18.86,38.421,0.244495,0.766714,0.475533
chartqa,1792,32,183,iter183,chartqa_val_183,39,16384,4096,32,357.887,0.732,2.296,319.309,28.354,417.822,420.381,795.882,25.674,1216.263,1404.684,26.31,38.95,0.294252,0.637781,0.654367
chartqa,1792,32,184,iter184,chartqa_val_184,33,16384,4096,20,430.865,0.733,2.283,393.106,28.39,491.558,493.922,409.505,21.553,903.427,1065.607,22.138,46.397,0.476923,1.021026,0.453279
chartqa,1792,32,185,iter185,chartqa_val_185,42,16384,4096,2,430.372,0.734,2.309,389.329,28.389,490.582,492.93,22.002,22.002,514.931,687.464,3.884,45.451,0.835786,1.788499,0.042727
chartqa,1792,32,186,iter186,chartqa_val_186,33,16384,4096,32,368.237,0.732,2.27,331.061,28.308,428.321,430.652,769.159,24.812,1199.81,1373.062,26.671,40.304,0.306913,0.663903,0.641067
chartqa,1792,32,187,iter187,chartqa_val_187,33,16384,4096,32,408.835,0.734,2.285,371.304,28.389,468.814,471.339,767.805,24.768,1239.144,1417.292,25.824,40.375,0.329934,0.708271,0.619625
chartqa,1792,32,188,iter188,chartqa_val_188,35,16384,4096,32,400.352,0.729,2.276,361.951,28.515,460.501,462.837,802.82,25.897,1265.657,1451.975,25.283,38.614,0.31632,0.680163,0.634311
chartqa,1792,32,189,iter189,chartqa_val_189,32,16384,4096,32,429.824,0.732,2.301,392.068,28.374,489.959,492.469,734.692,23.7,1227.161,1412.937,26.076,42.195,0.350258,0.74952,0.598692
chartqa,1792,32,190,iter190,chartqa_val_190,37,16384,4096,32,401.341,0.733,2.303,363.695,28.26,461.516,464.106,768.318,24.784,1232.424,1419.358,25.965,40.348,0.325652,0.70013,0.62342
chartqa,1792,32,191,iter191,chartqa_val_191,34,16384,4096,18,432.012,0.733,2.278,386.563,28.317,492.828,495.302,396.203,23.306,891.506,1070.849,20.191,42.907,0.484587,1.037391,0.44442
chartqa,1792,32,192,iter192,chartqa_val_192,44,16384,4096,32,426.8,0.734,2.296,388.008,28.341,487.258,489.597,760.988,24.548,1250.585,1430.847,25.588,40.737,0.34128,0.730904,0.608505
chartqa,1792,32,193,iter193,chartqa_val_193,43,16384,4096,3,527.373,0.73,2.315,485.058,28.389,966.257,969.009,52.459,26.229,1021.467,1242.424,2.937,38.125,0.516289,1.46224,0.051356
chartqa,1792,32,194,iter194,chartqa_val_194,36,16384,4096,30,399.658,0.732,2.354,362.126,28.338,460.414,463.44,692.646,23.884,1156.087,1392.399,25.95,41.868,0.345699,0.743951,0.59913
chartqa,1792,32,195,iter195,chartqa_val_195,43,16384,4096,3,376.835,0.73,2.278,338.379,28.31,437.234,439.81,69.674,34.837,509.485,681.981,5.888,28.705,0.739639,1.597827,0.136755
chartqa,1792,32,196,iter196,chartqa_val_196,32,16384,4096,19,371.433,0.734,2.309,333.891,28.235,431.659,434.313,444.419,24.69,878.732,1096.877,21.622,40.502,0.422692,0.913921,0.50575
chartqa,1792,32,197,iter197,chartqa_val_197,40,16384,4096,32,454.324,0.734,2.289,415.004,28.381,514.447,517.364,826.522,26.662,1343.886,1617.362,23.812,37.507,0.338067,0.720872,0.615024
chartqa,1792,32,198,iter198,chartqa_val_198,28,16384,4096,17,393.198,0.734,2.279,355.775,28.279,454.614,457.093,357.022,22.314,814.115,963.624,20.882,44.815,0.482976,1.041391,0.43854
chartqa,1792,32,199,iter199,chartqa_val_199,34,16384,4096,32,414.607,0.732,2.272,377.29,28.405,474.985,477.405,735.343,23.721,1212.748,1388.02,26.386,42.157,0.341874,0.733535,0.606344
chartqa,1792,32,200,iter200,chartqa_val_200,35,16384,4096,32,442.831,0.734,2.294,405.113,28.372,503.061,505.584,669.33,21.591,1174.914,1378.666,27.236,46.315,0.376905,0.805073,0.569684
chartqa,1792,32,201,iter201,chartqa_val_201,35,16384,4096,32,440.481,0.732,2.315,400.473,28.331,500.371,503.075,665.862,21.479,1168.937,1321.033,27.375,46.556,0.376822,0.804878,0.569631
chartqa,1792,32,202,iter202,chartqa_val_202,30,16384,4096,9,400.678,0.728,2.304,359.322,28.323,460.616,463.026,179.861,22.483,642.886,804.374,13.999,44.479,0.623249,1.33973,0.279771
chartqa,1792,32,203,iter203,chartqa_val_203,48,16384,4096,32,359.129,0.734,2.299,320.688,28.249,419.178,421.589,700.206,22.587,1121.795,1295.028,28.526,44.273,0.320137,0.693805,0.624184
chartqa,1792,32,204,iter204,chartqa_val_204,30,16384,4096,32,372.041,0.732,2.291,334.707,28.248,432.257,434.545,726.518,23.436,1161.063,1326.91,27.561,42.669,0.320431,0.692726,0.625735
chartqa,1792,32,205,iter205,chartqa_val_205,36,16384,4096,32,378.973,0.728,2.302,339.626,28.227,438.856,441.311,758.344,24.463,1199.655,1388.185,26.674,40.879,0.315902,0.681721,0.632135
chartqa,1792,32,206,iter206,chartqa_val_206,41,16384,4096,32,369.719,0.731,2.296,332.561,28.156,429.474,431.881,762.692,24.603,1194.572,1379.348,26.788,40.646,0.309499,0.66902,0.638464
chartqa,1792,32,207,iter207,chartqa_val_207,46,16384,4096,32,357.782,0.734,2.293,320.954,28.175,418.797,421.11,715.342,23.076,1136.452,1311.278,28.158,43.336,0.314824,0.683336,0.629452
chartqa,1792,32,208,iter208,chartqa_val_208,31,16384,4096,8,369.791,0.733,2.307,332.703,28.123,429.854,432.476,154.857,22.122,587.333,777.404,13.621,45.203,0.629611,1.361485,0.263661
chartqa,1792,32,209,iter209,chartqa_val_209,39,16384,4096,8,413.683,0.728,2.313,376.237,28.206,473.36,475.74,203.812,29.116,679.552,838.502,11.772,34.345,0.608758,1.305334,0.299921
chartqa,1792,32,210,iter210,chartqa_val_210,33,16384,4096,32,366.787,0.731,2.296,329.479,28.241,427.062,429.468,790.061,25.486,1219.529,1408.121,26.24,39.237,0.300761,0.650947,0.647841
chartqa,1792,32,211,iter211,chartqa_val_211,39,16384,4096,32,398.342,0.733,2.312,360.286,28.384,458.504,461.092,733.991,23.677,1195.083,1359.761,26.776,42.235,0.333318,0.716976,0.614176
chartqa,1792,32,212,iter212,chartqa_val_212,31,16384,4096,12,423.075,0.733,2.357,384.271,28.254,482.904,486.052,272.592,24.781,758.644,966.159,15.818,40.353,0.557672,1.194209,0.359315
chartqa,1792,32,213,iter213,chartqa_val_213,43,16384,4096,32,403.139,0.729,2.288,365.659,28.298,463.167,465.437,680.837,21.962,1146.273,1310.139,27.917,45.532,0.351695,0.755758,0.593957
chartqa,1792,32,214,iter214,chartqa_val_214,30,16384,4096,13,413.048,0.73,2.348,366.596,28.232,472.908,476.361,268.619,22.385,744.98,925.916,17.45,44.673,0.554441,1.189234,0.360572
chartqa,1792,32,215,iter215,chartqa_val_215,34,16384,4096,32,372.843,0.73,2.31,335.215,28.165,432.68,435.384,780.271,25.17,1215.656,1411.605,26.323,39.73,0.306702,0.662625,0.641852
chartqa,1792,32,216,iter216,chartqa_val_216,30,16384,4096,7,398.236,0.73,2.303,360.847,28.344,458.488,460.878,128.648,21.441,589.526,777.553,11.874,46.639,0.675519,1.453243,0.218223
chartqa,1792,32,217,iter217,chartqa_val_217,43,16384,4096,32,389.97,0.729,2.3,352.451,28.294,450.369,452.689,691.735,22.314,1144.424,1329.229,27.962,44.815,0.340757,0.73429,0.604439
chartqa,1792,32,218,iter218,chartqa_val_218,31,16384,4096,7,397.564,0.732,2.285,358.77,28.245,458.179,460.465,130.983,21.83,591.448,767.777,11.835,45.808,0.672188,1.44686,0.221461
chartqa,1792,32,219,iter219,chartqa_val_219,33,16384,4096,32,396.788,0.734,2.292,359.925,28.263,456.916,459.133,764.347,24.656,1223.479,1393.955,26.155,40.557,0.324311,0.697767,0.624732
chartqa,1792,32,220,iter220,chartqa_val_220,33,16384,4096,32,366.062,0.735,2.31,325.742,28.347,426.158,429.023,734.024,23.678,1163.046,1329.959,27.514,42.233,0.314744,0.681159,0.631122
chartqa,1792,32,221,iter221,chartqa_val_221,31,16384,4096,32,376.697,0.731,2.341,338.651,28.208,436.809,439.709,737.434,23.788,1177.143,1354.035,27.184,42.038,0.32001,0.691085,0.626461
chartqa,1792,32,222,iter222,chartqa_val_222,46,16384,4096,32,376.351,0.728,2.343,338.993,28.228,436.511,439.233,775.144,25.005,1214.377,1400.382,26.351,39.993,0.309913,0.669366,0.638306
chartqa,1792,32,223,iter223,chartqa_val_223,35,16384,4096,17,388.665,0.73,2.312,348.075,28.218,449.161,451.737,359.299,22.456,811.036,998.517,20.961,44.531,0.47922,1.033032,0.443012
chartqa,1792,32,224,iter224,chartqa_val_224,32,16384,4096,10,371.27,0.731,2.273,331.074,28.156,431.908,434.196,218.936,24.326,653.132,819.572,15.311,41.108,0.568445,1.229733,0.335209
chartqa,1792,32,225,iter225,chartqa_val_225,28,16384,4096,19,368.889,0.732,2.293,331.631,28.257,428.727,431.151,431.377,23.965,862.528,1007.377,22.028,41.727,0.427684,0.924742,0.500131
chartqa,1792,32,226,iter226,chartqa_val_226,38,16384,4096,32,402.772,0.736,2.283,364.597,28.275,462.619,464.938,721.277,23.267,1186.216,1350.968,26.977,42.979,0.339544,0.72954,0.608049
chartqa,1792,32,227,iter227,chartqa_val_227,33,16384,4096,32,370.945,0.73,2.277,330.695,28.236,430.681,433.003,723.743,23.347,1156.745,1312.337,27.664,42.833,0.32068,0.693002,0.625671
chartqa,1792,32,228,iter228,chartqa_val_228,31,16384,4096,8,389.686,0.727,2.28,350.142,28.303,449.645,452.0,146.228,20.89,598.229,779.424,13.373,47.87,0.651399,1.403027,0.244436
chartqa,1792,32,229,iter229,chartqa_val_229,36,16384,4096,22,359.287,0.734,2.3,322.451,28.237,419.26,421.507,486.328,23.158,907.836,1062.784,24.233,43.181,0.395762,0.857585,0.535701
chartqa,1792,32,230,iter230,chartqa_val_230,41,16384,4096,32,500.856,0.729,2.269,463.952,28.256,561.209,563.438,722.531,23.307,1285.969,1434.65,24.884,42.905,0.389477,0.825887,0.561857
chartqa,1792,32,231,iter231,chartqa_val_231,38,16384,4096,21,446.696,0.732,2.267,406.272,28.426,507.135,509.489,445.456,22.273,954.945,1105.996,21.991,44.898,0.467771,0.998834,0.466473
chartqa,1792,32,232,iter232,chartqa_val_232,36,16384,4096,32,400.488,0.73,2.329,353.99,28.185,460.547,464.262,720.648,23.247,1184.91,1373.756,27.006,43.017,0.33799,0.726667,0.608188
chartqa,1792,32,233,iter233,chartqa_val_233,40,16384,4096,32,374.817,0.726,2.272,334.314,28.128,435.203,437.692,759.354,24.495,1197.046,1377.981,26.732,40.824,0.313119,0.676683,0.634357
chartqa,1792,32,234,iter234,chartqa_val_234,30,16384,4096,32,393.646,0.731,2.272,354.424,28.335,454.36,456.829,727.528,23.469,1184.358,1349.781,27.019,42.61,0.332371,0.716006,0.614281
chartqa,1792,32,235,iter235,chartqa_val_235,28,16384,4096,32,392.203,0.733,2.29,353.338,28.369,451.991,454.448,730.653,23.569,1185.101,1365.281,27.002,42.428,0.330945,0.712339,0.616533
chartqa,1792,32,236,iter236,chartqa_val_236,31,16384,4096,9,369.433,0.73,2.309,329.56,28.158,428.923,431.469,173.418,21.677,604.887,791.311,14.879,46.131,0.610747,1.319843,0.286695
chartqa,1792,32,237,iter237,chartqa_val_237,31,16384,4096,24,410.941,0.729,2.301,371.982,28.218,470.835,473.565,534.64,23.245,1008.206,1174.925,23.805,43.02,0.407596,0.8746,0.530289
chartqa,1792,32,238,iter238,chartqa_val_238,31,16384,4096,28,393.536,0.734,2.309,351.545,28.22,453.153,455.684,562.32,20.827,1018.004,1207.932,27.505,48.015,0.386576,0.831715,0.552375
chartqa,1792,32,239,iter239,chartqa_val_239,41,16384,4096,32,425.263,0.733,2.356,371.977,28.216,485.509,489.354,724.436,23.369,1213.79,1485.855,26.364,42.792,0.350359,0.750353,0.596838
chartqa,1792,32,240,iter240,chartqa_val_240,37,16384,4096,32,386.09,0.731,2.299,347.582,28.314,446.805,449.39,748.495,24.145,1197.885,1424.232,26.714,41.416,0.322309,0.695304,0.624847
chartqa,1792,32,241,iter241,chartqa_val_241,37,16384,4096,32,381.074,0.732,2.94,340.259,28.328,441.422,444.091,749.986,24.193,1194.077,1379.53,26.799,41.334,0.319137,0.688813,0.628088
chartqa,1792,32,242,iter242,chartqa_val_242,29,16384,4096,28,354.539,0.734,2.29,317.381,28.222,414.405,416.732,623.982,23.11,1040.713,1211.146,26.905,43.271,0.34067,0.738863,0.599571
chartqa,1792,32,243,iter243,chartqa_val_243,33,16384,4096,32,364.088,0.734,2.289,326.489,28.291,423.962,426.353,755.9,24.384,1182.253,1339.908,27.067,41.011,0.307962,0.666567,0.639373
chartqa,1792,32,244,iter244,chartqa_val_244,29,16384,4096,32,375.615,0.728,2.272,334.422,28.153,435.276,437.679,755.327,24.365,1193.006,1346.303,26.823,41.042,0.314848,0.679704,0.633129
chartqa,1792,32,245,iter245,chartqa_val_245,30,16384,4096,23,404.312,0.734,2.301,364.269,28.333,464.389,466.793,532.904,24.223,999.697,1183.287,23.007,41.283,0.404434,0.868965,0.533065
chartqa,1792,32,246,iter246,chartqa_val_246,27,16384,4096,32,432.611,0.731,2.351,381.002,28.333,493.113,495.789,751.615,24.246,1247.404,1428.822,25.653,41.245,0.346809,0.742121,0.602543
chartqa,1792,32,247,iter247,chartqa_val_247,27,16384,4096,32,407.151,0.733,2.705,355.628,28.267,467.455,470.859,699.512,22.565,1170.371,1363.655,27.342,44.317,0.347882,0.74729,0.597684
chartqa,1792,32,248,iter248,chartqa_val_248,33,16384,4096,32,366.859,0.732,2.305,326.89,28.243,427.049,429.668,678.251,21.879,1107.919,1281.423,28.883,45.706,0.331124,0.716576,0.612185
chartqa,1792,32,249,iter249,chartqa_val_249,43,16384,4096,32,438.757,0.73,2.289,376.706,28.268,499.223,501.813,742.792,23.961,1244.605,1536.34,25.711,41.734,0.352527,0.753637,0.596809
chartqa,1792,32,250,iter250,chartqa_val_250,35,16384,4096,17,373.88,0.734,2.278,333.634,28.346,434.17,436.543,382.518,23.907,819.061,978.516,20.755,41.828,0.456474,0.986557,0.467021
chartqa,1792,32,251,iter251,chartqa_val_251,44,16384,4096,32,408.704,0.733,2.334,360.678,28.272,468.892,478.306,739.077,23.841,1217.383,1393.915,26.286,41.944,0.335724,0.720888,0.607103
chartqa,1792,32,252,iter252,chartqa_val_252,30,16384,4096,8,372.558,0.731,2.298,332.555,28.287,432.934,435.422,157.81,22.544,593.232,759.304,13.485,44.357,0.628013,1.357802,0.266017
chartqa,1792,32,253,iter253,chartqa_val_253,38,16384,4096,25,395.921,0.733,2.328,357.355,28.302,456.074,458.571,574.268,23.928,1032.839,1201.215,24.205,41.792,0.383333,0.824906,0.556009
chartqa,1792,32,254,iter254,chartqa_val_254,42,16384,4096,32,406.751,0.732,2.343,358.075,28.215,467.097,470.512,791.049,25.518,1261.561,1450.77,25.365,39.188,0.322419,0.692672,0.62704
chartqa,1792,32,255,iter255,chartqa_val_255,40,16384,4096,32,367.499,0.731,2.283,328.352,28.144,427.36,429.717,717.663,23.15,1147.38,1297.296,27.89,43.196,0.320294,0.69276,0.62548
chartqa,1792,32,256,iter256,chartqa_val_256,33,16384,4096,22,369.744,0.732,2.282,332.506,28.264,429.435,431.782,505.082,24.052,936.864,1117.476,23.483,41.577,0.394661,0.853036,0.539119
chartqa,1792,32,257,iter257,chartqa_val_257,40,16384,4096,32,408.808,0.728,2.311,371.694,28.248,469.087,471.43,689.595,22.245,1161.026,1339.535,27.562,44.954,0.352109,0.756137,0.593953
chartqa,1792,32,258,iter258,chartqa_val_258,33,16384,4096,15,396.001,0.732,2.276,357.908,28.306,455.956,458.25,301.324,21.523,759.574,922.84,19.748,46.462,0.521346,1.121626,0.396701
chartqa,1792,32,259,iter259,chartqa_val_259,37,16384,4096,32,389.073,0.732,2.276,351.394,28.294,448.837,451.357,705.199,22.748,1156.556,1436.737,27.668,43.959,0.336406,0.724487,0.60974
chartqa,1792,32,260,iter260,chartqa_val_260,32,16384,4096,32,436.257,0.733,2.317,390.09,28.321,496.363,499.812,744.886,24.029,1244.698,1411.389,25.709,41.617,0.350492,0.749274,0.598447
chartqa,1792,32,261,iter261,chartqa_val_261,32,16384,4096,32,368.89,0.73,2.272,331.107,28.174,428.758,431.14,768.518,24.791,1199.658,1452.105,26.674,40.337,0.307496,0.664897,0.640614
chartqa,1792,32,262,iter262,chartqa_val_262,38,16384,4096,32,402.371,0.729,2.33,355.429,28.17,462.221,465.447,768.397,24.787,1233.844,1407.734,25.935,40.344,0.326112,0.70073,0.622767
chartqa,1792,32,263,iter263,chartqa_val_263,41,16384,4096,32,397.689,0.731,2.302,357.696,28.202,457.515,459.93,802.044,25.872,1261.974,1424.881,25.357,38.651,0.315133,0.677672,0.635547
chartqa,1792,32,264,iter264,chartqa_val_264,50,16384,4096,32,367.75,0.732,2.278,329.34,28.18,427.569,429.958,783.923,25.288,1213.88,1390.371,26.362,39.545,0.302954,0.655187,0.645799
chartqa,1792,32,265,iter265,chartqa_val_265,36,16384,4096,32,360.8,0.731,2.29,323.184,28.204,420.518,423.125,751.334,24.237,1174.459,1363.209,27.247,41.26,0.307205,0.665258,0.639728
chartqa,1792,32,266,iter266,chartqa_val_266,30,16384,4096,32,412.172,0.728,2.306,369.75,28.213,472.431,475.122,683.55,22.05,1158.672,1333.71,27.618,45.351,0.355728,0.763463,0.589943
chartqa,1792,32,267,iter267,chartqa_val_267,31,16384,4096,32,387.824,0.731,2.264,349.777,28.807,447.551,449.858,745.349,24.044,1195.207,1334.245,26.774,41.591,0.324482,0.698937,0.623615
chartqa,1792,32,268,iter268,chartqa_val_268,37,16384,4096,20,548.211,0.736,2.291,507.557,28.268,608.483,610.952,500.334,26.333,1111.286,1286.581,17.997,37.975,0.493312,1.04086,0.450229
chartqa,1792,32,269,iter269,chartqa_val_269,32,16384,4096,32,399.038,0.733,2.31,359.438,28.297,459.346,462.13,727.837,23.479,1189.966,1370.922,26.892,42.592,0.335335,0.721351,0.611645
chartqa,1792,32,270,iter270,chartqa_val_270,36,16384,4096,20,460.212,0.73,2.318,420.698,28.434,520.116,522.82,416.0,21.895,938.82,1158.914,21.303,45.673,0.490202,1.044212,0.44311
chartqa,1792,32,271,iter271,chartqa_val_271,34,16384,4096,32,414.749,0.729,2.285,374.349,28.317,475.358,477.94,741.046,23.905,1218.986,1388.431,26.251,41.833,0.340241,0.730203,0.60792
chartqa,1792,32,272,iter272,chartqa_val_272,27,16384,4096,32,419.031,0.731,2.317,380.109,28.393,479.242,481.788,667.578,21.535,1149.367,1326.678,27.841,46.436,0.364575,0.781537,0.580823
chartqa,1792,32,273,iter273,chartqa_val_273,31,16384,4096,32,401.55,0.732,2.387,359.107,28.279,461.356,465.137,730.183,23.554,1195.32,1464.41,26.771,42.455,0.335935,0.721903,0.610868
chartqa,1792,32,274,iter274,chartqa_val_274,34,16384,4096,32,444.961,0.729,2.306,393.334,28.184,504.932,507.505,718.25,23.169,1225.755,1390.777,26.106,43.16,0.363009,0.774945,0.585965
chartqa,1792,32,275,iter275,chartqa_val_275,37,16384,4096,32,409.635,0.732,2.299,371.524,28.261,469.437,471.8,817.699,26.377,1289.498,1469.266,24.816,37.911,0.31767,0.681716,0.634122
chartqa,1792,32,276,iter276,chartqa_val_276,29,16384,4096,15,408.309,0.733,2.307,371.107,28.184,468.372,471.162,317.558,22.683,788.72,949.995,19.018,44.086,0.517686,1.111524,0.402625
chartqa,1792,32,277,iter277,chartqa_val_277,36,16384,4096,29,443.664,0.735,2.296,402.377,28.469,503.769,506.324,710.656,25.381,1216.98,1469.583,23.829,39.4,0.364562,0.778512,0.58395
chartqa,1792,32,278,iter278,chartqa_val_278,29,16384,4096,14,361.463,0.73,2.322,324.334,28.258,421.175,423.629,320.336,24.641,743.965,935.117,18.818,40.582,0.48586,1.051983,0.43058
chartqa,1792,32,279,iter279,chartqa_val_279,35,16384,4096,32,410.128,0.732,2.319,369.405,28.255,470.38,474.011,785.801,25.348,1259.812,1452.264,25.401,39.45,0.325547,0.69892,0.623745
chartqa,1792,32,280,iter280,chartqa_val_280,36,16384,4096,32,410.368,0.729,2.308,372.621,28.382,470.456,473.018,669.455,21.595,1142.472,1320.903,28.009,46.306,0.359193,0.770981,0.58597
chartqa,1792,32,281,iter281,chartqa_val_281,45,16384,4096,32,371.192,0.731,2.283,325.831,28.274,431.479,433.918,709.049,22.873,1142.967,1421.321,27.997,43.721,0.324762,0.70227,0.620358
chartqa,1792,32,282,iter282,chartqa_val_282,38,16384,4096,20,366.785,0.733,2.303,327.184,28.246,426.918,429.5,491.756,25.882,921.256,1112.093,21.709,38.637,0.398136,0.861544,0.533789
chartqa,1792,32,283,iter283,chartqa_val_283,33,16384,4096,32,365.331,0.734,2.297,325.789,28.28,425.503,427.819,715.388,23.077,1143.207,1354.017,27.991,43.333,0.319567,0.691768,0.625773
chartqa,1792,32,284,iter284,chartqa_val_284,36,16384,4096,25,397.622,0.728,2.293,360.631,28.295,457.873,460.172,536.539,22.356,996.711,1161.767,25.083,44.731,0.398934,0.858318,0.538309
chartqa,1792,32,285,iter285,chartqa_val_285,33,16384,4096,17,412.839,0.734,2.3,373.819,28.528,473.097,475.42,330.62,20.664,806.039,950.739,21.091,48.394,0.512182,1.099121,0.410178
chartqa,1792,32,286,iter286,chartqa_val_286,38,16384,4096,28,441.653,0.73,2.308,402.421,28.478,501.663,504.02,613.678,22.729,1117.698,1296.848,25.051,43.997,0.395145,0.843981,0.549055
chartqa,1792,32,287,iter287,chartqa_val_287,36,16384,4096,31,376.908,0.73,2.331,339.807,28.203,436.751,439.408,795.937,26.531,1235.345,1512.046,25.094,37.691,0.305103,0.65865,0.644303
chartqa,1792,32,288,iter288,chartqa_val_288,32,16384,4096,32,357.95,0.729,2.316,320.283,28.188,418.174,420.762,780.68,25.183,1201.442,1368.977,26.635,39.709,0.297933,0.645993,0.649786
chartqa,1792,32,289,iter289,chartqa_val_289,36,16384,4096,19,405.263,0.733,2.305,368.376,28.328,465.339,468.033,450.11,25.006,918.143,1086.152,20.694,39.99,0.441395,0.94822,0.49024
chartqa,1792,32,290,iter290,chartqa_val_290,32,16384,4096,32,400.366,0.735,2.277,363.345,28.178,460.289,462.597,682.794,22.026,1145.391,1336.437,27.938,45.402,0.349545,0.751406,0.596123
chartqa,1792,32,291,iter291,chartqa_val_291,47,16384,4096,3,404.216,0.731,2.317,364.122,28.317,844.451,847.481,46.411,23.205,893.891,1104.069,3.356,43.094,0.452198,1.396889,0.05192
chartqa,1792,32,292,iter292,chartqa_val_292,37,16384,4096,29,439.322,0.733,2.304,398.869,28.467,499.126,501.507,614.858,21.959,1116.364,1282.091,25.977,45.539,0.393529,0.840628,0.550768
chartqa,1792,32,293,iter293,chartqa_val_293,47,16384,4096,32,358.588,0.732,2.367,321.439,28.226,418.481,421.872,717.795,23.155,1139.667,1377.562,28.078,43.188,0.314643,0.681838,0.629829
chartqa,1792,32,294,iter294,chartqa_val_294,28,16384,4096,12,404.807,0.734,2.3,364.777,28.365,464.853,467.246,245.904,22.355,713.149,879.041,16.827,44.733,0.567633,1.219465,0.344814
chartqa,1792,32,295,iter295,chartqa_val_295,53,16384,4096,32,371.296,0.733,2.295,331.608,28.295,880.429,882.728,2245.492,72.435,3128.22,3295.3,10.229,13.805,0.118692,0.40014,0.717818
chartqa,1792,32,296,iter296,chartqa_val_296,38,16384,4096,23,391.193,0.729,2.301,353.393,28.264,451.021,453.487,471.955,21.453,925.442,1103.46,24.853,46.615,0.422709,0.910066,0.509978
chartqa,1792,32,297,iter297,chartqa_val_297,35,16384,4096,32,401.02,0.73,2.287,360.223,28.283,460.888,463.244,765.312,24.687,1228.556,1407.39,26.047,40.506,0.326416,0.701562,0.622937
chartqa,1792,32,298,iter298,chartqa_val_298,33,16384,4096,15,350.223,0.732,2.308,312.87,28.233,410.451,413.059,373.779,26.699,786.839,975.735,19.064,37.455,0.445101,0.966746,0.475039
chartqa,1792,32,299,iter299,chartqa_val_299,38,16384,4096,32,402.538,0.731,2.3,346.583,28.245,462.324,464.741,714.599,23.052,1179.341,1354.032,27.134,43.381,0.341324,0.733344,0.605931
chartqa,1792,32,300,iter300,chartqa_val_300,35,16384,4096,24,368.414,0.735,2.321,327.642,28.28,428.268,430.922,519.427,22.584,950.348,1258.085,25.254,44.28,0.387662,0.838305,0.546565
chartqa,1792,32,301,iter301,chartqa_val_301,37,16384,4096,32,380.992,0.729,2.292,343.652,28.218,440.811,443.254,676.593,21.826,1119.847,1326.228,28.575,45.818,0.340217,0.733852,0.604183
chartqa,1792,32,302,iter302,chartqa_val_302,26,16384,4096,10,412.98,0.729,2.343,366.287,28.432,848.62,852.226,728.26,80.918,1580.486,1805.128,6.327,12.358,0.261299,0.798235,0.460782
chartqa,1792,32,303,iter303,chartqa_val_303,36,16384,4096,32,401.586,0.733,2.345,350.496,28.297,462.011,466.441,772.932,24.933,1239.372,1433.914,25.82,40.107,0.324024,0.696803,0.623648
chartqa,1792,32,304,iter304,chartqa_val_304,31,16384,4096,29,355.205,0.73,2.325,316.946,28.303,415.083,417.516,668.375,23.871,1085.891,1271.161,26.706,41.893,0.327109,0.70936,0.615508
chartqa,1792,32,305,iter305,chartqa_val_305,32,16384,4096,32,352.721,0.734,2.311,315.212,28.256,412.885,415.408,681.241,21.976,1096.649,1286.583,29.18,45.505,0.321636,0.698133,0.621202
chartqa,1792,32,306,iter306,chartqa_val_306,32,16384,4096,32,534.441,0.734,2.268,496.855,28.271,594.866,597.168,715.108,23.068,1312.276,1497.828,24.385,43.35,0.407263,0.860571,0.544937
chartqa,1792,32,307,iter307,chartqa_val_307,39,16384,4096,32,453.897,0.73,2.29,415.037,28.613,513.795,516.49,697.322,22.494,1213.812,1406.509,26.363,44.456,0.373943,0.797234,0.574489
chartqa,1792,32,308,iter308,chartqa_val_308,34,16384,4096,32,397.461,0.733,2.353,347.964,28.465,457.762,462.062,682.597,22.019,1144.659,1353.588,27.956,45.415,0.347231,0.747142,0.596333
chartqa,1792,32,309,iter309,chartqa_val_309,36,16384,4096,25,398.581,0.734,2.284,358.916,28.406,458.983,461.576,526.51,21.938,988.086,1262.309,25.301,45.583,0.403387,0.867903,0.532858
chartqa,1792,32,310,iter310,chartqa_val_310,37,16384,4096,32,415.008,0.729,2.359,367.561,28.339,475.148,478.621,774.95,24.998,1253.572,1519.14,25.527,40.003,0.331061,0.710096,0.618194
chartqa,1792,32,311,iter311,chartqa_val_311,33,16384,4096,32,393.29,0.732,2.27,353.777,28.474,453.689,456.153,731.154,23.586,1187.307,1371.483,26.952,42.399,0.331246,0.713362,0.615809
chartqa,1792,32,312,iter312,chartqa_val_312,29,16384,4096,32,408.158,0.732,2.33,358.813,28.302,468.082,471.563,797.282,25.719,1268.846,1455.979,25.22,38.882,0.321677,0.690581,0.628353
chartqa,1792,32,313,iter313,chartqa_val_313,45,16384,4096,32,375.036,0.732,2.286,335.489,28.193,435.163,437.874,786.679,25.377,1224.554,1419.667,26.132,39.406,0.306263,0.661628,0.642421
chartqa,1792,32,314,iter314,chartqa_val_314,40,16384,4096,23,393.985,0.73,2.271,354.589,28.196,453.772,456.288,541.144,24.597,997.433,1195.49,23.059,40.655,0.394999,0.849938,0.542537
chartqa,1792,32,315,iter315,chartqa_val_315,35,16384,4096,32,417.146,0.729,2.275,379.586,28.165,477.311,479.702,674.532,21.759,1154.234,1352.877,27.724,45.958,0.361405,0.774935,0.584398
chartqa,1792,32,316,iter316,chartqa_val_316,30,16384,4096,32,413.536,0.732,2.273,374.319,28.278,473.939,476.219,711.812,22.962,1188.031,1378.829,26.935,43.551,0.348085,0.747013,0.599153
chartqa,1792,32,317,iter317,chartqa_val_317,36,16384,4096,32,402.237,0.734,2.396,358.737,28.313,462.143,466.037,678.686,21.893,1144.722,1392.034,27.954,45.677,0.351384,0.755101,0.592882
chartqa,1792,32,318,iter318,chartqa_val_318,31,16384,4096,14,403.404,0.733,2.379,352.28,28.208,463.292,466.591,318.783,24.522,785.374,972.586,17.826,40.78,0.513646,1.103546,0.4059
chartqa,1792,32,319,iter319,chartqa_val_319,42,16384,4096,32,386.673,0.735,2.323,348.73,28.329,446.609,449.731,738.693,23.829,1188.424,1381.855,26.926,41.966,0.325366,0.701166,0.621573
chartqa,1792,32,320,iter320,chartqa_val_320,30,16384,4096,15,392.573,0.731,2.294,352.464,28.176,452.646,455.363,340.682,24.334,796.045,980.849,18.843,41.094,0.493155,1.061773,0.427968
chartqa,1792,32,321,iter321,chartqa_val_321,37,16384,4096,32,408.197,0.733,2.308,364.227,28.306,468.442,471.214,779.6,25.148,1250.815,1538.319,25.583,39.764,0.326345,0.700854,0.623274
chartqa,1792,32,322,iter322,chartqa_val_322,40,16384,4096,27,403.695,0.73,2.338,352.735,28.248,463.702,467.196,584.821,22.493,1052.017,1249.454,25.665,44.458,0.383735,0.824509,0.555905
chartqa,1792,32,323,iter323,chartqa_val_323,31,16384,4096,32,397.806,0.727,2.27,360.631,28.228,457.845,460.163,731.526,23.598,1191.688,1438.796,26.853,42.377,0.333817,0.718015,0.613856
chartqa,1792,32,324,iter324,chartqa_val_324,34,16384,4096,32,377.001,0.73,2.283,333.892,28.296,436.869,439.314,810.711,26.152,1250.025,1538.142,25.599,38.238,0.301595,0.651083,0.648556
chartqa,1792,32,325,iter325,chartqa_val_325,50,16384,4096,32,394.292,0.735,2.264,355.867,28.369,454.693,456.978,762.936,24.611,1219.915,1400.818,26.231,40.632,0.323213,0.695937,0.625401
chartqa,1792,32,326,iter326,chartqa_val_326,34,16384,4096,32,404.31,0.731,2.294,366.985,28.237,464.275,467.069,766.064,24.712,1233.133,1510.568,25.95,40.467,0.327872,0.704372,0.621234
chartqa,1792,32,327,iter327,chartqa_val_327,36,16384,4096,32,368.287,0.729,2.331,329.806,28.405,429.717,432.527,761.038,24.55,1193.565,1463.726,26.81,40.734,0.308561,0.668589,0.637617
chartqa,1792,32,328,iter328,chartqa_val_328,30,16384,4096,32,406.485,0.733,2.317,366.199,28.43,467.17,470.074,774.777,24.993,1244.852,1420.094,25.706,40.011,0.326533,0.701814,0.622385
chartqa,1792,32,329,iter329,chartqa_val_329,36,16384,4096,32,440.172,0.733,2.311,400.045,28.385,500.535,503.05,835.9,26.965,1338.95,1506.15,23.899,37.086,0.328744,0.70257,0.624295
chartqa,1792,32,330,iter330,chartqa_val_330,34,16384,4096,31,374.458,0.733,2.301,334.778,28.333,435.054,437.464,745.945,24.865,1183.409,1409.564,26.196,40.217,0.316423,0.684051,0.630336
chartqa,1792,32,331,iter331,chartqa_val_331,41,16384,4096,32,355.796,0.733,2.289,318.403,28.309,415.898,418.288,782.288,25.235,1200.576,1349.556,26.654,39.627,0.296354,0.642769,0.651594
chartqa,1792,32,332,iter332,chartqa_val_332,46,16384,4096,32,401.601,0.729,2.292,363.254,28.464,461.852,464.157,792.251,25.556,1256.408,1418.441,25.469,39.129,0.319642,0.68724,0.630568
chartqa,1792,32,333,iter333,chartqa_val_333,35,16384,4096,28,398.788,0.731,2.291,355.121,28.307,458.938,461.592,666.913,24.7,1128.505,1344.186,24.812,40.485,0.353377,0.760055,0.59097
chartqa,1792,32,334,iter334,chartqa_val_334,29,16384,4096,32,368.358,0.732,2.292,328.26,28.254,428.305,430.637,796.297,25.687,1226.934,1381.817,26.081,38.93,0.300226,0.649312,0.649013
chartqa,1792,32,335,iter335,chartqa_val_335,33,16384,4096,32,368.603,0.732,2.299,327.935,28.322,428.969,431.48,772.075,24.906,1203.555,1364.176,26.588,40.152,0.306261,0.66268,0.641495
chartqa,1792,32,336,iter336,chartqa_val_336,44,16384,4096,28,414.415,0.731,2.317,374.206,28.308,474.703,477.444,694.123,25.708,1171.568,1432.173,23.9,38.898,0.353727,0.758913,0.592474
chartqa,1792,32,337,iter337,chartqa_val_337,47,16384,4096,32,403.28,0.734,2.302,363.037,28.266,463.806,466.265,754.359,24.334,1220.624,1402.476,26.216,41.094,0.330388,0.710362,0.618011
chartqa,1792,32,338,iter338,chartqa_val_338,29,16384,4096,32,394.967,0.735,2.331,357.23,28.584,455.127,458.618,760.017,24.517,1218.635,1485.832,26.259,40.789,0.324106,0.697578,0.623663
chartqa,1792,32,339,iter339,chartqa_val_339,32,16384,4096,32,392.398,0.73,2.279,352.793,28.312,452.53,454.805,644.51,20.791,1099.315,1272.472,29.109,48.099,0.356947,0.768595,0.586283
chartqa,1792,32,340,iter340,chartqa_val_340,32,16384,4096,14,422.215,0.727,2.279,384.672,28.345,482.414,484.616,320.402,24.646,805.017,942.179,17.391,40.574,0.524479,1.123738,0.398006
chartqa,1792,32,341,iter341,chartqa_val_341,39,16384,4096,32,368.455,0.732,2.265,329.277,28.52,429.281,431.569,739.89,23.867,1171.459,1342.628,27.316,41.898,0.314527,0.680977,0.631597
chartqa,1792,32,342,iter342,chartqa_val_342,35,16384,4096,20,423.883,0.73,2.278,383.591,28.393,484.106,486.498,471.792,24.831,958.291,1135.162,20.87,40.272,0.442333,0.947509,0.492327
chartqa,1792,32,343,iter343,chartqa_val_343,40,16384,4096,32,571.048,0.731,2.427,519.985,28.272,631.611,639.669,798.94,25.772,1438.609,1707.9,22.244,38.801,0.396944,0.835987,0.555356
chartqa,1792,32,344,iter344,chartqa_val_344,35,16384,4096,32,352.938,0.735,2.307,315.68,28.277,412.493,415.075,795.433,25.659,1210.509,1431.645,26.435,38.972,0.291561,0.632321,0.657107
chartqa,1792,32,345,iter345,chartqa_val_345,38,16384,4096,32,357.938,0.731,2.288,319.301,28.262,417.689,420.255,742.053,23.937,1162.307,1348.485,27.531,41.776,0.307955,0.667317,0.638431
chartqa,1792,32,346,iter346,chartqa_val_346,30,16384,4096,32,375.119,0.73,2.265,337.468,28.239,434.845,437.155,732.904,23.642,1170.06,1325.386,27.349,42.297,0.320599,0.692242,0.626382
chartqa,1792,32,347,iter347,chartqa_val_347,35,16384,4096,32,360.427,0.731,2.266,321.946,28.242,420.018,422.34,731.693,23.603,1154.033,1295.675,27.729,42.368,0.31232,0.676277,0.634031
chartqa,1792,32,348,iter348,chartqa_val_348,30,16384,4096,23,387.088,0.734,2.377,337.05,28.347,446.767,450.782,535.97,24.362,986.752,1158.729,23.309,41.047,0.392285,0.84505,0.543166
chartqa,1792,32,349,iter349,chartqa_val_349,40,16384,4096,32,360.791,0.734,2.278,321.535,28.315,421.697,424.015,751.725,24.249,1175.74,1337.856,27.217,41.238,0.306863,0.665528,0.639363
chartqa,1792,32,350,iter350,chartqa_val_350,36,16384,4096,32,356.53,0.732,2.272,319.101,28.26,416.318,418.753,700.046,22.582,1118.798,1289.17,28.602,44.283,0.318673,0.690784,0.625712
chartqa,1792,32,351,iter351,chartqa_val_351,38,16384,4096,32,423.159,0.73,2.298,382.816,28.386,483.092,485.771,698.242,22.524,1184.013,1361.761,27.027,44.397,0.357394,0.765406,0.589725
chartqa,1792,32,352,iter352,chartqa_val_352,32,16384,4096,32,460.922,0.732,2.354,415.884,28.261,520.933,524.402,709.773,22.896,1234.175,1427.557,25.928,43.676,0.373466,0.795556,0.575099
chartqa,1792,32,353,iter353,chartqa_val_353,32,16384,4096,32,391.966,0.732,2.28,354.9,28.169,452.357,454.602,717.043,23.13,1171.645,1331.829,27.312,43.233,0.334544,0.72063,0.611997
chartqa,1792,32,354,iter354,chartqa_val_354,35,16384,4096,17,398.128,0.73,2.275,360.739,28.183,457.757,460.08,402.006,25.125,862.086,1006.967,19.72,39.8,0.46182,0.992807,0.466318
chartqa,1792,32,355,iter355,chartqa_val_355,33,16384,4096,32,428.494,0.733,2.278,390.624,28.357,488.586,490.96,702.588,22.664,1193.547,1359.287,26.811,44.123,0.359008,0.768364,0.588655
chartqa,1792,32,356,iter356,chartqa_val_356,40,16384,4096,28,394.124,0.734,2.309,351.959,28.302,454.548,456.868,675.598,25.022,1132.466,1304.831,24.725,39.965,0.348023,0.749401,0.596572
chartqa,1792,32,357,iter357,chartqa_val_357,53,16384,4096,32,394.597,0.733,2.291,357.347,28.283,454.82,457.278,711.596,22.955,1168.873,1341.417,27.377,43.564,0.337588,0.726697,0.608787
chartqa,1792,32,358,iter358,chartqa_val_358,30,16384,4096,32,382.603,0.73,2.33,338.887,28.292,443.567,446.902,736.997,23.774,1183.899,1395.781,27.029,42.063,0.323172,0.697838,0.622517
chartqa,1792,32,359,iter359,chartqa_val_359,32,16384,4096,32,420.721,0.732,2.32,383.461,28.425,481.649,484.27,747.94,24.127,1232.211,1394.074,25.97,41.447,0.341436,0.732318,0.606991
chartqa,1792,32,360,iter360,chartqa_val_360,30,16384,4096,10,452.783,0.736,2.278,413.941,28.394,513.277,515.581,199.923,22.214,715.504,899.15,13.976,45.017,0.632817,1.350181,0.279415
chartqa,1792,32,361,iter361,chartqa_val_361,31,16384,4096,32,366.711,0.733,2.275,328.076,28.204,426.891,429.134,725.506,23.403,1154.64,1328.819,27.714,42.729,0.317598,0.687316,0.62834
chartqa,1792,32,362,iter362,chartqa_val_362,28,16384,4096,32,385.249,0.735,2.311,346.0,28.326,445.537,448.004,732.972,23.644,1180.976,1332.235,27.096,42.294,0.326213,0.703474,0.620649
chartqa,1792,32,363,iter363,chartqa_val_363,32,16384,4096,32,393.084,0.733,2.277,354.423,28.31,453.423,455.666,775.926,25.03,1231.591,1401.733,25.983,39.952,0.319168,0.687328,0.630019
chartqa,1792,32,364,iter364,chartqa_val_364,29,16384,4096,31,358.048,0.729,2.271,320.685,28.283,418.159,420.481,762.558,25.419,1183.039,1358.717,26.204,39.341,0.302652,0.656113,0.644576
chartqa,1792,32,365,iter365,chartqa_val_365,33,16384,4096,32,393.332,0.728,2.297,356.042,28.364,453.772,456.077,704.147,22.714,1160.224,1324.033,27.581,44.025,0.339014,0.730121,0.606906
chartqa,1792,32,366,iter366,chartqa_val_366,28,16384,4096,28,415.378,0.735,2.329,373.953,28.323,475.408,478.412,604.998,22.407,1083.41,1368.428,25.844,44.628,0.383399,0.822206,0.55842
chartqa,1792,32,367,iter367,chartqa_val_367,31,16384,4096,32,403.436,0.736,2.289,365.236,28.306,463.475,465.968,761.563,24.567,1227.531,1488.694,26.069,40.706,0.328657,0.706224,0.620402
chartqa,1792,32,368,iter368,chartqa_val_368,30,16384,4096,25,391.581,0.733,2.294,353.885,28.305,451.705,454.346,599.367,24.974,1053.713,1196.471,23.726,40.042,0.37162,0.800299,0.568815
chartqa,1792,32,369,iter369,chartqa_val_369,34,16384,4096,32,401.114,0.733,2.282,359.539,28.333,462.076,464.537,682.162,22.005,1146.699,1310.705,27.906,45.444,0.349799,0.752761,0.594892
chartqa,1792,32,370,iter370,chartqa_val_370,30,16384,4096,19,357.306,0.733,2.268,317.75,28.247,417.012,419.252,438.388,24.355,857.64,1001.521,22.154,41.06,0.416616,0.902848,0.511156
chartqa,1792,32,371,iter371,chartqa_val_371,30,16384,4096,32,386.953,0.734,2.271,349.78,28.253,447.165,449.633,738.179,23.812,1187.812,1394.616,26.94,41.995,0.32577,0.702231,0.621461
chartqa,1792,32,372,iter372,chartqa_val_372,28,16384,4096,7,391.719,0.734,2.291,352.223,28.364,452.112,454.82,150.546,25.091,605.366,771.532,11.563,39.855,0.647079,1.39392,0.248685
chartqa,1792,32,373,iter373,chartqa_val_373,31,16384,4096,18,395.411,0.734,2.293,358.053,28.331,455.289,457.62,365.203,21.483,822.823,967.346,21.876,46.55,0.480554,1.03388,0.443841
chartqa,1792,32,374,iter374,chartqa_val_374,29,16384,4096,13,402.656,0.734,2.334,362.797,28.358,462.851,465.583,307.563,25.63,773.146,947.819,16.814,39.016,0.520802,1.119462,0.397807
chartqa,1792,32,375,iter375,chartqa_val_375,31,16384,4096,32,355.632,0.729,2.302,316.81,28.225,415.757,418.38,745.27,24.041,1163.651,1336.748,27.5,41.596,0.305617,0.662904,0.640459
chartqa,1792,32,376,iter376,chartqa_val_376,30,16384,4096,17,359.667,0.734,2.266,322.467,28.25,419.469,421.741,432.394,27.025,854.135,1010.909,19.903,37.003,0.42109,0.912193,0.506236
chartqa,1792,32,377,iter377,chartqa_val_377,36,16384,4096,32,387.989,0.733,2.27,351.085,28.275,447.729,449.979,728.589,23.503,1178.568,1335.137,27.152,42.548,0.329204,0.709096,0.618198
chartqa,1792,32,378,iter378,chartqa_val_378,29,16384,4096,31,414.98,0.731,2.265,378.087,28.311,475.684,477.889,759.472,25.316,1237.36,1404.498,25.053,39.501,0.335375,0.719809,0.613784
chartqa,1792,32,379,iter379,chartqa_val_379,32,16384,4096,16,409.445,0.728,2.283,369.638,28.338,470.043,472.358,339.104,22.607,811.462,972.024,19.717,44.234,0.504577,1.083832,0.417892
chartqa,1792,32,380,iter380,chartqa_val_380,31,16384,4096,17,415.086,0.731,2.327,373.473,28.349,475.493,479.748,386.851,24.178,866.598,1042.501,19.617,41.36,0.478983,1.027673,0.446401
chartqa,1792,32,381,iter381,chartqa_val_381,41,16384,4096,32,511.716,0.735,2.306,472.716,28.342,571.935,574.568,725.743,23.411,1300.311,1477.243,24.609,42.715,0.393534,0.833378,0.558131
chartqa,1792,32,382,iter382,chartqa_val_382,26,16384,4096,12,394.358,0.731,2.319,355.354,28.323,454.45,457.346,234.868,21.352,692.213,876.13,17.336,46.835,0.569706,1.226222,0.3393
chartqa,1792,32,383,iter383,chartqa_val_383,34,16384,4096,32,445.056,0.734,2.28,404.442,28.405,505.382,507.878,751.531,24.243,1259.41,1433.241,25.409,41.249,0.353384,0.754669,0.596733
chartqa,1792,32,384,iter384,chartqa_val_384,29,16384,4096,11,368.123,0.736,2.291,328.412,28.24,427.92,430.491,257.893,25.789,688.384,846.177,15.979,38.776,0.534764,1.156394,0.374636
chartqa,1792,32,385,iter385,chartqa_val_385,39,16384,4096,32,407.061,0.732,2.325,360.18,28.158,466.663,470.162,740.075,23.873,1210.237,1393.439,26.441,41.888,0.336349,0.721945,0.611512
chartqa,1792,32,386,iter386,chartqa_val_386,33,16384,4096,13,355.735,0.733,2.282,316.276,28.219,415.442,417.973,332.186,27.682,750.159,927.848,17.33,36.124,0.474213,1.028018,0.442821
chartqa,1792,32,387,iter387,chartqa_val_387,33,16384,4096,27,369.319,0.732,2.294,331.945,28.264,429.045,431.793,625.052,24.04,1056.845,1202.818,25.548,41.597,0.349454,0.755422,0.591432
chartqa,1792,32,388,iter388,chartqa_val_388,30,16384,4096,31,366.997,0.733,2.278,329.837,28.24,427.175,429.694,706.407,23.547,1136.101,1309.913,27.286,42.468,0.323032,0.699033,0.621782
chartqa,1792,32,389,iter389,chartqa_val_389,33,16384,4096,32,366.384,0.733,2.266,329.305,28.247,426.065,428.423,731.902,23.61,1160.325,1310.964,27.578,42.355,0.31576,0.682955,0.630773
chartqa,1792,32,390,iter390,chartqa_val_390,28,16384,4096,28,367.709,0.736,2.291,329.742,28.313,427.69,430.182,644.42,23.867,1074.602,1245.649,26.056,41.898,0.342182,0.740181,0.599682
chartqa,1792,32,391,iter391,chartqa_val_391,29,16384,4096,15,355.603,0.731,2.289,317.594,28.247,415.71,417.985,341.23,24.374,759.215,924.105,19.757,41.028,0.468383,1.015936,0.449452
chartqa,1792,32,392,iter392,chartqa_val_392,31,16384,4096,3,376.959,0.732,2.293,338.083,28.385,437.417,439.855,48.559,24.279,488.414,654.028,6.142,41.187,0.771803,1.66739,0.099421
chartqa,1792,32,393,iter393,chartqa_val_393,35,16384,4096,32,407.725,0.733,2.317,369.998,28.344,468.225,471.279,696.878,22.48,1168.157,1452.047,27.394,44.484,0.349032,0.749856,0.596562
chartqa,1792,32,394,iter394,chartqa_val_394,32,16384,4096,30,428.053,0.729,2.326,386.633,28.414,488.368,491.158,652.276,22.492,1143.433,1321.039,26.237,44.46,0.374357,0.801464,0.570454
chartqa,1792,32,395,iter395,chartqa_val_395,39,16384,4096,32,402.258,0.733,2.294,363.702,28.297,462.496,465.074,749.405,24.174,1214.478,1383.173,26.349,41.366,0.331219,0.712038,0.617059
chartqa,1792,32,396,iter396,chartqa_val_396,34,16384,4096,29,371.177,0.728,2.301,333.522,28.262,431.414,434.091,660.553,23.591,1094.644,1288.568,26.493,42.389,0.339084,0.733198,0.603441
chartqa,1792,32,397,iter397,chartqa_val_397,37,16384,4096,19,363.73,0.734,2.333,322.834,28.295,423.673,426.343,437.747,24.319,864.09,1085.597,21.988,41.12,0.42094,0.911252,0.506598
chartqa,1792,32,398,iter398,chartqa_val_398,29,16384,4096,22,408.557,0.733,2.299,367.962,28.278,468.596,471.362,588.607,28.029,1059.969,1289.216,20.755,35.677,0.385442,0.827526,0.555306
chartqa,1792,32,399,iter399,chartqa_val_399,30,16384,4096,32,402.961,0.734,2.313,364.771,28.381,463.991,466.678,749.152,24.166,1215.83,1401.148,26.319,41.38,0.331429,0.713054,0.616165
chartqa,1792,32,400,iter400,chartqa_val_400,30,16384,4096,32,393.373,0.733,2.322,355.546,28.305,453.785,456.316,760.099,24.519,1216.414,1382.41,26.307,40.784,0.323387,0.696438,0.624868
chartqa,1792,32,401,iter401,chartqa_val_401,35,16384,4096,32,386.121,0.732,2.293,346.846,28.34,446.524,448.954,690.804,22.284,1139.758,1321.122,28.076,44.875,0.338775,0.730545,0.606097
chartqa,1792,32,402,iter402,chartqa_val_402,28,16384,4096,13,463.672,0.731,2.28,426.639,28.547,524.3,526.808,273.575,22.798,800.383,961.343,16.242,43.864,0.579312,1.234374,0.341805
chartqa,1792,32,403,iter403,chartqa_val_403,36,16384,4096,32,371.37,0.735,2.311,333.643,28.34,431.956,434.504,782.125,25.23,1216.63,1382.677,26.302,39.636,0.305245,0.660289,0.642862
chartqa,1792,32,404,iter404,chartqa_val_404,43,16384,4096,31,446.15,0.733,2.292,408.784,28.342,506.169,508.658,733.389,24.446,1242.047,1430.275,24.959,40.906,0.359205,0.766734,0.590468
chartqa,1792,32,405,iter405,chartqa_val_405,50,16384,4096,32,406.05,0.731,2.328,357.703,28.23,465.92,469.808,769.068,24.809,1238.876,1458.403,25.83,40.309,0.327757,0.70384,0.620779
chartqa,1792,32,406,iter406,chartqa_val_406,28,16384,4096,19,352.558,0.726,2.288,314.037,28.141,412.204,414.683,443.789,24.655,858.472,1049.822,22.132,40.56,0.410681,0.890841,0.516952
chartqa,1792,32,407,iter407,chartqa_val_407,35,16384,4096,32,382.479,0.729,2.313,341.016,28.373,443.567,446.033,807.873,26.06,1253.906,1442.805,25.52,38.372,0.30503,0.658778,0.644285
chartqa,1792,32,408,iter408,chartqa_val_408,36,16384,4096,31,433.172,0.732,2.352,394.978,28.42,493.681,496.289,722.902,24.097,1219.191,1395.311,25.427,41.499,0.355295,0.76022,0.592936
chartqa,1792,32,409,iter409,chartqa_val_409,41,16384,4096,32,387.41,0.734,2.281,348.023,28.396,447.367,449.758,696.978,22.483,1146.737,1390.612,27.905,44.478,0.337837,0.727959,0.607793
chartqa,1792,32,410,iter410,chartqa_val_410,36,16384,4096,26,413.04,0.732,2.361,364.486,28.23,473.356,477.011,556.999,22.28,1034.01,1226.951,25.145,44.883,0.399455,0.857241,0.538679
chartqa,1792,32,411,iter411,chartqa_val_411,33,16384,4096,32,362.005,0.733,2.275,325.271,28.293,422.456,424.672,749.343,24.172,1174.015,1362.977,27.257,41.37,0.308348,0.668186,0.638274
chartqa,1792,32,412,iter412,chartqa_val_412,30,16384,4096,8,393.559,0.733,2.278,354.559,28.258,453.701,456.132,148.125,21.161,604.257,891.896,13.239,47.257,0.651311,1.402152,0.245135
chartqa,1792,32,413,iter413,chartqa_val_413,33,16384,4096,32,424.935,0.733,2.339,376.208,28.326,485.295,488.847,702.481,22.661,1191.328,1387.126,26.861,44.129,0.35669,0.764046,0.589662
chartqa,1792,32,414,iter414,chartqa_val_414,36,16384,4096,23,394.659,0.73,2.32,353.58,28.254,454.568,457.639,506.206,23.009,963.846,1249.018,23.863,43.461,0.409463,0.881082,0.525194
chartqa,1792,32,415,iter415,chartqa_val_415,38,16384,4096,32,394.255,0.73,2.307,356.821,28.308,454.719,457.438,752.27,24.267,1209.708,1416.958,26.453,41.209,0.325909,0.701801,0.621861
chartqa,1792,32,416,iter416,chartqa_val_416,34,16384,4096,25,398.942,0.732,2.325,343.338,28.31,459.063,462.557,546.843,22.785,1009.4,1305.248,24.767,43.888,0.395227,0.850015,0.54175
chartqa,1792,32,417,iter417,chartqa_val_417,40,16384,4096,32,392.305,0.733,2.273,354.64,28.315,452.357,454.614,743.433,23.982,1198.047,1355.907,26.71,41.698,0.327454,0.705032,0.620537
chartqa,1792,32,418,iter418,chartqa_val_418,31,16384,4096,32,505.38,0.729,2.269,468.382,28.305,565.524,567.805,668.846,21.576,1236.651,1406.628,25.876,46.348,0.408668,0.865971,0.540853
chartqa,1792,32,419,iter419,chartqa_val_419,38,16384,4096,32,391.303,0.733,2.278,354.212,28.282,451.633,454.032,717.791,23.155,1171.822,1313.517,27.308,43.188,0.333927,0.719338,0.612542
chartqa,1792,32,420,iter420,chartqa_val_420,28,16384,4096,32,408.365,0.733,2.295,369.301,28.35,468.381,470.968,806.478,26.015,1277.447,1471.668,25.05,38.439,0.319673,0.686327,0.631321
chartqa,1792,32,421,iter421,chartqa_val_421,33,16384,4096,32,368.662,0.732,2.325,328.451,28.302,429.013,431.668,749.529,24.178,1181.197,1362.86,27.091,41.359,0.312109,0.675311,0.63455
chartqa,1792,32,422,iter422,chartqa_val_422,30,16384,4096,32,395.755,0.727,2.299,358.524,28.31,455.804,458.349,721.814,23.284,1180.164,1364.877,27.115,42.947,0.335339,0.72156,0.611622
chartqa,1792,32,423,iter423,chartqa_val_423,31,16384,4096,32,452.47,0.733,2.311,406.81,28.32,512.648,516.438,765.074,24.68,1281.513,1444.007,24.97,40.519,0.353075,0.753108,0.597009
chartqa,1792,32,424,iter424,chartqa_val_424,30,16384,4096,15,399.797,0.733,2.277,361.995,28.329,460.111,462.588,347.083,24.792,809.671,1002.317,18.526,40.336,0.493777,1.062046,0.428672
chartqa,1792,32,425,iter425,chartqa_val_425,39,16384,4096,32,367.638,0.732,2.281,330.366,28.233,427.463,429.934,819.54,26.437,1249.475,1408.404,25.611,37.826,0.294234,0.636348,0.655908
chartqa,1792,32,426,iter426,chartqa_val_426,27,16384,4096,32,360.726,0.732,2.289,323.692,28.314,420.441,422.927,722.563,23.308,1145.49,1312.236,27.936,42.903,0.31491,0.681951,0.630789
chartqa,1792,32,427,iter427,chartqa_val_427,29,16384,4096,32,404.53,0.73,2.335,360.584,28.383,464.694,467.664,672.595,21.697,1140.259,1419.479,28.064,46.09,0.354771,0.762304,0.589862
chartqa,1792,32,428,iter428,chartqa_val_428,33,16384,4096,29,389.688,0.732,2.422,342.544,28.253,449.869,453.934,658.477,23.517,1112.411,1643.145,26.07,42.522,0.350309,0.754718,0.591937
chartqa,1792,32,429,iter429,chartqa_val_429,37,16384,4096,32,382.257,0.732,2.329,341.668,28.283,442.369,445.054,747.145,24.101,1192.199,1473.281,26.841,41.491,0.320632,0.691685,0.626695
chartqa,1792,32,430,iter430,chartqa_val_430,30,16384,4096,11,389.581,0.729,2.314,351.765,28.207,449.855,452.524,251.417,25.142,703.941,883.246,15.626,39.775,0.553429,1.192481,0.357156
chartqa,1792,32,431,iter431,chartqa_val_431,37,16384,4096,20,419.471,0.729,2.348,380.187,28.411,479.769,482.504,529.57,27.872,1012.074,1195.927,19.761,35.878,0.414467,0.888512,0.523253
chartqa,1792,32,432,iter432,chartqa_val_432,30,16384,4096,13,406.145,0.733,2.316,367.563,28.308,466.515,469.184,300.662,25.055,769.846,954.011,16.886,39.912,0.527567,1.133552,0.390548
chartqa,1792,32,433,iter433,chartqa_val_433,31,16384,4096,32,371.237,0.731,2.283,334.323,28.314,431.268,433.625,776.782,25.057,1210.406,1380.738,26.437,39.908,0.306704,0.663004,0.641753
chartqa,1792,32,434,iter434,chartqa_val_434,32,16384,4096,23,405.884,0.73,2.331,364.212,28.344,466.699,469.311,488.084,22.186,957.395,1125.102,24.024,45.074,0.423946,0.911414,0.509804
chartqa,1792,32,435,iter435,chartqa_val_435,31,16384,4096,18,419.62,0.729,2.302,379.211,28.389,480.285,482.742,409.211,24.071,891.953,1183.996,20.18,41.543,0.47045,1.008915,0.458781
chartqa,1792,32,436,iter436,chartqa_val_436,30,16384,4096,8,439.823,0.732,2.321,402.715,28.362,500.642,503.509,158.217,22.602,661.725,848.082,12.09,44.243,0.664661,1.421231,0.239097
chartqa,1792,32,437,iter437,chartqa_val_437,33,16384,4096,2,417.374,0.73,2.361,380.138,28.306,477.306,479.77,36.936,36.936,516.706,672.321,3.871,27.074,0.807759,1.731506,0.071484
chartqa,1792,32,438,iter438,chartqa_val_438,32,16384,4096,20,380.864,0.731,2.331,342.987,28.257,440.993,443.767,498.514,26.238,942.282,1150.394,21.225,38.113,0.404193,0.872199,0.52905
chartqa,1792,32,439,iter439,chartqa_val_439,35,16384,4096,18,367.084,0.726,2.297,329.975,28.174,426.958,429.429,410.893,24.17,840.322,1054.021,21.42,41.373,0.436837,0.944926,0.48897
chartqa,1792,32,440,iter440,chartqa_val_440,33,16384,4096,15,388.175,0.732,2.324,338.258,28.193,447.874,451.43,345.202,24.657,796.632,1033.098,18.829,40.556,0.48727,1.049479,0.433326
chartqa,1792,32,441,iter441,chartqa_val_441,35,16384,4096,32,388.843,0.732,2.291,341.235,28.262,449.28,452.157,729.968,23.547,1182.126,1551.5,27.07,42.468,0.328936,0.708997,0.617505
chartqa,1792,32,442,iter442,chartqa_val_442,29,16384,4096,15,373.094,0.729,2.305,333.226,28.253,433.254,435.8,398.608,28.472,834.408,1128.597,17.977,35.122,0.447136,0.966372,0.477713
chartqa,1792,32,443,iter443,chartqa_val_443,32,16384,4096,30,394.324,0.73,2.266,355.555,28.276,454.37,456.682,751.514,25.914,1208.197,1373.244,24.83,38.589,0.326374,0.702447,0.622013
chartqa,1792,32,444,iter444,chartqa_val_444,33,16384,4096,32,405.181,0.732,2.33,367.582,28.429,465.361,467.983,818.364,26.399,1286.347,1528.515,24.877,37.88,0.314985,0.676755,0.636192
chartqa,1792,32,445,iter445,chartqa_val_445,36,16384,4096,32,387.004,0.729,2.329,342.657,28.238,447.584,451.137,737.305,23.784,1188.442,1355.378,26.926,42.045,0.32564,0.702254,0.620396
chartqa,1792,32,446,iter446,chartqa_val_446,33,16384,4096,25,389.823,0.732,2.308,352.114,28.358,450.869,453.677,621.971,25.915,1075.648,1238.766,23.242,38.587,0.362407,0.781567,0.578229
chartqa,1792,32,447,iter447,chartqa_val_447,38,16384,4096,32,441.811,0.731,2.308,404.772,28.265,502.003,504.439,792.253,25.557,1296.693,1474.134,24.678,39.129,0.340722,0.727863,0.61098
chartqa,1792,32,448,iter448,chartqa_val_448,31,16384,4096,7,360.517,0.73,2.29,322.88,28.295,420.587,423.066,144.613,24.102,567.679,739.561,12.331,41.49,0.635072,1.375961,0.254744
chartqa,1792,32,449,iter449,chartqa_val_449,32,16384,4096,19,355.433,0.731,2.269,318.017,28.256,415.672,418.01,416.521,23.14,834.531,1050.582,22.767,43.215,0.425908,0.923998,0.499108
chartqa,1792,32,450,iter450,chartqa_val_450,35,16384,4096,32,438.961,0.73,2.283,397.125,28.339,499.167,501.447,652.511,21.049,1153.958,1327.735,27.731,47.509,0.380396,0.812965,0.565455
chartqa,1792,32,451,iter451,chartqa_val_451,36,16384,4096,20,452.856,0.732,2.289,414.485,28.714,513.07,515.242,395.006,20.79,910.248,1063.841,21.972,48.101,0.497508,1.061168,0.433954
chartqa,1792,32,452,iter452,chartqa_val_452,29,16384,4096,7,460.433,0.735,2.261,422.133,28.407,521.232,523.471,139.081,23.18,662.552,826.652,10.565,43.14,0.694939,1.481642,0.209917
chartqa,1792,32,453,iter453,chartqa_val_453,32,16384,4096,32,367.375,0.734,2.329,330.407,28.286,427.311,429.713,773.197,24.942,1202.91,1362.672,26.602,40.093,0.305406,0.660637,0.642772
chartqa,1792,32,454,iter454,chartqa_val_454,45,16384,4096,32,398.229,0.732,2.315,359.139,28.281,458.434,460.899,752.349,24.269,1213.248,1395.626,26.375,41.204,0.328234,0.706091,0.620112
chartqa,1792,32,455,iter455,chartqa_val_455,31,16384,4096,23,357.184,0.73,2.269,319.748,28.293,417.095,419.662,549.11,24.96,968.772,1148.158,23.741,40.065,0.368698,0.799237,0.56681
chartqa,1792,32,456,iter456,chartqa_val_456,30,16384,4096,9,498.733,0.73,2.268,461.231,28.467,558.84,561.12,205.863,25.733,766.983,938.986,11.734,38.861,0.650253,1.378874,0.268407
chartqa,1792,32,457,iter457,chartqa_val_457,34,16384,4096,32,375.459,0.733,2.318,335.716,28.152,435.871,438.964,739.794,23.864,1178.758,1358.066,27.147,41.904,0.318521,0.688292,0.627605
chartqa,1792,32,458,iter458,chartqa_val_458,30,16384,4096,8,420.585,0.733,2.352,379.105,28.341,480.437,484.14,153.54,21.934,637.68,914.077,12.545,45.591,0.659555,1.412968,0.240779
chartqa,1792,32,459,iter459,chartqa_val_459,35,16384,4096,32,428.158,0.728,2.314,391.176,28.283,488.401,491.109,727.812,23.478,1218.921,1376.237,26.253,42.593,0.35126,0.751943,0.597095
chartqa,1792,32,460,iter460,chartqa_val_460,30,16384,4096,11,363.176,0.734,2.31,325.38,28.249,422.972,425.682,214.809,21.481,640.492,903.352,17.174,46.553,0.567026,1.227412,0.335382
chartqa,1792,32,461,iter461,chartqa_val_461,31,16384,4096,32,398.018,0.731,2.299,358.11,28.357,458.12,460.752,694.968,22.418,1155.72,1363.169,27.688,44.606,0.34439,0.740783,0.601329
chartqa,1792,32,462,iter462,chartqa_val_462,29,16384,4096,8,373.859,0.734,2.342,334.732,28.303,434.225,438.004,177.954,25.422,615.958,898.99,12.988,39.336,0.606956,1.311915,0.288905
chartqa,1792,32,463,iter463,chartqa_val_463,33,16384,4096,32,375.974,0.733,2.379,335.983,28.291,436.17,440.055,755.353,24.366,1195.409,1408.677,26.769,41.04,0.314515,0.679386,0.631879
chartqa,1792,32,464,iter464,chartqa_val_464,33,16384,4096,20,370.185,0.729,2.296,330.688,28.151,429.833,432.502,408.795,21.516,841.297,1012.335,23.773,46.478,0.440017,0.950934,0.48591
chartqa,1792,32,465,iter465,chartqa_val_465,37,16384,4096,32,439.955,0.73,2.312,400.124,28.376,500.021,502.376,747.355,24.108,1249.731,1415.86,25.606,41.48,0.35204,0.752142,0.598013
chartqa,1792,32,466,iter466,chartqa_val_466,31,16384,4096,32,403.231,0.734,2.31,362.367,28.294,463.656,466.074,660.497,21.306,1126.571,1286.439,28.405,46.934,0.357927,0.769491,0.58629
chartqa,1792,32,467,iter467,chartqa_val_467,46,16384,4096,32,395.227,0.732,2.323,357.252,28.29,455.541,458.269,703.849,22.705,1162.119,1336.464,27.536,44.044,0.340092,0.732084,0.60566
chartqa,1792,32,468,iter468,chartqa_val_468,27,16384,4096,21,377.363,0.728,2.373,319.252,28.233,437.036,441.001,412.873,20.644,853.874,1110.137,24.594,48.441,0.441942,0.95377,0.483529
chartqa,1792,32,469,iter469,chartqa_val_469,48,16384,4096,32,401.909,0.731,2.29,360.094,28.195,462.331,464.696,726.908,23.449,1191.604,1363.382,26.855,42.646,0.337284,0.725275,0.610025
chartqa,1792,32,470,iter470,chartqa_val_470,30,16384,4096,32,375.375,0.732,2.298,337.911,28.359,436.249,438.883,667.597,21.535,1106.48,1326.679,28.921,46.435,0.339251,0.733519,0.603352
chartqa,1792,32,471,iter471,chartqa_val_471,34,16384,4096,32,367.258,0.729,2.314,325.726,28.284,427.134,430.451,737.464,23.789,1167.915,1420.645,27.399,42.036,0.314456,0.680179,0.631436
chartqa,1792,32,472,iter472,chartqa_val_472,37,16384,4096,29,365.183,0.731,2.318,326.177,28.304,425.054,427.544,645.199,23.043,1072.743,1244.172,27.034,43.397,0.34042,0.73665,0.601448
chartqa,1792,32,473,iter473,chartqa_val_473,40,16384,4096,32,398.452,0.734,2.287,356.394,28.288,458.711,461.108,669.307,21.591,1130.415,1305.022,28.308,46.317,0.352483,0.758273,0.59209
chartqa,1792,32,474,iter474,chartqa_val_474,36,16384,4096,20,373.933,0.728,2.38,333.592,28.29,434.059,437.515,429.981,22.631,867.496,1069.123,23.055,44.188,0.431048,0.931406,0.495658
chartqa,1792,32,475,iter475,chartqa_val_475,32,16384,4096,32,368.716,0.732,2.309,321.468,28.204,428.952,431.694,692.654,22.344,1124.348,1406.014,28.461,44.755,0.327938,0.709449,0.61605
chartqa,1792,32,476,iter476,chartqa_val_476,44,16384,4096,26,370.082,0.735,2.333,333.136,28.307,430.089,432.821,588.43,23.537,1021.252,1263.882,25.459,42.486,0.362381,0.78352,0.576185
chartqa,1792,32,477,iter477,chartqa_val_477,39,16384,4096,32,372.134,0.733,2.291,334.429,28.216,432.093,434.592,689.836,22.253,1124.428,1440.688,28.459,44.938,0.330954,0.715233,0.6135
chartqa,1792,32,478,iter478,chartqa_val_478,26,16384,4096,12,374.631,0.735,2.325,336.432,28.275,434.366,436.719,289.495,26.318,726.215,894.844,16.524,37.997,0.515869,1.113992,0.398636
chartqa,1792,32,479,iter479,chartqa_val_479,33,16384,4096,32,358.909,0.732,2.299,321.474,28.267,418.735,421.229,698.456,22.531,1119.685,1276.149,28.579,44.384,0.320544,0.694521,0.623797
chartqa,1792,32,480,iter480,chartqa_val_480,28,16384,4096,32,429.34,0.73,2.298,391.582,28.319,489.251,491.595,648.499,20.919,1140.094,1312.722,28.068,47.803,0.376583,0.805714,0.568812
chartqa,1792,32,481,iter481,chartqa_val_481,35,16384,4096,23,401.748,0.732,2.275,360.997,28.532,461.612,463.956,479.009,21.773,942.964,1116.905,24.391,45.928,0.426048,0.91558,0.507982
chartqa,1792,32,482,iter482,chartqa_val_482,35,16384,4096,30,372.581,0.733,2.278,333.244,28.324,432.377,434.856,723.924,24.963,1158.78,1359.027,25.889,40.059,0.321528,0.69466,0.62473
chartqa,1792,32,483,iter483,chartqa_val_483,32,16384,4096,32,360.627,0.731,2.278,323.367,28.248,420.962,423.304,665.042,21.453,1088.346,1260.094,29.402,46.614,0.331353,0.718143,0.611057
chartqa,1792,32,484,iter484,chartqa_val_484,37,16384,4096,32,373.169,0.733,2.263,335.669,28.272,433.102,435.476,749.281,24.17,1184.756,1360.72,27.01,41.373,0.314975,0.680537,0.632435
chartqa,1792,32,485,iter485,chartqa_val_485,29,16384,4096,12,380.567,0.734,2.31,343.214,28.393,441.047,443.516,241.723,21.975,685.239,867.049,17.512,45.507,0.555378,1.199017,0.352757
chartqa,1792,32,486,iter486,chartqa_val_486,44,16384,4096,26,402.824,0.733,2.316,364.659,28.295,463.692,466.957,607.371,24.295,1074.328,1267.898,24.201,41.161,0.374954,0.806566,0.565349
chartqa,1792,32,487,iter487,chartqa_val_487,34,16384,4096,32,450.913,0.734,2.358,402.381,28.87,512.013,515.477,775.126,25.004,1290.604,1496.036,24.795,39.993,0.349381,0.746105,0.600592
chartqa,1792,32,488,iter488,chartqa_val_488,27,16384,4096,23,425.402,0.732,2.319,387.399,28.522,486.481,489.159,597.827,27.174,1086.985,1294.621,21.159,36.8,0.39136,0.838911,0.549986
chartqa,1792,32,489,iter489,chartqa_val_489,30,16384,4096,32,412.146,0.733,2.335,372.272,28.378,472.456,475.205,834.048,26.905,1309.253,1535.15,24.441,37.168,0.314795,0.675654,0.637041
chartqa,1792,32,490,iter490,chartqa_val_490,29,16384,4096,14,420.408,0.729,2.338,381.977,28.507,480.748,483.328,318.554,24.504,801.882,1008.667,17.459,40.809,0.524277,1.123801,0.397258
chartqa,1792,32,491,iter491,chartqa_val_491,34,16384,4096,32,445.883,0.732,2.314,393.993,28.374,506.47,518.016,759.697,24.506,1277.713,1618.983,25.045,40.806,0.348969,0.745357,0.594576
chartqa,1792,32,492,iter492,chartqa_val_492,32,16384,4096,32,393.681,0.73,2.278,353.074,28.366,453.848,456.256,735.341,23.721,1191.597,1403.074,26.855,42.157,0.330381,0.711254,0.617105
chartqa,1792,32,493,iter493,chartqa_val_493,30,16384,4096,32,563.789,0.732,2.334,518.242,28.381,623.793,627.21,773.272,24.944,1400.481,1789.698,22.849,40.089,0.402568,0.847982,0.552147
chartqa,1792,32,494,iter494,chartqa_val_494,48,16384,4096,30,369.539,0.735,2.313,331.125,28.207,429.812,433.25,760.067,26.209,1193.317,1476.128,25.14,38.155,0.309674,0.669856,0.636936
chartqa,1792,32,495,iter495,chartqa_val_495,54,16384,4096,32,403.281,0.734,2.282,365.751,28.248,855.227,857.916,1234.464,39.821,2092.38,2281.973,15.294,25.112,0.192738,0.601472,0.589981
chartqa,1792,32,496,iter496,chartqa_val_496,31,16384,4096,27,414.223,0.735,2.297,372.644,28.332,474.92,477.513,607.066,23.349,1084.579,1279.228,24.894,42.829,0.381921,0.819805,0.559725
chartqa,1792,32,497,iter497,chartqa_val_497,34,16384,4096,32,372.816,0.735,2.292,335.365,28.247,432.841,435.516,708.941,22.869,1144.458,1328.025,27.961,43.727,0.325758,0.703965,0.619456
chartqa,1792,32,498,iter498,chartqa_val_498,31,16384,4096,32,422.089,0.732,2.281,383.756,28.38,482.24,484.732,765.496,24.693,1250.228,1454.171,25.595,40.497,0.33761,0.723332,0.612285
chartqa,1792,32,499,iter499,chartqa_val_499,44,16384,4096,32,397.869,0.733,2.323,357.691,28.287,458.005,461.356,698.302,22.526,1159.657,1348.747,27.594,44.393,0.343092,0.738041,0.602162
chartqa,1792,64,0,iter000,chartqa_val_0,36,16384,4096,17,362.646,0.734,2.314,325.33,28.258,422.736,425.66,432.899,27.056,858.559,1096.677,19.801,36.96,0.422389,0.914768,0.504216
chartqa,1792,64,1,iter001,chartqa_val_1,34,16384,4096,64,344.771,0.733,2.29,305.289,28.269,405.007,407.696,1433.842,22.759,1841.538,2069.408,34.754,43.938,0.187219,0.407148,0.778611
chartqa,1792,64,2,iter002,chartqa_val_2,28,16384,4096,64,426.816,0.737,2.336,387.447,28.402,866.318,869.264,4641.219,73.67,5510.482,5710.46,11.614,13.574,0.077455,0.234668,0.842253
chartqa,1792,64,3,iter003,chartqa_val_3,30,16384,4096,53,360.193,0.735,2.354,319.267,28.281,781.385,784.195,1241.417,23.873,2025.612,2206.489,26.165,41.888,0.177819,0.563572,0.61286
chartqa,1792,64,4,iter004,chartqa_val_4,46,16384,4096,31,384.535,0.734,2.295,345.66,28.398,879.162,881.676,665.006,22.167,1546.682,1724.692,20.043,45.112,0.248619,0.817037,0.429956
chartqa,1792,64,5,iter005,chartqa_val_5,33,16384,4096,17,571.342,0.733,2.362,531.051,28.345,1039.599,1043.329,348.727,21.795,1392.056,1688.96,12.212,45.881,0.41043,1.157238,0.250512
chartqa,1792,64,6,iter006,chartqa_val_6,35,16384,4096,21,427.132,0.734,2.281,389.483,28.303,918.571,921.254,456.019,22.801,1377.273,1522.397,15.248,43.858,0.310129,0.977078,0.331103
chartqa,1792,64,7,iter007,chartqa_val_7,33,16384,4096,28,389.291,0.731,2.312,352.137,28.295,449.079,451.516,643.992,23.852,1095.508,1283.59,25.559,41.926,0.355352,0.765279,0.587848
chartqa,1792,64,8,iter008,chartqa_val_8,32,16384,4096,32,386.481,0.735,2.309,349.468,28.284,832.448,834.827,724.145,23.36,1558.972,1707.173,20.526,42.809,0.247908,0.78188,0.464502
chartqa,1792,64,9,iter009,chartqa_val_9,36,16384,4096,64,366.126,0.734,2.345,328.753,28.406,426.238,428.99,2590.61,41.121,3019.6,3179.049,21.195,24.319,0.12125,0.262407,0.857932
chartqa,1792,64,10,iter010,chartqa_val_10,44,16384,4096,64,391.9,0.734,2.313,353.531,28.378,861.066,864.008,5628.308,89.338,6492.315,6702.605,9.858,11.193,0.060364,0.192992,0.866918
chartqa,1792,64,11,iter011,chartqa_val_11,49,16384,4096,64,345.924,0.735,2.288,308.708,28.231,801.97,804.655,4015.405,63.737,4820.06,4999.44,13.278,15.69,0.071768,0.238149,0.833061
chartqa,1792,64,12,iter012,chartqa_val_12,30,16384,4096,24,398.56,0.736,2.327,360.68,28.391,459.079,461.837,534.179,23.225,996.015,1146.129,24.096,43.057,0.400154,0.86107,0.536316
chartqa,1792,64,13,iter013,chartqa_val_13,34,16384,4096,64,424.73,0.735,2.311,385.059,28.452,484.919,487.578,1491.664,23.677,1979.242,2163.005,32.336,42.235,0.214592,0.459595,0.753654
chartqa,1792,64,14,iter014,chartqa_val_14,30,16384,4096,34,349.074,0.731,2.289,312.127,28.246,409.049,411.399,781.783,23.69,1193.182,1387.698,28.495,42.211,0.292557,0.635379,0.655209
chartqa,1792,64,15,iter015,chartqa_val_15,35,16384,4096,64,354.805,0.733,2.268,314.687,28.254,415.085,417.37,1529.425,24.277,1946.795,2108.026,32.875,41.192,0.182251,0.395466,0.785612
chartqa,1792,64,16,iter016,chartqa_val_16,30,16384,4096,33,352.858,0.729,2.296,314.527,28.28,413.115,415.607,762.482,23.828,1178.089,1339.171,28.011,41.968,0.299518,0.650183,0.647219
chartqa,1792,64,17,iter017,chartqa_val_17,40,16384,4096,64,392.778,0.735,2.275,356.004,28.334,915.484,917.842,1415.59,22.47,2333.432,2503.538,27.427,44.504,0.168326,0.56066,0.606656
chartqa,1792,64,18,iter018,chartqa_val_18,31,16384,4096,14,371.034,0.734,2.313,334.192,28.332,853.571,856.385,300.515,23.117,1156.9,1340.034,12.101,43.259,0.320714,1.058523,0.259759
chartqa,1792,64,19,iter019,chartqa_val_19,34,16384,4096,49,398.065,0.735,2.297,357.779,28.322,458.524,461.068,1104.707,23.015,1565.775,1847.626,31.294,43.45,0.254229,0.54707,0.705534
chartqa,1792,64,20,iter020,chartqa_val_20,36,16384,4096,18,417.1,0.731,2.276,379.376,28.379,477.949,480.261,381.669,22.451,861.93,1037.755,20.883,44.541,0.483914,1.038424,0.442807
chartqa,1792,64,21,iter021,chartqa_val_21,38,16384,4096,64,397.43,0.734,2.297,360.057,28.342,870.466,872.899,1491.569,23.676,2364.468,2530.854,27.067,42.237,0.168084,0.536229,0.630826
chartqa,1792,64,22,iter022,chartqa_val_22,31,16384,4096,40,423.665,0.729,2.318,383.984,28.882,484.327,486.85,898.628,23.042,1385.478,1583.218,28.871,43.4,0.305789,0.655363,0.648605
chartqa,1792,64,23,iter023,chartqa_val_23,35,16384,4096,64,416.31,0.734,2.301,374.085,28.324,477.018,479.619,1465.288,23.259,1944.907,2348.001,32.906,42.995,0.214051,0.459317,0.753398
chartqa,1792,64,24,iter024,chartqa_val_24,31,16384,4096,26,392.739,0.734,2.295,355.856,28.337,453.018,455.527,565.364,22.615,1020.891,1203.778,25.468,44.219,0.384702,0.82845,0.553795
chartqa,1792,64,25,iter025,chartqa_val_25,33,16384,4096,37,383.758,0.735,2.32,340.834,29.032,444.765,447.103,853.964,23.721,1301.068,1470.109,28.438,42.156,0.294957,0.636802,0.656357
chartqa,1792,64,26,iter026,chartqa_val_26,33,16384,4096,33,384.936,0.734,2.342,332.887,28.339,445.012,447.871,825.046,25.783,1272.917,1738.851,25.925,38.786,0.302405,0.652005,0.648154
chartqa,1792,64,27,iter027,chartqa_val_27,33,16384,4096,64,361.114,0.733,2.275,322.837,28.265,420.993,423.333,1474.46,23.404,1897.793,2064.051,33.723,42.728,0.190281,0.412114,0.776934
chartqa,1792,64,28,iter028,chartqa_val_28,29,16384,4096,28,361.046,0.736,2.29,321.611,28.281,847.487,850.187,608.526,22.538,1458.713,1632.658,19.195,44.37,0.24751,0.828493,0.417166
chartqa,1792,64,29,iter029,chartqa_val_29,32,16384,4096,64,387.632,0.732,2.322,347.633,28.298,447.975,451.404,1386.654,22.01,1838.058,2020.795,34.819,45.433,0.210892,0.454614,0.754412
chartqa,1792,64,30,iter030,chartqa_val_30,33,16384,4096,43,427.177,0.734,2.313,389.479,28.326,487.728,490.483,891.916,21.236,1382.399,1542.794,31.105,47.09,0.309011,0.661824,0.645194
chartqa,1792,64,31,iter031,chartqa_val_31,31,16384,4096,43,361.811,0.73,2.318,322.06,28.292,422.353,425.047,881.018,20.977,1306.064,1460.773,32.923,47.672,0.277024,0.600402,0.674559
chartqa,1792,64,32,iter032,chartqa_val_32,27,16384,4096,30,374.49,0.731,2.274,332.034,28.27,812.447,814.873,1264.252,43.595,2079.125,2374.11,14.429,22.938,0.180119,0.570883,0.608069
chartqa,1792,64,33,iter033,chartqa_val_33,31,16384,4096,39,372.046,0.733,2.3,334.519,28.268,431.926,434.538,879.527,23.145,1314.065,1576.595,29.679,43.205,0.283126,0.611821,0.669318
chartqa,1792,64,34,iter034,chartqa_val_34,34,16384,4096,17,365.496,0.733,2.303,328.058,28.302,425.621,428.146,398.309,24.894,826.455,981.691,20.57,40.17,0.442245,0.957242,0.481949
chartqa,1792,64,35,iter035,chartqa_val_35,35,16384,4096,64,369.759,0.732,2.292,329.928,28.295,430.012,432.443,1546.451,24.547,1978.895,2130.976,32.341,40.738,0.186851,0.40415,0.781472
chartqa,1792,64,36,iter036,chartqa_val_36,28,16384,4096,36,361.479,0.737,2.309,323.674,28.272,421.391,424.022,794.03,22.687,1218.052,1389.94,29.555,44.079,0.296768,0.642723,0.651885
chartqa,1792,64,37,iter037,chartqa_val_37,32,16384,4096,64,393.717,0.733,2.268,356.261,28.383,454.222,456.604,1395.306,22.148,1851.909,2006.358,34.559,45.151,0.212601,0.457873,0.753442
chartqa,1792,64,38,iter038,chartqa_val_38,28,16384,4096,39,387.421,0.731,2.31,345.323,28.322,447.453,450.448,819.357,21.562,1269.806,1519.71,30.713,46.378,0.305103,0.657482,0.645262
chartqa,1792,64,39,iter039,chartqa_val_39,34,16384,4096,64,404.125,0.73,2.275,360.576,28.399,464.47,466.758,1514.123,24.034,1980.881,2126.353,32.309,41.608,0.204013,0.43849,0.764369
chartqa,1792,64,40,iter040,chartqa_val_40,33,16384,4096,36,371.171,0.732,2.294,333.563,28.353,431.621,434.301,874.277,24.979,1308.577,1479.448,27.511,40.033,0.283645,0.613485,0.668112
chartqa,1792,64,41,iter041,chartqa_val_41,34,16384,4096,26,409.97,0.735,2.292,363.509,28.262,470.09,472.419,593.62,23.745,1066.039,1243.466,24.389,42.114,0.384573,0.825542,0.556846
chartqa,1792,64,42,iter042,chartqa_val_42,30,16384,4096,9,362.801,0.733,2.302,324.278,28.241,422.823,425.148,173.034,21.629,598.182,756.47,15.046,46.234,0.606506,1.313353,0.289266
chartqa,1792,64,43,iter043,chartqa_val_43,31,16384,4096,64,527.013,0.732,2.292,489.988,28.344,587.206,589.526,1535.211,24.368,2124.737,2275.619,30.121,41.037,0.248037,0.524403,0.722542
chartqa,1792,64,44,iter044,chartqa_val_44,29,16384,4096,14,390.748,0.731,2.344,353.509,28.328,451.197,453.85,309.99,23.845,763.84,947.159,18.328,41.937,0.511558,1.102253,0.405831
chartqa,1792,64,45,iter045,chartqa_val_45,33,16384,4096,64,363.578,0.733,2.287,326.908,28.251,423.78,426.207,1521.489,24.151,1947.696,2110.652,32.859,41.407,0.186671,0.404251,0.781174
chartqa,1792,64,46,iter046,chartqa_val_46,38,16384,4096,32,404.243,0.731,2.424,356.884,28.272,464.403,468.301,703.969,22.709,1172.27,1336.671,27.297,44.036,0.344838,0.740995,0.600518
chartqa,1792,64,47,iter047,chartqa_val_47,30,16384,4096,64,358.87,0.736,2.285,322.256,28.256,419.097,421.591,1353.924,21.491,1775.516,1942.768,36.046,46.531,0.202122,0.438164,0.762553
chartqa,1792,64,48,iter048,chartqa_val_48,29,16384,4096,64,420.299,0.735,2.322,382.575,28.536,481.344,484.481,1536.712,24.392,2021.193,2298.661,31.664,40.997,0.207946,0.446094,0.760299
chartqa,1792,64,49,iter049,chartqa_val_49,33,16384,4096,62,368.374,0.735,2.295,328.668,28.299,428.321,430.934,1407.735,23.078,1838.668,2129.658,33.72,43.332,0.200348,0.4333,0.765627
chartqa,1792,64,50,iter050,chartqa_val_50,30,16384,4096,45,384.308,0.736,2.28,347.275,28.331,444.392,446.936,1052.964,23.931,1499.9,1733.68,30.002,41.787,0.256222,0.552503,0.702023
chartqa,1792,64,51,iter051,chartqa_val_51,30,16384,4096,64,367.945,0.731,2.285,330.857,28.324,428.378,430.737,1511.653,23.994,1942.389,2103.899,32.949,41.676,0.189429,0.409971,0.778244
chartqa,1792,64,52,iter052,chartqa_val_52,30,16384,4096,9,393.717,0.734,2.302,356.726,28.308,454.384,456.949,217.997,27.25,674.946,859.496,13.334,36.698,0.583331,1.256546,0.322984
chartqa,1792,64,53,iter053,chartqa_val_53,33,16384,4096,56,371.579,0.734,2.291,333.87,28.44,432.131,434.6,1334.906,24.271,1769.506,1939.428,31.647,41.201,0.20999,0.4542,0.754395
chartqa,1792,64,54,iter054,chartqa_val_54,29,16384,4096,52,398.274,0.732,2.273,360.632,28.265,458.088,460.394,1129.351,22.144,1589.746,1747.52,32.71,45.159,0.250527,0.538679,0.710398
chartqa,1792,64,55,iter055,chartqa_val_55,33,16384,4096,64,388.738,0.736,2.281,348.48,28.249,448.934,451.272,1430.787,22.711,1882.059,2045.448,34.005,44.032,0.206549,0.445083,0.760224
chartqa,1792,64,56,iter056,chartqa_val_56,32,16384,4096,50,353.235,0.736,2.267,315.911,28.339,413.515,415.685,1286.909,26.263,1702.594,1855.781,29.367,38.076,0.207469,0.450342,0.755852
chartqa,1792,64,57,iter057,chartqa_val_57,36,16384,4096,21,363.847,0.731,2.29,326.878,28.314,424.606,426.951,526.369,26.318,953.321,1116.172,22.028,37.996,0.381662,0.82706,0.552143
chartqa,1792,64,58,iter058,chartqa_val_58,29,16384,4096,29,363.685,0.737,2.297,326.839,28.303,424.024,426.364,720.65,25.738,1147.015,1314.236,25.283,38.854,0.317071,0.686747,0.628283
chartqa,1792,64,59,iter059,chartqa_val_59,35,16384,4096,64,403.979,0.734,2.261,363.458,28.435,464.111,466.348,1451.246,23.036,1917.594,2091.712,33.375,43.411,0.21067,0.452698,0.756806
chartqa,1792,64,60,iter060,chartqa_val_60,29,16384,4096,29,386.522,0.738,2.278,347.092,28.357,446.894,449.288,660.014,23.572,1109.303,1275.514,26.143,42.423,0.348437,0.751297,0.594981
chartqa,1792,64,61,iter061,chartqa_val_61,35,16384,4096,64,395.818,0.731,2.271,357.192,28.426,456.37,458.689,1563.2,24.813,2021.889,2173.918,31.654,40.302,0.195766,0.421481,0.773138
chartqa,1792,64,62,iter062,chartqa_val_62,30,16384,4096,23,383.476,0.733,2.284,343.591,28.252,443.512,445.992,474.85,21.584,920.841,1087.712,24.977,46.33,0.416441,0.89808,0.515669
chartqa,1792,64,63,iter063,chartqa_val_63,34,16384,4096,33,393.133,0.733,2.295,355.501,28.35,453.341,456.012,750.796,23.462,1206.807,1375.896,27.345,42.621,0.325763,0.701417,0.622134
chartqa,1792,64,64,iter064,chartqa_val_64,33,16384,4096,16,395.103,0.733,2.327,355.092,28.39,455.606,458.38,334.324,22.288,792.704,1059.692,20.184,44.867,0.498424,1.073173,0.421752
chartqa,1792,64,65,iter065,chartqa_val_65,35,16384,4096,64,406.186,0.733,2.315,364.892,28.347,466.485,470.157,1406.933,22.332,1877.09,2293.398,34.095,44.778,0.216392,0.464907,0.749529
chartqa,1792,64,66,iter066,chartqa_val_66,29,16384,4096,30,412.192,0.735,2.319,360.303,28.281,472.187,474.72,637.105,21.969,1111.825,1386.515,26.983,45.518,0.370735,0.795431,0.573026
chartqa,1792,64,67,iter067,chartqa_val_67,31,16384,4096,64,415.682,0.734,2.325,376.611,28.441,476.137,479.368,1476.744,23.44,1956.112,2129.629,32.718,42.661,0.212504,0.455914,0.754938
chartqa,1792,64,68,iter068,chartqa_val_68,28,16384,4096,10,389.43,0.733,2.316,351.161,28.433,449.703,452.165,215.401,23.933,667.565,831.072,14.98,41.783,0.583359,1.257005,0.322666
chartqa,1792,64,69,iter069,chartqa_val_69,31,16384,4096,64,358.858,0.73,2.279,318.913,28.337,418.889,421.172,1482.048,23.525,1903.22,2096.299,33.627,42.509,0.188553,0.408648,0.778706
chartqa,1792,64,70,iter070,chartqa_val_70,34,16384,4096,64,393.568,0.734,2.268,351.086,28.339,453.959,456.258,1455.415,23.102,1911.673,2082.091,33.479,43.287,0.205876,0.443343,0.761331
chartqa,1792,64,71,iter071,chartqa_val_71,37,16384,4096,64,378.283,0.736,2.325,332.407,28.262,903.374,906.174,1551.975,24.635,2458.15,2728.757,26.036,40.593,0.153889,0.521391,0.631359
chartqa,1792,64,72,iter072,chartqa_val_72,31,16384,4096,17,389.874,0.732,2.312,352.998,28.304,450.356,452.816,430.51,26.907,883.325,1050.25,19.245,37.165,0.441371,0.951212,0.487374
chartqa,1792,64,73,iter073,chartqa_val_73,32,16384,4096,64,352.133,0.733,2.304,313.041,28.302,412.485,414.899,1433.386,22.752,1848.285,2024.714,34.627,43.952,0.190519,0.413691,0.775522
chartqa,1792,64,74,iter074,chartqa_val_74,28,16384,4096,18,365.113,0.737,2.31,324.523,28.29,425.26,427.727,392.819,23.107,820.546,1108.007,21.937,43.277,0.444964,0.963229,0.478728
chartqa,1792,64,75,iter075,chartqa_val_75,31,16384,4096,64,424.122,0.735,2.275,385.143,28.43,484.584,486.851,1619.371,25.704,2106.223,2292.06,30.386,38.904,0.201366,0.431439,0.768851
chartqa,1792,64,76,iter076,chartqa_val_76,29,16384,4096,14,401.338,0.734,2.31,363.641,28.327,461.458,464.086,333.861,25.682,797.947,969.491,17.545,38.938,0.502963,1.081269,0.4184
chartqa,1792,64,77,iter077,chartqa_val_77,30,16384,4096,64,359.865,0.735,2.326,321.99,28.363,420.574,423.124,1447.007,22.968,1870.13,2041.215,34.222,43.538,0.192428,0.417318,0.773746
chartqa,1792,64,78,iter078,chartqa_val_78,30,16384,4096,26,358.855,0.736,2.33,318.865,28.349,419.678,422.693,570.442,22.818,993.135,1173.662,26.18,43.826,0.361336,0.783915,0.574385
chartqa,1792,64,79,iter079,chartqa_val_79,36,16384,4096,26,424.186,0.733,2.274,386.537,28.528,484.422,486.719,594.904,23.796,1081.623,1247.405,24.038,42.024,0.392175,0.840041,0.550011
chartqa,1792,64,80,iter080,chartqa_val_80,35,16384,4096,21,553.892,0.732,2.283,503.354,28.327,614.047,616.539,465.518,23.276,1082.057,1384.558,19.407,42.963,0.511888,1.07937,0.430216
chartqa,1792,64,81,iter081,chartqa_val_81,33,16384,4096,64,394.923,0.736,2.338,340.199,28.339,455.054,461.571,1412.848,22.426,1874.419,2204.117,34.144,44.591,0.210691,0.453462,0.753753
chartqa,1792,64,82,iter082,chartqa_val_82,29,16384,4096,14,389.227,0.733,2.27,350.355,28.49,449.213,451.605,351.236,27.018,802.841,956.037,17.438,37.012,0.484813,1.044342,0.437491
chartqa,1792,64,83,iter083,chartqa_val_83,31,16384,4096,64,406.113,0.734,2.301,368.525,28.36,466.45,469.373,1501.597,23.835,1970.97,2146.932,32.471,41.955,0.206047,0.442707,0.761857
chartqa,1792,64,84,iter084,chartqa_val_84,30,16384,4096,24,415.47,0.735,2.354,367.624,28.578,475.9,479.034,616.181,26.79,1095.214,1278.391,21.914,37.327,0.37935,0.813877,0.562612
chartqa,1792,64,85,iter085,chartqa_val_85,34,16384,4096,64,395.434,0.731,2.285,358.198,28.37,456.22,458.742,1505.406,23.895,1964.148,2147.386,32.584,41.849,0.201326,0.4336,0.766442
chartqa,1792,64,86,iter086,chartqa_val_86,38,16384,4096,23,382.156,0.733,2.302,344.706,28.443,442.628,445.473,547.061,24.866,992.534,1167.87,23.173,40.215,0.385031,0.830989,0.551176
chartqa,1792,64,87,iter087,chartqa_val_87,38,16384,4096,39,390.329,0.734,2.32,340.879,28.292,450.56,454.646,916.948,24.13,1371.594,1541.633,28.434,41.442,0.284581,0.613074,0.668527
chartqa,1792,64,88,iter088,chartqa_val_88,29,16384,4096,55,432.806,0.735,2.302,393.319,28.44,492.9,495.411,1265.861,23.442,1761.273,1922.368,31.227,42.659,0.245735,0.525589,0.71872
chartqa,1792,64,89,iter089,chartqa_val_89,46,16384,4096,64,362.041,0.734,2.301,325.065,28.309,422.24,424.765,1553.406,24.657,1978.171,2162.345,32.353,40.556,0.183018,0.396468,0.785274
chartqa,1792,64,90,iter090,chartqa_val_90,27,16384,4096,45,397.184,0.736,2.302,359.104,28.252,457.403,459.76,1074.33,24.417,1534.09,1717.072,29.333,40.956,0.258905,0.557064,0.700304
chartqa,1792,64,91,iter091,chartqa_val_91,30,16384,4096,63,382.508,0.732,2.328,330.703,28.336,442.858,448.879,1563.038,25.21,2011.917,2319.822,31.313,39.666,0.190121,0.410238,0.77689
chartqa,1792,64,92,iter092,chartqa_val_92,30,16384,4096,14,394.484,0.729,2.278,355.745,28.318,454.34,456.723,328.163,25.243,784.885,961.394,17.837,39.614,0.502601,1.081462,0.418103
chartqa,1792,64,93,iter093,chartqa_val_93,31,16384,4096,44,361.504,0.735,2.286,322.846,28.25,421.417,423.812,1031.368,23.985,1455.18,1616.871,30.237,41.692,0.248426,0.538024,0.708757
chartqa,1792,64,94,iter094,chartqa_val_94,30,16384,4096,61,371.428,0.731,2.297,331.685,28.3,432.445,434.957,1449.345,24.156,1884.302,2059.217,32.373,41.398,0.197117,0.426616,0.769168
chartqa,1792,64,95,iter095,chartqa_val_95,34,16384,4096,64,367.686,0.736,2.296,327.139,28.258,427.676,430.211,1515.168,24.05,1945.379,2125.91,32.898,41.58,0.189005,0.408847,0.778855
chartqa,1792,64,96,iter096,chartqa_val_96,32,16384,4096,34,391.72,0.733,2.278,351.718,28.471,451.957,454.337,750.694,22.748,1205.031,1395.098,28.215,43.959,0.32507,0.700128,0.622967
chartqa,1792,64,97,iter097,chartqa_val_97,35,16384,4096,64,366.908,0.736,2.328,329.162,28.275,427.027,430.284,1427.032,22.651,1857.316,2156.18,34.458,44.148,0.197547,0.427463,0.76833
chartqa,1792,64,98,iter098,chartqa_val_98,30,16384,4096,64,410.433,0.734,2.364,362.293,28.314,470.867,474.286,1433.819,22.759,1908.105,2271.741,33.541,43.939,0.2151,0.461872,0.751436
chartqa,1792,64,99,iter099,chartqa_val_99,34,16384,4096,64,427.784,0.73,2.281,386.398,28.436,487.956,490.342,1352.056,21.461,1842.398,2006.418,34.737,46.596,0.232189,0.497037,0.733857
chartqa,1792,64,100,iter100,chartqa_val_100,29,16384,4096,55,383.122,0.734,2.297,344.574,28.416,443.403,446.186,1192.341,22.08,1638.527,1864.461,33.567,45.289,0.233821,0.504432,0.727691
chartqa,1792,64,101,iter101,chartqa_val_101,49,16384,4096,64,399.662,0.733,2.365,356.613,28.284,459.967,463.721,1439.377,22.847,1903.098,2126.583,33.629,43.769,0.210006,0.4517,0.756334
chartqa,1792,64,102,iter102,chartqa_val_102,28,16384,4096,10,399.198,0.736,2.303,354.179,28.451,459.831,462.837,191.857,21.317,654.694,912.099,15.274,46.91,0.609747,1.312108,0.293048
chartqa,1792,64,103,iter103,chartqa_val_103,31,16384,4096,64,388.884,0.733,2.28,352.049,28.389,449.489,451.76,1355.128,21.51,1806.887,1962.297,35.42,46.49,0.215223,0.463987,0.749979
chartqa,1792,64,104,iter104,chartqa_val_104,30,16384,4096,11,394.185,0.735,2.272,356.024,28.315,454.533,456.835,261.394,26.139,718.229,888.181,15.315,38.256,0.54883,1.181682,0.363943
chartqa,1792,64,105,iter105,chartqa_val_105,34,16384,4096,64,362.25,0.734,2.315,324.853,28.291,422.382,425.016,1453.245,23.067,1878.261,2051.045,34.074,43.351,0.192865,0.417744,0.773718
chartqa,1792,64,106,iter106,chartqa_val_106,27,16384,4096,28,395.112,0.734,2.358,348.999,28.309,455.579,459.11,626.657,23.21,1085.768,1304.726,25.788,43.086,0.363901,0.783492,0.577156
chartqa,1792,64,107,iter107,chartqa_val_107,35,16384,4096,64,391.073,0.733,2.343,341.901,28.252,451.589,454.506,1493.34,23.704,1947.846,2137.078,32.857,42.187,0.200772,0.432612,0.766662
chartqa,1792,64,108,iter108,chartqa_val_108,29,16384,4096,13,389.814,0.734,2.293,352.343,28.331,449.938,452.433,262.482,21.874,714.915,963.332,18.184,45.717,0.545259,1.174618,0.367152
chartqa,1792,64,109,iter109,chartqa_val_109,30,16384,4096,46,442.888,0.734,2.329,398.047,28.398,503.23,506.137,1054.41,23.431,1560.548,1793.533,29.477,42.678,0.283803,0.606273,0.675667
chartqa,1792,64,110,iter110,chartqa_val_110,31,16384,4096,19,388.739,0.736,2.294,348.932,28.296,449.008,451.489,370.358,20.575,821.846,1082.165,23.119,48.602,0.473007,1.019348,0.450641
chartqa,1792,64,111,iter111,chartqa_val_111,32,16384,4096,64,404.412,0.737,2.305,364.351,28.388,465.092,467.807,1414.664,22.455,1882.471,2194.255,33.998,44.534,0.21483,0.461895,0.751493
chartqa,1792,64,112,iter112,chartqa_val_112,30,16384,4096,14,389.718,0.735,2.303,352.52,28.365,450.577,452.978,333.258,25.635,786.236,1034.031,17.806,39.009,0.495676,1.068757,0.423865
chartqa,1792,64,113,iter113,chartqa_val_113,30,16384,4096,64,400.115,0.736,2.307,362.889,28.374,460.44,462.999,1507.944,23.936,1970.942,2134.817,32.472,41.779,0.203007,0.436621,0.765088
chartqa,1792,64,114,iter114,chartqa_val_114,28,16384,4096,13,371.73,0.734,2.285,332.446,28.314,431.749,434.443,308.155,25.68,742.598,1015.733,17.506,38.941,0.500581,1.081985,0.414969
chartqa,1792,64,115,iter115,chartqa_val_115,31,16384,4096,64,374.338,0.734,2.328,321.307,28.302,434.413,437.619,1501.414,23.832,1939.033,2235.241,33.006,41.96,0.193054,0.41709,0.774311
chartqa,1792,64,116,iter116,chartqa_val_116,30,16384,4096,7,363.07,0.737,2.305,322.284,28.284,423.344,426.13,129.567,21.595,555.697,738.744,12.597,46.308,0.653358,1.415183,0.233161
chartqa,1792,64,117,iter117,chartqa_val_117,34,16384,4096,39,444.424,0.735,2.33,399.565,28.291,504.674,508.307,833.486,21.934,1341.793,1596.688,29.066,45.592,0.331217,0.707336,0.621173
chartqa,1792,64,118,iter118,chartqa_val_118,29,16384,4096,33,559.189,0.737,2.293,518.861,28.38,619.632,622.09,706.794,22.087,1328.884,1628.433,24.833,45.275,0.420796,0.887075,0.53187
chartqa,1792,64,119,iter119,chartqa_val_119,33,16384,4096,64,437.692,0.73,2.29,399.575,28.446,498.321,500.846,1571.183,24.939,2072.029,2246.812,30.888,40.097,0.211238,0.451738,0.758282
chartqa,1792,64,120,iter120,chartqa_val_120,30,16384,4096,38,408.562,0.734,2.345,363.797,28.795,468.829,472.817,848.353,22.928,1321.17,1563.936,28.762,43.614,0.309242,0.664102,0.642123
chartqa,1792,64,121,iter121,chartqa_val_121,31,16384,4096,23,360.059,0.731,2.302,318.411,28.284,420.31,423.243,517.01,23.5,940.253,1165.077,24.462,42.552,0.382939,0.829957,0.549862
chartqa,1792,64,122,iter122,chartqa_val_122,33,16384,4096,27,393.648,0.732,2.297,348.68,28.397,453.594,457.257,532.536,20.482,989.793,1299.765,27.278,48.823,0.397708,0.855979,0.538027
chartqa,1792,64,123,iter123,chartqa_val_123,39,16384,4096,64,418.225,0.73,2.356,372.096,28.35,912.669,917.1,1511.163,23.987,2428.262,2654.238,26.356,41.69,0.172232,0.548085,0.622323
chartqa,1792,64,124,iter124,chartqa_val_124,45,16384,4096,28,371.274,0.735,2.351,333.592,28.814,860.365,863.176,641.778,23.77,1504.954,1758.367,18.605,42.071,0.246701,0.81839,0.426444
chartqa,1792,64,125,iter125,chartqa_val_125,44,16384,4096,64,392.751,0.735,2.34,355.633,28.349,452.888,455.555,1528.014,24.254,1983.569,2176.798,32.265,41.23,0.198002,0.426322,0.770336
chartqa,1792,64,126,iter126,chartqa_val_126,29,16384,4096,16,430.127,0.734,2.282,391.543,28.387,490.217,492.746,327.528,21.835,820.275,990.903,19.506,45.798,0.52437,1.121995,0.399291
chartqa,1792,64,127,iter127,chartqa_val_127,32,16384,4096,36,377.908,0.731,2.297,340.252,28.29,438.531,440.877,834.522,23.843,1275.399,1460.947,28.226,41.94,0.296306,0.640144,0.654322
chartqa,1792,64,128,iter128,chartqa_val_128,28,16384,4096,20,390.78,0.733,2.312,351.424,28.285,450.833,453.377,397.047,20.897,850.424,1024.519,23.518,47.853,0.459512,0.98964,0.466881
chartqa,1792,64,129,iter129,chartqa_val_129,29,16384,4096,39,390.648,0.734,2.273,353.93,28.332,450.697,452.995,900.125,23.687,1353.12,1495.051,28.822,42.216,0.288702,0.621782,0.665222
chartqa,1792,64,130,iter130,chartqa_val_130,28,16384,4096,35,363.445,0.734,2.264,326.085,28.309,423.55,425.874,870.961,25.617,1296.835,1478.1,26.989,39.037,0.280256,0.606858,0.671605
chartqa,1792,64,131,iter131,chartqa_val_131,34,16384,4096,64,394.156,0.734,2.28,354.819,28.453,454.559,456.956,1349.95,21.428,1806.906,1992.608,35.42,46.668,0.218139,0.469706,0.747106
chartqa,1792,64,132,iter132,chartqa_val_132,30,16384,4096,63,396.04,0.733,2.355,351.422,28.293,456.462,460.23,1454.786,23.464,1915.016,2102.372,32.898,42.618,0.206808,0.445167,0.759673
chartqa,1792,64,133,iter133,chartqa_val_133,36,16384,4096,64,398.543,0.734,2.312,360.937,28.421,458.757,461.383,1594.881,25.316,2056.263,2236.586,31.124,39.501,0.193819,0.416921,0.775621
chartqa,1792,64,134,iter134,chartqa_val_134,44,16384,4096,28,414.523,0.73,2.314,367.368,28.391,475.107,478.805,638.619,23.653,1117.424,1336.804,25.058,42.279,0.370963,0.796143,0.57151
chartqa,1792,64,135,iter135,chartqa_val_135,49,16384,4096,64,389.739,0.733,2.344,347.523,28.419,450.206,453.047,1438.721,22.837,1891.769,2129.142,33.831,43.789,0.206018,0.444,0.760516
chartqa,1792,64,136,iter136,chartqa_val_136,37,16384,4096,22,398.561,0.735,2.323,359.622,28.362,459.245,462.082,509.819,24.277,971.901,1153.185,22.636,41.191,0.410084,0.882606,0.524558
chartqa,1792,64,137,iter137,chartqa_val_137,41,16384,4096,26,404.907,0.734,2.3,366.011,28.348,908.073,910.591,644.195,25.768,1554.786,1701.493,16.723,38.808,0.260426,0.844476,0.41433
chartqa,1792,64,138,iter138,chartqa_val_138,29,16384,4096,28,394.568,0.732,2.281,355.286,28.286,454.639,457.058,608.749,22.546,1065.806,1240.436,26.271,44.353,0.370206,0.796775,0.571163
chartqa,1792,64,139,iter139,chartqa_val_139,33,16384,4096,30,425.403,0.733,2.27,380.011,28.36,485.621,487.922,663.094,22.865,1151.017,1314.733,26.064,43.734,0.369589,0.791495,0.576095
chartqa,1792,64,140,iter140,chartqa_val_140,30,16384,4096,29,361.327,0.731,2.291,323.055,28.247,421.614,424.006,697.092,24.896,1121.099,1312.645,25.867,40.167,0.322297,0.698369,0.621794
chartqa,1792,64,141,iter141,chartqa_val_141,31,16384,4096,64,374.269,0.737,2.323,332.026,30.486,435.017,437.484,1606.614,25.502,2044.098,2214.458,31.31,39.213,0.183097,0.395913,0.785977
chartqa,1792,64,142,iter142,chartqa_val_142,29,16384,4096,36,363.152,0.736,2.298,325.686,28.347,423.928,426.523,788.939,22.541,1215.462,1396.896,29.618,44.363,0.298777,0.647556,0.649085
chartqa,1792,64,143,iter143,chartqa_val_143,41,16384,4096,64,403.458,0.731,2.274,364.037,28.302,463.827,466.237,1441.469,22.88,1907.706,2104.488,33.548,43.705,0.211489,0.454622,0.755603
chartqa,1792,64,144,iter144,chartqa_val_144,29,16384,4096,27,365.394,0.737,2.28,325.965,28.262,425.533,427.904,587.765,22.606,1015.669,1264.78,26.583,44.235,0.359757,0.778725,0.578697
chartqa,1792,64,145,iter145,chartqa_val_145,31,16384,4096,49,393.224,0.733,2.352,348.567,28.504,454.226,457.702,1157.25,24.109,1614.952,1873.934,30.341,41.478,0.24349,0.524752,0.716585
chartqa,1792,64,146,iter146,chartqa_val_146,29,16384,4096,64,384.19,0.734,2.283,344.767,28.312,444.311,446.777,1438.757,22.837,1885.534,2287.766,33.943,43.788,0.203756,0.439398,0.76305
chartqa,1792,64,147,iter147,chartqa_val_147,37,16384,4096,64,386.901,0.729,2.271,350.163,28.266,447.304,449.61,1501.368,23.831,1950.977,2124.201,32.804,41.962,0.198311,0.427583,0.769546
chartqa,1792,64,148,iter148,chartqa_val_148,30,16384,4096,29,397.72,0.733,2.275,361.181,28.3,457.747,460.083,671.633,23.987,1131.716,1292.106,25.625,41.689,0.351431,0.755904,0.593464
chartqa,1792,64,149,iter149,chartqa_val_149,38,16384,4096,64,383.079,0.733,2.314,330.866,28.247,443.608,446.775,1441.94,22.888,1888.714,2064.841,33.885,43.691,0.202825,0.437698,0.76345
chartqa,1792,64,150,iter150,chartqa_val_150,29,16384,4096,22,400.094,0.729,2.304,362.835,28.549,460.225,463.065,486.323,23.158,949.388,1128.001,23.173,43.181,0.421423,0.906183,0.512249
chartqa,1792,64,151,iter151,chartqa_val_151,31,16384,4096,64,392.358,0.734,2.319,347.526,28.285,452.674,456.183,1483.276,23.544,1939.459,2181.991,32.999,42.474,0.202303,0.435705,0.764789
chartqa,1792,64,152,iter152,chartqa_val_152,27,16384,4096,10,402.058,0.731,2.335,355.139,28.271,462.346,466.119,187.944,20.883,654.063,913.416,15.289,47.887,0.614709,1.321592,0.287348
chartqa,1792,64,153,iter153,chartqa_val_153,31,16384,4096,11,395.687,0.733,2.286,356.239,28.314,456.358,458.566,298.06,29.806,756.627,902.987,14.538,33.55,0.522963,1.126111,0.393933
chartqa,1792,64,154,iter154,chartqa_val_154,31,16384,4096,45,354.378,0.733,2.276,317.144,28.28,414.264,416.689,1000.863,22.747,1417.553,1576.21,31.745,43.962,0.249993,0.542232,0.70605
chartqa,1792,64,155,iter155,chartqa_val_155,31,16384,4096,15,573.206,0.734,2.289,534.022,28.504,634.141,636.38,311.161,22.226,947.541,1126.05,15.83,44.993,0.60494,1.27419,0.328388
chartqa,1792,64,156,iter156,chartqa_val_156,28,16384,4096,32,439.738,0.733,2.307,402.643,28.401,500.48,503.242,806.519,26.017,1309.761,1492.042,24.432,38.437,0.335739,0.717855,0.615776
chartqa,1792,64,157,iter157,chartqa_val_157,30,16384,4096,64,377.892,0.735,2.283,336.698,28.26,437.875,440.416,1537.065,24.398,1977.481,2146.884,32.364,40.987,0.191097,0.412528,0.777284
chartqa,1792,64,158,iter158,chartqa_val_158,30,16384,4096,33,366.463,0.733,2.282,329.027,28.237,426.469,429.046,777.398,24.294,1206.444,1456.486,27.353,41.163,0.303755,0.657247,0.644371
chartqa,1792,64,159,iter159,chartqa_val_159,30,16384,4096,17,417.149,0.734,2.29,379.724,28.343,477.571,480.003,350.349,21.897,830.352,978.488,20.473,45.669,0.502376,1.077519,0.421928
chartqa,1792,64,160,iter160,chartqa_val_160,30,16384,4096,25,398.989,0.735,2.294,361.709,28.298,458.958,461.371,575.468,23.978,1036.839,1203.577,24.112,41.705,0.384813,0.827464,0.555022
chartqa,1792,64,161,iter161,chartqa_val_161,44,16384,4096,64,434.252,0.734,2.282,396.38,28.471,494.669,497.083,1507.542,23.929,2004.624,2161.463,31.926,41.79,0.216625,0.463389,0.752032
chartqa,1792,64,162,iter162,chartqa_val_162,30,16384,4096,60,359.414,0.734,2.27,319.33,28.327,419.387,422.115,1279.076,21.679,1701.192,1889.0,35.269,46.127,0.211272,0.457797,0.751871
chartqa,1792,64,163,iter163,chartqa_val_163,34,16384,4096,64,365.854,0.732,2.351,328.645,28.252,425.736,428.846,1441.155,22.875,1870.001,2050.601,34.225,43.715,0.195644,0.42331,0.770671
chartqa,1792,64,164,iter164,chartqa_val_164,34,16384,4096,48,369.072,0.729,2.316,329.979,28.305,429.419,431.949,1108.275,23.58,1540.224,1720.665,31.164,42.408,0.239622,0.518425,0.719554
chartqa,1792,64,165,iter165,chartqa_val_165,31,16384,4096,46,370.781,0.734,2.307,331.923,28.345,430.79,433.223,1050.553,23.346,1483.776,1660.807,31.002,42.835,0.24989,0.540224,0.708027
chartqa,1792,64,166,iter166,chartqa_val_166,40,16384,4096,30,390.53,0.73,2.311,352.604,28.424,450.807,453.247,606.114,20.9,1059.361,1240.565,28.319,47.846,0.368647,0.794193,0.57215
chartqa,1792,64,167,iter167,chartqa_val_167,50,16384,4096,49,358.035,0.736,2.298,320.016,28.27,827.187,829.529,1086.927,22.644,1916.457,2091.416,25.568,44.161,0.186822,0.618444,0.567155
chartqa,1792,64,168,iter168,chartqa_val_168,33,16384,4096,11,378.513,0.735,2.278,339.819,28.374,438.945,441.306,258.869,25.887,700.175,847.39,15.71,38.63,0.540598,1.167506,0.36972
chartqa,1792,64,169,iter169,chartqa_val_169,35,16384,4096,39,393.771,0.734,2.273,355.424,28.325,454.001,456.308,909.463,23.933,1365.771,1542.178,28.555,41.783,0.288314,0.620728,0.665897
chartqa,1792,64,170,iter170,chartqa_val_170,29,16384,4096,64,390.671,0.732,2.295,348.495,28.343,450.508,452.858,1441.852,22.887,1894.71,2103.197,33.778,43.694,0.20619,0.443962,0.760988
chartqa,1792,64,171,iter171,chartqa_val_171,32,16384,4096,64,411.937,0.742,2.258,374.649,28.36,472.337,474.636,1451.302,23.037,1925.938,2098.66,33.231,43.409,0.213889,0.459139,0.753556
chartqa,1792,64,172,iter172,chartqa_val_172,33,16384,4096,59,364.91,0.733,2.314,327.936,28.332,425.054,427.554,1527.218,26.331,1954.772,2174.818,30.183,37.978,0.186676,0.404121,0.781277
chartqa,1792,64,173,iter173,chartqa_val_173,42,16384,4096,64,402.099,0.735,2.324,364.694,28.346,887.413,890.268,1553.146,24.653,2443.414,2627.101,26.193,40.563,0.164564,0.52775,0.635646
chartqa,1792,64,174,iter174,chartqa_val_174,27,16384,4096,33,358.039,0.73,2.288,321.124,28.28,418.107,420.646,786.539,24.579,1207.185,1428.136,27.336,40.685,0.29659,0.642939,0.651548
chartqa,1792,64,175,iter175,chartqa_val_175,45,16384,4096,64,357.193,0.735,2.271,319.705,28.261,417.593,419.966,1458.518,23.151,1878.484,2057.226,34.07,43.195,0.19015,0.412453,0.776434
chartqa,1792,64,176,iter176,chartqa_val_176,37,16384,4096,64,404.614,0.733,2.267,364.984,28.298,465.221,467.515,1470.215,23.337,1937.73,2106.636,33.028,42.851,0.208808,0.448894,0.758731
chartqa,1792,64,177,iter177,chartqa_val_177,40,16384,4096,64,391.992,0.732,2.275,353.98,28.381,452.472,454.825,1415.164,22.463,1869.989,2049.629,34.225,44.518,0.209622,0.451588,0.756777
chartqa,1792,64,178,iter178,chartqa_val_178,34,16384,4096,34,365.026,0.733,2.279,326.545,28.303,425.25,427.644,712.755,21.599,1140.398,1413.361,29.814,46.299,0.320087,0.692983,0.625005
chartqa,1792,64,179,iter179,chartqa_val_179,42,16384,4096,33,438.296,0.729,2.304,392.7,28.356,498.669,501.321,727.407,22.731,1228.728,1525.222,26.857,43.992,0.356708,0.762549,0.592
chartqa,1792,64,180,iter180,chartqa_val_180,33,16384,4096,18,369.895,0.736,2.301,331.05,28.318,430.076,432.595,428.279,25.193,860.874,1147.097,20.909,39.694,0.429674,0.929255,0.497493
chartqa,1792,64,181,iter181,chartqa_val_181,40,16384,4096,64,377.386,0.733,2.305,339.874,28.319,437.704,440.145,1618.831,25.696,2058.977,2291.236,31.083,38.917,0.183288,0.395871,0.786231
chartqa,1792,64,182,iter182,chartqa_val_182,48,16384,4096,64,367.475,0.735,2.274,330.558,28.3,802.113,804.545,1601.066,25.414,2405.612,2619.368,26.604,39.349,0.152757,0.486191,0.665555
chartqa,1792,64,183,iter183,chartqa_val_183,39,16384,4096,64,400.542,0.733,2.269,362.778,28.381,461.016,463.5,1405.493,22.309,1868.992,2127.846,34.243,44.824,0.214309,0.460975,0.752006
chartqa,1792,64,184,iter184,chartqa_val_184,33,16384,4096,20,393.9,0.73,2.304,355.997,28.293,454.013,456.515,410.327,21.596,866.842,1057.378,23.072,46.305,0.454408,0.978163,0.473358
chartqa,1792,64,185,iter185,chartqa_val_185,42,16384,4096,2,368.789,0.733,2.305,330.3,28.326,429.469,431.781,30.281,30.281,462.062,623.12,4.328,33.024,0.798137,1.727599,0.065534
chartqa,1792,64,186,iter186,chartqa_val_186,33,16384,4096,32,369.175,0.73,2.305,327.602,28.263,429.506,431.848,765.106,24.681,1196.955,1385.909,26.735,40.517,0.308429,0.667261,0.639211
chartqa,1792,64,187,iter187,chartqa_val_187,33,16384,4096,50,362.532,0.734,2.276,320.963,28.307,422.97,425.288,1091.898,22.284,1517.186,1696.399,32.956,44.876,0.23895,0.517736,0.719686
chartqa,1792,64,188,iter188,chartqa_val_188,35,16384,4096,33,358.629,0.73,2.288,318.635,28.262,418.78,421.265,767.936,23.998,1189.201,1353.295,27.75,41.67,0.301571,0.653724,0.645758
chartqa,1792,64,189,iter189,chartqa_val_189,32,16384,4096,57,353.554,0.736,2.274,316.187,28.259,414.424,416.715,1259.051,22.483,1675.766,1843.987,34.014,44.478,0.21098,0.458285,0.751328
chartqa,1792,64,190,iter190,chartqa_val_190,37,16384,4096,54,382.66,0.729,2.327,331.482,28.295,442.83,446.166,1286.58,24.275,1732.746,2072.221,31.164,41.194,0.22084,0.476406,0.742509
chartqa,1792,64,191,iter191,chartqa_val_191,34,16384,4096,18,382.633,0.733,2.279,342.303,28.305,442.648,444.919,353.943,20.82,798.862,974.521,22.532,48.03,0.478973,1.033071,0.443059
chartqa,1792,64,192,iter192,chartqa_val_192,44,16384,4096,64,430.391,0.736,2.302,389.468,28.336,491.176,493.867,1465.898,23.268,1959.765,2128.39,32.657,42.977,0.219613,0.470243,0.747997
chartqa,1792,64,193,iter193,chartqa_val_193,43,16384,4096,3,544.858,0.735,2.273,506.024,28.379,977.751,980.195,44.153,22.076,1024.347,1204.888,2.929,45.297,0.531907,1.486419,0.043103
chartqa,1792,64,194,iter194,chartqa_val_194,36,16384,4096,30,509.591,0.736,2.382,458.067,28.812,570.07,574.01,728.977,25.137,1302.987,1471.723,23.024,39.782,0.391095,0.828605,0.559466
chartqa,1792,64,195,iter195,chartqa_val_195,43,16384,4096,3,399.896,0.734,2.289,362.684,28.325,460.449,462.891,44.19,22.095,507.081,682.237,5.916,45.259,0.788624,1.696663,0.087146
chartqa,1792,64,196,iter196,chartqa_val_196,32,16384,4096,19,408.656,0.735,2.299,369.395,28.257,468.705,471.01,449.867,24.993,920.878,1082.084,20.632,40.012,0.443768,0.952745,0.48852
chartqa,1792,64,197,iter197,chartqa_val_197,40,16384,4096,64,429.036,0.734,2.337,391.839,28.305,489.206,492.216,1563.281,24.814,2055.497,2246.07,31.136,40.3,0.208726,0.446725,0.760537
chartqa,1792,64,198,iter198,chartqa_val_198,28,16384,4096,17,386.188,0.734,2.437,340.565,28.346,446.689,450.165,381.909,23.869,832.074,1086.977,20.431,41.895,0.464127,1.000965,0.458985
chartqa,1792,64,199,iter199,chartqa_val_199,34,16384,4096,56,399.661,0.733,2.313,350.97,28.296,460.105,463.005,1223.753,22.25,1686.759,2035.831,33.2,44.944,0.23694,0.509715,0.725506
chartqa,1792,64,200,iter200,chartqa_val_200,35,16384,4096,64,396.202,0.734,2.276,355.053,28.259,456.122,458.522,1524.671,24.201,1983.193,2134.837,32.271,41.32,0.19978,0.429774,0.768796
chartqa,1792,64,201,iter201,chartqa_val_201,35,16384,4096,35,382.616,0.734,2.262,342.106,28.334,442.724,445.046,777.953,22.881,1222.999,1383.861,28.618,43.704,0.31285,0.674849,0.636102
chartqa,1792,64,202,iter202,chartqa_val_202,30,16384,4096,9,395.116,0.734,2.293,357.46,28.35,455.396,457.865,173.467,21.683,631.332,902.479,14.256,46.118,0.625845,1.347171,0.274763
chartqa,1792,64,203,iter203,chartqa_val_203,48,16384,4096,64,397.418,0.734,2.305,357.677,28.321,458.23,460.855,1528.365,24.26,1989.22,2171.034,32.173,41.221,0.199786,0.430142,0.768324
chartqa,1792,64,204,iter204,chartqa_val_204,30,16384,4096,46,361.61,0.734,2.338,317.784,28.299,421.67,428.291,1068.999,23.756,1497.29,1759.126,30.722,42.095,0.24151,0.523132,0.713956
chartqa,1792,64,205,iter205,chartqa_val_205,36,16384,4096,64,385.805,0.732,2.334,341.678,28.314,446.527,449.877,1359.558,21.58,1809.435,2050.529,35.37,46.339,0.213219,0.459996,0.751372
chartqa,1792,64,206,iter206,chartqa_val_206,41,16384,4096,64,427.211,0.737,2.289,389.271,28.343,487.547,489.871,1495.625,23.74,1985.496,2155.547,32.234,42.123,0.215166,0.46072,0.753275
chartqa,1792,64,207,iter207,chartqa_val_207,46,16384,4096,55,387.823,0.735,2.288,349.649,28.37,448.821,451.241,1199.08,22.205,1650.322,1834.398,33.327,45.035,0.234998,0.506958,0.726574
chartqa,1792,64,208,iter208,chartqa_val_208,31,16384,4096,8,363.165,0.733,2.274,326.078,28.239,423.443,425.747,149.002,21.286,574.748,758.986,13.919,46.979,0.631869,1.368615,0.259247
chartqa,1792,64,209,iter209,chartqa_val_209,39,16384,4096,8,421.045,0.732,2.329,360.014,28.338,481.281,487.51,161.805,23.115,649.315,897.2,12.321,43.262,0.648444,1.389657,0.249193
chartqa,1792,64,210,iter210,chartqa_val_210,33,16384,4096,42,398.569,0.732,2.321,360.631,28.271,459.045,461.7,927.066,22.611,1388.766,1570.493,30.243,44.226,0.286995,0.617537,0.667547
chartqa,1792,64,211,iter211,chartqa_val_211,39,16384,4096,46,408.224,0.732,2.283,370.687,28.407,469.289,471.753,1072.8,23.84,1544.553,1720.717,29.782,41.946,0.264299,0.568134,0.69457
chartqa,1792,64,212,iter212,chartqa_val_212,31,16384,4096,12,365.393,0.732,2.297,328.259,28.302,425.413,427.914,269.487,24.499,697.401,924.716,17.207,40.818,0.523936,1.133934,0.386416
chartqa,1792,64,213,iter213,chartqa_val_213,43,16384,4096,39,430.585,0.731,2.296,393.508,28.352,491.357,493.677,896.655,23.596,1390.333,1547.397,28.051,42.38,0.309699,0.663109,0.644921
chartqa,1792,64,214,iter214,chartqa_val_214,30,16384,4096,13,364.811,0.731,2.298,325.87,28.337,424.955,427.354,283.699,23.642,711.053,893.828,18.283,42.298,0.513057,1.110699,0.398985
chartqa,1792,64,215,iter215,chartqa_val_215,34,16384,4096,64,405.491,0.737,2.33,353.394,28.276,466.028,469.701,1450.714,23.027,1920.415,2134.433,33.326,43.427,0.211148,0.453818,0.755417
chartqa,1792,64,216,iter216,chartqa_val_216,30,16384,4096,7,406.533,0.733,2.303,364.219,28.377,467.063,469.563,198.82,33.137,668.383,852.218,10.473,30.178,0.608233,1.307028,0.297465
chartqa,1792,64,217,iter217,chartqa_val_217,43,16384,4096,52,359.065,0.733,2.296,321.076,28.306,419.199,421.708,1191.619,23.365,1613.327,1786.4,32.232,42.799,0.222562,0.482397,0.73861
chartqa,1792,64,218,iter218,chartqa_val_218,31,16384,4096,7,370.897,0.731,2.332,331.779,28.248,431.207,436.531,132.495,22.082,569.026,869.184,12.302,45.285,0.65181,1.409608,0.232845
chartqa,1792,64,219,iter219,chartqa_val_219,33,16384,4096,64,388.25,0.731,2.346,349.011,28.399,448.474,451.943,1347.33,21.386,1799.273,1991.133,35.57,46.759,0.215782,0.465034,0.748819
chartqa,1792,64,220,iter220,chartqa_val_220,33,16384,4096,64,388.823,0.733,2.278,346.983,28.313,449.05,451.4,1443.392,22.911,1894.792,2054.156,33.777,43.647,0.205206,0.442198,0.761768
chartqa,1792,64,221,iter221,chartqa_val_221,31,16384,4096,60,382.125,0.736,2.267,344.799,28.348,443.134,445.494,1376.903,23.337,1822.397,2000.545,32.924,42.85,0.209683,0.452843,0.755545
chartqa,1792,64,222,iter222,chartqa_val_222,46,16384,4096,64,397.988,0.734,2.37,358.025,28.411,459.434,462.472,1546.315,24.545,2008.787,2190.072,31.86,40.742,0.198123,0.426836,0.769776
chartqa,1792,64,223,iter223,chartqa_val_223,35,16384,4096,17,394.321,0.73,2.333,356.161,28.545,455.486,458.275,422.758,26.422,881.033,1048.108,19.296,37.847,0.447567,0.964558,0.479844
chartqa,1792,64,224,iter224,chartqa_val_224,32,16384,4096,10,371.218,0.732,2.285,331.851,28.36,431.559,434.079,243.873,27.097,677.952,858.98,14.75,36.904,0.547558,1.184121,0.35972
chartqa,1792,64,225,iter225,chartqa_val_225,28,16384,4096,19,374.075,0.734,2.297,334.691,28.26,434.476,436.942,419.592,23.311,856.534,1041.399,22.182,42.899,0.436732,0.943981,0.489872
chartqa,1792,64,226,iter226,chartqa_val_226,38,16384,4096,40,400.595,0.732,2.331,353.833,28.293,461.017,464.615,908.091,23.284,1372.707,1592.058,29.14,42.947,0.291828,0.627673,0.661533
chartqa,1792,64,227,iter227,chartqa_val_227,33,16384,4096,64,359.209,0.736,2.374,319.93,28.299,419.397,423.331,1450.291,23.02,1873.621,2069.195,34.158,43.44,0.191719,0.415562,0.774058
chartqa,1792,64,228,iter228,chartqa_val_228,31,16384,4096,8,395.666,0.733,2.257,355.449,28.338,456.32,458.592,146.671,20.953,605.263,770.426,13.217,47.726,0.653709,1.407629,0.242326
chartqa,1792,64,229,iter229,chartqa_val_229,36,16384,4096,22,407.612,0.73,2.303,368.881,28.375,467.96,470.746,479.586,22.837,950.332,1124.187,23.15,43.788,0.428915,0.921333,0.504651
chartqa,1792,64,230,iter230,chartqa_val_230,41,16384,4096,64,534.255,0.734,2.323,493.663,28.265,594.596,597.394,1484.964,23.571,2082.358,2338.42,30.734,42.425,0.256562,0.542102,0.713117
chartqa,1792,64,231,iter231,chartqa_val_231,38,16384,4096,21,363.922,0.731,2.332,326.401,28.313,423.962,426.788,476.369,23.818,903.156,1085.56,23.252,41.984,0.402945,0.872368,0.527449
chartqa,1792,64,232,iter232,chartqa_val_232,36,16384,4096,38,410.491,0.736,2.32,372.409,28.337,470.655,473.609,892.064,24.11,1365.673,1537.261,27.825,41.477,0.300578,0.64521,0.653205
chartqa,1792,64,233,iter233,chartqa_val_233,40,16384,4096,64,404.759,0.733,2.28,365.578,28.719,464.978,467.42,1526.197,24.225,1993.617,2147.416,32.102,41.279,0.203027,0.43626,0.765542
chartqa,1792,64,234,iter234,chartqa_val_234,30,16384,4096,64,434.094,0.737,2.367,383.828,28.395,494.559,498.367,1371.923,21.777,1870.29,2052.118,34.219,45.921,0.2321,0.496529,0.733535
chartqa,1792,64,235,iter235,chartqa_val_235,28,16384,4096,50,399.828,0.733,2.334,354.752,28.307,460.421,464.35,1182.996,24.143,1647.347,1834.243,30.352,41.42,0.24271,0.522203,0.718122
chartqa,1792,64,236,iter236,chartqa_val_236,31,16384,4096,9,390.825,0.736,2.357,350.425,28.384,451.437,454.529,178.248,22.281,632.777,905.71,14.223,44.881,0.617634,1.331056,0.281692
chartqa,1792,64,237,iter237,chartqa_val_237,31,16384,4096,24,404.325,0.732,2.344,363.424,28.286,464.833,468.499,535.142,23.267,1003.641,1252.486,23.913,42.979,0.402858,0.866004,0.533201
chartqa,1792,64,238,iter238,chartqa_val_238,31,16384,4096,28,367.474,0.734,2.274,326.023,28.32,427.597,430.051,668.26,24.75,1098.311,1274.186,25.494,40.403,0.334581,0.723903,0.608444
chartqa,1792,64,239,iter239,chartqa_val_239,41,16384,4096,64,365.669,0.735,2.281,327.41,28.28,425.696,428.003,1466.832,23.283,1894.835,2057.722,33.776,42.95,0.192982,0.417643,0.774121
chartqa,1792,64,240,iter240,chartqa_val_240,37,16384,4096,61,368.328,0.735,2.301,330.476,28.304,428.711,431.12,1383.869,23.064,1814.989,2009.432,33.609,43.357,0.202937,0.439143,0.762467
chartqa,1792,64,241,iter241,chartqa_val_241,37,16384,4096,64,370.726,0.733,2.283,333.464,28.275,430.956,433.441,1414.724,22.456,1848.165,2034.857,34.629,44.532,0.200591,0.433772,0.765475
chartqa,1792,64,242,iter242,chartqa_val_242,29,16384,4096,28,392.412,0.738,2.336,339.262,28.318,452.564,456.014,599.957,22.221,1055.971,1244.989,26.516,45.003,0.371612,0.800188,0.568157
chartqa,1792,64,243,iter243,chartqa_val_243,33,16384,4096,64,368.141,0.734,2.328,331.104,28.28,428.397,431.26,1509.017,23.953,1940.277,2120.639,32.985,41.749,0.189736,0.410528,0.777733
chartqa,1792,64,244,iter244,chartqa_val_244,29,16384,4096,64,366.237,0.731,2.294,328.431,28.333,426.605,429.146,1497.07,23.763,1926.216,2175.637,33.226,42.082,0.190133,0.411606,0.777208
chartqa,1792,64,245,iter245,chartqa_val_245,30,16384,4096,23,375.968,0.736,2.355,336.734,28.344,436.76,439.431,556.782,25.308,996.214,1180.949,23.087,39.513,0.377397,0.815816,0.558899
chartqa,1792,64,246,iter246,chartqa_val_246,27,16384,4096,45,371.613,0.733,2.297,331.889,28.306,432.029,434.438,1084.326,24.644,1518.764,1693.268,29.629,40.578,0.244681,0.529142,0.713953
chartqa,1792,64,247,iter247,chartqa_val_247,27,16384,4096,64,378.036,0.731,2.29,336.655,28.3,438.461,440.92,1571.281,24.941,2012.202,2174.767,31.806,40.095,0.187872,0.405773,0.780877
chartqa,1792,64,248,iter248,chartqa_val_248,33,16384,4096,43,433.448,0.728,2.3,393.741,28.473,493.625,496.329,1018.838,24.258,1515.167,1701.535,28.38,41.223,0.286073,0.611862,0.672426
chartqa,1792,64,249,iter249,chartqa_val_249,43,16384,4096,64,390.602,0.731,2.342,349.291,28.302,451.356,454.592,1537.318,24.402,1991.909,2183.587,32.13,40.98,0.196094,0.422689,0.771781
chartqa,1792,64,250,iter250,chartqa_val_250,35,16384,4096,17,423.223,0.734,2.271,383.984,28.318,483.613,486.964,342.38,21.399,829.344,985.933,20.498,46.732,0.51031,1.093438,0.412832
chartqa,1792,64,251,iter251,chartqa_val_251,44,16384,4096,64,356.705,0.734,2.26,317.071,28.283,416.6,418.878,1383.934,21.967,1802.812,1962.109,35.5,45.522,0.19786,0.428944,0.767653
chartqa,1792,64,252,iter252,chartqa_val_252,30,16384,4096,8,387.227,0.731,2.301,349.336,28.451,447.889,450.237,145.065,20.724,595.302,753.282,13.439,48.254,0.650471,1.402843,0.243684
chartqa,1792,64,253,iter253,chartqa_val_253,38,16384,4096,25,362.891,0.734,2.286,325.761,28.269,422.948,425.336,543.906,22.663,969.242,1127.909,25.793,44.125,0.374407,0.810776,0.561166
chartqa,1792,64,254,iter254,chartqa_val_254,42,16384,4096,47,360.518,0.733,2.294,323.201,28.265,420.794,423.153,1074.118,23.35,1497.271,1677.214,31.39,42.826,0.240783,0.521824,0.717384
chartqa,1792,64,255,iter255,chartqa_val_255,40,16384,4096,64,368.542,0.734,2.337,331.096,28.259,429.063,431.993,1455.249,23.099,1887.242,2168.729,33.912,43.292,0.195281,0.42263,0.771098
chartqa,1792,64,256,iter256,chartqa_val_256,33,16384,4096,22,404.233,0.729,2.312,366.536,28.283,464.348,466.688,465.009,22.143,931.696,1094.168,23.613,45.16,0.433868,0.932258,0.499099
chartqa,1792,64,257,iter257,chartqa_val_257,40,16384,4096,64,422.623,0.734,2.322,371.75,28.338,483.004,486.32,1375.176,21.828,1861.496,2081.356,34.381,45.812,0.227034,0.486505,0.738748
chartqa,1792,64,258,iter258,chartqa_val_258,33,16384,4096,15,399.909,0.734,2.281,361.478,28.285,460.01,462.424,306.508,21.893,768.932,937.125,19.508,45.676,0.520084,1.118329,0.398615
chartqa,1792,64,259,iter259,chartqa_val_259,37,16384,4096,64,417.655,0.731,2.29,379.158,28.436,477.719,480.325,1524.477,24.198,2004.803,2205.935,31.923,41.326,0.208327,0.446615,0.760413
chartqa,1792,64,260,iter260,chartqa_val_260,32,16384,4096,45,412.12,0.735,2.289,373.58,28.422,472.807,475.373,1134.893,25.793,1610.267,1794.034,27.946,38.77,0.255933,0.549553,0.704786
chartqa,1792,64,261,iter261,chartqa_val_261,32,16384,4096,64,399.018,0.733,2.303,361.408,28.281,459.413,461.969,1464.628,23.248,1926.597,2103.181,33.219,43.014,0.20711,0.445569,0.760215
chartqa,1792,64,262,iter262,chartqa_val_262,38,16384,4096,64,418.918,0.731,2.313,379.68,28.426,479.625,481.999,1579.797,25.076,2061.795,2207.133,31.041,39.879,0.203181,0.435806,0.766224
chartqa,1792,64,263,iter263,chartqa_val_263,41,16384,4096,64,353.554,0.734,2.261,316.249,28.364,413.8,416.201,1543.798,24.505,1959.998,2157.761,32.653,40.808,0.180385,0.391507,0.787653
chartqa,1792,64,264,iter264,chartqa_val_264,50,16384,4096,42,366.831,0.735,2.313,329.37,28.284,426.93,429.72,980.523,23.915,1410.243,1598.694,29.782,41.814,0.260119,0.562854,0.695287
chartqa,1792,64,265,iter265,chartqa_val_265,36,16384,4096,36,390.749,0.734,2.285,352.995,28.434,451.31,453.71,745.871,21.311,1199.581,1383.371,30.01,46.925,0.325738,0.701961,0.621776
chartqa,1792,64,266,iter266,chartqa_val_266,30,16384,4096,52,432.465,0.735,2.282,393.615,28.352,492.723,495.047,1129.395,22.145,1624.443,1800.426,32.011,45.157,0.266224,0.569542,0.695251
chartqa,1792,64,267,iter267,chartqa_val_267,31,16384,4096,64,356.784,0.734,2.353,318.965,28.247,416.728,420.599,1472.452,23.372,1893.052,2195.058,33.808,42.786,0.18847,0.408606,0.777819
chartqa,1792,64,268,iter268,chartqa_val_268,37,16384,4096,20,512.725,0.731,2.277,473.019,28.358,572.74,575.098,405.785,21.357,980.883,1171.422,20.39,46.823,0.522718,1.10662,0.413694
chartqa,1792,64,269,iter269,chartqa_val_269,32,16384,4096,64,394.827,0.734,2.296,357.185,28.302,455.006,458.008,1551.41,24.626,2009.419,2196.439,31.85,40.608,0.196488,0.422925,0.772069
chartqa,1792,64,270,iter270,chartqa_val_270,36,16384,4096,20,394.383,0.734,2.29,354.335,28.602,454.583,457.268,442.329,23.28,899.598,1084.382,22.232,42.954,0.438399,0.943717,0.491697
chartqa,1792,64,271,iter271,chartqa_val_271,34,16384,4096,64,359.121,0.733,2.322,317.899,28.244,419.087,422.168,1424.687,22.614,1846.855,2034.319,34.654,44.22,0.19445,0.421369,0.771413
chartqa,1792,64,272,iter272,chartqa_val_272,27,16384,4096,39,371.591,0.731,2.262,330.139,28.269,431.798,434.15,920.136,24.214,1354.286,1533.913,28.797,41.298,0.274382,0.59322,0.679425
chartqa,1792,64,273,iter273,chartqa_val_273,31,16384,4096,64,415.798,0.73,2.267,378.325,28.379,475.748,478.265,1449.443,23.007,1927.709,2104.467,33.2,43.465,0.215696,0.46249,0.7519
chartqa,1792,64,274,iter274,chartqa_val_274,34,16384,4096,41,424.546,0.734,2.326,386.541,28.272,484.601,487.604,904.441,22.611,1392.045,1577.53,29.453,44.226,0.30498,0.653102,0.649721
chartqa,1792,64,275,iter275,chartqa_val_275,37,16384,4096,64,353.213,0.733,2.29,316.581,28.302,413.247,415.687,1451.614,23.041,1867.301,2034.558,34.274,43.4,0.189157,0.410464,0.777386
chartqa,1792,64,276,iter276,chartqa_val_276,29,16384,4096,15,372.931,0.73,2.306,331.965,28.31,433.056,436.454,315.517,22.537,751.971,1102.116,19.948,44.372,0.495938,1.071833,0.419587
chartqa,1792,64,277,iter277,chartqa_val_277,36,16384,4096,29,360.634,0.732,2.295,323.791,28.342,421.681,424.091,671.843,23.994,1095.935,1273.224,26.461,41.676,0.329065,0.713833,0.613032
chartqa,1792,64,278,iter278,chartqa_val_278,29,16384,4096,14,407.208,0.735,2.308,369.596,28.475,467.505,470.371,298.175,22.937,768.546,945.914,18.216,43.599,0.529843,1.13814,0.387973
chartqa,1792,64,279,iter279,chartqa_val_279,35,16384,4096,59,383.622,0.735,2.298,346.407,28.397,444.191,446.596,1273.46,21.956,1720.056,1897.466,34.301,45.545,0.223029,0.481271,0.74036
chartqa,1792,64,280,iter280,chartqa_val_280,36,16384,4096,64,407.896,0.735,2.308,367.324,28.292,467.879,470.242,1480.931,23.507,1951.173,2129.09,32.801,42.541,0.209052,0.448846,0.758995
chartqa,1792,64,281,iter281,chartqa_val_281,45,16384,4096,64,394.287,0.738,2.262,353.99,28.341,454.634,456.925,1421.531,22.564,1878.456,2058.978,34.071,44.318,0.209899,0.451925,0.756755
chartqa,1792,64,282,iter282,chartqa_val_282,38,16384,4096,20,354.313,0.732,2.286,317.277,28.29,414.093,416.325,402.807,21.2,819.131,1018.25,24.416,47.169,0.432547,0.938074,0.491748
chartqa,1792,64,283,iter283,chartqa_val_283,33,16384,4096,55,391.563,0.731,2.287,354.825,28.356,451.507,453.828,1244.58,23.048,1698.408,1893.08,32.383,43.388,0.230547,0.496388,0.732792
chartqa,1792,64,284,iter284,chartqa_val_284,36,16384,4096,25,370.01,0.728,2.274,331.942,28.311,430.23,432.569,610.023,25.418,1042.593,1219.159,23.979,39.343,0.354894,0.767548,0.585102
chartqa,1792,64,285,iter285,chartqa_val_285,33,16384,4096,17,357.565,0.736,2.282,320.8,28.291,417.507,420.064,366.464,22.904,786.528,981.908,21.614,43.66,0.454612,0.985435,0.465927
chartqa,1792,64,286,iter286,chartqa_val_286,38,16384,4096,28,370.292,0.729,2.305,333.041,28.3,430.543,433.309,644.693,23.878,1078.002,1294.91,25.974,41.88,0.343499,0.742888,0.598044
chartqa,1792,64,287,iter287,chartqa_val_287,36,16384,4096,31,377.803,0.734,2.309,338.293,28.288,438.072,440.501,708.324,23.611,1148.825,1319.693,26.984,42.354,0.328861,0.710182,0.616564
chartqa,1792,64,288,iter288,chartqa_val_288,32,16384,4096,39,367.372,0.735,2.291,327.061,28.359,427.882,430.315,922.69,24.281,1353.005,1617.33,28.825,41.184,0.271523,0.587768,0.681956
chartqa,1792,64,289,iter289,chartqa_val_289,36,16384,4096,19,352.887,0.732,2.296,314.287,28.257,412.776,415.143,450.984,25.055,866.128,1044.537,21.937,39.913,0.40743,0.884007,0.52069
chartqa,1792,64,290,iter290,chartqa_val_290,32,16384,4096,36,365.045,0.733,2.286,326.09,28.263,425.554,427.839,858.718,24.535,1286.557,1475.61,27.982,40.758,0.283738,0.614507,0.667454
chartqa,1792,64,291,iter291,chartqa_val_291,47,16384,4096,3,358.007,0.735,2.293,321.364,28.316,878.533,880.987,43.613,21.807,924.6,1108.425,3.245,45.858,0.387202,1.337378,0.04717
chartqa,1792,64,292,iter292,chartqa_val_292,37,16384,4096,29,367.09,0.735,2.293,329.777,28.349,427.272,429.675,647.34,23.119,1077.016,1257.194,26.926,43.254,0.34084,0.737559,0.60105
chartqa,1792,64,293,iter293,chartqa_val_293,47,16384,4096,64,369.35,0.732,2.3,331.604,28.313,429.705,432.505,1638.78,26.012,2071.286,2361.113,30.899,38.443,0.178319,0.385777,0.79119
chartqa,1792,64,294,iter294,chartqa_val_294,28,16384,4096,12,384.141,0.735,2.343,346.236,28.329,444.6,447.181,279.003,25.364,726.184,915.822,16.525,39.426,0.528987,1.141229,0.384204
chartqa,1792,64,295,iter295,chartqa_val_295,53,16384,4096,64,372.207,0.736,2.317,334.334,28.374,864.828,867.463,3695.28,58.655,4562.743,4729.128,14.027,17.049,0.081575,0.271117,0.809881
chartqa,1792,64,296,iter296,chartqa_val_296,38,16384,4096,23,418.819,0.732,2.338,381.289,28.31,479.529,482.499,538.592,24.481,1021.092,1212.935,22.525,40.847,0.410168,0.879792,0.527467
chartqa,1792,64,297,iter297,chartqa_val_297,35,16384,4096,64,435.245,0.735,2.315,397.906,28.396,495.481,498.051,1511.164,23.987,2009.215,2195.897,31.853,41.69,0.216624,0.463228,0.752117
chartqa,1792,64,298,iter298,chartqa_val_298,33,16384,4096,15,441.104,0.73,2.34,392.505,28.304,501.404,504.6,300.891,21.492,805.492,999.416,18.622,46.528,0.547621,1.170102,0.37355
chartqa,1792,64,299,iter299,chartqa_val_299,38,16384,4096,51,378.597,0.731,2.28,338.849,28.325,439.1,441.347,1231.726,24.635,1673.073,1839.186,30.483,40.593,0.226288,0.48874,0.736206
chartqa,1792,64,300,iter300,chartqa_val_300,35,16384,4096,24,390.213,0.731,2.29,352.607,28.298,450.425,453.005,534.161,23.224,987.167,1170.593,24.312,43.058,0.395286,0.851567,0.541106
chartqa,1792,64,301,iter301,chartqa_val_301,37,16384,4096,64,355.018,0.734,2.327,315.529,28.249,415.055,417.863,1441.797,22.886,1859.66,2048.65,34.415,43.695,0.190905,0.414093,0.775301
chartqa,1792,64,302,iter302,chartqa_val_302,26,16384,4096,10,378.418,0.737,2.311,340.22,28.881,913.815,916.618,743.38,82.598,1659.999,1874.521,6.024,12.107,0.227963,0.778454,0.44782
chartqa,1792,64,303,iter303,chartqa_val_303,36,16384,4096,59,356.409,0.732,2.315,318.553,28.287,416.674,419.329,1323.983,22.827,1743.313,1917.924,33.844,43.807,0.204443,0.443456,0.759464
chartqa,1792,64,304,iter304,chartqa_val_304,31,16384,4096,29,423.086,0.731,2.281,386.247,28.372,483.49,485.855,629.596,22.486,1115.451,1307.881,25.998,44.473,0.379296,0.812744,0.564432
chartqa,1792,64,305,iter305,chartqa_val_305,32,16384,4096,64,356.818,0.737,2.288,315.647,28.265,416.924,419.139,1394.693,22.138,1813.831,1993.451,35.284,45.171,0.196721,0.426579,0.768921
chartqa,1792,64,306,iter306,chartqa_val_306,32,16384,4096,41,465.34,0.731,2.267,427.977,28.355,525.46,527.816,903.491,22.587,1431.307,1618.632,28.645,44.273,0.325115,0.692234,0.631235
chartqa,1792,64,307,iter307,chartqa_val_307,39,16384,4096,64,388.92,0.735,2.258,349.27,28.343,449.781,452.372,1467.016,23.286,1919.388,2114.867,33.344,42.944,0.202627,0.436963,0.764315
chartqa,1792,64,308,iter308,chartqa_val_308,34,16384,4096,40,379.055,0.734,2.339,340.907,28.318,439.953,442.639,891.465,22.858,1334.104,1518.214,29.983,43.748,0.284127,0.613902,0.668213
chartqa,1792,64,309,iter309,chartqa_val_309,36,16384,4096,25,428.409,0.733,2.283,389.044,28.368,488.572,491.07,510.703,21.279,1001.773,1181.538,24.956,46.994,0.427651,0.915358,0.509799
chartqa,1792,64,310,iter310,chartqa_val_310,37,16384,4096,39,405.382,0.735,2.275,368.801,28.246,465.733,468.168,870.963,22.92,1339.13,1520.12,29.123,43.63,0.30272,0.650507,0.650394
chartqa,1792,64,311,iter311,chartqa_val_311,33,16384,4096,59,381.905,0.735,2.299,341.142,28.273,441.708,444.538,1448.891,24.981,1893.429,2174.895,31.16,40.031,0.2017,0.434985,0.765221
chartqa,1792,64,312,iter312,chartqa_val_312,29,16384,4096,53,365.22,0.734,2.297,327.975,28.231,425.207,427.786,1184.149,22.772,1611.935,1784.081,32.88,43.913,0.226572,0.490359,0.734613
chartqa,1792,64,313,iter313,chartqa_val_313,45,16384,4096,64,368.301,0.731,2.296,329.326,28.323,428.346,430.932,1420.992,22.555,1851.923,2024.339,34.559,44.335,0.198875,0.430173,0.767306
chartqa,1792,64,314,iter314,chartqa_val_314,40,16384,4096,23,366.758,0.733,2.291,326.12,28.252,427.059,429.862,471.182,21.417,901.045,1194.258,25.526,46.691,0.407037,0.880996,0.522929
chartqa,1792,64,315,iter315,chartqa_val_315,35,16384,4096,33,391.53,0.733,2.296,354.15,28.297,452.63,455.173,758.974,23.718,1214.147,1475.682,27.18,42.162,0.322473,0.69527,0.625109
chartqa,1792,64,316,iter316,chartqa_val_316,30,16384,4096,47,362.931,0.734,2.27,324.536,28.301,422.931,425.276,1189.046,25.849,1614.322,1775.04,29.114,38.686,0.224819,0.486806,0.736561
chartqa,1792,64,317,iter317,chartqa_val_317,36,16384,4096,32,368.68,0.734,2.276,330.121,28.285,429.134,431.446,754.324,24.333,1185.77,1350.598,26.987,41.096,0.31092,0.672823,0.636147
chartqa,1792,64,318,iter318,chartqa_val_318,31,16384,4096,14,377.181,0.732,2.276,335.722,28.283,437.242,439.608,282.597,21.738,722.205,977.895,19.385,46.002,0.522263,1.12769,0.391298
chartqa,1792,64,319,iter319,chartqa_val_319,42,16384,4096,64,370.509,0.734,2.287,333.132,28.271,430.903,433.235,1451.312,23.037,1884.547,2048.535,33.96,43.409,0.196604,0.425254,0.770112
chartqa,1792,64,320,iter320,chartqa_val_320,30,16384,4096,15,405.267,0.73,2.295,364.988,28.314,465.559,467.943,354.92,25.351,822.863,980.431,18.229,39.446,0.492509,1.058289,0.431323
chartqa,1792,64,321,iter321,chartqa_val_321,37,16384,4096,46,396.36,0.733,2.321,357.145,28.404,456.776,459.454,1015.193,22.56,1474.647,1644.631,31.194,44.327,0.268783,0.578536,0.688431
chartqa,1792,64,322,iter322,chartqa_val_322,40,16384,4096,27,396.208,0.734,2.314,357.328,28.432,456.453,459.176,570.683,21.949,1029.859,1210.702,26.217,45.559,0.384721,0.82794,0.554137
chartqa,1792,64,323,iter323,chartqa_val_323,31,16384,4096,34,391.407,0.732,2.293,353.631,28.324,451.546,454.064,745.364,22.587,1199.429,1377.194,28.347,44.274,0.326328,0.702796,0.621433
chartqa,1792,64,324,iter324,chartqa_val_324,34,16384,4096,64,357.022,0.736,2.283,319.415,28.316,417.1,419.384,1472.745,23.377,1892.129,2075.158,33.824,42.777,0.188688,0.409127,0.778353
chartqa,1792,64,325,iter325,chartqa_val_325,50,16384,4096,64,453.118,0.734,2.283,414.2,28.475,513.871,516.127,1427.955,22.666,1944.082,2076.27,32.92,44.119,0.233075,0.497401,0.734514
chartqa,1792,64,326,iter326,chartqa_val_326,34,16384,4096,46,418.943,0.732,2.37,372.025,28.445,479.615,483.152,1032.362,22.941,1515.514,1705.917,30.353,43.589,0.276436,0.592906,0.681196
chartqa,1792,64,327,iter327,chartqa_val_327,36,16384,4096,64,424.958,0.734,2.321,385.577,28.44,485.618,488.112,1562.638,24.804,2050.75,2213.132,31.208,40.316,0.207221,0.444021,0.761984
chartqa,1792,64,328,iter328,chartqa_val_328,30,16384,4096,64,367.006,0.729,2.302,329.747,28.337,427.34,430.1,1464.999,23.254,1895.099,2047.673,33.771,43.003,0.19366,0.419158,0.773046
chartqa,1792,64,329,iter329,chartqa_val_329,36,16384,4096,64,469.25,0.732,2.293,427.511,28.733,529.508,531.91,1513.881,24.03,2045.791,2205.881,31.284,41.615,0.229373,0.488201,0.739998
chartqa,1792,64,330,iter330,chartqa_val_330,34,16384,4096,31,395.981,0.736,2.331,357.631,28.387,456.321,458.908,735.272,24.509,1194.18,1372.437,25.959,40.801,0.331592,0.713713,0.615713
chartqa,1792,64,331,iter331,chartqa_val_331,41,16384,4096,38,397.538,0.736,2.307,358.468,28.338,457.922,460.361,941.392,25.443,1401.753,1561.049,27.109,39.304,0.283601,0.610279,0.671582
chartqa,1792,64,332,iter332,chartqa_val_332,46,16384,4096,39,365.536,0.734,2.283,328.311,28.343,425.611,427.882,969.465,25.512,1397.347,1607.92,27.91,39.197,0.261593,0.566178,0.69379
chartqa,1792,64,333,iter333,chartqa_val_333,35,16384,4096,28,361.69,0.734,2.301,324.65,28.281,421.639,424.391,592.733,21.953,1017.123,1333.442,27.529,45.552,0.355601,0.770142,0.582754
chartqa,1792,64,334,iter334,chartqa_val_334,29,16384,4096,64,366.839,0.734,2.298,328.974,28.312,427.017,429.499,1473.12,23.383,1902.619,2191.384,33.638,42.766,0.192807,0.417244,0.774259
chartqa,1792,64,335,iter335,chartqa_val_335,33,16384,4096,64,382.543,0.734,2.302,345.011,28.356,443.197,445.653,1510.747,23.98,1956.401,2155.13,32.713,41.701,0.195534,0.422071,0.772208
chartqa,1792,64,336,iter336,chartqa_val_336,44,16384,4096,28,398.262,0.733,2.311,359.633,28.321,458.519,461.118,627.901,23.256,1089.019,1271.361,25.711,43.0,0.365707,0.786746,0.576575
chartqa,1792,64,337,iter337,chartqa_val_337,47,16384,4096,64,371.903,0.732,2.337,333.796,28.318,432.419,435.226,1485.088,23.573,1920.315,2119.605,33.328,42.422,0.193668,0.418849,0.773357
chartqa,1792,64,338,iter338,chartqa_val_338,29,16384,4096,38,370.976,0.736,2.316,333.484,28.325,431.094,433.791,895.548,24.204,1329.339,1523.87,28.586,41.315,0.279068,0.60336,0.673679
chartqa,1792,64,339,iter339,chartqa_val_339,32,16384,4096,64,398.69,0.735,2.288,360.031,28.34,458.907,461.465,1426.66,22.645,1888.126,2070.706,33.896,44.159,0.211157,0.454206,0.755596
chartqa,1792,64,340,iter340,chartqa_val_340,32,16384,4096,14,361.577,0.733,2.277,324.31,28.291,421.872,424.212,370.437,28.495,794.649,963.733,17.618,35.094,0.455014,0.985905,0.466164
chartqa,1792,64,341,iter341,chartqa_val_341,39,16384,4096,64,372.112,0.733,2.268,332.728,28.369,432.507,434.796,1497.9,23.776,1932.697,2099.775,33.114,42.059,0.192535,0.416319,0.775031
chartqa,1792,64,342,iter342,chartqa_val_342,35,16384,4096,20,360.608,0.735,2.287,323.201,28.295,421.055,423.444,404.1,21.268,827.545,1016.757,24.168,47.018,0.435757,0.944557,0.488312
chartqa,1792,64,343,iter343,chartqa_val_343,40,16384,4096,64,497.471,0.735,2.337,453.829,28.293,557.562,560.736,1394.063,22.128,1954.799,2126.416,32.74,45.192,0.254487,0.539714,0.713149
chartqa,1792,64,344,iter344,chartqa_val_344,35,16384,4096,59,394.903,0.729,2.289,357.391,28.442,454.878,457.386,1366.774,23.565,1824.16,1996.347,32.344,42.436,0.216485,0.465848,0.749262
chartqa,1792,64,345,iter345,chartqa_val_345,38,16384,4096,64,388.716,0.729,2.307,349.85,28.279,449.051,451.555,1604.565,25.469,2056.12,2237.315,31.127,39.263,0.189053,0.40745,0.780385
chartqa,1792,64,346,iter346,chartqa_val_346,30,16384,4096,41,399.34,0.733,2.303,362.209,28.402,459.701,462.341,944.569,23.614,1406.911,1578.594,29.142,42.347,0.283842,0.610587,0.671379
chartqa,1792,64,347,iter347,chartqa_val_347,35,16384,4096,64,358.677,0.734,2.271,319.132,28.257,418.99,421.395,1406.829,22.331,1828.224,1997.233,35.007,44.782,0.196189,0.425367,0.769506
chartqa,1792,64,348,iter348,chartqa_val_348,30,16384,4096,23,426.625,0.732,2.263,387.457,28.364,486.804,489.409,480.617,21.846,970.026,1238.968,23.711,45.774,0.439808,0.941655,0.495469
chartqa,1792,64,349,iter349,chartqa_val_349,40,16384,4096,64,374.594,0.732,2.278,335.859,28.301,434.974,437.542,1380.523,21.913,1818.065,2043.305,35.202,45.635,0.20604,0.445291,0.759336
chartqa,1792,64,350,iter350,chartqa_val_350,36,16384,4096,34,394.539,0.733,2.289,354.829,28.403,454.694,457.204,781.245,23.674,1238.45,1416.597,27.454,42.24,0.318575,0.685722,0.630825
chartqa,1792,64,351,iter351,chartqa_val_351,38,16384,4096,64,366.905,0.73,2.261,329.4,28.307,427.216,429.598,1469.066,23.319,1898.664,2064.591,33.708,42.884,0.193244,0.418253,0.773737
chartqa,1792,64,352,iter352,chartqa_val_352,32,16384,4096,38,404.35,0.732,2.268,366.07,28.437,464.68,467.044,966.492,26.121,1433.536,1620.196,26.508,38.283,0.282065,0.606214,0.674201
chartqa,1792,64,353,iter353,chartqa_val_353,32,16384,4096,64,394.079,0.731,2.299,356.307,28.289,454.468,456.88,1456.335,23.116,1913.214,2085.101,33.452,43.259,0.205978,0.443519,0.761198
chartqa,1792,64,354,iter354,chartqa_val_354,35,16384,4096,17,383.088,0.734,2.296,345.484,28.314,443.559,446.305,374.292,23.393,820.597,1016.038,20.717,42.747,0.466841,1.007372,0.456122
chartqa,1792,64,355,iter355,chartqa_val_355,33,16384,4096,47,373.006,0.733,2.328,330.518,28.275,433.517,437.002,1050.988,22.848,1487.99,1803.811,31.586,43.768,0.250678,0.542022,0.706314
chartqa,1792,64,356,iter356,chartqa_val_356,40,16384,4096,28,369.759,0.735,2.321,331.176,28.302,430.443,433.005,639.572,23.688,1072.577,1248.325,26.105,42.216,0.344739,0.746055,0.596294
chartqa,1792,64,357,iter357,chartqa_val_357,53,16384,4096,64,371.06,0.73,2.304,329.367,28.279,431.231,433.628,1487.237,23.607,1920.865,2093.223,33.318,42.36,0.193173,0.417672,0.774254
chartqa,1792,64,358,iter358,chartqa_val_358,30,16384,4096,50,362.561,0.735,2.275,324.542,28.327,422.667,425.116,1126.757,22.995,1551.874,1774.684,32.219,43.488,0.233628,0.505987,0.726063
chartqa,1792,64,359,iter359,chartqa_val_359,32,16384,4096,64,391.287,0.732,2.262,354.388,28.347,451.799,454.037,1399.796,22.219,1853.833,2009.022,34.523,45.007,0.211069,0.45478,0.755082
chartqa,1792,64,360,iter360,chartqa_val_360,30,16384,4096,10,380.416,0.734,2.329,341.516,28.32,440.645,443.549,230.601,25.622,674.149,866.795,14.834,39.028,0.564291,1.217922,0.342062
chartqa,1792,64,361,iter361,chartqa_val_361,31,16384,4096,64,394.48,0.731,2.297,357.236,28.419,454.498,456.969,1471.987,23.365,1928.956,2100.021,33.179,42.799,0.204504,0.440123,0.7631
chartqa,1792,64,362,iter362,chartqa_val_362,28,16384,4096,38,407.775,0.733,2.305,369.571,28.421,468.75,471.127,875.672,23.667,1346.798,1521.177,28.215,42.253,0.302774,0.650822,0.650188
chartqa,1792,64,363,iter363,chartqa_val_363,32,16384,4096,64,405.93,0.73,2.281,368.632,28.29,466.281,468.697,1498.272,23.782,1966.969,2216.81,32.537,42.048,0.206373,0.443429,0.761716
chartqa,1792,64,364,iter364,chartqa_val_364,29,16384,4096,31,393.107,0.734,2.301,354.961,28.351,453.568,456.024,664.319,22.144,1120.343,1297.751,27.67,45.159,0.350881,0.755728,0.592961
chartqa,1792,64,365,iter365,chartqa_val_365,33,16384,4096,64,400.02,0.734,2.317,362.929,28.235,460.083,462.438,1468.736,23.313,1931.174,2077.598,33.14,42.894,0.207138,0.445378,0.760541
chartqa,1792,64,366,iter366,chartqa_val_366,28,16384,4096,28,398.946,0.736,2.315,361.235,28.454,459.278,461.896,629.102,23.3,1090.998,1272.636,25.665,42.918,0.365671,0.786641,0.57663
chartqa,1792,64,367,iter367,chartqa_val_367,31,16384,4096,64,400.375,0.733,2.283,362.569,28.33,460.325,462.667,1397.0,22.175,1859.667,2018.175,34.415,45.097,0.215294,0.462825,0.75121
chartqa,1792,64,368,iter368,chartqa_val_368,30,16384,4096,25,386.418,0.732,2.365,339.923,28.368,446.834,450.168,580.42,24.184,1030.588,1299.126,24.258,41.349,0.374949,0.808521,0.563193
chartqa,1792,64,369,iter369,chartqa_val_369,34,16384,4096,64,363.387,0.736,2.306,322.013,28.276,423.449,426.202,1446.749,22.964,1872.951,2251.476,34.171,43.546,0.194018,0.420105,0.772444
chartqa,1792,64,370,iter370,chartqa_val_370,30,16384,4096,19,401.708,0.736,2.318,354.066,28.359,462.097,464.985,383.684,21.316,848.669,1134.925,22.388,46.914,0.473339,1.017835,0.452101
chartqa,1792,64,371,iter371,chartqa_val_371,30,16384,4096,64,380.175,0.734,2.294,342.387,28.355,441.025,443.5,1455.933,23.11,1899.433,2122.506,33.694,43.271,0.200152,0.43234,0.766509
chartqa,1792,64,372,iter372,chartqa_val_372,28,16384,4096,7,437.286,0.731,2.284,398.792,28.442,497.298,499.705,128.921,21.487,628.626,803.877,11.135,46.54,0.695622,1.486709,0.205084
chartqa,1792,64,373,iter373,chartqa_val_373,31,16384,4096,18,362.11,0.731,2.322,322.348,28.334,422.179,424.635,436.515,25.677,861.15,1018.691,20.902,38.945,0.420496,0.910746,0.506898
chartqa,1792,64,374,iter374,chartqa_val_374,29,16384,4096,13,369.507,0.733,2.264,332.563,28.354,429.713,432.057,265.523,22.127,697.58,882.819,18.636,45.194,0.529699,1.145705,0.380634
chartqa,1792,64,375,iter375,chartqa_val_375,31,16384,4096,64,366.037,0.734,2.286,328.712,28.292,426.27,428.698,1438.284,22.83,1866.982,2150.348,34.28,43.802,0.196058,0.424378,0.770379
chartqa,1792,64,376,iter376,chartqa_val_376,30,16384,4096,17,382.12,0.737,2.326,334.74,28.312,442.545,445.569,370.445,23.153,816.015,1053.843,20.833,43.191,0.468276,1.010601,0.453969
chartqa,1792,64,377,iter377,chartqa_val_377,36,16384,4096,36,402.922,0.731,2.277,365.499,28.293,463.248,465.66,764.809,21.852,1230.469,1449.3,29.257,45.763,0.327454,0.703935,0.621559
chartqa,1792,64,378,iter378,chartqa_val_378,29,16384,4096,31,399.81,0.736,2.288,360.779,28.384,460.014,462.503,646.24,21.541,1108.744,1289.078,27.96,46.422,0.360597,0.775494,0.582858
chartqa,1792,64,379,iter379,chartqa_val_379,32,16384,4096,16,371.304,0.734,2.308,331.158,28.362,431.699,434.377,324.169,21.611,758.546,1031.129,21.093,46.272,0.489494,1.058608,0.427356
chartqa,1792,64,380,iter380,chartqa_val_380,31,16384,4096,17,380.437,0.737,2.311,339.83,28.358,440.755,443.607,362.147,22.634,805.753,1070.805,21.098,44.181,0.47215,1.01916,0.449451
chartqa,1792,64,381,iter381,chartqa_val_381,41,16384,4096,64,529.492,0.732,2.29,488.635,28.366,589.904,592.438,1473.694,23.392,2066.131,2366.725,30.976,42.75,0.256272,0.541784,0.713262
chartqa,1792,64,382,iter382,chartqa_val_382,26,16384,4096,12,381.521,0.736,2.33,340.497,28.37,442.123,445.578,244.071,22.188,689.648,975.922,17.4,45.069,0.553211,1.194296,0.353906
chartqa,1792,64,383,iter383,chartqa_val_383,34,16384,4096,64,406.43,0.737,2.364,359.148,28.328,466.819,473.836,1429.982,22.698,1903.818,2087.39,33.617,44.056,0.213482,0.458683,0.751113
chartqa,1792,64,384,iter384,chartqa_val_384,29,16384,4096,11,361.892,0.735,2.286,324.919,28.321,422.109,424.551,213.553,21.355,638.104,814.335,17.239,46.827,0.567136,1.22864,0.334668
chartqa,1792,64,385,iter385,chartqa_val_385,39,16384,4096,64,375.707,0.734,2.273,336.14,28.339,435.771,438.133,1492.254,23.687,1930.387,2101.305,33.154,42.218,0.194628,0.420371,0.773034
chartqa,1792,64,386,iter386,chartqa_val_386,33,16384,4096,13,379.876,0.731,2.318,341.744,28.428,440.343,443.141,274.871,22.906,718.011,900.74,18.106,43.657,0.529067,1.142348,0.382822
chartqa,1792,64,387,iter387,chartqa_val_387,33,16384,4096,27,375.525,0.738,2.289,335.109,28.323,435.745,438.639,560.471,21.557,999.11,1177.263,27.024,46.39,0.375859,0.811993,0.56097
chartqa,1792,64,388,iter388,chartqa_val_388,30,16384,4096,31,364.259,0.733,2.306,327.325,28.319,424.489,426.916,702.264,23.409,1129.181,1300.552,27.454,42.719,0.322587,0.698514,0.621924
chartqa,1792,64,389,iter389,chartqa_val_389,33,16384,4096,53,372.763,0.737,2.27,324.363,28.303,432.661,435.082,1119.478,21.528,1554.559,1704.272,34.093,46.45,0.239787,0.518104,0.720125
chartqa,1792,64,390,iter390,chartqa_val_390,28,16384,4096,28,364.787,0.732,2.279,326.47,28.348,424.746,427.221,579.105,21.448,1006.326,1188.058,27.824,46.624,0.362494,0.78457,0.575464
chartqa,1792,64,391,iter391,chartqa_val_391,29,16384,4096,15,372.667,0.736,2.322,334.847,28.325,432.876,435.662,313.64,22.403,749.303,934.472,20.019,44.637,0.497352,1.075058,0.418576
chartqa,1792,64,392,iter392,chartqa_val_392,31,16384,4096,3,373.159,0.734,2.291,336.014,28.361,433.776,436.116,45.746,22.873,481.861,657.999,6.226,43.72,0.774412,1.674622,0.094936
chartqa,1792,64,393,iter393,chartqa_val_393,35,16384,4096,41,358.143,0.734,2.322,319.321,28.342,418.243,420.719,836.819,20.92,1257.538,1419.167,32.603,47.8,0.284797,0.617386,0.665442
chartqa,1792,64,394,iter394,chartqa_val_394,32,16384,4096,30,374.387,0.736,2.319,333.189,28.306,434.835,437.433,634.908,21.893,1072.341,1261.579,27.976,45.676,0.34913,0.754631,0.592076
chartqa,1792,64,395,iter395,chartqa_val_395,39,16384,4096,64,375.076,0.737,2.324,335.258,28.325,435.439,438.159,1421.689,22.566,1859.848,2031.115,34.411,44.313,0.20167,0.435796,0.764412
chartqa,1792,64,396,iter396,chartqa_val_396,34,16384,4096,29,382.856,0.735,2.336,345.131,28.304,443.529,446.353,704.286,25.153,1150.639,1329.725,25.203,39.757,0.332733,0.718196,0.612083
chartqa,1792,64,397,iter397,chartqa_val_397,37,16384,4096,19,362.779,0.734,2.311,325.753,28.279,422.865,425.39,430.826,23.935,856.215,1029.662,22.191,41.78,0.423701,0.917577,0.503175
chartqa,1792,64,398,iter398,chartqa_val_398,29,16384,4096,22,360.333,0.731,2.276,323.5,28.285,420.509,422.782,442.253,21.06,865.036,1026.688,25.432,47.484,0.416553,0.902672,0.511254
chartqa,1792,64,399,iter399,chartqa_val_399,30,16384,4096,35,357.518,0.731,2.282,320.581,28.288,417.436,419.749,717.196,21.094,1136.945,1304.228,30.784,47.407,0.314455,0.681611,0.63081
chartqa,1792,64,400,iter400,chartqa_val_400,30,16384,4096,40,367.206,0.73,2.316,330.378,28.261,427.272,429.927,885.272,22.699,1315.199,1492.175,30.414,44.054,0.279202,0.604074,0.673109
chartqa,1792,64,401,iter401,chartqa_val_401,35,16384,4096,64,367.524,0.734,2.3,330.55,28.287,427.796,430.214,1370.234,21.75,1800.448,1978.257,35.547,45.978,0.204129,0.441735,0.761052
chartqa,1792,64,402,iter402,chartqa_val_402,28,16384,4096,13,367.715,0.735,2.319,328.551,28.257,427.768,430.299,268.254,22.355,698.553,876.594,18.61,44.734,0.526394,1.138757,0.384014
chartqa,1792,64,403,iter403,chartqa_val_403,36,16384,4096,46,355.651,0.729,2.289,318.771,28.277,415.543,417.914,952.81,21.174,1370.724,1536.343,33.559,47.229,0.259462,0.562618,0.695114
chartqa,1792,64,404,iter404,chartqa_val_404,43,16384,4096,31,368.003,0.734,2.328,330.803,28.33,428.587,431.466,689.092,22.97,1120.557,1298.391,27.665,43.536,0.32841,0.710887,0.614954
chartqa,1792,64,405,iter405,chartqa_val_405,50,16384,4096,64,358.833,0.735,2.33,319.967,28.259,419.228,421.908,1339.094,21.255,1761.003,1937.742,36.343,47.047,0.203767,0.441829,0.760416
chartqa,1792,64,406,iter406,chartqa_val_406,28,16384,4096,19,363.713,0.731,2.309,326.44,28.379,423.954,426.379,391.271,21.737,817.65,975.89,23.237,46.004,0.444828,0.96333,0.478531
chartqa,1792,64,407,iter407,chartqa_val_407,35,16384,4096,64,373.315,0.732,2.286,335.338,28.384,433.848,436.235,1494.079,23.716,1930.314,2089.452,33.155,42.166,0.193396,0.418151,0.774008
chartqa,1792,64,408,iter408,chartqa_val_408,36,16384,4096,31,360.207,0.734,2.327,323.285,28.271,420.142,422.877,630.115,21.004,1052.991,1226.213,29.44,47.61,0.34208,0.741078,0.598404
chartqa,1792,64,409,iter409,chartqa_val_409,41,16384,4096,64,392.654,0.734,2.313,355.456,28.407,453.53,456.466,1435.21,22.781,1891.676,2076.676,33.832,43.896,0.207569,0.44732,0.758698
chartqa,1792,64,410,iter410,chartqa_val_410,36,16384,4096,26,429.542,0.734,2.336,386.777,28.459,489.951,492.655,565.298,22.612,1057.954,1261.498,24.576,44.224,0.406012,0.869124,0.534332
chartqa,1792,64,411,iter411,chartqa_val_411,33,16384,4096,64,369.656,0.734,2.283,332.313,28.268,429.75,432.105,1393.938,22.126,1826.043,2010.45,35.048,45.196,0.202436,0.43778,0.763365
chartqa,1792,64,412,iter412,chartqa_val_412,30,16384,4096,8,371.426,0.738,2.333,333.109,28.291,431.74,434.436,159.095,22.728,593.531,764.627,13.479,43.999,0.62579,1.353199,0.268048
chartqa,1792,64,413,iter413,chartqa_val_413,33,16384,4096,64,365.344,0.735,2.358,327.365,28.245,425.309,427.714,1369.64,21.74,1797.353,1961.285,35.608,45.998,0.203267,0.439898,0.762031
chartqa,1792,64,414,iter414,chartqa_val_414,36,16384,4096,23,372.318,0.731,2.253,332.372,28.376,432.856,435.232,498.275,22.649,933.507,1121.469,24.638,44.152,0.398837,0.862525,0.533767
chartqa,1792,64,415,iter415,chartqa_val_415,38,16384,4096,64,374.348,0.732,2.319,334.434,28.323,434.77,437.485,1401.299,22.243,1838.784,2018.65,34.806,44.958,0.203584,0.440029,0.762079
chartqa,1792,64,416,iter416,chartqa_val_416,34,16384,4096,25,374.085,0.731,2.349,336.823,28.333,434.721,437.678,540.663,22.528,978.341,1168.084,25.553,44.39,0.382367,0.826712,0.552633
chartqa,1792,64,417,iter417,chartqa_val_417,40,16384,4096,64,366.608,0.736,2.314,327.295,28.305,426.783,429.346,1365.824,21.68,1795.17,1966.279,35.651,46.126,0.204219,0.441959,0.760833
chartqa,1792,64,418,iter418,chartqa_val_418,31,16384,4096,43,506.28,0.733,2.279,468.47,28.327,566.298,568.66,984.177,23.433,1552.837,1711.355,27.691,42.675,0.326035,0.690721,0.633793
chartqa,1792,64,419,iter419,chartqa_val_419,38,16384,4096,64,377.582,0.73,2.28,337.381,28.287,437.436,439.868,1403.279,22.274,1843.147,2022.026,34.723,44.895,0.204857,0.442189,0.761349
chartqa,1792,64,420,iter420,chartqa_val_420,28,16384,4096,44,367.586,0.735,2.263,330.327,28.315,427.712,430.074,959.813,22.321,1389.886,1564.002,31.657,44.8,0.264472,0.572203,0.690569
chartqa,1792,64,421,iter421,chartqa_val_421,33,16384,4096,64,383.377,0.736,2.276,346.548,28.316,443.608,446.06,1415.921,22.475,1861.981,2024.563,34.372,44.494,0.205897,0.444143,0.760438
chartqa,1792,64,422,iter422,chartqa_val_422,30,16384,4096,64,382.411,0.732,2.376,344.603,28.362,442.783,445.643,1426.666,22.645,1872.308,2065.873,34.182,44.159,0.204246,0.440736,0.761982
chartqa,1792,64,423,iter423,chartqa_val_423,31,16384,4096,64,373.676,0.732,2.297,335.22,28.323,433.938,436.837,1439.2,22.844,1876.037,2045.408,34.114,43.774,0.199183,0.430489,0.767149
chartqa,1792,64,424,iter424,chartqa_val_424,30,16384,4096,15,368.598,0.733,2.3,327.554,28.339,428.869,431.357,317.714,22.694,749.071,917.078,20.025,44.065,0.492074,1.064608,0.424144
chartqa,1792,64,425,iter425,chartqa_val_425,39,16384,4096,64,357.347,0.735,2.276,319.788,28.284,417.719,420.216,1312.202,20.829,1732.418,1897.343,36.943,48.011,0.206271,0.44739,0.75744
chartqa,1792,64,426,iter426,chartqa_val_426,27,16384,4096,32,359.619,0.735,2.293,322.875,28.261,419.929,422.36,652.789,21.058,1075.148,1234.666,29.763,47.489,0.334483,0.725061,0.607161
chartqa,1792,64,427,iter427,chartqa_val_427,29,16384,4096,34,357.537,0.735,2.287,318.612,28.298,417.572,419.896,732.201,22.188,1152.097,1300.548,29.511,45.07,0.310335,0.672781,0.635538
chartqa,1792,64,428,iter428,chartqa_val_428,33,16384,4096,29,365.686,0.734,2.28,325.479,28.25,425.746,428.105,587.668,20.988,1015.773,1188.633,28.55,47.646,0.360008,0.779143,0.578543
chartqa,1792,64,429,iter429,chartqa_val_429,37,16384,4096,41,361.081,0.73,2.297,323.95,28.316,421.136,423.527,859.128,21.478,1282.655,1474.581,31.965,46.559,0.28151,0.609841,0.669804
chartqa,1792,64,430,iter430,chartqa_val_430,30,16384,4096,11,372.436,0.735,2.294,335.702,28.25,432.863,435.343,221.336,22.134,656.679,848.344,16.751,45.18,0.567152,1.226323,0.337053
chartqa,1792,64,431,iter431,chartqa_val_431,37,16384,4096,20,361.627,0.737,2.307,324.542,28.283,421.822,424.614,402.595,21.189,827.209,990.229,24.178,47.194,0.437166,0.947099,0.48669
chartqa,1792,64,432,iter432,chartqa_val_432,30,16384,4096,13,369.756,0.735,2.296,330.818,28.237,430.294,432.866,264.351,22.029,697.217,857.639,18.646,45.394,0.530331,1.14749,0.379152
chartqa,1792,64,433,iter433,chartqa_val_433,31,16384,4096,51,376.061,0.734,2.261,338.771,28.319,436.046,438.43,1190.015,23.8,1628.444,1804.45,31.318,42.016,0.230933,0.498701,0.730768
chartqa,1792,64,434,iter434,chartqa_val_434,32,16384,4096,23,360.535,0.735,2.313,320.969,28.232,420.705,423.168,465.663,21.167,888.832,1037.356,25.877,47.244,0.405628,0.878952,0.523905
chartqa,1792,64,435,iter435,chartqa_val_435,31,16384,4096,18,357.304,0.732,2.275,320.106,28.246,417.215,419.539,352.476,20.734,772.015,937.318,23.316,48.23,0.46282,1.003244,0.456567
chartqa,1792,64,436,iter436,chartqa_val_436,30,16384,4096,8,376.399,0.731,2.279,336.135,28.325,436.606,438.877,161.218,23.031,600.095,772.38,13.331,43.419,0.627233,1.354794,0.268654
chartqa,1792,64,437,iter437,chartqa_val_437,33,16384,4096,2,361.683,0.734,2.295,321.422,28.278,421.933,424.327,21.847,21.847,446.174,623.137,4.483,45.772,0.810631,1.756298,0.048966
chartqa,1792,64,438,iter438,chartqa_val_438,32,16384,4096,20,370.637,0.729,2.318,333.358,28.357,431.24,433.59,437.702,23.037,871.292,1020.042,22.954,43.409,0.425388,0.920332,0.50236
chartqa,1792,64,439,iter439,chartqa_val_439,35,16384,4096,18,384.043,0.734,2.371,345.857,28.586,444.512,447.716,402.848,23.697,850.564,1043.784,21.162,42.2,0.451515,0.974123,0.473624
chartqa,1792,64,440,iter440,chartqa_val_440,33,16384,4096,15,389.831,0.731,2.314,351.95,28.313,449.931,452.281,311.999,22.286,764.279,942.584,19.626,44.872,0.510064,1.098764,0.408226
chartqa,1792,64,441,iter441,chartqa_val_441,35,16384,4096,64,362.844,0.732,2.285,325.615,28.31,423.38,425.834,1359.304,21.576,1785.138,1946.695,35.852,46.347,0.203258,0.440428,0.761456
chartqa,1792,64,442,iter442,chartqa_val_442,29,16384,4096,15,360.386,0.735,2.317,322.71,28.368,420.785,423.166,303.84,21.703,727.006,902.163,20.633,46.077,0.495713,1.074504,0.417933
chartqa,1792,64,443,iter443,chartqa_val_443,32,16384,4096,30,362.128,0.734,2.272,325.225,28.275,422.709,425.075,625.944,21.584,1051.019,1216.273,28.544,46.33,0.344549,0.746738,0.595559
chartqa,1792,64,444,iter444,chartqa_val_444,33,16384,4096,54,367.521,0.73,2.289,330.118,28.29,428.124,430.457,1183.934,22.338,1614.391,1780.389,33.449,44.766,0.227653,0.492845,0.733363
chartqa,1792,64,445,iter445,chartqa_val_445,36,16384,4096,64,370.932,0.733,2.319,328.677,28.328,431.401,434.005,1378.156,21.875,1812.161,1995.505,35.317,45.713,0.20469,0.442749,0.760504
chartqa,1792,64,446,iter446,chartqa_val_446,33,16384,4096,25,384.236,0.731,2.276,343.6,28.314,444.642,447.068,505.854,21.077,952.923,1137.772,26.235,47.445,0.403218,0.869826,0.530845
chartqa,1792,64,447,iter447,chartqa_val_447,38,16384,4096,64,376.949,0.734,2.304,337.902,28.304,437.202,439.558,1432.195,22.733,1871.753,2025.05,34.193,43.988,0.201388,0.434967,0.765162
chartqa,1792,64,448,iter448,chartqa_val_448,31,16384,4096,7,375.586,0.735,2.293,336.861,28.368,436.044,438.473,136.061,22.677,574.534,750.968,12.184,44.098,0.653722,1.412675,0.236819
chartqa,1792,64,449,iter449,chartqa_val_449,32,16384,4096,19,371.189,0.734,2.318,334.244,28.29,431.332,433.654,403.115,22.395,836.769,1013.344,22.706,44.652,0.443597,0.959071,0.481752
chartqa,1792,64,450,iter450,chartqa_val_450,35,16384,4096,36,377.407,0.736,2.299,340.469,28.29,437.813,440.178,810.402,23.154,1250.579,1423.982,28.787,43.188,0.301786,0.651874,0.648021
chartqa,1792,64,451,iter451,chartqa_val_451,36,16384,4096,20,371.556,0.731,2.294,332.398,28.284,431.901,434.256,443.108,23.321,877.364,1038.683,22.796,42.879,0.423491,0.915762,0.505044
chartqa,1792,64,452,iter452,chartqa_val_452,29,16384,4096,7,370.108,0.734,2.301,331.498,28.357,430.567,433.294,136.123,22.687,569.417,737.751,12.293,44.078,0.649976,1.40613,0.239057
chartqa,1792,64,453,iter453,chartqa_val_453,32,16384,4096,64,355.185,0.733,2.27,317.559,28.274,415.7,418.118,1304.676,20.709,1722.793,1908.946,37.149,48.288,0.206168,0.447462,0.757302
chartqa,1792,64,454,iter454,chartqa_val_454,45,16384,4096,50,360.541,0.735,2.284,319.199,28.281,420.984,423.407,1005.015,20.511,1428.422,1592.207,35.004,48.756,0.252405,0.547125,0.703584
chartqa,1792,64,455,iter455,chartqa_val_455,31,16384,4096,23,356.722,0.734,2.264,319.38,28.273,416.659,418.941,471.33,21.424,890.272,1061.566,25.835,46.676,0.400689,0.868702,0.529423
chartqa,1792,64,456,iter456,chartqa_val_456,30,16384,4096,9,466.281,0.734,2.278,423.746,28.261,526.501,528.83,169.257,21.157,698.087,858.172,12.892,47.265,0.667941,1.422146,0.242459
chartqa,1792,64,457,iter457,chartqa_val_457,34,16384,4096,64,417.457,0.735,2.255,376.726,28.396,477.913,480.268,1326.472,21.055,1806.74,1970.239,35.423,47.494,0.231055,0.495572,0.73418
chartqa,1792,64,458,iter458,chartqa_val_458,30,16384,4096,8,369.59,0.731,2.298,331.772,28.297,429.591,432.148,152.356,21.765,584.504,757.724,13.687,45.945,0.632314,1.367281,0.260659
chartqa,1792,64,459,iter459,chartqa_val_459,35,16384,4096,64,368.129,0.736,2.283,329.345,28.273,428.465,430.873,1424.523,22.611,1855.395,2007.096,34.494,44.225,0.19841,0.429339,0.767773
chartqa,1792,64,460,iter460,chartqa_val_460,30,16384,4096,11,377.918,0.736,2.313,338.724,28.338,438.456,441.04,226.614,22.661,667.654,847.432,16.476,44.128,0.56604,1.222752,0.339418
chartqa,1792,64,461,iter461,chartqa_val_461,31,16384,4096,64,396.188,0.738,2.363,357.887,28.408,456.32,459.915,1410.517,22.389,1870.431,2045.667,34.217,44.664,0.211816,0.455781,0.754113
chartqa,1792,64,462,iter462,chartqa_val_462,29,16384,4096,8,386.045,0.734,2.323,348.804,28.409,446.254,448.897,157.075,22.439,605.972,785.983,13.202,44.565,0.637067,1.373493,0.259211
chartqa,1792,64,463,iter463,chartqa_val_463,33,16384,4096,64,371.697,0.732,2.281,334.449,28.276,431.62,433.959,1407.41,22.34,1841.369,1987.508,34.757,44.763,0.201859,0.436261,0.764328
chartqa,1792,64,464,iter464,chartqa_val_464,33,16384,4096,20,369.547,0.733,2.305,329.986,28.211,429.52,431.966,388.914,20.469,820.88,998.663,24.364,48.854,0.450183,0.973426,0.473776
chartqa,1792,64,465,iter465,chartqa_val_465,37,16384,4096,60,375.947,0.736,2.261,338.763,28.301,436.114,438.419,1357.972,23.016,1796.391,1960.034,33.4,43.447,0.209279,0.452051,0.755944
chartqa,1792,64,466,iter466,chartqa_val_466,31,16384,4096,64,372.032,0.736,2.288,332.884,28.308,432.29,434.594,1407.733,22.345,1842.327,2017.919,34.739,44.753,0.201936,0.436579,0.764106
chartqa,1792,64,467,iter467,chartqa_val_467,46,16384,4096,64,371.629,0.729,2.31,334.15,28.344,431.962,434.745,1449.471,23.007,1884.217,2058.085,33.966,43.464,0.197233,0.426486,0.76927
chartqa,1792,64,468,iter468,chartqa_val_468,27,16384,4096,21,379.495,0.733,2.305,342.202,28.327,439.748,442.186,456.568,22.828,898.754,1082.719,23.366,43.805,0.422245,0.911532,0.508001
chartqa,1792,64,469,iter469,chartqa_val_469,48,16384,4096,64,380.836,0.732,2.28,343.697,28.235,440.946,443.216,1446.747,22.964,1889.963,2066.6,33.863,43.546,0.201505,0.434814,0.76549
chartqa,1792,64,470,iter470,chartqa_val_470,30,16384,4096,64,365.81,0.73,2.318,324.989,28.279,426.113,428.642,1368.244,21.718,1796.886,1978.363,35.617,46.044,0.20358,0.44072,0.761453
chartqa,1792,64,471,iter471,chartqa_val_471,34,16384,4096,64,377.974,0.735,2.312,341.109,28.253,438.297,440.912,1409.123,22.367,1850.035,2015.14,34.594,44.709,0.204307,0.44122,0.761674
chartqa,1792,64,472,iter472,chartqa_val_472,37,16384,4096,29,370.105,0.736,2.301,333.388,28.299,430.625,433.132,617.143,22.041,1050.275,1231.687,27.612,45.37,0.352389,0.7624,0.587601
chartqa,1792,64,473,iter473,chartqa_val_473,40,16384,4096,48,367.745,0.733,2.305,330.268,28.265,427.934,430.494,1041.145,22.152,1471.639,1640.722,32.617,45.143,0.249888,0.540676,0.707473
chartqa,1792,64,474,iter474,chartqa_val_474,36,16384,4096,20,373.199,0.736,2.302,332.118,28.298,433.481,435.923,428.527,22.554,864.45,1040.179,23.136,44.338,0.431718,0.933171,0.495722
chartqa,1792,64,475,iter475,chartqa_val_475,32,16384,4096,64,378.654,0.736,2.311,340.281,28.466,438.961,441.382,1492.337,23.688,1933.719,2096.404,33.097,42.216,0.195816,0.42282,0.771744
chartqa,1792,64,476,iter476,chartqa_val_476,44,16384,4096,26,359.158,0.734,2.294,321.199,28.318,419.551,421.89,558.562,22.342,980.452,1165.936,26.518,44.758,0.366319,0.794235,0.569699
chartqa,1792,64,477,iter477,chartqa_val_477,39,16384,4096,64,366.699,0.736,2.281,328.211,28.265,426.87,429.362,1429.983,22.698,1859.345,2031.514,34.421,44.056,0.19722,0.4268,0.769079
chartqa,1792,64,478,iter478,chartqa_val_478,26,16384,4096,12,370.71,0.734,2.345,327.918,28.34,431.261,433.915,243.903,22.173,677.818,877.877,17.704,45.1,0.546917,1.183166,0.359836
chartqa,1792,64,479,iter479,chartqa_val_479,33,16384,4096,40,363.53,0.73,2.306,326.388,28.257,423.932,426.424,847.052,21.719,1273.475,1452.87,31.41,46.042,0.285463,0.618357,0.66515
chartqa,1792,64,480,iter480,chartqa_val_480,28,16384,4096,32,385.147,0.734,2.299,347.011,28.397,445.466,447.952,730.572,23.567,1178.525,1367.312,27.153,42.432,0.326805,0.70479,0.619904
chartqa,1792,64,481,iter481,chartqa_val_481,35,16384,4096,23,358.568,0.737,2.298,318.869,28.253,418.94,421.568,458.115,20.823,879.683,1050.31,26.146,48.023,0.407611,0.88385,0.520773
chartqa,1792,64,482,iter482,chartqa_val_482,35,16384,4096,30,366.047,0.735,2.291,328.065,28.292,426.022,428.351,637.956,21.998,1066.307,1248.46,28.134,45.458,0.343285,0.742815,0.598285
chartqa,1792,64,483,iter483,chartqa_val_483,32,16384,4096,64,369.579,0.733,2.286,332.602,28.245,429.714,432.087,1413.57,22.438,1845.658,2030.058,34.676,44.568,0.200243,0.433067,0.76589
chartqa,1792,64,484,iter484,chartqa_val_484,37,16384,4096,36,369.84,0.735,2.293,333.055,28.272,430.228,432.598,786.66,22.476,1219.258,1390.874,29.526,44.492,0.303332,0.656193,0.645196
chartqa,1792,64,485,iter485,chartqa_val_485,29,16384,4096,12,368.42,0.734,2.286,330.425,28.316,429.189,431.61,244.805,22.255,676.415,855.465,17.741,44.934,0.544666,1.179172,0.361916
chartqa,1792,64,486,iter486,chartqa_val_486,44,16384,4096,26,369.984,0.732,2.332,332.597,28.29,430.86,433.529,562.373,22.495,995.902,1191.995,26.107,44.455,0.371507,0.80414,0.564687
chartqa,1792,64,487,iter487,chartqa_val_487,34,16384,4096,49,361.177,0.735,2.289,323.862,28.355,421.402,423.908,1063.342,22.153,1487.251,1680.956,32.947,45.141,0.242849,0.526192,0.714972
chartqa,1792,64,488,iter488,chartqa_val_488,27,16384,4096,23,371.494,0.733,2.328,333.27,28.314,431.932,434.536,489.773,22.262,924.309,1118.85,24.883,44.919,0.401915,0.869218,0.52988
chartqa,1792,64,489,iter489,chartqa_val_489,30,16384,4096,64,374.8,0.733,2.299,335.553,28.305,435.185,437.586,1414.622,22.454,1852.208,2060.053,34.553,44.535,0.202353,0.437308,0.763749
chartqa,1792,64,490,iter490,chartqa_val_490,29,16384,4096,14,372.527,0.736,2.335,334.925,28.364,432.889,435.503,293.175,22.552,728.678,954.747,19.213,44.342,0.511236,1.105311,0.402338
chartqa,1792,64,491,iter491,chartqa_val_491,34,16384,4096,64,362.634,0.734,2.3,324.946,28.283,422.962,425.501,1382.155,21.939,1807.656,1999.038,35.405,45.581,0.20061,0.434594,0.764612
chartqa,1792,64,492,iter492,chartqa_val_492,32,16384,4096,64,363.033,0.736,2.328,323.312,28.348,423.28,425.772,1354.073,21.493,1779.844,1967.181,35.958,46.526,0.203969,0.441787,0.760782
chartqa,1792,64,493,iter493,chartqa_val_493,30,16384,4096,64,489.437,0.734,2.315,452.17,28.434,549.616,552.129,1452.282,23.052,2004.411,2193.414,31.93,43.38,0.24418,0.518383,0.724543
chartqa,1792,64,494,iter494,chartqa_val_494,48,16384,4096,30,372.727,0.733,2.273,333.115,28.27,432.919,435.44,635.651,21.919,1071.091,1273.517,28.009,45.623,0.347988,0.752173,0.593461
chartqa,1792,64,495,iter495,chartqa_val_495,54,16384,4096,36,361.693,0.732,2.265,324.391,28.285,800.842,803.282,746.526,21.329,1549.808,1740.542,23.229,46.884,0.233379,0.750115,0.48169
chartqa,1792,64,496,iter496,chartqa_val_496,31,16384,4096,27,369.373,0.731,2.27,331.124,28.334,429.341,431.777,557.717,21.451,989.494,1210.15,27.287,46.619,0.373295,0.807195,0.563639
chartqa,1792,64,497,iter497,chartqa_val_497,34,16384,4096,64,371.492,0.731,2.277,331.04,28.382,431.788,434.249,1364.241,21.655,1798.49,2047.282,35.585,46.18,0.206558,0.446641,0.758548
chartqa,1792,64,498,iter498,chartqa_val_498,31,16384,4096,52,373.053,0.734,2.284,335.522,28.409,433.137,435.583,1131.649,22.189,1567.232,1746.016,33.18,45.067,0.238033,0.514403,0.722068
chartqa,1792,64,499,iter499,chartqa_val_499,44,16384,4096,64,379.555,0.736,2.301,337.322,28.296,439.83,442.757,1398.652,22.201,1841.409,2707.733,34.756,45.043,0.206122,0.444977,0.759555
docvqa,1792,1024,0,iter000,docvqa_49153,44,16384,4096,31,414.18,0.729,2.35,356.278,28.365,474.393,477.919,768.204,25.607,1246.123,1462.543,24.877,39.052,0.332375,0.71307,0.616475
docvqa,1792,1024,1,iter001,docvqa_24580,27,16384,4096,16,433.067,0.728,2.311,395.987,28.325,492.524,494.973,298.401,19.893,793.373,963.987,20.167,50.268,0.545856,1.166653,0.376116
docvqa,1792,1024,2,iter002,docvqa_57349,29,16384,4096,11,400.842,0.73,2.288,359.846,28.134,828.246,830.549,224.715,22.471,1055.264,1307.382,10.424,44.501,0.37985,1.164721,0.212947
docvqa,1792,1024,3,iter003,docvqa_24581,27,16384,4096,9,399.049,0.731,2.319,360.0,28.232,458.703,461.124,228.408,28.551,689.532,877.054,13.052,35.025,0.578724,1.243961,0.33125
docvqa,1792,1024,4,iter004,docvqa_24582,28,16384,4096,10,396.92,0.726,2.325,359.863,28.22,913.305,915.906,207.41,23.046,1123.315,1336.06,8.902,43.392,0.353347,1.166392,0.184641
docvqa,1792,1024,5,iter005,docvqa_39079,29,16384,4096,37,513.821,0.729,2.312,476.097,28.212,573.649,576.434,1786.803,49.633,2363.237,2572.284,15.656,20.148,0.217423,0.460161,0.756083
docvqa,1792,1024,6,iter006,docvqa_57357,35,16384,4096,25,339.289,0.728,2.286,302.455,28.114,826.615,829.003,532.386,22.183,1361.39,1636.937,18.364,45.08,0.249223,0.856408,0.391061
docvqa,1792,1024,7,iter007,docvqa_24426,28,16384,4096,19,383.274,0.729,2.307,345.134,28.296,443.159,445.705,393.793,21.877,839.498,1101.518,22.633,45.709,0.456552,0.984437,0.469082
docvqa,1792,1024,8,iter008,docvqa_49168,30,16384,4096,24,362.403,0.731,2.294,325.017,28.141,864.36,867.084,567.99,24.695,1435.074,1683.484,16.724,40.494,0.252532,0.854843,0.395791
docvqa,1792,1024,9,iter009,docvqa_24423,34,16384,4096,23,401.981,0.726,2.3,363.669,28.179,861.443,864.204,563.459,25.612,1427.662,1682.856,16.11,39.045,0.281566,0.884959,0.394672
docvqa,1792,1024,10,iter010,docvqa_49172,36,16384,4096,32,405.096,0.727,2.289,365.747,28.245,868.748,871.549,743.692,23.99,1615.241,1809.799,19.811,41.684,0.250796,0.78864,0.460422
docvqa,1792,1024,11,iter011,docvqa_57364,32,16384,4096,17,424.377,0.729,2.309,384.148,28.435,879.137,881.803,396.664,24.792,1278.467,1566.661,13.297,40.336,0.331942,1.019592,0.310265
docvqa,1792,1024,12,iter012,docvqa_57366,33,16384,4096,17,398.267,0.728,2.284,361.36,28.238,864.669,867.101,362.459,22.654,1229.561,1453.953,13.826,44.143,0.32391,1.027144,0.294788
docvqa,1792,1024,13,iter013,docvqa_57368,37,16384,4096,17,381.788,0.728,2.326,343.867,28.175,873.895,876.539,378.891,23.681,1255.43,1478.161,13.541,42.229,0.304109,1.000202,0.301802
docvqa,1792,1024,14,iter014,docvqa_49177,31,16384,4096,27,358.558,0.728,2.307,319.804,28.088,826.982,829.602,586.296,22.55,1415.898,1591.753,19.069,44.346,0.253237,0.837307,0.414081
docvqa,1792,1024,15,iter015,docvqa_57370,34,16384,4096,27,430.17,0.728,2.281,391.957,28.235,490.131,492.548,620.617,23.87,1113.165,1332.519,24.255,41.894,0.386439,0.826743,0.557524
docvqa,1792,1024,16,iter016,docvqa_57371,49,16384,4096,30,425.736,0.727,2.346,377.865,28.204,854.151,857.821,2806.974,96.792,3664.794,4081.758,8.186,10.331,0.116169,0.349238,0.765929
docvqa,1792,1024,17,iter017,docvqa_57372,44,16384,4096,25,396.863,0.733,2.3,357.311,28.154,456.638,459.316,567.568,23.649,1026.884,1230.398,24.346,42.286,0.386473,0.831156,0.552709
docvqa,1792,1024,18,iter018,docvqa_49181,39,16384,4096,40,380.051,0.724,2.31,341.457,28.167,881.63,884.084,876.31,22.469,1760.394,1947.298,22.722,44.505,0.21589,0.716704,0.497792
docvqa,1792,1024,19,iter019,docvqa_57373,37,16384,4096,23,383.745,0.732,2.338,344.447,28.222,443.695,446.835,447.835,20.356,894.67,1110.944,25.708,49.125,0.428923,0.924855,0.500559
docvqa,1792,1024,20,iter020,docvqa_57374,29,16384,4096,18,390.144,0.728,2.286,351.392,28.109,449.829,452.093,433.029,25.472,885.122,1082.297,20.336,39.258,0.440779,0.94899,0.489231
docvqa,1792,1024,21,iter021,docvqa_57375,27,16384,4096,32,365.955,0.726,2.291,328.797,28.165,425.955,428.569,742.168,23.941,1170.737,1381.116,27.333,41.769,0.312585,0.676421,0.633933
docvqa,1792,1024,22,iter022,docvqa_57376,34,16384,4096,19,353.172,0.729,2.343,305.211,28.094,413.034,415.801,450.991,25.055,866.792,1176.365,21.92,39.912,0.407447,0.883957,0.520299
docvqa,1792,1024,23,iter023,docvqa_49187,31,16384,4096,30,349.208,0.727,2.267,311.956,28.156,408.94,411.295,685.853,23.65,1097.149,1280.735,27.344,42.283,0.318287,0.691017,0.625123
docvqa,1792,1024,24,iter024,docvqa_16424,30,16384,4096,20,397.537,0.727,2.281,360.562,28.156,457.475,459.795,516.334,27.175,976.129,1163.714,20.489,36.798,0.407259,0.875921,0.528961
docvqa,1792,1024,25,iter025,docvqa_57386,34,16384,4096,19,380.416,0.727,2.288,341.47,28.381,440.169,442.56,431.526,23.974,874.085,1084.361,21.737,41.712,0.435216,0.938793,0.493688
docvqa,1792,1024,26,iter026,docvqa_57387,35,16384,4096,20,372.263,0.73,2.277,334.795,28.24,432.173,434.481,477.024,25.107,911.505,1098.338,21.942,39.83,0.408405,0.882537,0.523337
docvqa,1792,1024,27,iter027,docvqa_57388,35,16384,4096,20,375.823,0.729,2.287,328.572,28.197,435.466,438.087,488.807,25.727,926.895,1248.423,21.577,38.87,0.405465,0.875277,0.52736
docvqa,1792,1024,28,iter028,docvqa_16429,29,16384,4096,13,397.879,0.728,2.293,360.431,28.206,458.024,460.413,256.507,21.376,716.92,957.259,18.133,46.782,0.554983,1.19386,0.357791
docvqa,1792,1024,29,iter029,docvqa_16430,31,16384,4096,13,454.115,0.729,2.311,416.852,28.215,514.424,517.335,245.915,20.493,763.251,977.434,17.032,48.797,0.594975,1.268965,0.322195
docvqa,1792,1024,30,iter030,docvqa_57391,29,16384,4096,11,386.382,0.728,2.323,348.91,28.188,446.874,449.644,232.467,23.247,682.11,895.866,16.126,43.017,0.56645,1.221585,0.340805
docvqa,1792,1024,31,iter031,docvqa_57395,32,16384,4096,15,398.441,0.728,2.296,358.245,28.196,458.455,461.046,360.434,25.745,821.479,1032.603,18.26,38.842,0.485029,1.043114,0.438762
docvqa,1792,1024,32,iter032,docvqa_16437,37,16384,4096,20,340.723,0.728,2.274,303.501,28.093,400.143,402.564,418.388,22.02,820.951,1025.807,24.362,45.412,0.415034,0.902448,0.509638
docvqa,1792,1024,33,iter033,docvqa_16440,35,16384,4096,19,400.222,0.726,2.319,363.014,28.191,459.955,462.834,452.015,25.112,914.849,1124.931,20.768,39.822,0.437473,0.940239,0.494087
docvqa,1792,1024,34,iter034,docvqa_57402,32,16384,4096,32,377.538,0.728,2.292,339.073,28.147,437.234,439.648,712.245,22.976,1151.893,1373.646,27.78,43.524,0.327755,0.707333,0.618326
docvqa,1792,1024,35,iter035,docvqa_57403,36,16384,4096,32,440.414,0.728,2.289,403.033,28.261,501.259,503.732,701.388,22.625,1205.12,1450.308,26.553,44.198,0.365453,0.781394,0.582007
docvqa,1792,1024,36,iter036,docvqa_57404,40,16384,4096,28,497.014,0.728,2.279,440.612,28.246,924.686,927.1,615.584,22.799,1542.683,1756.644,18.15,43.861,0.322175,0.921576,0.399034
docvqa,1792,1024,37,iter037,docvqa_16444,37,16384,4096,24,379.335,0.729,2.351,341.448,28.201,439.311,442.234,607.004,26.391,1049.238,1277.073,22.874,37.891,0.361534,0.780229,0.578519
docvqa,1792,1024,38,iter038,docvqa_57407,36,16384,4096,21,402.751,0.726,2.295,363.465,28.164,462.409,464.997,487.491,24.375,952.488,1183.44,22.048,41.026,0.422841,0.908316,0.511808
docvqa,1792,1024,39,iter039,docvqa_16447,39,16384,4096,26,401.675,0.729,2.365,362.907,28.135,461.482,465.303,601.989,24.08,1067.292,1281.958,24.361,41.529,0.37635,0.808735,0.564034
docvqa,1792,1024,40,iter040,docvqa_57409,29,16384,4096,11,368.031,0.727,2.317,330.33,28.181,427.933,430.549,266.692,26.669,697.242,977.273,15.776,37.496,0.527839,1.14159,0.382496
docvqa,1792,1024,41,iter041,docvqa_16450,29,16384,4096,11,423.186,0.73,2.268,383.607,28.256,483.068,485.42,268.699,26.87,754.12,939.53,14.587,37.216,0.561165,1.201737,0.356309
docvqa,1792,1024,42,iter042,docvqa_57410,33,16384,4096,17,414.006,0.727,2.278,373.908,28.158,473.838,476.254,385.882,24.118,862.135,1084.741,19.718,41.463,0.48021,1.02982,0.447588
docvqa,1792,1024,43,iter043,docvqa_57411,35,16384,4096,29,560.235,0.729,2.322,523.448,28.191,620.199,622.939,717.078,25.61,1340.017,1556.64,21.642,39.047,0.418081,0.88091,0.535126
docvqa,1792,1024,44,iter044,docvqa_57413,33,16384,4096,42,371.925,0.728,2.296,333.171,28.126,431.571,434.195,1064.361,25.96,1498.556,1747.879,28.027,38.521,0.248189,0.53618,0.710258
docvqa,1792,1024,45,iter045,docvqa_57414,35,16384,4096,19,377.679,0.725,2.339,337.028,28.201,437.269,440.983,407.716,22.651,848.699,1132.272,22.387,44.148,0.445009,0.960232,0.480401
docvqa,1792,1024,46,iter046,docvqa_57415,34,16384,4096,26,381.519,0.723,2.299,343.739,28.17,441.025,443.655,541.417,21.657,985.073,1210.402,26.394,46.175,0.387301,0.835009,0.549622
docvqa,1792,1024,47,iter047,docvqa_57416,34,16384,4096,18,383.686,0.728,2.378,328.08,28.149,443.073,447.592,365.806,21.518,813.398,1208.752,22.129,46.473,0.471708,1.016426,0.449726
docvqa,1792,1024,48,iter048,docvqa_57417,32,16384,4096,15,404.924,0.727,2.317,367.254,28.143,465.357,468.38,354.709,25.336,823.089,1057.886,18.224,39.469,0.491956,1.057334,0.430948
docvqa,1792,1024,49,iter049,docvqa_57418,33,16384,4096,16,344.23,0.729,2.28,305.63,28.083,403.768,406.259,336.971,22.465,743.23,971.939,21.528,44.514,0.463154,1.006415,0.453388
docvqa,1792,1024,50,iter050,docvqa_24437,27,16384,4096,16,356.336,0.728,2.273,316.766,28.118,416.045,418.528,390.595,26.04,809.123,1121.608,19.774,38.403,0.440398,0.95459,0.482739
docvqa,1792,1024,51,iter051,docvqa_24438,29,16384,4096,13,367.487,0.726,2.274,330.691,28.12,427.266,429.87,266.363,22.197,696.233,911.273,18.672,45.051,0.527821,1.141503,0.382578
docvqa,1792,1024,52,iter052,docvqa_16455,41,16384,4096,27,438.565,0.732,2.289,399.884,28.257,884.74,887.161,624.299,24.012,1511.46,1766.14,17.864,41.647,0.29016,0.875515,0.413044
docvqa,1792,1024,53,iter053,docvqa_16456,30,16384,4096,13,397.02,0.731,2.316,360.006,28.144,456.648,459.166,268.486,22.374,727.652,915.641,17.866,44.695,0.545618,1.173183,0.368976
docvqa,1792,1024,54,iter054,docvqa_16463,31,16384,4096,13,391.458,0.726,2.312,354.151,28.205,451.31,453.905,305.268,25.439,759.173,969.379,17.124,39.31,0.515638,1.110114,0.402106
docvqa,1792,1024,55,iter055,docvqa_49234,31,16384,4096,15,370.335,0.73,2.299,332.426,28.149,429.941,432.316,360.985,25.785,793.301,997.045,18.908,38.783,0.466828,1.008792,0.455042
docvqa,1792,1024,56,iter056,docvqa_57428,35,16384,4096,17,402.32,0.729,2.311,363.515,28.207,462.488,465.097,400.681,25.043,865.777,1056.546,19.636,39.932,0.464692,0.99888,0.462799
docvqa,1792,1024,57,iter057,docvqa_24440,25,16384,4096,18,371.537,0.725,2.294,333.9,28.157,858.5,861.066,1443.614,84.918,2304.68,2505.143,7.81,11.776,0.16121,0.533713,0.626384
docvqa,1792,1024,58,iter058,docvqa_16468,39,16384,4096,26,472.474,0.729,2.334,421.993,28.33,532.752,535.86,581.082,23.243,1116.942,1321.532,23.278,43.023,0.423006,0.89998,0.520244
docvqa,1792,1024,59,iter059,docvqa_57431,36,16384,4096,21,375.57,0.731,2.297,335.486,28.113,435.22,437.676,391.97,19.599,829.646,1049.471,25.312,51.024,0.452687,0.977273,0.472455
docvqa,1792,1024,60,iter060,docvqa_16473,31,16384,4096,13,418.598,0.727,2.337,367.884,28.238,478.217,481.796,263.506,21.959,745.302,1114.099,17.443,45.54,0.561649,1.20329,0.353556
docvqa,1792,1024,61,iter061,docvqa_49242,26,16384,4096,12,370.781,0.733,2.266,333.511,28.187,813.058,815.373,239.568,21.779,1054.941,1278.534,11.375,45.916,0.35147,1.122185,0.227091
docvqa,1792,1024,62,iter062,docvqa_57439,34,16384,4096,53,401.301,0.729,2.308,363.368,28.149,461.046,463.445,5368.396,103.238,5831.841,6074.222,9.088,9.686,0.068812,0.147869,0.920532
docvqa,1792,1024,63,iter063,docvqa_57440,35,16384,4096,17,375.269,0.729,2.278,337.634,28.162,434.87,437.256,359.361,22.46,796.617,1062.943,21.34,44.523,0.471079,1.016975,0.451109
docvqa,1792,1024,64,iter064,docvqa_32870,36,16384,4096,43,376.129,0.73,2.3,338.712,28.206,435.925,438.75,1022.069,24.335,1460.82,1799.417,29.436,41.093,0.257478,0.555889,0.699655
docvqa,1792,1024,65,iter065,docvqa_32871,43,16384,4096,29,397.071,0.729,2.301,357.535,28.232,885.592,888.004,664.388,23.728,1552.392,1798.794,18.681,42.144,0.25578,0.826249,0.427977
docvqa,1792,1024,66,iter066,docvqa_32872,34,16384,4096,17,345.561,0.731,2.302,308.529,28.158,405.089,407.654,338.393,21.15,746.047,1012.443,22.787,47.282,0.463189,1.00617,0.453581
docvqa,1792,1024,67,iter067,docvqa_32873,34,16384,4096,22,371.87,0.727,2.281,335.311,28.146,431.908,434.289,515.898,24.567,950.188,1266.721,23.153,40.706,0.391365,0.845916,0.542944
docvqa,1792,1024,68,iter068,docvqa_32874,31,16384,4096,13,344.439,0.727,2.308,305.763,28.118,404.005,406.575,291.498,24.292,698.073,999.67,18.623,41.167,0.493414,1.072156,0.417575
docvqa,1792,1024,69,iter069,docvqa_32875,33,16384,4096,21,372.171,0.725,2.292,334.624,28.156,432.102,434.604,594.978,29.749,1029.583,1283.124,20.397,33.615,0.361478,0.781164,0.577883
docvqa,1792,1024,70,iter070,docvqa_32876,33,16384,4096,22,341.206,0.732,2.261,302.161,28.113,400.615,403.001,526.532,25.073,929.533,1193.836,23.668,39.884,0.367073,0.798057,0.566447
docvqa,1792,1024,71,iter071,docvqa_32877,31,16384,4096,28,350.234,0.727,2.279,312.865,28.195,409.922,412.277,626.828,23.216,1039.106,1298.02,26.946,43.074,0.337053,0.731547,0.603238
docvqa,1792,1024,72,iter072,docvqa_32878,31,16384,4096,12,398.784,0.728,2.342,358.733,28.235,458.429,462.241,251.942,22.904,714.183,1109.794,16.802,43.661,0.558377,1.200269,0.35277
docvqa,1792,1024,73,iter073,docvqa_32879,35,16384,4096,18,429.139,0.728,2.305,378.077,28.181,489.89,492.568,396.002,23.294,888.57,1216.979,20.257,42.929,0.482955,1.034279,0.445662
docvqa,1792,1024,74,iter074,docvqa_57449,29,16384,4096,11,408.092,0.731,2.326,368.912,28.377,467.964,470.58,254.606,25.461,725.186,949.594,15.169,39.276,0.562741,1.208043,0.351091
docvqa,1792,1024,75,iter075,docvqa_32881,32,16384,4096,25,426.975,0.731,2.357,380.176,28.173,487.294,490.839,633.174,26.382,1124.013,1427.802,22.242,37.904,0.379867,0.813397,0.563315
docvqa,1792,1024,76,iter076,docvqa_32882,36,16384,4096,27,384.65,0.724,2.35,346.916,28.256,444.486,447.388,632.579,24.33,1079.967,1345.332,25.001,41.102,0.356169,0.767742,0.585739
docvqa,1792,1024,77,iter077,docvqa_32883,29,16384,4096,23,446.042,0.729,2.288,406.665,28.214,506.601,509.16,510.215,23.192,1019.374,1249.053,22.563,43.119,0.437565,0.934537,0.500518
docvqa,1792,1024,78,iter078,docvqa_57452,33,16384,4096,16,447.362,0.726,2.303,409.438,28.327,507.671,510.164,303.374,20.225,813.538,1027.812,19.667,49.444,0.549897,1.173926,0.372907
docvqa,1792,1024,79,iter079,docvqa_32885,32,16384,4096,18,352.292,0.729,2.304,312.866,28.158,412.137,414.531,383.622,22.566,798.153,1008.341,22.552,44.314,0.441384,0.957747,0.480637
docvqa,1792,1024,80,iter080,docvqa_32886,37,16384,4096,23,486.184,0.726,2.271,449.358,28.182,545.768,548.178,509.813,23.173,1057.991,1368.807,21.739,43.153,0.459535,0.975388,0.481869
docvqa,1792,1024,81,iter081,docvqa_57454,34,16384,4096,57,351.796,0.725,2.267,312.009,28.21,411.464,414.174,3395.62,60.636,3809.794,4161.618,14.961,16.492,0.09234,0.200342,0.891287
docvqa,1792,1024,82,iter082,docvqa_49263,41,16384,4096,30,354.695,0.73,2.318,317.762,28.206,414.338,417.12,743.777,25.647,1160.897,1459.98,25.842,38.99,0.305535,0.662447,0.640692
docvqa,1792,1024,83,iter083,docvqa_32889,31,16384,4096,25,351.052,0.728,2.29,313.714,28.154,410.547,412.987,541.31,22.555,954.298,1189.497,26.197,44.337,0.367864,0.798072,0.567234
docvqa,1792,1024,84,iter084,docvqa_32890,32,16384,4096,16,373.816,0.728,2.322,333.46,28.122,433.584,436.742,376.724,25.115,813.466,1108.404,19.669,39.817,0.459535,0.992544,0.46311
docvqa,1792,1024,85,iter085,docvqa_32891,39,16384,4096,35,498.855,0.726,2.296,438.821,28.139,558.897,561.903,843.629,24.813,1405.533,1686.485,24.902,40.302,0.354922,0.752563,0.60022
docvqa,1792,1024,86,iter086,docvqa_32892,31,16384,4096,17,410.824,0.727,2.309,373.524,28.164,470.31,472.9,405.302,25.331,878.203,1159.669,19.358,39.477,0.467801,1.003338,0.461513
docvqa,1792,1024,87,iter087,docvqa_32893,33,16384,4096,21,353.314,0.73,2.33,314.88,28.223,412.984,415.761,428.937,21.447,844.698,1108.264,24.861,46.627,0.418272,0.907185,0.507799
docvqa,1792,1024,88,iter088,docvqa_32894,36,16384,4096,20,377.65,0.727,2.345,334.861,28.143,437.571,441.428,487.523,25.659,928.951,1268.925,21.53,38.972,0.406534,0.877572,0.52481
docvqa,1792,1024,89,iter089,docvqa_49274,36,16384,4096,19,377.394,0.727,2.327,336.204,28.164,437.272,439.973,474.939,26.385,914.912,1183.376,20.767,37.9,0.412492,0.890431,0.519108
docvqa,1792,1024,90,iter090,docvqa_32896,29,16384,4096,13,342.107,0.728,2.284,304.884,28.071,401.828,404.206,237.699,19.808,641.904,861.399,20.252,50.484,0.532956,1.158949,0.370302
docvqa,1792,1024,91,iter091,docvqa_32897,28,16384,4096,14,380.734,0.729,2.272,341.515,28.175,440.254,442.501,303.127,23.317,745.628,989.578,18.776,42.886,0.510622,1.10107,0.40654
docvqa,1792,1024,92,iter092,docvqa_32898,27,16384,4096,23,373.979,0.73,2.293,334.827,28.122,434.107,436.503,614.767,27.944,1051.27,1366.381,21.878,35.786,0.355741,0.768676,0.584785
docvqa,1792,1024,93,iter093,docvqa_57475,36,16384,4096,16,368.921,0.729,2.291,330.339,28.128,428.416,430.874,375.123,25.008,805.997,1035.821,19.851,39.987,0.457719,0.989254,0.465415
docvqa,1792,1024,94,iter094,docvqa_32900,32,16384,4096,20,344.562,0.726,2.271,305.003,28.095,404.189,406.589,413.771,21.777,820.36,1035.935,24.38,45.919,0.420013,0.91271,0.504377
docvqa,1792,1024,95,iter095,docvqa_57476,40,16384,4096,23,344.261,0.725,2.281,307.571,28.086,403.681,405.98,475.417,21.61,881.398,1093.156,26.095,46.275,0.390585,0.848586,0.53939
docvqa,1792,1024,96,iter096,docvqa_49279,30,16384,4096,11,390.031,0.725,2.35,340.761,28.11,449.676,453.082,205.004,20.5,658.086,914.899,16.715,48.779,0.592675,1.275984,0.311516
docvqa,1792,1024,97,iter097,docvqa_49285,30,16384,4096,12,411.871,0.727,2.303,374.517,28.297,472.015,474.781,293.281,26.662,768.062,1074.769,15.624,37.507,0.536247,1.150801,0.381845
docvqa,1792,1024,98,iter098,docvqa_49292,35,16384,4096,46,370.122,0.729,2.351,330.987,28.215,429.892,432.613,1046.132,23.247,1478.745,1737.146,31.107,43.016,0.250294,0.541009,0.707446
docvqa,1792,1024,99,iter099,docvqa_16529,29,16384,4096,15,395.371,0.725,2.266,357.973,28.138,455.081,457.621,307.007,21.929,764.628,1024.145,19.617,45.602,0.517076,1.112242,0.401511
docvqa,1792,1024,100,iter100,docvqa_49297,34,16384,4096,19,393.195,0.727,2.278,355.701,28.148,453.086,455.502,448.657,24.925,904.159,1132.897,21.014,40.12,0.434874,0.935988,0.496215
docvqa,1792,1024,101,iter101,docvqa_16533,31,16384,4096,23,367.781,0.727,2.274,331.339,28.122,427.274,429.849,565.925,25.724,995.774,1210.243,23.098,38.874,0.369342,0.79843,0.568326
docvqa,1792,1024,102,iter102,docvqa_49304,31,16384,4096,15,402.745,0.728,2.274,365.312,28.136,462.329,464.714,341.058,24.361,805.773,1048.349,18.616,41.049,0.499824,1.073595,0.423269
docvqa,1792,1024,103,iter103,docvqa_16539,31,16384,4096,23,346.105,0.725,2.303,307.246,28.104,405.4,407.926,485.276,22.058,893.203,1153.941,25.75,45.335,0.387488,0.841361,0.543299
docvqa,1792,1024,104,iter104,docvqa_16553,31,16384,4096,20,420.286,0.725,2.324,383.278,28.169,479.929,482.746,464.475,24.446,947.221,1228.007,21.114,40.906,0.443704,0.950375,0.490355
docvqa,1792,1024,105,iter105,docvqa_49322,33,16384,4096,17,403.942,0.731,2.32,361.12,28.498,464.45,467.216,399.793,24.987,867.009,1129.333,19.608,40.021,0.465903,1.001595,0.461118
docvqa,1792,1024,106,iter106,docvqa_57515,37,16384,4096,18,380.44,0.728,2.298,342.381,28.354,440.256,442.786,463.264,27.251,906.05,1126.261,19.866,36.696,0.419888,0.905795,0.511301
docvqa,1792,1024,107,iter107,docvqa_49323,29,16384,4096,13,405.217,0.731,2.325,366.209,28.267,465.144,467.675,286.542,23.878,754.217,1011.666,17.236,41.879,0.537268,1.153992,0.379919
docvqa,1792,1024,108,iter108,docvqa_57517,29,16384,4096,10,398.865,0.726,2.346,354.527,28.215,458.59,461.905,229.991,25.555,691.896,1043.892,14.453,39.132,0.576482,1.239284,0.332407
docvqa,1792,1024,109,iter109,docvqa_49324,32,16384,4096,14,363.351,0.728,2.287,324.151,28.179,422.984,425.39,334.117,25.701,759.507,968.648,18.433,38.909,0.478404,1.035323,0.439913
docvqa,1792,1024,110,iter110,docvqa_57519,30,16384,4096,11,352.476,0.728,2.284,312.818,28.147,412.039,414.482,220.525,22.052,635.007,894.752,17.323,45.346,0.555074,1.203947,0.34728
docvqa,1792,1024,111,iter111,docvqa_49325,30,16384,4096,14,382.156,0.732,2.273,345.561,28.2,441.627,443.841,264.566,20.351,708.407,924.034,19.763,49.137,0.539459,1.162868,0.373467
docvqa,1792,1024,112,iter112,docvqa_57521,31,16384,4096,14,374.942,0.73,2.308,331.076,28.148,435.45,438.129,276.412,21.262,714.541,970.887,19.593,47.031,0.524731,1.134143,0.386838
docvqa,1792,1024,113,iter113,docvqa_49326,30,16384,4096,18,411.334,0.724,2.308,371.562,28.155,471.152,474.016,380.732,22.396,854.748,1203.592,21.059,44.651,0.481235,1.032453,0.445432
docvqa,1792,1024,114,iter114,docvqa_57523,33,16384,4096,16,407.251,0.727,2.305,369.567,28.237,466.919,469.416,334.635,22.309,804.051,1041.784,19.899,44.825,0.506499,1.087207,0.416187
docvqa,1792,1024,115,iter115,docvqa_57524,34,16384,4096,15,377.171,0.726,2.344,339.544,28.208,437.068,439.898,364.784,26.056,804.682,1021.651,18.641,38.379,0.46872,1.011876,0.453327
docvqa,1792,1024,116,iter116,docvqa_57525,42,16384,4096,25,375.434,0.725,2.337,338.26,28.155,832.392,835.208,544.29,22.679,1379.499,1681.507,18.123,44.094,0.272153,0.875554,0.394557
docvqa,1792,1024,117,iter117,docvqa_57526,29,16384,4096,11,431.145,0.729,2.293,393.869,28.318,491.295,493.754,205.669,20.567,699.423,894.943,15.727,48.622,0.61643,1.318859,0.294055
docvqa,1792,1024,118,iter118,docvqa_57527,34,16384,4096,18,493.96,0.73,2.314,457.06,28.117,553.713,556.018,473.348,27.844,1029.366,1238.599,17.486,35.914,0.479868,1.017785,0.459844
docvqa,1792,1024,119,iter119,docvqa_57528,35,16384,4096,28,371.893,0.731,2.277,333.808,28.152,431.738,434.342,643.738,23.842,1078.08,1307.309,25.972,41.943,0.344958,0.745427,0.597116
docvqa,1792,1024,120,iter120,docvqa_57529,33,16384,4096,30,391.111,0.73,2.299,344.725,28.169,450.818,453.833,608.1,20.969,1061.932,1490.61,28.25,47.69,0.368301,0.792827,0.572635
docvqa,1792,1024,121,iter121,docvqa_57530,29,16384,4096,11,409.839,0.727,2.334,365.634,28.851,469.665,473.538,264.137,26.414,737.674,1037.582,14.912,37.859,0.555582,1.192266,0.358067
docvqa,1792,1024,122,iter122,docvqa_57531,33,16384,4096,16,402.632,0.729,2.311,365.137,28.236,462.58,465.27,383.576,25.572,848.846,1057.425,18.849,39.106,0.474329,1.019281,0.451879
docvqa,1792,1024,123,iter123,docvqa_57532,38,16384,4096,23,419.058,0.73,2.34,378.511,28.192,923.232,926.211,611.012,27.773,1537.223,1773.711,14.962,36.006,0.272607,0.873192,0.397478
docvqa,1792,1024,124,iter124,docvqa_57533,39,16384,4096,19,446.603,0.729,2.322,407.927,28.252,507.45,510.336,419.434,23.302,929.77,1169.112,20.435,42.915,0.480337,1.026118,0.451116
docvqa,1792,1024,125,iter125,docvqa_16568,27,16384,4096,11,414.981,0.729,2.306,377.619,28.177,474.926,477.68,237.57,23.757,715.25,937.766,15.379,42.093,0.580191,1.244191,0.33215
docvqa,1792,1024,126,iter126,docvqa_16574,37,16384,4096,26,400.067,0.731,2.278,362.788,28.145,460.048,462.528,639.903,25.596,1102.431,1313.346,23.584,39.068,0.362895,0.780199,0.580447
docvqa,1792,1024,127,iter127,docvqa_57537,36,16384,4096,20,447.08,0.728,2.382,399.865,28.18,507.014,510.592,430.304,22.648,940.897,1195.921,21.256,44.155,0.475164,1.014027,0.457334
docvqa,1792,1024,128,iter128,docvqa_57539,36,16384,4096,20,415.999,0.729,2.326,377.959,28.197,476.022,478.412,433.969,22.84,912.381,1137.877,21.921,43.782,0.455949,0.977685,0.475644
docvqa,1792,1024,129,iter129,docvqa_57540,37,16384,4096,20,405.549,0.727,2.319,367.11,28.123,465.669,468.449,459.73,24.196,928.179,1277.948,21.548,41.329,0.436929,0.938632,0.495303
docvqa,1792,1024,130,iter130,docvqa_57543,31,16384,4096,20,429.3,0.727,2.351,380.866,28.251,489.416,495.765,451.906,23.785,947.671,1352.087,21.104,42.044,0.453006,0.969447,0.47686
docvqa,1792,1024,131,iter131,docvqa_57550,27,16384,4096,9,383.605,0.729,2.354,343.75,28.185,443.403,446.749,209.267,26.158,656.016,1338.523,13.719,38.229,0.584749,1.260651,0.318997
docvqa,1792,1024,132,iter132,docvqa_49361,31,16384,4096,11,384.754,0.729,2.279,344.928,28.201,445.212,447.542,282.923,28.292,730.465,980.63,15.059,35.345,0.526725,1.136216,0.38732
docvqa,1792,1024,133,iter133,docvqa_49362,29,16384,4096,18,411.9,0.729,2.301,371.983,28.239,471.751,474.298,468.532,27.561,942.829,1187.423,19.091,36.284,0.436876,0.937233,0.496942
docvqa,1792,1024,134,iter134,docvqa_57557,36,16384,4096,26,400.689,0.73,2.359,362.67,28.186,460.366,463.528,597.364,23.895,1060.891,1678.225,24.508,41.851,0.377691,0.811634,0.563077
docvqa,1792,1024,135,iter135,docvqa_49366,34,16384,4096,15,432.22,0.729,2.302,394.407,28.199,492.047,494.441,311.674,22.262,806.115,1053.02,18.608,44.919,0.536177,1.14657,0.386637
docvqa,1792,1024,136,iter136,docvqa_32984,33,16384,4096,18,373.672,0.729,2.266,334.182,28.214,433.72,436.11,431.673,25.393,867.783,1086.067,20.743,39.382,0.430606,0.930408,0.497444
docvqa,1792,1024,137,iter137,docvqa_49369,28,16384,4096,12,370.855,0.724,2.297,334.279,28.167,430.879,433.501,282.883,25.717,716.383,999.132,16.751,38.885,0.517677,1.119142,0.394876
docvqa,1792,1024,138,iter138,docvqa_57562,29,16384,4096,11,410.252,0.729,2.272,371.87,28.241,470.122,472.465,258.403,25.84,730.868,967.225,15.051,38.699,0.561321,1.204558,0.353557
docvqa,1792,1024,139,iter139,docvqa_32986,33,16384,4096,18,363.118,0.727,2.332,316.279,28.092,422.684,426.249,393.691,23.158,819.94,1104.866,21.953,43.181,0.442859,0.958365,0.480146
docvqa,1792,1024,140,iter140,docvqa_57564,26,16384,4096,81,368.694,0.723,2.275,330.025,28.129,428.58,430.908,10212.004,127.65,10642.912,10878.77,7.611,7.834,0.034642,0.074911,0.959512
docvqa,1792,1024,141,iter141,docvqa_49373,36,16384,4096,15,407.152,0.731,2.332,369.43,28.286,467.217,469.916,351.354,25.097,821.27,1091.534,18.264,39.846,0.49576,1.064656,0.427817
docvqa,1792,1024,142,iter142,docvqa_16606,29,16384,4096,11,434.192,0.734,2.307,396.595,28.238,494.582,497.452,282.773,28.277,780.225,1017.11,14.098,35.364,0.556496,1.190392,0.362425
docvqa,1792,1024,143,iter143,docvqa_223,29,16384,4096,14,412.324,0.73,2.287,373.027,28.205,472.173,474.823,366.262,28.174,841.085,1176.284,16.645,35.494,0.490229,1.051615,0.435464
docvqa,1792,1024,144,iter144,docvqa_224,30,16384,4096,16,379.968,0.731,2.347,340.755,28.255,439.587,442.307,394.388,26.293,836.694,1173.159,19.123,38.034,0.45413,0.979516,0.471364
docvqa,1792,1024,145,iter145,docvqa_16609,32,16384,4096,18,396.554,0.731,2.302,357.271,28.165,456.418,459.878,454.698,26.747,914.576,1144.1,19.681,37.387,0.433594,0.932643,0.497168
docvqa,1792,1024,146,iter146,docvqa_57566,34,16384,4096,17,347.75,0.728,2.298,309.11,28.112,407.264,409.586,376.309,23.519,785.895,1020.014,21.631,42.518,0.44249,0.960706,0.478828
docvqa,1792,1024,147,iter147,docvqa_16611,28,16384,4096,20,383.725,0.729,2.267,345.445,28.241,443.884,446.317,574.671,30.246,1020.987,1222.863,19.589,33.062,0.375837,0.810597,0.562858
docvqa,1792,1024,148,iter148,docvqa_49376,35,16384,4096,13,348.386,0.728,2.296,311.103,28.201,407.914,410.358,316.174,26.348,726.532,1005.426,17.893,37.954,0.479519,1.040972,0.435182
docvqa,1792,1024,149,iter149,docvqa_49381,34,16384,4096,17,350.378,0.732,2.299,313.456,28.148,410.152,412.556,371.011,23.188,783.567,1074.468,21.696,43.125,0.447157,0.970599,0.47349
docvqa,1792,1024,150,iter150,docvqa_32989,33,16384,4096,17,355.005,0.727,2.307,318.048,28.175,414.761,417.236,399.998,25.0,817.234,1091.544,20.802,40.0,0.434399,0.941916,0.489453
docvqa,1792,1024,151,iter151,docvqa_231,33,16384,4096,16,350.509,0.73,2.283,312.982,28.114,410.223,412.557,364.114,24.274,776.671,991.183,20.601,41.196,0.451296,0.979478,0.468813
docvqa,1792,1024,152,iter152,docvqa_232,27,16384,4096,17,416.024,0.731,2.278,365.836,28.149,475.911,478.188,372.633,23.29,850.821,1039.022,19.981,42.938,0.488968,1.048322,0.437969
docvqa,1792,1024,153,iter153,docvqa_32994,35,16384,4096,17,386.453,0.728,2.294,346.784,28.208,446.079,448.545,326.144,20.384,774.69,1117.914,21.944,49.058,0.498849,1.074665,0.421
docvqa,1792,1024,154,iter154,docvqa_234,32,16384,4096,83,380.473,0.731,2.289,334.096,28.148,440.311,442.896,6251.104,76.233,6694.0,7002.57,12.399,13.118,0.056838,0.122615,0.933837
docvqa,1792,1024,155,iter155,docvqa_4931,32,16384,4096,21,513.382,0.728,2.367,472.321,28.371,573.08,576.937,415.018,20.751,991.955,1320.453,21.17,48.191,0.517545,1.095273,0.418384
docvqa,1792,1024,156,iter156,docvqa_32995,33,16384,4096,17,479.934,0.728,2.313,420.433,28.116,539.605,543.03,355.548,22.222,898.578,1175.069,18.919,45.001,0.534104,1.134614,0.395678
docvqa,1792,1024,157,iter157,docvqa_237,36,16384,4096,18,405.501,0.729,2.321,360.864,28.187,465.349,469.003,451.208,26.542,920.211,1217.915,19.561,37.677,0.440661,0.94636,0.490331
docvqa,1792,1024,158,iter158,docvqa_49390,27,16384,4096,8,373.964,0.731,2.274,332.913,28.14,433.552,436.097,198.67,28.381,634.767,890.761,12.603,35.234,0.589135,1.272145,0.312981
docvqa,1792,1024,159,iter159,docvqa_49391,30,16384,4096,23,428.434,0.729,2.282,389.282,28.273,487.972,490.361,502.084,22.822,992.444,1242.044,23.175,43.817,0.431696,0.923384,0.505906
docvqa,1792,1024,160,iter160,docvqa_49392,29,16384,4096,13,410.089,0.727,2.305,370.168,28.204,469.381,472.021,241.298,20.108,713.32,918.073,18.225,49.731,0.574902,1.232926,0.338275
docvqa,1792,1024,161,iter161,docvqa_49393,25,16384,4096,18,412.383,0.728,2.297,375.071,28.199,472.034,474.936,480.028,28.237,954.964,1167.35,18.849,35.415,0.431831,0.926126,0.502666
docvqa,1792,1024,162,iter162,docvqa_49394,30,16384,4096,16,352.885,0.726,2.336,313.918,28.136,412.3,414.945,307.966,20.531,722.91,942.306,22.133,48.707,0.488145,1.058478,0.426008
docvqa,1792,1024,163,iter163,docvqa_49395,27,16384,4096,20,376.671,0.728,2.331,338.723,28.183,436.285,439.335,498.455,26.234,937.79,1154.181,21.327,38.118,0.401658,0.866884,0.531521
docvqa,1792,1024,164,iter164,docvqa_49396,29,16384,4096,22,380.725,0.73,2.297,339.521,28.141,440.77,443.35,515.676,24.556,959.026,1171.671,22.94,40.723,0.396991,0.856593,0.537708
docvqa,1792,1024,165,iter165,docvqa_49397,28,16384,4096,16,419.073,0.728,2.34,377.583,28.223,478.736,481.244,385.621,25.708,866.865,1081.49,18.457,38.898,0.483435,1.035695,0.444846
docvqa,1792,1024,166,iter166,docvqa_49398,29,16384,4096,14,392.326,0.731,2.312,354.875,28.177,452.517,454.937,301.375,23.183,756.312,962.491,18.511,43.136,0.518735,1.117056,0.39848
docvqa,1792,1024,167,iter167,docvqa_49399,30,16384,4096,11,356.001,0.73,2.307,317.003,28.175,415.704,418.046,207.392,20.739,625.438,839.8,17.588,48.218,0.569203,1.233864,0.331595
docvqa,1792,1024,168,iter168,docvqa_49400,44,16384,4096,26,387.622,0.728,2.307,347.239,28.186,447.302,449.888,515.912,20.636,965.8,1169.039,26.921,48.458,0.401348,0.86449,0.534181
docvqa,1792,1024,169,iter169,docvqa_49401,32,16384,4096,17,388.889,0.725,2.29,348.059,28.146,448.777,451.051,352.494,22.031,803.546,1019.902,21.156,45.391,0.483967,1.042462,0.438674
docvqa,1792,1024,170,iter170,docvqa_49402,27,16384,4096,31,403.794,0.731,2.306,365.712,28.14,463.441,466.093,722.1,24.07,1188.193,1384.223,26.09,41.545,0.339839,0.729878,0.60773
docvqa,1792,1024,171,iter171,docvqa_49403,30,16384,4096,10,348.818,0.729,2.323,311.505,28.076,408.079,410.872,184.835,20.537,595.708,1024.943,16.787,48.692,0.585552,1.270585,0.310279
docvqa,1792,1024,172,iter172,docvqa_49404,34,16384,4096,25,408.584,0.727,2.273,371.026,28.163,468.53,470.886,622.472,25.936,1093.357,1307.379,22.865,38.556,0.373697,0.80222,0.569321
docvqa,1792,1024,173,iter173,docvqa_254,27,16384,4096,18,360.53,0.727,2.314,321.308,28.11,420.241,422.698,450.446,26.497,873.144,1065.107,20.615,37.74,0.412911,0.894207,0.51589
docvqa,1792,1024,174,iter174,docvqa_255,31,16384,4096,16,344.739,0.731,2.286,306.982,28.097,404.279,406.494,317.729,21.182,724.223,903.715,22.093,47.21,0.476012,1.034236,0.438717
docvqa,1792,1024,175,iter175,docvqa_256,37,16384,4096,19,377.78,0.73,2.293,340.751,28.194,437.821,440.154,448.867,24.937,889.021,1124.04,21.372,40.101,0.424939,0.917414,0.5049
docvqa,1792,1024,176,iter176,docvqa_49406,31,16384,4096,16,386.363,0.728,2.347,349.033,28.23,446.511,449.42,382.429,25.495,831.849,1132.103,19.234,39.223,0.464463,1.001232,0.459733
docvqa,1792,1024,177,iter177,docvqa_265,28,16384,4096,36,353.823,0.723,2.301,309.157,28.078,413.322,416.12,864.805,24.709,1280.925,1687.182,28.105,40.472,0.276225,0.598899,0.675141
docvqa,1792,1024,178,iter178,docvqa_266,30,16384,4096,17,386.959,0.73,2.311,349.28,28.266,446.77,449.357,366.693,22.918,816.05,1047.259,20.832,43.633,0.474185,1.021664,0.449351
docvqa,1792,1024,179,iter179,docvqa_267,30,16384,4096,27,396.165,0.729,2.289,357.304,28.291,456.055,458.352,584.944,22.498,1043.296,1242.028,25.88,44.449,0.379724,0.816853,0.560669
docvqa,1792,1024,180,iter180,docvqa_271,29,16384,4096,17,393.823,0.728,2.308,352.935,28.148,453.24,455.592,376.86,23.554,832.453,1055.954,20.422,42.456,0.473087,1.017551,0.452711
docvqa,1792,1024,181,iter181,docvqa_49432,30,16384,4096,38,447.558,0.73,2.296,408.758,28.76,507.193,509.613,949.212,25.654,1458.825,1713.066,26.048,38.98,0.306794,0.654466,0.650669
docvqa,1792,1024,182,iter182,docvqa_283,39,16384,4096,22,371.427,0.728,2.273,332.912,28.135,431.223,433.582,517.057,24.622,950.639,1183.609,23.142,40.614,0.390713,0.844326,0.543904
docvqa,1792,1024,183,iter183,docvqa_284,34,16384,4096,29,380.6,0.729,2.321,342.019,28.308,442.425,445.06,630.475,22.517,1075.535,1281.839,26.963,44.411,0.35387,0.765223,0.586196
docvqa,1792,1024,184,iter184,docvqa_285,32,16384,4096,16,349.842,0.73,2.278,313.412,28.075,409.472,411.828,384.693,25.646,796.521,1019.25,20.087,38.992,0.439213,0.953288,0.482966
docvqa,1792,1024,185,iter185,docvqa_49437,32,16384,4096,15,408.731,0.729,2.262,371.933,28.203,468.661,470.843,351.679,25.12,822.522,1053.284,18.237,39.809,0.496924,1.066709,0.427562
docvqa,1792,1024,186,iter186,docvqa_49442,31,16384,4096,15,400.445,0.731,2.302,363.62,28.171,460.294,462.679,388.071,27.719,850.75,1100.849,17.632,36.076,0.470697,1.011742,0.456151
docvqa,1792,1024,187,iter187,docvqa_292,32,16384,4096,29,371.683,0.731,2.275,331.334,28.375,431.871,434.164,620.539,22.162,1054.703,1249.869,27.496,45.122,0.352405,0.761877,0.588354
docvqa,1792,1024,188,iter188,docvqa_296,34,16384,4096,15,420.648,0.728,2.322,381.269,28.272,480.666,483.683,372.297,26.593,855.98,1075.405,17.524,37.604,0.491423,1.052962,0.434937
docvqa,1792,1024,189,iter189,docvqa_297,33,16384,4096,17,442.736,0.725,2.331,404.897,28.175,502.545,505.304,357.917,22.37,863.22,1092.852,19.694,44.703,0.512888,1.095064,0.41463
docvqa,1792,1024,190,iter190,docvqa_298,29,16384,4096,12,383.468,0.73,2.342,331.551,28.109,443.006,446.332,232.776,21.161,679.108,1005.89,17.67,47.256,0.564664,1.217,0.342767
docvqa,1792,1024,191,iter191,docvqa_49449,28,16384,4096,17,402.658,0.728,2.328,364.779,28.174,463.028,465.863,359.819,22.489,825.682,1106.407,20.589,44.467,0.487667,1.04845,0.435784
docvqa,1792,1024,192,iter192,docvqa_300,37,16384,4096,20,403.077,0.73,2.281,363.507,28.214,462.597,464.888,469.814,24.727,934.702,1134.074,21.397,40.442,0.431235,0.926148,0.502635
docvqa,1792,1024,193,iter193,docvqa_49454,33,16384,4096,20,482.688,0.73,2.302,440.861,28.137,542.439,545.101,382.522,20.133,927.623,1211.82,21.56,49.67,0.520349,1.105111,0.412368
docvqa,1792,1024,194,iter194,docvqa_303,37,16384,4096,17,414.215,0.731,2.317,367.275,28.105,473.684,476.965,387.099,24.194,864.063,1060.823,19.674,41.333,0.47938,1.027586,0.447998
docvqa,1792,1024,195,iter195,docvqa_304,35,16384,4096,28,385.543,0.729,2.283,346.473,28.109,445.385,447.751,594.684,22.025,1042.435,1246.17,26.86,45.402,0.369849,0.797104,0.570476
docvqa,1792,1024,196,iter196,docvqa_305,30,16384,4096,19,398.346,0.732,2.312,360.469,28.193,458.031,460.655,373.84,20.769,834.495,1031.492,22.768,48.149,0.47735,1.026222,0.447984
docvqa,1792,1024,197,iter197,docvqa_49455,28,16384,4096,40,380.396,0.731,2.359,342.956,28.179,440.063,444.39,1027.495,26.346,1471.885,1861.046,27.176,37.956,0.258441,0.55742,0.698081
docvqa,1792,1024,198,iter198,docvqa_307,36,16384,4096,16,383.509,0.73,2.324,344.54,28.2,443.294,446.102,423.326,28.222,869.428,1085.644,18.403,35.434,0.441105,0.950974,0.486902
docvqa,1792,1024,199,iter199,docvqa_49461,40,16384,4096,20,371.27,0.726,2.299,332.331,28.099,430.892,433.382,463.539,24.397,896.921,1071.21,22.299,40.989,0.413938,0.894351,0.516812
docvqa,1792,1024,200,iter200,docvqa_49465,34,16384,4096,22,398.487,0.728,2.378,353.082,28.232,458.315,461.629,560.365,26.684,1021.994,1324.221,21.527,37.476,0.389911,0.838363,0.548306
docvqa,1792,1024,201,iter201,docvqa_317,29,16384,4096,11,429.502,0.727,2.299,377.692,28.107,489.234,491.907,230.227,23.023,722.135,949.603,15.233,43.435,0.594767,1.27225,0.318815
docvqa,1792,1024,202,iter202,docvqa_319,33,16384,4096,22,404.324,0.725,2.308,365.407,28.098,464.17,466.564,467.783,22.275,934.347,1134.438,23.546,44.893,0.432735,0.92952,0.500652
docvqa,1792,1024,203,iter203,docvqa_320,30,16384,4096,79,420.086,0.728,2.352,369.187,28.239,480.069,483.459,1761.352,22.581,2244.811,2498.309,35.192,44.284,0.187136,0.400994,0.784633
docvqa,1792,1024,204,iter204,docvqa_321,28,16384,4096,210,431.512,0.73,2.336,394.096,28.459,491.074,493.521,70515.213,337.393,71008.734,71212.722,2.957,2.964,0.006077,0.012993,0.99305
docvqa,1792,1024,205,iter205,docvqa_345,29,16384,4096,13,389.209,0.731,2.306,352.278,28.25,448.742,451.303,295.588,24.632,746.891,982.251,17.405,40.597,0.521105,1.121918,0.395758
docvqa,1792,1024,206,iter206,docvqa_346,26,16384,4096,27,405.874,0.726,2.33,367.958,28.221,465.473,468.508,594.889,22.88,1063.397,1284.867,25.39,43.706,0.381676,0.819399,0.559423
docvqa,1792,1024,207,iter207,docvqa_347,38,16384,4096,25,406.566,0.724,2.289,369.418,28.183,466.352,468.706,552.433,23.018,1021.139,1317.182,24.482,43.444,0.398149,0.854847,0.540997
docvqa,1792,1024,208,iter208,docvqa_348,36,16384,4096,21,381.939,0.732,2.271,342.456,28.149,441.689,444.042,499.878,24.994,943.919,1220.576,22.248,40.01,0.40463,0.872562,0.529577
docvqa,1792,1024,209,iter209,docvqa_6943,26,16384,4096,17,417.845,0.727,2.276,368.054,28.13,477.392,479.821,401.282,25.08,881.104,1096.257,19.294,39.872,0.474229,1.01604,0.455431
docvqa,1792,1024,210,iter210,docvqa_357,29,16384,4096,13,410.617,0.73,2.289,368.5,28.136,470.283,472.661,314.305,26.192,786.966,1000.494,16.519,38.179,0.521771,1.119362,0.399388
docvqa,1792,1024,211,iter211,docvqa_358,34,16384,4096,16,395.396,0.729,2.36,352.118,28.399,455.127,460.497,378.147,25.21,838.643,1138.448,19.078,39.667,0.47147,1.014165,0.450903
docvqa,1792,1024,212,iter212,docvqa_359,36,16384,4096,17,396.514,0.729,2.369,359.228,28.2,457.018,459.806,470.094,29.381,929.901,1155.96,18.282,34.036,0.426405,0.917875,0.505532
docvqa,1792,1024,213,iter213,docvqa_360,38,16384,4096,21,354.462,0.729,2.32,314.404,28.165,413.956,416.508,479.713,23.986,896.221,1120.44,23.432,41.692,0.395508,0.857398,0.535262
docvqa,1792,1024,214,iter214,docvqa_361,37,16384,4096,33,394.54,0.729,2.342,354.488,28.223,454.78,457.64,719.649,22.489,1177.289,1476.775,28.031,44.466,0.335126,0.721421,0.611277
docvqa,1792,1024,215,iter215,docvqa_362,37,16384,4096,22,352.568,0.728,2.288,313.177,28.072,412.398,415.185,461.814,21.991,877.0,1270.331,25.086,45.473,0.402016,0.872254,0.526585
docvqa,1792,1024,216,iter216,docvqa_363,37,16384,4096,19,379.501,0.731,2.305,342.69,28.112,439.277,441.985,508.809,28.267,950.794,1159.777,19.983,35.377,0.399142,0.861153,0.535141
docvqa,1792,1024,217,iter217,docvqa_364,31,16384,4096,34,367.269,0.728,2.288,329.811,28.113,426.659,428.989,775.56,23.502,1204.549,1429.272,28.226,42.55,0.304901,0.659108,0.643859
docvqa,1792,1024,218,iter218,docvqa_365,29,16384,4096,26,430.57,0.73,2.275,391.495,28.184,490.22,492.503,564.587,22.583,1057.091,1272.223,24.596,44.28,0.407317,0.871061,0.534095
docvqa,1792,1024,219,iter219,docvqa_8560,29,16384,4096,20,436.942,0.727,2.277,388.263,28.154,497.947,500.372,472.937,24.891,973.308,1198.695,20.548,40.175,0.448925,0.960527,0.485906
docvqa,1792,1024,220,iter220,docvqa_4958,27,16384,4096,17,381.814,0.728,2.278,341.594,28.11,441.701,444.159,321.406,20.088,765.565,968.677,22.206,49.781,0.498735,1.075696,0.419828
docvqa,1792,1024,221,iter221,docvqa_8565,28,16384,4096,27,379.257,0.731,2.328,341.645,28.157,438.951,441.877,635.064,24.426,1076.941,1292.812,25.071,40.941,0.352161,0.759752,0.589693
docvqa,1792,1024,222,iter222,docvqa_4959,26,16384,4096,6,405.013,0.728,2.322,366.139,28.153,464.905,467.333,113.749,22.75,581.082,811.535,10.326,43.956,0.696998,1.497066,0.195754
docvqa,1792,1024,223,iter223,docvqa_375,38,16384,4096,24,347.572,0.73,2.292,308.562,28.111,407.294,409.699,571.075,24.829,980.774,1204.233,24.47,40.275,0.354385,0.769663,0.58227
docvqa,1792,1024,224,iter224,docvqa_376,37,16384,4096,23,345.066,0.727,2.275,308.485,28.143,404.375,406.682,485.733,22.079,892.415,1129.577,25.773,45.292,0.386666,0.839791,0.54429
docvqa,1792,1024,225,iter225,docvqa_377,27,16384,4096,12,363.237,0.729,2.324,315.563,28.081,422.716,426.467,304.439,27.676,730.906,1018.031,16.418,36.132,0.496967,1.075313,0.416523
docvqa,1792,1024,226,iter226,docvqa_49528,27,16384,4096,9,348.338,0.726,2.283,308.453,28.115,407.862,410.069,158.4,19.8,568.469,803.243,15.832,50.505,0.612765,1.33024,0.278643
docvqa,1792,1024,227,iter227,docvqa_49530,27,16384,4096,9,420.474,0.729,2.276,380.628,28.269,479.856,482.079,165.746,20.718,647.825,865.067,13.893,48.267,0.649054,1.389772,0.255849
docvqa,1792,1024,228,iter228,docvqa_49532,31,16384,4096,18,353.051,0.728,2.298,313.315,28.132,412.894,415.145,381.611,22.448,796.756,1035.256,22.592,44.548,0.443111,0.96133,0.478956
docvqa,1792,1024,229,iter229,docvqa_24499,31,16384,4096,338,390.082,0.73,2.282,352.053,28.215,450.448,452.67,77185.955,229.038,77638.625,77849.224,4.354,4.366,0.005024,0.010826,0.99417
docvqa,1792,1024,230,iter230,docvqa_49534,31,16384,4096,20,394.411,0.729,2.32,355.58,28.347,454.075,456.677,397.43,20.917,854.107,1092.505,23.416,47.807,0.461782,0.993419,0.465317
docvqa,1792,1024,231,iter231,docvqa_383,35,16384,4096,41,560.82,0.729,2.335,523.305,28.221,620.539,623.433,992.234,24.806,1615.667,2043.227,25.377,40.313,0.347114,0.731189,0.614133
docvqa,1792,1024,232,iter232,docvqa_384,26,16384,4096,49,382.327,0.728,2.332,345.269,28.174,442.003,445.108,1202.762,25.058,1647.87,1944.092,29.735,39.908,0.232013,0.50024,0.729889
docvqa,1792,1024,233,iter233,docvqa_385,33,16384,4096,77,400.033,0.729,2.311,362.496,28.202,459.917,462.475,1743.307,22.938,2205.782,2628.014,34.908,43.595,0.181356,0.389862,0.790335
docvqa,1792,1024,234,iter234,docvqa_49536,35,16384,4096,45,396.599,0.73,2.33,349.473,28.157,456.331,459.918,974.871,22.156,1434.789,1670.24,31.364,45.134,0.276416,0.594464,0.679452
docvqa,1792,1024,235,iter235,docvqa_24500,29,16384,4096,45,358.842,0.73,2.304,321.629,28.158,418.662,421.019,995.703,22.63,1416.722,1693.422,31.763,44.19,0.253291,0.548805,0.702822
docvqa,1792,1024,236,iter236,docvqa_33153,30,16384,4096,25,422.183,0.726,2.299,382.255,28.336,481.736,484.322,498.141,20.756,982.463,1213.888,25.446,48.179,0.429719,0.920055,0.507033
docvqa,1792,1024,237,iter237,docvqa_57733,40,16384,4096,24,420.842,0.726,2.334,380.695,28.372,481.461,484.498,583.532,25.371,1068.03,1406.96,22.471,39.415,0.394035,0.844829,0.546363
docvqa,1792,1024,238,iter238,docvqa_49542,27,16384,4096,18,417.603,0.726,2.297,378.374,28.147,477.607,480.281,352.314,20.724,832.595,1096.375,21.619,48.252,0.501568,1.075204,0.423152
docvqa,1792,1024,239,iter239,docvqa_33158,27,16384,4096,11,382.743,0.729,2.255,343.323,28.197,442.324,444.688,203.958,20.396,648.646,905.59,16.958,49.03,0.590064,1.271983,0.314437
docvqa,1792,1024,240,iter240,docvqa_49544,33,16384,4096,31,381.798,0.729,2.327,336.512,28.113,441.837,446.293,637.753,21.258,1084.046,1405.743,28.597,47.04,0.352197,0.759779,0.588308
docvqa,1792,1024,241,iter241,docvqa_58694,35,16384,4096,20,358.801,0.728,2.283,319.164,28.084,418.331,420.785,408.025,21.475,828.81,1160.886,24.131,46.566,0.432911,0.937648,0.492302
docvqa,1792,1024,242,iter242,docvqa_49546,35,16384,4096,62,346.972,0.725,2.272,310.196,28.118,406.688,408.86,1343.862,22.031,1752.722,1978.163,35.374,45.392,0.197962,0.429994,0.766729
docvqa,1792,1024,243,iter243,docvqa_395,30,16384,4096,12,347.327,0.728,2.268,310.792,28.089,407.103,409.294,225.01,20.455,634.304,841.012,18.918,48.887,0.547572,1.189384,0.354735
docvqa,1792,1024,244,iter244,docvqa_396,28,16384,4096,22,394.893,0.726,2.316,356.077,28.133,454.786,457.529,511.883,24.375,969.411,1178.754,22.694,41.025,0.407353,0.876489,0.528035
docvqa,1792,1024,245,iter245,docvqa_397,30,16384,4096,22,380.088,0.73,2.311,342.943,28.131,440.244,442.919,483.213,23.01,926.132,1146.516,23.755,43.459,0.410404,0.885762,0.521754
docvqa,1792,1024,246,iter246,docvqa_49550,35,16384,4096,52,397.313,0.731,2.284,359.96,28.215,457.021,459.562,1302.979,25.549,1762.541,2010.431,29.503,39.141,0.22542,0.484717,0.739262
docvqa,1792,1024,247,iter247,docvqa_58695,36,16384,4096,24,354.097,0.728,2.325,310.489,28.137,413.834,417.601,511.4,22.235,929.001,1265.717,25.834,44.975,0.381159,0.826621,0.550484
docvqa,1792,1024,248,iter248,docvqa_398,30,16384,4096,14,373.816,0.728,2.317,334.924,28.091,433.644,436.291,289.744,22.288,726.035,938.971,19.283,44.867,0.514874,1.112151,0.399078
docvqa,1792,1024,249,iter249,docvqa_49555,41,16384,4096,34,391.397,0.727,2.28,353.853,28.283,451.04,453.327,793.55,24.047,1246.877,1490.806,27.268,41.585,0.313902,0.675638,0.63643
docvqa,1792,1024,250,iter250,docvqa_16789,36,16384,4096,25,423.48,0.729,2.355,372.32,28.135,483.08,486.54,535.487,22.312,1022.028,1288.199,24.461,44.819,0.414352,0.88702,0.523946
docvqa,1792,1024,251,iter251,docvqa_407,29,16384,4096,14,349.504,0.729,2.278,309.171,28.089,409.016,411.404,262.621,20.202,674.025,879.675,20.771,49.501,0.518533,1.125359,0.389631
docvqa,1792,1024,252,iter252,docvqa_49560,35,16384,4096,28,382.632,0.729,2.324,333.246,28.109,442.165,445.456,540.805,20.03,986.26,1336.341,28.39,49.926,0.387963,0.836288,0.548339
docvqa,1792,1024,253,iter253,docvqa_408,30,16384,4096,15,350.21,0.725,2.318,309.566,28.15,409.867,412.237,285.536,20.395,697.773,978.199,21.497,49.031,0.501897,1.08929,0.40921
docvqa,1792,1024,254,iter254,docvqa_409,29,16384,4096,22,384.747,0.726,2.314,347.298,28.137,444.641,447.54,521.33,24.825,968.87,1186.38,22.707,40.282,0.397109,0.856036,0.53808
docvqa,1792,1024,255,iter255,docvqa_24505,30,16384,4096,17,378.965,0.728,2.313,341.386,28.17,438.664,441.45,406.559,25.41,848.009,1125.897,20.047,39.355,0.446888,0.964175,0.479428
docvqa,1792,1024,256,iter256,docvqa_410,36,16384,4096,27,400.649,0.729,2.288,362.302,28.193,460.645,463.177,648.325,24.936,1111.502,1326.036,24.291,40.103,0.360458,0.774892,0.583287
docvqa,1792,1024,257,iter257,docvqa_49565,28,16384,4096,13,392.037,0.729,2.331,342.315,28.092,451.637,455.106,243.008,20.251,698.114,921.149,18.622,49.381,0.561566,1.208505,0.348092
docvqa,1792,1024,258,iter258,docvqa_16801,29,16384,4096,10,399.972,0.727,2.285,362.498,28.137,459.781,462.481,232.545,25.838,695.026,906.14,14.388,38.702,0.575477,1.237007,0.334585
docvqa,1792,1024,259,iter259,docvqa_49569,28,16384,4096,14,374.349,0.731,2.281,337.101,28.175,433.939,436.363,294.731,22.672,731.094,959.223,19.149,44.108,0.51204,1.105587,0.403137
docvqa,1792,1024,260,iter260,docvqa_57765,34,16384,4096,21,395.727,0.726,2.282,357.343,28.138,456.829,459.327,447.936,22.397,907.263,1134.27,23.147,44.649,0.436177,0.939701,0.493722
docvqa,1792,1024,261,iter261,docvqa_57766,34,16384,4096,17,348.603,0.729,2.272,309.498,28.099,408.097,410.397,329.777,20.611,740.174,952.317,22.968,48.518,0.470974,1.022328,0.44554
docvqa,1792,1024,262,iter262,docvqa_57767,32,16384,4096,14,396.333,0.73,2.3,359.305,28.244,457.455,459.731,279.308,21.485,739.039,913.666,18.944,46.544,0.536281,1.155267,0.377934
docvqa,1792,1024,263,iter263,docvqa_58700,26,16384,4096,22,377.73,0.727,2.268,338.384,28.125,437.746,439.978,557.433,26.544,997.411,1194.137,22.057,37.673,0.378711,0.817593,0.55888
docvqa,1792,1024,264,iter264,docvqa_49574,31,16384,4096,20,385.053,0.731,2.281,347.913,28.234,445.175,447.633,439.148,23.113,886.781,1119.546,22.553,43.266,0.434214,0.936227,0.495216
docvqa,1792,1024,265,iter265,docvqa_57770,34,16384,4096,15,376.808,0.725,2.298,339.779,28.139,436.782,439.257,327.499,23.393,766.756,973.229,19.563,42.748,0.491432,1.061081,0.427123
docvqa,1792,1024,266,iter266,docvqa_57771,34,16384,4096,60,373.852,0.726,2.281,335.951,28.117,433.389,435.679,1390.416,23.566,1826.095,2034.835,32.857,42.433,0.204728,0.442059,0.761415
docvqa,1792,1024,267,iter267,docvqa_49579,33,16384,4096,16,405.69,0.726,2.335,363.139,28.144,465.608,469.379,388.793,25.92,858.172,1138.645,18.644,38.581,0.472737,1.015295,0.453048
docvqa,1792,1024,268,iter268,docvqa_49577,29,16384,4096,12,508.169,0.731,2.29,468.358,28.183,567.809,570.096,229.387,20.853,799.483,960.941,15.01,47.954,0.635621,1.345841,0.286919
docvqa,1792,1024,269,iter269,docvqa_49583,31,16384,4096,20,404.297,0.728,2.304,364.154,28.224,464.577,467.336,449.737,23.67,917.073,1142.467,21.809,42.247,0.440856,0.947443,0.490405
docvqa,1792,1024,270,iter270,docvqa_431,40,16384,4096,28,377.836,0.726,2.312,340.353,28.097,437.712,440.7,658.947,24.405,1099.647,1300.377,25.463,40.974,0.343597,0.741645,0.599235
docvqa,1792,1024,271,iter271,docvqa_58702,38,16384,4096,19,379.424,0.729,2.322,327.979,28.09,438.943,442.388,375.675,20.871,818.063,1026.243,23.226,47.914,0.463808,1.000371,0.459225
docvqa,1792,1024,272,iter272,docvqa_49586,28,16384,4096,88,379.918,0.728,2.318,340.425,28.136,439.518,442.555,2057.936,23.654,2500.49,2888.944,35.193,42.275,0.151937,0.32771,0.823013
docvqa,1792,1024,273,iter273,docvqa_432,36,16384,4096,20,395.874,0.728,2.3,357.048,28.165,455.304,457.896,402.728,21.196,860.624,1058.503,23.239,47.178,0.459985,0.989024,0.467949
docvqa,1792,1024,274,iter274,docvqa_57780,34,16384,4096,17,393.569,0.728,2.311,355.431,28.267,453.633,456.358,382.489,23.906,838.848,1059.441,20.266,41.831,0.469178,1.00996,0.45597
docvqa,1792,1024,275,iter275,docvqa_57781,34,16384,4096,15,426.913,0.727,2.348,380.278,28.146,486.63,490.376,325.144,23.225,815.52,1104.544,18.393,43.058,0.523485,1.120196,0.398695
docvqa,1792,1024,276,iter276,docvqa_57782,35,16384,4096,123,380.319,0.729,2.278,342.157,28.104,439.971,442.47,2742.857,22.482,3185.326,3398.39,38.615,44.479,0.119397,0.257521,0.861091
docvqa,1792,1024,277,iter277,docvqa_57783,31,16384,4096,18,379.915,0.728,2.274,343.198,28.14,439.391,441.598,386.713,22.748,828.311,1043.801,21.731,43.96,0.458663,0.989129,0.46687
docvqa,1792,1024,278,iter278,docvqa_57784,31,16384,4096,46,385.59,0.727,2.266,348.548,28.146,445.292,447.542,1129.73,25.105,1577.272,1790.018,29.164,39.833,0.244466,0.526785,0.716256
docvqa,1792,1024,279,iter279,docvqa_433,36,16384,4096,19,353.898,0.727,2.303,315.558,28.138,413.531,416.01,404.865,22.493,820.875,1024.204,23.146,44.459,0.431122,0.934891,0.493212
docvqa,1792,1024,280,iter280,docvqa_16826,32,16384,4096,43,439.613,0.729,2.313,392.472,28.158,499.188,501.993,886.603,21.11,1388.596,1596.983,30.967,47.372,0.316588,0.676079,0.638489
docvqa,1792,1024,281,iter281,docvqa_57786,34,16384,4096,17,344.878,0.728,2.265,308.281,28.078,404.251,406.459,368.134,23.008,774.593,971.061,21.947,43.462,0.445238,0.967126,0.475261
docvqa,1792,1024,282,iter282,docvqa_49595,38,16384,4096,26,349.101,0.729,2.273,308.435,28.124,408.479,410.627,521.118,20.845,931.745,1130.629,27.905,47.974,0.374675,0.813077,0.559292
docvqa,1792,1024,283,iter283,docvqa_444,29,16384,4096,18,351.936,0.725,2.297,315.221,28.131,411.879,414.216,354.008,20.824,768.223,984.219,23.431,48.022,0.458116,0.994261,0.460813
docvqa,1792,1024,284,iter284,docvqa_16830,32,16384,4096,23,380.708,0.729,2.305,343.757,28.143,440.432,443.232,545.471,24.794,988.702,1197.411,23.263,40.332,0.385058,0.830523,0.551704
docvqa,1792,1024,285,iter285,docvqa_16831,31,16384,4096,23,377.479,0.728,2.307,336.444,28.155,436.942,439.701,571.928,25.997,1011.629,1241.014,22.736,38.466,0.37314,0.805059,0.565354
docvqa,1792,1024,286,iter286,docvqa_16832,31,16384,4096,16,353.063,0.728,2.293,314.675,28.174,412.86,415.546,322.011,21.467,737.557,966.446,21.693,46.582,0.478693,1.03846,0.436591
docvqa,1792,1024,287,iter287,docvqa_57790,30,16384,4096,9,386.87,0.726,2.298,349.07,28.148,446.579,449.299,182.046,22.756,631.346,861.471,14.255,43.945,0.61277,1.320114,0.288347
docvqa,1792,1024,288,iter288,docvqa_57791,33,16384,4096,27,379.989,0.73,2.306,340.073,28.136,440.014,442.42,587.012,22.577,1029.432,1354.123,26.228,44.292,0.369125,0.796559,0.570229
docvqa,1792,1024,289,iter289,docvqa_16835,36,16384,4096,20,352.329,0.731,2.335,315.063,28.199,412.0,415.761,415.803,21.884,831.564,1228.553,24.051,45.695,0.423694,0.919146,0.500025
docvqa,1792,1024,290,iter290,docvqa_450,31,16384,4096,15,396.561,0.726,2.278,356.206,28.198,456.429,458.723,346.455,24.747,805.178,1007.505,18.629,40.409,0.492514,1.059381,0.430284
docvqa,1792,1024,291,iter291,docvqa_16837,33,16384,4096,17,387.196,0.729,2.285,340.502,28.281,446.605,449.311,327.204,20.45,776.515,1079.804,21.893,48.899,0.498633,1.073772,0.421375
docvqa,1792,1024,292,iter292,docvqa_57798,44,16384,4096,28,388.828,0.728,2.481,340.283,28.194,448.573,452.322,609.04,22.557,1061.361,1266.873,26.381,44.332,0.366348,0.788987,0.573829
docvqa,1792,1024,293,iter293,docvqa_16839,35,16384,4096,19,361.112,0.73,2.316,322.058,28.196,420.825,423.379,423.245,23.514,846.625,1047.854,22.442,42.529,0.426532,0.923594,0.499921
docvqa,1792,1024,294,iter294,docvqa_57799,37,16384,4096,21,396.364,0.729,2.399,343.108,28.17,456.251,460.699,448.104,22.405,908.803,1145.074,23.107,44.633,0.436139,0.938174,0.49307
docvqa,1792,1024,295,iter295,docvqa_57800,40,16384,4096,32,398.91,0.725,2.363,360.768,28.248,459.608,462.604,727.313,23.462,1189.917,1406.328,26.893,42.623,0.335242,0.721494,0.61123
docvqa,1792,1024,296,iter296,docvqa_57801,35,16384,4096,20,356.858,0.727,2.332,319.202,28.127,416.472,420.087,398.989,20.999,819.076,1142.129,24.418,47.62,0.435684,0.944149,0.487121
docvqa,1792,1024,297,iter297,docvqa_57803,35,16384,4096,17,400.196,0.731,2.364,362.628,28.32,460.849,463.783,397.055,24.816,860.838,1066.117,19.748,40.297,0.464891,1.00024,0.461243
docvqa,1792,1024,298,iter298,docvqa_57804,29,16384,4096,10,386.635,0.726,2.289,346.966,28.219,446.194,448.806,215.483,23.943,664.29,924.495,15.054,41.767,0.582028,1.253715,0.324381
docvqa,1792,1024,299,iter299,docvqa_57805,31,16384,4096,45,456.944,0.728,2.324,399.261,28.237,516.718,520.081,1065.965,24.226,1586.046,1761.258,28.372,41.277,0.288103,0.613893,0.67209
docvqa,1792,1024,300,iter300,docvqa_49605,29,16384,4096,21,358.671,0.729,2.32,319.565,28.12,418.169,420.766,419.406,20.97,840.172,1089.845,24.995,47.686,0.426903,0.924622,0.499191
docvqa,1792,1024,301,iter301,docvqa_57807,32,16384,4096,15,381.431,0.729,2.298,342.055,28.176,441.555,444.848,323.46,23.104,768.308,1044.343,19.523,43.282,0.496456,1.071166,0.421003
docvqa,1792,1024,302,iter302,docvqa_57808,30,16384,4096,17,363.312,0.73,2.278,323.911,28.222,423.065,425.512,339.079,21.192,764.591,1036.345,22.234,47.187,0.475172,1.028494,0.443478
docvqa,1792,1024,303,iter303,docvqa_49617,34,16384,4096,26,359.45,0.729,2.354,319.217,28.147,419.283,423.18,518.532,20.741,941.712,1264.817,27.609,48.213,0.381698,0.826933,0.550627
docvqa,1792,1024,304,iter304,docvqa_57810,28,16384,4096,23,352.736,0.727,2.268,315.382,28.159,412.263,414.569,459.184,20.872,873.753,1044.642,26.323,47.911,0.403702,0.875533,0.525531
docvqa,1792,1024,305,iter305,docvqa_41421,30,16384,4096,17,357.303,0.726,2.289,320.046,28.135,417.249,419.855,337.164,21.073,757.02,1099.216,22.456,47.455,0.471986,1.023159,0.445384
docvqa,1792,1024,306,iter306,docvqa_461,40,16384,4096,683,461.74,0.733,2.316,423.326,28.117,521.448,524.665,187197.538,274.483,187722.203,187995.278,3.638,3.643,0.00246,0.005237,0.997205
docvqa,1792,1024,307,iter307,docvqa_463,43,16384,4096,657,356.944,0.728,2.321,317.735,28.16,416.504,419.368,13217.443,20.149,13636.811,13879.504,48.178,49.631,0.026175,0.056718,0.969247
docvqa,1792,1024,308,iter308,docvqa_4977,27,16384,4096,12,346.497,0.725,2.306,307.354,28.167,406.023,408.63,222.766,20.251,631.396,840.955,19.005,49.379,0.548778,1.191834,0.352815
docvqa,1792,1024,309,iter309,docvqa_57815,35,16384,4096,18,373.542,0.729,2.311,336.296,28.163,433.342,436.174,390.5,22.971,826.673,1032.377,21.774,43.534,0.451862,0.976061,0.472375
docvqa,1792,1024,310,iter310,docvqa_4978,27,16384,4096,17,380.869,0.726,2.297,340.66,28.123,440.712,443.217,365.787,22.862,809.005,999.887,21.013,43.741,0.470788,1.015546,0.452145
docvqa,1792,1024,311,iter311,docvqa_57817,48,16384,4096,30,376.664,0.731,2.325,339.571,28.12,810.049,812.832,656.263,22.63,1469.094,1673.53,20.421,44.19,0.256392,0.807786,0.446712
docvqa,1792,1024,312,iter312,docvqa_41434,30,16384,4096,14,362.215,0.728,2.306,325.174,28.117,421.758,424.461,280.94,21.611,705.401,929.683,19.847,46.273,0.513489,1.111387,0.398269
docvqa,1792,1024,313,iter313,docvqa_57819,31,16384,4096,23,357.495,0.724,2.268,320.454,28.165,417.233,419.65,467.932,21.27,887.581,1072.711,25.913,47.015,0.402774,0.872852,0.527199
docvqa,1792,1024,314,iter314,docvqa_57820,33,16384,4096,14,382.557,0.725,2.325,345.521,28.162,442.371,445.305,304.986,23.46,750.292,955.527,18.659,42.625,0.509877,1.099476,0.40649
docvqa,1792,1024,315,iter315,docvqa_57821,33,16384,4096,14,386.381,0.733,2.297,348.863,28.182,445.99,448.715,303.796,23.369,752.511,949.753,18.604,42.792,0.513456,1.106125,0.40371
docvqa,1792,1024,316,iter316,docvqa_57822,34,16384,4096,23,383.793,0.73,2.296,346.672,28.126,443.648,446.156,511.038,23.229,957.194,1166.314,24.029,43.05,0.400956,0.864444,0.533892
docvqa,1792,1024,317,iter317,docvqa_57823,27,16384,4096,17,377.367,0.731,2.29,339.961,28.181,436.923,439.462,374.527,23.408,813.989,1007.463,20.885,42.721,0.463602,1.000369,0.460113
docvqa,1792,1024,318,iter318,docvqa_49629,32,16384,4096,16,371.268,0.729,2.274,333.896,28.11,431.125,433.608,335.205,22.347,768.814,949.034,20.811,44.749,0.482911,1.043678,0.436003
docvqa,1792,1024,319,iter319,docvqa_57825,36,16384,4096,15,360.328,0.728,2.28,322.947,28.182,420.022,422.595,311.625,22.259,734.22,943.778,20.43,44.926,0.490764,1.062829,0.42443
docvqa,1792,1024,320,iter320,docvqa_57826,36,16384,4096,16,372.833,0.727,2.298,336.086,28.117,432.253,434.994,338.724,22.582,773.718,988.2,20.679,44.284,0.481872,1.040541,0.437787
docvqa,1792,1024,321,iter321,docvqa_57827,35,16384,4096,21,370.896,0.733,2.274,334.318,28.113,430.457,432.936,445.448,22.272,878.384,1081.088,23.908,44.899,0.422249,0.912304,0.507123
docvqa,1792,1024,322,iter322,docvqa_476,29,16384,4096,10,387.496,0.725,2.305,350.631,28.181,447.517,450.004,219.943,24.438,669.947,867.515,14.927,40.92,0.578398,1.246386,0.328299
docvqa,1792,1024,323,iter323,docvqa_4980,28,16384,4096,28,382.374,0.73,2.292,342.55,28.171,442.179,444.81,626.296,23.196,1071.106,1291.394,26.141,43.111,0.35699,0.769815,0.584719
docvqa,1792,1024,324,iter324,docvqa_57833,27,16384,4096,9,374.981,0.729,2.299,337.779,28.131,434.909,437.402,179.869,22.484,617.271,848.86,14.58,44.477,0.607482,1.31205,0.291395
docvqa,1792,1024,325,iter325,docvqa_41449,30,16384,4096,17,349.611,0.73,2.301,312.156,28.15,409.068,411.551,349.514,21.845,761.066,973.765,22.337,45.778,0.459371,0.996865,0.459244
docvqa,1792,1024,326,iter326,docvqa_57835,34,16384,4096,17,372.295,0.725,2.295,335.532,28.167,431.984,434.26,353.608,22.101,787.868,1002.896,21.577,45.248,0.472535,1.020829,0.448817
docvqa,1792,1024,327,iter327,docvqa_57836,27,16384,4096,12,371.655,0.729,2.293,334.973,28.113,431.317,433.678,246.443,22.404,680.121,881.154,17.644,44.635,0.546454,1.180631,0.362352
docvqa,1792,1024,328,iter328,docvqa_57837,27,16384,4096,12,370.599,0.728,2.295,331.609,28.114,430.105,432.471,244.77,22.252,677.24,891.965,17.719,44.94,0.54722,1.182304,0.361422
docvqa,1792,1024,329,iter329,docvqa_57838,27,16384,4096,10,370.49,0.724,2.277,334.03,28.101,429.92,432.284,202.111,22.457,634.395,837.994,15.763,44.53,0.584006,1.261692,0.318588
docvqa,1792,1024,330,iter330,docvqa_49643,34,16384,4096,24,372.096,0.732,2.304,335.162,28.153,431.697,434.012,527.474,22.934,961.486,1150.949,24.961,43.604,0.387001,0.83599,0.548603
docvqa,1792,1024,331,iter331,docvqa_57841,28,16384,4096,10,377.051,0.727,2.292,339.601,28.136,436.559,439.41,211.102,23.456,650.512,858.312,15.373,42.633,0.579623,1.250724,0.324517
docvqa,1792,1024,332,iter332,docvqa_57843,26,16384,4096,10,382.375,0.728,2.289,342.432,28.122,442.067,444.724,206.532,22.948,651.256,854.788,15.355,43.577,0.587134,1.265926,0.317129
docvqa,1792,1024,333,iter333,docvqa_57844,29,16384,4096,26,372.667,0.729,2.309,333.564,28.143,432.277,435.18,562.951,22.518,998.131,1220.355,26.049,44.409,0.373365,0.806451,0.564005
docvqa,1792,1024,334,iter334,docvqa_57845,31,16384,4096,19,372.67,0.729,2.31,335.876,28.15,432.533,435.151,400.268,22.237,835.419,1044.97,22.743,44.97,0.446087,0.96383,0.479122
docvqa,1792,1024,335,iter335,docvqa_57853,26,16384,4096,17,368.319,0.73,2.274,331.861,28.084,428.025,430.584,371.783,23.236,802.367,1015.232,21.187,43.036,0.459041,0.992494,0.463358
docvqa,1792,1024,336,iter336,docvqa_57854,35,16384,4096,22,373.398,0.73,2.255,336.327,28.096,432.916,435.302,472.241,22.488,907.543,1106.118,24.241,44.469,0.411439,0.888458,0.520351
docvqa,1792,1024,337,iter337,docvqa_57855,37,16384,4096,20,376.565,0.732,2.313,339.275,28.228,436.308,439.104,437.383,23.02,876.487,1090.942,22.818,43.44,0.42963,0.927421,0.499018
docvqa,1792,1024,338,iter338,docvqa_57857,30,16384,4096,33,373.773,0.727,2.303,334.482,28.155,433.603,436.213,719.412,22.482,1155.625,1378.036,28.556,44.481,0.323438,0.698649,0.622531
docvqa,1792,1024,339,iter339,docvqa_57858,37,16384,4096,24,350.665,0.729,2.294,312.748,28.118,410.254,412.815,469.793,20.426,882.608,1089.365,27.192,48.958,0.397305,0.862125,0.532278
docvqa,1792,1024,340,iter340,docvqa_45694,40,16384,4096,24,403.759,0.732,2.296,363.757,28.605,463.599,466.012,540.464,23.498,1006.476,1184.721,23.846,42.556,0.401161,0.861777,0.536986
docvqa,1792,1024,341,iter341,docvqa_55464,55,16384,4096,40,381.424,0.728,2.306,343.948,28.136,826.826,829.335,892.096,22.874,1721.431,1932.617,23.236,43.717,0.221574,0.701887,0.518229
docvqa,1792,1024,342,iter342,docvqa_57880,29,16384,4096,23,382.813,0.725,2.291,345.56,28.192,442.609,445.285,510.702,23.214,955.987,1223.665,24.059,43.078,0.400437,0.863424,0.534215
docvqa,1792,1024,343,iter343,docvqa_57881,32,16384,4096,18,508.687,0.726,2.313,471.953,28.101,568.726,571.089,398.64,23.449,969.728,1236.315,18.562,42.645,0.524567,1.111046,0.411084
docvqa,1792,1024,344,iter344,docvqa_57882,32,16384,4096,36,390.776,0.728,2.293,353.675,28.16,450.557,453.169,799.62,22.846,1252.789,1504.81,28.736,43.771,0.311925,0.671568,0.638272
docvqa,1792,1024,345,iter345,docvqa_57883,27,16384,4096,36,357.428,0.726,2.295,320.499,28.192,417.357,419.913,781.253,22.322,1201.166,1442.455,29.971,44.8,0.297568,0.645027,0.650412
docvqa,1792,1024,346,iter346,docvqa_57884,32,16384,4096,15,366.871,0.728,2.332,328.289,28.217,426.869,429.698,312.652,22.332,742.35,1003.641,20.206,44.778,0.494202,1.069225,0.421165
docvqa,1792,1024,347,iter347,docvqa_57885,30,16384,4096,14,377.326,0.73,2.31,339.319,28.29,437.062,439.609,311.126,23.933,750.735,994.356,18.648,41.784,0.502609,1.084788,0.414428
docvqa,1792,1024,348,iter348,docvqa_57886,28,16384,4096,19,398.114,0.727,2.324,360.608,28.179,457.76,460.837,432.125,24.007,892.961,1126.079,21.278,41.655,0.445836,0.958467,0.483923
docvqa,1792,1024,349,iter349,docvqa_57887,37,16384,4096,19,391.689,0.725,2.34,354.163,28.227,451.632,454.47,437.78,24.321,892.25,1080.656,21.294,41.117,0.43899,0.945162,0.490647
docvqa,1792,1024,350,iter350,docvqa_57888,37,16384,4096,24,389.085,0.725,2.328,351.914,28.24,448.916,451.746,573.714,24.944,1025.459,1248.971,23.404,40.09,0.379425,0.817195,0.55947
docvqa,1792,1024,351,iter351,docvqa_57889,33,16384,4096,14,378.214,0.728,2.302,340.713,28.163,437.822,440.395,297.96,22.92,738.355,960.407,18.961,43.63,0.512239,1.105208,0.403546
docvqa,1792,1024,352,iter352,docvqa_57890,32,16384,4096,18,375.631,0.726,2.269,338.529,28.153,435.382,437.79,395.418,23.26,833.208,1033.556,21.603,42.992,0.450825,0.973362,0.474573
docvqa,1792,1024,353,iter353,docvqa_57891,32,16384,4096,25,373.649,0.73,2.296,336.732,28.118,433.747,436.196,590.535,24.606,1026.73,1242.833,24.349,40.641,0.363922,0.786376,0.57516
docvqa,1792,1024,354,iter354,docvqa_553,25,16384,4096,14,371.877,0.727,2.276,334.224,28.122,431.31,433.642,316.106,24.316,749.748,945.132,18.673,41.125,0.496003,1.071276,0.421616
docvqa,1792,1024,355,iter355,docvqa_554,33,16384,4096,28,373.294,0.726,2.281,335.952,28.159,432.882,435.206,621.567,23.021,1056.773,1260.904,26.496,43.439,0.35324,0.762866,0.588174
docvqa,1792,1024,356,iter356,docvqa_555,29,16384,4096,23,366.878,0.727,2.324,330.09,28.199,426.518,429.358,472.706,21.487,902.064,1121.519,25.497,46.541,0.406709,0.879534,0.524027
docvqa,1792,1024,357,iter357,docvqa_57899,32,16384,4096,19,378.38,0.73,2.331,340.938,28.184,438.352,441.427,419.353,23.297,860.78,1083.287,22.073,42.923,0.439578,0.948828,0.487178
docvqa,1792,1024,358,iter358,docvqa_57900,35,16384,4096,15,381.043,0.729,2.339,343.199,28.124,440.98,443.938,322.722,23.052,766.66,979.337,19.565,43.381,0.497017,1.072214,0.420946
docvqa,1792,1024,359,iter359,docvqa_57901,31,16384,4096,34,354.098,0.729,2.329,316.737,28.137,413.788,416.872,707.753,21.447,1124.625,1346.488,30.232,46.626,0.314858,0.682792,0.629324
docvqa,1792,1024,360,iter360,docvqa_57902,29,16384,4096,11,360.599,0.724,2.278,322.553,28.135,420.009,422.366,217.532,21.753,639.898,846.619,17.19,45.97,0.563526,1.219894,0.339948
docvqa,1792,1024,361,iter361,docvqa_57903,30,16384,4096,23,378.736,0.725,2.269,336.707,28.203,438.67,441.009,536.529,24.388,977.538,1171.284,23.529,41.004,0.387439,0.836189,0.548858
docvqa,1792,1024,362,iter362,docvqa_57904,35,16384,4096,99,382.702,0.726,2.339,343.926,28.112,442.347,444.978,2224.915,22.703,2669.893,2872.252,37.08,44.047,0.14334,0.309019,0.833335
docvqa,1792,1024,363,iter363,docvqa_57905,33,16384,4096,20,351.881,0.726,2.288,314.522,28.128,411.384,414.012,396.311,20.858,810.323,1056.139,24.682,47.942,0.434248,0.941926,0.489077
docvqa,1792,1024,364,iter364,docvqa_581,31,16384,4096,13,376.379,0.728,2.317,338.986,28.151,436.135,438.953,275.249,22.937,714.202,930.922,18.202,43.597,0.526992,1.137654,0.385394
docvqa,1792,1024,365,iter365,docvqa_582,30,16384,4096,20,380.729,0.729,2.304,341.456,28.202,440.515,443.005,450.31,23.701,893.314,1110.811,22.389,42.193,0.426198,0.919322,0.504089
docvqa,1792,1024,366,iter366,docvqa_583,32,16384,4096,15,386.545,0.728,2.335,348.653,28.198,447.24,450.187,326.135,23.295,776.322,1004.61,19.322,42.927,0.497919,1.074021,0.420103
docvqa,1792,1024,367,iter367,docvqa_57928,28,16384,4096,10,384.075,0.727,2.311,346.65,28.17,443.783,446.686,211.646,23.516,658.332,903.28,15.19,42.524,0.583407,1.25751,0.321488
docvqa,1792,1024,368,iter368,docvqa_57929,28,16384,4096,48,383.742,0.729,2.327,346.517,28.189,443.757,446.417,1087.48,23.138,1533.896,1751.421,31.293,43.219,0.250174,0.539475,0.708966
docvqa,1792,1024,369,iter369,docvqa_584,31,16384,4096,16,378.883,0.726,2.31,341.606,28.131,438.813,441.401,343.251,22.883,784.652,1006.26,20.391,43.7,0.482867,1.042112,0.437457
docvqa,1792,1024,370,iter370,docvqa_57931,26,16384,4096,7,373.617,0.729,2.26,337.401,28.101,433.297,435.708,137.603,22.934,573.31,767.139,12.21,43.604,0.651683,1.407464,0.240015
docvqa,1792,1024,371,iter371,docvqa_57933,34,16384,4096,14,353.477,0.728,2.29,311.071,28.098,412.895,415.581,262.819,20.217,678.4,862.175,20.637,49.464,0.521045,1.129675,0.38741
docvqa,1792,1024,372,iter372,docvqa_57934,33,16384,4096,19,348.419,0.724,2.272,311.826,28.137,407.94,410.211,368.714,20.484,778.925,966.093,24.393,48.818,0.447308,0.97103,0.473363
docvqa,1792,1024,373,iter373,docvqa_596,37,16384,4096,26,354.523,0.727,2.28,317.729,28.115,414.115,416.289,510.855,20.434,927.144,1166.52,28.043,48.938,0.382381,0.829037,0.550999
docvqa,1792,1024,374,iter374,docvqa_597,32,16384,4096,15,352.208,0.729,2.265,313.894,28.107,411.951,414.194,297.26,21.233,711.454,943.116,21.084,47.097,0.495053,1.074079,0.41782
docvqa,1792,1024,375,iter375,docvqa_598,32,16384,4096,46,377.084,0.73,2.311,339.575,28.156,437.215,440.062,1042.645,23.17,1482.707,1727.927,31.024,43.159,0.254322,0.549198,0.703204
docvqa,1792,1024,376,iter376,docvqa_599,31,16384,4096,60,382.971,0.73,2.309,345.771,28.238,442.788,445.315,1468.333,24.887,1913.648,2137.578,31.354,40.182,0.200126,0.431511,0.767295
docvqa,1792,1024,377,iter377,docvqa_600,31,16384,4096,11,354.866,0.729,2.271,317.831,28.097,414.266,416.734,207.356,20.736,624.09,863.737,17.626,48.226,0.568612,1.232404,0.332253
docvqa,1792,1024,378,iter378,docvqa_601,33,16384,4096,50,370.082,0.729,2.291,333.319,28.137,429.852,432.066,1094.889,22.345,1526.955,1739.947,32.745,44.753,0.242366,0.523875,0.717041
docvqa,1792,1024,379,iter379,docvqa_16981,28,16384,4096,17,378.213,0.729,2.279,341.762,28.199,438.011,440.607,400.074,25.005,840.68,1030.831,20.222,39.993,0.44989,0.970909,0.475893
docvqa,1792,1024,380,iter380,docvqa_16990,37,16384,4096,20,376.344,0.727,2.313,338.742,28.181,436.423,439.204,419.59,22.084,858.794,1078.893,23.288,45.282,0.438224,0.946406,0.488581
docvqa,1792,1024,381,iter381,docvqa_57951,27,16384,4096,9,554.996,0.73,2.288,515.196,28.19,615.233,617.842,190.812,23.851,808.654,1395.315,11.13,41.926,0.68632,1.447132,0.235962
docvqa,1792,1024,382,iter382,docvqa_57952,33,16384,4096,16,381.341,0.729,2.308,344.038,28.237,441.193,443.923,352.346,23.49,796.269,1411.718,20.094,42.572,0.47891,1.032985,0.442496
docvqa,1792,1024,383,iter383,docvqa_57954,27,16384,4096,17,367.601,0.725,2.292,330.119,28.115,427.06,429.706,343.488,21.468,773.195,1357.843,21.987,46.581,0.475431,1.027763,0.444246
docvqa,1792,1024,384,iter384,docvqa_57955,34,16384,4096,14,395.549,0.732,2.269,356.955,28.227,455.565,458.015,385.412,29.647,843.427,1403.976,16.599,33.73,0.468978,1.009114,0.45696
docvqa,1792,1024,385,iter385,docvqa_610,31,16384,4096,63,381.487,0.728,2.286,344.27,28.248,441.302,443.823,1456.56,23.493,1900.383,2111.572,33.151,42.566,0.200742,0.432959,0.766456
docvqa,1792,1024,386,iter386,docvqa_611,41,16384,4096,29,375.461,0.728,2.265,338.334,28.118,435.154,437.628,629.859,22.495,1067.487,1276.96,27.167,44.454,0.351724,0.759366,0.590039
docvqa,1792,1024,387,iter387,docvqa_612,33,16384,4096,30,375.408,0.728,2.299,335.931,28.146,434.8,437.315,655.003,22.586,1092.319,1310.583,27.465,44.275,0.34368,0.741732,0.599645
docvqa,1792,1024,388,iter388,docvqa_613,31,16384,4096,51,349.846,0.73,2.291,312.853,28.158,409.493,412.099,1017.861,20.357,1429.96,1646.465,35.665,49.123,0.244655,0.531021,0.711811
docvqa,1792,1024,389,iter389,docvqa_16999,33,16384,4096,20,361.092,0.731,2.297,324.373,28.129,420.677,423.102,402.886,21.205,825.988,1019.745,24.213,47.16,0.437164,0.946465,0.487762
docvqa,1792,1024,390,iter390,docvqa_17000,31,16384,4096,13,351.018,0.729,2.275,313.84,28.078,410.395,412.791,250.231,20.853,663.022,867.344,19.607,47.956,0.529421,1.148398,0.37741
docvqa,1792,1024,391,iter391,docvqa_17001,28,16384,4096,9,351.497,0.728,2.258,314.29,28.099,410.781,413.154,165.97,20.746,579.124,782.547,15.541,48.201,0.606947,1.31626,0.286588
docvqa,1792,1024,392,iter392,docvqa_57963,31,16384,4096,42,361.95,0.729,2.28,322.922,28.091,421.402,423.913,874.29,21.324,1298.204,1874.281,32.352,46.895,0.278808,0.603412,0.673462
docvqa,1792,1024,393,iter393,docvqa_57964,28,16384,4096,48,380.775,0.73,2.327,343.535,28.192,440.602,443.894,1143.472,24.329,1587.366,2163.537,30.239,41.103,0.239878,0.517446,0.720358
docvqa,1792,1024,394,iter394,docvqa_57965,30,16384,4096,64,352.904,0.73,2.301,315.412,28.163,412.484,415.178,1352.913,21.475,1768.091,2359.982,36.197,46.566,0.199596,0.43289,0.765183
docvqa,1792,1024,395,iter395,docvqa_17002,30,16384,4096,14,349.712,0.725,2.267,313.103,28.096,409.041,411.47,270.835,20.833,682.304,877.427,20.519,48.0,0.512546,1.112045,0.396941
docvqa,1792,1024,396,iter396,docvqa_17003,33,16384,4096,25,351.154,0.729,2.27,314.467,28.117,410.353,412.662,491.837,20.493,904.499,1109.635,27.64,48.797,0.388231,0.841911,0.543767
docvqa,1792,1024,397,iter397,docvqa_17004,31,16384,4096,20,386.459,0.728,2.293,349.076,28.201,446.426,448.873,453.962,23.893,902.835,1109.103,22.152,41.854,0.428051,0.922522,0.502819
docvqa,1792,1024,398,iter398,docvqa_57969,28,16384,4096,10,393.192,0.731,2.304,356.527,28.213,453.129,455.848,215.074,23.897,670.922,893.488,14.905,41.846,0.586048,1.261431,0.320565
docvqa,1792,1024,399,iter399,docvqa_17005,32,16384,4096,16,387.877,0.728,2.294,351.101,28.109,447.502,450.073,354.123,23.608,804.196,1007.19,19.896,42.358,0.482317,1.038775,0.440344
docvqa,1792,1024,400,iter400,docvqa_57971,37,16384,4096,22,375.116,0.732,2.292,338.275,28.126,434.866,437.331,478.634,22.792,915.966,1121.884,24.018,43.875,0.40953,0.884293,0.522546
docvqa,1792,1024,401,iter401,docvqa_17007,35,16384,4096,27,381.329,0.728,2.297,341.785,28.215,441.157,443.643,603.224,23.201,1046.868,1238.348,25.791,43.102,0.364257,0.785663,0.576218
docvqa,1792,1024,402,iter402,docvqa_57973,32,16384,4096,14,382.11,0.729,2.272,345.062,28.12,441.888,444.388,300.65,23.127,745.038,958.707,18.791,43.24,0.512873,1.105981,0.403536
docvqa,1792,1024,403,iter403,docvqa_57974,35,16384,4096,18,375.309,0.726,2.292,338.531,28.141,435.131,437.594,384.794,22.635,822.388,1029.816,21.887,44.179,0.456365,0.985471,0.467899
docvqa,1792,1024,404,iter404,docvqa_57975,32,16384,4096,20,363.915,0.729,2.294,327.15,28.109,423.519,425.94,403.904,21.258,829.844,1010.593,24.101,47.041,0.438534,0.948894,0.486723
docvqa,1792,1024,405,iter405,docvqa_57976,32,16384,4096,18,375.227,0.723,2.302,338.483,28.139,434.826,437.728,385.242,22.661,822.97,1027.992,21.872,44.128,0.455943,0.984304,0.468112
docvqa,1792,1024,406,iter406,docvqa_57977,34,16384,4096,21,372.902,0.729,2.304,335.592,28.115,432.867,435.735,450.016,22.501,885.751,1100.356,23.709,44.443,0.421001,0.909702,0.508062
docvqa,1792,1024,407,iter407,docvqa_57978,39,16384,4096,24,368.777,0.729,2.297,330.142,28.137,429.021,431.907,519.788,22.599,951.695,1184.625,25.218,44.249,0.387495,0.838292,0.546171
docvqa,1792,1024,408,iter408,docvqa_636,29,16384,4096,66,374.341,0.731,2.29,336.858,28.145,433.933,436.401,1506.847,23.182,1943.248,2189.701,33.964,43.136,0.192637,0.415939,0.775427
docvqa,1792,1024,409,iter409,docvqa_637,36,16384,4096,22,399.442,0.727,2.357,361.456,28.279,459.541,462.629,522.548,24.883,985.176,1237.502,22.331,40.188,0.405453,0.871908,0.53041
docvqa,1792,1024,410,iter410,docvqa_639,33,16384,4096,57,388.214,0.726,2.295,350.837,28.118,447.811,450.226,1322.002,23.607,1772.228,2022.456,32.163,42.36,0.219054,0.471737,0.745955
docvqa,1792,1024,411,iter411,docvqa_57985,34,16384,4096,21,377.752,0.731,2.297,340.347,28.19,437.688,440.651,458.406,22.92,899.057,1527.599,23.358,43.629,0.420165,0.906995,0.509874
docvqa,1792,1024,412,iter412,docvqa_57986,27,16384,4096,63,375.131,0.726,2.312,337.567,28.135,434.927,437.95,1499.84,24.191,1937.79,2606.539,32.511,41.338,0.193587,0.418032,0.773995
docvqa,1792,1024,413,iter413,docvqa_57987,28,16384,4096,65,355.716,0.728,2.327,316.215,28.183,415.636,418.329,1331.105,20.799,1749.434,2002.282,37.155,48.08,0.203332,0.440916,0.760877
docvqa,1792,1024,414,iter414,docvqa_57989,33,16384,4096,21,375.31,0.729,2.285,337.917,28.13,435.409,437.769,448.343,22.417,886.112,1117.196,23.699,44.609,0.423547,0.914917,0.505967
docvqa,1792,1024,415,iter415,docvqa_650,29,16384,4096,16,346.96,0.726,2.317,308.103,28.086,406.423,408.836,303.969,20.265,712.805,927.097,22.447,49.347,0.486753,1.056927,0.426441
docvqa,1792,1024,416,iter416,docvqa_651,32,16384,4096,22,382.711,0.728,2.293,345.098,28.115,442.701,445.23,489.875,23.327,935.104,1141.863,23.527,42.868,0.409271,0.882695,0.523872
docvqa,1792,1024,417,iter417,docvqa_58007,34,16384,4096,23,381.089,0.726,2.292,343.951,28.196,441.046,443.546,547.883,24.904,991.429,1252.16,23.199,40.155,0.384383,0.829243,0.55262
docvqa,1792,1024,418,iter418,docvqa_58009,26,16384,4096,9,471.074,0.725,2.314,433.997,28.149,530.483,533.075,171.53,21.441,704.605,906.368,12.773,46.639,0.668565,1.421444,0.243442
docvqa,1792,1024,419,iter419,docvqa_58018,28,16384,4096,47,353.494,0.729,2.28,315.202,28.11,412.89,415.301,945.936,20.564,1361.237,1562.9,34.527,48.629,0.259686,0.563005,0.694909
docvqa,1792,1024,420,iter420,docvqa_674,33,16384,4096,14,378.372,0.728,2.31,340.79,28.124,438.02,440.892,296.746,22.827,737.637,961.116,18.98,43.809,0.512951,1.106765,0.402292
docvqa,1792,1024,421,iter421,docvqa_57122,32,16384,4096,14,377.28,0.729,2.31,340.585,28.142,437.058,439.67,299.203,23.016,738.874,952.587,18.948,43.449,0.510615,1.102134,0.404945
docvqa,1792,1024,422,iter422,docvqa_58020,30,16384,4096,11,348.37,0.726,2.281,311.322,28.108,408.124,410.504,203.355,20.336,613.859,796.914,17.919,49.175,0.567508,1.232358,0.331274
docvqa,1792,1024,423,iter423,docvqa_58021,30,16384,4096,11,351.159,0.726,2.255,314.771,28.075,410.346,412.633,211.602,21.16,624.235,823.401,17.622,47.259,0.562543,1.219902,0.338978
docvqa,1792,1024,424,iter424,docvqa_58022,30,16384,4096,21,354.403,0.725,2.302,316.588,28.103,413.709,415.998,410.406,20.52,826.404,1024.916,25.411,48.732,0.428849,0.929463,0.496617
docvqa,1792,1024,425,iter425,docvqa_58023,30,16384,4096,21,386.191,0.732,2.356,336.438,28.11,445.605,449.497,402.161,20.108,851.658,1057.161,24.658,49.731,0.453458,0.976679,0.47221
docvqa,1792,1024,426,iter426,docvqa_58024,39,16384,4096,22,352.503,0.724,2.258,313.636,28.096,411.815,414.092,436.043,20.764,850.135,1030.925,25.878,48.16,0.414643,0.899055,0.51291
docvqa,1792,1024,427,iter427,docvqa_675,26,16384,4096,122,371.533,0.729,2.289,334.532,28.071,431.522,434.233,2689.725,22.229,3123.958,3316.452,39.053,44.986,0.11893,0.257064,0.860999
docvqa,1792,1024,428,iter428,docvqa_676,29,16384,4096,12,413.986,0.732,2.293,376.672,28.366,474.356,476.857,275.502,25.046,752.36,946.285,15.95,39.927,0.55025,1.180741,0.366184
docvqa,1792,1024,429,iter429,docvqa_677,27,16384,4096,29,379.495,0.731,2.346,341.74,28.126,439.386,442.216,640.063,22.859,1082.28,1306.993,26.795,43.746,0.350644,0.756626,0.591403
docvqa,1792,1024,430,iter430,docvqa_58029,31,16384,4096,13,391.17,0.729,2.331,354.377,28.174,451.304,454.066,277.324,23.11,731.39,1409.379,17.774,43.271,0.53483,1.15188,0.379174
docvqa,1792,1024,431,iter431,docvqa_678,32,16384,4096,21,414.046,0.728,2.299,376.94,28.148,473.812,476.227,452.096,22.605,928.323,1123.941,22.621,44.238,0.446015,0.95641,0.487003
docvqa,1792,1024,432,iter432,docvqa_58054,33,16384,4096,41,377.45,0.729,2.296,340.683,28.101,437.154,439.496,944.188,23.605,1383.684,1578.275,29.631,42.364,0.272787,0.588721,0.682373
docvqa,1792,1024,433,iter433,docvqa_58056,37,16384,4096,32,353.799,0.727,2.274,316.202,28.153,413.315,415.669,682.727,22.023,1098.397,1301.39,29.133,45.406,0.322105,0.698394,0.621567
docvqa,1792,1024,434,iter434,docvqa_58059,27,16384,4096,18,386.931,0.725,2.268,348.615,28.14,446.631,449.057,354.625,20.86,803.683,1006.871,22.397,47.938,0.481447,1.037178,0.44125
docvqa,1792,1024,435,iter435,docvqa_58061,27,16384,4096,43,379.915,0.729,2.256,341.794,28.183,439.654,442.031,992.672,23.635,1434.703,1634.79,29.971,42.31,0.264804,0.571247,0.691901
docvqa,1792,1024,436,iter436,docvqa_58064,30,16384,4096,17,378.609,0.73,2.3,340.922,28.156,438.386,440.786,367.987,22.999,808.773,1010.66,21.019,43.48,0.468127,1.010165,0.454995
docvqa,1792,1024,437,iter437,docvqa_41686,29,16384,4096,12,358.782,0.728,2.28,321.592,28.062,418.389,420.761,227.257,20.66,648.018,848.375,18.518,48.403,0.55366,1.199304,0.350696
docvqa,1792,1024,438,iter438,docvqa_41687,36,16384,4096,25,392.903,0.729,2.284,353.254,28.167,452.676,455.159,599.979,24.999,1055.138,1264.342,23.694,40.001,0.372371,0.801392,0.568627
docvqa,1792,1024,439,iter439,docvqa_41688,31,16384,4096,15,379.65,0.724,2.285,342.962,28.112,439.338,441.727,327.6,23.4,769.328,984.783,19.498,42.735,0.493483,1.064551,0.425827
docvqa,1792,1024,440,iter440,docvqa_41689,31,16384,4096,17,375.353,0.728,2.276,338.217,28.091,435.082,437.401,369.342,23.084,806.743,999.191,21.072,43.32,0.46527,1.004576,0.457818
docvqa,1792,1024,441,iter441,docvqa_41690,36,16384,4096,25,378.385,0.732,2.287,341.294,28.152,438.322,440.62,563.967,23.499,1004.587,1201.091,24.886,42.556,0.376657,0.812978,0.561392
docvqa,1792,1024,442,iter442,docvqa_41691,34,16384,4096,19,384.266,0.724,2.286,347.604,28.105,444.015,446.496,419.006,23.278,865.501,1083.069,21.953,42.959,0.44398,0.956995,0.484119
docvqa,1792,1024,443,iter443,docvqa_41693,35,16384,4096,24,382.763,0.727,2.304,343.241,28.187,442.784,445.545,549.806,23.905,995.351,1207.967,24.112,41.833,0.384551,0.829404,0.552374
docvqa,1792,1024,444,iter444,docvqa_41694,36,16384,4096,20,388.299,0.728,2.364,350.596,28.14,448.189,451.146,500.655,26.35,951.801,1143.757,21.013,37.95,0.407963,0.878848,0.526008
docvqa,1792,1024,445,iter445,docvqa_41695,37,16384,4096,21,405.893,0.731,2.314,366.886,28.176,465.732,468.297,460.13,23.006,928.426,1131.835,22.619,43.466,0.437183,0.938819,0.495602
docvqa,1792,1024,446,iter446,docvqa_41705,31,16384,4096,15,383.32,0.726,2.326,346.55,28.201,443.096,445.494,324.986,23.213,770.481,989.208,19.468,43.079,0.497507,1.072597,0.421797
docvqa,1792,1024,447,iter447,docvqa_17132,29,16384,4096,16,418.605,0.724,2.303,381.044,28.192,478.267,481.042,357.249,23.817,838.291,1041.802,19.086,41.988,0.499356,1.069882,0.426164
docvqa,1792,1024,448,iter448,docvqa_17133,34,16384,4096,16,376.865,0.728,2.281,340.079,28.106,436.383,438.855,342.443,22.83,781.299,968.988,20.479,43.803,0.482357,1.040893,0.4383
docvqa,1792,1024,449,iter449,docvqa_17134,35,16384,4096,28,374.98,0.729,2.256,338.444,28.1,434.525,436.886,601.098,22.263,1037.984,1241.21,26.975,44.918,0.361258,0.779883,0.579101
docvqa,1792,1024,450,iter450,docvqa_17135,35,16384,4096,19,373.647,0.728,2.296,336.829,28.155,433.052,435.441,407.673,22.649,843.115,1031.168,22.535,44.153,0.443175,0.956808,0.483533
docvqa,1792,1024,451,iter451,docvqa_47368,27,16384,4096,13,359.427,0.731,2.308,322.141,28.166,419.125,421.644,272.1,22.675,693.744,929.243,18.739,44.101,0.518098,1.122247,0.39222
docvqa,1792,1024,452,iter452,docvqa_41715,30,16384,4096,15,364.45,0.728,2.276,328.095,28.154,423.863,426.319,353.41,25.244,779.729,977.309,19.237,39.614,0.467407,1.01101,0.453247
docvqa,1792,1024,453,iter453,docvqa_41716,30,16384,4096,14,373.81,0.729,2.323,334.765,28.142,433.655,436.373,295.753,22.75,732.126,943.523,19.122,43.956,0.510581,1.102904,0.403965
docvqa,1792,1024,454,iter454,docvqa_41717,30,16384,4096,14,357.175,0.727,2.285,314.016,28.112,416.889,419.358,264.154,20.32,683.512,960.728,20.482,49.214,0.522558,1.13248,0.386466
docvqa,1792,1024,455,iter455,docvqa_17139,30,16384,4096,16,358.34,0.729,2.269,321.748,28.171,417.58,420.068,324.918,21.661,744.987,949.756,21.477,46.165,0.481002,1.041522,0.43614
docvqa,1792,1024,456,iter456,docvqa_41719,27,16384,4096,22,471.324,0.726,2.27,433.775,28.157,530.992,533.207,448.904,21.376,982.111,1170.858,22.401,46.781,0.479909,1.020573,0.45708
docvqa,1792,1024,457,iter457,docvqa_17140,33,16384,4096,15,357.537,0.728,2.296,320.356,28.089,417.106,419.607,297.914,21.28,717.52,920.995,20.905,46.993,0.498295,1.079611,0.415199
docvqa,1792,1024,458,iter458,docvqa_58105,27,16384,4096,11,386.2,0.728,2.276,349.184,28.172,446.096,448.496,211.852,21.185,660.347,868.69,16.658,47.203,0.584844,1.260392,0.320819
docvqa,1792,1024,459,iter459,docvqa_58106,34,16384,4096,17,352.951,0.728,2.279,315.919,28.113,412.409,414.634,331.932,20.746,746.566,969.124,22.771,48.203,0.472766,1.025174,0.444612
docvqa,1792,1024,460,iter460,docvqa_58107,34,16384,4096,15,346.425,0.727,2.263,309.798,28.124,405.771,408.19,308.439,22.031,716.629,996.667,20.931,45.39,0.483408,1.04963,0.430403
docvqa,1792,1024,461,iter461,docvqa_58108,32,16384,4096,25,358.886,0.727,2.28,321.822,28.116,418.604,420.91,506.901,21.121,927.811,1122.386,26.945,47.347,0.386809,0.837983,0.546341
docvqa,1792,1024,462,iter462,docvqa_41721,27,16384,4096,22,349.471,0.73,2.253,311.096,28.106,408.878,411.249,430.641,20.507,841.89,1039.078,26.132,48.765,0.415103,0.90077,0.511517
docvqa,1792,1024,463,iter463,docvqa_41723,27,16384,4096,17,353.165,0.731,2.304,316.288,28.168,412.84,415.21,335.053,20.941,750.263,960.557,22.659,47.754,0.470721,1.020982,0.446581
docvqa,1792,1024,464,iter464,docvqa_17143,36,16384,4096,17,391.594,0.728,2.273,352.25,28.163,451.164,453.523,331.332,20.708,784.856,983.567,21.66,48.29,0.498938,1.073775,0.422157
docvqa,1792,1024,465,iter465,docvqa_41728,30,16384,4096,23,346.997,0.728,2.258,308.59,28.153,406.726,409.049,487.766,22.171,896.815,1092.276,25.646,45.104,0.386922,0.840445,0.543887
docvqa,1792,1024,466,iter466,docvqa_41729,37,16384,4096,18,357.97,0.731,2.269,320.729,28.179,417.603,419.841,358.23,21.072,778.071,979.844,23.134,47.456,0.460074,0.996789,0.460408
docvqa,1792,1024,467,iter467,docvqa_17147,31,16384,4096,23,345.366,0.727,2.317,306.129,28.055,405.106,408.354,438.084,19.913,846.438,1051.77,27.173,50.219,0.408023,0.886623,0.517562
docvqa,1792,1024,468,iter468,docvqa_17149,30,16384,4096,15,343.126,0.729,2.264,306.656,28.061,402.398,404.725,321.354,22.954,726.08,925.737,20.659,43.566,0.472573,1.02678,0.442588
docvqa,1792,1024,469,iter469,docvqa_17150,31,16384,4096,13,374.763,0.727,2.33,337.927,28.076,434.509,437.358,270.359,22.53,707.717,916.17,18.369,44.385,0.529539,1.143498,0.382015
docvqa,1792,1024,470,iter470,docvqa_45744,47,16384,4096,40,372.726,0.73,2.302,321.411,28.105,806.716,810.143,916.26,23.494,1726.403,1969.879,23.17,42.564,0.215897,0.683178,0.530733
docvqa,1792,1024,471,iter471,docvqa_45745,47,16384,4096,33,389.36,0.727,2.301,352.527,28.256,449.37,452.157,827.908,25.872,1280.065,1544.757,25.78,38.652,0.304172,0.655225,0.646771
docvqa,1792,1024,472,iter472,docvqa_782,30,16384,4096,20,388.884,0.731,2.295,351.312,28.176,448.504,451.067,451.205,23.748,902.272,1116.43,22.166,42.109,0.431005,0.928088,0.500077
docvqa,1792,1024,473,iter473,docvqa_783,35,16384,4096,17,380.438,0.729,2.312,343.656,28.125,440.175,442.62,367.388,22.962,810.008,1036.576,20.987,43.551,0.469673,1.013093,0.453561
docvqa,1792,1024,474,iter474,docvqa_784,26,16384,4096,26,382.805,0.729,2.28,345.446,28.204,442.546,444.936,573.777,22.951,1018.713,1218.423,25.522,43.571,0.375774,0.81019,0.563237
docvqa,1792,1024,475,iter475,docvqa_785,32,16384,4096,16,345.893,0.725,2.303,307.077,28.086,405.728,407.986,304.953,20.33,712.939,907.864,22.442,49.188,0.485165,1.054256,0.427741
docvqa,1792,1024,476,iter476,docvqa_786,30,16384,4096,11,374.484,0.73,2.295,335.784,28.196,435.653,437.964,241.358,24.136,679.322,878.946,16.193,41.432,0.551262,1.192567,0.355292
docvqa,1792,1024,477,iter477,docvqa_788,35,16384,4096,26,375.155,0.729,2.309,336.387,28.112,434.873,437.269,566.178,22.647,1003.448,1205.918,25.911,44.156,0.373866,0.807245,0.564233
docvqa,1792,1024,478,iter478,docvqa_789,54,16384,4096,37,377.251,0.724,2.311,340.371,28.141,813.429,815.802,826.124,22.948,1641.926,1895.299,22.535,43.577,0.229761,0.725173,0.503143
docvqa,1792,1024,479,iter479,docvqa_790,26,16384,4096,23,380.532,0.729,2.304,342.839,28.107,440.492,442.884,557.086,25.322,999.97,1191.187,23.001,39.491,0.380543,0.821048,0.557102
docvqa,1792,1024,480,iter480,docvqa_60401,30,16384,4096,16,372.685,0.729,2.344,335.819,28.165,432.42,435.171,362.096,24.14,797.267,1017.533,20.069,41.425,0.467453,1.00983,0.454172
docvqa,1792,1024,481,iter481,docvqa_792,36,16384,4096,28,388.762,0.729,2.367,351.791,28.188,448.715,451.627,659.751,24.435,1111.379,1408.42,25.194,40.925,0.349802,0.753548,0.593633
docvqa,1792,1024,482,iter482,docvqa_793,26,16384,4096,14,392.423,0.727,2.333,353.521,28.21,452.237,454.844,319.201,24.554,774.046,993.581,18.087,40.727,0.506976,1.091228,0.412381
docvqa,1792,1024,483,iter483,docvqa_794,30,16384,4096,17,420.833,0.729,2.283,383.405,28.181,480.559,482.924,378.964,23.685,861.888,1083.483,19.724,42.22,0.488269,1.045835,0.439691
docvqa,1792,1024,484,iter484,docvqa_41749,37,16384,4096,20,378.485,0.728,2.297,341.605,28.154,438.254,440.771,437.271,23.014,878.042,1087.809,22.778,43.451,0.431056,0.930182,0.498007
docvqa,1792,1024,485,iter485,docvqa_41750,35,16384,4096,16,368.491,0.729,2.278,329.258,28.072,428.29,430.604,299.747,19.983,730.351,947.731,21.907,50.042,0.504539,1.090956,0.410415
docvqa,1792,1024,486,iter486,docvqa_45747,47,16384,4096,39,346.149,0.726,2.264,309.717,28.094,405.59,407.907,771.804,20.311,1179.71,1366.846,33.059,49.235,0.293419,0.637223,0.654232
docvqa,1792,1024,487,iter487,docvqa_60403,33,16384,4096,15,404.625,0.73,2.275,367.748,28.15,464.417,466.62,313.539,22.396,780.159,977.522,19.227,44.652,0.518644,1.11393,0.401891
docvqa,1792,1024,488,iter488,docvqa_60404,28,16384,4096,44,377.951,0.728,2.288,337.017,28.116,437.653,440.032,1025.713,23.854,1465.745,1665.299,30.019,41.922,0.257856,0.556443,0.69979
docvqa,1792,1024,489,iter489,docvqa_809,27,16384,4096,15,385.0,0.726,2.343,347.309,28.231,445.118,447.794,329.942,23.567,777.737,988.933,19.287,42.432,0.495026,1.067352,0.424234
docvqa,1792,1024,490,iter490,docvqa_25385,30,16384,4096,11,412.599,0.727,2.274,373.338,28.261,472.447,475.002,228.912,22.891,703.914,897.736,15.627,43.685,0.586149,1.25732,0.325199
docvqa,1792,1024,491,iter491,docvqa_25386,30,16384,4096,11,404.133,0.725,2.317,366.941,28.174,464.008,466.519,234.784,23.478,701.303,927.667,15.685,42.592,0.576261,1.237898,0.334783
docvqa,1792,1024,492,iter492,docvqa_25387,31,16384,4096,12,366.727,0.725,2.345,323.763,28.162,426.612,429.972,230.125,20.92,660.097,975.013,18.179,47.8,0.555566,1.201854,0.348623
docvqa,1792,1024,493,iter493,docvqa_60406,27,16384,4096,26,461.934,0.728,2.271,424.743,28.057,521.242,523.549,557.531,22.301,1081.08,1272.268,24.05,44.841,0.427289,0.909438,0.515717
docvqa,1792,1024,494,iter494,docvqa_815,33,16384,4096,20,356.535,0.726,2.277,318.923,28.215,416.281,418.617,411.895,21.679,830.512,1018.639,24.082,46.128,0.429296,0.93053,0.495953
docvqa,1792,1024,495,iter495,docvqa_60407,30,16384,4096,16,347.156,0.729,2.263,309.6,28.097,406.621,409.359,355.884,23.726,765.243,960.611,20.908,42.149,0.453655,0.985016,0.46506
docvqa,1792,1024,496,iter496,docvqa_25396,30,16384,4096,34,346.824,0.728,2.266,310.26,28.078,406.003,408.27,714.231,21.643,1122.501,1305.145,30.29,46.204,0.308974,0.670669,0.636286
docvqa,1792,1024,497,iter497,docvqa_822,29,16384,4096,14,349.191,0.727,2.257,312.651,28.125,408.778,411.067,268.085,20.622,679.153,866.97,20.614,48.492,0.514156,1.116051,0.394735
docvqa,1792,1024,498,iter498,docvqa_824,30,16384,4096,23,377.784,0.727,2.317,340.624,28.168,437.601,440.667,507.157,23.053,947.824,1216.74,24.266,43.379,0.39858,0.86027,0.535075
docvqa,1792,1024,499,iter499,docvqa_826,35,16384,4096,13,378.513,0.727,2.312,341.465,28.149,438.432,441.037,280.452,23.371,721.489,907.296,18.018,42.788,0.524628,1.132305,0.388712
docvqa,1792,256,0,iter000,docvqa_49153,44,16384,4096,31,377.805,0.729,2.324,339.462,28.227,437.715,440.628,624.483,20.816,1065.11,1303.138,29.105,48.04,0.35471,0.765667,0.586308
docvqa,1792,256,1,iter001,docvqa_24580,27,16384,4096,16,424.897,0.731,2.291,386.131,28.351,484.725,487.134,334.675,22.312,821.809,1004.217,19.469,44.82,0.517027,1.106853,0.407242
docvqa,1792,256,2,iter002,docvqa_57349,29,16384,4096,11,384.449,0.732,2.318,332.805,28.108,801.438,804.923,200.523,20.052,1005.447,1214.228,10.94,49.869,0.382366,1.179462,0.199437
docvqa,1792,256,3,iter003,docvqa_24581,27,16384,4096,9,382.696,0.732,2.266,346.121,28.121,442.539,444.852,166.191,20.774,611.043,794.381,14.729,48.137,0.6263,1.350536,0.271979
docvqa,1792,256,4,iter004,docvqa_24582,28,16384,4096,10,345.963,0.728,2.302,304.35,28.117,761.141,763.86,182.787,20.31,946.648,1128.856,10.564,49.238,0.365461,1.169499,0.193089
docvqa,1792,256,5,iter005,docvqa_39079,29,16384,4096,37,570.044,0.734,2.309,528.705,28.303,630.065,632.764,1853.528,51.487,2486.292,2710.162,14.882,19.422,0.229275,0.48269,0.745499
docvqa,1792,256,6,iter006,docvqa_57357,35,16384,4096,25,396.482,0.731,2.274,359.146,28.252,875.646,878.227,505.338,21.056,1383.565,1612.84,18.069,47.493,0.286565,0.919456,0.365243
docvqa,1792,256,7,iter007,docvqa_24426,28,16384,4096,19,402.028,0.729,2.3,362.043,28.272,461.861,464.759,450.576,25.032,915.336,1128.384,20.757,39.949,0.439214,0.943795,0.492253
docvqa,1792,256,8,iter008,docvqa_49168,30,16384,4096,24,346.075,0.73,2.313,305.23,28.134,816.063,818.889,501.386,21.799,1320.275,1548.965,18.178,45.873,0.262124,0.880224,0.379759
docvqa,1792,256,9,iter009,docvqa_24423,34,16384,4096,23,398.542,0.729,2.288,359.747,28.32,816.205,818.685,521.6,23.709,1340.284,1550.209,17.161,42.178,0.297356,0.906335,0.389171
docvqa,1792,256,10,iter010,docvqa_49172,36,16384,4096,32,394.62,0.726,2.281,356.833,28.232,823.248,825.722,758.234,24.459,1583.956,1781.124,20.203,40.884,0.249136,0.768877,0.478696
docvqa,1792,256,11,iter011,docvqa_57364,32,16384,4096,17,372.545,0.729,2.296,332.71,28.134,845.984,848.702,366.745,22.922,1215.446,1487.573,13.987,43.627,0.306509,1.002536,0.301737
docvqa,1792,256,12,iter012,docvqa_57366,33,16384,4096,17,376.814,0.731,2.296,336.621,28.244,838.073,840.818,318.884,19.93,1159.703,1376.125,14.659,50.175,0.324923,1.047585,0.274971
docvqa,1792,256,13,iter013,docvqa_57368,37,16384,4096,17,362.016,0.728,2.321,325.084,28.144,780.973,783.408,397.429,24.839,1180.837,1390.176,14.397,40.259,0.306576,0.967949,0.336565
docvqa,1792,256,14,iter014,docvqa_49177,31,16384,4096,27,364.904,0.728,2.282,328.206,28.192,783.662,785.999,634.04,24.386,1420.038,1587.945,19.014,41.007,0.256968,0.808828,0.446495
docvqa,1792,256,15,iter015,docvqa_57370,34,16384,4096,27,362.704,0.73,2.306,325.869,28.149,422.52,424.875,624.985,24.038,1049.86,1256.105,25.718,41.601,0.345478,0.747932,0.595303
docvqa,1792,256,16,iter016,docvqa_57371,49,16384,4096,30,354.986,0.73,2.31,317.077,28.179,823.604,825.956,2617.596,90.262,3443.552,3620.234,8.712,11.079,0.103087,0.34226,0.760144
docvqa,1792,256,17,iter017,docvqa_57372,44,16384,4096,25,376.312,0.733,2.317,336.054,28.238,436.066,439.072,578.266,24.094,1017.338,1225.924,24.574,41.503,0.369898,0.798532,0.568411
docvqa,1792,256,18,iter018,docvqa_49181,39,16384,4096,40,372.759,0.727,2.296,333.813,28.163,822.157,824.542,921.827,23.637,1746.369,1927.384,22.905,42.307,0.213448,0.684229,0.527853
docvqa,1792,256,19,iter019,docvqa_57373,37,16384,4096,23,367.155,0.731,2.304,328.843,28.18,427.223,429.645,540.205,24.555,969.85,1207.388,23.715,40.725,0.378569,0.819074,0.556998
docvqa,1792,256,20,iter020,docvqa_57374,29,16384,4096,18,409.695,0.731,2.354,358.848,28.297,469.628,473.707,394.521,23.207,868.228,1097.003,20.732,43.09,0.471874,1.012778,0.454398
docvqa,1792,256,21,iter021,docvqa_57375,27,16384,4096,32,396.046,0.728,2.328,350.301,28.197,456.175,459.633,729.264,23.525,1188.897,1393.52,26.916,42.509,0.333121,0.716817,0.613396
docvqa,1792,256,22,iter022,docvqa_57376,34,16384,4096,19,372.243,0.73,2.296,332.019,28.166,431.906,434.886,403.243,22.402,838.129,1123.516,22.67,44.638,0.444135,0.959457,0.481123
docvqa,1792,256,23,iter023,docvqa_49187,31,16384,4096,30,464.005,0.732,2.281,424.549,28.347,524.021,526.367,664.471,22.913,1190.839,1388.998,25.192,43.644,0.389645,0.829689,0.557986
docvqa,1792,256,24,iter024,docvqa_16424,30,16384,4096,20,386.971,0.725,2.315,349.923,28.175,446.846,449.316,470.356,24.756,919.672,1152.881,21.747,40.395,0.42077,0.906645,0.511439
docvqa,1792,256,25,iter025,docvqa_57386,34,16384,4096,19,392.031,0.728,2.298,354.707,28.184,452.621,455.385,400.989,22.277,856.374,1074.359,22.187,44.889,0.457781,0.986312,0.468241
docvqa,1792,256,26,iter026,docvqa_57387,35,16384,4096,20,375.362,0.728,2.293,338.162,28.211,435.374,438.08,513.759,27.04,951.839,1268.403,21.012,36.982,0.394354,0.851757,0.539754
docvqa,1792,256,27,iter027,docvqa_57388,35,16384,4096,20,366.24,0.732,2.304,328.815,28.138,426.13,428.939,517.492,27.236,946.431,1142.916,21.132,36.716,0.38697,0.837219,0.546783
docvqa,1792,256,28,iter028,docvqa_16429,29,16384,4096,13,376.336,0.73,2.35,335.061,28.194,436.46,439.844,295.587,24.632,735.431,952.853,17.677,40.597,0.511722,1.105196,0.401923
docvqa,1792,256,29,iter029,docvqa_16430,31,16384,4096,13,399.625,0.729,2.302,356.885,28.126,459.598,462.048,318.592,26.549,780.641,976.967,16.653,37.666,0.511919,1.100664,0.408116
docvqa,1792,256,30,iter030,docvqa_57391,29,16384,4096,11,384.021,0.73,2.308,343.463,28.272,444.924,447.726,234.154,23.415,681.88,882.158,16.132,42.707,0.56318,1.215676,0.343395
docvqa,1792,256,31,iter031,docvqa_57395,32,16384,4096,15,356.173,0.73,2.33,315.496,28.254,416.113,418.903,314.838,22.488,733.741,1038.041,20.443,44.467,0.485421,1.052532,0.429086
docvqa,1792,256,32,iter032,docvqa_16437,37,16384,4096,20,421.519,0.731,2.333,380.681,28.294,481.841,484.766,451.211,23.748,935.977,1232.621,21.368,42.109,0.450352,0.965152,0.482074
docvqa,1792,256,33,iter033,docvqa_16440,35,16384,4096,19,383.363,0.728,2.301,344.106,28.254,443.646,446.168,373.048,20.725,819.216,1023.498,23.193,48.251,0.467964,1.009514,0.455372
docvqa,1792,256,34,iter034,docvqa_57402,32,16384,4096,32,343.689,0.727,2.299,304.593,28.114,403.633,406.362,713.966,23.031,1120.328,1324.843,28.563,43.419,0.306776,0.667057,0.637283
docvqa,1792,256,35,iter035,docvqa_57403,36,16384,4096,32,346.354,0.729,2.271,305.176,28.098,405.966,408.302,673.678,21.732,1081.979,1285.424,29.575,46.016,0.320111,0.695318,0.622634
docvqa,1792,256,36,iter036,docvqa_57404,40,16384,4096,28,366.518,0.731,2.256,329.495,28.151,794.449,796.818,649.793,24.066,1446.611,1743.13,19.356,41.552,0.253364,0.802543,0.449183
docvqa,1792,256,37,iter037,docvqa_16444,37,16384,4096,24,375.755,0.728,2.322,335.198,28.205,435.821,438.761,590.362,25.668,1029.123,1337.05,23.321,38.959,0.365122,0.78861,0.573656
docvqa,1792,256,38,iter038,docvqa_57407,36,16384,4096,21,392.788,0.726,2.309,355.196,28.124,452.641,455.14,497.122,24.856,952.262,1151.018,22.053,40.232,0.412479,0.887811,0.522043
docvqa,1792,256,39,iter039,docvqa_16447,39,16384,4096,26,411.188,0.734,2.319,371.013,28.224,471.149,473.654,564.712,22.588,1038.367,1296.934,25.039,44.27,0.395995,0.849735,0.543847
docvqa,1792,256,40,iter040,docvqa_57409,29,16384,4096,11,374.129,0.73,2.364,330.889,28.17,434.267,437.557,228.034,22.803,665.591,1093.653,16.527,43.853,0.5621,1.214553,0.342604
docvqa,1792,256,41,iter041,docvqa_16450,29,16384,4096,11,427.315,0.731,2.291,388.647,28.217,487.667,490.341,222.675,22.268,713.016,914.608,15.427,44.908,0.599306,1.283256,0.3123
docvqa,1792,256,42,iter042,docvqa_57410,33,16384,4096,17,343.118,0.731,2.311,306.262,28.095,402.954,405.356,376.961,23.56,782.317,984.368,21.73,42.445,0.438592,0.95367,0.481852
docvqa,1792,256,43,iter043,docvqa_57411,35,16384,4096,29,489.107,0.73,2.292,451.198,28.201,549.054,551.497,694.862,24.816,1246.359,1502.294,23.268,40.296,0.392429,0.832955,0.557513
docvqa,1792,256,44,iter044,docvqa_57413,33,16384,4096,42,348.762,0.729,2.334,308.502,28.176,408.49,411.089,944.858,23.045,1355.948,1574.948,30.975,43.393,0.257209,0.558467,0.696825
docvqa,1792,256,45,iter045,docvqa_57414,35,16384,4096,19,347.059,0.728,2.279,309.982,28.143,406.963,409.478,457.519,25.418,866.997,1108.569,21.915,39.343,0.4003,0.869694,0.527706
docvqa,1792,256,46,iter046,docvqa_57415,34,16384,4096,26,352.92,0.727,2.371,309.933,28.18,412.631,416.509,594.734,23.789,1011.244,1232.125,25.711,42.036,0.348996,0.757039,0.588122
docvqa,1792,256,47,iter047,docvqa_57416,34,16384,4096,18,407.984,0.728,2.313,370.821,28.266,468.458,471.683,386.345,22.726,858.028,1072.511,20.978,44.002,0.47549,1.021461,0.450271
docvqa,1792,256,48,iter048,docvqa_57417,32,16384,4096,15,396.232,0.731,2.279,353.962,28.174,456.074,458.48,358.503,25.607,816.982,1003.921,18.36,39.051,0.484994,1.043236,0.438813
docvqa,1792,256,49,iter049,docvqa_57418,33,16384,4096,16,388.714,0.73,2.283,351.615,28.351,448.381,450.926,368.063,24.538,818.989,1023.743,19.536,40.754,0.474627,1.022107,0.449411
docvqa,1792,256,50,iter050,docvqa_24437,27,16384,4096,16,380.113,0.733,2.281,341.978,28.233,439.746,442.152,307.575,20.505,749.727,954.028,21.341,48.769,0.507002,1.093543,0.410249
docvqa,1792,256,51,iter051,docvqa_24438,29,16384,4096,13,397.734,0.73,2.274,360.554,28.244,457.609,459.983,272.257,22.688,732.24,931.037,17.754,44.076,0.543174,1.168117,0.371814
docvqa,1792,256,52,iter052,docvqa_16455,41,16384,4096,27,359.505,0.733,2.303,313.565,28.107,830.308,832.714,573.39,22.053,1406.104,1730.229,19.202,45.344,0.255675,0.846178,0.407786
docvqa,1792,256,53,iter053,docvqa_16456,30,16384,4096,13,413.89,0.73,2.323,374.666,28.216,473.618,476.323,242.38,20.198,718.703,905.298,18.088,49.509,0.575885,1.234875,0.337246
docvqa,1792,256,54,iter054,docvqa_16463,31,16384,4096,13,345.31,0.726,2.303,308.383,28.115,405.733,408.148,293.997,24.5,702.145,920.496,18.515,40.817,0.491793,1.06964,0.418712
docvqa,1792,256,55,iter055,docvqa_49234,31,16384,4096,15,372.959,0.732,2.337,335.271,28.238,433.246,436.068,355.601,25.4,791.67,1032.451,18.947,39.37,0.471104,1.01836,0.449179
docvqa,1792,256,56,iter056,docvqa_57428,35,16384,4096,17,395.035,0.732,2.315,357.985,28.222,454.806,457.547,359.075,22.442,816.623,1030.816,20.817,44.559,0.483742,1.040677,0.439708
docvqa,1792,256,57,iter057,docvqa_24440,25,16384,4096,18,364.877,0.729,2.267,328.325,28.163,837.136,839.418,1475.095,86.77,2314.513,2488.231,7.777,11.525,0.157647,0.519338,0.637324
docvqa,1792,256,58,iter058,docvqa_16468,39,16384,4096,26,363.205,0.731,2.319,320.324,28.131,423.014,425.543,567.14,22.686,992.684,1288.666,26.192,44.081,0.365882,0.792013,0.57132
docvqa,1792,256,59,iter059,docvqa_57431,36,16384,4096,21,459.717,0.732,2.358,416.54,28.342,519.656,523.761,415.724,20.786,939.485,1169.763,22.353,48.109,0.489329,1.042458,0.442502
docvqa,1792,256,60,iter060,docvqa_16473,31,16384,4096,13,388.775,0.728,2.296,352.007,28.178,448.668,451.066,300.059,25.005,751.126,972.095,17.307,39.992,0.51759,1.114918,0.39948
docvqa,1792,256,61,iter061,docvqa_49242,26,16384,4096,12,357.276,0.732,2.277,318.954,28.163,820.565,822.951,271.573,24.688,1094.524,1304.248,10.964,40.505,0.326421,1.076121,0.24812
docvqa,1792,256,62,iter062,docvqa_57439,34,16384,4096,53,372.707,0.731,2.345,335.256,28.236,432.969,435.967,5358.674,103.051,5794.64,6026.102,9.146,9.704,0.064319,0.139038,0.924764
docvqa,1792,256,63,iter063,docvqa_57440,35,16384,4096,17,408.442,0.73,2.296,370.868,28.241,468.558,471.103,360.876,22.555,831.979,1041.588,20.433,44.337,0.490928,1.054112,0.433756
docvqa,1792,256,64,iter064,docvqa_32870,36,16384,4096,43,387.605,0.731,2.348,347.413,28.195,447.658,451.051,983.202,23.41,1434.253,1766.801,29.981,42.718,0.270249,0.582368,0.685515
docvqa,1792,256,65,iter065,docvqa_32871,43,16384,4096,29,359.363,0.731,2.314,321.26,28.252,848.854,851.698,607.376,21.692,1459.074,1710.389,19.876,46.1,0.246295,0.828071,0.416275
docvqa,1792,256,66,iter066,docvqa_32872,34,16384,4096,17,417.898,0.73,2.34,368.841,28.226,478.413,482.141,362.234,22.64,844.376,1117.946,20.133,44.17,0.49492,1.061507,0.428997
docvqa,1792,256,67,iter067,docvqa_32873,34,16384,4096,22,432.931,0.729,2.29,395.209,28.34,493.188,495.628,433.947,20.664,929.575,1190.778,23.667,48.393,0.46573,0.996283,0.466823
docvqa,1792,256,68,iter068,docvqa_32874,31,16384,4096,13,385.958,0.733,2.311,344.168,28.204,445.613,447.932,295.134,24.595,743.067,977.777,17.495,40.659,0.519412,1.119107,0.397184
docvqa,1792,256,69,iter069,docvqa_32875,33,16384,4096,21,378.83,0.727,2.293,342.203,28.192,438.515,441.087,421.911,21.096,862.998,1112.891,24.334,47.403,0.43897,0.947099,0.48889
docvqa,1792,256,70,iter070,docvqa_32876,33,16384,4096,22,412.686,0.733,2.293,372.389,28.24,472.725,475.193,515.447,24.545,990.64,1274.911,22.208,40.741,0.416586,0.893777,0.520317
docvqa,1792,256,71,iter071,docvqa_32877,31,16384,4096,28,382.985,0.731,2.314,344.639,28.231,443.428,446.125,671.355,24.865,1117.479,1330.84,25.056,40.217,0.342722,0.739533,0.600776
docvqa,1792,256,72,iter072,docvqa_32878,31,16384,4096,12,404.048,0.733,2.325,366.456,28.287,464.314,466.768,287.888,26.172,754.656,1002.969,15.901,38.209,0.535406,1.150672,0.381482
docvqa,1792,256,73,iter073,docvqa_32879,35,16384,4096,18,382.1,0.73,2.284,344.141,28.407,442.69,445.109,360.143,21.185,805.253,1057.19,22.353,47.203,0.474509,1.024262,0.447243
docvqa,1792,256,74,iter074,docvqa_57449,29,16384,4096,11,402.389,0.732,2.296,362.078,28.167,462.402,464.75,249.01,24.901,713.76,959.342,15.411,40.159,0.56376,1.211601,0.348871
docvqa,1792,256,75,iter075,docvqa_32881,32,16384,4096,25,376.732,0.734,2.292,332.877,28.158,436.683,439.236,716.053,29.836,1155.288,1374.42,21.64,33.517,0.326094,0.70408,0.619804
docvqa,1792,256,76,iter076,docvqa_32882,36,16384,4096,27,342.19,0.73,2.283,304.962,28.122,402.1,404.647,623.417,23.978,1028.064,1279.125,26.263,41.706,0.332848,0.723971,0.606399
docvqa,1792,256,77,iter077,docvqa_32883,29,16384,4096,23,385.92,0.729,2.292,348.923,28.195,446.28,448.664,459.137,20.87,907.801,1136.631,25.336,47.916,0.425115,0.91672,0.505768
docvqa,1792,256,78,iter078,docvqa_57452,33,16384,4096,16,345.773,0.726,2.279,308.308,28.177,405.894,408.25,349.186,23.279,757.436,1038.363,21.124,42.957,0.456505,0.992383,0.46101
docvqa,1792,256,79,iter079,docvqa_32885,32,16384,4096,18,390.775,0.73,2.267,347.333,28.164,450.676,453.052,379.299,22.312,832.35,1055.487,21.626,44.82,0.469483,1.010933,0.455696
docvqa,1792,256,80,iter080,docvqa_32886,37,16384,4096,23,514.967,0.727,2.26,476.454,28.228,574.814,577.178,499.936,22.724,1077.114,1271.186,21.353,44.006,0.478099,1.011761,0.464144
docvqa,1792,256,81,iter081,docvqa_57454,34,16384,4096,57,413.254,0.729,2.285,376.228,28.323,473.321,475.75,3497.679,62.459,3973.429,4241.419,14.345,16.011,0.104004,0.223126,0.880267
docvqa,1792,256,82,iter082,docvqa_49263,41,16384,4096,30,400.613,0.73,2.307,361.59,28.239,460.488,463.19,680.314,23.459,1143.504,1372.549,26.235,42.627,0.350338,0.753037,0.594938
docvqa,1792,256,83,iter083,docvqa_32889,31,16384,4096,25,391.79,0.731,2.308,350.792,28.189,451.623,454.099,492.447,20.519,946.547,1216.159,26.412,48.736,0.413915,0.891042,0.520257
docvqa,1792,256,84,iter084,docvqa_32890,32,16384,4096,16,393.377,0.729,2.345,343.822,28.244,453.6,457.61,360.237,24.016,817.847,1242.339,19.564,41.639,0.480992,1.035619,0.44047
docvqa,1792,256,85,iter085,docvqa_32891,39,16384,4096,35,463.801,0.729,2.372,404.617,28.215,523.808,528.147,737.507,21.691,1265.654,1564.787,27.654,46.101,0.366451,0.780314,0.582708
docvqa,1792,256,86,iter086,docvqa_32892,31,16384,4096,17,409.265,0.728,2.402,364.713,28.227,469.624,474.225,444.251,27.766,918.476,1217.153,18.509,36.016,0.445591,0.956898,0.483683
docvqa,1792,256,87,iter087,docvqa_32893,33,16384,4096,21,408.706,0.732,2.29,371.502,28.212,468.578,471.129,495.016,24.751,966.144,1218.627,21.736,40.403,0.423027,0.908025,0.512362
docvqa,1792,256,88,iter088,docvqa_32894,36,16384,4096,20,369.461,0.728,2.29,331.57,28.222,429.626,432.112,431.124,22.691,863.236,1137.514,23.169,44.071,0.427996,0.925688,0.499428
docvqa,1792,256,89,iter089,docvqa_49274,36,16384,4096,19,406.468,0.732,2.301,368.119,28.219,466.434,469.224,446.915,24.829,916.139,1166.346,20.739,40.276,0.443675,0.952805,0.487824
docvqa,1792,256,90,iter090,docvqa_32896,29,16384,4096,13,367.314,0.731,2.281,328.778,28.145,426.945,429.203,333.782,27.815,762.985,980.43,17.038,35.952,0.481417,1.040989,0.437469
docvqa,1792,256,91,iter091,docvqa_32897,28,16384,4096,14,367.042,0.732,2.28,328.308,28.155,426.975,429.453,327.765,25.213,757.219,1005.758,18.489,39.663,0.484724,1.048597,0.432854
docvqa,1792,256,92,iter092,docvqa_32898,27,16384,4096,23,413.269,0.732,2.339,367.266,28.251,473.408,477.314,490.377,22.29,967.69,1220.094,23.768,44.863,0.427068,0.916282,0.50675
docvqa,1792,256,93,iter093,docvqa_57475,36,16384,4096,16,351.415,0.733,2.278,313.938,28.091,411.275,413.557,390.263,26.018,803.821,1032.454,19.905,38.436,0.437181,0.948832,0.48551
docvqa,1792,256,94,iter094,docvqa_32900,32,16384,4096,20,401.993,0.728,2.343,361.822,28.31,462.825,465.784,491.198,25.853,956.982,1188.296,20.899,38.681,0.420063,0.903693,0.513278
docvqa,1792,256,95,iter095,docvqa_57476,40,16384,4096,23,347.959,0.727,2.307,310.327,28.573,407.887,410.364,600.955,27.316,1011.319,1241.965,22.743,36.608,0.344065,0.747387,0.594229
docvqa,1792,256,96,iter096,docvqa_49279,30,16384,4096,11,376.422,0.728,2.321,339.713,28.147,436.457,439.222,270.143,27.014,709.365,947.253,15.507,37.017,0.530646,1.145925,0.380824
docvqa,1792,256,97,iter097,docvqa_49285,30,16384,4096,12,377.286,0.727,2.296,337.464,28.296,437.193,439.808,263.13,23.921,702.938,1001.188,17.071,41.804,0.536728,1.158678,0.374329
docvqa,1792,256,98,iter098,docvqa_49292,35,16384,4096,46,396.835,0.73,2.3,356.348,28.233,456.742,459.385,1047.481,23.277,1506.867,1752.768,30.527,42.96,0.263351,0.566458,0.695139
docvqa,1792,256,99,iter099,docvqa_16529,29,16384,4096,15,404.8,0.728,2.357,361.148,28.256,464.932,469.012,289.913,20.708,758.925,1030.82,19.765,48.29,0.533386,1.146005,0.382005
docvqa,1792,256,100,iter100,docvqa_49297,34,16384,4096,19,406.777,0.727,2.322,366.494,28.186,466.952,469.66,447.895,24.883,917.554,1276.621,20.707,40.188,0.443327,0.952236,0.48814
docvqa,1792,256,101,iter101,docvqa_16533,31,16384,4096,23,395.065,0.728,2.329,341.192,28.252,455.269,458.386,508.758,23.125,967.144,1307.645,23.781,43.243,0.408486,0.879222,0.526042
docvqa,1792,256,102,iter102,docvqa_49304,31,16384,4096,15,374.502,0.728,2.299,334.718,28.196,434.767,437.29,323.06,23.076,760.351,1006.635,19.728,43.336,0.492538,1.064336,0.424883
docvqa,1792,256,103,iter103,docvqa_16539,31,16384,4096,23,403.35,0.729,2.301,364.419,28.314,464.702,467.226,528.377,24.017,995.603,1192.109,23.102,41.637,0.405131,0.871885,0.530711
docvqa,1792,256,104,iter104,docvqa_16553,31,16384,4096,20,409.4,0.728,2.337,369.526,28.212,469.119,472.084,431.904,22.732,903.988,1117.128,22.124,43.991,0.452882,0.971826,0.477776
docvqa,1792,256,105,iter105,docvqa_49322,33,16384,4096,17,388.761,0.731,2.296,349.755,28.223,448.934,451.477,382.696,23.918,834.173,1174.942,20.379,41.809,0.466044,1.004223,0.458773
docvqa,1792,256,106,iter106,docvqa_57515,37,16384,4096,18,400.783,0.731,2.299,363.831,28.217,460.692,463.11,409.853,24.109,872.963,1108.689,20.619,41.478,0.459106,0.98684,0.469496
docvqa,1792,256,107,iter107,docvqa_49323,29,16384,4096,13,377.888,0.73,2.328,337.66,28.216,438.19,441.699,305.708,25.476,747.407,1051.01,17.393,39.253,0.505598,1.091879,0.409025
docvqa,1792,256,108,iter108,docvqa_57517,29,16384,4096,10,402.588,0.729,2.299,346.038,28.162,462.905,465.504,191.489,21.277,656.994,903.415,15.221,47.0,0.612774,1.317354,0.291463
docvqa,1792,256,109,iter109,docvqa_49324,32,16384,4096,14,361.445,0.73,2.294,324.748,28.226,422.107,424.491,269.718,20.748,694.209,925.768,20.167,48.199,0.520657,1.128698,0.388525
docvqa,1792,256,110,iter110,docvqa_57519,30,16384,4096,11,371.735,0.733,2.316,334.758,28.159,431.871,434.504,268.931,26.893,703.436,1010.908,15.638,37.184,0.528456,1.142401,0.382311
docvqa,1792,256,111,iter111,docvqa_49325,30,16384,4096,14,436.718,0.732,2.306,399.429,28.278,496.596,499.144,303.109,23.316,802.252,1029.602,17.451,42.889,0.544365,1.163368,0.377822
docvqa,1792,256,112,iter112,docvqa_57521,31,16384,4096,14,381.739,0.729,2.327,343.989,28.341,442.071,444.935,328.3,25.254,773.235,985.27,18.106,39.598,0.493691,1.065407,0.424579
docvqa,1792,256,113,iter113,docvqa_49326,30,16384,4096,18,409.217,0.727,2.335,360.688,28.216,469.343,472.616,420.388,24.729,893.005,1105.551,20.157,40.439,0.458247,0.983824,0.470757
docvqa,1792,256,114,iter114,docvqa_57523,33,16384,4096,16,390.748,0.731,2.301,348.959,28.237,450.61,452.9,370.24,24.683,823.14,1044.443,19.438,40.514,0.474705,1.022134,0.44979
docvqa,1792,256,115,iter115,docvqa_57524,34,16384,4096,15,388.8,0.726,2.285,351.407,28.156,448.717,451.077,287.151,20.511,738.228,950.94,20.319,48.755,0.526667,1.134496,0.388973
docvqa,1792,256,116,iter116,docvqa_57525,42,16384,4096,25,382.079,0.726,2.294,345.354,28.189,843.295,845.695,578.911,24.121,1424.606,1620.109,17.549,41.457,0.2682,0.860149,0.406366
docvqa,1792,256,117,iter117,docvqa_57526,29,16384,4096,11,392.546,0.731,2.318,352.272,28.217,452.605,455.428,293.919,29.392,749.347,964.007,14.679,34.023,0.523851,1.12785,0.392234
docvqa,1792,256,118,iter118,docvqa_57527,34,16384,4096,18,483.541,0.732,2.311,446.629,28.158,543.561,546.032,420.761,24.751,966.793,1181.479,18.618,40.403,0.500149,1.062381,0.435213
docvqa,1792,256,119,iter119,docvqa_57528,35,16384,4096,28,402.568,0.729,2.272,365.366,28.22,462.827,465.296,656.057,24.298,1121.353,1311.606,24.97,41.155,0.359002,0.771741,0.585059
docvqa,1792,256,120,iter120,docvqa_57529,33,16384,4096,30,416.845,0.731,2.272,376.382,28.319,476.962,479.496,766.716,26.438,1246.213,1448.773,24.073,37.824,0.33449,0.717219,0.615237
docvqa,1792,256,121,iter121,docvqa_57530,29,16384,4096,11,412.341,0.731,2.281,374.897,28.274,472.955,475.638,237.702,23.77,713.34,943.819,15.42,42.07,0.578043,1.241057,0.333224
docvqa,1792,256,122,iter122,docvqa_57531,33,16384,4096,16,402.845,0.729,2.279,365.701,28.223,462.822,465.339,385.41,25.694,850.749,1070.836,18.807,38.92,0.473518,1.017534,0.453024
docvqa,1792,256,123,iter123,docvqa_57532,38,16384,4096,23,386.092,0.731,2.286,342.233,28.162,847.475,849.95,519.377,23.608,1369.327,1574.94,16.797,42.358,0.281958,0.900857,0.379294
docvqa,1792,256,124,iter124,docvqa_57533,39,16384,4096,19,420.787,0.731,2.28,383.618,28.245,481.376,483.83,407.81,22.656,891.64,1119.434,21.309,44.138,0.471925,1.011802,0.457371
docvqa,1792,256,125,iter125,docvqa_16568,27,16384,4096,11,371.952,0.731,2.288,333.501,28.154,431.674,434.227,290.076,29.008,724.302,930.282,15.187,34.474,0.513532,1.109518,0.40049
docvqa,1792,256,126,iter126,docvqa_16574,37,16384,4096,26,377.242,0.73,2.268,339.803,28.117,437.088,439.514,683.374,27.335,1122.888,1344.642,23.155,36.583,0.335957,0.72521,0.608586
docvqa,1792,256,127,iter127,docvqa_57537,36,16384,4096,20,347.422,0.731,2.286,310.272,28.133,407.347,409.823,492.372,25.914,902.195,1135.014,22.168,38.589,0.385086,0.836592,0.545749
docvqa,1792,256,128,iter128,docvqa_57539,36,16384,4096,20,343.283,0.73,2.277,306.989,28.122,403.323,405.682,430.627,22.665,836.309,1093.792,23.915,44.122,0.410474,0.89274,0.514913
docvqa,1792,256,129,iter129,docvqa_57540,37,16384,4096,20,351.069,0.729,2.268,309.629,28.129,410.655,412.92,467.084,24.583,880.003,1104.16,22.727,40.678,0.39894,0.865591,0.530775
docvqa,1792,256,130,iter130,docvqa_57543,31,16384,4096,20,345.542,0.727,2.265,308.511,28.124,405.646,407.971,441.339,23.228,849.31,1065.104,23.549,43.051,0.40685,0.884468,0.519644
docvqa,1792,256,131,iter131,docvqa_57550,27,16384,4096,9,380.452,0.73,2.338,335.427,28.141,440.122,444.219,218.739,27.342,662.958,1374.194,13.576,36.573,0.57387,1.237746,0.329944
docvqa,1792,256,132,iter132,docvqa_49361,31,16384,4096,11,420.71,0.732,2.299,367.579,28.177,480.563,483.022,266.289,26.629,749.311,992.296,14.68,37.553,0.561462,1.202802,0.355378
docvqa,1792,256,133,iter133,docvqa_49362,29,16384,4096,18,422.914,0.733,2.286,383.915,28.232,483.348,485.698,429.53,25.266,915.228,1149.362,19.667,39.578,0.462085,0.990203,0.469314
docvqa,1792,256,134,iter134,docvqa_57557,36,16384,4096,26,350.032,0.734,2.267,310.548,28.083,409.742,412.299,564.987,22.599,977.286,1875.788,26.604,44.249,0.358168,0.777432,0.578119
docvqa,1792,256,135,iter135,docvqa_49366,34,16384,4096,15,371.934,0.731,2.279,332.238,28.184,431.795,434.134,358.433,25.602,792.567,1042.004,18.926,39.059,0.469278,1.014084,0.452243
docvqa,1792,256,136,iter136,docvqa_32984,33,16384,4096,18,410.837,0.73,2.282,372.325,28.205,470.728,473.248,439.311,25.842,912.559,1151.471,19.725,38.697,0.450203,0.966036,0.481406
docvqa,1792,256,137,iter137,docvqa_49369,28,16384,4096,12,398.998,0.729,2.286,359.387,28.439,459.173,461.794,282.064,25.642,743.858,988.555,16.132,38.998,0.53639,1.153676,0.37919
docvqa,1792,256,138,iter138,docvqa_57562,29,16384,4096,11,373.863,0.73,2.31,330.119,28.171,433.729,436.133,276.342,27.634,712.474,955.509,15.439,36.187,0.524738,1.133503,0.387862
docvqa,1792,256,139,iter139,docvqa_32986,33,16384,4096,18,345.483,0.731,2.276,307.169,28.143,405.099,407.473,404.935,23.82,812.408,1080.433,22.156,41.982,0.425258,0.923898,0.498438
docvqa,1792,256,140,iter140,docvqa_57564,26,16384,4096,81,376.176,0.726,2.279,339.367,28.187,435.773,438.166,10182.855,127.286,10621.021,10858.233,7.626,7.856,0.035418,0.076447,0.958745
docvqa,1792,256,141,iter141,docvqa_49373,36,16384,4096,15,404.803,0.732,2.324,359.157,28.227,464.722,468.455,323.177,23.084,791.631,1172.512,18.948,43.32,0.511354,1.098397,0.408241
docvqa,1792,256,142,iter142,docvqa_16606,29,16384,4096,11,422.874,0.733,2.267,383.083,28.197,483.02,485.455,233.78,23.378,719.235,924.451,15.294,42.775,0.587949,1.259524,0.32504
docvqa,1792,256,143,iter143,docvqa_223,29,16384,4096,14,386.072,0.732,2.278,344.846,28.127,445.96,448.476,370.744,28.519,819.22,1256.078,17.089,35.065,0.471268,1.01564,0.452557
docvqa,1792,256,144,iter144,docvqa_224,30,16384,4096,16,371.03,0.73,2.302,333.237,28.127,430.958,433.458,371.871,24.791,805.329,1159.504,19.868,40.337,0.460719,0.995852,0.461763
docvqa,1792,256,145,iter145,docvqa_16609,32,16384,4096,18,413.375,0.733,2.354,360.561,28.132,473.358,477.238,422.672,24.863,899.909,1207.168,20.002,40.22,0.459351,0.985358,0.469682
docvqa,1792,256,146,iter146,docvqa_57566,34,16384,4096,17,383.97,0.733,2.275,342.384,28.142,443.957,446.353,361.048,22.566,807.401,1043.498,21.055,44.315,0.475563,1.025423,0.447173
docvqa,1792,256,147,iter147,docvqa_16611,28,16384,4096,20,405.214,0.73,2.342,360.551,28.19,465.82,469.81,468.361,24.651,938.171,1143.398,21.318,40.567,0.43192,0.928439,0.499227
docvqa,1792,256,148,iter148,docvqa_49376,35,16384,4096,13,387.212,0.727,2.303,347.046,28.206,447.704,450.299,359.614,29.968,809.913,1077.389,16.051,33.369,0.478091,1.030872,0.444016
docvqa,1792,256,149,iter149,docvqa_49381,34,16384,4096,17,391.421,0.732,2.27,353.232,28.141,451.371,453.81,392.647,24.54,846.457,1094.027,20.084,40.749,0.462423,0.995671,0.463871
docvqa,1792,256,150,iter150,docvqa_32989,33,16384,4096,17,381.283,0.727,2.296,336.625,28.161,441.06,443.489,388.271,24.267,831.759,1231.961,20.439,41.208,0.458405,0.988679,0.466807
docvqa,1792,256,151,iter151,docvqa_231,33,16384,4096,16,395.676,0.732,2.298,358.712,28.19,455.491,457.802,350.785,23.386,808.587,1034.889,19.788,42.761,0.489342,1.052658,0.433825
docvqa,1792,256,152,iter152,docvqa_232,27,16384,4096,17,366.412,0.732,2.284,327.463,28.142,426.841,429.279,380.009,23.751,809.288,1157.637,21.006,42.104,0.452758,0.980186,0.46956
docvqa,1792,256,153,iter153,docvqa_32994,35,16384,4096,17,358.168,0.731,2.278,317.583,28.238,418.456,420.746,429.522,26.845,850.268,1081.344,19.994,37.251,0.421241,0.913387,0.505161
docvqa,1792,256,154,iter154,docvqa_234,32,16384,4096,83,405.616,0.731,2.325,368.55,28.164,466.194,468.994,6369.453,77.676,6838.446,7046.407,12.137,12.874,0.059314,0.127487,0.931418
docvqa,1792,256,155,iter155,docvqa_4931,32,16384,4096,21,565.813,0.731,2.303,527.355,28.215,625.899,628.589,492.061,24.603,1120.65,1311.622,18.739,40.645,0.504898,1.063412,0.439086
docvqa,1792,256,156,iter156,docvqa_32995,33,16384,4096,17,396.451,0.729,2.277,358.138,28.174,456.503,458.97,361.851,22.616,820.821,1064.726,20.711,44.217,0.482993,1.039146,0.44084
docvqa,1792,256,157,iter157,docvqa_237,36,16384,4096,18,387.757,0.73,2.321,347.725,28.214,447.56,450.341,343.867,20.227,794.208,1077.655,22.664,49.438,0.488231,1.05176,0.432968
docvqa,1792,256,158,iter158,docvqa_49390,27,16384,4096,8,347.9,0.729,2.267,310.387,28.634,407.784,410.319,142.231,20.319,552.55,852.95,14.478,49.216,0.629626,1.36763,0.257408
docvqa,1792,256,159,iter159,docvqa_49391,30,16384,4096,23,406.534,0.731,2.318,369.464,28.218,466.567,469.511,532.781,24.217,1002.292,1342.945,22.947,41.293,0.405605,0.871105,0.531563
docvqa,1792,256,160,iter160,docvqa_49392,29,16384,4096,13,387.187,0.728,2.291,347.901,28.312,447.507,450.039,283.904,23.659,733.943,922.722,17.713,42.268,0.527544,1.137273,0.38682
docvqa,1792,256,161,iter161,docvqa_49393,25,16384,4096,18,383.162,0.732,2.265,345.531,28.261,442.913,445.319,431.301,25.371,876.621,1074.215,20.533,39.416,0.437089,0.942339,0.492005
docvqa,1792,256,162,iter162,docvqa_49394,30,16384,4096,16,399.607,0.728,2.266,357.737,28.292,459.209,461.56,333.049,22.203,794.609,980.152,20.136,45.038,0.502897,1.080803,0.419136
docvqa,1792,256,163,iter163,docvqa_49395,27,16384,4096,20,490.163,0.729,2.281,452.552,28.405,549.809,552.219,400.497,21.079,952.715,1165.915,20.993,47.441,0.51449,1.091587,0.420374
docvqa,1792,256,164,iter164,docvqa_49396,29,16384,4096,22,381.935,0.732,2.358,331.049,28.166,441.927,444.375,479.638,22.84,924.013,1128.427,23.809,43.783,0.413344,0.891613,0.519081
docvqa,1792,256,165,iter165,docvqa_49397,28,16384,4096,16,405.774,0.73,2.316,367.723,28.179,465.514,468.268,385.791,25.719,854.059,1054.723,18.734,38.881,0.475113,1.020174,0.451715
docvqa,1792,256,166,iter166,docvqa_49398,29,16384,4096,14,403.096,0.732,2.306,365.549,28.248,463.092,465.744,291.041,22.388,756.785,998.43,18.499,44.667,0.532643,1.144562,0.384576
docvqa,1792,256,167,iter167,docvqa_49399,30,16384,4096,11,468.338,0.729,2.3,431.038,28.342,528.452,530.918,222.373,22.237,753.29,963.267,14.603,44.97,0.621723,1.323248,0.295202
docvqa,1792,256,168,iter168,docvqa_49400,44,16384,4096,26,387.653,0.73,2.305,350.485,28.295,447.599,450.084,573.441,22.938,1023.525,1197.65,25.402,43.596,0.378743,0.816054,0.560261
docvqa,1792,256,169,iter169,docvqa_49401,32,16384,4096,17,429.328,0.726,2.328,382.973,28.147,489.253,492.538,369.285,23.08,861.824,1076.811,19.726,43.327,0.498162,1.065857,0.428493
docvqa,1792,256,170,iter170,docvqa_49402,27,16384,4096,31,410.189,0.731,2.314,371.16,28.191,470.23,472.935,605.282,20.176,1078.216,1278.03,28.751,49.564,0.380433,0.816551,0.561373
docvqa,1792,256,171,iter171,docvqa_49403,30,16384,4096,10,429.032,0.73,2.307,389.084,28.263,489.157,491.81,232.302,25.811,724.112,923.914,13.81,38.743,0.592494,1.26802,0.320809
docvqa,1792,256,172,iter172,docvqa_49404,34,16384,4096,25,417.128,0.731,2.33,379.278,28.307,477.087,479.653,512.109,21.338,991.763,1199.292,25.208,46.865,0.420593,0.901642,0.516363
docvqa,1792,256,173,iter173,docvqa_254,27,16384,4096,18,386.505,0.728,2.275,344.736,28.207,446.305,448.586,348.599,20.506,797.185,1028.722,22.579,48.767,0.484837,1.044688,0.437287
docvqa,1792,256,174,iter174,docvqa_255,31,16384,4096,16,411.13,0.733,2.306,374.154,28.238,471.301,473.622,336.56,22.437,810.182,994.403,19.749,44.569,0.507454,1.089177,0.415413
docvqa,1792,256,175,iter175,docvqa_256,37,16384,4096,19,378.655,0.732,2.321,337.547,28.152,438.59,441.311,540.513,30.028,981.824,1179.394,19.352,33.302,0.385664,0.832374,0.550519
docvqa,1792,256,176,iter176,docvqa_49406,31,16384,4096,16,349.091,0.731,2.288,311.933,28.136,408.766,411.203,352.8,23.52,764.003,977.346,20.942,42.517,0.456924,0.991956,0.461778
docvqa,1792,256,177,iter177,docvqa_265,28,16384,4096,36,429.765,0.73,2.261,390.852,28.258,489.938,492.232,857.148,24.49,1349.38,1546.995,26.679,40.833,0.318491,0.681575,0.635216
docvqa,1792,256,178,iter178,docvqa_266,30,16384,4096,17,413.982,0.73,2.301,376.896,28.353,473.715,476.086,335.227,20.952,811.314,1025.41,20.954,47.729,0.510262,1.094148,0.413191
docvqa,1792,256,179,iter179,docvqa_267,30,16384,4096,27,424.712,0.73,2.283,368.854,28.169,484.897,487.304,628.119,24.158,1115.423,1304.061,24.206,41.393,0.380763,0.815484,0.563122
docvqa,1792,256,180,iter180,docvqa_271,29,16384,4096,17,353.231,0.73,2.311,316.429,28.18,413.046,415.481,371.562,23.223,787.043,1041.296,21.6,43.061,0.448807,0.973614,0.472099
docvqa,1792,256,181,iter181,docvqa_49432,30,16384,4096,38,383.537,0.73,2.295,346.524,28.188,443.835,446.07,794.947,21.485,1241.017,1460.349,30.62,46.544,0.309051,0.666689,0.640561
docvqa,1792,256,182,iter182,docvqa_283,39,16384,4096,22,432.411,0.725,2.273,394.317,28.978,492.451,494.75,526.552,25.074,1021.302,1214.938,21.541,39.882,0.423392,0.905572,0.51557
docvqa,1792,256,183,iter183,docvqa_284,34,16384,4096,29,376.612,0.729,2.3,336.928,28.136,436.532,439.166,666.489,23.803,1105.655,1421.316,26.229,42.011,0.340624,0.735442,0.6028
docvqa,1792,256,184,iter184,docvqa_285,32,16384,4096,16,352.032,0.73,2.282,315.258,28.173,412.11,414.52,360.994,24.066,775.513,1058.073,20.631,41.552,0.453934,0.985337,0.46549
docvqa,1792,256,185,iter185,docvqa_49437,32,16384,4096,15,387.859,0.734,2.268,350.428,28.214,447.71,450.073,287.012,20.501,737.086,993.186,20.35,48.778,0.526206,1.133612,0.389388
docvqa,1792,256,186,iter186,docvqa_49442,31,16384,4096,15,383.384,0.733,2.283,345.981,28.172,443.263,445.607,284.302,20.307,729.91,1046.207,20.55,49.243,0.525248,1.132532,0.389503
docvqa,1792,256,187,iter187,docvqa_292,32,16384,4096,29,411.368,0.735,2.289,371.431,28.154,471.794,476.984,684.098,24.432,1161.082,1425.548,24.977,40.93,0.354297,0.760637,0.58919
docvqa,1792,256,188,iter188,docvqa_296,34,16384,4096,15,406.094,0.728,2.314,365.17,28.168,466.448,469.577,360.396,25.743,829.972,1150.024,18.073,38.846,0.489287,1.051291,0.434226
docvqa,1792,256,189,iter189,docvqa_297,33,16384,4096,17,349.752,0.727,2.277,310.649,28.14,409.368,411.722,372.675,23.292,784.396,1050.233,21.673,42.933,0.445887,0.967775,0.47511
docvqa,1792,256,190,iter190,docvqa_298,29,16384,4096,12,406.522,0.732,2.3,368.651,28.334,466.452,469.142,260.85,23.714,729.992,982.092,16.439,42.17,0.556886,1.195868,0.357333
docvqa,1792,256,191,iter191,docvqa_49449,28,16384,4096,17,382.783,0.73,2.265,345.535,28.251,442.69,445.055,372.324,23.27,817.379,986.691,20.798,42.973,0.468305,1.009901,0.45551
docvqa,1792,256,192,iter192,docvqa_300,37,16384,4096,20,353.781,0.731,2.252,314.472,28.164,413.436,415.7,439.315,23.122,855.015,1053.021,23.391,43.249,0.413771,0.897313,0.51381
docvqa,1792,256,193,iter193,docvqa_49454,33,16384,4096,20,563.192,0.73,2.287,523.231,28.204,623.172,625.361,512.498,26.974,1137.858,1318.058,17.577,37.073,0.494958,1.042629,0.450406
docvqa,1792,256,194,iter194,docvqa_303,37,16384,4096,17,431.626,0.731,2.328,393.362,28.432,492.474,495.343,410.294,25.643,905.637,1105.242,18.771,38.996,0.4766,1.020388,0.453045
docvqa,1792,256,195,iter195,docvqa_304,35,16384,4096,28,353.478,0.731,2.297,315.301,28.145,413.225,415.867,662.838,24.55,1078.705,1283.154,25.957,40.734,0.327688,0.710763,0.614476
docvqa,1792,256,196,iter196,docvqa_305,30,16384,4096,19,405.107,0.732,2.278,366.903,28.248,465.355,467.842,503.213,27.956,971.055,1166.961,19.566,35.77,0.417183,0.896408,0.518212
docvqa,1792,256,197,iter197,docvqa_49455,28,16384,4096,40,379.39,0.73,2.304,342.421,28.204,439.285,441.893,1008.851,25.868,1450.744,1613.883,27.572,38.658,0.261514,0.564314,0.695402
docvqa,1792,256,198,iter198,docvqa_307,36,16384,4096,16,446.404,0.731,2.342,409.163,28.225,506.401,509.09,305.843,20.39,814.933,1024.857,19.634,49.045,0.54778,1.169182,0.375298
docvqa,1792,256,199,iter199,docvqa_49461,40,16384,4096,20,376.734,0.727,2.297,339.4,28.173,436.747,439.686,517.814,27.253,957.499,1157.487,20.888,36.693,0.393456,0.849589,0.540798
docvqa,1792,256,200,iter200,docvqa_49465,34,16384,4096,22,535.291,0.73,2.317,492.873,28.55,595.505,598.175,543.03,25.859,1141.205,1335.643,19.278,38.672,0.469057,0.990878,0.475839
docvqa,1792,256,201,iter201,docvqa_317,29,16384,4096,11,439.897,0.726,2.369,389.8,28.59,499.991,503.899,239.425,23.943,743.324,979.193,14.798,41.767,0.591796,1.264438,0.3221
docvqa,1792,256,202,iter202,docvqa_319,33,16384,4096,22,445.197,0.727,2.341,405.53,28.259,505.674,508.569,561.823,26.753,1070.392,1288.039,20.553,37.378,0.41592,0.88834,0.524876
docvqa,1792,256,203,iter203,docvqa_320,30,16384,4096,79,437.47,0.733,2.339,385.216,28.148,497.625,504.184,1948.764,24.984,2452.948,2731.955,32.206,40.025,0.178345,0.381213,0.794458
docvqa,1792,256,204,iter204,docvqa_321,28,16384,4096,210,443.216,0.73,2.277,402.845,28.275,503.979,506.358,71171.829,340.535,71678.188,71876.131,2.93,2.937,0.006183,0.013215,0.992936
docvqa,1792,256,205,iter205,docvqa_345,29,16384,4096,13,383.103,0.731,2.349,345.392,28.259,443.622,446.645,242.839,20.237,689.484,1044.01,18.855,49.415,0.555638,1.199049,0.352205
docvqa,1792,256,206,iter206,docvqa_346,26,16384,4096,27,410.261,0.728,2.255,372.742,28.279,470.682,472.903,648.966,24.96,1121.87,1319.554,24.067,40.064,0.365694,0.785246,0.578469
docvqa,1792,256,207,iter207,docvqa_347,38,16384,4096,25,459.788,0.727,2.312,421.85,28.416,522.061,524.828,599.831,24.993,1124.658,1345.125,22.229,40.011,0.408825,0.87302,0.533345
docvqa,1792,256,208,iter208,docvqa_348,36,16384,4096,21,408.466,0.732,2.28,370.371,28.179,468.717,471.16,542.923,27.146,1014.083,1238.322,20.708,36.838,0.402793,0.865001,0.535383
docvqa,1792,256,209,iter209,docvqa_6943,26,16384,4096,17,410.268,0.727,2.302,366.717,28.27,470.221,472.926,408.429,25.527,881.355,1118.255,19.288,39.174,0.465497,0.999017,0.46341
docvqa,1792,256,210,iter210,docvqa_357,29,16384,4096,13,413.03,0.732,2.297,375.322,28.15,472.843,475.324,250.219,20.852,725.543,932.67,17.918,47.958,0.56927,1.220978,0.344871
docvqa,1792,256,211,iter211,docvqa_358,34,16384,4096,16,417.136,0.729,2.347,379.793,28.214,477.318,480.073,356.167,23.744,836.24,1043.916,19.133,42.115,0.498823,1.069613,0.425915
docvqa,1792,256,212,iter212,docvqa_359,36,16384,4096,17,415.736,0.73,2.292,377.888,28.33,476.752,479.387,383.194,23.95,862.581,1093.846,19.708,41.754,0.481968,1.034672,0.444241
docvqa,1792,256,213,iter213,docvqa_360,38,16384,4096,21,365.835,0.73,2.319,328.352,28.197,425.975,428.848,512.083,25.604,940.931,1221.413,22.318,39.056,0.388801,0.841517,0.54423
docvqa,1792,256,214,iter214,docvqa_361,37,16384,4096,33,384.459,0.732,2.331,346.686,28.211,444.643,447.391,845.788,26.431,1293.179,1518.149,25.519,37.835,0.297298,0.641135,0.654038
docvqa,1792,256,215,iter215,docvqa_362,37,16384,4096,22,375.681,0.729,2.283,339.086,28.145,435.672,438.169,538.777,25.656,976.947,1164.968,22.519,38.977,0.384546,0.830499,0.551491
docvqa,1792,256,216,iter216,docvqa_363,37,16384,4096,19,413.915,0.732,2.297,375.374,28.241,473.915,476.551,470.468,26.137,947.019,1135.889,20.063,38.26,0.437072,0.9375,0.496789
docvqa,1792,256,217,iter217,docvqa_364,31,16384,4096,34,403.615,0.732,2.299,366.402,28.195,463.75,466.308,848.263,25.705,1314.571,1522.714,25.864,38.903,0.307032,0.659808,0.645278
docvqa,1792,256,218,iter218,docvqa_365,29,16384,4096,26,378.267,0.731,2.296,340.568,28.153,438.227,440.82,714.261,28.57,1155.082,1395.619,22.509,35.001,0.327481,0.706872,0.618365
docvqa,1792,256,219,iter219,docvqa_8560,29,16384,4096,20,382.147,0.725,2.341,343.589,28.188,442.122,444.798,503.268,26.488,948.066,1170.657,21.096,37.753,0.403081,0.869421,0.530837
docvqa,1792,256,220,iter220,docvqa_4958,27,16384,4096,17,385.262,0.732,2.332,347.318,28.283,445.481,448.009,458.184,28.636,906.192,1184.731,18.76,34.921,0.425144,0.91674,0.505614
docvqa,1792,256,221,iter221,docvqa_8565,28,16384,4096,27,352.636,0.729,2.301,315.06,28.155,412.31,415.115,567.431,21.824,982.546,1199.199,27.48,45.821,0.3589,0.778534,0.577511
docvqa,1792,256,222,iter222,docvqa_4959,26,16384,4096,6,377.008,0.729,2.28,339.347,28.157,436.581,438.961,104.472,20.894,543.433,799.172,11.041,47.86,0.693752,1.497128,0.192244
docvqa,1792,256,223,iter223,docvqa_375,38,16384,4096,24,355.516,0.732,2.308,316.461,28.198,415.343,417.623,555.569,24.155,973.191,1168.099,24.661,41.399,0.36531,0.792095,0.570873
docvqa,1792,256,224,iter224,docvqa_376,37,16384,4096,23,353.182,0.729,2.285,313.195,28.098,412.824,415.087,560.181,25.463,975.269,1160.575,23.583,39.273,0.362138,0.78543,0.574387
docvqa,1792,256,225,iter225,docvqa_377,27,16384,4096,12,376.237,0.731,2.298,338.94,28.137,436.025,438.749,350.391,31.854,789.14,990.232,15.206,31.393,0.476768,1.0293,0.444017
docvqa,1792,256,226,iter226,docvqa_49528,27,16384,4096,9,376.234,0.726,2.302,339.004,28.151,436.02,438.949,216.966,27.121,655.915,924.339,13.721,36.872,0.573602,1.238352,0.330784
docvqa,1792,256,227,iter227,docvqa_49530,27,16384,4096,9,390.352,0.732,2.314,343.842,28.131,450.182,452.812,164.795,20.599,617.607,860.776,14.572,48.545,0.63204,1.360953,0.266828
docvqa,1792,256,228,iter228,docvqa_49532,31,16384,4096,18,419.404,0.728,2.357,379.455,28.456,479.437,482.368,433.973,25.528,916.341,1158.79,19.643,39.173,0.457694,0.980903,0.473593
docvqa,1792,256,229,iter229,docvqa_24499,31,16384,4096,256,370.134,0.728,2.364,322.282,28.178,429.797,433.11,31824.991,124.804,32258.102,32468.855,7.936,8.013,0.011474,0.024798,0.986574
docvqa,1792,256,230,iter230,docvqa_49534,31,16384,4096,20,410.94,0.726,2.358,373.987,28.211,471.237,474.257,465.979,24.525,940.236,1199.761,21.271,40.774,0.43706,0.93825,0.495598
docvqa,1792,256,231,iter231,docvqa_383,35,16384,4096,41,515.417,0.731,2.333,475.147,28.217,575.685,578.226,960.006,24.0,1538.232,1772.099,26.654,41.666,0.335071,0.709322,0.624097
docvqa,1792,256,232,iter232,docvqa_384,26,16384,4096,49,427.67,0.731,2.331,387.515,28.227,487.563,490.329,1230.769,25.641,1721.098,1938.649,28.47,39.0,0.248487,0.531773,0.715107
docvqa,1792,256,233,iter233,docvqa_385,33,16384,4096,77,414.619,0.73,2.433,370.573,28.154,474.862,478.701,1939.465,25.519,2418.166,2741.328,31.842,39.186,0.17146,0.367833,0.80204
docvqa,1792,256,234,iter234,docvqa_49536,35,16384,4096,45,388.429,0.73,2.295,349.787,28.163,448.239,451.02,1170.618,26.605,1621.637,1916.332,27.75,37.587,0.239529,0.51594,0.721874
docvqa,1792,256,235,iter235,docvqa_24500,29,16384,4096,45,417.303,0.729,2.293,379.732,28.223,477.068,479.756,1106.533,25.148,1586.288,1821.299,28.368,39.764,0.263069,0.563813,0.697561
docvqa,1792,256,236,iter236,docvqa_33153,30,16384,4096,25,420.461,0.731,2.301,380.761,28.566,480.237,482.709,488.348,20.348,971.057,1216.318,25.745,49.145,0.432993,0.927543,0.502903
docvqa,1792,256,237,iter237,docvqa_57733,40,16384,4096,24,417.538,0.729,2.311,372.314,28.163,477.467,480.834,459.254,19.968,940.087,1164.917,25.53,50.081,0.444148,0.952044,0.488522
docvqa,1792,256,238,iter238,docvqa_49542,27,16384,4096,18,391.045,0.732,2.253,350.445,28.133,450.536,452.81,387.938,22.82,840.748,1082.774,21.41,43.821,0.465116,1.000991,0.46142
docvqa,1792,256,239,iter239,docvqa_33158,27,16384,4096,11,442.126,0.728,2.257,401.653,28.247,502.121,504.482,265.837,26.584,770.319,1013.04,14.28,37.617,0.573952,1.225788,0.345099
docvqa,1792,256,240,iter240,docvqa_49544,33,16384,4096,31,382.957,0.729,2.282,343.462,28.209,442.673,445.061,671.482,22.383,1116.544,1368.296,27.764,44.677,0.342985,0.739452,0.601394
docvqa,1792,256,241,iter241,docvqa_58694,35,16384,4096,20,407.067,0.731,2.318,369.577,28.229,466.914,469.86,474.24,24.96,944.099,1170.22,21.184,40.064,0.431169,0.925729,0.50232
docvqa,1792,256,242,iter242,docvqa_49546,35,16384,4096,62,387.515,0.731,2.339,335.636,28.263,447.508,450.958,1399.499,22.943,1850.456,2191.624,33.505,43.587,0.209416,0.451252,0.756299
docvqa,1792,256,243,iter243,docvqa_395,30,16384,4096,12,434.93,0.729,2.287,397.629,28.181,495.314,497.635,271.492,24.681,769.127,982.037,15.602,40.517,0.565485,1.20948,0.352987
docvqa,1792,256,244,iter244,docvqa_396,28,16384,4096,22,375.609,0.73,2.296,337.014,28.113,435.435,437.955,556.644,26.507,994.599,1207.108,22.119,37.726,0.377648,0.815448,0.559667
docvqa,1792,256,245,iter245,docvqa_397,30,16384,4096,22,438.981,0.729,2.279,399.608,28.192,498.871,501.357,527.178,25.104,1028.536,1227.643,21.39,39.835,0.426802,0.911832,0.512552
docvqa,1792,256,246,iter246,docvqa_49550,35,16384,4096,52,422.501,0.727,2.301,385.877,28.226,482.386,484.893,1369.284,26.849,1854.176,2088.547,28.045,37.246,0.227864,0.488026,0.738486
docvqa,1792,256,247,iter247,docvqa_58695,36,16384,4096,24,384.305,0.728,2.282,347.731,28.141,444.347,446.93,575.13,25.006,1022.06,1262.466,23.482,39.991,0.376011,0.810767,0.562717
docvqa,1792,256,248,iter248,docvqa_398,30,16384,4096,14,362.198,0.733,2.311,313.779,28.148,421.869,424.408,320.082,24.622,744.49,1041.179,18.805,40.615,0.486505,1.05316,0.429935
docvqa,1792,256,249,iter249,docvqa_49555,41,16384,4096,34,400.856,0.73,2.361,360.603,28.218,461.014,464.583,794.355,24.071,1258.938,1575.507,27.007,41.543,0.318408,0.684601,0.630973
docvqa,1792,256,250,iter250,docvqa_16789,36,16384,4096,25,446.049,0.729,2.269,404.318,28.287,506.005,508.642,591.799,24.658,1100.441,1295.933,22.718,40.554,0.405337,0.865157,0.537783
docvqa,1792,256,251,iter251,docvqa_407,29,16384,4096,14,390.582,0.732,2.291,349.104,28.177,454.542,456.928,370.856,28.527,827.784,1027.012,16.913,35.054,0.471841,1.020948,0.448011
docvqa,1792,256,252,iter252,docvqa_49560,35,16384,4096,28,409.447,0.729,2.267,373.11,28.184,469.496,471.879,731.459,27.091,1203.338,1437.814,23.269,36.913,0.340259,0.730421,0.607858
docvqa,1792,256,253,iter253,docvqa_408,30,16384,4096,15,440.634,0.732,2.295,403.411,28.512,500.763,503.17,340.317,24.308,843.487,1049.945,17.783,41.138,0.522395,1.116077,0.403464
docvqa,1792,256,254,iter254,docvqa_409,29,16384,4096,22,419.517,0.732,2.297,381.977,28.275,479.525,482.198,567.555,27.026,1049.754,1283.078,20.957,37.001,0.399634,0.856432,0.540656
docvqa,1792,256,255,iter255,docvqa_24505,30,16384,4096,17,409.62,0.73,2.344,365.074,28.194,469.546,473.262,404.56,25.285,877.822,1153.833,19.366,39.549,0.466633,1.001532,0.460868
docvqa,1792,256,256,iter256,docvqa_410,36,16384,4096,27,444.206,0.732,2.284,407.258,28.238,504.316,506.676,665.797,25.608,1172.473,1361.769,23.028,39.051,0.378863,0.808993,0.567857
docvqa,1792,256,257,iter257,docvqa_49565,28,16384,4096,13,403.082,0.733,2.291,363.629,28.192,463.002,465.467,310.36,25.863,775.827,1034.261,16.756,38.665,0.519551,1.116337,0.400038
docvqa,1792,256,258,iter258,docvqa_16801,29,16384,4096,10,375.271,0.73,2.281,336.603,28.219,434.908,437.463,250.95,27.883,688.413,894.791,14.526,35.864,0.545125,1.17688,0.364534
docvqa,1792,256,259,iter259,docvqa_49569,28,16384,4096,14,376.209,0.726,2.283,336.933,28.155,436.038,438.346,310.76,23.905,749.106,986.34,18.689,41.833,0.50221,1.084288,0.414841
docvqa,1792,256,260,iter260,docvqa_57765,34,16384,4096,21,375.073,0.731,2.294,336.068,28.122,435.039,437.551,455.496,22.775,893.047,1128.595,23.515,43.908,0.419992,0.907132,0.510047
docvqa,1792,256,261,iter261,docvqa_57766,34,16384,4096,17,440.556,0.73,2.346,392.97,28.239,501.015,504.846,377.085,23.568,881.931,1131.884,19.276,42.431,0.499536,1.067625,0.427567
docvqa,1792,256,262,iter262,docvqa_57767,32,16384,4096,14,373.342,0.73,2.273,333.997,28.132,433.32,435.677,369.989,28.461,805.667,1099.799,17.377,35.136,0.463396,1.001236,0.459234
docvqa,1792,256,263,iter263,docvqa_58700,26,16384,4096,22,411.782,0.733,2.312,374.299,28.242,472.125,474.801,532.548,25.359,1007.348,1218.408,21.84,39.433,0.408778,0.877459,0.528663
docvqa,1792,256,264,iter264,docvqa_49574,31,16384,4096,20,374.219,0.73,2.28,337.193,28.137,433.984,436.547,501.568,26.398,938.115,1173.318,21.319,37.881,0.398905,0.861518,0.534655
docvqa,1792,256,265,iter265,docvqa_57770,34,16384,4096,15,393.902,0.731,2.284,356.611,28.2,453.56,456.108,294.211,21.015,750.319,1057.24,19.991,47.585,0.52498,1.129468,0.392115
docvqa,1792,256,266,iter266,docvqa_57771,34,16384,4096,60,375.805,0.731,2.266,338.18,28.124,435.707,438.117,1307.056,22.153,1745.173,2022.935,34.381,45.14,0.21534,0.465004,0.748955
docvqa,1792,256,267,iter267,docvqa_49579,33,16384,4096,16,414.442,0.73,2.328,376.189,28.129,474.726,478.247,329.28,21.952,807.527,1105.057,19.814,45.554,0.513224,1.1011,0.407764
docvqa,1792,256,268,iter268,docvqa_49577,29,16384,4096,12,528.267,0.728,2.291,491.53,28.234,588.227,590.609,255.571,23.234,846.18,1013.54,14.181,43.041,0.624296,1.319451,0.302029
docvqa,1792,256,269,iter269,docvqa_49583,31,16384,4096,20,351.512,0.73,2.258,314.711,28.111,411.201,413.604,457.485,24.078,871.089,1121.096,22.96,41.531,0.403532,0.875585,0.525187
docvqa,1792,256,270,iter270,docvqa_431,40,16384,4096,28,383.554,0.732,2.33,346.45,28.165,443.877,447.053,681.781,25.251,1128.834,1453.503,24.804,39.602,0.339779,0.732996,0.603969
docvqa,1792,256,271,iter271,docvqa_58702,38,16384,4096,19,389.61,0.729,2.356,342.734,28.234,449.326,452.747,384.658,21.37,837.405,1118.455,22.689,46.795,0.465259,1.001828,0.459345
docvqa,1792,256,272,iter272,docvqa_49586,28,16384,4096,88,419.15,0.731,2.364,376.36,28.172,479.18,484.443,2008.128,23.082,2492.572,2810.979,35.305,43.324,0.16816,0.360403,0.805645
docvqa,1792,256,273,iter273,docvqa_432,36,16384,4096,20,399.513,0.726,2.288,361.486,28.183,459.465,461.916,472.905,24.89,934.822,1132.612,21.394,40.177,0.427368,0.918869,0.505878
docvqa,1792,256,274,iter274,docvqa_57780,34,16384,4096,17,413.058,0.731,2.293,374.266,28.21,472.985,475.61,404.764,25.298,880.374,1117.066,19.31,39.529,0.469185,1.00644,0.459764
docvqa,1792,256,275,iter275,docvqa_57781,34,16384,4096,15,405.302,0.731,2.303,367.366,28.17,465.159,467.756,327.947,23.425,795.703,1075.53,18.851,42.69,0.509363,1.093952,0.412147
docvqa,1792,256,276,iter276,docvqa_57782,35,16384,4096,123,378.229,0.73,2.305,339.246,28.162,437.927,440.586,2756.238,22.592,3196.824,3456.789,38.476,44.263,0.118314,0.255302,0.86218
docvqa,1792,256,277,iter277,docvqa_57783,31,16384,4096,18,419.579,0.732,2.385,369.742,28.25,479.496,483.416,358.541,21.091,841.957,1157.554,21.379,47.414,0.498338,1.06784,0.425843
docvqa,1792,256,278,iter278,docvqa_57784,31,16384,4096,46,399.291,0.733,2.273,360.776,28.204,459.17,461.48,1126.625,25.036,1588.105,1808.307,28.965,39.942,0.251426,0.540557,0.709415
docvqa,1792,256,279,iter279,docvqa_433,36,16384,4096,19,357.111,0.733,2.313,319.74,28.249,416.898,419.283,463.319,25.74,882.602,1078.513,21.527,38.85,0.404611,0.876962,0.524947
docvqa,1792,256,280,iter280,docvqa_16826,32,16384,4096,43,381.234,0.729,2.276,341.638,28.16,441.183,443.697,1082.32,25.77,1526.017,1860.409,28.178,38.806,0.249823,0.538931,0.709245
docvqa,1792,256,281,iter281,docvqa_57786,34,16384,4096,17,365.398,0.729,2.304,328.638,28.239,425.89,428.395,390.607,24.413,819.002,1052.329,20.757,40.962,0.446151,0.966161,0.476931
docvqa,1792,256,282,iter282,docvqa_49595,38,16384,4096,26,380.572,0.729,2.312,343.158,28.179,440.646,443.572,660.151,26.406,1103.724,1332.892,23.557,37.87,0.344808,0.744043,0.598113
docvqa,1792,256,283,iter283,docvqa_444,29,16384,4096,18,381.233,0.73,2.344,343.521,28.24,441.746,444.477,474.221,27.895,918.698,1132.935,19.593,35.848,0.414971,0.89581,0.516188
docvqa,1792,256,284,iter284,docvqa_16830,32,16384,4096,23,442.479,0.73,2.334,405.266,28.411,503.458,506.206,520.265,23.648,1026.47,1242.594,22.407,42.286,0.431068,0.921543,0.506848
docvqa,1792,256,285,iter285,docvqa_16831,31,16384,4096,23,424.107,0.73,2.273,385.811,28.246,484.094,486.636,532.328,24.197,1018.964,1269.138,22.572,41.328,0.416214,0.891299,0.522421
docvqa,1792,256,286,iter286,docvqa_16832,31,16384,4096,16,384.755,0.729,2.384,337.707,28.163,444.414,447.722,333.816,22.254,781.538,967.795,20.472,44.935,0.492304,1.060945,0.427127
docvqa,1792,256,287,iter287,docvqa_57790,30,16384,4096,9,399.629,0.733,2.303,362.49,28.248,460.14,462.78,177.744,22.218,640.523,841.557,14.051,45.009,0.62391,1.342291,0.277497
docvqa,1792,256,288,iter288,docvqa_57791,33,16384,4096,27,443.69,0.728,2.304,402.72,28.219,504.022,506.314,580.938,22.344,1087.252,1308.449,24.833,44.755,0.408084,0.871657,0.534318
docvqa,1792,256,289,iter289,docvqa_16835,36,16384,4096,20,411.053,0.727,2.264,374.445,28.219,470.562,472.971,378.878,19.941,851.848,1123.185,23.478,50.148,0.482542,1.034943,0.444771
docvqa,1792,256,290,iter290,docvqa_450,31,16384,4096,15,385.484,0.728,2.264,346.363,28.17,445.243,447.514,330.32,23.594,777.834,1035.003,19.284,42.383,0.495587,1.068001,0.424667
docvqa,1792,256,291,iter291,docvqa_16837,33,16384,4096,17,382.103,0.727,2.303,344.59,28.241,441.759,444.732,328.574,20.536,773.306,989.789,21.984,48.695,0.494116,1.065376,0.424895
docvqa,1792,256,292,iter292,docvqa_57798,44,16384,4096,28,376.619,0.729,2.313,337.723,28.243,437.146,440.367,543.389,20.126,983.757,1283.059,28.462,49.688,0.382837,0.827202,0.552362
docvqa,1792,256,293,iter293,docvqa_16839,35,16384,4096,19,441.033,0.729,2.336,395.224,28.193,501.016,504.381,402.262,22.348,906.643,1152.154,20.956,44.747,0.486446,1.039052,0.443683
docvqa,1792,256,294,iter294,docvqa_57799,37,16384,4096,21,437.876,0.729,2.334,393.64,28.161,497.693,500.987,527.319,26.366,1028.306,1228.733,20.422,37.928,0.425822,0.909816,0.512803
docvqa,1792,256,295,iter295,docvqa_57800,40,16384,4096,32,402.605,0.731,2.281,363.344,28.194,462.441,464.921,774.085,24.97,1239.006,1435.817,25.827,40.047,0.324942,0.698178,0.624763
docvqa,1792,256,296,iter296,docvqa_57801,35,16384,4096,20,411.873,0.73,2.302,374.834,28.203,471.69,474.155,441.924,23.259,916.079,1087.122,21.832,42.994,0.449604,0.964504,0.482408
docvqa,1792,256,297,iter297,docvqa_57803,35,16384,4096,17,415.467,0.727,2.352,360.439,28.137,475.43,478.901,341.924,21.37,820.826,1102.599,20.711,46.794,0.506157,1.085366,0.416562
docvqa,1792,256,298,iter298,docvqa_57804,29,16384,4096,10,405.043,0.731,2.288,363.822,29.108,465.233,467.8,219.033,24.337,686.833,919.789,14.56,41.09,0.589726,1.267085,0.318903
docvqa,1792,256,299,iter299,docvqa_57805,31,16384,4096,45,475.538,0.731,2.296,436.104,28.431,535.467,538.055,1113.246,25.301,1651.3,1894.52,27.251,39.524,0.287978,0.612248,0.674163
docvqa,1792,256,300,iter300,docvqa_49605,29,16384,4096,21,405.392,0.73,2.33,365.68,28.252,465.597,468.154,504.871,25.244,973.025,1197.184,21.582,39.614,0.41663,0.895135,0.518868
docvqa,1792,256,301,iter301,docvqa_57807,32,16384,4096,15,400.611,0.73,2.29,363.34,28.243,461.34,463.789,332.21,23.729,795.999,980.707,18.844,42.142,0.503281,1.082854,0.41735
docvqa,1792,256,302,iter302,docvqa_57808,30,16384,4096,17,390.238,0.732,2.275,343.688,28.183,450.618,452.987,345.856,21.616,798.843,1108.594,21.281,46.262,0.488505,1.052593,0.432946
docvqa,1792,256,303,iter303,docvqa_49617,34,16384,4096,26,387.648,0.73,2.333,340.481,28.18,447.746,451.285,605.862,24.234,1057.146,1238.093,24.595,41.264,0.366693,0.790235,0.573111
docvqa,1792,256,304,iter304,docvqa_57810,28,16384,4096,23,354.949,0.731,2.342,314.088,28.151,414.858,418.431,540.654,24.575,959.085,1205.947,23.981,40.691,0.370091,0.802647,0.563719
docvqa,1792,256,305,iter305,docvqa_41421,30,16384,4096,17,416.116,0.733,2.337,355.044,28.146,476.216,479.812,454.794,28.425,934.607,1156.405,18.189,35.181,0.445232,0.954768,0.486616
docvqa,1792,256,306,iter306,docvqa_461,40,16384,4096,256,532.118,0.727,2.285,495.402,28.184,592.186,594.574,10922.145,42.832,11516.72,11806.574,22.229,23.347,0.046204,0.097624,0.948373
docvqa,1792,256,307,iter307,docvqa_463,43,16384,4096,256,376.748,0.729,2.318,337.394,28.224,437.25,440.307,7845.249,30.766,8285.557,8501.013,30.897,32.504,0.04547,0.098243,0.946858
docvqa,1792,256,308,iter308,docvqa_4977,27,16384,4096,12,437.365,0.732,2.287,399.045,28.282,497.521,500.052,257.253,23.387,757.305,983.138,15.846,42.759,0.577528,1.234491,0.339696
docvqa,1792,256,309,iter309,docvqa_57815,35,16384,4096,18,382.714,0.729,2.266,345.096,28.309,442.346,445.47,421.412,24.789,866.882,1208.814,20.764,40.341,0.441483,0.951756,0.486123
docvqa,1792,256,310,iter310,docvqa_4978,27,16384,4096,17,405.729,0.732,2.261,368.885,28.212,465.416,467.747,393.75,24.609,861.497,1058.499,19.733,40.635,0.470958,1.011199,0.457053
docvqa,1792,256,311,iter311,docvqa_57817,48,16384,4096,30,430.077,0.728,2.29,393.14,28.291,879.042,881.891,697.826,24.063,1579.717,1782.827,18.991,41.558,0.272249,0.828705,0.441741
docvqa,1792,256,312,iter312,docvqa_41434,30,16384,4096,14,383.321,0.729,2.294,344.771,28.227,443.052,445.603,325.342,25.026,770.945,1002.862,18.16,39.958,0.497209,1.071896,0.422005
docvqa,1792,256,313,iter313,docvqa_57819,31,16384,4096,23,380.745,0.732,2.319,340.954,28.128,440.387,443.341,564.996,25.682,1008.337,1343.304,22.81,38.938,0.377597,0.814343,0.560325
docvqa,1792,256,314,iter314,docvqa_57820,33,16384,4096,14,381.153,0.731,2.32,343.653,28.175,441.049,443.509,345.938,26.611,789.446,1005.345,17.734,37.579,0.482811,1.041492,0.438203
docvqa,1792,256,315,iter315,docvqa_57821,33,16384,4096,14,378.298,0.73,2.321,332.009,28.116,437.947,441.248,261.907,20.147,703.155,923.218,19.91,49.636,0.538001,1.160833,0.372474
docvqa,1792,256,316,iter316,docvqa_57822,34,16384,4096,23,432.582,0.728,2.27,395.12,28.202,492.478,494.883,440.959,20.044,935.842,1135.653,24.577,49.891,0.462238,0.988479,0.47119
docvqa,1792,256,317,iter317,docvqa_57823,27,16384,4096,17,415.789,0.729,2.278,378.315,28.295,476.123,479.046,394.19,24.637,873.237,1091.272,19.468,40.59,0.476146,1.021386,0.451413
docvqa,1792,256,318,iter318,docvqa_49629,32,16384,4096,16,420.382,0.734,2.305,381.757,28.27,481.286,483.871,359.882,23.992,843.753,1038.613,18.963,41.68,0.498228,1.068638,0.426525
docvqa,1792,256,319,iter319,docvqa_57825,36,16384,4096,15,457.123,0.73,2.299,419.777,28.363,517.221,519.85,367.581,26.256,887.432,1100.238,16.903,38.087,0.515108,1.097937,0.414208
docvqa,1792,256,320,iter320,docvqa_57826,36,16384,4096,16,416.16,0.729,2.293,376.661,28.211,475.779,478.428,312.875,20.858,791.304,1014.758,20.22,47.942,0.525917,1.127177,0.395392
docvqa,1792,256,321,iter321,docvqa_57827,35,16384,4096,21,470.887,0.727,2.301,423.865,28.306,531.388,533.95,418.807,20.94,952.757,1159.468,22.041,47.755,0.494236,1.051974,0.439573
docvqa,1792,256,322,iter322,docvqa_476,29,16384,4096,10,375.644,0.735,2.297,338.389,28.178,436.361,438.767,215.434,23.937,654.201,860.131,15.286,41.776,0.574202,1.241214,0.329309
docvqa,1792,256,323,iter323,docvqa_4980,28,16384,4096,28,359.695,0.729,2.298,321.231,28.21,419.643,421.947,647.795,23.992,1069.742,1265.881,26.175,41.68,0.336245,0.728529,0.605562
docvqa,1792,256,324,iter324,docvqa_57833,27,16384,4096,9,445.06,0.733,2.324,407.929,28.272,505.448,508.291,190.092,23.762,698.384,906.55,12.887,42.085,0.637272,1.361012,0.272189
docvqa,1792,256,325,iter325,docvqa_41449,30,16384,4096,17,402.828,0.728,2.31,365.94,28.174,463.545,466.1,441.291,27.581,907.392,1228.622,18.735,36.257,0.443941,0.954796,0.48633
docvqa,1792,256,326,iter326,docvqa_57835,34,16384,4096,17,398.157,0.732,2.282,356.067,28.186,458.222,460.87,331.349,20.709,792.219,996.502,21.459,48.287,0.502584,1.080988,0.418254
docvqa,1792,256,327,iter327,docvqa_57836,27,16384,4096,12,395.272,0.726,2.337,350.296,28.264,455.243,460.789,237.439,21.585,698.228,996.937,17.186,46.328,0.566108,1.218105,0.34006
docvqa,1792,256,328,iter328,docvqa_57837,27,16384,4096,12,422.381,0.731,2.314,382.202,28.224,482.546,485.352,325.549,29.595,810.9,1019.212,14.798,33.789,0.520879,1.115953,0.401466
docvqa,1792,256,329,iter329,docvqa_57838,27,16384,4096,10,380.039,0.732,2.315,341.421,28.237,440.244,443.049,261.274,29.03,704.323,927.272,14.198,34.447,0.539581,1.16464,0.370957
docvqa,1792,256,330,iter330,docvqa_49643,34,16384,4096,24,350.868,0.73,2.307,314.09,28.121,410.536,413.004,561.165,24.398,974.168,1234.221,24.636,40.986,0.360172,0.781594,0.576045
docvqa,1792,256,331,iter331,docvqa_57841,28,16384,4096,10,381.032,0.731,2.288,343.302,28.22,441.268,443.642,256.302,28.478,699.944,913.386,14.287,35.115,0.544375,1.174809,0.366175
docvqa,1792,256,332,iter332,docvqa_57843,26,16384,4096,10,413.468,0.729,2.338,375.618,28.274,473.325,476.054,220.413,24.49,696.467,916.21,14.358,40.832,0.593665,1.273274,0.316473
docvqa,1792,256,333,iter333,docvqa_57844,29,16384,4096,26,359.551,0.727,2.299,320.505,28.236,419.326,421.831,619.994,24.8,1041.826,1243.345,24.956,40.323,0.345116,0.747608,0.595104
docvqa,1792,256,334,iter334,docvqa_57845,31,16384,4096,19,380.344,0.729,2.28,342.805,28.192,440.081,442.61,464.029,25.779,906.639,1094.403,20.957,38.791,0.41951,0.904909,0.511813
docvqa,1792,256,335,iter335,docvqa_57853,26,16384,4096,17,345.604,0.731,2.266,308.419,28.141,405.337,407.809,372.283,23.268,780.091,988.184,21.792,42.978,0.44303,0.962632,0.47723
docvqa,1792,256,336,iter336,docvqa_57854,35,16384,4096,22,409.009,0.73,2.299,371.562,28.285,468.785,471.59,508.904,24.234,980.495,1201.178,22.438,41.265,0.417146,0.895256,0.519028
docvqa,1792,256,337,iter337,docvqa_57855,37,16384,4096,20,378.158,0.727,2.287,341.172,28.174,437.938,440.592,430.464,22.656,871.056,1091.195,22.961,44.138,0.434137,0.936903,0.494186
docvqa,1792,256,338,iter338,docvqa_57857,30,16384,4096,33,349.663,0.731,2.315,311.606,28.133,409.508,412.439,785.163,24.536,1197.602,1417.522,27.555,40.756,0.291969,0.63391,0.655613
docvqa,1792,256,339,iter339,docvqa_57858,37,16384,4096,24,386.236,0.73,2.337,348.637,28.293,447.077,450.101,555.031,24.132,1005.132,1204.426,23.877,41.439,0.384264,0.829059,0.552197
docvqa,1792,256,340,iter340,docvqa_45694,40,16384,4096,24,414.647,0.729,2.314,377.562,28.188,475.467,478.048,520.863,22.646,998.91,1203.006,24.026,44.157,0.415099,0.891085,0.521431
docvqa,1792,256,341,iter341,docvqa_55464,55,16384,4096,40,438.816,0.73,2.333,387.993,28.261,929.696,936.128,1001.404,25.677,1937.532,2219.247,20.645,38.945,0.226482,0.706317,0.516845
docvqa,1792,256,342,iter342,docvqa_57880,29,16384,4096,23,396.994,0.73,2.299,358.815,28.272,456.803,459.399,493.976,22.453,953.375,1247.665,24.125,44.537,0.416409,0.895552,0.518134
docvqa,1792,256,343,iter343,docvqa_57881,32,16384,4096,18,524.153,0.734,2.324,474.668,28.177,584.493,587.572,424.174,24.951,1011.747,1572.219,17.791,40.078,0.518067,1.095774,0.41925
docvqa,1792,256,344,iter344,docvqa_57882,32,16384,4096,36,377.448,0.729,2.37,338.978,28.205,437.581,441.558,863.534,24.672,1305.091,1648.042,27.584,40.531,0.289212,0.624499,0.661665
docvqa,1792,256,345,iter345,docvqa_57883,27,16384,4096,36,391.307,0.733,2.327,354.255,28.21,451.212,454.429,768.281,21.951,1222.71,1484.23,29.443,45.556,0.320033,0.689059,0.628343
docvqa,1792,256,346,iter346,docvqa_57884,32,16384,4096,15,405.016,0.731,2.311,367.982,28.205,465.519,468.459,359.886,25.706,828.345,1089.691,18.108,38.901,0.488946,1.050934,0.434464
docvqa,1792,256,347,iter347,docvqa_57885,30,16384,4096,14,377.484,0.731,2.311,337.889,28.254,437.379,439.932,260.611,20.047,700.543,926.933,19.984,49.883,0.538845,1.163188,0.372013
docvqa,1792,256,348,iter348,docvqa_57886,28,16384,4096,19,354.865,0.733,2.325,315.561,28.17,414.758,417.64,413.84,22.991,831.481,1128.212,22.851,43.495,0.426786,0.925605,0.497715
docvqa,1792,256,349,iter349,docvqa_57887,37,16384,4096,19,352.197,0.733,2.297,313.417,28.169,412.132,415.127,490.412,27.245,905.54,1126.528,20.982,36.704,0.388936,0.844058,0.541569
docvqa,1792,256,350,iter350,docvqa_57888,37,16384,4096,24,375.988,0.733,2.259,338.618,28.151,435.866,438.357,615.394,26.756,1053.752,1261.167,22.776,37.374,0.356809,0.770441,0.584003
docvqa,1792,256,351,iter351,docvqa_57889,33,16384,4096,14,376.821,0.73,2.282,338.173,28.142,436.54,439.204,302.126,23.24,741.33,947.318,18.885,43.028,0.508304,1.097165,0.407546
docvqa,1792,256,352,iter352,docvqa_57890,32,16384,4096,18,395.215,0.731,2.317,347.308,28.165,454.905,458.022,346.368,20.375,804.39,1044.065,22.377,49.081,0.491323,1.056851,0.430597
docvqa,1792,256,353,iter353,docvqa_57891,32,16384,4096,25,454.337,0.729,2.298,410.425,28.252,514.499,517.489,587.301,24.471,1104.79,1328.543,22.629,40.865,0.411243,0.876941,0.531595
docvqa,1792,256,354,iter354,docvqa_553,25,16384,4096,14,374.963,0.729,2.295,338.248,28.186,435.124,437.813,320.712,24.67,758.525,1048.999,18.457,40.535,0.494332,1.067976,0.42281
docvqa,1792,256,355,iter355,docvqa_554,33,16384,4096,28,377.051,0.733,2.299,338.146,28.19,437.044,439.793,653.635,24.209,1093.427,1467.341,25.608,41.307,0.344834,0.744535,0.597785
docvqa,1792,256,356,iter356,docvqa_555,29,16384,4096,23,363.447,0.731,2.336,318.745,28.103,423.379,426.689,562.562,25.571,989.251,1279.814,23.25,39.107,0.367396,0.795375,0.568675
docvqa,1792,256,357,iter357,docvqa_57899,32,16384,4096,19,342.989,0.73,2.307,303.962,28.086,402.78,405.349,402.074,22.337,807.422,1029.302,23.532,44.768,0.424796,0.923642,0.497972
docvqa,1792,256,358,iter358,docvqa_57900,35,16384,4096,15,475.404,0.729,2.278,422.035,28.141,535.575,538.011,311.758,22.268,849.769,1173.356,17.652,44.907,0.559451,1.189711,0.366874
docvqa,1792,256,359,iter359,docvqa_57901,31,16384,4096,34,358.545,0.73,2.325,316.657,28.174,418.652,422.119,718.493,21.773,1140.612,1452.235,29.809,45.929,0.314345,0.681387,0.629919
docvqa,1792,256,360,iter360,docvqa_57902,29,16384,4096,11,382.975,0.732,2.269,342.752,28.2,442.732,445.339,207.767,20.777,653.106,922.04,16.843,48.131,0.58639,1.264277,0.318121
docvqa,1792,256,361,iter361,docvqa_57903,30,16384,4096,23,417.427,0.733,2.321,371.836,28.159,477.406,480.717,522.728,23.76,1003.446,1207.593,22.921,42.087,0.415993,0.89176,0.520933
docvqa,1792,256,362,iter362,docvqa_57904,35,16384,4096,99,406.778,0.731,2.306,369.147,28.197,466.836,469.906,2493.072,25.44,2962.978,3220.841,33.412,39.309,0.137287,0.294843,0.841407
docvqa,1792,256,363,iter363,docvqa_57905,33,16384,4096,20,374.612,0.731,2.314,336.445,28.225,434.43,437.121,472.759,24.882,909.88,1189.477,21.981,40.19,0.411716,0.889176,0.519584
docvqa,1792,256,364,iter364,docvqa_581,31,16384,4096,13,357.836,0.73,2.335,313.178,28.215,418.117,420.868,288.101,24.008,708.969,1095.868,18.336,41.652,0.504727,1.094481,0.406366
docvqa,1792,256,365,iter365,docvqa_582,30,16384,4096,20,420.492,0.73,2.318,374.06,28.151,481.111,484.426,381.476,20.078,865.902,1159.848,23.097,49.807,0.485611,1.04123,0.440553
docvqa,1792,256,366,iter366,docvqa_583,32,16384,4096,15,379.174,0.732,2.29,340.265,28.181,439.876,442.154,370.283,26.449,812.437,1007.987,18.463,37.809,0.466712,1.008141,0.455768
docvqa,1792,256,367,iter367,docvqa_57928,28,16384,4096,10,379.781,0.731,2.314,342.428,28.215,440.269,442.942,209.169,23.241,652.111,861.544,15.335,43.027,0.582387,1.257532,0.320756
docvqa,1792,256,368,iter368,docvqa_57929,28,16384,4096,48,401.705,0.73,2.346,362.674,28.235,461.528,464.119,1172.014,24.936,1636.134,1839.429,29.337,40.102,0.245521,0.527605,0.716332
docvqa,1792,256,369,iter369,docvqa_584,31,16384,4096,16,409.85,0.731,2.299,372.555,28.269,470.751,473.296,365.549,24.37,838.845,1045.42,19.074,41.034,0.488589,1.049779,0.435776
docvqa,1792,256,370,iter370,docvqa_57931,26,16384,4096,7,376.366,0.73,2.307,337.05,28.125,436.262,439.093,173.634,28.939,612.727,825.26,11.424,34.555,0.614248,1.326249,0.283379
docvqa,1792,256,371,iter371,docvqa_57933,34,16384,4096,14,431.405,0.729,2.292,391.217,28.251,491.438,494.332,336.104,25.854,830.436,1155.753,16.859,38.678,0.519492,1.111276,0.404732
docvqa,1792,256,372,iter372,docvqa_57934,33,16384,4096,19,407.93,0.732,2.275,368.46,28.12,467.708,470.26,400.346,22.241,870.607,1103.707,21.824,44.961,0.468559,1.005779,0.459848
docvqa,1792,256,373,iter373,docvqa_596,37,16384,4096,26,376.348,0.732,2.291,335.921,28.132,436.37,438.932,583.566,23.343,1022.498,1344.937,25.428,42.84,0.368067,0.794836,0.570726
docvqa,1792,256,374,iter374,docvqa_597,32,16384,4096,15,357.31,0.73,2.291,319.859,28.209,417.312,419.736,313.957,22.426,733.693,938.569,20.445,44.592,0.487002,1.055785,0.427913
docvqa,1792,256,375,iter375,docvqa_598,32,16384,4096,46,347.554,0.73,2.288,308.018,28.115,407.379,409.781,985.668,21.904,1395.448,1734.882,32.964,45.654,0.249063,0.540997,0.706345
docvqa,1792,256,376,iter376,docvqa_599,31,16384,4096,60,351.974,0.729,2.291,315.093,28.145,411.92,414.292,1292.846,21.913,1707.138,1943.812,35.147,45.636,0.206178,0.44747,0.757318
docvqa,1792,256,377,iter377,docvqa_600,31,16384,4096,11,383.598,0.73,2.299,345.637,28.255,443.305,445.647,211.399,21.14,657.047,925.065,16.742,47.304,0.583821,1.258515,0.321741
docvqa,1792,256,378,iter378,docvqa_601,33,16384,4096,50,408.859,0.728,2.312,371.015,28.283,470.296,473.144,1154.384,23.559,1627.528,1821.515,30.721,42.447,0.251215,0.540178,0.709287
docvqa,1792,256,379,iter379,docvqa_16981,28,16384,4096,17,346.341,0.727,2.27,308.205,28.137,405.839,408.341,369.165,23.073,777.506,994.094,21.865,43.341,0.445451,0.967427,0.474807
docvqa,1792,256,380,iter380,docvqa_16990,37,16384,4096,20,342.431,0.731,2.275,302.667,28.126,402.252,404.64,378.405,19.916,783.045,1101.515,25.541,50.211,0.437306,0.951009,0.483249
docvqa,1792,256,381,iter381,docvqa_57951,27,16384,4096,9,518.528,0.732,2.283,478.687,28.247,578.487,581.02,202.186,25.273,783.207,1391.645,11.491,39.567,0.662057,1.40067,0.258152
docvqa,1792,256,382,iter382,docvqa_57952,33,16384,4096,16,353.096,0.73,2.316,314.107,28.169,413.116,415.84,323.809,21.587,739.649,1420.709,21.632,46.324,0.477383,1.035913,0.437788
docvqa,1792,256,383,iter383,docvqa_57954,27,16384,4096,17,384.154,0.732,2.284,343.161,28.16,443.917,446.426,366.601,22.913,813.027,1464.667,20.91,43.644,0.472499,1.018504,0.450909
docvqa,1792,256,384,iter384,docvqa_57955,34,16384,4096,14,353.681,0.728,2.28,316.002,28.179,413.516,416.195,321.453,24.727,737.647,1322.041,18.979,40.441,0.479472,1.04006,0.435781
docvqa,1792,256,385,iter385,docvqa_610,31,16384,4096,63,381.057,0.73,2.33,340.126,28.207,441.112,444.188,1471.593,23.735,1915.781,2139.58,32.885,42.131,0.198904,0.429156,0.768142
docvqa,1792,256,386,iter386,docvqa_611,41,16384,4096,29,356.513,0.728,2.31,316.233,28.136,416.255,419.093,625.649,22.345,1044.742,1340.236,27.758,44.754,0.341245,0.739673,0.598855
docvqa,1792,256,387,iter387,docvqa_612,33,16384,4096,30,376.711,0.73,2.383,332.688,28.158,436.616,440.097,598.003,20.621,1038.1,1265.469,28.899,48.495,0.362885,0.783476,0.576055
docvqa,1792,256,388,iter388,docvqa_613,31,16384,4096,51,382.49,0.726,2.348,337.467,28.165,442.441,445.69,1183.088,23.662,1628.778,2029.795,31.312,42.262,0.234833,0.506472,0.726365
docvqa,1792,256,389,iter389,docvqa_16999,33,16384,4096,20,370.087,0.727,2.302,330.798,28.24,430.145,432.762,392.109,20.637,824.871,1044.309,24.246,48.456,0.44866,0.970129,0.475358
docvqa,1792,256,390,iter390,docvqa_17000,31,16384,4096,13,348.207,0.731,2.276,310.798,28.125,408.099,410.506,290.754,24.229,701.26,886.938,18.538,41.272,0.496544,1.078495,0.414616
docvqa,1792,256,391,iter391,docvqa_17001,28,16384,4096,9,347.455,0.732,2.282,310.079,28.121,407.229,409.729,163.068,20.383,572.797,833.277,15.712,49.059,0.606594,1.317543,0.284687
docvqa,1792,256,392,iter392,docvqa_57963,31,16384,4096,42,377.943,0.729,2.29,339.374,28.157,437.975,440.627,1028.341,25.081,1468.967,2121.877,28.592,39.87,0.257285,0.555437,0.700043
docvqa,1792,256,393,iter393,docvqa_57964,28,16384,4096,48,374.664,0.727,2.322,336.539,28.377,434.349,437.079,986.145,20.982,1423.224,2013.987,33.726,47.66,0.26325,0.568437,0.692895
docvqa,1792,256,394,iter394,docvqa_57965,30,16384,4096,64,347.437,0.732,2.306,308.235,28.16,407.297,409.922,1408.229,22.353,1818.152,2414.92,35.201,44.737,0.191093,0.41511,0.774539
docvqa,1792,256,395,iter395,docvqa_17002,30,16384,4096,14,351.762,0.733,2.286,314.774,28.092,411.402,413.951,316.863,24.374,730.814,950.076,19.157,41.027,0.48133,1.044267,0.433576
docvqa,1792,256,396,iter396,docvqa_17003,33,16384,4096,25,374.709,0.728,2.272,335.142,28.183,435.105,437.656,516.061,21.503,953.716,1229.666,26.213,46.506,0.392893,0.849114,0.541105
docvqa,1792,256,397,iter397,docvqa_17004,31,16384,4096,20,465.604,0.73,2.288,426.858,28.353,525.55,528.185,489.622,25.77,1017.807,1234.626,19.65,38.805,0.457458,0.973813,0.481056
docvqa,1792,256,398,iter398,docvqa_57969,28,16384,4096,10,474.316,0.725,2.315,423.992,28.282,534.76,537.701,217.443,24.16,755.144,1093.882,13.243,41.39,0.628113,1.336269,0.287949
docvqa,1792,256,399,iter399,docvqa_17005,32,16384,4096,16,377.227,0.728,2.311,329.454,28.172,437.402,440.098,393.382,26.225,833.48,1221.343,19.197,38.131,0.452593,0.977383,0.471976
docvqa,1792,256,400,iter400,docvqa_57971,37,16384,4096,22,370.036,0.726,2.33,329.78,28.225,430.26,433.403,534.674,25.461,968.077,1200.389,22.725,39.276,0.382238,0.826687,0.552305
docvqa,1792,256,401,iter401,docvqa_17007,35,16384,4096,27,378.394,0.729,2.307,338.011,28.188,438.384,441.328,670.336,25.782,1111.664,1327.735,24.288,38.787,0.340386,0.734735,0.603003
docvqa,1792,256,402,iter402,docvqa_57973,32,16384,4096,14,414.257,0.73,2.344,349.025,28.214,474.393,477.418,280.241,21.557,757.659,975.169,18.478,46.389,0.546759,1.172888,0.369878
docvqa,1792,256,403,iter403,docvqa_57974,35,16384,4096,18,385.484,0.731,2.311,339.802,28.126,445.164,451.64,369.705,21.747,821.345,1252.438,21.915,45.983,0.469332,1.011326,0.450121
docvqa,1792,256,404,iter404,docvqa_57975,32,16384,4096,20,386.671,0.729,2.31,340.265,28.161,447.248,450.31,456.489,24.026,906.799,1211.962,22.056,41.622,0.426413,0.919629,0.503407
docvqa,1792,256,405,iter405,docvqa_57976,32,16384,4096,18,392.428,0.731,2.281,351.504,28.271,452.312,454.893,443.9,26.112,898.793,1132.038,20.027,38.297,0.436616,0.93986,0.493885
docvqa,1792,256,406,iter406,docvqa_57977,34,16384,4096,21,386.034,0.731,2.334,348.233,28.234,446.189,449.151,523.216,26.161,972.367,1183.581,21.597,38.225,0.397005,0.855874,0.538085
docvqa,1792,256,407,iter407,docvqa_57978,39,16384,4096,24,376.157,0.73,2.307,339.543,28.134,435.932,438.676,610.994,26.565,1049.67,1260.567,22.864,37.644,0.358357,0.773661,0.582082
docvqa,1792,256,408,iter408,docvqa_636,29,16384,4096,66,374.458,0.729,2.294,335.276,28.139,434.548,437.059,1570.39,24.16,2007.449,2272.226,32.878,41.391,0.186534,0.403002,0.782282
docvqa,1792,256,409,iter409,docvqa_637,36,16384,4096,22,345.318,0.731,2.295,308.718,28.144,405.073,407.487,522.04,24.859,929.527,1309.699,23.668,40.227,0.371499,0.807283,0.561619
docvqa,1792,256,410,iter410,docvqa_639,33,16384,4096,57,377.649,0.731,2.295,337.946,28.228,437.482,440.265,1210.306,21.613,1650.571,2011.038,34.534,46.269,0.228799,0.493848,0.733265
docvqa,1792,256,411,iter411,docvqa_57985,34,16384,4096,21,357.958,0.728,2.338,318.154,28.094,417.774,421.196,404.807,20.24,826.003,1581.376,25.424,49.406,0.433361,0.939138,0.490079
docvqa,1792,256,412,iter412,docvqa_57986,27,16384,4096,63,395.456,0.73,2.326,357.632,28.249,455.242,458.325,1334.575,21.525,1792.899,2505.945,35.139,46.457,0.220568,0.474482,0.744367
docvqa,1792,256,413,iter413,docvqa_57987,28,16384,4096,65,376.778,0.731,2.354,338.909,28.147,436.712,439.687,1597.285,24.958,2036.972,2276.48,31.91,40.068,0.184969,0.399362,0.784147
docvqa,1792,256,414,iter414,docvqa_57989,33,16384,4096,21,375.769,0.728,2.293,338.559,28.148,435.767,438.345,498.777,24.939,937.121,1187.122,22.409,40.098,0.400982,0.865987,0.532244
docvqa,1792,256,415,iter415,docvqa_650,29,16384,4096,16,374.12,0.73,2.297,337.112,28.146,433.947,436.38,338.587,22.572,774.966,983.509,20.646,44.302,0.482757,1.042713,0.436905
docvqa,1792,256,416,iter416,docvqa_651,32,16384,4096,22,376.339,0.732,2.289,336.182,28.117,436.325,438.928,511.429,24.354,950.357,1272.298,23.149,41.061,0.395997,0.855114,0.538144
docvqa,1792,256,417,iter417,docvqa_58007,34,16384,4096,23,373.844,0.733,2.318,323.46,28.107,433.717,437.165,457.187,20.781,894.352,1284.199,25.717,48.12,0.418005,0.902956,0.511193
docvqa,1792,256,418,iter418,docvqa_58009,26,16384,4096,9,348.889,0.732,2.282,311.142,28.154,408.552,411.039,184.429,23.054,595.468,841.043,15.114,43.377,0.585907,1.272009,0.309722
docvqa,1792,256,419,iter419,docvqa_58018,28,16384,4096,47,544.557,0.728,2.381,497.455,28.179,604.621,608.673,1123.3,24.42,1731.973,1990.506,27.137,40.951,0.314415,0.663508,0.648567
docvqa,1792,256,420,iter420,docvqa_674,33,16384,4096,14,396.493,0.729,2.311,356.87,28.166,456.405,459.049,312.245,24.019,771.294,988.024,18.151,41.634,0.514063,1.105803,0.404833
docvqa,1792,256,421,iter421,docvqa_57122,32,16384,4096,14,374.408,0.732,2.271,337.145,28.128,434.374,436.922,330.644,25.434,767.566,960.05,18.239,39.317,0.487785,1.053696,0.430769
docvqa,1792,256,422,iter422,docvqa_58020,30,16384,4096,11,375.742,0.734,2.3,334.848,28.134,435.476,437.995,263.047,26.305,701.042,910.04,15.691,38.016,0.535976,1.157159,0.375223
docvqa,1792,256,423,iter423,docvqa_58021,30,16384,4096,11,372.565,0.731,2.299,333.895,28.192,432.119,434.668,220.292,22.029,654.959,862.671,16.795,45.394,0.568836,1.228601,0.336344
docvqa,1792,256,424,iter424,docvqa_58022,30,16384,4096,21,421.327,0.734,2.285,384.146,28.419,482.129,484.526,464.904,23.245,949.43,1153.563,22.119,43.02,0.443769,0.951578,0.489666
docvqa,1792,256,425,iter425,docvqa_58023,30,16384,4096,21,448.914,0.728,2.33,401.358,28.246,508.584,512.054,450.888,22.544,962.943,1171.733,21.808,44.357,0.46619,0.994346,0.46824
docvqa,1792,256,426,iter426,docvqa_58024,39,16384,4096,22,444.648,0.729,2.291,407.42,28.235,504.933,507.607,475.005,22.619,982.612,1199.879,22.389,44.21,0.452516,0.966384,0.48341
docvqa,1792,256,427,iter427,docvqa_675,26,16384,4096,122,409.389,0.73,2.291,372.225,28.242,469.369,472.101,2767.055,22.868,3239.156,3462.703,37.664,43.729,0.126388,0.271292,0.854252
docvqa,1792,256,428,iter428,docvqa_676,29,16384,4096,12,371.057,0.728,2.313,333.347,28.121,431.083,433.582,310.809,28.255,744.391,941.252,16.121,35.391,0.498471,1.077578,0.417535
docvqa,1792,256,429,iter429,docvqa_677,27,16384,4096,29,351.592,0.731,2.291,313.715,28.146,411.667,414.035,688.24,24.58,1102.275,1299.057,26.309,40.683,0.318969,0.69244,0.624382
docvqa,1792,256,430,iter430,docvqa_58029,31,16384,4096,13,360.874,0.73,2.298,323.097,28.221,420.493,423.123,264.056,22.005,687.18,1375.417,18.918,45.445,0.525152,1.137064,0.384261
docvqa,1792,256,431,iter431,docvqa_678,32,16384,4096,21,362.676,0.73,2.324,318.4,28.118,422.728,429.178,409.928,20.496,839.106,1080.274,25.027,48.789,0.432217,0.936001,0.488529
docvqa,1792,256,432,iter432,docvqa_58054,33,16384,4096,41,382.61,0.731,2.261,342.646,28.171,442.407,444.734,819.713,20.493,1264.447,1453.794,32.425,48.798,0.302591,0.652473,0.648278
docvqa,1792,256,433,iter433,docvqa_58056,37,16384,4096,32,384.023,0.73,2.269,347.35,28.209,443.736,446.201,635.551,20.502,1081.752,1269.993,29.582,48.777,0.355001,0.765202,0.58752
docvqa,1792,256,434,iter434,docvqa_58059,27,16384,4096,18,408.937,0.731,2.317,368.964,28.348,468.9,471.784,411.861,24.227,883.645,1086.733,20.37,41.276,0.462784,0.993427,0.466093
docvqa,1792,256,435,iter435,docvqa_58061,27,16384,4096,43,393.084,0.73,2.314,353.275,28.185,452.914,455.651,1017.65,24.23,1473.301,1677.632,29.186,41.272,0.266805,0.574219,0.690728
docvqa,1792,256,436,iter436,docvqa_58064,30,16384,4096,17,375.387,0.729,2.323,334.928,28.231,435.133,438.085,358.623,22.414,796.708,1209.367,21.338,44.615,0.471173,1.017336,0.450131
docvqa,1792,256,437,iter437,docvqa_41686,29,16384,4096,12,397.707,0.729,2.27,360.078,28.363,457.779,460.269,294.006,26.728,754.275,950.953,15.909,37.414,0.527271,1.134183,0.389787
docvqa,1792,256,438,iter438,docvqa_41687,36,16384,4096,25,381.379,0.728,2.273,344.843,28.159,441.139,443.44,537.978,22.416,981.418,1185.582,25.473,44.611,0.3886,0.838091,0.548164
docvqa,1792,256,439,iter439,docvqa_41688,31,16384,4096,15,346.272,0.731,2.267,309.74,28.076,405.892,408.305,326.601,23.329,734.906,1000.85,20.411,42.866,0.471179,1.023484,0.444412
docvqa,1792,256,440,iter440,docvqa_41689,31,16384,4096,17,359.419,0.731,2.277,319.674,28.116,419.278,421.617,369.213,23.076,790.831,1112.386,21.496,43.335,0.454483,0.984657,0.466868
docvqa,1792,256,441,iter441,docvqa_41690,36,16384,4096,25,355.02,0.727,2.295,315.048,28.143,414.671,417.074,541.745,22.573,958.82,1168.096,26.074,44.301,0.370267,0.802748,0.565013
docvqa,1792,256,442,iter442,docvqa_41691,34,16384,4096,19,382.527,0.733,2.293,344.656,28.263,442.655,444.944,415.885,23.105,860.83,1064.768,22.072,43.281,0.44437,0.958588,0.483122
docvqa,1792,256,443,iter443,docvqa_41693,35,16384,4096,24,386.726,0.729,2.31,343.969,28.244,446.784,449.202,609.837,26.515,1059.039,1370.409,22.662,37.715,0.365167,0.787044,0.57584
docvqa,1792,256,444,iter444,docvqa_41694,36,16384,4096,20,377.681,0.731,2.295,340.22,28.188,437.506,439.982,439.719,23.143,879.702,1088.876,22.735,43.209,0.429329,0.926663,0.499851
docvqa,1792,256,445,iter445,docvqa_41695,37,16384,4096,21,375.674,0.729,2.318,338.869,28.138,435.698,438.446,501.445,25.072,939.89,1205.307,22.343,39.885,0.3997,0.863263,0.533514
docvqa,1792,256,446,iter446,docvqa_41705,31,16384,4096,15,385.516,0.733,2.322,348.329,28.511,445.972,448.429,414.612,29.615,863.04,1056.391,17.38,33.767,0.446695,0.96344,0.480408
docvqa,1792,256,447,iter447,docvqa_17132,29,16384,4096,16,354.294,0.733,2.283,316.87,28.148,414.004,416.576,356.885,23.792,773.461,968.715,20.686,42.03,0.458063,0.993325,0.461413
docvqa,1792,256,448,iter448,docvqa_17133,34,16384,4096,16,379.58,0.729,2.298,330.224,28.208,439.26,443.032,396.546,26.436,839.578,1059.741,19.057,37.827,0.452108,0.975299,0.472316
docvqa,1792,256,449,iter449,docvqa_17134,35,16384,4096,28,393.589,0.729,2.348,345.717,28.123,453.658,457.23,599.487,22.203,1056.717,1282.012,26.497,45.039,0.372464,0.801773,0.567311
docvqa,1792,256,450,iter450,docvqa_17135,35,16384,4096,19,369.358,0.733,2.325,323.618,28.238,429.363,432.457,450.367,25.02,882.824,1108.222,21.522,39.967,0.418382,0.904734,0.510143
docvqa,1792,256,451,iter451,docvqa_47368,27,16384,4096,13,416.379,0.729,2.281,375.081,28.201,476.44,478.928,306.095,25.508,785.023,1116.777,16.56,39.204,0.530404,1.137316,0.389919
docvqa,1792,256,452,iter452,docvqa_41715,30,16384,4096,15,375.027,0.732,2.309,338.111,28.155,435.379,438.095,355.615,25.401,793.71,1019.642,18.899,39.368,0.472499,1.021035,0.448041
docvqa,1792,256,453,iter453,docvqa_41716,30,16384,4096,14,350.108,0.731,2.304,310.942,28.124,409.912,412.585,338.273,26.021,750.858,974.567,18.645,38.43,0.466277,1.012203,0.450516
docvqa,1792,256,454,iter454,docvqa_41717,30,16384,4096,14,384.328,0.734,2.322,345.473,28.285,444.308,446.741,278.715,21.44,725.456,953.493,19.298,46.643,0.529774,1.142227,0.384193
docvqa,1792,256,455,iter455,docvqa_17139,30,16384,4096,16,385.312,0.728,2.285,347.653,28.241,445.142,447.735,329.001,21.933,776.736,1042.611,20.599,45.593,0.496066,1.069159,0.423568
docvqa,1792,256,456,iter456,docvqa_41719,27,16384,4096,22,552.469,0.732,2.332,513.702,28.18,612.428,615.455,473.801,22.562,1089.256,1313.785,20.197,44.322,0.507199,1.069443,0.434976
docvqa,1792,256,457,iter457,docvqa_17140,33,16384,4096,15,378.981,0.732,2.28,341.991,28.106,438.725,441.303,284.545,20.325,725.848,938.207,20.665,49.201,0.522122,1.126552,0.392017
docvqa,1792,256,458,iter458,docvqa_58105,27,16384,4096,11,436.579,0.731,2.26,399.328,28.25,497.561,499.798,243.567,24.357,743.366,913.845,14.798,41.056,0.587301,1.256637,0.327655
docvqa,1792,256,459,iter459,docvqa_58106,34,16384,4096,17,382.17,0.729,2.345,342.664,28.183,442.073,445.574,405.441,25.34,851.015,1094.865,19.976,39.463,0.449075,0.968541,0.47642
docvqa,1792,256,460,iter460,docvqa_58107,34,16384,4096,15,390.357,0.73,2.298,353.049,28.276,450.85,453.312,331.811,23.701,785.124,1114.976,19.105,42.193,0.497192,1.071432,0.422623
docvqa,1792,256,461,iter461,docvqa_58108,32,16384,4096,25,400.793,0.731,2.337,363.343,28.174,460.785,464.276,656.654,27.361,1120.93,1343.022,22.303,36.549,0.357554,0.768628,0.585812
docvqa,1792,256,462,iter462,docvqa_41721,27,16384,4096,22,375.794,0.732,2.307,337.53,28.24,435.834,438.505,537.839,25.611,976.344,1190.496,22.533,39.045,0.384899,0.831293,0.55087
docvqa,1792,256,463,iter463,docvqa_41723,27,16384,4096,17,379.443,0.727,2.302,339.957,28.197,439.385,442.172,442.844,27.678,885.015,1093.361,19.209,36.13,0.428741,0.925213,0.50038
docvqa,1792,256,464,iter464,docvqa_17143,36,16384,4096,17,378.096,0.733,2.301,338.65,28.218,437.726,440.35,438.333,27.396,878.683,1088.233,19.347,36.502,0.430298,0.928459,0.498853
docvqa,1792,256,465,iter465,docvqa_41728,30,16384,4096,23,405.796,0.726,2.299,365.547,28.281,465.681,468.24,514.696,23.395,982.937,1205.68,23.399,42.744,0.41284,0.886605,0.523631
docvqa,1792,256,466,iter466,docvqa_41729,37,16384,4096,18,352.658,0.73,2.301,313.605,28.199,412.503,415.02,351.638,20.685,766.658,1089.05,23.479,48.345,0.459994,0.998049,0.458664
docvqa,1792,256,467,iter467,docvqa_17147,31,16384,4096,23,353.519,0.732,2.289,313.896,28.093,412.994,415.603,490.347,22.289,905.951,1169.786,25.388,44.866,0.390219,0.846088,0.541252
docvqa,1792,256,468,iter468,docvqa_17149,30,16384,4096,15,393.729,0.732,2.292,346.93,28.135,453.571,455.932,300.416,21.458,756.348,959.168,19.832,46.602,0.520565,1.120251,0.397193
docvqa,1792,256,469,iter469,docvqa_17150,31,16384,4096,13,347.437,0.729,2.275,310.097,28.112,407.815,410.569,262.658,21.888,673.227,892.83,19.31,45.687,0.516076,1.121838,0.390147
docvqa,1792,256,470,iter470,docvqa_45744,47,16384,4096,40,374.593,0.731,2.265,336.996,28.145,813.746,816.077,969.565,24.861,1785.642,1995.795,22.401,40.224,0.209781,0.665497,0.542978
docvqa,1792,256,471,iter471,docvqa_45745,47,16384,4096,33,386.571,0.732,2.297,344.645,28.183,446.522,449.059,733.405,22.919,1182.464,1406.1,27.908,43.632,0.32692,0.704541,0.620235
docvqa,1792,256,472,iter472,docvqa_782,30,16384,4096,20,403.451,0.726,2.31,366.632,28.185,463.306,466.003,431.852,22.729,897.856,1110.422,22.275,43.997,0.449349,0.965363,0.480982
docvqa,1792,256,473,iter473,docvqa_783,35,16384,4096,17,405.249,0.731,2.318,367.163,28.183,465.722,468.289,324.107,20.257,792.396,994.504,21.454,49.366,0.511422,1.099161,0.409021
docvqa,1792,256,474,iter474,docvqa_784,26,16384,4096,26,379.536,0.731,2.275,342.853,28.169,439.729,442.027,516.313,20.653,958.34,1139.047,27.13,48.42,0.396035,0.854879,0.538757
docvqa,1792,256,475,iter475,docvqa_785,32,16384,4096,16,378.147,0.733,2.282,341.761,28.116,438.059,440.3,309.593,20.64,749.893,955.321,21.336,48.451,0.504268,1.088431,0.412849
docvqa,1792,256,476,iter476,docvqa_786,30,16384,4096,11,375.086,0.732,2.294,335.655,28.202,434.917,437.219,209.036,20.904,646.255,847.712,17.021,47.839,0.5804,1.25338,0.323457
docvqa,1792,256,477,iter477,docvqa_788,35,16384,4096,26,349.919,0.731,2.281,307.84,28.112,409.491,411.832,554.058,22.162,965.89,1227.52,26.918,45.122,0.362276,0.786228,0.573624
docvqa,1792,256,478,iter478,docvqa_789,54,16384,4096,37,406.596,0.732,2.314,368.642,28.283,964.986,967.949,979.235,27.201,1947.184,2154.912,19.002,36.763,0.208812,0.704393,0.502898
docvqa,1792,256,479,iter479,docvqa_790,26,16384,4096,23,393.796,0.726,2.288,356.407,28.34,453.622,456.182,615.017,27.955,1071.199,1276.885,21.471,35.771,0.367622,0.791093,0.574139
docvqa,1792,256,480,iter480,docvqa_60401,30,16384,4096,16,410.13,0.729,2.276,372.376,28.184,470.177,472.509,372.636,24.842,845.145,1044.813,18.932,40.254,0.485277,1.041604,0.440914
docvqa,1792,256,481,iter481,docvqa_792,36,16384,4096,28,382.624,0.729,2.301,344.952,28.161,443.07,445.534,664.781,24.622,1110.315,1321.045,25.218,40.615,0.344608,0.743657,0.598732
docvqa,1792,256,482,iter482,docvqa_793,26,16384,4096,14,346.409,0.732,2.278,308.742,28.116,406.156,408.578,290.049,22.311,698.626,912.294,20.039,44.82,0.495843,1.077206,0.41517
docvqa,1792,256,483,iter483,docvqa_794,30,16384,4096,17,399.094,0.731,2.269,361.875,28.107,459.075,461.39,354.86,22.179,816.25,1041.957,20.827,45.088,0.488936,1.051356,0.434744
docvqa,1792,256,484,iter484,docvqa_41749,37,16384,4096,20,350.125,0.728,2.303,310.311,28.116,410.158,412.798,487.233,25.644,900.031,1166.579,22.221,38.996,0.389014,0.84473,0.541351
docvqa,1792,256,485,iter485,docvqa_41750,35,16384,4096,16,415.141,0.727,2.276,375.053,28.227,475.524,477.855,314.435,20.962,792.29,991.592,20.195,47.705,0.523977,1.124166,0.396869
docvqa,1792,256,486,iter486,docvqa_45747,47,16384,4096,39,370.02,0.73,2.255,332.868,28.134,430.06,432.393,929.161,24.452,1361.555,1560.369,28.644,40.897,0.271763,0.587622,0.682427
docvqa,1792,256,487,iter487,docvqa_60403,33,16384,4096,15,381.992,0.731,2.288,340.005,28.182,441.827,444.306,386.619,27.616,830.925,1029.505,18.052,36.211,0.459719,0.991448,0.465287
docvqa,1792,256,488,iter488,docvqa_60404,28,16384,4096,44,381.874,0.729,2.285,341.591,28.202,441.906,444.377,1115.581,25.944,1559.958,1775.639,28.206,38.545,0.244798,0.528078,0.715135
docvqa,1792,256,489,iter489,docvqa_809,27,16384,4096,15,398.024,0.732,2.296,360.769,28.158,458.148,460.586,343.96,24.569,804.546,1008.581,18.644,40.702,0.494719,1.064169,0.42752
docvqa,1792,256,490,iter490,docvqa_25385,30,16384,4096,11,363.778,0.73,2.283,327.229,28.152,423.425,425.799,244.143,24.414,669.942,855.065,16.419,40.96,0.542999,1.175031,0.364424
docvqa,1792,256,491,iter491,docvqa_25386,30,16384,4096,11,372.107,0.732,2.286,335.173,28.172,432.077,434.297,245.475,24.548,679.773,865.953,16.182,40.737,0.547399,1.183019,0.361114
docvqa,1792,256,492,iter492,docvqa_25387,31,16384,4096,12,381.15,0.733,2.294,339.368,28.17,441.054,443.417,298.85,27.168,742.266,966.421,16.167,36.808,0.513495,1.107695,0.402618
docvqa,1792,256,493,iter493,docvqa_60406,27,16384,4096,26,417.82,0.73,2.291,377.495,28.198,478.478,481.085,571.223,22.849,1052.307,1259.544,24.708,43.766,0.397051,0.851745,0.542829
docvqa,1792,256,494,iter494,docvqa_815,33,16384,4096,20,547.045,0.731,2.313,496.96,28.203,607.082,609.872,401.246,21.118,1011.118,1469.181,19.78,47.352,0.54103,1.141437,0.396834
docvqa,1792,256,495,iter495,docvqa_60407,30,16384,4096,16,409.468,0.73,2.32,371.942,28.189,469.16,472.113,393.633,26.242,865.747,1091.44,18.481,38.107,0.472965,1.014878,0.454675
docvqa,1792,256,496,iter496,docvqa_25396,30,16384,4096,34,406.936,0.725,2.29,369.425,28.208,466.919,469.428,798.793,24.206,1268.22,1487.644,26.809,41.312,0.320872,0.68904,0.629853
docvqa,1792,256,497,iter497,docvqa_822,29,16384,4096,14,362.568,0.732,2.313,324.971,28.238,422.525,425.64,271.416,20.878,697.057,942.284,20.084,47.897,0.520141,1.126296,0.389375
docvqa,1792,256,498,iter498,docvqa_824,30,16384,4096,23,412.41,0.732,2.32,357.676,28.236,472.344,476.236,544.445,24.748,1020.682,1557.398,22.534,40.408,0.404053,0.866827,0.533413
docvqa,1792,256,499,iter499,docvqa_826,35,16384,4096,13,411.044,0.733,2.272,373.616,28.257,471.245,473.559,275.009,22.917,748.569,967.673,17.366,43.635,0.549106,1.178634,0.36738
docvqa,1792,32,0,iter000,docvqa_49153,44,16384,4096,31,342.964,0.729,2.324,303.123,28.169,402.89,405.771,616.995,20.567,1022.767,1226.158,30.31,48.623,0.33533,0.729252,0.603261
docvqa,1792,32,1,iter001,docvqa_24580,27,16384,4096,16,379.899,0.73,2.289,338.621,28.175,439.423,441.78,360.642,24.043,802.422,977.466,19.94,41.592,0.473441,1.021062,0.449442
docvqa,1792,32,2,iter002,docvqa_57349,29,16384,4096,11,347.878,0.728,2.274,305.441,28.156,766.941,769.334,300.164,30.016,1069.498,1281.892,10.285,33.315,0.325272,1.042376,0.280659
docvqa,1792,32,3,iter003,docvqa_24581,27,16384,4096,9,362.498,0.731,2.341,324.254,28.138,422.185,425.193,188.458,23.557,613.651,785.989,14.666,42.45,0.590724,1.278712,0.307109
docvqa,1792,32,4,iter004,docvqa_24582,28,16384,4096,10,342.927,0.725,2.31,306.141,28.191,765.314,767.963,216.791,24.088,984.753,1215.287,10.155,41.515,0.348237,1.1254,0.220147
docvqa,1792,32,5,iter005,docvqa_39079,29,16384,4096,32,509.514,0.73,2.295,471.459,28.086,569.117,571.51,1793.041,57.84,2364.551,2566.144,13.533,17.289,0.21548,0.456167,0.758301
docvqa,1792,32,6,iter006,docvqa_57357,35,16384,4096,25,345.524,0.726,2.315,307.335,28.169,763.995,766.723,496.684,20.695,1263.407,1489.812,19.788,48.32,0.273486,0.878196,0.393131
docvqa,1792,32,7,iter007,docvqa_24426,28,16384,4096,19,348.69,0.729,2.313,308.516,28.113,408.171,411.126,438.43,24.357,849.556,1066.171,22.365,41.056,0.410438,0.890889,0.51607
docvqa,1792,32,8,iter008,docvqa_49168,30,16384,4096,24,348.784,0.728,2.292,307.77,28.14,767.281,769.753,568.244,24.706,1337.997,1540.678,17.937,40.476,0.260676,0.834131,0.424697
docvqa,1792,32,9,iter009,docvqa_24423,34,16384,4096,23,365.468,0.729,2.311,325.212,28.168,853.041,855.846,536.336,24.379,1392.183,1605.232,16.521,41.019,0.262514,0.875251,0.385249
docvqa,1792,32,10,iter010,docvqa_49172,36,16384,4096,32,362.281,0.73,2.314,324.728,28.142,909.392,912.161,702.693,22.668,1614.854,1789.526,19.816,44.116,0.224343,0.787485,0.435144
docvqa,1792,32,11,iter011,docvqa_57364,32,16384,4096,17,377.558,0.728,2.306,340.644,28.184,847.323,849.893,327.35,20.459,1177.243,1386.688,14.441,48.877,0.320714,1.040466,0.278065
docvqa,1792,32,12,iter012,docvqa_57366,33,16384,4096,17,351.157,0.729,2.268,310.754,28.086,858.165,860.648,329.427,20.589,1190.076,1413.804,14.285,48.569,0.295071,1.016172,0.276812
docvqa,1792,32,13,iter013,docvqa_57368,37,16384,4096,17,364.406,0.725,2.309,327.131,28.12,829.666,832.624,405.197,25.325,1237.821,1451.049,13.734,39.487,0.294393,0.964656,0.327347
docvqa,1792,32,14,iter014,docvqa_49177,31,16384,4096,27,372.644,0.729,2.314,335.738,28.141,846.225,848.901,598.909,23.035,1447.809,1647.676,18.649,43.412,0.257385,0.841871,0.413665
docvqa,1792,32,15,iter015,docvqa_57370,34,16384,4096,27,384.766,0.732,2.307,345.358,28.132,444.369,446.909,577.806,22.223,1024.715,1237.051,26.349,44.998,0.375486,0.809137,0.56387
docvqa,1792,32,16,iter016,docvqa_57371,49,16384,4096,30,372.409,0.733,2.301,334.856,28.217,821.067,823.586,2570.032,88.622,3393.618,3621.148,8.84,11.284,0.109738,0.351682,0.757313
docvqa,1792,32,17,iter017,docvqa_57372,44,16384,4096,25,405.006,0.728,2.285,368.384,28.164,465.034,467.48,547.052,22.794,1014.532,1211.196,24.642,43.872,0.399205,0.857578,0.539216
docvqa,1792,32,18,iter018,docvqa_49181,39,16384,4096,32,366.287,0.732,2.309,327.661,28.173,827.266,829.725,633.697,20.442,1463.422,1659.961,21.867,48.919,0.250295,0.81559,0.433024
docvqa,1792,32,19,iter019,docvqa_57373,37,16384,4096,23,429.663,0.724,2.32,384.911,28.138,489.214,492.618,472.714,21.487,965.333,1188.736,23.826,46.54,0.445093,0.951876,0.489691
docvqa,1792,32,20,iter020,docvqa_57374,29,16384,4096,18,347.014,0.727,2.293,309.935,28.16,406.623,409.12,415.978,24.469,825.098,1047.19,21.816,40.868,0.420573,0.913391,0.504156
docvqa,1792,32,21,iter021,docvqa_57375,27,16384,4096,32,384.007,0.732,2.327,347.207,28.137,443.653,447.151,720.165,23.231,1167.316,1358.977,27.413,43.046,0.328966,0.709028,0.616941
docvqa,1792,32,22,iter022,docvqa_57376,34,16384,4096,19,349.189,0.727,2.331,308.717,28.199,408.882,411.356,425.871,23.659,837.226,1119.038,22.694,42.266,0.417078,0.905455,0.508668
docvqa,1792,32,23,iter023,docvqa_49187,31,16384,4096,30,348.019,0.726,2.269,310.631,28.146,407.68,410.065,678.97,23.413,1089.036,1330.403,27.547,42.712,0.319567,0.693916,0.62346
docvqa,1792,32,24,iter024,docvqa_16424,30,16384,4096,20,366.789,0.729,2.292,327.107,28.13,426.392,429.194,448.03,23.581,877.225,1179.121,22.799,42.408,0.418124,0.904193,0.510736
docvqa,1792,32,25,iter025,docvqa_57386,34,16384,4096,19,347.14,0.727,2.317,307.161,28.117,406.626,409.597,371.729,20.652,781.325,1185.595,24.318,48.422,0.444297,0.964728,0.475767
docvqa,1792,32,26,iter026,docvqa_57387,35,16384,4096,20,431.63,0.728,2.298,390.686,28.231,491.409,493.804,446.375,23.493,940.179,1130.166,21.273,42.565,0.459094,0.98177,0.474777
docvqa,1792,32,27,iter027,docvqa_57388,35,16384,4096,20,395.546,0.729,2.335,357.927,28.186,455.505,458.406,486.137,25.586,944.543,1176.997,21.174,39.084,0.418769,0.901019,0.51468
docvqa,1792,32,28,iter028,docvqa_16429,29,16384,4096,13,364.999,0.731,2.395,321.493,28.128,424.861,428.743,300.649,25.054,729.392,1017.443,17.823,39.914,0.500415,1.082901,0.412191
docvqa,1792,32,29,iter029,docvqa_16430,31,16384,4096,13,401.657,0.728,2.29,362.889,28.26,461.939,464.353,279.667,23.306,744.019,950.328,17.473,42.908,0.539848,1.160717,0.375886
docvqa,1792,32,30,iter030,docvqa_57391,29,16384,4096,11,407.26,0.73,2.331,367.346,28.234,467.396,471.367,230.162,23.016,701.529,1022.763,15.68,43.448,0.580532,1.246785,0.328087
docvqa,1792,32,31,iter031,docvqa_57395,32,16384,4096,15,393.573,0.73,2.314,355.803,28.127,453.684,456.098,344.172,24.584,800.27,1011.655,18.744,40.677,0.491801,1.058714,0.43007
docvqa,1792,32,32,iter032,docvqa_16437,37,16384,4096,20,403.374,0.731,2.298,363.102,28.265,463.344,466.015,479.123,25.217,945.138,1178.668,21.161,39.656,0.426789,0.917029,0.506934
docvqa,1792,32,33,iter033,docvqa_16440,35,16384,4096,19,400.948,0.727,2.315,361.929,28.136,460.916,463.717,422.906,23.495,886.623,1125.371,21.43,42.563,0.452219,0.972075,0.476985
docvqa,1792,32,34,iter034,docvqa_57402,32,16384,4096,32,460.517,0.728,2.312,417.089,28.318,520.468,526.755,759.847,24.511,1286.602,1588.436,24.872,40.798,0.357933,0.762461,0.590584
docvqa,1792,32,35,iter035,docvqa_57403,36,16384,4096,32,402.103,0.727,2.365,350.928,28.139,461.884,466.001,742.609,23.955,1208.61,1430.349,26.477,41.745,0.332699,0.71486,0.614432
docvqa,1792,32,36,iter036,docvqa_57404,40,16384,4096,28,383.267,0.727,2.326,341.907,28.189,848.997,851.796,671.038,24.853,1522.834,1814.31,18.387,40.236,0.25168,0.809191,0.440651
docvqa,1792,32,37,iter037,docvqa_16444,37,16384,4096,24,358.712,0.732,2.316,318.829,28.241,418.287,420.938,524.391,22.8,945.329,1254.309,25.388,43.86,0.379457,0.821934,0.554718
docvqa,1792,32,38,iter038,docvqa_57407,36,16384,4096,21,351.371,0.727,2.32,312.342,28.15,411.478,414.271,510.501,25.525,924.772,1145.789,22.708,39.177,0.379954,0.824905,0.55203
docvqa,1792,32,39,iter039,docvqa_16447,39,16384,4096,26,380.615,0.728,2.288,340.517,28.263,440.393,442.827,666.7,26.668,1109.527,1320.957,23.433,37.498,0.343043,0.739962,0.600886
docvqa,1792,32,40,iter040,docvqa_57409,29,16384,4096,11,348.569,0.723,2.301,310.73,28.195,409.298,411.792,259.342,25.934,671.134,906.418,16.39,38.559,0.519373,1.129233,0.386423
docvqa,1792,32,41,iter041,docvqa_16450,29,16384,4096,11,366.356,0.728,2.33,329.062,28.136,426.403,429.218,227.46,22.746,656.678,897.344,16.751,43.964,0.557893,1.207227,0.34638
docvqa,1792,32,42,iter042,docvqa_57410,33,16384,4096,17,351.345,0.726,2.298,311.775,28.071,410.764,413.357,332.381,20.774,745.738,1201.441,22.796,48.138,0.471137,1.021953,0.445708
docvqa,1792,32,43,iter043,docvqa_57411,35,16384,4096,29,606.958,0.732,2.325,569.103,28.181,666.765,669.705,696.771,24.885,1366.476,1626.096,21.222,40.185,0.444178,0.932122,0.509904
docvqa,1792,32,44,iter044,docvqa_57413,33,16384,4096,32,407.199,0.725,2.302,367.57,28.172,466.734,469.573,647.212,20.878,1116.785,1429.221,28.654,47.898,0.364617,0.782543,0.579532
docvqa,1792,32,45,iter045,docvqa_57414,35,16384,4096,19,399.879,0.727,2.31,360.488,28.103,459.433,462.48,405.478,22.527,867.958,1132.084,21.89,44.392,0.460712,0.990039,0.467163
docvqa,1792,32,46,iter046,docvqa_57415,34,16384,4096,26,389.824,0.728,2.273,343.102,28.1,449.341,451.691,562.669,22.507,1014.36,1257.356,25.632,44.431,0.384305,0.827285,0.554703
docvqa,1792,32,47,iter047,docvqa_57416,34,16384,4096,18,401.25,0.727,2.294,364.249,28.143,460.836,463.589,412.603,24.271,876.192,1113.48,20.543,41.202,0.457947,0.9839,0.470905
docvqa,1792,32,48,iter048,docvqa_57417,32,16384,4096,15,404.218,0.73,2.294,364.931,28.133,464.045,466.468,339.903,24.279,806.371,1035.759,18.602,41.188,0.50128,1.076753,0.421521
docvqa,1792,32,49,iter049,docvqa_57418,33,16384,4096,16,384.517,0.729,2.279,346.747,28.125,444.128,446.584,346.709,23.114,793.292,1000.784,20.169,43.264,0.484711,1.044565,0.43705
docvqa,1792,32,50,iter050,docvqa_24437,27,16384,4096,16,349.164,0.725,2.29,312.077,28.118,408.705,411.004,399.0,26.6,810.004,977.08,19.753,37.594,0.431064,0.935636,0.492591
docvqa,1792,32,51,iter051,docvqa_24438,29,16384,4096,13,351.537,0.728,2.273,314.07,28.209,411.344,413.842,318.068,26.506,731.91,935.75,17.762,37.728,0.480301,1.042315,0.434572
docvqa,1792,32,52,iter052,docvqa_16455,41,16384,4096,27,374.786,0.73,2.326,337.29,28.133,867.859,870.744,620.691,23.873,1491.435,1712.007,18.103,41.889,0.251293,0.833188,0.416171
docvqa,1792,32,53,iter053,docvqa_16456,30,16384,4096,13,383.472,0.73,2.311,334.947,28.195,443.877,446.724,290.835,24.236,737.559,1071.292,17.626,41.261,0.51992,1.121739,0.394321
docvqa,1792,32,54,iter054,docvqa_16463,31,16384,4096,13,373.981,0.729,2.32,332.244,28.12,433.768,436.367,309.312,25.776,745.68,978.674,17.434,38.796,0.50153,1.083239,0.414806
docvqa,1792,32,55,iter055,docvqa_49234,31,16384,4096,15,370.675,0.727,2.305,333.699,28.179,430.484,433.076,339.564,24.255,772.639,1062.998,19.414,41.229,0.479752,1.036913,0.439485
docvqa,1792,32,56,iter056,docvqa_57428,35,16384,4096,17,411.668,0.728,2.287,373.677,28.319,472.602,475.03,376.65,23.541,851.679,1083.69,19.961,42.48,0.483361,1.038266,0.442243
docvqa,1792,32,57,iter057,docvqa_24440,25,16384,4096,18,372.254,0.727,2.278,332.992,28.361,843.679,846.15,1354.859,79.698,2201.009,2394.332,8.178,12.547,0.169129,0.552444,0.615563
docvqa,1792,32,58,iter058,docvqa_16468,39,16384,4096,26,368.437,0.728,2.312,331.103,28.125,428.352,431.077,583.227,23.329,1014.304,1235.892,25.633,42.865,0.363241,0.785552,0.575002
docvqa,1792,32,59,iter059,docvqa_57431,36,16384,4096,21,434.403,0.729,2.284,396.982,28.245,494.218,496.642,418.762,20.938,915.405,1121.835,22.941,47.76,0.474547,1.014438,0.457461
docvqa,1792,32,60,iter060,docvqa_16473,31,16384,4096,13,350.144,0.73,2.304,312.332,28.11,410.228,412.582,309.913,25.826,722.495,929.886,17.993,38.721,0.484632,1.052426,0.428948
docvqa,1792,32,61,iter061,docvqa_49242,26,16384,4096,12,347.679,0.728,2.286,310.038,28.087,825.099,827.383,272.413,24.765,1099.796,1324.896,10.911,40.38,0.31613,1.066359,0.247694
docvqa,1792,32,62,iter062,docvqa_57439,34,16384,4096,32,407.828,0.726,2.284,368.733,28.182,467.751,470.081,806.116,26.004,1276.197,1483.485,25.075,38.456,0.319565,0.686085,0.631655
docvqa,1792,32,63,iter063,docvqa_57440,35,16384,4096,17,411.242,0.729,2.289,373.898,28.18,470.871,473.336,388.941,24.309,862.277,1080.651,19.715,41.137,0.476926,1.023004,0.451062
docvqa,1792,32,64,iter064,docvqa_32870,36,16384,4096,32,352.167,0.726,2.299,312.314,28.164,411.865,414.576,688.165,22.199,1102.741,1356.017,29.019,45.047,0.319356,0.692848,0.62405
docvqa,1792,32,65,iter065,docvqa_32871,43,16384,4096,29,375.664,0.727,2.265,337.379,28.278,866.401,868.736,639.345,22.834,1508.081,1735.77,19.23,43.795,0.249101,0.823606,0.423946
docvqa,1792,32,66,iter066,docvqa_32872,34,16384,4096,17,413.695,0.732,2.302,374.214,28.196,473.417,476.144,373.248,23.328,849.391,1105.676,20.014,42.867,0.487048,1.044408,0.43943
docvqa,1792,32,67,iter067,docvqa_32873,34,16384,4096,22,374.964,0.728,2.309,335.399,28.114,434.922,437.425,557.246,26.536,994.672,1243.066,22.118,37.685,0.376973,0.814225,0.560232
docvqa,1792,32,68,iter068,docvqa_32874,31,16384,4096,13,373.557,0.729,2.294,336.737,28.137,433.228,435.672,357.097,29.758,792.769,1037.336,16.398,33.604,0.471205,1.01768,0.450443
docvqa,1792,32,69,iter069,docvqa_32875,33,16384,4096,21,359.651,0.732,2.306,322.052,28.186,419.678,422.225,473.775,23.689,896.0,1117.998,23.437,42.214,0.401396,0.869786,0.528767
docvqa,1792,32,70,iter070,docvqa_32876,33,16384,4096,22,396.869,0.729,2.276,354.571,28.29,456.505,458.836,487.5,23.214,946.336,1169.305,23.248,43.077,0.419374,0.901766,0.515145
docvqa,1792,32,71,iter071,docvqa_32877,31,16384,4096,28,346.883,0.73,2.288,310.329,28.117,406.678,409.056,651.781,24.14,1060.836,1327.277,26.394,41.425,0.32699,0.710346,0.614403
docvqa,1792,32,72,iter072,docvqa_32878,31,16384,4096,12,351.482,0.729,2.257,312.513,28.086,411.125,413.423,278.535,25.321,691.958,903.182,17.342,39.492,0.507953,1.102101,0.402531
docvqa,1792,32,73,iter073,docvqa_32879,35,16384,4096,18,375.422,0.724,2.306,335.712,28.21,434.949,437.67,360.849,21.226,798.52,1056.108,22.542,47.111,0.470148,1.014842,0.451898
docvqa,1792,32,74,iter074,docvqa_57449,29,16384,4096,11,405.563,0.729,2.312,368.784,28.141,465.555,468.449,231.297,23.13,699.745,976.479,15.72,43.235,0.579587,1.244908,0.330544
docvqa,1792,32,75,iter075,docvqa_32881,32,16384,4096,25,376.353,0.729,2.313,337.476,28.141,436.385,438.977,640.421,26.684,1079.398,1366.161,23.161,37.475,0.34867,0.752955,0.593313
docvqa,1792,32,76,iter076,docvqa_32882,36,16384,4096,27,404.695,0.729,2.309,367.638,28.143,464.709,467.255,642.065,24.695,1109.321,1358.373,24.339,40.494,0.364814,0.783727,0.578792
docvqa,1792,32,77,iter077,docvqa_32883,29,16384,4096,23,430.323,0.73,2.29,393.126,28.18,490.046,492.557,542.261,24.648,1034.817,1261.421,22.226,40.571,0.415845,0.889403,0.524016
docvqa,1792,32,78,iter078,docvqa_57452,33,16384,4096,16,396.475,0.729,2.294,359.553,28.182,457.373,459.727,397.432,26.495,857.159,1070.762,18.666,37.742,0.462545,0.996138,0.463662
docvqa,1792,32,79,iter079,docvqa_32885,32,16384,4096,18,355.626,0.729,2.287,315.171,28.096,415.576,417.929,407.802,23.988,825.731,1053.078,21.799,41.687,0.430681,0.933963,0.493868
docvqa,1792,32,80,iter080,docvqa_32886,37,16384,4096,23,575.621,0.73,2.302,538.628,28.137,635.538,638.127,538.06,24.457,1176.187,1388.983,19.555,40.888,0.489396,1.029734,0.457461
docvqa,1792,32,81,iter081,docvqa_57454,34,16384,4096,32,374.287,0.728,2.273,337.246,28.155,434.071,436.512,787.909,25.416,1224.42,1454.596,26.135,39.345,0.305685,0.660196,0.643495
docvqa,1792,32,82,iter082,docvqa_49263,41,16384,4096,30,387.492,0.731,2.281,350.267,28.157,446.951,449.562,649.25,22.388,1098.812,1352.204,27.302,44.667,0.352646,0.759404,0.590865
docvqa,1792,32,83,iter083,docvqa_32889,31,16384,4096,25,394.631,0.729,2.31,357.075,28.131,454.219,457.127,545.82,22.742,1002.947,1236.274,24.927,43.971,0.393471,0.846356,0.544216
docvqa,1792,32,84,iter084,docvqa_32890,32,16384,4096,16,391.911,0.728,2.283,355.086,28.195,451.672,454.148,323.294,21.553,777.442,1058.642,20.58,46.397,0.504104,1.085076,0.415843
docvqa,1792,32,85,iter085,docvqa_32891,39,16384,4096,32,354.199,0.73,2.34,312.37,28.092,413.966,417.119,740.521,23.888,1157.64,1461.542,27.642,41.862,0.305966,0.663561,0.639681
docvqa,1792,32,86,iter086,docvqa_32892,31,16384,4096,17,405.726,0.728,2.294,364.147,28.146,465.53,468.051,368.694,23.043,836.746,1109.393,20.317,43.396,0.484886,1.041244,0.440629
docvqa,1792,32,87,iter087,docvqa_32893,33,16384,4096,21,377.693,0.729,2.29,338.378,28.154,437.239,439.767,486.543,24.327,926.309,1201.784,22.671,41.106,0.40774,0.879763,0.525249
docvqa,1792,32,88,iter088,docvqa_32894,36,16384,4096,20,383.289,0.729,2.28,344.488,28.301,442.988,445.648,446.991,23.526,892.638,1169.708,22.405,42.506,0.429389,0.925657,0.500752
docvqa,1792,32,89,iter089,docvqa_49274,36,16384,4096,19,402.226,0.73,2.276,364.403,28.17,462.367,464.708,422.809,23.489,887.517,1130.328,21.408,42.572,0.453204,0.974172,0.476395
docvqa,1792,32,90,iter090,docvqa_32896,29,16384,4096,13,376.46,0.731,2.273,339.469,28.155,436.233,438.498,354.015,29.501,792.513,1014.383,16.404,33.897,0.475021,1.025463,0.4467
docvqa,1792,32,91,iter091,docvqa_32897,28,16384,4096,14,349.851,0.727,2.285,312.172,28.17,409.56,411.908,307.366,23.644,719.274,922.004,19.464,42.295,0.486394,1.0558,0.427328
docvqa,1792,32,92,iter092,docvqa_32898,27,16384,4096,23,380.424,0.728,2.287,340.562,28.13,440.463,442.901,496.097,22.55,938.998,1396.435,24.494,44.346,0.405138,0.874216,0.528326
docvqa,1792,32,93,iter093,docvqa_57475,36,16384,4096,16,388.836,0.729,2.318,348.078,28.182,448.905,451.797,348.417,23.228,800.214,1176.056,19.995,43.052,0.485915,1.046896,0.435405
docvqa,1792,32,94,iter094,docvqa_32900,32,16384,4096,20,436.603,0.727,2.298,398.172,28.254,496.448,498.873,433.564,22.819,932.436,1146.102,21.449,43.823,0.468238,1.000659,0.464979
docvqa,1792,32,95,iter095,docvqa_57476,40,16384,4096,23,403.706,0.73,2.298,367.115,28.243,464.103,466.501,448.859,20.403,915.36,1193.878,25.127,49.013,0.441036,0.948053,0.490364
docvqa,1792,32,96,iter096,docvqa_49279,30,16384,4096,11,383.43,0.729,2.262,346.857,28.204,443.161,445.653,254.557,25.456,700.21,928.483,15.71,39.284,0.547592,1.18049,0.363544
docvqa,1792,32,97,iter097,docvqa_49285,30,16384,4096,12,349.029,0.731,2.272,311.618,28.113,408.493,410.874,271.637,24.694,682.51,924.938,17.582,40.495,0.51139,1.109906,0.397997
docvqa,1792,32,98,iter098,docvqa_49292,35,16384,4096,32,387.719,0.73,2.275,351.002,28.19,447.449,449.718,678.744,21.895,1128.462,1365.295,28.357,45.673,0.343582,0.740094,0.601477
docvqa,1792,32,99,iter099,docvqa_16529,29,16384,4096,15,415.034,0.725,2.309,375.611,28.18,474.485,477.328,281.121,20.08,758.449,969.182,19.777,49.801,0.547213,1.172812,0.370653
docvqa,1792,32,100,iter100,docvqa_49297,34,16384,4096,19,371.54,0.728,2.279,333.972,28.152,431.578,433.937,448.868,24.937,882.805,1117.068,21.522,40.101,0.420863,0.909734,0.508457
docvqa,1792,32,101,iter101,docvqa_16533,31,16384,4096,23,375.593,0.729,2.287,337.761,28.209,435.323,437.677,564.461,25.657,1002.138,1210.429,22.951,38.975,0.374792,0.809186,0.563257
docvqa,1792,32,102,iter102,docvqa_49304,31,16384,4096,15,399.621,0.728,2.285,359.801,28.207,459.292,461.726,381.983,27.285,843.709,1108.769,17.779,36.651,0.473647,1.01802,0.452743
docvqa,1792,32,103,iter103,docvqa_16539,31,16384,4096,23,372.61,0.729,2.256,335.297,28.206,432.792,435.218,456.746,20.761,891.964,1111.854,25.786,48.167,0.417741,0.902953,0.512068
docvqa,1792,32,104,iter104,docvqa_16553,31,16384,4096,20,434.296,0.731,2.342,391.139,28.333,494.923,498.524,457.283,24.068,955.807,1204.183,20.925,41.55,0.454376,0.972182,0.478426
docvqa,1792,32,105,iter105,docvqa_49322,33,16384,4096,17,417.132,0.727,2.294,379.815,28.198,476.768,479.24,370.474,23.155,849.714,1084.421,20.007,43.188,0.490908,1.052,0.435998
docvqa,1792,32,106,iter106,docvqa_57515,37,16384,4096,18,384.375,0.731,2.265,347.127,28.156,443.79,446.032,388.358,22.845,834.39,1040.29,21.573,43.774,0.460666,0.99254,0.46544
docvqa,1792,32,107,iter107,docvqa_49323,29,16384,4096,13,411.595,0.73,2.31,362.568,28.138,471.238,474.287,310.385,25.865,784.672,1032.716,16.567,38.662,0.524544,1.125098,0.395561
docvqa,1792,32,108,iter108,docvqa_57517,29,16384,4096,10,378.737,0.728,2.286,338.294,28.123,438.125,440.663,180.184,20.02,620.847,914.371,16.107,49.949,0.610033,1.315723,0.290224
docvqa,1792,32,109,iter109,docvqa_49324,32,16384,4096,14,387.471,0.731,2.273,348.019,28.166,447.379,449.95,260.734,20.056,710.684,1052.12,19.699,49.859,0.545208,1.174713,0.366878
docvqa,1792,32,110,iter110,docvqa_57519,30,16384,4096,11,424.673,0.729,2.305,387.31,28.106,484.111,486.653,252.297,25.23,738.95,966.014,14.886,39.636,0.574698,1.229832,0.341426
docvqa,1792,32,111,iter111,docvqa_49325,30,16384,4096,14,353.734,0.728,2.271,311.534,28.135,413.383,415.577,332.906,25.608,748.482,979.002,18.705,39.05,0.472602,1.024896,0.444774
docvqa,1792,32,112,iter112,docvqa_57521,31,16384,4096,14,418.734,0.725,2.324,380.927,28.185,478.725,481.543,343.258,26.404,824.801,1040.873,16.974,37.872,0.507679,1.088093,0.416171
docvqa,1792,32,113,iter113,docvqa_49326,30,16384,4096,18,390.05,0.727,2.293,352.607,28.16,450.368,452.886,437.613,25.742,890.499,1134.725,20.213,38.847,0.438013,0.943762,0.491424
docvqa,1792,32,114,iter114,docvqa_57523,33,16384,4096,16,349.395,0.73,2.277,312.049,28.132,409.094,411.588,395.34,26.356,806.928,1024.637,19.828,37.942,0.432994,0.93997,0.489933
docvqa,1792,32,115,iter115,docvqa_57524,34,16384,4096,15,353.065,0.73,2.268,315.486,28.14,412.592,415.005,358.365,25.598,773.371,1037.781,19.396,39.066,0.456528,0.990026,0.463381
docvqa,1792,32,116,iter116,docvqa_57525,42,16384,4096,25,349.311,0.729,2.285,312.683,28.122,783.241,785.682,600.053,25.002,1385.735,1611.364,18.041,39.996,0.252076,0.817294,0.433021
docvqa,1792,32,117,iter117,docvqa_57526,29,16384,4096,11,416.212,0.726,2.262,379.152,28.19,475.756,478.056,248.913,24.891,726.969,934.287,15.131,40.175,0.572531,1.226969,0.342399
docvqa,1792,32,118,iter118,docvqa_57527,34,16384,4096,18,528.436,0.728,2.297,491.176,28.225,588.166,590.916,428.29,25.194,1019.206,1240.814,17.661,39.693,0.518478,1.095561,0.420219
docvqa,1792,32,119,iter119,docvqa_57528,35,16384,4096,28,411.517,0.727,2.336,362.544,28.148,471.398,475.104,733.191,27.155,1208.295,1457.638,23.173,36.825,0.340577,0.730711,0.606798
docvqa,1792,32,120,iter120,docvqa_57529,33,16384,4096,30,351.23,0.729,2.263,311.788,28.13,410.553,412.945,697.184,24.041,1110.128,1320.502,27.024,41.596,0.316387,0.686212,0.628021
docvqa,1792,32,121,iter121,docvqa_57530,29,16384,4096,11,434.182,0.724,2.312,396.523,28.341,494.595,497.556,235.64,23.564,733.196,953.553,15.003,42.438,0.592178,1.266752,0.321388
docvqa,1792,32,122,iter122,docvqa_57531,33,16384,4096,16,389.612,0.723,2.288,352.028,28.188,449.838,452.469,390.962,26.064,843.431,1057.608,18.97,38.367,0.461938,0.99528,0.463537
docvqa,1792,32,123,iter123,docvqa_57532,38,16384,4096,23,396.423,0.727,2.276,359.284,28.16,890.48,892.888,501.494,22.795,1394.382,1618.593,16.495,43.869,0.2843,0.92292,0.359653
docvqa,1792,32,124,iter124,docvqa_57533,39,16384,4096,19,354.748,0.728,2.28,317.712,28.116,414.236,416.623,482.931,26.829,899.554,1117.731,21.122,37.272,0.39436,0.85485,0.536856
docvqa,1792,32,125,iter125,docvqa_16568,27,16384,4096,11,388.376,0.73,2.272,350.66,28.132,448.365,450.759,222.642,22.264,673.401,859.158,16.335,44.915,0.576737,1.242559,0.330623
docvqa,1792,32,126,iter126,docvqa_16574,37,16384,4096,26,398.59,0.73,2.272,349.863,28.152,458.175,460.631,557.699,22.308,1018.33,1328.132,25.532,44.827,0.391415,0.841343,0.547661
docvqa,1792,32,127,iter127,docvqa_57537,36,16384,4096,20,381.116,0.726,2.268,344.448,28.087,440.692,442.905,448.497,23.605,891.402,1117.8,22.437,42.364,0.427547,0.921929,0.503137
docvqa,1792,32,128,iter128,docvqa_57539,36,16384,4096,20,400.67,0.729,2.289,360.889,28.15,460.386,462.657,475.222,25.012,937.879,1169.783,21.325,39.981,0.427209,0.918089,0.506699
docvqa,1792,32,129,iter129,docvqa_57540,37,16384,4096,20,401.298,0.731,2.304,363.881,28.156,461.048,463.483,472.069,24.846,935.552,1169.434,21.378,40.248,0.428942,0.921751,0.504589
docvqa,1792,32,130,iter130,docvqa_57543,31,16384,4096,20,401.409,0.726,2.285,364.303,28.087,461.37,463.823,472.84,24.886,936.663,1219.838,21.352,40.183,0.428552,0.921119,0.504813
docvqa,1792,32,131,iter131,docvqa_57550,27,16384,4096,9,373.061,0.724,2.285,335.482,28.114,432.548,435.41,211.148,26.393,646.558,1325.025,13.92,37.888,0.576996,1.245996,0.326572
docvqa,1792,32,132,iter132,docvqa_49361,31,16384,4096,11,369.829,0.731,2.272,332.878,28.091,429.235,431.583,271.977,27.198,703.56,946.231,15.635,36.768,0.525654,1.135744,0.386572
docvqa,1792,32,133,iter133,docvqa_49362,29,16384,4096,18,362.587,0.732,2.317,317.986,28.116,422.443,425.641,396.269,23.31,821.91,1081.324,21.9,42.9,0.441152,0.955129,0.482132
docvqa,1792,32,134,iter134,docvqa_57557,36,16384,4096,26,390.806,0.73,2.281,351.849,28.188,450.454,453.04,609.628,24.385,1062.668,1737.301,24.467,41.009,0.367759,0.791649,0.573676
docvqa,1792,32,135,iter135,docvqa_49366,34,16384,4096,15,394.952,0.728,2.297,357.403,28.198,454.509,456.989,346.882,24.777,803.871,1062.931,18.66,40.36,0.491313,1.056713,0.431515
docvqa,1792,32,136,iter136,docvqa_32984,33,16384,4096,18,442.386,0.728,2.324,393.077,28.214,502.002,505.533,364.74,21.455,870.274,1106.227,20.683,46.609,0.50833,1.085162,0.41911
docvqa,1792,32,137,iter137,docvqa_49369,28,16384,4096,12,383.195,0.73,2.329,346.453,28.178,442.711,445.497,232.536,21.14,678.033,919.881,17.698,47.304,0.565156,1.218089,0.342957
docvqa,1792,32,138,iter138,docvqa_57562,29,16384,4096,11,380.023,0.728,2.283,342.612,28.184,439.799,442.175,212.031,21.203,654.206,921.002,16.814,47.163,0.580893,1.253157,0.324104
docvqa,1792,32,139,iter139,docvqa_32986,33,16384,4096,18,375.875,0.728,2.266,339.259,28.131,435.508,437.914,393.902,23.171,831.815,1041.231,21.639,43.158,0.451873,0.975437,0.473545
docvqa,1792,32,140,iter140,docvqa_57564,26,16384,4096,32,367.795,0.731,2.321,330.372,28.141,427.393,430.212,815.123,26.294,1245.335,1569.762,25.696,38.031,0.295338,0.638533,0.654541
docvqa,1792,32,141,iter141,docvqa_49373,36,16384,4096,15,406.975,0.728,2.293,368.153,28.216,467.469,469.883,358.483,25.606,828.367,1068.016,18.108,39.053,0.491298,1.055624,0.432759
docvqa,1792,32,142,iter142,docvqa_16606,29,16384,4096,11,351.739,0.727,2.295,310.634,28.095,410.989,413.553,204.57,20.457,618.123,830.451,17.796,48.883,0.569043,1.233941,0.330953
docvqa,1792,32,143,iter143,docvqa_223,29,16384,4096,14,352.844,0.729,2.271,315.227,28.104,412.53,414.824,273.107,21.008,687.931,1216.638,20.351,47.6,0.512905,1.112573,0.396998
docvqa,1792,32,144,iter144,docvqa_224,30,16384,4096,16,380.809,0.728,2.287,342.454,28.163,440.358,442.735,308.306,20.554,751.04,1084.456,21.304,48.653,0.507041,1.093372,0.410505
docvqa,1792,32,145,iter145,docvqa_16609,32,16384,4096,18,421.361,0.726,2.265,383.132,28.199,481.031,483.464,359.184,21.128,842.648,1060.285,21.361,47.329,0.500044,1.0709,0.426256
docvqa,1792,32,146,iter146,docvqa_57566,34,16384,4096,17,383.585,0.73,2.283,346.441,28.149,443.223,445.672,371.689,23.231,817.361,1054.174,20.799,43.047,0.469296,1.011557,0.454743
docvqa,1792,32,147,iter147,docvqa_16611,28,16384,4096,20,386.05,0.729,2.262,349.476,28.12,445.501,447.953,385.137,20.27,833.089,1020.932,24.007,49.333,0.463395,0.998153,0.4623
docvqa,1792,32,148,iter148,docvqa_49376,35,16384,4096,13,378.221,0.732,2.269,340.875,28.175,437.949,440.379,248.279,20.69,688.658,991.299,18.877,48.333,0.549216,1.185161,0.360525
docvqa,1792,32,149,iter149,docvqa_49381,34,16384,4096,17,423.431,0.728,2.301,380.556,28.262,483.531,485.926,361.286,22.58,847.212,1191.648,20.066,44.286,0.499793,1.070525,0.426441
docvqa,1792,32,150,iter150,docvqa_32989,33,16384,4096,17,385.391,0.732,2.29,348.048,28.204,445.841,448.296,412.823,25.801,861.119,1081.456,19.742,38.758,0.447547,0.965292,0.479403
docvqa,1792,32,151,iter151,docvqa_231,33,16384,4096,16,375.846,0.725,2.33,338.1,28.205,435.654,438.17,344.167,22.944,782.337,1003.638,20.452,43.583,0.480415,1.037278,0.439922
docvqa,1792,32,152,iter152,docvqa_232,27,16384,4096,17,350.072,0.73,2.33,312.935,28.114,410.052,412.917,322.007,20.125,734.924,1003.7,23.132,49.688,0.476338,1.034289,0.43815
docvqa,1792,32,153,iter153,docvqa_32994,35,16384,4096,17,445.669,0.729,2.306,408.76,28.257,505.763,508.215,369.056,23.066,877.271,1095.376,19.378,43.354,0.508018,1.084537,0.420686
docvqa,1792,32,154,iter154,docvqa_234,32,16384,4096,32,454.142,0.728,2.328,416.282,28.307,514.462,517.436,727.085,23.454,1244.521,1461.736,25.713,42.636,0.364913,0.778295,0.584228
docvqa,1792,32,155,iter155,docvqa_4931,32,16384,4096,21,626.226,0.732,2.302,589.13,28.14,686.574,689.207,446.911,22.346,1136.118,1349.967,18.484,44.752,0.551198,1.155513,0.393367
docvqa,1792,32,156,iter156,docvqa_32995,33,16384,4096,17,396.993,0.727,2.301,359.308,28.283,457.86,460.437,416.244,26.015,876.681,1117.18,19.391,38.439,0.452837,0.975102,0.474795
docvqa,1792,32,157,iter157,docvqa_237,36,16384,4096,18,359.204,0.732,2.319,318.379,28.113,418.555,421.258,387.213,22.777,808.471,1007.279,22.264,43.903,0.444301,0.962014,0.478945
docvqa,1792,32,158,iter158,docvqa_49390,27,16384,4096,8,352.147,0.729,2.276,314.995,28.093,411.994,414.38,146.296,20.899,560.676,803.701,14.269,47.848,0.628076,1.362893,0.260928
docvqa,1792,32,159,iter159,docvqa_49391,30,16384,4096,23,419.209,0.731,2.294,378.727,28.175,478.885,481.801,473.364,21.517,955.165,1299.562,24.08,46.476,0.438886,0.94025,0.495583
docvqa,1792,32,160,iter160,docvqa_49392,29,16384,4096,13,385.051,0.73,2.296,344.941,28.234,444.545,447.218,248.35,20.696,695.568,910.43,18.69,48.319,0.553578,1.192689,0.357047
docvqa,1792,32,161,iter161,docvqa_49393,25,16384,4096,18,354.738,0.727,2.299,309.207,28.101,414.335,417.349,436.329,25.666,853.678,1181.033,21.085,38.961,0.41554,0.900893,0.511117
docvqa,1792,32,162,iter162,docvqa_49394,30,16384,4096,16,376.899,0.728,2.346,323.981,28.077,436.403,440.528,307.337,20.489,747.865,963.429,21.394,48.806,0.503967,1.0875,0.410953
docvqa,1792,32,163,iter163,docvqa_49395,27,16384,4096,20,446.128,0.727,2.264,403.667,28.55,505.802,508.063,382.64,20.139,890.703,1082.096,22.454,49.655,0.500871,1.068739,0.429593
docvqa,1792,32,164,iter164,docvqa_49396,29,16384,4096,22,427.08,0.729,2.3,386.919,28.196,487.828,490.599,468.561,22.312,959.16,1159.359,22.937,44.818,0.445264,0.953863,0.488512
docvqa,1792,32,165,iter165,docvqa_49397,28,16384,4096,16,419.486,0.728,2.28,378.206,28.358,479.032,481.648,388.838,25.923,870.487,1067.818,18.381,38.576,0.481898,1.032201,0.446691
docvqa,1792,32,166,iter166,docvqa_49398,29,16384,4096,14,394.984,0.729,2.298,356.848,28.295,454.582,457.02,327.811,25.216,784.831,969.762,17.838,39.657,0.503273,1.082482,0.417684
docvqa,1792,32,167,iter167,docvqa_49399,30,16384,4096,11,398.274,0.728,2.284,357.945,28.197,458.258,460.729,221.546,22.155,682.276,990.143,16.123,45.137,0.583744,1.255405,0.324717
docvqa,1792,32,168,iter168,docvqa_49400,44,16384,4096,26,384.8,0.725,2.277,347.594,28.147,445.1,447.404,636.437,25.457,1083.841,1271.687,23.989,39.281,0.355033,0.765702,0.587205
docvqa,1792,32,169,iter169,docvqa_49401,32,16384,4096,17,382.439,0.732,2.291,345.515,28.321,442.949,445.213,412.522,25.783,857.735,1034.812,19.82,38.786,0.445871,0.962287,0.480943
docvqa,1792,32,170,iter170,docvqa_49402,27,16384,4096,31,354.743,0.729,2.275,317.586,28.134,414.782,417.265,733.728,24.458,1150.993,1345.03,26.933,40.887,0.308206,0.668574,0.637474
docvqa,1792,32,171,iter171,docvqa_49403,30,16384,4096,10,374.858,0.731,2.275,337.788,28.176,434.397,436.77,213.13,23.681,649.9,864.412,15.387,42.228,0.576793,1.245199,0.327942
docvqa,1792,32,172,iter172,docvqa_49404,34,16384,4096,25,414.57,0.727,2.337,373.727,28.207,474.52,477.454,584.234,24.343,1061.688,1369.72,23.547,41.079,0.390482,0.837431,0.550288
docvqa,1792,32,173,iter173,docvqa_254,27,16384,4096,18,377.338,0.729,2.313,339.562,28.12,436.793,439.437,346.618,20.389,786.054,972.739,22.899,49.045,0.480041,1.035719,0.440959
docvqa,1792,32,174,iter174,docvqa_255,31,16384,4096,16,348.505,0.729,2.32,310.634,28.074,408.01,410.992,331.514,22.101,742.506,1042.452,21.549,45.247,0.469363,1.018867,0.44648
docvqa,1792,32,175,iter175,docvqa_256,37,16384,4096,19,374.367,0.731,2.261,334.476,28.14,434.137,436.394,413.113,22.951,849.507,1075.582,22.366,43.572,0.440688,0.951733,0.486297
docvqa,1792,32,176,iter176,docvqa_49406,31,16384,4096,16,393.793,0.731,2.274,356.637,28.098,453.161,455.502,316.317,21.088,771.82,988.94,20.73,47.421,0.510214,1.097348,0.409833
docvqa,1792,32,177,iter177,docvqa_265,28,16384,4096,32,406.601,0.73,2.318,364.317,28.249,466.469,468.802,750.037,24.195,1218.839,1446.712,26.254,41.331,0.333597,0.716312,0.61537
docvqa,1792,32,178,iter178,docvqa_266,30,16384,4096,17,403.83,0.728,2.312,367.01,28.22,463.466,466.108,452.611,28.288,918.719,1141.584,18.504,35.35,0.439557,0.944027,0.492654
docvqa,1792,32,179,iter179,docvqa_267,30,16384,4096,27,352.586,0.731,2.334,314.53,28.203,413.071,415.716,604.43,23.247,1020.146,1249.758,26.467,43.016,0.345623,0.750537,0.592493
docvqa,1792,32,180,iter180,docvqa_271,29,16384,4096,17,344.718,0.732,2.279,304.003,28.117,404.358,406.661,429.03,26.814,835.691,1029.058,20.342,37.293,0.412495,0.896356,0.513383
docvqa,1792,32,181,iter181,docvqa_49432,30,16384,4096,32,373.581,0.728,2.322,333.378,28.173,433.734,436.527,793.357,25.592,1229.884,1484.206,26.019,39.074,0.303753,0.656416,0.645067
docvqa,1792,32,182,iter182,docvqa_283,39,16384,4096,22,385.89,0.728,2.37,344.717,28.14,445.544,449.109,424.956,20.236,874.066,1154.606,25.17,49.417,0.441489,0.951226,0.486183
docvqa,1792,32,183,iter183,docvqa_284,34,16384,4096,29,370.678,0.726,2.257,332.606,28.119,430.341,432.591,652.404,23.3,1084.995,1280.842,26.728,42.918,0.341641,0.738271,0.601297
docvqa,1792,32,184,iter184,docvqa_285,32,16384,4096,16,347.763,0.731,2.271,311.096,28.129,408.148,410.378,364.541,24.303,774.919,975.854,20.647,41.148,0.448774,0.975472,0.470424
docvqa,1792,32,185,iter185,docvqa_49437,32,16384,4096,15,342.421,0.732,2.259,305.512,28.102,402.288,404.569,289.067,20.648,693.636,975.945,21.625,48.432,0.493661,1.073631,0.416742
docvqa,1792,32,186,iter186,docvqa_49442,31,16384,4096,15,363.121,0.729,2.342,318.905,28.117,422.968,429.762,296.644,21.189,726.406,1195.212,20.65,47.195,0.499887,1.082161,0.408373
docvqa,1792,32,187,iter187,docvqa_292,32,16384,4096,29,343.569,0.728,2.283,304.755,28.072,403.138,405.507,658.11,23.504,1063.617,1306.698,27.265,42.546,0.323019,0.702045,0.618747
docvqa,1792,32,188,iter188,docvqa_296,34,16384,4096,15,384.072,0.731,2.278,345.221,28.145,444.125,446.336,400.412,28.601,846.748,1059.335,17.715,34.964,0.453585,0.978091,0.472882
docvqa,1792,32,189,iter189,docvqa_297,33,16384,4096,17,368.932,0.731,2.316,329.245,28.096,428.933,431.639,446.15,27.884,877.789,1054.909,19.367,35.862,0.420297,0.908949,0.508266
docvqa,1792,32,190,iter190,docvqa_298,29,16384,4096,12,343.8,0.729,2.339,304.935,28.076,403.567,406.834,261.054,23.732,667.887,963.105,17.967,42.137,0.514757,1.119002,0.390865
docvqa,1792,32,191,iter191,docvqa_49449,28,16384,4096,17,379.525,0.727,2.276,342.289,28.119,439.319,441.594,331.574,20.723,773.168,938.555,21.987,48.255,0.490871,1.059077,0.428851
docvqa,1792,32,192,iter192,docvqa_300,37,16384,4096,20,406.124,0.732,2.293,364.067,28.233,466.544,468.986,451.89,23.784,920.875,1187.227,21.718,42.046,0.441019,0.94765,0.490717
docvqa,1792,32,193,iter193,docvqa_49454,33,16384,4096,20,524.598,0.73,2.289,487.256,28.169,584.437,586.787,482.109,25.374,1068.896,1263.177,18.711,39.41,0.490785,1.037552,0.451034
docvqa,1792,32,194,iter194,docvqa_303,37,16384,4096,17,414.39,0.727,2.28,377.007,28.161,474.143,476.737,378.538,23.659,855.275,1036.314,19.877,42.268,0.484511,1.038886,0.442592
docvqa,1792,32,195,iter195,docvqa_304,35,16384,4096,28,356.098,0.732,2.295,315.81,28.177,415.749,419.037,661.052,24.483,1080.089,1319.483,25.924,40.844,0.329693,0.714615,0.612035
docvqa,1792,32,196,iter196,docvqa_305,30,16384,4096,19,366.753,0.728,2.278,329.759,28.085,426.549,428.914,486.082,27.005,914.996,1106.541,20.765,37.031,0.400825,0.867001,0.531239
docvqa,1792,32,197,iter197,docvqa_49455,28,16384,4096,32,341.094,0.729,2.283,302.256,28.09,400.714,403.134,726.125,23.423,1129.259,1297.436,28.337,42.692,0.302051,0.656899,0.64301
docvqa,1792,32,198,iter198,docvqa_307,36,16384,4096,16,426.912,0.726,2.309,388.918,28.333,486.681,489.628,304.203,20.28,793.831,1009.492,20.155,49.309,0.537787,1.150866,0.383209
docvqa,1792,32,199,iter199,docvqa_49461,40,16384,4096,20,378.447,0.731,2.286,338.519,28.181,438.981,441.308,484.224,25.485,925.532,1109.863,21.609,39.238,0.408896,0.883198,0.523184
docvqa,1792,32,200,iter200,docvqa_49465,34,16384,4096,22,348.433,0.732,2.265,308.292,28.114,407.823,410.2,476.982,22.713,887.182,1063.58,24.798,44.027,0.392741,0.852424,0.537637
docvqa,1792,32,201,iter201,docvqa_317,29,16384,4096,11,341.275,0.732,2.255,304.301,27.983,400.595,402.94,204.834,20.483,607.774,845.156,18.099,48.82,0.561516,1.220635,0.337024
docvqa,1792,32,202,iter202,docvqa_319,33,16384,4096,22,363.959,0.729,2.263,326.607,28.02,423.643,425.972,500.832,23.849,926.805,1158.997,23.737,41.93,0.392703,0.849804,0.540386
docvqa,1792,32,203,iter203,docvqa_320,30,16384,4096,32,445.632,0.725,2.333,397.005,28.14,505.225,509.124,762.114,24.584,1271.237,1492.945,25.172,40.676,0.35055,0.747978,0.599505
docvqa,1792,32,204,iter204,docvqa_321,28,16384,4096,32,343.383,0.729,2.289,306.361,28.052,403.041,405.43,732.26,23.621,1137.69,1341.74,28.127,42.335,0.301825,0.656088,0.643638
docvqa,1792,32,205,iter205,docvqa_345,29,16384,4096,13,391.641,0.73,2.274,353.908,28.198,451.306,453.584,325.176,27.098,778.76,959.117,16.693,36.903,0.502904,1.082422,0.417556
docvqa,1792,32,206,iter206,docvqa_346,26,16384,4096,27,376.352,0.724,2.308,330.32,28.097,436.119,438.853,630.73,24.259,1069.583,1369.863,25.243,41.222,0.351868,0.759615,0.589697
docvqa,1792,32,207,iter207,docvqa_347,38,16384,4096,25,375.389,0.726,2.345,335.174,28.138,435.312,438.836,674.477,28.103,1113.313,1392.161,22.456,35.583,0.337182,0.728188,0.605829
docvqa,1792,32,208,iter208,docvqa_348,36,16384,4096,21,358.962,0.732,2.285,318.423,28.231,418.53,420.981,542.375,27.119,963.356,1170.765,21.799,36.875,0.372616,0.807067,0.563006
docvqa,1792,32,209,iter209,docvqa_6943,26,16384,4096,17,351.382,0.727,2.286,311.272,28.133,410.824,413.119,427.354,26.71,840.473,1070.157,20.227,37.44,0.418076,0.906878,0.508468
docvqa,1792,32,210,iter210,docvqa_357,29,16384,4096,13,404.013,0.732,2.341,366.033,28.17,463.909,466.802,272.745,22.729,739.546,930.7,17.578,43.997,0.546298,1.173586,0.3688
docvqa,1792,32,211,iter211,docvqa_358,34,16384,4096,16,387.429,0.726,2.318,350.472,28.123,447.149,449.77,351.712,23.447,801.483,1106.531,19.963,42.649,0.483391,1.041293,0.438827
docvqa,1792,32,212,iter212,docvqa_359,36,16384,4096,17,352.504,0.73,2.32,311.497,28.088,412.102,415.25,373.724,23.358,788.974,1049.879,21.547,42.812,0.446788,0.969114,0.473683
docvqa,1792,32,213,iter213,docvqa_360,38,16384,4096,21,387.663,0.729,2.296,348.974,28.197,447.626,450.039,452.022,22.601,902.061,1161.325,23.28,44.246,0.429753,0.925978,0.501099
docvqa,1792,32,214,iter214,docvqa_361,37,16384,4096,32,374.718,0.73,2.267,337.288,28.144,434.867,437.28,793.836,25.608,1231.115,1441.147,25.993,39.051,0.304373,0.657603,0.64481
docvqa,1792,32,215,iter215,docvqa_362,37,16384,4096,22,411.194,0.732,2.323,372.447,28.262,471.515,474.076,527.753,25.131,1001.829,1204.626,21.96,39.791,0.410443,0.881098,0.526789
docvqa,1792,32,216,iter216,docvqa_363,37,16384,4096,19,400.62,0.729,2.298,360.962,28.251,460.741,463.238,513.178,28.51,976.416,1166.428,19.459,35.076,0.410296,0.882165,0.525573
docvqa,1792,32,217,iter217,docvqa_364,31,16384,4096,32,342.493,0.728,2.291,305.254,28.088,402.896,405.359,779.616,25.149,1184.975,1416.144,27.005,39.763,0.289029,0.629033,0.657918
docvqa,1792,32,218,iter218,docvqa_365,29,16384,4096,26,403.803,0.731,2.314,365.269,28.164,463.685,466.345,640.978,25.639,1107.324,1301.999,23.48,39.003,0.364666,0.783409,0.578854
docvqa,1792,32,219,iter219,docvqa_8560,29,16384,4096,20,400.066,0.729,2.342,363.185,28.273,459.864,462.309,478.855,25.203,941.164,1150.752,21.25,39.678,0.425076,0.913687,0.508791
docvqa,1792,32,220,iter220,docvqa_4958,27,16384,4096,17,369.924,0.731,2.513,327.152,28.17,429.967,433.413,379.278,23.705,812.691,1040.584,20.918,42.185,0.455183,0.98425,0.466694
docvqa,1792,32,221,iter221,docvqa_8565,28,16384,4096,27,393.901,0.727,2.316,349.259,28.116,453.617,456.7,596.08,22.926,1052.781,1251.715,25.646,43.618,0.374153,0.805028,0.566196
docvqa,1792,32,222,iter222,docvqa_4959,26,16384,4096,6,403.259,0.729,2.326,359.497,28.124,463.118,466.371,139.633,27.927,606.004,840.408,9.901,35.808,0.665439,1.429654,0.230416
docvqa,1792,32,223,iter223,docvqa_375,38,16384,4096,24,349.167,0.729,2.281,311.717,28.154,408.889,411.272,532.694,23.161,943.966,1151.296,25.425,43.177,0.369894,0.803055,0.564315
docvqa,1792,32,224,iter224,docvqa_376,37,16384,4096,23,408.214,0.728,2.347,363.161,28.14,468.074,471.81,549.933,24.997,1021.743,1294.116,22.511,40.005,0.399527,0.85764,0.53823
docvqa,1792,32,225,iter225,docvqa_377,27,16384,4096,12,352.826,0.723,2.267,312.496,28.075,412.11,414.533,234.571,21.325,649.103,935.469,18.487,46.894,0.543559,1.17845,0.361376
docvqa,1792,32,226,iter226,docvqa_49528,27,16384,4096,9,383.905,0.729,2.28,344.187,28.186,443.553,445.922,164.324,20.541,610.246,1024.144,14.748,48.684,0.629098,1.355941,0.269276
docvqa,1792,32,227,iter227,docvqa_49530,27,16384,4096,9,372.336,0.732,2.337,332.464,28.253,432.436,435.486,223.615,27.952,659.101,898.179,13.655,35.776,0.564915,1.221015,0.339273
docvqa,1792,32,228,iter228,docvqa_49532,31,16384,4096,18,400.543,0.731,2.393,350.591,28.114,460.345,468.906,461.879,27.169,930.785,1186.948,19.339,36.806,0.430328,0.924906,0.496226
docvqa,1792,32,229,iter229,docvqa_24499,31,16384,4096,32,392.723,0.726,2.329,348.592,28.117,452.759,456.191,745.12,24.036,1201.311,1499.052,26.638,41.604,0.326912,0.703799,0.620256
docvqa,1792,32,230,iter230,docvqa_49534,31,16384,4096,20,519.325,0.73,2.278,478.969,28.12,578.927,581.296,467.883,24.625,1049.179,1307.023,19.063,40.608,0.494983,1.046773,0.445951
docvqa,1792,32,231,iter231,docvqa_383,35,16384,4096,32,370.894,0.73,2.309,334.209,28.166,430.61,433.099,765.091,24.68,1198.19,1398.91,26.707,40.518,0.309545,0.668929,0.638539
docvqa,1792,32,232,iter232,docvqa_384,26,16384,4096,32,351.053,0.729,2.326,310.004,28.115,411.191,414.016,651.43,21.014,1065.446,1271.552,30.034,47.588,0.329489,0.715423,0.611415
docvqa,1792,32,233,iter233,docvqa_385,33,16384,4096,32,373.097,0.726,2.308,333.726,28.145,432.639,434.99,750.626,24.214,1185.616,1374.75,26.99,41.299,0.314686,0.679592,0.633111
docvqa,1792,32,234,iter234,docvqa_49536,35,16384,4096,32,387.138,0.731,2.291,350.237,28.218,447.976,450.688,781.104,25.197,1231.791,1482.384,25.978,39.687,0.314288,0.677967,0.63412
docvqa,1792,32,235,iter235,docvqa_24500,29,16384,4096,32,405.633,0.732,2.322,363.655,28.14,465.519,468.397,736.23,23.749,1204.627,1420.172,26.564,42.106,0.336729,0.723171,0.611168
docvqa,1792,32,236,iter236,docvqa_33153,30,16384,4096,25,407.935,0.73,2.29,367.174,28.157,467.571,470.165,571.062,23.794,1041.227,1298.153,24.01,42.027,0.391783,0.840841,0.548451
docvqa,1792,32,237,iter237,docvqa_57733,40,16384,4096,24,365.298,0.728,2.274,323.502,28.132,425.408,427.965,527.605,22.939,955.569,1186.288,25.116,43.593,0.382283,0.827471,0.552137
docvqa,1792,32,238,iter238,docvqa_49542,27,16384,4096,18,396.906,0.733,2.265,357.596,28.148,457.06,459.347,423.106,24.889,882.453,1125.558,20.398,40.179,0.449776,0.967718,0.479466
docvqa,1792,32,239,iter239,docvqa_33158,27,16384,4096,11,371.37,0.728,2.349,334.266,28.211,431.316,434.078,275.212,27.521,709.29,958.377,15.508,36.336,0.52358,1.131674,0.38801
docvqa,1792,32,240,iter240,docvqa_49544,33,16384,4096,31,454.943,0.728,2.301,407.393,28.255,514.529,517.152,729.679,24.323,1246.831,1473.719,24.863,41.114,0.36488,0.777549,0.585227
docvqa,1792,32,241,iter241,docvqa_58694,35,16384,4096,20,343.782,0.73,2.301,306.163,28.103,403.28,405.604,390.202,20.537,795.806,996.096,25.132,48.693,0.431992,0.938748,0.490323
docvqa,1792,32,242,iter242,docvqa_49546,35,16384,4096,32,379.237,0.733,2.309,342.234,28.232,439.661,442.281,783.478,25.273,1225.759,1535.761,26.106,39.567,0.30939,0.668074,0.639178
docvqa,1792,32,243,iter243,docvqa_395,30,16384,4096,12,387.499,0.731,2.286,350.63,28.197,447.296,449.866,291.222,26.475,741.088,942.616,16.192,37.772,0.522879,1.126446,0.392966
docvqa,1792,32,244,iter244,docvqa_396,28,16384,4096,22,357.96,0.728,2.286,320.862,28.154,417.663,419.944,555.849,26.469,975.793,1180.989,22.546,37.78,0.36684,0.794864,0.569638
docvqa,1792,32,245,iter245,docvqa_397,30,16384,4096,22,357.972,0.73,2.273,321.433,28.144,417.674,419.947,505.124,24.054,925.071,1114.158,23.782,41.574,0.386967,0.838472,0.546038
docvqa,1792,32,246,iter246,docvqa_49550,35,16384,4096,32,398.981,0.728,2.277,360.283,28.134,458.519,460.847,730.638,23.569,1191.485,1411.636,26.857,42.429,0.33486,0.71969,0.613217
docvqa,1792,32,247,iter247,docvqa_58695,36,16384,4096,24,401.972,0.727,2.281,361.362,28.186,461.925,464.294,517.89,22.517,982.184,1302.656,24.435,44.411,0.409263,0.879567,0.527284
docvqa,1792,32,248,iter248,docvqa_398,30,16384,4096,14,399.208,0.726,2.302,360.759,28.208,459.01,461.457,297.248,22.865,758.705,960.562,18.453,43.735,0.52617,1.131162,0.391783
docvqa,1792,32,249,iter249,docvqa_49555,41,16384,4096,32,371.342,0.73,2.29,332.604,28.143,431.259,433.787,748.621,24.149,1182.408,1423.348,27.063,41.409,0.314055,0.678785,0.633132
docvqa,1792,32,250,iter250,docvqa_16789,36,16384,4096,25,353.547,0.726,2.287,314.195,28.076,412.961,415.605,551.907,22.996,967.513,1256.309,25.839,43.486,0.365418,0.792246,0.570439
docvqa,1792,32,251,iter251,docvqa_407,29,16384,4096,14,369.484,0.73,2.355,332.368,28.169,429.447,432.195,319.8,24.6,751.995,968.506,18.617,40.65,0.491338,1.062416,0.425269
docvqa,1792,32,252,iter252,docvqa_49560,35,16384,4096,28,374.27,0.729,2.289,337.011,28.087,434.306,436.775,550.317,20.382,987.092,1237.956,28.366,49.063,0.379165,0.81915,0.557513
docvqa,1792,32,253,iter253,docvqa_408,30,16384,4096,15,413.995,0.733,2.276,374.673,28.222,473.881,476.209,349.743,24.982,825.952,1009.743,18.161,40.029,0.501234,1.074973,0.423442
docvqa,1792,32,254,iter254,docvqa_409,29,16384,4096,22,356.382,0.73,2.314,318.678,28.115,416.594,419.173,447.491,21.309,866.664,1086.662,25.385,46.928,0.411212,0.891898,0.516337
docvqa,1792,32,255,iter255,docvqa_24505,30,16384,4096,17,379.133,0.73,2.332,338.151,28.23,438.915,441.271,405.252,25.328,846.524,1062.257,20.082,39.482,0.447871,0.966362,0.478725
docvqa,1792,32,256,iter256,docvqa_410,36,16384,4096,27,395.794,0.729,2.309,359.012,28.152,455.614,458.113,579.821,22.301,1037.934,1223.271,26.013,44.841,0.381328,0.820291,0.55863
docvqa,1792,32,257,iter257,docvqa_49565,28,16384,4096,13,398.936,0.728,2.338,353.71,28.287,459.054,461.736,306.735,25.561,768.472,1003.886,16.917,39.122,0.519129,1.116489,0.39915
docvqa,1792,32,258,iter258,docvqa_16801,29,16384,4096,10,348.416,0.728,2.305,309.707,28.077,407.809,410.647,222.404,24.712,633.051,847.003,15.797,40.467,0.550375,1.194571,0.351321
docvqa,1792,32,259,iter259,docvqa_49569,28,16384,4096,14,345.169,0.725,2.305,306.258,28.122,404.754,407.12,265.667,20.436,672.788,986.473,20.809,48.933,0.513042,1.114649,0.394875
docvqa,1792,32,260,iter260,docvqa_57765,34,16384,4096,21,371.962,0.73,2.303,334.542,28.143,431.787,434.599,454.1,22.705,888.699,1169.393,23.63,44.043,0.418546,0.90441,0.510972
docvqa,1792,32,261,iter261,docvqa_57766,34,16384,4096,17,387.18,0.729,2.311,350.011,28.229,446.881,449.378,359.099,22.444,808.477,1030.838,21.027,44.556,0.478901,1.031645,0.444167
docvqa,1792,32,262,iter262,docvqa_57767,32,16384,4096,14,384.821,0.73,2.269,343.71,28.208,445.152,447.494,282.577,21.737,730.071,945.182,19.176,46.005,0.527101,1.136839,0.387054
docvqa,1792,32,263,iter263,docvqa_58700,26,16384,4096,22,374.435,0.732,2.265,334.282,28.153,434.427,436.744,493.463,23.498,930.206,1126.519,23.651,42.556,0.402529,0.869552,0.530487
docvqa,1792,32,264,iter264,docvqa_49574,31,16384,4096,20,357.977,0.729,2.26,320.717,28.148,417.471,419.816,407.215,21.432,827.031,1039.183,24.183,46.658,0.432846,0.937628,0.492382
docvqa,1792,32,265,iter265,docvqa_57770,34,16384,4096,15,400.284,0.73,2.34,352.993,28.231,460.129,463.831,323.627,23.116,787.459,996.521,19.049,43.26,0.508323,1.092645,0.410977
docvqa,1792,32,266,iter266,docvqa_57771,34,16384,4096,32,373.85,0.733,2.306,334.519,28.091,433.549,436.109,767.766,24.767,1203.875,1438.233,26.581,40.377,0.310539,0.670667,0.637746
docvqa,1792,32,267,iter267,docvqa_49579,33,16384,4096,16,371.819,0.728,2.316,332.469,28.125,431.713,434.564,390.571,26.038,825.135,1058.524,19.391,38.405,0.450616,0.973819,0.473342
docvqa,1792,32,268,iter268,docvqa_49577,29,16384,4096,12,575.171,0.727,2.321,535.663,28.12,635.294,638.181,285.71,25.974,923.891,1185.408,12.989,38.501,0.622552,1.310181,0.309246
docvqa,1792,32,269,iter269,docvqa_49583,31,16384,4096,20,385.417,0.729,2.366,337.956,28.168,445.038,449.198,403.046,21.213,852.244,1091.944,23.467,47.141,0.452238,0.974433,0.472923
docvqa,1792,32,270,iter270,docvqa_431,40,16384,4096,28,393.832,0.731,2.324,356.662,28.168,454.367,457.142,609.317,22.567,1066.459,1262.882,26.255,44.312,0.36929,0.795342,0.571346
docvqa,1792,32,271,iter271,docvqa_58702,38,16384,4096,19,372.058,0.728,2.279,334.647,28.18,431.626,434.165,449.696,24.983,883.861,1084.642,21.497,40.027,0.420946,0.909288,0.508786
docvqa,1792,32,272,iter272,docvqa_49586,28,16384,4096,32,360.92,0.729,2.289,320.919,28.217,420.585,423.164,752.669,24.28,1175.834,1427.556,27.215,41.187,0.306948,0.664639,0.640115
docvqa,1792,32,273,iter273,docvqa_432,36,16384,4096,20,350.84,0.73,2.302,313.994,28.118,410.708,413.37,442.997,23.316,856.367,1082.754,23.354,42.89,0.409684,0.889277,0.517298
docvqa,1792,32,274,iter274,docvqa_57780,34,16384,4096,17,356.333,0.729,2.278,307.217,28.078,415.958,418.465,376.198,23.512,794.663,1120.226,21.393,42.531,0.448408,0.971848,0.473406
docvqa,1792,32,275,iter275,docvqa_57781,34,16384,4096,15,377.624,0.727,2.311,340.22,28.196,437.376,440.487,303.017,21.644,743.504,981.094,20.175,46.202,0.507898,1.096162,0.407553
docvqa,1792,32,276,iter276,docvqa_57782,35,16384,4096,32,360.864,0.728,2.287,323.887,28.22,421.361,423.908,690.918,22.288,1114.827,1407.223,28.704,44.868,0.323695,0.701656,0.619754
docvqa,1792,32,277,iter277,docvqa_57783,31,16384,4096,18,381.632,0.728,2.336,343.119,28.27,441.701,444.715,407.833,23.99,852.549,1149.805,21.113,41.684,0.447637,0.965732,0.47837
docvqa,1792,32,278,iter278,docvqa_57784,31,16384,4096,32,426.142,0.729,2.315,389.445,28.12,485.864,488.643,722.451,23.305,1211.094,1443.409,26.422,42.909,0.351866,0.753043,0.596528
docvqa,1792,32,279,iter279,docvqa_433,36,16384,4096,19,390.979,0.729,2.281,354.318,28.109,450.653,453.171,364.083,20.227,817.253,1140.751,23.249,49.439,0.478407,1.02983,0.445496
docvqa,1792,32,280,iter280,docvqa_16826,32,16384,4096,32,403.074,0.726,2.324,353.846,28.232,462.727,465.785,674.487,21.758,1140.272,1467.682,28.063,45.961,0.35349,0.759294,0.591514
docvqa,1792,32,281,iter281,docvqa_57786,34,16384,4096,17,348.262,0.728,2.288,307.694,28.2,407.767,410.179,326.146,20.384,736.325,993.969,23.088,49.058,0.472973,1.026759,0.442938
docvqa,1792,32,282,iter282,docvqa_49595,38,16384,4096,26,382.517,0.728,2.277,341.447,28.153,442.229,444.572,557.582,22.303,1002.154,1228.97,25.944,44.836,0.381694,0.822973,0.556383
docvqa,1792,32,283,iter283,docvqa_444,29,16384,4096,18,383.709,0.73,2.283,345.637,28.23,443.837,446.218,449.095,26.417,895.313,1094.347,20.105,37.854,0.428575,0.924309,0.501607
docvqa,1792,32,284,iter284,docvqa_16830,32,16384,4096,23,343.306,0.728,2.28,304.563,28.11,402.88,405.574,490.549,22.298,896.123,1172.154,25.666,44.848,0.383102,0.832683,0.547413
docvqa,1792,32,285,iter285,docvqa_16831,31,16384,4096,23,379.661,0.73,2.297,341.913,28.193,439.046,441.488,491.635,22.347,933.122,1128.897,24.648,44.749,0.406872,0.877385,0.526871
docvqa,1792,32,286,iter286,docvqa_16832,31,16384,4096,16,387.734,0.729,2.273,348.166,28.249,447.576,450.159,321.583,21.439,771.741,967.107,20.732,46.644,0.502415,1.082371,0.416698
docvqa,1792,32,287,iter287,docvqa_57790,30,16384,4096,9,354.335,0.73,2.333,316.692,28.073,413.828,416.664,207.294,25.912,623.958,847.569,14.424,38.593,0.567883,1.231112,0.332224
docvqa,1792,32,288,iter288,docvqa_57791,33,16384,4096,27,375.311,0.726,2.309,335.298,28.132,435.059,437.76,639.425,24.593,1077.185,1300.329,25.065,40.662,0.348419,0.752304,0.593607
docvqa,1792,32,289,iter289,docvqa_16835,36,16384,4096,20,372.87,0.726,2.289,333.318,28.187,432.682,435.129,533.713,28.09,968.842,1168.905,20.643,35.6,0.384862,0.831459,0.550878
docvqa,1792,32,290,iter290,docvqa_450,31,16384,4096,15,381.625,0.731,2.286,340.613,28.106,441.413,443.817,358.602,25.614,802.419,997.233,18.693,39.04,0.475593,1.025696,0.446902
docvqa,1792,32,291,iter291,docvqa_16837,33,16384,4096,17,349.121,0.731,2.281,309.115,28.099,408.789,412.257,373.522,23.345,785.779,1151.515,21.635,42.836,0.444299,0.964533,0.475353
docvqa,1792,32,292,iter292,docvqa_57798,44,16384,4096,28,500.741,0.73,2.269,460.278,28.421,560.615,562.87,671.15,24.857,1234.02,1433.786,22.69,40.229,0.40578,0.860079,0.543873
docvqa,1792,32,293,iter293,docvqa_16839,35,16384,4096,19,435.589,0.726,2.304,397.92,28.269,495.267,498.055,456.337,25.352,954.392,1185.962,19.908,39.445,0.456404,0.975339,0.478144
docvqa,1792,32,294,iter294,docvqa_57799,37,16384,4096,21,405.384,0.729,2.311,365.384,28.193,465.099,467.571,514.443,25.722,982.014,1175.577,21.385,38.877,0.412809,0.886427,0.523865
docvqa,1792,32,295,iter295,docvqa_57800,40,16384,4096,32,406.071,0.73,2.287,368.286,28.197,466.542,469.097,761.053,24.55,1230.149,1455.298,26.013,40.733,0.330099,0.709355,0.618667
docvqa,1792,32,296,iter296,docvqa_57801,35,16384,4096,20,404.399,0.729,2.278,366.805,28.169,464.41,466.819,484.346,25.492,951.165,1145.119,21.027,39.228,0.425162,0.913416,0.509214
docvqa,1792,32,297,iter297,docvqa_57803,35,16384,4096,17,438.192,0.726,2.359,387.925,28.272,498.195,501.348,416.01,26.001,917.359,1116.119,18.531,38.461,0.477667,1.020743,0.453487
docvqa,1792,32,298,iter298,docvqa_57804,29,16384,4096,10,382.105,0.733,2.267,344.669,28.133,441.919,444.239,182.85,20.317,627.089,809.545,15.947,49.221,0.609332,1.314046,0.291585
docvqa,1792,32,299,iter299,docvqa_57805,31,16384,4096,32,382.856,0.728,2.269,343.448,28.293,442.588,444.886,726.406,23.432,1171.292,1340.996,27.32,42.676,0.326866,0.70473,0.620175
docvqa,1792,32,300,iter300,docvqa_49605,29,16384,4096,21,403.374,0.73,2.313,366.151,28.188,463.048,465.823,536.383,26.819,1002.206,1249.813,20.954,37.287,0.402486,0.864515,0.535203
docvqa,1792,32,301,iter301,docvqa_57807,32,16384,4096,15,396.156,0.728,2.31,358.247,28.19,455.915,458.492,343.7,24.55,802.192,969.64,18.699,40.733,0.493842,1.062179,0.428451
docvqa,1792,32,302,iter302,docvqa_57808,30,16384,4096,17,358.569,0.728,2.264,318.448,28.14,418.071,420.308,394.59,24.662,814.898,991.266,20.861,40.548,0.440017,0.953052,0.48422
docvqa,1792,32,303,iter303,docvqa_49617,34,16384,4096,26,400.753,0.731,2.287,361.09,28.176,460.69,463.26,627.202,25.088,1090.462,1352.347,23.843,39.86,0.367507,0.789979,0.575171
docvqa,1792,32,304,iter304,docvqa_57810,28,16384,4096,23,405.295,0.729,2.287,366.486,28.14,465.16,467.45,535.529,24.342,1002.979,1173.989,22.932,41.081,0.404091,0.867869,0.533939
docvqa,1792,32,305,iter305,docvqa_41421,30,16384,4096,17,407.393,0.73,2.318,362.782,28.304,467.05,470.358,321.122,20.07,791.48,1010.911,21.479,49.825,0.514722,1.104819,0.405724
docvqa,1792,32,306,iter306,docvqa_461,40,16384,4096,32,635.794,0.731,2.279,595.523,28.156,695.698,698.191,826.016,26.646,1524.207,1832.574,20.995,37.53,0.417131,0.873564,0.541932
docvqa,1792,32,307,iter307,docvqa_463,43,16384,4096,32,372.37,0.728,2.282,331.96,28.144,432.146,434.629,768.257,24.782,1202.886,1411.667,26.603,40.351,0.309564,0.668822,0.638678
docvqa,1792,32,308,iter308,docvqa_4977,27,16384,4096,12,380.263,0.729,2.273,341.185,28.223,440.143,442.611,238.736,21.703,681.347,874.915,17.612,46.076,0.558105,1.204094,0.350388
docvqa,1792,32,309,iter309,docvqa_57815,35,16384,4096,18,376.874,0.73,2.287,339.1,28.177,436.579,439.003,426.082,25.064,865.085,1106.179,20.807,39.898,0.43565,0.940316,0.492532
docvqa,1792,32,310,iter310,docvqa_4978,27,16384,4096,17,447.382,0.73,2.306,406.652,28.272,507.698,511.141,374.717,23.42,885.858,1201.766,19.19,42.699,0.505026,1.078141,0.422999
docvqa,1792,32,311,iter311,docvqa_57817,48,16384,4096,30,426.549,0.727,2.302,387.454,28.198,864.365,867.049,758.499,26.155,1625.548,1822.065,18.455,38.233,0.262403,0.794141,0.466611
docvqa,1792,32,312,iter312,docvqa_41434,30,16384,4096,14,428.427,0.731,2.297,390.723,28.518,488.597,491.545,308.393,23.723,799.938,1011.266,17.501,42.154,0.535575,1.146368,0.385521
docvqa,1792,32,313,iter313,docvqa_57819,31,16384,4096,23,375.666,0.728,2.311,336.966,28.136,435.265,437.898,507.866,23.085,945.764,1187.359,24.319,43.319,0.397209,0.857435,0.53699
docvqa,1792,32,314,iter314,docvqa_57820,33,16384,4096,14,381.481,0.729,2.279,337.067,28.194,441.264,443.932,298.892,22.992,742.824,1073.756,18.847,43.494,0.513555,1.10759,0.402372
docvqa,1792,32,315,iter315,docvqa_57821,33,16384,4096,14,407.597,0.726,2.277,368.734,28.172,467.951,470.617,300.469,23.113,771.086,989.479,18.156,43.266,0.528601,1.135474,0.389669
docvqa,1792,32,316,iter316,docvqa_57822,34,16384,4096,23,417.798,0.728,2.318,376.596,28.186,478.386,481.15,515.114,23.414,996.264,1208.123,23.086,42.709,0.419365,0.899546,0.517046
docvqa,1792,32,317,iter317,docvqa_57823,27,16384,4096,17,375.714,0.729,2.33,335.614,28.154,435.669,439.134,412.491,25.781,851.625,1061.085,19.962,38.789,0.441173,0.952747,0.484358
docvqa,1792,32,318,iter318,docvqa_49629,32,16384,4096,16,381.893,0.729,2.336,344.184,28.228,442.128,445.015,379.464,25.298,824.479,1019.294,19.406,39.529,0.463193,0.999445,0.460247
docvqa,1792,32,319,iter319,docvqa_57825,36,16384,4096,15,355.6,0.731,2.286,316.467,28.16,415.231,417.753,361.44,25.817,779.193,989.702,19.251,38.734,0.456369,0.989269,0.463864
docvqa,1792,32,320,iter320,docvqa_57826,36,16384,4096,16,362.095,0.73,2.303,321.355,28.119,421.778,424.523,329.788,21.986,754.311,938.622,21.211,45.484,0.480034,1.039191,0.437205
docvqa,1792,32,321,iter321,docvqa_57827,35,16384,4096,21,388.252,0.73,2.346,343.027,28.13,447.936,451.692,458.691,22.935,910.383,1190.8,23.067,43.602,0.426471,0.918501,0.503844
docvqa,1792,32,322,iter322,docvqa_476,29,16384,4096,10,401.247,0.728,2.317,363.655,28.16,460.937,463.378,204.901,22.767,668.279,933.361,14.964,43.924,0.600419,1.290158,0.306609
docvqa,1792,32,323,iter323,docvqa_4980,28,16384,4096,28,380.334,0.728,2.263,338.967,28.145,440.005,442.35,707.362,26.199,1149.713,1359.909,24.354,38.17,0.330808,0.713516,0.615251
docvqa,1792,32,324,iter324,docvqa_57833,27,16384,4096,9,372.457,0.729,2.306,335.51,28.128,431.975,434.476,205.912,25.739,640.388,857.747,14.054,38.851,0.581612,1.256164,0.321543
docvqa,1792,32,325,iter325,docvqa_41449,30,16384,4096,17,353.127,0.73,2.282,314.785,28.24,412.732,415.175,342.206,21.388,757.381,1005.936,22.446,46.755,0.466247,1.011193,0.451828
docvqa,1792,32,326,iter326,docvqa_57835,34,16384,4096,17,381.652,0.728,2.369,344.32,28.222,441.691,444.831,392.527,24.533,837.358,1188.313,20.302,40.762,0.455781,0.983263,0.468768
docvqa,1792,32,327,iter327,docvqa_57836,27,16384,4096,12,410.842,0.729,2.319,368.691,28.227,470.676,473.554,253.981,23.089,727.535,961.184,16.494,43.31,0.564705,1.211651,0.349098
docvqa,1792,32,328,iter328,docvqa_57837,27,16384,4096,12,434.752,0.726,2.309,394.665,29.174,494.477,497.288,252.615,22.965,749.903,947.509,16.002,43.545,0.579745,1.239132,0.336863
docvqa,1792,32,329,iter329,docvqa_57838,27,16384,4096,10,349.117,0.729,2.299,310.8,28.112,408.786,411.274,234.307,26.034,645.581,865.967,15.49,38.411,0.540779,1.173987,0.36294
docvqa,1792,32,330,iter330,docvqa_49643,34,16384,4096,24,348.2,0.726,2.313,309.904,28.108,407.925,410.775,525.216,22.835,935.991,1135.449,25.641,43.791,0.372012,0.807834,0.561134
docvqa,1792,32,331,iter331,docvqa_57841,28,16384,4096,10,353.207,0.73,2.274,313.356,28.087,412.867,415.535,181.926,20.214,597.461,897.165,16.738,49.471,0.591181,1.282216,0.304498
docvqa,1792,32,332,iter332,docvqa_57843,26,16384,4096,10,355.326,0.726,2.309,314.727,28.079,415.037,418.054,183.669,20.408,601.723,921.829,16.619,49.001,0.590514,1.280261,0.305239
docvqa,1792,32,333,iter333,docvqa_57844,29,16384,4096,26,370.479,0.729,2.272,331.81,28.1,430.162,432.801,615.455,24.618,1048.255,1245.297,24.803,40.62,0.353425,0.763785,0.587123
docvqa,1792,32,334,iter334,docvqa_57845,31,16384,4096,19,370.118,0.731,2.279,332.914,28.085,429.511,432.049,440.91,24.495,872.96,1075.666,21.765,40.825,0.42398,0.915998,0.505075
docvqa,1792,32,335,iter335,docvqa_57853,26,16384,4096,17,403.798,0.733,2.294,366.93,28.155,463.363,465.96,370.603,23.163,836.562,1053.073,20.321,43.173,0.482688,1.036577,0.443007
docvqa,1792,32,336,iter336,docvqa_57854,35,16384,4096,22,384.824,0.726,2.334,345.081,28.152,444.606,447.449,529.691,25.223,977.14,1200.619,22.515,39.646,0.393827,0.848834,0.542083
docvqa,1792,32,337,iter337,docvqa_57855,37,16384,4096,20,383.218,0.728,2.318,345.33,28.241,442.926,445.985,495.639,26.086,941.624,1228.052,21.24,38.334,0.406976,0.877361,0.526366
docvqa,1792,32,338,iter338,docvqa_57857,30,16384,4096,32,379.397,0.726,2.336,339.044,28.127,439.273,442.602,759.093,24.487,1201.695,1540.073,26.629,40.838,0.315718,0.681262,0.631685
docvqa,1792,32,339,iter339,docvqa_57858,37,16384,4096,24,382.025,0.728,2.292,342.8,28.09,441.73,444.306,475.728,20.684,920.034,1137.385,26.086,48.347,0.415229,0.895353,0.517077
docvqa,1792,32,340,iter340,docvqa_45694,40,16384,4096,24,392.639,0.731,2.3,352.577,28.167,452.259,454.892,507.734,22.075,962.626,1254.503,24.932,45.299,0.407884,0.877701,0.527447
docvqa,1792,32,341,iter341,docvqa_55464,55,16384,4096,32,393.703,0.73,2.275,352.755,28.263,940.157,942.563,5005.069,161.454,5947.632,6158.54,5.38,6.194,0.066195,0.224267,0.841523
docvqa,1792,32,342,iter342,docvqa_57880,29,16384,4096,23,392.573,0.728,2.389,349.905,28.077,452.091,462.91,449.788,20.445,912.698,1258.078,25.2,48.912,0.430124,0.925459,0.492812
docvqa,1792,32,343,iter343,docvqa_57881,32,16384,4096,18,517.511,0.727,2.282,478.978,28.148,577.539,579.947,383.75,22.574,963.698,1305.421,18.678,44.3,0.537005,1.1363,0.398206
docvqa,1792,32,344,iter344,docvqa_57882,32,16384,4096,32,409.387,0.727,2.3,372.202,28.245,469.057,471.685,813.12,26.23,1284.805,1648.824,24.907,38.125,0.318638,0.683718,0.632874
docvqa,1792,32,345,iter345,docvqa_57883,27,16384,4096,32,380.618,0.727,2.289,343.657,28.183,440.857,443.443,815.424,26.304,1258.867,1514.25,25.42,38.017,0.302349,0.652551,0.647744
docvqa,1792,32,346,iter346,docvqa_57884,32,16384,4096,15,378.268,0.73,2.267,338.78,28.111,437.913,440.418,358.018,25.573,798.436,1043.876,18.787,39.104,0.473761,1.022225,0.448399
docvqa,1792,32,347,iter347,docvqa_57885,30,16384,4096,14,373.029,0.727,2.294,336.2,28.119,432.494,435.146,298.564,22.966,733.71,1057.851,19.081,43.542,0.508414,1.097876,0.406924
docvqa,1792,32,348,iter348,docvqa_57886,28,16384,4096,19,409.949,0.727,2.328,372.579,28.262,469.926,472.732,422.278,23.46,895.01,1199.365,21.229,42.626,0.458038,0.983089,0.471814
docvqa,1792,32,349,iter349,docvqa_57887,37,16384,4096,19,349.064,0.727,2.289,312.573,28.103,408.696,411.239,420.671,23.371,831.911,1119.531,22.839,42.789,0.419593,0.910867,0.505669
docvqa,1792,32,350,iter350,docvqa_57888,37,16384,4096,24,408.825,0.727,2.331,370.994,28.174,468.665,471.872,645.161,28.05,1117.033,1398.083,21.485,35.65,0.365992,0.785554,0.577567
docvqa,1792,32,351,iter351,docvqa_57889,33,16384,4096,14,377.935,0.728,2.283,341.077,28.146,437.856,441.385,379.664,29.205,821.049,1068.797,17.051,34.241,0.460307,0.993596,0.462413
docvqa,1792,32,352,iter352,docvqa_57890,32,16384,4096,18,403.216,0.727,2.282,366.089,28.255,463.2,465.601,414.155,24.362,879.756,1105.644,20.46,41.047,0.458327,0.984837,0.470761
docvqa,1792,32,353,iter353,docvqa_57891,32,16384,4096,25,379.984,0.73,2.287,341.19,28.293,440.218,442.898,531.113,22.13,974.011,1285.168,25.667,45.188,0.390122,0.842086,0.545284
docvqa,1792,32,354,iter354,docvqa_553,25,16384,4096,14,370.784,0.728,2.306,334.105,28.133,430.473,433.158,372.693,28.669,805.851,1099.707,17.373,34.881,0.460114,0.994299,0.462484
docvqa,1792,32,355,iter355,docvqa_554,33,16384,4096,28,424.999,0.725,2.317,386.77,28.145,484.996,487.416,706.305,26.159,1193.721,1424.75,23.456,38.227,0.356029,0.762318,0.591683
docvqa,1792,32,356,iter356,docvqa_555,29,16384,4096,23,384.372,0.729,2.293,341.925,28.436,444.221,446.696,547.761,24.898,994.457,1219.619,23.128,40.163,0.386515,0.833211,0.550814
docvqa,1792,32,357,iter357,docvqa_57899,32,16384,4096,19,405.356,0.729,2.315,368.355,28.22,465.259,468.202,470.773,26.154,938.975,1162.08,20.235,38.235,0.4317,0.927196,0.501369
docvqa,1792,32,358,iter358,docvqa_57900,35,16384,4096,15,377.892,0.728,2.307,341.043,28.154,437.826,440.674,367.204,26.229,807.878,1088.176,18.567,38.126,0.467759,1.009705,0.454529
docvqa,1792,32,359,iter359,docvqa_57901,31,16384,4096,32,410.782,0.73,2.319,362.426,28.254,470.582,474.086,650.949,20.998,1125.035,1342.462,28.444,47.623,0.365128,0.78341,0.578604
docvqa,1792,32,360,iter360,docvqa_57902,29,16384,4096,11,439.504,0.732,2.293,401.142,28.283,498.939,501.862,205.953,20.595,707.815,911.964,15.541,48.555,0.62093,1.32583,0.290971
docvqa,1792,32,361,iter361,docvqa_57903,30,16384,4096,23,430.436,0.729,2.334,392.594,28.196,489.923,492.83,498.349,22.652,991.179,1206.197,23.205,44.146,0.434267,0.928549,0.502784
docvqa,1792,32,362,iter362,docvqa_57904,35,16384,4096,32,347.993,0.733,2.272,311.014,28.074,407.636,410.048,783.896,25.287,1193.944,1410.32,26.802,39.546,0.291465,0.632885,0.65656
docvqa,1792,32,363,iter363,docvqa_57905,33,16384,4096,20,353.02,0.729,2.262,310.809,28.101,412.438,414.844,444.596,23.4,859.44,1047.437,23.271,42.735,0.410756,0.890647,0.517309
docvqa,1792,32,364,iter364,docvqa_581,31,16384,4096,13,396.074,0.727,2.33,350.361,28.14,456.228,459.438,296.697,24.725,756.135,1015.988,17.193,40.445,0.523814,1.127182,0.392387
docvqa,1792,32,365,iter365,docvqa_582,30,16384,4096,20,423.302,0.731,2.273,385.85,28.218,483.845,486.193,485.319,25.543,971.512,1158.781,20.586,39.149,0.435715,0.933748,0.49955
docvqa,1792,32,366,iter366,docvqa_583,32,16384,4096,15,444.289,0.729,2.358,397.316,28.168,504.17,507.668,386.911,27.637,894.579,1110.203,16.768,36.184,0.496646,1.06023,0.432506
docvqa,1792,32,367,iter367,docvqa_57928,28,16384,4096,10,374.787,0.728,2.291,336.657,28.182,434.479,437.194,243.914,27.102,681.108,885.322,14.682,36.898,0.55026,1.188161,0.358114
docvqa,1792,32,368,iter368,docvqa_57929,28,16384,4096,32,439.912,0.73,2.283,402.712,28.228,499.69,502.412,786.179,25.361,1288.591,1505.499,24.833,39.431,0.34139,0.729171,0.610108
docvqa,1792,32,369,iter369,docvqa_584,31,16384,4096,16,403.114,0.729,2.304,362.315,28.099,463.052,465.417,380.243,25.35,845.66,1051.469,18.92,39.448,0.476686,1.024248,0.44964
docvqa,1792,32,370,iter370,docvqa_57931,26,16384,4096,7,430.249,0.726,2.289,390.84,28.144,489.972,492.61,135.76,22.627,628.37,833.279,11.14,44.196,0.684707,1.464458,0.216051
docvqa,1792,32,371,iter371,docvqa_57933,34,16384,4096,14,389.558,0.726,2.281,351.942,28.121,449.159,451.598,286.207,22.016,737.805,929.757,18.975,45.422,0.527996,1.136775,0.387917
docvqa,1792,32,372,iter372,docvqa_57934,33,16384,4096,19,438.767,0.728,2.273,386.826,28.158,498.438,500.896,404.54,22.474,905.436,1113.818,20.984,44.495,0.484592,1.035088,0.44679
docvqa,1792,32,373,iter373,docvqa_596,37,16384,4096,26,423.694,0.728,2.279,386.413,28.279,483.643,485.977,610.604,24.424,1096.581,1300.466,23.71,40.943,0.386377,0.827423,0.556826
docvqa,1792,32,374,iter374,docvqa_597,32,16384,4096,15,380.631,0.732,2.294,341.094,28.168,440.546,442.951,288.975,20.641,731.927,1047.3,20.494,48.447,0.52004,1.121939,0.394814
docvqa,1792,32,375,iter375,docvqa_598,32,16384,4096,32,394.659,0.731,2.331,349.852,28.137,454.507,457.837,849.672,27.409,1307.509,1592.871,24.474,36.485,0.301841,0.649454,0.64984
docvqa,1792,32,376,iter376,docvqa_599,31,16384,4096,32,369.942,0.73,2.309,331.101,28.116,429.726,432.194,779.341,25.14,1211.535,1439.519,26.413,39.777,0.305349,0.660045,0.643268
docvqa,1792,32,377,iter377,docvqa_600,31,16384,4096,11,402.222,0.728,2.297,360.979,28.179,462.487,464.923,280.751,28.075,745.674,957.7,14.752,35.619,0.539407,1.159634,0.376506
docvqa,1792,32,378,iter378,docvqa_601,33,16384,4096,32,346.774,0.726,2.273,309.112,28.144,406.385,408.769,776.555,25.05,1185.324,1395.61,26.997,39.92,0.292556,0.635404,0.655142
docvqa,1792,32,379,iter379,docvqa_16981,28,16384,4096,17,375.803,0.728,2.309,338.927,28.141,435.483,438.303,367.909,22.994,806.213,1013.752,21.086,43.489,0.466134,1.006293,0.456343
docvqa,1792,32,380,iter380,docvqa_16990,37,16384,4096,20,489.875,0.728,2.276,448.271,28.428,549.47,551.952,441.178,23.22,993.13,1223.94,20.138,43.066,0.493264,1.046534,0.44423
docvqa,1792,32,381,iter381,docvqa_57951,27,16384,4096,9,488.811,0.727,2.28,451.564,28.106,548.594,551.096,207.341,25.918,758.437,1455.751,11.867,38.584,0.644499,1.367821,0.273379
docvqa,1792,32,382,iter382,docvqa_57952,33,16384,4096,16,454.814,0.731,2.325,415.966,28.212,515.043,518.314,349.457,23.297,867.771,1430.116,18.438,42.924,0.524118,1.117642,0.402706
docvqa,1792,32,383,iter383,docvqa_57954,27,16384,4096,17,433.254,0.731,2.305,393.505,28.191,493.945,496.939,385.842,24.115,882.781,1506.711,19.257,41.468,0.490783,1.050316,0.437075
docvqa,1792,32,384,iter384,docvqa_57955,34,16384,4096,14,475.632,0.729,2.384,425.47,28.235,536.176,540.511,299.093,23.007,839.604,1452.084,16.675,43.465,0.566496,1.205101,0.356231
docvqa,1792,32,385,iter385,docvqa_610,31,16384,4096,32,343.196,0.727,2.275,303.675,28.068,402.506,405.084,727.116,23.455,1132.2,1332.351,28.264,42.634,0.303123,0.658631,0.642215
docvqa,1792,32,386,iter386,docvqa_611,41,16384,4096,29,354.093,0.73,2.273,315.921,28.134,414.116,416.58,650.998,23.25,1067.578,1281.282,27.164,43.011,0.331679,0.719581,0.60979
docvqa,1792,32,387,iter387,docvqa_612,33,16384,4096,30,386.913,0.727,2.243,350.428,28.142,446.361,448.667,691.038,23.829,1139.705,1332.368,26.323,41.966,0.339485,0.731132,0.606331
docvqa,1792,32,388,iter388,docvqa_613,31,16384,4096,32,395.066,0.732,2.273,357.966,28.166,454.438,456.856,815.032,26.291,1271.888,1481.009,25.159,38.035,0.310614,0.667908,0.640805
docvqa,1792,32,389,iter389,docvqa_16999,33,16384,4096,20,371.111,0.73,2.253,334.492,28.142,431.069,433.504,422.58,22.241,856.085,1051.901,23.362,44.962,0.433498,0.937034,0.49362
docvqa,1792,32,390,iter390,docvqa_17000,31,16384,4096,13,368.75,0.726,2.316,330.547,28.085,428.461,431.376,316.24,26.353,747.616,946.81,17.389,37.946,0.493235,1.066338,0.422998
docvqa,1792,32,391,iter391,docvqa_17001,28,16384,4096,9,378.092,0.731,2.298,340.837,28.14,437.777,440.507,184.524,23.066,625.031,829.86,14.399,43.355,0.604918,1.305326,0.295224
docvqa,1792,32,392,iter392,docvqa_57963,31,16384,4096,32,414.808,0.725,2.306,377.243,28.17,474.753,477.721,797.03,25.711,1274.751,1999.318,25.103,38.894,0.325403,0.697831,0.625243
docvqa,1792,32,393,iter393,docvqa_57964,28,16384,4096,32,369.76,0.728,2.3,330.179,28.07,429.608,433.207,774.251,24.976,1207.458,1859.359,26.502,40.039,0.30623,0.662026,0.641224
docvqa,1792,32,394,iter394,docvqa_57965,30,16384,4096,32,373.271,0.733,2.305,336.078,28.105,433.011,435.968,747.062,24.099,1183.03,1993.746,27.049,41.496,0.315521,0.68154,0.631482
docvqa,1792,32,395,iter395,docvqa_17002,30,16384,4096,14,437.872,0.728,2.268,398.561,28.21,497.553,499.967,333.31,25.639,833.277,1024.826,16.801,39.003,0.525482,1.122586,0.399999
docvqa,1792,32,396,iter396,docvqa_17003,33,16384,4096,25,401.115,0.73,2.296,364.404,28.127,460.74,463.488,535.597,22.317,999.085,1206.803,25.023,44.81,0.401482,0.862644,0.536087
docvqa,1792,32,397,iter397,docvqa_17004,31,16384,4096,20,390.835,0.727,2.283,353.658,28.156,451.524,454.069,431.669,22.719,885.738,1166.722,22.58,44.015,0.441254,0.951025,0.487355
docvqa,1792,32,398,iter398,docvqa_57969,28,16384,4096,10,395.666,0.728,2.274,358.394,28.197,456.051,458.563,243.099,27.011,701.662,921.182,14.252,37.022,0.563898,1.213855,0.346462
docvqa,1792,32,399,iter399,docvqa_17005,32,16384,4096,16,346.826,0.727,2.26,309.41,28.074,406.425,408.754,386.504,25.767,795.258,1006.025,20.119,38.809,0.436118,0.947178,0.486011
docvqa,1792,32,400,iter400,docvqa_57971,37,16384,4096,22,381.696,0.728,2.257,333.306,28.14,441.642,444.143,468.288,22.299,912.431,1112.522,24.111,44.844,0.418329,0.902357,0.513231
docvqa,1792,32,401,iter401,docvqa_17007,35,16384,4096,27,357.21,0.725,2.277,320.146,28.114,416.839,419.331,625.635,24.063,1044.966,1302.19,25.838,41.558,0.341839,0.740741,0.598714
docvqa,1792,32,402,iter402,docvqa_57973,32,16384,4096,14,350.799,0.726,2.263,311.807,28.122,411.581,413.947,295.71,22.747,709.657,921.231,19.728,43.962,0.494323,1.074295,0.416694
docvqa,1792,32,403,iter403,docvqa_57974,35,16384,4096,18,370.094,0.729,2.296,332.356,28.081,430.064,432.454,468.388,27.552,900.842,1145.708,19.981,36.295,0.410831,0.888232,0.519945
docvqa,1792,32,404,iter404,docvqa_57975,32,16384,4096,20,392.364,0.732,2.297,340.641,28.088,452.288,454.878,472.941,24.892,927.819,1141.743,21.556,40.174,0.422888,0.910363,0.509734
docvqa,1792,32,405,iter405,docvqa_57976,32,16384,4096,18,381.991,0.729,2.262,344.58,28.212,441.476,443.836,413.045,24.297,856.88,1066.412,21.006,41.158,0.445792,0.961006,0.482033
docvqa,1792,32,406,iter406,docvqa_57977,34,16384,4096,21,347.008,0.731,2.264,310.476,28.074,406.596,409.039,501.736,25.087,910.775,1108.062,23.057,39.862,0.381003,0.827432,0.550889
docvqa,1792,32,407,iter407,docvqa_57978,39,16384,4096,24,345.855,0.725,2.303,305.694,28.09,405.538,408.478,556.437,24.193,964.914,1166.292,24.873,41.334,0.358431,0.778715,0.57667
docvqa,1792,32,408,iter408,docvqa_636,29,16384,4096,32,372.22,0.729,2.276,333.875,28.113,432.065,434.377,820.623,26.472,1255.0,1521.843,25.498,37.776,0.29659,0.640865,0.653883
docvqa,1792,32,409,iter409,docvqa_637,36,16384,4096,22,427.149,0.731,2.285,389.732,28.193,487.911,490.433,522.219,24.868,1012.652,1255.506,21.725,40.213,0.421812,0.903627,0.515694
docvqa,1792,32,410,iter410,docvqa_639,33,16384,4096,32,375.956,0.728,2.309,336.888,28.145,435.955,438.341,844.055,27.228,1282.396,1568.508,24.953,36.727,0.293167,0.633121,0.658186
docvqa,1792,32,411,iter411,docvqa_57985,34,16384,4096,21,350.989,0.731,2.296,310.513,28.101,410.479,413.425,505.009,25.25,918.434,1674.617,22.865,39.603,0.38216,0.829094,0.549859
docvqa,1792,32,412,iter412,docvqa_57986,27,16384,4096,32,452.451,0.728,2.312,401.559,28.178,512.999,516.681,732.598,23.632,1249.279,1913.446,25.615,42.315,0.36217,0.772806,0.586417
docvqa,1792,32,413,iter413,docvqa_57987,28,16384,4096,32,369.915,0.729,2.317,332.911,28.132,429.86,432.56,763.627,24.633,1196.187,1473.845,26.752,40.596,0.309245,0.668604,0.638384
docvqa,1792,32,414,iter414,docvqa_57989,33,16384,4096,21,407.449,0.731,2.324,370.385,28.203,467.529,470.165,497.11,24.856,967.275,1228.654,21.71,40.233,0.421233,0.90458,0.513929
docvqa,1792,32,415,iter415,docvqa_650,29,16384,4096,16,424.722,0.729,2.389,379.963,28.247,485.502,488.779,354.625,23.642,843.404,1178.033,18.971,42.298,0.50358,1.079226,0.420468
docvqa,1792,32,416,iter416,docvqa_651,32,16384,4096,22,351.476,0.728,2.313,314.17,28.067,411.238,413.834,527.483,25.118,941.318,1195.059,23.371,39.812,0.373387,0.810261,0.560367
docvqa,1792,32,417,iter417,docvqa_58007,34,16384,4096,23,360.335,0.726,2.324,321.35,28.103,420.135,423.088,570.413,25.928,993.501,1271.614,23.15,38.569,0.362692,0.785576,0.574144
docvqa,1792,32,418,iter418,docvqa_58009,26,16384,4096,9,515.39,0.725,2.268,478.385,28.085,575.964,578.565,194.202,24.275,772.767,1015.765,11.646,41.194,0.666941,1.412268,0.251308
docvqa,1792,32,419,iter419,docvqa_58018,28,16384,4096,32,398.042,0.733,2.326,353.71,28.164,457.614,460.891,712.887,22.996,1173.778,1383.366,27.262,43.485,0.339112,0.728976,0.607344
docvqa,1792,32,420,iter420,docvqa_674,33,16384,4096,14,377.66,0.729,2.285,339.077,28.116,437.759,440.296,345.582,26.583,785.878,1001.49,17.814,37.618,0.480558,1.03759,0.43974
docvqa,1792,32,421,iter421,docvqa_57122,32,16384,4096,14,378.749,0.732,2.295,341.43,28.123,438.618,441.253,342.87,26.375,784.123,988.251,17.854,37.915,0.483022,1.042397,0.437266
docvqa,1792,32,422,iter422,docvqa_58020,30,16384,4096,11,360.683,0.728,2.314,323.269,28.144,420.57,423.311,216.158,21.616,639.468,835.789,17.202,46.263,0.564036,1.221723,0.338027
docvqa,1792,32,423,iter423,docvqa_58021,30,16384,4096,11,388.823,0.731,2.283,347.591,28.138,448.156,450.571,213.456,21.346,664.027,867.493,16.566,46.848,0.585553,1.26046,0.321457
docvqa,1792,32,424,iter424,docvqa_58022,30,16384,4096,21,426.04,0.73,2.289,385.852,28.206,485.445,487.887,415.044,20.752,902.931,1096.594,23.258,48.188,0.471842,1.009474,0.459663
docvqa,1792,32,425,iter425,docvqa_58023,30,16384,4096,21,374.54,0.729,2.279,334.535,28.189,434.425,436.742,430.096,21.505,866.838,1083.763,24.226,46.501,0.432077,0.933237,0.496167
docvqa,1792,32,426,iter426,docvqa_58024,39,16384,4096,22,449.662,0.729,2.349,399.756,28.136,509.596,513.195,487.593,23.219,1000.788,1196.235,21.983,43.069,0.449308,0.958503,0.487209
docvqa,1792,32,427,iter427,docvqa_675,26,16384,4096,32,388.048,0.727,2.335,348.269,28.159,447.935,450.956,654.361,21.108,1105.317,1325.451,28.951,47.374,0.351074,0.756328,0.592012
docvqa,1792,32,428,iter428,docvqa_676,29,16384,4096,12,382.566,0.731,2.264,345.033,28.175,442.089,444.425,235.014,21.365,679.439,872.973,17.662,46.806,0.563062,1.21373,0.345894
docvqa,1792,32,429,iter429,docvqa_677,27,16384,4096,29,355.544,0.731,2.271,315.407,28.078,415.325,417.61,640.241,22.866,1057.851,1265.255,27.414,43.734,0.336101,0.728713,0.605228
docvqa,1792,32,430,iter430,docvqa_58029,31,16384,4096,13,391.391,0.726,2.303,353.539,28.208,451.353,454.043,251.686,20.974,705.729,1363.422,18.421,47.678,0.554591,1.194146,0.356632
docvqa,1792,32,431,iter431,docvqa_678,32,16384,4096,21,414.574,0.731,2.281,377.179,28.141,474.56,476.88,552.538,27.627,1029.417,1236.721,20.4,36.197,0.402727,0.863725,0.536748
docvqa,1792,32,432,iter432,docvqa_58054,33,16384,4096,32,351.094,0.727,2.282,314.119,28.069,410.582,413.267,702.844,22.672,1116.111,1330.868,28.671,44.107,0.314569,0.682437,0.629726
docvqa,1792,32,433,iter433,docvqa_58056,37,16384,4096,32,388.41,0.73,2.3,350.804,28.148,448.207,450.908,686.883,22.158,1137.791,1330.159,28.125,45.131,0.341372,0.7353,0.603699
docvqa,1792,32,434,iter434,docvqa_58059,27,16384,4096,18,372.497,0.731,2.255,334.148,28.105,432.228,434.585,436.114,25.654,870.699,1057.6,20.673,38.981,0.427814,0.924229,0.500878
docvqa,1792,32,435,iter435,docvqa_58061,27,16384,4096,32,395.186,0.728,2.278,352.391,28.103,454.891,457.498,703.013,22.678,1160.511,1360.319,27.574,44.096,0.340528,0.732503,0.605779
docvqa,1792,32,436,iter436,docvqa_58064,30,16384,4096,17,406.703,0.731,2.327,357.946,28.089,466.368,470.365,404.09,25.256,874.455,1082.678,19.441,39.595,0.465093,0.998418,0.462105
docvqa,1792,32,437,iter437,docvqa_41686,29,16384,4096,12,387.902,0.728,2.329,339.379,28.12,447.647,450.864,325.741,29.613,776.605,988.685,15.452,33.769,0.499484,1.0759,0.419442
docvqa,1792,32,438,iter438,docvqa_41687,36,16384,4096,25,392.754,0.73,2.295,354.17,28.131,452.509,454.864,598.12,24.922,1052.984,1262.877,23.742,40.126,0.372991,0.802731,0.568024
docvqa,1792,32,439,iter439,docvqa_41688,31,16384,4096,15,381.458,0.731,2.334,343.606,28.916,442.582,445.317,363.051,25.932,808.368,1024.156,18.556,38.562,0.471886,1.019387,0.449116
docvqa,1792,32,440,iter440,docvqa_41689,31,16384,4096,17,383.932,0.73,2.321,344.454,28.121,443.763,447.178,424.351,26.522,871.529,1181.317,19.506,37.705,0.440527,0.949704,0.486904
docvqa,1792,32,441,iter441,docvqa_41690,36,16384,4096,25,418.608,0.729,2.307,381.228,28.174,478.351,480.934,635.757,26.49,1116.691,1335.663,22.388,37.75,0.374865,0.80323,0.569322
docvqa,1792,32,442,iter442,docvqa_41691,34,16384,4096,19,343.791,0.728,2.293,306.234,28.036,403.382,406.588,408.621,22.701,815.209,1081.378,23.307,44.051,0.421722,0.916543,0.501247
docvqa,1792,32,443,iter443,docvqa_41693,35,16384,4096,24,407.144,0.729,2.297,369.839,28.151,466.954,469.645,575.504,25.022,1045.149,1232.432,22.963,39.965,0.389557,0.836339,0.550643
docvqa,1792,32,444,iter444,docvqa_41694,36,16384,4096,20,370.443,0.729,2.285,333.88,28.125,430.058,432.487,472.034,24.844,904.521,1160.694,22.111,40.251,0.409546,0.885,0.521861
docvqa,1792,32,445,iter445,docvqa_41695,37,16384,4096,21,372.471,0.729,2.269,335.095,28.099,432.059,434.393,498.307,24.915,932.7,1230.742,22.515,40.136,0.399347,0.862582,0.534263
docvqa,1792,32,446,iter446,docvqa_41705,31,16384,4096,15,404.613,0.73,2.29,367.034,28.203,464.457,466.924,360.78,25.77,827.704,1051.996,18.122,38.805,0.488838,1.049978,0.43588
docvqa,1792,32,447,iter447,docvqa_17132,29,16384,4096,16,381.47,0.729,2.258,344.217,28.127,441.019,443.53,369.527,24.635,813.057,1028.935,19.679,40.592,0.469179,1.0116,0.454491
docvqa,1792,32,448,iter448,docvqa_17133,34,16384,4096,16,343.568,0.726,2.282,304.766,28.068,403.039,405.43,388.819,25.921,794.249,1031.835,20.145,38.578,0.43257,0.940016,0.489543
docvqa,1792,32,449,iter449,docvqa_17134,35,16384,4096,28,344.883,0.728,2.274,307.652,28.061,404.621,407.266,691.789,25.622,1099.056,1291.654,25.476,39.029,0.3138,0.681952,0.62944
docvqa,1792,32,450,iter450,docvqa_17135,35,16384,4096,19,368.583,0.732,2.255,331.01,28.15,428.322,430.675,447.446,24.858,878.121,1060.486,21.637,40.228,0.41974,0.907511,0.509549
docvqa,1792,32,451,iter451,docvqa_47368,27,16384,4096,13,407.481,0.73,2.353,366.469,28.166,467.318,469.81,271.752,22.646,741.562,1029.843,17.531,44.158,0.54949,1.179671,0.366459
docvqa,1792,32,452,iter452,docvqa_41715,30,16384,4096,15,406.904,0.727,2.276,369.516,28.184,466.77,469.04,356.218,25.444,825.258,1011.761,18.176,39.302,0.493062,1.058667,0.431645
docvqa,1792,32,453,iter453,docvqa_41716,30,16384,4096,14,370.436,0.729,2.31,333.57,28.165,430.832,433.242,319.427,24.571,752.668,1063.225,18.6,40.698,0.492163,1.064569,0.424392
docvqa,1792,32,454,iter454,docvqa_41717,30,16384,4096,14,418.543,0.73,2.299,379.814,28.288,478.822,481.567,349.827,26.91,831.394,1034.254,16.839,37.161,0.503423,1.07935,0.420772
docvqa,1792,32,455,iter455,docvqa_17139,30,16384,4096,16,358.347,0.732,2.277,320.605,28.09,417.802,420.405,407.141,27.143,827.546,1048.684,19.334,36.842,0.433023,0.937892,0.491986
docvqa,1792,32,456,iter456,docvqa_41719,27,16384,4096,22,580.46,0.728,2.339,543.462,28.178,640.218,642.997,503.806,23.991,1146.804,1366.548,19.184,41.683,0.506154,1.064418,0.439313
docvqa,1792,32,457,iter457,docvqa_17140,33,16384,4096,15,414.966,0.731,2.293,378.056,28.131,474.533,477.011,288.726,20.623,765.737,976.668,19.589,48.489,0.541917,1.161624,0.377056
docvqa,1792,32,458,iter458,docvqa_58105,27,16384,4096,11,401.55,0.731,2.311,348.777,28.08,461.149,464.177,204.963,20.496,669.14,995.386,16.439,48.789,0.600098,1.289265,0.306308
docvqa,1792,32,459,iter459,docvqa_58106,34,16384,4096,17,393.17,0.732,2.27,356.341,28.326,453.299,455.7,343.05,21.441,798.75,1011.988,21.283,46.64,0.492232,1.059743,0.429483
docvqa,1792,32,460,iter460,docvqa_58107,34,16384,4096,15,378.925,0.725,2.281,342.036,28.15,438.289,440.632,334.215,23.872,774.847,974.364,19.359,41.889,0.489032,1.054677,0.43133
docvqa,1792,32,461,iter461,docvqa_58108,32,16384,4096,25,392.47,0.726,2.274,353.626,28.197,452.131,454.522,499.745,20.823,954.267,1144.857,26.198,48.024,0.411279,0.885078,0.523695
docvqa,1792,32,462,iter462,docvqa_41721,27,16384,4096,22,389.734,0.732,2.339,348.948,28.229,449.677,452.582,494.162,23.532,946.744,1197.124,23.238,42.496,0.411657,0.886629,0.52196
docvqa,1792,32,463,iter463,docvqa_41723,27,16384,4096,17,416.412,0.728,2.328,364.991,28.189,475.911,480.472,352.403,22.025,832.875,1025.798,20.411,45.403,0.499969,1.071377,0.423116
docvqa,1792,32,464,iter464,docvqa_17143,36,16384,4096,17,391.857,0.729,2.259,352.206,28.39,452.835,455.235,346.115,21.632,801.35,999.345,21.214,46.227,0.488996,1.054086,0.431915
docvqa,1792,32,465,iter465,docvqa_41728,30,16384,4096,23,365.04,0.73,2.272,327.621,28.325,425.892,428.176,578.325,26.288,1006.501,1202.752,22.851,38.041,0.362683,0.785824,0.57459
docvqa,1792,32,466,iter466,docvqa_41729,37,16384,4096,18,415.985,0.731,2.335,377.916,28.246,475.865,478.466,397.866,23.404,876.332,1066.7,20.54,42.728,0.474688,1.017708,0.454013
docvqa,1792,32,467,iter467,docvqa_17147,31,16384,4096,23,385.305,0.726,2.294,346.465,28.131,444.701,447.264,503.034,22.865,950.298,1208.338,24.203,43.735,0.405457,0.873416,0.529343
docvqa,1792,32,468,iter468,docvqa_17149,30,16384,4096,15,418.88,0.726,2.26,382.106,28.215,478.555,480.958,385.953,27.568,866.91,1056.267,17.303,36.274,0.483187,1.035211,0.445205
docvqa,1792,32,469,iter469,docvqa_17150,31,16384,4096,13,399.182,0.728,2.282,361.829,28.116,458.854,461.335,271.548,22.629,732.883,912.294,17.738,44.191,0.544674,1.170768,0.37052
docvqa,1792,32,470,iter470,docvqa_45744,47,16384,4096,32,432.064,0.73,2.295,388.89,28.13,864.653,867.519,718.797,23.187,1586.316,1953.819,20.173,43.128,0.27237,0.817439,0.453124
docvqa,1792,32,471,iter471,docvqa_45745,47,16384,4096,32,376.012,0.728,2.305,337.707,28.186,435.475,439.256,661.562,21.341,1100.818,1413.254,29.069,46.859,0.341575,0.737168,0.600973
docvqa,1792,32,472,iter472,docvqa_782,30,16384,4096,20,361.769,0.727,2.27,311.72,28.098,421.268,423.709,393.808,20.727,817.517,1416.452,24.464,48.247,0.442522,0.957823,0.481712
docvqa,1792,32,473,iter473,docvqa_783,35,16384,4096,17,410.153,0.729,2.292,372.428,28.163,469.922,472.226,324.891,20.306,797.117,998.435,21.327,49.247,0.514545,1.104072,0.407582
docvqa,1792,32,474,iter474,docvqa_784,26,16384,4096,26,352.115,0.732,2.294,315.498,28.091,411.633,413.964,615.618,24.625,1029.582,1237.911,25.253,40.61,0.341999,0.741805,0.59793
docvqa,1792,32,475,iter475,docvqa_785,32,16384,4096,16,404.961,0.731,2.334,365.469,28.147,464.96,467.975,306.942,20.463,774.916,1005.173,20.647,48.869,0.522587,1.1226,0.396096
docvqa,1792,32,476,iter476,docvqa_786,30,16384,4096,11,374.623,0.729,2.334,336.694,28.129,434.343,437.219,244.447,24.445,681.666,881.106,16.137,40.909,0.54957,1.186749,0.358602
docvqa,1792,32,477,iter477,docvqa_788,35,16384,4096,26,385.488,0.729,2.298,347.153,28.198,445.029,447.323,583.438,23.338,1030.761,1235.752,25.224,42.849,0.373984,0.805732,0.566026
docvqa,1792,32,478,iter478,docvqa_789,54,16384,4096,32,355.593,0.73,2.294,315.962,28.148,836.648,839.519,735.593,23.729,1575.112,1877.969,20.316,42.143,0.225758,0.756925,0.46701
docvqa,1792,32,479,iter479,docvqa_790,26,16384,4096,23,411.72,0.728,2.35,371.307,28.166,471.536,474.71,552.012,25.091,1026.721,1370.796,22.401,39.854,0.401004,0.860268,0.537645
docvqa,1792,32,480,iter480,docvqa_60401,30,16384,4096,16,388.842,0.728,2.333,349.734,28.186,448.745,451.348,375.186,25.012,826.534,1056.575,19.358,39.98,0.470449,1.013373,0.453927
docvqa,1792,32,481,iter481,docvqa_792,36,16384,4096,28,418.484,0.727,2.305,381.033,28.258,478.197,480.695,586.287,21.714,1066.983,1289.439,26.242,46.053,0.392212,0.840389,0.549482
docvqa,1792,32,482,iter482,docvqa_793,26,16384,4096,14,377.141,0.73,2.325,329.692,28.092,437.018,440.36,271.136,20.857,711.496,998.194,19.677,47.946,0.530068,1.144291,0.381079
docvqa,1792,32,483,iter483,docvqa_794,30,16384,4096,17,484.833,0.725,2.355,445.318,28.412,545.072,548.026,429.087,26.818,977.112,1203.395,17.398,37.288,0.49619,1.05403,0.439138
docvqa,1792,32,484,iter484,docvqa_41749,37,16384,4096,20,379.11,0.732,2.354,333.231,28.169,439.046,442.136,408.561,21.503,850.697,1268.607,23.51,46.505,0.445647,0.961749,0.480266
docvqa,1792,32,485,iter485,docvqa_41750,35,16384,4096,16,441.981,0.73,2.303,403.299,28.26,502.349,504.795,344.724,22.982,849.519,1059.776,18.834,43.513,0.520273,1.111606,0.405787
docvqa,1792,32,486,iter486,docvqa_45747,47,16384,4096,32,459.781,0.727,2.339,414.334,28.234,519.648,523.314,763.093,24.616,1286.407,1519.843,24.875,40.624,0.357415,0.761368,0.593197
docvqa,1792,32,487,iter487,docvqa_60403,33,16384,4096,15,458.426,0.728,2.343,397.073,28.184,518.161,520.753,308.153,22.011,828.906,1157.848,18.096,45.432,0.55305,1.178164,0.371759
docvqa,1792,32,488,iter488,docvqa_60404,28,16384,4096,32,362.432,0.73,2.284,322.456,28.107,422.633,425.186,684.914,22.094,1110.099,1436.832,28.826,45.261,0.326486,0.707202,0.616984
docvqa,1792,32,489,iter489,docvqa_809,27,16384,4096,15,372.721,0.729,2.318,333.136,28.152,432.828,436.157,294.614,21.044,730.771,1002.156,20.526,47.52,0.510038,1.102328,0.403155
docvqa,1792,32,490,iter490,docvqa_25385,30,16384,4096,11,412.183,0.73,2.357,365.536,28.17,472.36,476.144,278.109,27.811,754.253,1028.535,14.584,35.957,0.546479,1.172742,0.368721
docvqa,1792,32,491,iter491,docvqa_25386,30,16384,4096,11,403.668,0.731,2.313,349.262,28.151,464.258,466.885,230.471,23.047,697.355,932.194,15.774,43.389,0.578855,1.244596,0.330492
docvqa,1792,32,492,iter492,docvqa_25387,31,16384,4096,12,394.031,0.73,2.309,354.974,28.229,453.758,456.171,235.181,21.38,691.352,913.69,17.357,46.773,0.569943,1.226277,0.340175
docvqa,1792,32,493,iter493,docvqa_60406,27,16384,4096,26,560.427,0.729,2.321,509.474,28.131,620.951,624.547,619.464,24.779,1244.011,1464.095,20.9,40.358,0.4505,0.949653,0.497957
docvqa,1792,32,494,iter494,docvqa_815,33,16384,4096,20,381.53,0.729,2.304,341.904,28.162,441.093,443.813,479.479,25.236,923.292,1216.587,21.662,39.626,0.413228,0.890967,0.519314
docvqa,1792,32,495,iter495,docvqa_60407,30,16384,4096,16,394.139,0.728,2.31,345.92,28.169,453.736,456.422,432.258,28.817,888.681,1291.986,18.004,34.701,0.443511,0.954083,0.486405
docvqa,1792,32,496,iter496,docvqa_25396,30,16384,4096,32,391.146,0.727,2.31,352.46,28.095,450.749,453.382,710.175,22.909,1163.557,1436.812,27.502,43.651,0.336164,0.723553,0.610348
docvqa,1792,32,497,iter497,docvqa_822,29,16384,4096,14,413.931,0.729,2.296,376.085,28.37,474.298,477.234,325.842,25.065,803.076,1031.789,17.433,39.897,0.515432,1.106034,0.405743
docvqa,1792,32,498,iter498,docvqa_824,30,16384,4096,23,381.08,0.726,2.329,343.933,28.206,441.123,443.658,525.364,23.88,969.022,1180.104,23.735,41.876,0.393263,0.848488,0.542159
docvqa,1792,32,499,iter499,docvqa_826,35,16384,4096,13,404.653,0.726,2.326,355.969,28.145,464.429,467.677,311.797,25.983,779.474,1037.095,16.678,38.487,0.519136,1.114959,0.40001
docvqa,1792,64,0,iter000,docvqa_49153,44,16384,4096,31,366.825,0.731,2.313,327.946,28.241,426.952,429.704,830.368,27.679,1260.072,1488.044,24.602,36.129,0.291114,0.629946,0.658984
docvqa,1792,64,1,iter001,docvqa_24580,27,16384,4096,16,402.491,0.731,2.312,364.264,28.383,462.456,464.98,442.42,29.495,907.401,1085.561,17.633,33.904,0.443565,0.953214,0.487569
docvqa,1792,64,2,iter002,docvqa_57349,29,16384,4096,11,382.11,0.731,2.322,343.964,28.388,907.537,910.608,275.863,27.586,1186.471,1427.194,9.271,36.25,0.322056,1.086961,0.232507
docvqa,1792,64,3,iter003,docvqa_24581,27,16384,4096,9,380.207,0.732,2.303,340.476,30.226,440.164,442.711,177.865,22.233,620.576,813.266,14.503,44.978,0.612669,1.321952,0.286613
docvqa,1792,64,4,iter004,docvqa_24582,28,16384,4096,10,436.336,0.728,2.356,369.04,28.205,898.354,901.827,191.455,21.273,1093.282,1420.579,9.147,47.008,0.399107,1.220811,0.17512
docvqa,1792,64,5,iter005,docvqa_39079,29,16384,4096,37,572.639,0.732,2.278,532.274,28.356,633.12,635.646,1963.029,54.529,2598.675,2788.248,14.238,18.339,0.220358,0.46399,0.755396
docvqa,1792,64,6,iter006,docvqa_57357,35,16384,4096,25,400.951,0.728,2.304,358.337,28.302,888.802,891.666,641.656,26.736,1533.322,1877.038,16.304,37.403,0.261491,0.841149,0.418474
docvqa,1792,64,7,iter007,docvqa_24426,28,16384,4096,19,395.664,0.731,2.306,358.698,28.242,456.06,458.644,470.25,26.125,928.893,1124.64,20.454,38.278,0.425952,0.916924,0.506247
docvqa,1792,64,8,iter008,docvqa_49168,30,16384,4096,24,389.8,0.732,2.324,349.741,28.222,855.524,858.061,533.203,23.183,1391.264,1585.677,17.251,43.136,0.280177,0.895103,0.383251
docvqa,1792,64,9,iter009,docvqa_24423,34,16384,4096,23,398.316,0.729,2.293,361.036,28.193,820.544,823.485,525.579,23.89,1349.064,1553.625,17.049,41.859,0.295254,0.903486,0.389588
docvqa,1792,64,10,iter010,docvqa_49172,36,16384,4096,32,362.734,0.726,2.28,325.566,28.146,813.073,815.632,790.885,25.512,1606.517,1820.321,19.919,39.197,0.225789,0.731898,0.492298
docvqa,1792,64,11,iter011,docvqa_57364,32,16384,4096,17,407.552,0.731,2.317,362.444,28.157,860.366,863.56,347.703,21.731,1211.263,1530.993,14.035,46.016,0.336468,1.046774,0.287058
docvqa,1792,64,12,iter012,docvqa_57366,33,16384,4096,17,379.337,0.73,2.303,340.506,28.161,798.904,801.294,383.247,23.953,1184.541,1412.54,14.352,41.749,0.320239,0.994681,0.323541
docvqa,1792,64,13,iter013,docvqa_57368,37,16384,4096,17,367.9,0.731,2.366,330.365,28.21,798.178,801.528,380.981,23.811,1182.509,1502.639,14.376,41.997,0.311118,0.986105,0.32218
docvqa,1792,64,14,iter014,docvqa_49177,31,16384,4096,27,390.492,0.73,2.407,346.05,28.209,816.211,820.197,524.826,20.186,1345.023,1591.543,20.074,49.54,0.290324,0.897162,0.390199
docvqa,1792,64,15,iter015,docvqa_57370,34,16384,4096,27,365.139,0.727,2.29,327.829,28.209,425.054,427.484,639.978,24.615,1067.462,1285.409,25.294,40.626,0.342063,0.740254,0.599533
docvqa,1792,64,16,iter016,docvqa_57371,49,16384,4096,30,391.512,0.729,2.298,352.459,28.162,840.629,843.235,2651.973,91.447,3495.208,3707.926,8.583,10.935,0.112014,0.352523,0.758745
docvqa,1792,64,17,iter017,docvqa_57372,44,16384,4096,25,368.634,0.732,2.305,328.809,28.21,428.653,431.478,595.013,24.792,1026.49,1343.136,24.355,40.335,0.359121,0.776712,0.579657
docvqa,1792,64,18,iter018,docvqa_49181,39,16384,4096,40,348.041,0.727,2.297,308.17,28.13,778.349,780.799,931.492,23.884,1712.291,2071.641,23.361,41.868,0.203261,0.657826,0.544003
docvqa,1792,64,19,iter019,docvqa_57373,37,16384,4096,23,345.605,0.731,2.336,308.648,28.151,405.366,408.182,501.65,22.802,909.831,1203.704,25.279,43.855,0.379856,0.825396,0.551366
docvqa,1792,64,20,iter020,docvqa_57374,29,16384,4096,18,344.788,0.731,2.274,307.208,28.157,404.505,406.918,406.988,23.94,813.906,1005.62,22.116,41.77,0.423621,0.920613,0.500043
docvqa,1792,64,21,iter021,docvqa_57375,27,16384,4096,32,383.265,0.725,2.287,344.894,28.292,443.203,445.659,689.218,22.233,1134.877,1366.261,28.197,44.979,0.337715,0.728245,0.607307
docvqa,1792,64,22,iter022,docvqa_57376,34,16384,4096,19,413.058,0.729,2.31,375.097,28.246,472.77,475.158,379.513,21.084,854.671,1048.649,22.231,47.429,0.483294,1.036455,0.444046
docvqa,1792,64,23,iter023,docvqa_49187,31,16384,4096,30,405.765,0.729,2.295,365.524,28.203,465.608,468.128,685.278,23.63,1153.406,1346.74,26.01,42.319,0.351797,0.755479,0.594134
docvqa,1792,64,24,iter024,docvqa_16424,30,16384,4096,20,393.214,0.727,2.283,356.063,28.241,453.331,455.721,492.43,25.917,948.151,1112.315,21.094,38.584,0.414717,0.892838,0.519358
docvqa,1792,64,25,iter025,docvqa_57386,34,16384,4096,19,368.52,0.73,2.304,329.801,28.161,428.324,430.801,449.404,24.967,880.206,1123.149,21.586,40.053,0.418675,0.905293,0.510567
docvqa,1792,64,26,iter026,docvqa_57387,35,16384,4096,20,350.905,0.728,2.326,311.149,28.171,410.839,413.415,436.506,22.974,849.921,1167.785,23.532,43.528,0.412868,0.896253,0.513584
docvqa,1792,64,27,iter027,docvqa_57388,35,16384,4096,20,344.489,0.734,2.307,306.555,28.12,404.394,406.868,409.018,21.527,815.885,1055.282,24.513,46.453,0.422228,0.917878,0.501317
docvqa,1792,64,28,iter028,docvqa_16429,29,16384,4096,13,408.264,0.73,2.325,370.78,28.184,468.325,471.329,272.15,22.679,743.479,926.809,17.485,44.093,0.549126,1.179036,0.366049
docvqa,1792,64,29,iter029,docvqa_16430,31,16384,4096,13,342.633,0.731,2.297,305.847,28.111,402.633,405.096,270.015,22.501,675.111,867.953,19.256,44.442,0.507521,1.103917,0.399957
docvqa,1792,64,30,iter030,docvqa_57391,29,16384,4096,11,412.859,0.732,2.28,375.319,28.235,473.176,475.475,233.645,23.364,709.12,908.039,15.512,42.8,0.582214,1.249486,0.329485
docvqa,1792,64,31,iter031,docvqa_57395,32,16384,4096,15,430.661,0.729,2.285,391.146,28.23,491.114,493.636,317.129,22.652,810.765,1026.02,18.501,44.146,0.531178,1.13692,0.391147
docvqa,1792,64,32,iter032,docvqa_16437,37,16384,4096,20,368.962,0.731,2.274,331.777,28.189,429.195,431.643,452.672,23.825,884.316,1077.96,22.616,41.973,0.417229,0.902571,0.51189
docvqa,1792,64,33,iter033,docvqa_16440,35,16384,4096,19,354.808,0.728,2.349,313.102,28.167,414.918,418.36,371.881,20.66,790.241,1079.174,24.043,48.403,0.448987,0.974039,0.470592
docvqa,1792,64,34,iter034,docvqa_57402,32,16384,4096,32,346.018,0.728,2.281,307.541,28.14,405.793,408.135,683.18,22.038,1091.316,1337.758,29.322,45.376,0.317065,0.688903,0.626015
docvqa,1792,64,35,iter035,docvqa_57403,36,16384,4096,32,340.378,0.73,2.283,303.405,28.162,400.33,402.604,664.187,21.425,1066.791,1272.865,29.997,46.674,0.319067,0.694332,0.622603
docvqa,1792,64,36,iter036,docvqa_57404,40,16384,4096,28,346.777,0.731,2.283,307.699,28.111,773.58,776.002,647.029,23.964,1423.031,1682.141,19.676,41.729,0.243689,0.787303,0.454683
docvqa,1792,64,37,iter037,docvqa_16444,37,16384,4096,24,350.632,0.731,2.328,313.558,28.141,410.571,413.362,525.658,22.855,939.019,1155.845,25.559,43.755,0.373402,0.810635,0.559794
docvqa,1792,64,38,iter038,docvqa_57407,36,16384,4096,21,364.362,0.727,2.311,327.768,28.145,424.119,426.839,447.311,22.366,874.15,1094.789,24.023,44.712,0.416818,0.901997,0.51171
docvqa,1792,64,39,iter039,docvqa_16447,39,16384,4096,26,367.502,0.733,2.326,329.327,28.177,427.904,431.308,606.003,24.24,1037.312,1456.106,25.065,41.254,0.354283,0.766796,0.584206
docvqa,1792,64,40,iter040,docvqa_57409,29,16384,4096,11,346.884,0.728,2.332,309.886,28.221,407.289,410.024,262.396,26.24,672.419,895.172,16.359,38.11,0.515875,1.121582,0.390226
docvqa,1792,64,41,iter041,docvqa_16450,29,16384,4096,11,398.329,0.729,2.328,359.214,28.204,458.669,461.483,233.077,23.308,694.56,888.468,15.837,42.904,0.573499,1.233872,0.335575
docvqa,1792,64,42,iter042,docvqa_57410,33,16384,4096,17,406.27,0.73,2.337,358.064,28.117,466.396,469.798,393.064,24.567,862.862,1074.681,19.702,40.706,0.470841,1.011363,0.455536
docvqa,1792,64,43,iter043,docvqa_57411,35,16384,4096,29,537.726,0.731,2.324,489.467,28.174,597.98,600.454,748.122,26.719,1348.576,1679.07,21.504,37.427,0.398736,0.842152,0.55475
docvqa,1792,64,44,iter044,docvqa_57413,33,16384,4096,42,381.125,0.73,2.332,342.397,28.335,441.462,444.623,979.321,23.886,1423.944,1651.95,29.496,41.866,0.267654,0.577682,0.687752
docvqa,1792,64,45,iter045,docvqa_57414,35,16384,4096,19,354.715,0.726,2.288,310.745,28.126,414.716,417.392,363.581,20.199,780.973,1114.213,24.329,49.508,0.454196,0.985221,0.465549
docvqa,1792,64,46,iter046,docvqa_57415,34,16384,4096,26,404.394,0.728,2.293,363.96,28.139,464.251,466.708,550.026,22.001,1016.734,1264.96,25.572,45.452,0.397738,0.854348,0.540973
docvqa,1792,64,47,iter047,docvqa_57416,34,16384,4096,18,418.251,0.73,2.299,368.275,28.128,478.038,480.592,380.397,22.376,860.989,1072.487,20.906,44.69,0.485779,1.040999,0.441814
docvqa,1792,64,48,iter048,docvqa_57417,32,16384,4096,15,397.253,0.733,2.287,356.121,28.14,457.167,459.669,317.589,22.685,777.259,984.258,19.299,44.082,0.511095,1.099273,0.408602
docvqa,1792,64,49,iter049,docvqa_57418,33,16384,4096,16,399.559,0.732,2.333,360.069,28.133,459.533,463.291,331.26,22.084,794.551,1072.872,20.137,45.282,0.502874,1.08123,0.416915
docvqa,1792,64,50,iter050,docvqa_24437,27,16384,4096,16,425.386,0.731,2.275,384.982,28.248,485.17,487.813,333.004,22.2,820.816,1006.734,19.493,45.045,0.518248,1.10933,0.405698
docvqa,1792,64,51,iter051,docvqa_24438,29,16384,4096,13,416.922,0.728,2.304,372.306,28.284,476.58,479.432,251.643,20.97,731.075,1045.467,17.782,47.687,0.570286,1.222176,0.344209
docvqa,1792,64,52,iter052,docvqa_16455,41,16384,4096,27,358.924,0.733,2.272,320.408,28.167,854.949,857.2,584.727,22.49,1441.927,1630.384,18.725,44.465,0.248919,0.841841,0.405518
docvqa,1792,64,53,iter053,docvqa_16456,30,16384,4096,13,362.839,0.734,2.338,313.158,28.076,422.605,425.943,248.834,20.736,674.776,936.181,19.266,48.225,0.537717,1.164006,0.368765
docvqa,1792,64,54,iter054,docvqa_16463,31,16384,4096,13,417.033,0.729,2.327,379.366,28.273,477.327,480.329,274.37,22.864,754.7,954.241,17.225,43.736,0.552582,1.185054,0.363549
docvqa,1792,64,55,iter055,docvqa_49234,31,16384,4096,15,382.386,0.733,2.285,342.621,28.323,442.379,444.89,288.217,20.587,733.107,937.348,20.461,48.575,0.521596,1.125027,0.393144
docvqa,1792,64,56,iter056,docvqa_57428,35,16384,4096,17,408.722,0.732,2.319,371.578,28.265,469.191,472.041,368.709,23.044,840.75,1143.636,20.22,43.395,0.486139,1.044202,0.438548
docvqa,1792,64,57,iter057,docvqa_24440,25,16384,4096,18,436.053,0.73,2.376,389.627,28.241,871.066,874.555,1468.331,86.372,2342.885,2562.113,7.683,11.578,0.186118,0.55791,0.626719
docvqa,1792,64,58,iter058,docvqa_16468,39,16384,4096,26,371.671,0.731,2.327,333.575,28.182,431.705,434.34,620.692,24.828,1055.031,1272.435,24.644,40.278,0.352284,0.761471,0.588316
docvqa,1792,64,59,iter059,docvqa_57431,36,16384,4096,21,417.229,0.732,2.286,376.744,28.305,478.073,480.467,466.929,23.346,947.397,1167.079,22.166,42.833,0.440395,0.945013,0.492855
docvqa,1792,64,60,iter060,docvqa_16473,31,16384,4096,13,417.331,0.728,2.307,378.634,28.418,478.141,480.686,285.858,23.821,766.544,971.817,16.959,41.979,0.544432,1.168194,0.372917
docvqa,1792,64,61,iter061,docvqa_49242,26,16384,4096,12,379.291,0.733,2.314,337.563,28.262,866.888,869.655,323.044,29.368,1192.699,1417.857,10.061,34.051,0.318011,1.04484,0.270851
docvqa,1792,64,62,iter062,docvqa_57439,34,16384,4096,53,397.625,0.732,2.319,358.619,28.217,458.616,461.069,5345.495,102.798,5806.563,6017.799,9.128,9.728,0.068479,0.147461,0.920595
docvqa,1792,64,63,iter063,docvqa_57440,35,16384,4096,17,407.814,0.73,2.316,368.697,28.281,468.064,470.632,366.469,22.904,837.102,1041.211,20.308,43.66,0.487174,1.046322,0.437784
docvqa,1792,64,64,iter064,docvqa_32870,36,16384,4096,43,408.193,0.731,2.301,370.77,28.286,468.126,470.856,905.609,21.562,1376.465,1636.658,31.239,46.378,0.296552,0.636645,0.657923
docvqa,1792,64,65,iter065,docvqa_32871,43,16384,4096,29,379.064,0.73,2.321,341.509,28.198,815.43,817.905,569.587,20.342,1387.492,1642.234,20.901,49.158,0.273201,0.860901,0.410515
docvqa,1792,64,66,iter066,docvqa_32872,34,16384,4096,17,408.516,0.73,2.367,370.399,28.216,468.78,472.882,425.038,26.565,897.92,1176.502,18.933,37.644,0.454958,0.977031,0.473358
docvqa,1792,64,67,iter067,docvqa_32873,34,16384,4096,22,380.6,0.733,2.298,343.38,28.229,440.52,443.003,575.582,27.409,1018.585,1262.567,21.599,36.485,0.373656,0.806139,0.56508
docvqa,1792,64,68,iter068,docvqa_32874,31,16384,4096,13,385.297,0.734,2.302,348.319,28.193,445.18,447.848,289.124,24.094,736.973,966.317,17.64,41.505,0.52281,1.126876,0.392313
docvqa,1792,64,69,iter069,docvqa_32875,33,16384,4096,21,406.171,0.727,2.32,368.184,28.196,466.279,468.91,488.022,24.401,956.932,1216.944,21.945,40.982,0.424452,0.911716,0.509986
docvqa,1792,64,70,iter070,docvqa_32876,33,16384,4096,22,368.518,0.732,2.307,331.404,28.196,428.336,430.759,522.506,24.881,953.266,1194.59,23.079,40.191,0.386585,0.83592,0.548122
docvqa,1792,64,71,iter071,docvqa_32877,31,16384,4096,28,380.61,0.732,2.292,338.515,28.234,441.047,443.507,654.317,24.234,1097.824,1334.01,25.505,41.264,0.346695,0.748441,0.596012
docvqa,1792,64,72,iter072,docvqa_32878,31,16384,4096,12,382.761,0.73,2.347,334.155,28.15,442.79,446.347,243.413,22.128,689.76,953.144,17.397,45.191,0.554919,1.196867,0.352895
docvqa,1792,64,73,iter073,docvqa_32879,35,16384,4096,18,382.797,0.73,2.31,340.976,28.164,442.786,445.767,385.831,22.696,831.598,1080.827,21.645,44.061,0.460315,0.992766,0.463963
docvqa,1792,64,74,iter074,docvqa_57449,29,16384,4096,11,382.17,0.731,2.309,344.11,28.28,442.2,444.596,279.074,27.907,723.67,988.523,15.2,35.833,0.528099,1.139152,0.385637
docvqa,1792,64,75,iter075,docvqa_32881,32,16384,4096,25,397.157,0.734,2.314,357.694,28.198,457.918,460.512,561.262,23.386,1021.774,1296.313,24.467,42.761,0.388693,0.836853,0.549302
docvqa,1792,64,76,iter076,docvqa_32882,36,16384,4096,27,379.199,0.728,2.294,342.302,28.118,439.387,442.01,588.5,22.635,1030.51,1274.321,26.201,44.18,0.367972,0.79435,0.571076
docvqa,1792,64,77,iter077,docvqa_32883,29,16384,4096,23,405.59,0.728,2.28,365.813,28.198,465.685,468.025,529.321,24.06,997.346,1197.918,23.061,41.563,0.40667,0.873594,0.53073
docvqa,1792,64,78,iter078,docvqa_57452,33,16384,4096,16,417.287,0.727,2.3,374.732,28.336,477.432,479.898,351.676,23.445,831.574,1072.152,19.241,42.653,0.501804,1.075934,0.422904
docvqa,1792,64,79,iter079,docvqa_32885,32,16384,4096,18,429.945,0.729,2.277,389.062,28.255,491.183,493.563,396.969,23.351,890.531,1124.183,20.213,42.825,0.482796,1.034358,0.445766
docvqa,1792,64,80,iter080,docvqa_32886,37,16384,4096,23,509.363,0.728,2.355,463.301,28.14,569.172,573.126,543.339,24.697,1116.465,1346.047,20.601,40.49,0.456229,0.966027,0.48666
docvqa,1792,64,81,iter081,docvqa_57454,34,16384,4096,57,393.17,0.727,2.288,353.271,28.288,453.331,455.799,3378.932,60.338,3834.73,4108.918,14.864,16.573,0.102529,0.220746,0.881139
docvqa,1792,64,82,iter082,docvqa_49263,41,16384,4096,30,375.287,0.732,2.302,335.179,28.136,435.458,438.106,731.842,25.236,1169.948,1426.286,25.642,39.626,0.320773,0.692976,0.625534
docvqa,1792,64,83,iter083,docvqa_32889,31,16384,4096,25,377.0,0.73,2.282,338.835,28.161,437.068,439.511,622.762,25.948,1062.273,1282.118,23.534,38.538,0.354899,0.766345,0.586254
docvqa,1792,64,84,iter084,docvqa_32890,32,16384,4096,16,378.012,0.73,2.292,339.435,28.198,437.902,440.515,308.373,20.558,748.888,979.003,21.365,48.642,0.504765,1.089502,0.411775
docvqa,1792,64,85,iter085,docvqa_32891,39,16384,4096,35,404.437,0.728,2.268,367.001,28.217,464.491,466.906,892.096,26.238,1359.001,1622.801,25.754,38.113,0.297599,0.639387,0.656435
docvqa,1792,64,86,iter086,docvqa_32892,31,16384,4096,17,377.006,0.73,2.29,337.396,28.164,437.07,439.839,473.612,29.601,913.45,1195.904,18.611,33.783,0.412727,0.89121,0.518486
docvqa,1792,64,87,iter087,docvqa_32893,33,16384,4096,21,379.389,0.734,2.331,341.773,28.135,439.337,442.76,418.713,20.936,861.473,1190.255,24.377,47.765,0.440395,0.950379,0.486043
docvqa,1792,64,88,iter088,docvqa_32894,36,16384,4096,20,373.663,0.73,2.282,335.138,28.166,433.786,436.298,522.125,27.48,958.423,1264.736,20.868,36.39,0.389873,0.842477,0.544775
docvqa,1792,64,89,iter089,docvqa_49274,36,16384,4096,19,371.43,0.732,2.292,333.816,28.135,431.575,433.962,444.16,24.676,878.123,1132.512,21.637,40.526,0.422982,0.914457,0.505807
docvqa,1792,64,90,iter090,docvqa_32896,29,16384,4096,13,378.103,0.73,2.288,336.593,28.149,438.342,440.909,260.036,21.67,700.945,999.046,18.546,46.147,0.539419,1.164777,0.370979
docvqa,1792,64,91,iter091,docvqa_32897,28,16384,4096,14,398.113,0.731,2.292,345.259,28.137,458.085,460.666,316.862,24.374,777.529,1325.723,18.006,41.027,0.512024,1.101179,0.407525
docvqa,1792,64,92,iter092,docvqa_32898,27,16384,4096,23,434.607,0.732,2.288,394.338,28.304,494.436,496.84,467.175,21.235,964.015,1218.216,23.859,47.092,0.450831,0.963723,0.484614
docvqa,1792,64,93,iter093,docvqa_57475,36,16384,4096,16,364.198,0.731,2.277,326.814,28.217,424.079,426.462,312.064,20.804,738.526,956.704,21.665,48.067,0.493142,1.067365,0.42255
docvqa,1792,64,94,iter094,docvqa_32900,32,16384,4096,20,384.864,0.732,2.309,346.254,28.159,444.974,447.613,377.511,19.869,825.124,1065.389,24.239,50.33,0.466432,1.005714,0.457521
docvqa,1792,64,95,iter095,docvqa_57476,40,16384,4096,23,345.901,0.729,2.28,308.829,28.099,405.743,408.033,501.866,22.812,909.898,1145.21,25.278,43.836,0.380153,0.826075,0.551562
docvqa,1792,64,96,iter096,docvqa_49279,30,16384,4096,11,407.737,0.727,2.265,368.737,28.213,468.166,470.424,227.377,22.738,697.802,951.225,15.764,43.98,0.584317,1.255233,0.325848
docvqa,1792,64,97,iter097,docvqa_49285,30,16384,4096,12,375.494,0.729,2.298,338.164,28.162,435.559,438.132,270.211,24.565,708.343,966.1,16.941,40.709,0.530102,1.144999,0.381469
docvqa,1792,64,98,iter098,docvqa_49292,35,16384,4096,46,381.126,0.731,2.312,343.582,28.161,441.45,444.312,1056.866,23.486,1501.178,1848.722,30.643,42.579,0.253885,0.547954,0.704024
docvqa,1792,64,99,iter099,docvqa_16529,29,16384,4096,15,372.394,0.728,2.308,335.386,28.143,432.354,435.051,315.614,22.544,750.664,980.208,19.982,44.358,0.496086,1.072048,0.420446
docvqa,1792,64,100,iter100,docvqa_49297,34,16384,4096,19,376.557,0.731,2.35,327.73,28.256,436.979,440.132,408.514,22.695,848.647,1215.323,22.389,44.062,0.443715,0.958627,0.481371
docvqa,1792,64,101,iter101,docvqa_16533,31,16384,4096,23,349.335,0.729,2.309,310.7,28.102,409.159,411.873,530.956,24.134,942.829,1175.933,24.395,41.435,0.370518,0.804488,0.563152
docvqa,1792,64,102,iter102,docvqa_49304,31,16384,4096,15,351.694,0.728,2.323,310.328,28.167,411.511,414.754,285.27,20.376,700.024,1021.908,21.428,49.076,0.502402,1.090254,0.407515
docvqa,1792,64,103,iter103,docvqa_16539,31,16384,4096,23,374.172,0.731,2.271,334.138,28.17,434.018,436.351,533.877,24.267,970.229,1169.854,23.706,41.208,0.385654,0.832989,0.550259
docvqa,1792,64,104,iter104,docvqa_16553,31,16384,4096,20,377.742,0.727,2.283,340.776,28.142,437.391,439.866,382.07,20.109,821.936,1043.068,24.333,49.729,0.459575,0.991722,0.464841
docvqa,1792,64,105,iter105,docvqa_49322,33,16384,4096,17,375.956,0.729,2.278,335.89,28.135,435.932,438.326,357.929,22.371,796.255,1169.708,21.35,44.702,0.472155,1.019633,0.449515
docvqa,1792,64,106,iter106,docvqa_57515,37,16384,4096,18,408.909,0.731,2.309,368.863,28.201,469.068,471.59,379.858,22.345,851.449,1084.364,21.14,44.754,0.480251,1.031157,0.446132
docvqa,1792,64,107,iter107,docvqa_49323,29,16384,4096,13,369.966,0.732,2.302,332.266,28.136,429.764,432.128,306.192,25.516,738.32,985.379,17.608,39.191,0.501091,1.083175,0.414714
docvqa,1792,64,108,iter108,docvqa_57517,29,16384,4096,10,374.088,0.728,2.294,336.609,28.166,434.289,436.744,205.05,22.783,641.793,878.886,15.581,43.892,0.582879,1.25956,0.319495
docvqa,1792,64,109,iter109,docvqa_49324,32,16384,4096,14,370.802,0.732,2.331,333.763,28.132,430.824,433.343,372.272,28.636,805.615,1040.433,17.378,34.921,0.460272,0.995049,0.462097
docvqa,1792,64,110,iter110,docvqa_57519,30,16384,4096,11,350.547,0.732,2.312,311.528,28.203,410.515,412.999,208.346,20.835,621.346,864.37,17.704,47.997,0.564174,1.224861,0.335315
docvqa,1792,64,111,iter111,docvqa_49325,30,16384,4096,14,399.238,0.734,2.268,361.874,28.205,460.01,462.259,281.585,21.66,743.845,958.828,18.821,46.167,0.536722,1.155144,0.378554
docvqa,1792,64,112,iter112,docvqa_57521,31,16384,4096,14,373.277,0.731,2.31,332.928,28.17,433.321,436.032,293.854,22.604,729.886,939.835,19.181,44.24,0.511419,1.105101,0.402602
docvqa,1792,64,113,iter113,docvqa_49326,30,16384,4096,18,401.453,0.73,2.314,363.779,28.291,462.194,464.793,403.781,23.752,868.574,1157.066,20.724,42.102,0.462198,0.994328,0.464878
docvqa,1792,64,114,iter114,docvqa_57523,33,16384,4096,16,347.687,0.731,2.305,308.177,28.14,407.704,410.171,346.774,23.118,756.944,982.124,21.138,43.256,0.459329,0.997947,0.458123
docvqa,1792,64,115,iter115,docvqa_57524,34,16384,4096,15,346.696,0.73,2.299,309.23,28.112,406.625,409.172,284.907,20.351,694.079,977.397,21.611,49.139,0.499504,1.085352,0.410482
docvqa,1792,64,116,iter116,docvqa_57525,42,16384,4096,25,389.984,0.729,2.302,352.674,28.333,823.947,826.355,532.471,22.186,1358.826,1579.734,18.398,45.073,0.287,0.893367,0.391861
docvqa,1792,64,117,iter117,docvqa_57526,29,16384,4096,11,355.572,0.732,2.311,318.153,28.099,415.294,417.677,206.237,20.624,623.914,813.937,17.631,48.488,0.569906,1.235534,0.330554
docvqa,1792,64,118,iter118,docvqa_57527,34,16384,4096,18,569.499,0.733,2.302,531.856,28.241,629.609,631.873,433.458,25.498,1065.331,1308.116,16.896,39.219,0.534575,1.125573,0.406876
docvqa,1792,64,119,iter119,docvqa_57528,35,16384,4096,28,378.891,0.731,2.309,341.149,28.17,438.541,441.423,574.054,21.261,1015.476,1306.371,27.573,47.034,0.373117,0.804975,0.565305
docvqa,1792,64,120,iter120,docvqa_57529,33,16384,4096,30,388.589,0.734,2.295,351.137,28.19,448.407,450.848,649.495,22.396,1100.343,1321.815,27.264,44.65,0.353153,0.760668,0.590266
docvqa,1792,64,121,iter121,docvqa_57530,29,16384,4096,11,351.612,0.73,2.263,311.02,28.156,411.426,413.929,206.926,20.693,620.856,914.699,17.717,48.326,0.566335,1.229012,0.333292
docvqa,1792,64,122,iter122,docvqa_57531,33,16384,4096,16,413.076,0.73,2.354,374.991,28.333,473.43,476.483,353.35,23.557,829.833,1056.113,19.281,42.451,0.497782,1.068294,0.425808
docvqa,1792,64,123,iter123,docvqa_57532,38,16384,4096,23,385.189,0.732,2.311,348.42,28.196,837.387,840.614,607.371,27.608,1447.985,1694.56,15.884,36.222,0.266017,0.844329,0.419459
docvqa,1792,64,124,iter124,docvqa_57533,39,16384,4096,19,349.978,0.733,2.315,312.96,28.194,409.848,412.522,431.556,23.975,844.078,1055.464,22.51,41.71,0.414627,0.900184,0.511275
docvqa,1792,64,125,iter125,docvqa_16568,27,16384,4096,11,358.369,0.732,2.28,321.503,28.168,418.32,420.775,214.226,21.423,635.001,843.571,17.323,46.68,0.56436,1.223131,0.337364
docvqa,1792,64,126,iter126,docvqa_16574,37,16384,4096,26,351.359,0.733,2.352,313.042,28.082,411.228,414.511,557.714,22.309,972.225,1271.426,26.743,44.826,0.361397,0.784373,0.573647
docvqa,1792,64,127,iter127,docvqa_57537,36,16384,4096,20,400.742,0.728,2.313,361.245,28.184,460.816,463.521,510.579,26.873,974.101,1203.943,20.532,37.213,0.411397,0.884465,0.524154
docvqa,1792,64,128,iter128,docvqa_57539,36,16384,4096,20,349.464,0.733,2.308,309.553,28.148,409.243,411.618,440.362,23.177,851.98,1058.673,23.475,43.146,0.410179,0.890522,0.516869
docvqa,1792,64,129,iter129,docvqa_57540,37,16384,4096,20,379.597,0.73,2.312,341.634,28.138,439.734,442.304,432.735,22.776,875.039,1145.738,22.856,43.907,0.433806,0.936337,0.494532
docvqa,1792,64,130,iter130,docvqa_57543,31,16384,4096,20,376.034,0.727,2.27,336.527,28.244,436.435,438.715,467.024,24.58,905.738,1137.919,22.081,40.683,0.415168,0.897024,0.515628
docvqa,1792,64,131,iter131,docvqa_57550,27,16384,4096,9,431.827,0.731,2.336,394.678,28.25,491.909,495.009,172.264,21.533,667.272,1402.481,13.488,46.44,0.647153,1.384346,0.258161
docvqa,1792,64,132,iter132,docvqa_49361,31,16384,4096,11,420.394,0.732,2.341,365.216,28.183,480.766,483.775,267.737,26.774,751.512,995.415,14.637,37.35,0.559398,1.19913,0.356264
docvqa,1792,64,133,iter133,docvqa_49362,29,16384,4096,18,423.069,0.733,2.399,382.415,28.354,483.371,487.036,402.58,23.681,889.616,1140.303,20.233,42.228,0.475564,1.018912,0.452533
docvqa,1792,64,134,iter134,docvqa_57557,36,16384,4096,26,376.751,0.732,2.326,339.676,28.207,437.186,440.148,661.783,26.471,1101.93,1715.279,23.595,37.777,0.341901,0.738646,0.600567
docvqa,1792,64,135,iter135,docvqa_49366,34,16384,4096,15,361.233,0.733,2.328,321.8,28.285,421.212,423.832,302.942,21.639,726.775,1012.687,20.639,46.213,0.497035,1.076598,0.416831
docvqa,1792,64,136,iter136,docvqa_32984,33,16384,4096,18,417.67,0.728,2.338,367.499,28.179,477.696,480.777,351.128,20.655,831.906,1051.671,21.637,48.415,0.502064,1.076283,0.422077
docvqa,1792,64,137,iter137,docvqa_49369,28,16384,4096,12,391.642,0.727,2.315,332.924,28.24,451.921,455.131,288.147,26.195,743.278,984.242,16.145,38.175,0.526912,1.134922,0.38767
docvqa,1792,64,138,iter138,docvqa_57562,29,16384,4096,11,408.014,0.731,2.351,370.424,28.218,468.276,471.469,269.648,26.965,741.117,954.748,14.842,37.085,0.550539,1.18239,0.36384
docvqa,1792,64,139,iter139,docvqa_32986,33,16384,4096,18,406.021,0.73,2.329,366.481,28.247,466.092,469.32,377.813,22.224,847.133,1110.721,21.248,44.996,0.479289,1.029488,0.44599
docvqa,1792,64,140,iter140,docvqa_57564,26,16384,4096,64,400.984,0.727,2.319,363.204,28.274,461.139,463.831,1541.914,24.475,2005.745,2270.76,31.908,40.858,0.199918,0.429827,0.768749
docvqa,1792,64,141,iter141,docvqa_49373,36,16384,4096,15,396.945,0.732,2.308,356.572,28.18,457.17,460.221,321.304,22.95,781.525,1061.572,19.193,43.572,0.507911,1.092883,0.411125
docvqa,1792,64,142,iter142,docvqa_16606,29,16384,4096,11,374.84,0.73,2.307,334.737,28.209,435.059,437.886,276.411,27.641,714.297,912.251,15.4,36.178,0.524768,1.133842,0.386969
docvqa,1792,64,143,iter143,docvqa_223,29,16384,4096,14,372.924,0.73,2.299,336.162,28.123,433.026,435.371,293.545,22.58,728.916,1039.925,19.207,44.286,0.511615,1.105684,0.402715
docvqa,1792,64,144,iter144,docvqa_224,30,16384,4096,16,400.763,0.726,2.305,363.913,28.268,461.011,463.624,403.7,26.913,867.323,1245.271,18.448,37.156,0.462068,0.993602,0.465455
docvqa,1792,64,145,iter145,docvqa_16609,32,16384,4096,18,376.514,0.731,2.314,339.158,28.254,436.516,439.343,378.187,22.246,817.53,1043.608,22.018,44.951,0.46055,0.994496,0.462597
docvqa,1792,64,146,iter146,docvqa_57566,34,16384,4096,17,344.519,0.73,2.27,307.377,28.125,404.15,406.356,364.012,22.751,770.368,1009.821,22.067,43.955,0.447213,0.971833,0.472516
docvqa,1792,64,147,iter147,docvqa_16611,28,16384,4096,20,417.233,0.732,2.34,374.25,28.159,477.617,481.598,397.654,20.929,879.252,1140.197,22.747,47.78,0.474531,1.01774,0.452264
docvqa,1792,64,148,iter148,docvqa_49376,35,16384,4096,13,405.584,0.733,2.341,368.639,28.301,466.114,469.087,269.152,22.429,738.239,1174.888,17.609,44.584,0.549395,1.180782,0.364587
docvqa,1792,64,149,iter149,docvqa_49381,34,16384,4096,17,354.491,0.731,2.311,316.824,28.187,414.508,417.056,330.943,20.684,747.999,1012.424,22.727,48.347,0.473919,1.028075,0.442438
docvqa,1792,64,150,iter150,docvqa_32989,33,16384,4096,17,424.36,0.729,2.304,380.381,28.168,484.233,487.278,355.258,22.204,842.535,1145.519,20.177,45.038,0.50367,1.078403,0.421653
docvqa,1792,64,151,iter151,docvqa_231,33,16384,4096,16,405.04,0.73,2.267,365.615,28.235,464.776,467.172,349.162,23.277,816.334,1029.822,19.6,42.96,0.49617,1.065516,0.42772
docvqa,1792,64,152,iter152,docvqa_232,27,16384,4096,17,397.101,0.733,2.309,359.53,28.119,457.222,459.896,394.539,24.659,854.435,1060.787,19.896,40.554,0.464753,0.999869,0.461754
docvqa,1792,64,153,iter153,docvqa_32994,35,16384,4096,17,395.719,0.727,2.279,356.527,28.233,455.496,457.899,398.324,24.895,856.223,1098.57,19.855,40.168,0.462168,0.994151,0.465211
docvqa,1792,64,154,iter154,docvqa_234,32,16384,4096,64,399.353,0.733,2.317,349.268,28.082,459.201,462.468,4327.905,68.697,4790.374,4973.923,13.36,14.557,0.083366,0.179225,0.903459
docvqa,1792,64,155,iter155,docvqa_4931,32,16384,4096,21,551.701,0.731,2.378,495.703,28.323,612.055,615.841,415.379,20.769,1031.22,1251.836,20.364,48.149,0.534998,1.128523,0.402804
docvqa,1792,64,156,iter156,docvqa_32995,33,16384,4096,17,401.177,0.731,2.34,363.472,28.196,461.191,464.244,394.753,24.672,858.997,1159.044,19.791,40.532,0.467029,1.003924,0.459551
docvqa,1792,64,157,iter157,docvqa_237,36,16384,4096,18,431.453,0.731,2.299,393.101,28.617,492.097,494.741,470.784,27.693,965.525,1178.065,18.643,36.11,0.446859,0.956527,0.487594
docvqa,1792,64,158,iter158,docvqa_49390,27,16384,4096,8,401.984,0.73,2.298,361.676,30.17,461.986,464.817,160.084,22.869,624.902,899.464,12.802,43.727,0.643276,1.38257,0.256175
docvqa,1792,64,159,iter159,docvqa_49391,30,16384,4096,23,375.279,0.733,2.303,338.279,28.157,435.424,438.02,575.862,26.176,1013.882,1247.847,22.685,38.204,0.370141,0.799604,0.567978
docvqa,1792,64,160,iter160,docvqa_49392,29,16384,4096,13,351.342,0.73,2.26,314.332,28.152,412.304,414.747,307.896,25.658,722.643,910.113,17.99,38.974,0.48619,1.056741,0.426069
docvqa,1792,64,161,iter161,docvqa_49393,25,16384,4096,18,386.069,0.731,2.254,347.592,28.21,445.671,447.984,405.598,23.859,853.581,1027.034,21.088,41.913,0.452294,0.974413,0.475172
docvqa,1792,64,162,iter162,docvqa_49394,30,16384,4096,16,352.543,0.729,2.287,312.66,28.107,412.517,415.334,367.269,24.485,782.603,1096.334,20.445,40.842,0.450475,0.977584,0.469291
docvqa,1792,64,163,iter163,docvqa_49395,27,16384,4096,20,406.099,0.731,2.266,363.514,28.197,466.042,468.442,468.927,24.68,937.369,1122.283,21.336,40.518,0.433233,0.930413,0.500259
docvqa,1792,64,164,iter164,docvqa_49396,29,16384,4096,22,387.764,0.73,2.303,349.989,28.274,447.627,450.134,440.108,20.958,890.242,1103.272,24.712,47.716,0.435572,0.938386,0.494369
docvqa,1792,64,165,iter165,docvqa_49397,28,16384,4096,16,386.835,0.731,2.275,350.141,28.243,446.725,449.085,334.076,22.272,783.161,959.524,20.43,44.9,0.493941,1.064354,0.426573
docvqa,1792,64,166,iter166,docvqa_49398,29,16384,4096,14,403.169,0.733,2.276,365.802,28.203,463.473,465.696,335.697,25.823,801.393,1002.015,17.47,38.725,0.503086,1.081419,0.418891
docvqa,1792,64,167,iter167,docvqa_49399,30,16384,4096,11,387.824,0.73,2.386,350.301,28.167,447.964,450.765,267.911,26.791,718.676,936.324,15.306,37.326,0.539637,1.162956,0.372784
docvqa,1792,64,168,iter168,docvqa_49400,44,16384,4096,26,413.161,0.732,2.287,369.413,28.202,473.33,475.765,592.192,23.688,1067.957,1407.561,24.346,42.216,0.386871,0.830082,0.554509
docvqa,1792,64,169,iter169,docvqa_49401,32,16384,4096,17,392.384,0.726,2.338,334.646,28.141,452.537,456.128,331.166,20.698,787.294,1139.68,21.593,48.314,0.498395,1.073196,0.420639
docvqa,1792,64,170,iter170,docvqa_49402,27,16384,4096,31,382.619,0.732,2.312,345.696,28.261,443.344,446.05,759.048,25.302,1205.098,1412.526,25.724,39.523,0.3175,0.685391,0.629864
docvqa,1792,64,171,iter171,docvqa_49403,30,16384,4096,10,412.786,0.73,2.304,375.46,28.276,472.845,475.285,266.28,29.587,741.565,930.318,13.485,33.799,0.556642,1.194274,0.359078
docvqa,1792,64,172,iter172,docvqa_49404,34,16384,4096,25,378.915,0.73,2.33,341.182,28.2,439.211,441.928,692.542,28.856,1134.47,1345.703,22.037,34.655,0.334002,0.721152,0.610454
docvqa,1792,64,173,iter173,docvqa_254,27,16384,4096,18,428.206,0.732,2.334,390.831,28.243,488.462,490.986,431.992,25.411,922.978,1147.463,19.502,39.353,0.46394,0.993164,0.468042
docvqa,1792,64,174,iter174,docvqa_255,31,16384,4096,16,405.398,0.731,2.319,365.057,28.154,465.313,468.059,419.089,27.939,887.149,1095.527,18.035,35.792,0.456967,0.981471,0.4724
docvqa,1792,64,175,iter175,docvqa_256,37,16384,4096,19,409.81,0.729,2.293,370.348,28.266,469.984,472.388,452.253,25.125,924.64,1138.677,20.549,39.801,0.44321,0.951499,0.489112
docvqa,1792,64,176,iter176,docvqa_49406,31,16384,4096,16,378.5,0.731,2.289,341.212,28.21,438.432,440.917,332.982,22.199,773.899,965.483,20.675,45.047,0.489081,1.055605,0.430265
docvqa,1792,64,177,iter177,docvqa_265,28,16384,4096,36,383.841,0.729,2.297,346.228,28.174,444.498,447.201,847.728,24.221,1294.928,1506.77,27.801,41.287,0.296419,0.63968,0.654652
docvqa,1792,64,178,iter178,docvqa_266,30,16384,4096,17,385.388,0.733,2.288,346.448,28.199,445.074,447.432,368.448,23.028,815.88,1019.834,20.836,43.425,0.472359,1.017874,0.451596
docvqa,1792,64,179,iter179,docvqa_267,30,16384,4096,27,387.664,0.732,2.32,347.873,28.187,447.942,450.746,661.442,25.44,1112.188,1392.103,24.276,39.308,0.34856,0.751318,0.594721
docvqa,1792,64,180,iter180,docvqa_271,29,16384,4096,17,382.758,0.73,2.283,345.166,28.222,442.576,445.002,326.345,20.397,771.347,982.252,22.039,49.028,0.49622,1.069991,0.423085
docvqa,1792,64,181,iter181,docvqa_49432,30,16384,4096,38,345.687,0.732,2.292,308.048,28.205,405.59,408.034,879.037,23.758,1287.071,1681.161,29.524,42.092,0.268585,0.583711,0.682975
docvqa,1792,64,182,iter182,docvqa_283,39,16384,4096,22,389.464,0.727,2.279,352.718,28.193,449.678,452.188,469.98,22.38,922.169,1119.879,23.857,44.683,0.422335,0.909966,0.509647
docvqa,1792,64,183,iter183,docvqa_284,34,16384,4096,29,391.567,0.732,2.272,353.913,28.191,452.169,454.426,584.838,20.887,1039.265,1217.836,27.904,47.876,0.376773,0.811858,0.562742
docvqa,1792,64,184,iter184,docvqa_285,32,16384,4096,16,432.06,0.731,2.359,388.87,28.338,492.414,496.203,342.032,22.802,838.235,1081.915,19.088,43.856,0.51544,1.102882,0.408038
docvqa,1792,64,185,iter185,docvqa_49437,32,16384,4096,15,440.953,0.734,2.377,387.976,28.25,501.64,505.163,286.615,20.473,791.778,1036.81,18.945,48.846,0.556915,1.190477,0.361989
docvqa,1792,64,186,iter186,docvqa_49442,31,16384,4096,15,404.468,0.733,2.291,364.456,28.157,464.43,466.762,349.214,24.944,815.976,1055.064,18.383,40.09,0.495686,1.064857,0.427971
docvqa,1792,64,187,iter187,docvqa_292,32,16384,4096,29,370.625,0.732,2.277,333.031,28.126,430.79,433.209,714.895,25.532,1148.105,1324.683,25.259,39.167,0.322815,0.698033,0.622674
docvqa,1792,64,188,iter188,docvqa_296,34,16384,4096,15,417.01,0.729,2.297,378.571,28.279,477.104,479.646,331.084,23.649,810.73,1037.65,18.502,42.285,0.514364,1.102851,0.408378
docvqa,1792,64,189,iter189,docvqa_297,33,16384,4096,17,422.405,0.729,2.313,384.461,28.407,483.021,485.681,365.11,22.819,850.792,1085.392,19.981,43.822,0.496485,1.064217,0.429142
docvqa,1792,64,190,iter190,docvqa_298,29,16384,4096,12,381.927,0.731,2.297,344.129,28.183,442.111,444.543,220.281,20.026,664.823,876.361,18.05,49.936,0.574479,1.239484,0.331337
docvqa,1792,64,191,iter191,docvqa_49449,28,16384,4096,17,345.462,0.731,2.303,304.67,28.108,405.363,407.597,400.77,25.048,808.367,1003.08,21.03,39.923,0.427358,0.928817,0.495777
docvqa,1792,64,192,iter192,docvqa_300,37,16384,4096,20,349.235,0.732,2.289,311.343,28.121,409.312,411.922,409.536,21.555,821.459,1011.862,24.347,46.394,0.42514,0.923415,0.498548
docvqa,1792,64,193,iter193,docvqa_49454,33,16384,4096,20,624.534,0.733,2.317,572.608,28.171,684.456,688.096,439.726,23.143,1127.822,1329.107,17.733,43.209,0.553752,1.160634,0.38989
docvqa,1792,64,194,iter194,docvqa_303,37,16384,4096,17,370.217,0.732,2.279,331.586,28.143,429.95,432.568,360.423,22.526,792.991,995.666,21.438,44.392,0.466861,1.00905,0.454511
docvqa,1792,64,195,iter195,docvqa_304,35,16384,4096,28,373.159,0.73,2.286,335.352,28.14,432.947,435.672,659.116,24.412,1094.788,1482.584,25.576,40.964,0.34085,0.736312,0.602049
docvqa,1792,64,196,iter196,docvqa_305,30,16384,4096,19,378.85,0.731,2.294,341.466,28.199,439.182,441.715,482.864,26.826,924.579,1127.497,20.55,37.278,0.409754,0.884762,0.522253
docvqa,1792,64,197,iter197,docvqa_49455,28,16384,4096,40,374.155,0.732,2.292,337.002,28.17,433.907,436.648,910.039,23.334,1346.687,1514.12,29.703,42.855,0.277834,0.600037,0.675761
docvqa,1792,64,198,iter198,docvqa_307,36,16384,4096,16,406.598,0.732,2.428,361.684,28.259,466.599,470.499,314.092,20.939,784.591,990.331,20.393,47.757,0.518229,1.112933,0.400325
docvqa,1792,64,199,iter199,docvqa_49461,40,16384,4096,20,360.898,0.73,2.323,323.775,28.175,420.947,423.923,468.959,24.682,892.883,1103.694,22.399,40.515,0.404194,0.875642,0.525219
docvqa,1792,64,200,iter200,docvqa_49465,34,16384,4096,22,352.939,0.731,2.269,315.587,28.153,412.713,415.246,476.145,22.674,891.391,1137.681,24.681,44.104,0.395942,0.858941,0.53416
docvqa,1792,64,201,iter201,docvqa_317,29,16384,4096,11,372.377,0.729,2.272,333.132,28.15,432.348,434.84,222.96,22.296,657.801,856.529,16.722,44.851,0.566094,1.223357,0.338948
docvqa,1792,64,202,iter202,docvqa_319,33,16384,4096,22,419.904,0.728,2.267,370.458,28.15,479.915,482.313,462.994,22.047,945.306,1244.745,23.273,45.357,0.444199,0.95188,0.489782
docvqa,1792,64,203,iter203,docvqa_320,30,16384,4096,64,378.952,0.729,2.31,338.631,28.169,438.848,441.239,1526.519,24.23,1967.758,2256.517,32.524,41.27,0.192581,0.4156,0.775766
docvqa,1792,64,204,iter204,docvqa_321,28,16384,4096,64,421.592,0.728,2.293,380.866,28.366,482.149,484.853,1531.236,24.305,2016.089,2221.081,31.745,41.143,0.209114,0.448264,0.759508
docvqa,1792,64,205,iter205,docvqa_345,29,16384,4096,13,402.077,0.729,2.545,358.525,28.167,461.965,465.853,246.955,20.58,712.807,937.236,18.238,48.592,0.564075,1.212168,0.346454
docvqa,1792,64,206,iter206,docvqa_346,26,16384,4096,27,369.911,0.729,2.299,333.143,28.179,430.07,432.374,581.441,22.363,1013.815,1209.25,26.632,44.716,0.36487,0.789079,0.573518
docvqa,1792,64,207,iter207,docvqa_347,38,16384,4096,25,385.955,0.732,2.299,344.679,28.158,445.803,448.176,484.438,20.185,932.614,1145.466,26.806,49.542,0.413843,0.891858,0.519441
docvqa,1792,64,208,iter208,docvqa_348,36,16384,4096,21,500.386,0.731,2.265,438.209,28.318,560.522,562.819,447.209,22.36,1010.028,1213.769,20.792,44.722,0.495418,1.050374,0.442769
docvqa,1792,64,209,iter209,docvqa_6943,26,16384,4096,17,440.306,0.731,2.297,403.125,28.262,500.367,502.981,378.399,23.65,881.38,1178.583,19.288,42.283,0.499564,1.067273,0.429326
docvqa,1792,64,210,iter210,docvqa_357,29,16384,4096,13,406.79,0.731,2.286,369.282,28.272,467.246,469.679,334.653,27.888,804.332,1031.916,16.162,35.858,0.50575,1.086662,0.416064
docvqa,1792,64,211,iter211,docvqa_358,34,16384,4096,16,372.128,0.732,2.283,335.108,28.115,432.044,434.375,426.434,28.429,860.809,1034.716,18.587,35.175,0.4323,0.934205,0.495388
docvqa,1792,64,212,iter212,docvqa_359,36,16384,4096,17,399.244,0.73,2.271,362.034,28.214,459.528,461.831,396.977,24.811,858.807,1043.956,19.795,40.305,0.464882,0.999959,0.462242
docvqa,1792,64,213,iter213,docvqa_360,38,16384,4096,21,379.532,0.734,2.302,340.133,28.184,440.174,442.822,549.17,27.458,991.992,1197.564,21.17,36.419,0.382595,0.826323,0.553603
docvqa,1792,64,214,iter214,docvqa_361,37,16384,4096,33,408.329,0.728,2.294,371.088,28.191,468.41,471.045,786.02,24.563,1257.065,1454.043,26.252,40.711,0.324827,0.697449,0.625282
docvqa,1792,64,215,iter215,docvqa_362,37,16384,4096,22,350.388,0.734,2.298,313.873,28.1,410.432,412.937,482.804,22.991,895.741,1105.607,24.561,43.496,0.391171,0.849374,0.538999
docvqa,1792,64,216,iter216,docvqa_363,37,16384,4096,19,377.132,0.73,2.376,334.88,28.178,437.249,441.37,409.983,22.777,851.353,1211.522,22.317,43.904,0.44298,0.956573,0.481566
docvqa,1792,64,217,iter217,docvqa_364,31,16384,4096,34,377.052,0.732,2.309,340.063,28.211,437.376,440.352,787.821,23.873,1228.173,1573.224,27.683,41.888,0.307002,0.663121,0.641458
docvqa,1792,64,218,iter218,docvqa_365,29,16384,4096,26,448.419,0.728,2.401,398.394,28.273,508.555,511.028,588.17,23.527,1099.198,1307.592,23.654,42.505,0.407951,0.870611,0.53509
docvqa,1792,64,219,iter219,docvqa_8560,29,16384,4096,20,465.595,0.731,2.325,425.591,28.319,525.844,529.038,421.767,22.198,950.805,1180.646,21.035,45.049,0.489685,1.042737,0.443589
docvqa,1792,64,220,iter220,docvqa_4958,27,16384,4096,17,386.81,0.729,2.308,345.418,28.252,447.831,450.276,419.164,26.198,869.439,1086.013,19.553,38.171,0.444896,0.959977,0.482108
docvqa,1792,64,221,iter221,docvqa_8565,28,16384,4096,27,374.787,0.734,2.312,335.199,28.181,434.904,437.64,625.453,24.056,1063.094,1266.848,25.398,41.57,0.352544,0.761637,0.588333
docvqa,1792,64,222,iter222,docvqa_4959,26,16384,4096,6,381.002,0.734,2.302,342.616,28.179,441.246,443.734,119.838,23.968,563.572,771.055,10.646,41.723,0.676048,1.458992,0.21264
docvqa,1792,64,223,iter223,docvqa_375,38,16384,4096,24,417.01,0.73,2.313,380.401,28.201,476.98,479.482,565.96,24.607,1045.442,1246.739,22.957,40.639,0.398884,0.855132,0.54136
docvqa,1792,64,224,iter224,docvqa_376,37,16384,4096,23,402.794,0.735,2.31,362.838,28.201,462.767,465.235,489.851,22.266,955.086,1251.796,24.082,44.912,0.421736,0.906266,0.512886
docvqa,1792,64,225,iter225,docvqa_377,27,16384,4096,12,432.573,0.733,2.287,395.77,28.25,492.798,495.16,245.323,22.302,740.483,933.392,16.206,44.839,0.584177,1.249686,0.331301
docvqa,1792,64,226,iter226,docvqa_49528,27,16384,4096,9,404.826,0.732,2.284,367.393,28.283,465.517,467.899,249.367,31.171,717.266,954.211,12.548,32.081,0.564401,1.213417,0.347663
docvqa,1792,64,227,iter227,docvqa_49530,27,16384,4096,9,376.082,0.734,2.287,335.989,28.143,436.224,438.597,180.992,22.624,619.59,843.645,14.526,44.201,0.606986,1.311039,0.292116
docvqa,1792,64,228,iter228,docvqa_49532,31,16384,4096,18,387.252,0.732,2.274,347.837,28.153,447.017,449.485,388.42,22.848,837.905,1162.317,21.482,43.767,0.462167,0.99566,0.463561
docvqa,1792,64,229,iter229,docvqa_24499,31,16384,4096,64,409.382,0.732,2.293,369.645,28.184,469.512,471.794,1493.899,23.713,1965.694,2177.929,32.558,42.172,0.208263,0.447117,0.759986
docvqa,1792,64,230,iter230,docvqa_49534,31,16384,4096,20,531.175,0.731,2.319,493.691,28.243,591.088,593.849,454.602,23.926,1048.452,1307.852,19.076,41.795,0.506628,1.0704,0.433594
docvqa,1792,64,231,iter231,docvqa_383,35,16384,4096,41,397.323,0.726,2.315,360.171,28.129,457.294,459.946,886.238,22.156,1346.185,1522.08,30.456,45.135,0.295147,0.634843,0.658334
docvqa,1792,64,232,iter232,docvqa_384,26,16384,4096,49,398.088,0.732,2.255,359.754,28.122,457.808,460.254,1196.717,24.932,1656.97,1866.079,29.572,40.11,0.24025,0.516543,0.722232
docvqa,1792,64,233,iter233,docvqa_385,33,16384,4096,64,403.977,0.729,2.282,367.324,28.248,464.076,466.638,2075.897,32.951,2542.535,2747.217,25.172,30.348,0.158887,0.341412,0.816467
docvqa,1792,64,234,iter234,docvqa_49536,35,16384,4096,45,371.59,0.729,2.289,334.299,28.214,431.627,434.217,1150.451,26.147,1584.668,1809.085,28.397,38.246,0.234491,0.506868,0.725988
docvqa,1792,64,235,iter235,docvqa_24500,29,16384,4096,45,399.2,0.731,2.289,361.614,28.291,459.546,462.302,1007.451,22.897,1469.753,1688.756,30.617,43.675,0.27161,0.584279,0.685456
docvqa,1792,64,236,iter236,docvqa_33153,30,16384,4096,25,371.201,0.732,2.315,333.03,28.177,431.111,434.363,612.766,25.532,1047.129,1303.831,23.875,39.167,0.354494,0.766202,0.585187
docvqa,1792,64,237,iter237,docvqa_57733,40,16384,4096,24,368.689,0.731,2.283,331.842,28.125,428.571,431.267,584.589,25.417,1015.856,1231.432,23.625,39.344,0.362934,0.784816,0.575465
docvqa,1792,64,238,iter238,docvqa_49542,27,16384,4096,18,420.576,0.728,2.305,383.613,28.219,480.909,483.277,344.909,20.289,828.185,1040.641,21.734,49.288,0.507828,1.088506,0.416463
docvqa,1792,64,239,iter239,docvqa_33158,27,16384,4096,11,371.153,0.73,2.292,332.003,28.115,431.211,433.945,274.19,27.419,708.135,973.446,15.534,36.471,0.524128,1.133068,0.387201
docvqa,1792,64,240,iter240,docvqa_49544,33,16384,4096,31,358.086,0.732,2.309,317.446,28.493,418.132,420.636,726.755,24.225,1147.391,1382.36,27.018,41.279,0.312087,0.676507,0.633398
docvqa,1792,64,241,iter241,docvqa_58694,35,16384,4096,20,351.553,0.733,2.312,312.691,28.122,411.875,414.262,483.619,25.454,897.881,1094.177,22.275,39.287,0.391536,0.850255,0.538623
docvqa,1792,64,242,iter242,docvqa_49546,35,16384,4096,62,382.739,0.728,2.299,345.604,28.248,442.798,445.078,1712.794,28.079,2157.872,2398.258,28.732,35.614,0.177368,0.38257,0.793742
docvqa,1792,64,243,iter243,docvqa_395,30,16384,4096,12,412.0,0.73,2.3,374.083,28.337,472.582,475.107,257.012,23.365,732.119,945.271,16.391,42.8,0.562751,1.20825,0.351052
docvqa,1792,64,244,iter244,docvqa_396,28,16384,4096,22,380.192,0.728,2.305,341.147,28.178,440.103,442.797,597.392,28.447,1040.188,1247.752,21.15,35.153,0.365503,0.788602,0.574311
docvqa,1792,64,245,iter245,docvqa_397,30,16384,4096,22,432.24,0.73,2.278,395.15,28.206,492.122,494.513,498.668,23.746,993.181,1184.145,22.151,42.112,0.435207,0.930708,0.502092
docvqa,1792,64,246,iter246,docvqa_49550,35,16384,4096,52,409.33,0.73,2.268,356.419,28.194,469.139,471.582,1263.448,24.773,1735.03,1979.319,29.971,40.366,0.235921,0.506314,0.7282
docvqa,1792,64,247,iter247,docvqa_58695,36,16384,4096,24,411.778,0.73,2.351,372.829,28.23,471.889,474.543,615.923,26.779,1090.465,1419.184,22.009,37.342,0.377617,0.810358,0.564826
docvqa,1792,64,248,iter248,docvqa_398,30,16384,4096,14,377.731,0.729,2.288,335.458,28.14,437.643,440.096,340.76,26.212,780.856,978.028,17.929,38.15,0.48374,1.044206,0.436393
docvqa,1792,64,249,iter249,docvqa_49555,41,16384,4096,34,412.378,0.733,2.325,375.085,28.319,472.555,475.277,807.118,24.458,1282.395,1586.808,26.513,40.886,0.321569,0.690062,0.629383
docvqa,1792,64,250,iter250,docvqa_16789,36,16384,4096,25,414.697,0.732,2.307,370.144,28.13,474.579,478.065,476.658,19.861,954.723,1176.954,26.186,50.351,0.434363,0.931449,0.499263
docvqa,1792,64,251,iter251,docvqa_407,29,16384,4096,14,380.254,0.728,2.306,342.765,28.145,440.513,443.28,335.159,25.781,778.439,982.477,17.985,38.788,0.488483,1.054376,0.430553
docvqa,1792,64,252,iter252,docvqa_49560,35,16384,4096,28,372.904,0.73,2.293,333.372,28.145,433.02,435.727,621.921,23.034,1057.648,1371.607,26.474,43.414,0.352579,0.761997,0.588022
docvqa,1792,64,253,iter253,docvqa_408,30,16384,4096,15,401.819,0.728,2.296,364.336,28.178,461.739,464.297,313.453,22.389,777.75,1067.114,19.286,44.664,0.516642,1.110328,0.403025
docvqa,1792,64,254,iter254,docvqa_409,29,16384,4096,22,347.323,0.728,2.288,307.99,28.099,407.188,409.517,582.181,27.723,991.697,1176.305,22.184,36.071,0.350231,0.760828,0.587055
docvqa,1792,64,255,iter255,docvqa_24505,30,16384,4096,17,410.514,0.729,2.354,372.661,28.293,470.605,474.279,346.244,21.64,820.523,1045.859,20.718,46.21,0.500308,1.073851,0.42198
docvqa,1792,64,256,iter256,docvqa_410,36,16384,4096,27,410.886,0.731,2.321,370.996,28.192,471.061,474.013,665.98,25.615,1139.993,1430.959,23.684,39.04,0.360429,0.773642,0.584196
docvqa,1792,64,257,iter257,docvqa_49565,28,16384,4096,13,349.075,0.731,2.307,309.926,28.103,408.817,411.396,290.455,24.205,701.851,933.759,18.522,41.314,0.497363,1.079847,0.413842
docvqa,1792,64,258,iter258,docvqa_16801,29,16384,4096,10,385.099,0.732,2.269,346.17,28.202,444.932,447.261,225.54,25.06,672.801,859.141,14.863,39.904,0.572382,1.233694,0.335225
docvqa,1792,64,259,iter259,docvqa_49569,28,16384,4096,14,403.669,0.732,2.318,366.425,28.182,463.805,466.597,337.862,25.989,804.459,1051.36,17.403,38.477,0.501789,1.078332,0.419987
docvqa,1792,64,260,iter260,docvqa_57765,34,16384,4096,21,372.783,0.731,2.285,333.461,28.166,433.224,435.669,493.562,24.678,929.231,1196.772,22.599,40.522,0.401173,0.867391,0.531151
docvqa,1792,64,261,iter261,docvqa_57766,34,16384,4096,17,377.022,0.73,2.302,339.762,28.178,437.501,440.218,413.631,25.852,853.849,1074.134,19.91,38.682,0.441556,0.953942,0.484432
docvqa,1792,64,262,iter262,docvqa_57767,32,16384,4096,14,375.958,0.73,2.305,335.071,28.12,436.089,438.461,340.823,26.217,779.284,998.071,17.965,38.143,0.48244,1.042041,0.437354
docvqa,1792,64,263,iter263,docvqa_58700,26,16384,4096,22,379.846,0.729,2.286,340.266,28.22,439.955,442.345,540.23,25.725,982.575,1244.721,22.39,38.872,0.386582,0.834339,0.54981
docvqa,1792,64,264,iter264,docvqa_49574,31,16384,4096,20,373.386,0.731,2.29,336.331,28.174,433.421,435.858,534.483,28.131,970.341,1207.184,20.611,35.548,0.384798,0.831467,0.55082
docvqa,1792,64,265,iter265,docvqa_57770,34,16384,4096,15,397.354,0.728,2.321,360.173,28.386,458.001,460.512,341.137,24.367,801.649,1018.121,18.711,41.039,0.495671,1.066994,0.425544
docvqa,1792,64,266,iter266,docvqa_57771,34,16384,4096,60,407.852,0.727,2.308,370.691,28.176,467.881,470.573,1486.178,25.189,1956.751,2330.315,30.663,39.699,0.208434,0.447545,0.759513
docvqa,1792,64,267,iter267,docvqa_49579,33,16384,4096,16,392.086,0.731,2.28,354.418,28.238,451.933,454.459,361.554,24.104,816.013,1042.201,19.608,41.488,0.48049,1.034321,0.443074
docvqa,1792,64,268,iter268,docvqa_49577,29,16384,4096,12,499.376,0.731,2.26,461.894,28.162,559.198,561.521,234.025,21.275,795.546,989.995,15.084,47.003,0.627714,1.330624,0.294169
docvqa,1792,64,269,iter269,docvqa_49583,31,16384,4096,20,405.568,0.732,2.307,368.401,28.242,465.766,468.22,480.777,25.304,948.997,1190.25,21.075,39.519,0.427365,0.918162,0.506616
docvqa,1792,64,270,iter270,docvqa_431,40,16384,4096,28,361.826,0.728,2.283,324.408,28.153,421.687,424.244,622.292,23.048,1046.536,1231.062,26.755,43.388,0.345737,0.748673,0.594621
docvqa,1792,64,271,iter271,docvqa_58702,38,16384,4096,19,378.01,0.731,2.295,340.457,28.163,438.044,440.923,449.351,24.964,890.273,1165.243,21.342,40.058,0.4246,0.916633,0.504733
docvqa,1792,64,272,iter272,docvqa_49586,28,16384,4096,64,382.318,0.73,2.283,345.589,28.23,442.752,445.282,1483.389,23.546,1928.671,2170.982,33.183,42.47,0.198229,0.427792,0.769125
docvqa,1792,64,273,iter273,docvqa_432,36,16384,4096,20,428.871,0.735,2.279,390.922,28.202,489.265,491.527,451.947,23.787,943.474,1144.201,21.198,42.04,0.454566,0.973144,0.479024
docvqa,1792,64,274,iter274,docvqa_57780,34,16384,4096,17,413.665,0.729,2.308,371.691,28.202,473.698,476.376,361.885,22.618,838.261,1081.584,20.28,44.213,0.49348,1.058576,0.431709
docvqa,1792,64,275,iter275,docvqa_57781,34,16384,4096,15,383.893,0.73,2.297,346.093,28.201,443.827,446.439,284.212,20.301,730.652,957.912,20.53,49.259,0.525412,1.132852,0.388985
docvqa,1792,64,276,iter276,docvqa_57782,35,16384,4096,64,352.553,0.728,2.319,315.553,28.161,412.332,416.705,2375.617,37.708,2792.322,3017.769,22.92,26.519,0.126258,0.273924,0.850767
docvqa,1792,64,277,iter277,docvqa_57783,31,16384,4096,18,404.211,0.733,2.272,365.754,28.224,464.295,466.716,418.217,24.601,884.933,1098.185,20.341,40.649,0.45677,0.981437,0.472597
docvqa,1792,64,278,iter278,docvqa_57784,31,16384,4096,46,373.821,0.729,2.286,333.941,28.197,433.848,436.223,1081.59,24.035,1517.814,1725.955,30.307,41.605,0.246289,0.532127,0.712598
docvqa,1792,64,279,iter279,docvqa_433,36,16384,4096,19,383.88,0.728,2.317,346.379,28.162,443.925,446.581,458.154,25.453,904.735,1120.066,21.001,39.288,0.424301,0.91497,0.506396
docvqa,1792,64,280,iter280,docvqa_16826,32,16384,4096,43,378.107,0.727,2.297,340.302,28.17,437.952,440.593,991.239,23.601,1431.832,1622.784,30.031,42.371,0.264072,0.56994,0.692287
docvqa,1792,64,281,iter281,docvqa_57786,34,16384,4096,17,381.524,0.727,2.341,341.507,28.237,441.831,444.427,402.488,25.156,846.915,1066.817,20.073,39.753,0.450487,0.972182,0.47524
docvqa,1792,64,282,iter282,docvqa_49595,38,16384,4096,26,398.004,0.733,2.311,358.662,28.511,458.188,460.652,688.775,27.551,1149.426,1391.719,22.62,36.296,0.346263,0.744886,0.599234
docvqa,1792,64,283,iter283,docvqa_444,29,16384,4096,18,430.405,0.729,2.334,392.521,28.265,490.706,493.912,415.822,24.46,909.733,1136.906,19.786,40.883,0.473111,1.012507,0.457081
docvqa,1792,64,284,iter284,docvqa_16830,32,16384,4096,23,438.248,0.729,2.295,388.94,28.176,498.969,501.466,488.813,22.219,990.279,1201.27,23.226,45.007,0.44255,0.946417,0.493612
docvqa,1792,64,285,iter285,docvqa_16831,31,16384,4096,23,398.082,0.729,2.345,353.026,28.217,458.07,461.26,458.114,20.823,919.374,1135.098,25.017,48.023,0.432992,0.931233,0.498289
docvqa,1792,64,286,iter286,docvqa_16832,31,16384,4096,16,392.083,0.729,2.277,352.947,28.267,451.935,454.375,323.279,21.552,777.655,992.11,20.575,46.399,0.504187,1.085338,0.415711
docvqa,1792,64,287,iter287,docvqa_57790,30,16384,4096,9,382.484,0.731,2.262,342.634,28.144,442.387,444.657,169.812,21.226,614.469,834.147,14.647,47.111,0.622463,1.342412,0.276356
docvqa,1792,64,288,iter288,docvqa_57791,33,16384,4096,27,432.265,0.732,2.34,387.808,28.241,492.72,496.584,647.038,24.886,1143.621,1411.939,23.609,40.183,0.377979,0.808822,0.56578
docvqa,1792,64,289,iter289,docvqa_16835,36,16384,4096,20,403.257,0.73,2.289,358.996,28.233,463.361,465.957,436.272,22.962,902.229,1276.546,22.167,43.551,0.446956,0.960529,0.483549
docvqa,1792,64,290,iter290,docvqa_450,31,16384,4096,15,384.293,0.727,2.329,346.881,28.214,444.212,447.246,298.103,21.293,745.349,959.704,20.125,46.964,0.515589,1.111567,0.399951
docvqa,1792,64,291,iter291,docvqa_16837,33,16384,4096,17,387.436,0.728,2.264,345.276,28.267,447.323,449.749,337.438,21.09,787.187,986.232,21.596,47.416,0.492179,1.060433,0.428663
docvqa,1792,64,292,iter292,docvqa_57798,44,16384,4096,28,428.715,0.732,2.325,389.901,28.195,489.08,491.789,607.294,22.492,1099.083,1314.139,25.476,44.46,0.390066,0.835054,0.552546
docvqa,1792,64,293,iter293,docvqa_16839,35,16384,4096,19,380.085,0.734,2.382,341.62,28.165,439.829,443.561,359.701,19.983,803.262,1113.935,23.654,50.042,0.473176,1.02073,0.4478
docvqa,1792,64,294,iter294,docvqa_57799,37,16384,4096,21,372.751,0.73,2.303,334.455,28.144,432.973,435.68,446.301,22.315,881.981,1184.745,23.81,44.813,0.42263,0.91354,0.506021
docvqa,1792,64,295,iter295,docvqa_57800,40,16384,4096,32,397.833,0.729,2.285,360.026,28.294,458.469,460.825,641.739,20.701,1102.564,1312.056,29.023,48.306,0.360825,0.776646,0.582042
docvqa,1792,64,296,iter296,docvqa_57801,35,16384,4096,20,370.951,0.732,2.276,333.211,28.198,430.97,433.179,518.49,27.289,951.669,1161.499,21.016,36.645,0.38979,0.842647,0.544822
docvqa,1792,64,297,iter297,docvqa_57803,35,16384,4096,17,359.619,0.731,2.373,320.874,28.131,419.804,423.527,336.967,21.06,760.493,982.127,22.354,47.482,0.472877,1.024891,0.443089
docvqa,1792,64,298,iter298,docvqa_57804,29,16384,4096,10,388.039,0.73,2.343,348.604,28.236,448.425,451.236,213.791,23.755,665.027,853.97,15.037,42.097,0.583493,1.257789,0.321477
docvqa,1792,64,299,iter299,docvqa_57805,31,16384,4096,45,398.042,0.728,2.353,353.235,28.204,458.311,462.822,1116.915,25.384,1579.736,1843.41,28.486,39.394,0.251967,0.542086,0.707026
docvqa,1792,64,300,iter300,docvqa_49605,29,16384,4096,21,353.595,0.732,2.296,312.928,28.102,413.28,415.936,417.255,20.863,833.19,1074.792,25.204,47.932,0.424387,0.920409,0.500791
docvqa,1792,64,301,iter301,docvqa_57807,32,16384,4096,15,361.127,0.729,2.329,317.763,28.148,421.285,424.698,289.08,20.649,713.778,1035.15,21.015,48.43,0.505938,1.096156,0.405
docvqa,1792,64,302,iter302,docvqa_57808,30,16384,4096,17,418.667,0.727,2.324,370.64,28.246,478.722,481.865,399.941,24.996,881.806,1098.785,19.279,40.006,0.474784,1.017672,0.453548
docvqa,1792,64,303,iter303,docvqa_49617,34,16384,4096,26,400.912,0.733,2.268,362.131,28.231,460.837,463.182,647.502,25.9,1110.684,1286.999,23.409,38.61,0.36096,0.775873,0.582976
docvqa,1792,64,304,iter304,docvqa_57810,28,16384,4096,23,379.7,0.732,2.337,333.972,28.177,440.039,443.377,474.681,21.576,918.058,1107.896,25.053,46.347,0.413591,0.892906,0.517049
docvqa,1792,64,305,iter305,docvqa_41421,30,16384,4096,17,403.966,0.73,2.314,366.94,28.201,464.059,466.778,403.334,25.208,870.112,1106.537,19.538,39.669,0.464268,0.997601,0.463542
docvqa,1792,64,306,iter306,docvqa_461,40,16384,4096,64,522.679,0.73,2.3,483.384,28.186,582.719,585.414,4029.766,63.965,4615.18,4821.876,13.867,15.634,0.113252,0.239514,0.873155
docvqa,1792,64,307,iter307,docvqa_463,43,16384,4096,64,389.799,0.73,2.292,352.076,28.265,450.737,453.38,3035.93,48.189,3489.31,3689.963,18.342,20.751,0.111712,0.240889,0.870066
docvqa,1792,64,308,iter308,docvqa_4977,27,16384,4096,12,406.267,0.731,2.276,367.772,28.233,466.306,468.796,289.029,26.275,757.826,971.696,15.835,38.058,0.536096,1.151417,0.381393
docvqa,1792,64,309,iter309,docvqa_57815,35,16384,4096,18,378.893,0.733,2.294,338.457,28.192,438.777,441.318,443.877,26.11,885.194,1103.331,20.335,38.299,0.428033,0.923718,0.501445
docvqa,1792,64,310,iter310,docvqa_4978,27,16384,4096,17,375.735,0.732,2.285,338.275,28.169,435.776,438.275,402.826,25.177,841.101,1233.529,20.212,39.719,0.446718,0.964819,0.478927
docvqa,1792,64,311,iter311,docvqa_57817,48,16384,4096,30,418.825,0.733,2.313,381.127,28.158,909.729,912.369,746.878,25.754,1659.247,1890.628,18.08,38.828,0.252419,0.800697,0.450131
docvqa,1792,64,312,iter312,docvqa_41434,30,16384,4096,14,410.781,0.732,2.334,373.384,28.314,470.564,473.457,299.878,23.068,773.335,1047.391,18.103,43.351,0.531181,1.139668,0.387772
docvqa,1792,64,313,iter313,docvqa_57819,31,16384,4096,23,409.598,0.731,2.286,371.245,28.181,469.384,471.806,552.461,25.112,1024.267,1214.404,22.455,39.822,0.399894,0.858158,0.539372
docvqa,1792,64,314,iter314,docvqa_57820,33,16384,4096,14,388.768,0.731,2.308,349.953,28.18,448.558,451.731,301.69,23.207,753.421,1039.765,18.582,43.091,0.516003,1.111365,0.400426
docvqa,1792,64,315,iter315,docvqa_57821,33,16384,4096,14,490.484,0.729,2.342,429.314,28.244,550.369,553.975,297.457,22.881,851.431,1112.124,16.443,43.704,0.57607,1.222474,0.349361
docvqa,1792,64,316,iter316,docvqa_57822,34,16384,4096,23,386.663,0.731,2.305,346.526,28.177,446.494,449.263,529.648,24.075,978.911,1280.539,23.496,41.537,0.394993,0.851106,0.541058
docvqa,1792,64,317,iter317,docvqa_57823,27,16384,4096,17,383.702,0.73,2.293,346.866,28.208,444.986,447.8,430.279,26.892,878.079,1068.48,19.36,37.185,0.436979,0.943752,0.490023
docvqa,1792,64,318,iter318,docvqa_49629,32,16384,4096,16,360.226,0.731,2.31,323.215,28.191,420.326,422.813,383.359,25.557,806.171,981.228,19.847,39.128,0.446836,0.968222,0.47553
docvqa,1792,64,319,iter319,docvqa_57825,36,16384,4096,15,349.32,0.733,2.292,310.602,28.119,408.934,411.518,379.022,27.073,790.54,990.631,18.974,36.937,0.441875,0.959159,0.479447
docvqa,1792,64,320,iter320,docvqa_57826,36,16384,4096,16,374.51,0.732,2.313,337.039,28.169,434.299,437.283,343.494,22.9,780.778,1094.359,20.492,43.669,0.479663,1.035902,0.439939
docvqa,1792,64,321,iter321,docvqa_57827,35,16384,4096,21,410.478,0.73,2.313,372.918,28.242,470.539,473.847,450.311,22.516,924.158,1290.599,22.723,44.414,0.444164,0.953319,0.487266
docvqa,1792,64,322,iter322,docvqa_476,29,16384,4096,10,408.543,0.73,2.315,371.632,28.16,468.418,470.843,240.65,26.739,711.493,912.421,14.055,37.399,0.574206,1.232566,0.338232
docvqa,1792,64,323,iter323,docvqa_4980,28,16384,4096,28,375.825,0.73,2.284,339.038,28.21,435.905,438.26,659.292,24.418,1097.552,1304.336,25.511,40.953,0.342421,0.739582,0.600693
docvqa,1792,64,324,iter324,docvqa_57833,27,16384,4096,9,418.327,0.731,2.302,376.549,28.176,478.946,481.464,181.24,22.655,662.704,969.329,13.581,44.14,0.631243,1.353958,0.273485
docvqa,1792,64,325,iter325,docvqa_41449,30,16384,4096,17,365.315,0.729,2.289,326.507,28.202,425.65,427.983,369.315,23.082,797.297,1000.771,21.322,43.324,0.458192,0.992058,0.463208
docvqa,1792,64,326,iter326,docvqa_57835,34,16384,4096,17,403.063,0.732,2.315,363.131,28.253,463.139,465.986,398.877,24.93,864.863,1171.8,19.656,40.113,0.466043,1.001548,0.461203
docvqa,1792,64,327,iter327,docvqa_57836,27,16384,4096,12,373.288,0.728,2.283,333.676,28.203,433.234,435.806,293.267,26.661,729.073,938.335,16.459,37.508,0.512004,1.10623,0.402247
docvqa,1792,64,328,iter328,docvqa_57837,27,16384,4096,12,390.761,0.728,2.31,352.773,28.284,451.194,453.608,320.864,29.169,774.472,969.113,15.494,34.282,0.504551,1.087135,0.4143
docvqa,1792,64,329,iter329,docvqa_57838,27,16384,4096,10,385.458,0.73,2.303,345.699,28.163,445.44,447.852,234.085,26.009,681.937,990.683,14.664,38.448,0.565239,1.218437,0.343265
docvqa,1792,64,330,iter330,docvqa_49643,34,16384,4096,24,371.572,0.731,2.327,331.905,28.214,431.836,434.502,605.202,26.313,1039.704,1308.775,23.083,38.004,0.357383,0.772728,0.582091
docvqa,1792,64,331,iter331,docvqa_57841,28,16384,4096,10,368.227,0.73,2.297,331.119,28.153,428.235,430.895,236.796,26.311,667.691,886.087,14.977,38.007,0.551493,1.192861,0.35465
docvqa,1792,64,332,iter332,docvqa_57843,26,16384,4096,10,380.843,0.728,2.266,344.245,28.155,440.515,442.952,248.426,27.603,691.379,887.161,14.464,36.228,0.550845,1.188,0.35932
docvqa,1792,64,333,iter333,docvqa_57844,29,16384,4096,26,386.616,0.733,2.287,346.022,28.136,446.224,448.817,516.174,20.647,964.991,1250.11,26.943,48.433,0.400642,0.863055,0.5349
docvqa,1792,64,334,iter334,docvqa_57845,31,16384,4096,19,381.327,0.733,2.297,341.41,28.191,441.079,443.574,432.335,24.019,875.909,1127.575,21.692,41.634,0.43535,0.938918,0.493584
docvqa,1792,64,335,iter335,docvqa_57853,26,16384,4096,17,349.498,0.733,2.263,312.935,28.141,409.021,411.488,330.035,20.627,741.522,983.151,22.926,48.48,0.471325,1.022922,0.445077
docvqa,1792,64,336,iter336,docvqa_57854,35,16384,4096,22,436.309,0.727,2.269,399.056,28.22,496.28,498.698,474.517,22.596,973.215,1181.618,22.605,44.256,0.448317,0.958256,0.487577
docvqa,1792,64,337,iter337,docvqa_57855,37,16384,4096,20,363.405,0.731,2.292,324.082,28.127,423.339,426.196,442.887,23.31,869.083,1261.236,23.013,42.9,0.418148,0.905259,0.509602
docvqa,1792,64,338,iter338,docvqa_57857,30,16384,4096,33,379.861,0.728,2.266,341.649,28.136,439.694,442.08,801.838,25.057,1243.918,1459.781,26.529,39.908,0.305375,0.65885,0.644607
docvqa,1792,64,339,iter339,docvqa_57858,37,16384,4096,24,400.558,0.733,2.291,362.342,28.196,460.787,463.384,574.375,24.973,1037.76,1259.457,23.127,40.044,0.385983,0.830005,0.553476
docvqa,1792,64,340,iter340,docvqa_45694,40,16384,4096,24,435.933,0.73,2.35,384.97,28.188,495.924,499.68,718.957,31.259,1218.637,1491.061,19.694,31.991,0.357721,0.764671,0.589968
docvqa,1792,64,341,iter341,docvqa_55464,55,16384,4096,40,373.669,0.728,2.288,335.117,28.126,862.101,864.546,950.753,24.378,1815.298,2092.39,22.035,41.02,0.205844,0.680753,0.523745
docvqa,1792,64,342,iter342,docvqa_57880,29,16384,4096,23,376.15,0.732,2.306,338.465,28.219,435.921,438.464,583.105,26.505,1021.568,1353.779,22.514,37.729,0.368208,0.794926,0.570793
docvqa,1792,64,343,iter343,docvqa_57881,32,16384,4096,18,500.566,0.731,2.318,461.924,28.135,560.685,563.225,446.489,26.264,1009.714,1251.168,17.827,38.075,0.495751,1.051042,0.442193
docvqa,1792,64,344,iter344,docvqa_57882,32,16384,4096,36,411.158,0.73,2.316,372.21,28.203,471.259,474.155,832.704,23.792,1306.859,1668.723,27.547,42.032,0.314616,0.67522,0.63718
docvqa,1792,64,345,iter345,docvqa_57883,27,16384,4096,36,428.67,0.73,2.284,391.293,28.313,489.225,491.875,827.0,23.629,1318.874,1574.014,27.296,42.322,0.325027,0.695968,0.62705
docvqa,1792,64,346,iter346,docvqa_57884,32,16384,4096,15,375.119,0.73,2.334,335.9,28.279,435.368,438.495,320.775,22.912,759.269,1017.641,19.756,43.644,0.494053,1.067457,0.422478
docvqa,1792,64,347,iter347,docvqa_57885,30,16384,4096,14,382.354,0.733,2.279,343.566,28.163,441.957,444.48,338.906,26.07,783.387,1041.188,17.871,38.359,0.488078,1.05224,0.432617
docvqa,1792,64,348,iter348,docvqa_57886,28,16384,4096,19,411.42,0.729,2.282,374.415,28.187,471.102,473.513,422.817,23.49,896.331,1112.787,21.198,42.572,0.459005,0.984594,0.47172
docvqa,1792,64,349,iter349,docvqa_57887,37,16384,4096,19,378.826,0.73,2.273,341.493,28.178,438.519,441.048,420.13,23.341,861.179,1067.747,22.063,42.844,0.439892,0.9491,0.487855
docvqa,1792,64,350,iter350,docvqa_57888,37,16384,4096,24,344.387,0.733,2.266,307.673,28.122,404.044,406.428,511.55,22.241,917.978,1118.852,26.144,44.961,0.375158,0.815303,0.557257
docvqa,1792,64,351,iter351,docvqa_57889,33,16384,4096,14,440.969,0.733,2.264,401.654,28.265,500.872,503.196,335.214,25.786,838.409,1023.353,16.698,38.781,0.525959,1.123366,0.399821
docvqa,1792,64,352,iter352,docvqa_57890,32,16384,4096,18,348.338,0.731,2.298,309.184,28.103,408.34,411.072,347.176,20.422,758.248,981.601,23.739,48.966,0.459398,0.997929,0.457866
docvqa,1792,64,353,iter353,docvqa_57891,32,16384,4096,25,362.441,0.73,2.281,322.025,28.125,422.914,425.459,575.054,23.961,1000.513,1310.648,24.987,41.735,0.362255,0.784952,0.574759
docvqa,1792,64,354,iter354,docvqa_553,25,16384,4096,14,392.542,0.733,2.287,355.237,28.216,452.349,454.703,265.899,20.454,720.601,939.797,19.428,48.891,0.544742,1.172481,0.368995
docvqa,1792,64,355,iter355,docvqa_554,33,16384,4096,28,399.253,0.73,2.279,356.943,28.223,459.341,461.606,582.529,21.575,1044.135,1234.071,26.816,46.35,0.382376,0.822301,0.557906
docvqa,1792,64,356,iter356,docvqa_555,29,16384,4096,23,408.591,0.732,2.344,367.465,28.252,468.893,472.868,506.24,23.011,979.108,1257.227,23.491,43.458,0.417309,0.896207,0.517042
docvqa,1792,64,357,iter357,docvqa_57899,32,16384,4096,19,402.737,0.731,2.309,365.329,28.151,463.157,466.082,416.806,23.156,882.888,1093.55,21.52,43.186,0.456159,0.980751,0.472094
docvqa,1792,64,358,iter358,docvqa_57900,35,16384,4096,15,359.807,0.732,2.282,321.098,28.197,419.684,422.325,323.41,23.101,745.734,943.857,20.114,43.289,0.482486,1.045266,0.43368
docvqa,1792,64,359,iter359,docvqa_57901,31,16384,4096,34,386.983,0.731,2.295,350.002,28.206,447.167,449.703,797.634,24.171,1247.337,1466.531,27.258,41.372,0.310248,0.668745,0.63947
docvqa,1792,64,360,iter360,docvqa_57902,29,16384,4096,11,347.085,0.727,2.269,307.813,28.096,406.718,409.163,211.711,21.171,620.874,822.284,17.717,47.234,0.559027,1.2141,0.340989
docvqa,1792,64,361,iter361,docvqa_57903,30,16384,4096,23,377.641,0.73,2.348,328.978,28.141,437.435,441.526,449.651,20.439,891.176,1113.859,25.809,48.927,0.423755,0.914606,0.504559
docvqa,1792,64,362,iter362,docvqa_57904,35,16384,4096,64,358.086,0.731,2.287,318.053,28.108,418.104,420.618,1377.839,21.87,1798.458,2013.535,35.586,45.724,0.199107,0.431587,0.766123
docvqa,1792,64,363,iter363,docvqa_57905,33,16384,4096,20,384.577,0.733,2.272,347.352,28.215,444.132,446.586,436.644,22.981,883.23,1096.095,22.644,43.514,0.435422,0.938271,0.494372
docvqa,1792,64,364,iter364,docvqa_581,31,16384,4096,13,401.015,0.73,2.314,363.593,28.309,461.768,464.618,304.786,25.399,769.404,980.899,16.896,39.372,0.521203,1.121366,0.396132
docvqa,1792,64,365,iter365,docvqa_582,30,16384,4096,20,367.463,0.73,2.288,330.796,28.113,427.198,429.55,473.075,24.899,902.625,1093.146,22.158,40.163,0.407104,0.880389,0.52411
docvqa,1792,64,366,iter366,docvqa_583,32,16384,4096,15,369.576,0.733,2.271,332.113,28.123,429.767,432.093,310.019,22.144,742.112,940.042,20.213,45.159,0.498006,1.077119,0.417752
docvqa,1792,64,367,iter367,docvqa_57928,28,16384,4096,10,373.191,0.732,2.3,335.916,28.131,433.224,436.228,200.933,22.326,637.161,1018.047,15.695,44.791,0.585709,1.265637,0.315357
docvqa,1792,64,368,iter368,docvqa_57929,28,16384,4096,48,379.514,0.732,2.281,338.746,28.152,439.257,441.731,1106.036,23.533,1547.767,1760.301,31.012,42.494,0.245201,0.529002,0.714601
docvqa,1792,64,369,iter369,docvqa_584,31,16384,4096,16,373.923,0.733,2.297,333.684,28.131,433.956,437.046,384.052,25.603,821.098,1043.062,19.486,39.057,0.455394,0.983901,0.46773
docvqa,1792,64,370,iter370,docvqa_57931,26,16384,4096,7,400.981,0.732,2.275,363.332,28.183,460.868,463.872,135.107,22.518,598.979,913.679,11.687,44.409,0.669441,1.438864,0.225562
docvqa,1792,64,371,iter371,docvqa_57933,34,16384,4096,14,410.609,0.732,2.307,373.135,28.186,470.553,473.453,289.787,22.291,763.24,1061.398,18.343,44.861,0.537982,1.154503,0.37968
docvqa,1792,64,372,iter372,docvqa_57934,33,16384,4096,19,406.85,0.731,2.294,370.061,28.182,466.53,469.221,442.501,24.583,911.721,1115.654,20.84,40.678,0.446243,0.957946,0.485346
docvqa,1792,64,373,iter373,docvqa_596,37,16384,4096,26,385.359,0.733,2.304,345.403,28.226,445.506,447.878,567.76,22.71,1015.638,1230.972,25.6,44.033,0.379426,0.818073,0.559018
docvqa,1792,64,374,iter374,docvqa_597,32,16384,4096,15,352.353,0.73,2.287,310.871,28.146,412.224,414.52,282.672,20.191,697.192,925.33,21.515,49.527,0.505389,1.096651,0.405444
docvqa,1792,64,375,iter375,docvqa_598,32,16384,4096,46,379.625,0.73,2.284,342.758,28.434,439.873,442.155,901.921,20.043,1344.076,1580.329,34.224,49.894,0.282443,0.609711,0.671034
docvqa,1792,64,376,iter376,docvqa_599,31,16384,4096,60,355.61,0.727,2.289,318.034,28.161,415.546,418.308,1208.922,20.49,1627.23,1834.397,36.872,48.804,0.218537,0.473907,0.742932
docvqa,1792,64,377,iter377,docvqa_600,31,16384,4096,11,382.934,0.731,2.319,345.132,28.184,443.195,445.939,231.27,23.127,677.209,920.84,16.243,43.239,0.565459,1.219902,0.341504
docvqa,1792,64,378,iter378,docvqa_601,33,16384,4096,50,375.169,0.732,2.315,337.46,28.192,435.108,437.968,1217.214,24.841,1655.182,1928.86,30.208,40.256,0.226664,0.48954,0.735396
docvqa,1792,64,379,iter379,docvqa_16981,28,16384,4096,17,407.669,0.726,2.288,370.037,28.295,467.636,470.391,356.97,22.311,827.361,1041.668,20.547,44.822,0.492735,1.057949,0.431456
docvqa,1792,64,380,iter380,docvqa_16990,37,16384,4096,20,436.446,0.733,2.277,398.02,28.21,496.183,498.59,416.348,21.913,914.938,1111.381,21.859,45.635,0.477022,1.019335,0.455056
docvqa,1792,64,381,iter381,docvqa_57951,27,16384,4096,9,520.707,0.731,2.3,472.611,28.154,580.876,583.751,187.912,23.489,771.663,1469.369,11.663,42.573,0.674786,1.427544,0.243516
docvqa,1792,64,382,iter382,docvqa_57952,33,16384,4096,16,386.42,0.731,2.345,343.309,28.156,446.695,449.783,370.12,24.675,819.903,1585.795,19.514,40.527,0.471299,1.016114,0.451419
docvqa,1792,64,383,iter383,docvqa_57954,27,16384,4096,17,365.472,0.732,2.36,319.685,28.096,425.333,428.981,370.582,23.161,799.563,1452.456,21.262,43.175,0.45709,0.989046,0.463481
docvqa,1792,64,384,iter384,docvqa_57955,34,16384,4096,14,354.349,0.727,2.297,317.508,28.127,414.021,416.459,268.749,20.673,685.208,1274.906,20.432,48.372,0.517141,1.121368,0.392215
docvqa,1792,64,385,iter385,docvqa_610,31,16384,4096,63,379.574,0.73,2.292,341.802,28.281,439.107,441.527,1437.566,23.187,1879.093,2067.614,33.527,43.128,0.201999,0.435679,0.765032
docvqa,1792,64,386,iter386,docvqa_611,41,16384,4096,29,422.925,0.729,2.271,385.815,28.209,482.908,485.4,618.758,22.099,1104.158,1297.77,26.264,45.252,0.383029,0.820383,0.560389
docvqa,1792,64,387,iter387,docvqa_612,33,16384,4096,30,375.248,0.732,2.301,336.726,28.157,435.223,438.111,696.439,24.015,1134.55,1491.716,26.442,41.64,0.330746,0.714355,0.613846
docvqa,1792,64,388,iter388,docvqa_613,31,16384,4096,51,374.77,0.727,2.272,337.398,28.162,434.501,436.989,1171.52,23.43,1608.508,1842.171,31.706,42.68,0.232992,0.503119,0.728327
docvqa,1792,64,389,iter389,docvqa_16999,33,16384,4096,20,374.834,0.727,2.331,334.201,28.144,434.664,437.285,473.707,24.932,910.992,1127.975,21.954,40.109,0.411457,0.88859,0.519991
docvqa,1792,64,390,iter390,docvqa_17000,31,16384,4096,13,384.083,0.732,2.297,344.914,28.309,443.822,446.537,246.025,20.502,692.562,941.336,18.771,48.776,0.554583,1.195425,0.355239
docvqa,1792,64,391,iter391,docvqa_17001,28,16384,4096,9,377.745,0.731,2.271,338.855,28.152,437.721,440.095,224.484,28.061,664.58,867.832,13.542,35.637,0.568397,1.22704,0.337784
docvqa,1792,64,392,iter392,docvqa_57963,31,16384,4096,42,377.188,0.73,2.324,339.704,28.144,436.963,440.032,1029.235,25.103,1469.267,2138.595,28.586,39.835,0.256718,0.554121,0.700509
docvqa,1792,64,393,iter393,docvqa_57964,28,16384,4096,48,379.466,0.727,2.272,340.914,28.184,439.503,442.024,1136.608,24.183,1578.632,2195.934,30.406,41.351,0.240377,0.518784,0.719995
docvqa,1792,64,394,iter394,docvqa_57965,30,16384,4096,64,388.582,0.731,2.291,349.353,28.225,448.5,451.17,1382.041,21.937,1833.211,2516.135,34.911,45.585,0.211968,0.45662,0.753891
docvqa,1792,64,395,iter395,docvqa_17002,30,16384,4096,14,385.097,0.732,2.323,346.904,28.182,444.79,447.86,354.355,27.258,802.215,1058.168,17.452,36.686,0.480042,1.034495,0.441721
docvqa,1792,64,396,iter396,docvqa_17003,33,16384,4096,25,384.889,0.73,2.314,343.898,28.141,444.8,447.484,554.626,23.109,1002.11,1214.695,24.947,43.272,0.384079,0.827942,0.553458
docvqa,1792,64,397,iter397,docvqa_17004,31,16384,4096,20,397.861,0.731,2.329,357.989,28.154,458.477,461.346,475.234,25.012,936.579,1169.92,21.354,39.98,0.424802,0.914325,0.507414
docvqa,1792,64,398,iter398,docvqa_57969,28,16384,4096,10,374.925,0.728,2.294,338.107,28.226,435.201,437.999,262.923,29.214,700.921,914.918,14.267,34.231,0.534904,1.155802,0.37511
docvqa,1792,64,399,iter399,docvqa_17005,32,16384,4096,16,363.763,0.731,2.292,324.306,28.519,424.26,427.048,348.494,23.233,775.542,1027.067,20.631,43.042,0.469044,1.016094,0.449356
docvqa,1792,64,400,iter400,docvqa_57971,37,16384,4096,22,355.664,0.729,2.274,317.132,28.08,415.524,418.014,440.189,20.961,858.203,1060.452,25.635,47.707,0.414429,0.898607,0.512919
docvqa,1792,64,401,iter401,docvqa_17007,35,16384,4096,27,385.496,0.732,2.344,344.758,28.122,446.111,449.544,545.229,20.97,994.773,1288.419,27.142,47.686,0.387521,0.835976,0.548094
docvqa,1792,64,402,iter402,docvqa_57973,32,16384,4096,14,391.567,0.732,2.336,333.061,28.15,451.497,455.367,262.504,20.193,717.871,938.444,19.502,49.523,0.545456,1.174395,0.36567
docvqa,1792,64,403,iter403,docvqa_57974,35,16384,4096,18,419.475,0.733,2.316,382.472,28.3,480.269,483.066,396.218,23.307,879.284,1084.552,20.471,42.906,0.477064,1.023269,0.450615
docvqa,1792,64,404,iter404,docvqa_57975,32,16384,4096,20,405.954,0.732,2.294,367.265,28.167,466.495,469.105,443.755,23.356,912.86,1115.888,21.909,42.816,0.444705,0.955731,0.486115
docvqa,1792,64,405,iter405,docvqa_57976,32,16384,4096,18,476.253,0.731,2.289,437.198,28.334,536.255,538.77,401.305,23.606,940.075,1141.459,19.147,42.362,0.506611,1.077051,0.426886
docvqa,1792,64,406,iter406,docvqa_57977,34,16384,4096,21,405.354,0.731,2.322,366.257,28.289,465.44,468.255,502.933,25.147,971.189,1158.921,21.623,39.767,0.417379,0.896627,0.517853
docvqa,1792,64,407,iter407,docvqa_57978,39,16384,4096,24,408.343,0.732,2.308,371.51,28.157,468.501,471.197,535.267,23.272,1006.464,1229.675,23.846,42.969,0.405721,0.871213,0.531829
docvqa,1792,64,408,iter408,docvqa_636,29,16384,4096,64,389.058,0.727,2.351,342.733,28.162,449.526,452.808,1456.833,23.124,1909.641,2265.76,33.514,43.244,0.203734,0.439132,0.762883
docvqa,1792,64,409,iter409,docvqa_637,36,16384,4096,22,355.141,0.731,2.321,317.052,28.206,415.151,417.92,491.942,23.426,909.862,1173.205,24.179,42.688,0.390324,0.846603,0.540678
docvqa,1792,64,410,iter410,docvqa_639,33,16384,4096,57,382.388,0.727,2.303,344.25,28.133,442.344,444.986,1229.326,21.952,1674.312,1936.74,34.044,45.553,0.228385,0.49258,0.734227
docvqa,1792,64,411,iter411,docvqa_57985,34,16384,4096,21,381.108,0.732,2.283,342.864,28.21,441.084,443.694,555.846,27.792,999.54,1677.498,21.01,35.981,0.381284,0.822571,0.556102
docvqa,1792,64,412,iter412,docvqa_57986,27,16384,4096,63,402.584,0.728,2.301,364.377,28.224,462.957,465.625,1525.822,24.61,1991.447,2681.697,31.635,40.634,0.202157,0.434629,0.766188
docvqa,1792,64,413,iter413,docvqa_57987,28,16384,4096,64,399.943,0.728,2.343,362.536,28.296,461.374,463.986,1556.376,24.704,2020.361,2275.948,31.678,40.479,0.197956,0.426318,0.770345
docvqa,1792,64,414,iter414,docvqa_57989,33,16384,4096,21,385.059,0.731,2.306,346.288,28.175,444.789,447.243,392.135,19.607,839.377,1106.68,25.019,51.003,0.458743,0.988647,0.467173
docvqa,1792,64,415,iter415,docvqa_650,29,16384,4096,16,419.499,0.732,2.268,383.03,28.219,479.666,481.969,326.54,21.769,808.51,1015.274,19.79,45.936,0.518855,1.112127,0.403879
docvqa,1792,64,416,iter416,docvqa_651,32,16384,4096,22,394.471,0.728,2.287,356.827,28.287,454.689,457.15,545.651,25.983,1002.802,1234.453,21.939,38.486,0.393369,0.846788,0.544127
docvqa,1792,64,417,iter417,docvqa_58007,34,16384,4096,23,397.607,0.73,2.292,360.821,28.171,457.591,460.08,543.005,24.682,1003.085,1220.929,22.929,40.515,0.396385,0.852568,0.541335
docvqa,1792,64,418,iter418,docvqa_58009,26,16384,4096,9,539.389,0.73,2.27,500.202,28.174,599.303,601.828,182.55,22.819,784.378,986.389,11.474,43.824,0.687665,1.451714,0.232733
docvqa,1792,64,419,iter419,docvqa_58018,28,16384,4096,47,348.464,0.732,2.285,308.775,28.121,408.026,410.647,981.383,21.334,1392.03,1794.945,33.764,46.873,0.250328,0.543444,0.705001
docvqa,1792,64,420,iter420,docvqa_674,33,16384,4096,14,349.955,0.732,2.315,310.706,28.124,409.694,412.681,302.406,23.262,715.087,994.864,19.578,42.989,0.489388,1.062317,0.422894
docvqa,1792,64,421,iter421,docvqa_57122,32,16384,4096,14,374.129,0.727,2.255,336.008,28.126,434.275,436.614,330.379,25.414,766.992,968.682,18.253,39.349,0.487787,1.053993,0.430746
docvqa,1792,64,422,iter422,docvqa_58020,30,16384,4096,11,371.721,0.733,2.283,335.118,28.145,431.601,434.086,226.191,22.619,660.277,848.034,16.66,44.21,0.562977,1.216644,0.34257
docvqa,1792,64,423,iter423,docvqa_58021,30,16384,4096,11,374.694,0.731,2.289,336.007,28.163,434.54,436.874,267.629,26.763,704.504,892.528,15.614,37.365,0.531856,1.148659,0.379883
docvqa,1792,64,424,iter424,docvqa_58022,30,16384,4096,21,410.927,0.731,2.29,373.871,28.209,471.048,473.497,489.485,24.474,962.982,1159.313,21.807,40.859,0.426723,0.915878,0.508301
docvqa,1792,64,425,iter425,docvqa_58023,30,16384,4096,21,349.322,0.73,2.285,309.628,28.136,408.975,411.512,454.929,22.746,866.442,1047.038,24.237,43.963,0.403169,0.875186,0.525055
docvqa,1792,64,426,iter426,docvqa_58024,39,16384,4096,22,351.676,0.73,2.253,314.616,28.073,411.312,413.698,429.332,20.444,843.03,1033.816,26.096,48.913,0.417157,0.905055,0.509273
docvqa,1792,64,427,iter427,docvqa_675,26,16384,4096,64,357.422,0.732,2.265,316.172,28.094,417.048,419.243,1399.882,22.22,1819.125,2016.645,35.182,45.004,0.19648,0.425738,0.769536
docvqa,1792,64,428,iter428,docvqa_676,29,16384,4096,12,372.287,0.73,2.282,333.662,28.183,432.151,434.389,255.607,23.237,689.996,881.993,17.391,43.035,0.53955,1.165859,0.370448
docvqa,1792,64,429,iter429,docvqa_677,27,16384,4096,29,407.872,0.729,2.319,369.907,28.226,468.507,470.984,717.469,25.624,1188.453,1395.256,24.401,39.026,0.343196,0.737411,0.6037
docvqa,1792,64,430,iter430,docvqa_58029,31,16384,4096,13,418.207,0.733,2.376,366.559,28.216,478.538,482.442,260.494,21.708,742.935,1408.433,17.498,46.066,0.562911,1.207029,0.350628
docvqa,1792,64,431,iter431,docvqa_678,32,16384,4096,21,400.715,0.729,2.328,349.235,28.12,460.901,464.106,410.898,20.545,875.004,1080.708,24.0,48.674,0.457957,0.984698,0.469595
docvqa,1792,64,432,iter432,docvqa_58054,33,16384,4096,41,415.024,0.732,2.308,377.307,28.148,475.252,478.082,933.135,23.328,1411.217,1627.107,29.053,42.866,0.29409,0.630857,0.661227
docvqa,1792,64,433,iter433,docvqa_58056,37,16384,4096,32,354.233,0.729,2.335,310.351,28.101,414.138,417.681,672.562,21.696,1090.243,1360.678,29.351,46.092,0.324912,0.70477,0.616892
docvqa,1792,64,434,iter434,docvqa_58059,27,16384,4096,18,380.754,0.733,2.26,343.712,28.202,440.504,442.954,376.234,22.131,819.189,1010.688,21.973,45.185,0.464794,1.002526,0.459277
docvqa,1792,64,435,iter435,docvqa_58061,27,16384,4096,43,382.922,0.726,2.27,344.711,28.144,442.736,445.069,891.115,21.217,1336.184,1534.41,32.181,47.132,0.286579,0.617923,0.66691
docvqa,1792,64,436,iter436,docvqa_58064,30,16384,4096,17,419.029,0.729,2.299,381.276,28.284,479.095,482.253,404.012,25.251,886.265,1088.29,19.182,39.603,0.472803,1.013381,0.455859
docvqa,1792,64,437,iter437,docvqa_41686,29,16384,4096,12,386.267,0.733,2.358,347.845,28.228,446.315,449.733,252.728,22.975,702.461,936.026,17.083,43.525,0.549878,1.185236,0.359775
docvqa,1792,64,438,iter438,docvqa_41687,36,16384,4096,25,376.889,0.731,2.322,339.969,28.14,437.241,439.946,653.574,27.232,1093.52,1305.914,22.862,36.721,0.344657,0.744504,0.597679
docvqa,1792,64,439,iter439,docvqa_41688,31,16384,4096,15,385.605,0.729,2.307,346.4,28.154,445.628,448.077,283.203,20.229,731.28,950.769,20.512,49.434,0.527301,1.136681,0.387271
docvqa,1792,64,440,iter440,docvqa_41689,31,16384,4096,17,411.257,0.732,2.326,371.932,28.16,471.26,474.15,395.801,24.738,869.951,1092.447,19.541,40.424,0.472735,1.014443,0.454969
docvqa,1792,64,441,iter441,docvqa_41690,36,16384,4096,25,433.526,0.73,2.264,394.369,28.257,494.28,496.617,546.967,22.79,1043.584,1254.448,23.956,43.878,0.415421,0.889057,0.524124
docvqa,1792,64,442,iter442,docvqa_41691,34,16384,4096,19,371.599,0.729,2.28,334.584,28.107,431.746,434.108,458.508,25.473,892.616,1096.097,21.286,39.258,0.416303,0.899988,0.513668
docvqa,1792,64,443,iter443,docvqa_41693,35,16384,4096,24,372.661,0.733,2.28,333.198,28.122,432.663,435.056,563.642,24.506,998.698,1209.712,24.031,40.806,0.373147,0.806374,0.564377
docvqa,1792,64,444,iter444,docvqa_41694,36,16384,4096,20,383.404,0.732,2.279,343.631,28.125,443.661,446.042,468.535,24.66,914.577,1119.02,21.868,40.552,0.419215,0.904314,0.512297
docvqa,1792,64,445,iter445,docvqa_41695,37,16384,4096,21,389.549,0.73,2.283,352.22,28.235,449.49,452.028,509.686,25.484,961.713,1151.486,21.836,39.24,0.405057,0.872441,0.529976
docvqa,1792,64,446,iter446,docvqa_41705,31,16384,4096,15,382.793,0.731,2.308,343.6,28.193,443.158,445.764,415.615,29.687,861.379,1077.31,17.414,33.685,0.444396,0.958871,0.4825
docvqa,1792,64,447,iter447,docvqa_17132,29,16384,4096,16,354.077,0.73,2.33,316.688,28.163,414.299,417.196,345.259,23.017,762.454,986.797,20.985,43.446,0.464392,1.007767,0.452825
docvqa,1792,64,448,iter448,docvqa_17133,34,16384,4096,16,356.162,0.733,2.307,316.332,28.132,415.796,418.81,369.639,24.643,788.449,1049.484,20.293,40.58,0.451724,0.979084,0.468818
docvqa,1792,64,449,iter449,docvqa_17134,35,16384,4096,28,375.837,0.731,2.343,338.476,28.134,435.675,438.825,638.14,23.635,1076.965,1321.681,25.999,42.31,0.348978,0.753518,0.592536
docvqa,1792,64,450,iter450,docvqa_17135,35,16384,4096,19,347.099,0.73,2.311,310.108,28.174,406.835,409.432,415.311,23.073,824.743,1014.193,23.037,43.341,0.420857,0.914144,0.503564
docvqa,1792,64,451,iter451,docvqa_47368,27,16384,4096,13,414.002,0.729,2.286,374.079,28.278,474.109,476.802,306.728,25.561,783.53,1030.82,16.592,39.123,0.52838,1.133474,0.391469
docvqa,1792,64,452,iter452,docvqa_41715,30,16384,4096,15,398.864,0.733,2.294,361.236,28.203,458.779,461.25,308.136,22.01,769.386,978.405,19.496,45.435,0.518419,1.114712,0.400496
docvqa,1792,64,453,iter453,docvqa_41716,30,16384,4096,14,348.288,0.733,2.277,306.288,28.169,408.005,410.433,268.429,20.648,678.862,987.837,20.623,48.43,0.513047,1.11406,0.39541
docvqa,1792,64,454,iter454,docvqa_41717,30,16384,4096,14,367.142,0.732,2.329,329.364,28.852,429.523,432.181,265.17,20.398,697.35,926.569,20.076,49.025,0.526482,1.142417,0.380253
docvqa,1792,64,455,iter455,docvqa_17139,30,16384,4096,16,414.273,0.727,2.351,377.045,28.155,474.065,477.165,344.123,22.942,821.288,1045.885,19.482,43.589,0.504418,1.08164,0.419004
docvqa,1792,64,456,iter456,docvqa_41719,27,16384,4096,22,565.419,0.73,2.306,526.364,28.172,625.58,628.076,475.464,22.641,1103.54,1347.008,19.936,44.167,0.512368,1.079253,0.430854
docvqa,1792,64,457,iter457,docvqa_17140,33,16384,4096,15,374.928,0.73,2.281,335.636,28.164,435.006,437.774,360.521,25.752,798.296,1074.998,18.79,38.833,0.46966,1.014578,0.451614
docvqa,1792,64,458,iter458,docvqa_58105,27,16384,4096,11,378.245,0.729,2.326,330.219,28.164,437.779,441.105,205.697,20.57,646.802,854.584,17.007,48.615,0.584792,1.261627,0.318022
docvqa,1792,64,459,iter459,docvqa_58106,34,16384,4096,17,400.12,0.728,2.288,363.048,28.397,460.087,462.467,368.899,23.056,831.366,1049.825,20.448,43.372,0.48128,1.034692,0.443726
docvqa,1792,64,460,iter460,docvqa_58107,34,16384,4096,15,347.351,0.733,2.329,309.993,28.169,407.377,410.122,288.844,20.632,698.966,902.632,21.46,48.469,0.496949,1.079777,0.413245
docvqa,1792,64,461,iter461,docvqa_58108,32,16384,4096,25,405.413,0.735,2.278,366.607,28.213,465.607,467.918,536.953,22.373,1004.87,1208.087,24.879,44.697,0.403448,0.866799,0.53435
docvqa,1792,64,462,iter462,docvqa_41721,27,16384,4096,22,372.323,0.728,2.282,333.457,28.133,432.352,434.954,525.618,25.029,960.572,1181.663,22.903,39.953,0.387606,0.837704,0.547193
docvqa,1792,64,463,iter463,docvqa_41723,27,16384,4096,17,358.34,0.732,2.294,319.001,28.149,418.057,420.807,352.412,22.026,773.219,1001.084,21.986,45.401,0.46344,1.004111,0.455773
docvqa,1792,64,464,iter464,docvqa_17143,36,16384,4096,17,406.521,0.729,2.289,368.248,28.222,466.482,469.237,426.244,26.64,895.481,1118.596,18.984,37.537,0.453969,0.974897,0.475995
docvqa,1792,64,465,iter465,docvqa_41728,30,16384,4096,23,403.846,0.732,2.289,364.345,28.154,463.896,466.437,546.963,24.862,1013.399,1336.249,22.696,40.222,0.398506,0.856268,0.539731
docvqa,1792,64,466,iter466,docvqa_41729,37,16384,4096,18,345.367,0.732,2.282,308.484,28.121,405.287,407.599,346.962,20.41,754.561,1003.691,23.855,48.997,0.457706,0.994823,0.45982
docvqa,1792,64,467,iter467,docvqa_17147,31,16384,4096,23,379.78,0.735,2.261,338.794,28.175,440.147,442.493,434.353,19.743,876.846,1102.82,26.23,50.65,0.43312,0.935086,0.495358
docvqa,1792,64,468,iter468,docvqa_17149,30,16384,4096,15,402.208,0.732,2.256,365.675,28.206,462.157,464.39,327.681,23.406,792.071,992.38,18.938,42.725,0.507793,1.091273,0.413701
docvqa,1792,64,469,iter469,docvqa_17150,31,16384,4096,13,406.467,0.733,2.304,366.838,28.156,466.225,468.508,263.547,21.962,732.055,931.082,17.758,45.533,0.55524,1.192111,0.36001
docvqa,1792,64,470,iter470,docvqa_45744,47,16384,4096,40,368.753,0.728,2.256,331.627,28.119,850.259,852.672,866.998,22.231,1719.67,1937.735,23.26,44.983,0.214432,0.708864,0.504166
docvqa,1792,64,471,iter471,docvqa_45745,47,16384,4096,33,411.93,0.731,2.336,374.082,28.242,472.085,475.046,730.014,22.813,1205.06,1439.385,27.385,43.835,0.341834,0.733587,0.60579
docvqa,1792,64,472,iter472,docvqa_782,30,16384,4096,20,348.132,0.73,2.328,311.275,28.102,407.95,410.549,385.907,20.311,796.457,1012.467,25.111,49.235,0.4371,0.949306,0.48453
docvqa,1792,64,473,iter473,docvqa_783,35,16384,4096,17,353.558,0.727,2.347,315.084,28.145,413.717,416.614,346.417,21.651,763.03,1102.347,22.28,46.187,0.46336,1.005563,0.454001
docvqa,1792,64,474,iter474,docvqa_784,26,16384,4096,26,413.428,0.735,2.344,371.696,28.129,473.736,477.111,599.568,23.983,1076.679,1308.134,24.148,41.697,0.383984,0.823982,0.556868
docvqa,1792,64,475,iter475,docvqa_785,32,16384,4096,16,390.603,0.729,2.337,353.495,28.277,450.722,453.249,330.884,22.059,784.133,997.048,20.405,45.333,0.498133,1.072937,0.421975
docvqa,1792,64,476,iter476,docvqa_786,30,16384,4096,11,381.403,0.732,2.294,344.47,28.217,441.424,443.698,213.233,21.323,656.931,862.488,16.745,46.897,0.580582,1.252531,0.324589
docvqa,1792,64,477,iter477,docvqa_788,35,16384,4096,26,390.305,0.733,2.316,352.173,29.497,450.529,452.834,564.977,22.599,1017.811,1223.598,25.545,44.25,0.383475,0.82612,0.55509
docvqa,1792,64,478,iter478,docvqa_789,54,16384,4096,37,422.827,0.731,2.302,386.067,28.249,859.599,861.966,812.78,22.577,1674.746,1877.21,22.093,44.292,0.252472,0.765744,0.485315
docvqa,1792,64,479,iter479,docvqa_790,26,16384,4096,23,349.281,0.73,2.291,312.727,28.144,408.964,411.244,457.683,20.804,868.927,1064.82,26.469,48.068,0.401969,0.872623,0.526722
docvqa,1792,64,480,iter480,docvqa_60401,30,16384,4096,16,389.37,0.731,2.329,348.333,28.201,449.343,452.144,366.945,24.463,819.089,1007.524,19.534,40.878,0.47537,1.023958,0.447992
docvqa,1792,64,481,iter481,docvqa_792,36,16384,4096,28,441.693,0.73,2.336,404.029,28.422,502.117,505.106,651.148,24.117,1156.254,1373.52,24.216,41.465,0.382003,0.816266,0.563153
docvqa,1792,64,482,iter482,docvqa_793,26,16384,4096,14,377.085,0.731,2.319,339.449,28.133,437.038,439.718,341.787,26.291,781.505,994.847,17.914,38.035,0.482511,1.041736,0.437345
docvqa,1792,64,483,iter483,docvqa_794,30,16384,4096,17,372.019,0.727,2.267,333.573,28.032,432.199,434.533,403.947,25.247,838.48,1060.174,20.275,39.609,0.443682,0.959137,0.481761
docvqa,1792,64,484,iter484,docvqa_41749,37,16384,4096,20,348.302,0.732,2.28,311.805,28.067,408.235,410.666,388.572,20.451,799.238,992.31,25.024,48.897,0.435792,0.946573,0.486178
docvqa,1792,64,485,iter485,docvqa_41750,35,16384,4096,16,386.965,0.73,2.344,336.674,28.161,446.954,450.557,329.869,21.991,780.426,1015.55,20.502,45.473,0.495838,1.068543,0.422678
docvqa,1792,64,486,iter486,docvqa_45747,47,16384,4096,39,425.692,0.73,2.27,387.403,28.24,485.907,488.428,977.655,25.728,1466.082,1675.907,26.602,38.869,0.29036,0.621793,0.666848
docvqa,1792,64,487,iter487,docvqa_60403,33,16384,4096,15,379.427,0.727,2.288,340.681,28.324,439.494,441.963,323.927,23.138,765.89,950.375,19.585,43.22,0.495407,1.069241,0.422942
docvqa,1792,64,488,iter488,docvqa_60404,28,16384,4096,44,349.587,0.729,2.314,312.175,28.086,409.459,412.043,1009.07,23.467,1421.113,1635.722,30.962,42.614,0.245995,0.534121,0.710056
docvqa,1792,64,489,iter489,docvqa_809,27,16384,4096,15,350.345,0.729,2.318,311.642,28.188,410.364,412.788,333.266,23.805,746.054,955.957,20.106,42.009,0.469598,1.019645,0.446705
docvqa,1792,64,490,iter490,docvqa_25385,30,16384,4096,11,443.499,0.732,2.27,405.812,28.297,503.689,505.906,230.958,23.096,736.864,955.743,14.928,43.298,0.601874,1.285432,0.313434
docvqa,1792,64,491,iter491,docvqa_25386,30,16384,4096,11,395.56,0.728,2.266,353.317,28.139,455.493,457.915,208.7,20.87,666.615,872.912,16.501,47.916,0.593386,1.276679,0.313074
docvqa,1792,64,492,iter492,docvqa_25387,31,16384,4096,12,410.686,0.731,2.276,371.395,28.291,471.017,473.311,277.679,25.244,750.99,962.44,15.979,39.614,0.546859,1.174053,0.36975
docvqa,1792,64,493,iter493,docvqa_60406,27,16384,4096,26,505.161,0.732,2.322,465.564,28.113,565.122,567.689,618.969,24.759,1186.658,1423.636,21.91,40.39,0.425701,0.90193,0.521607
docvqa,1792,64,494,iter494,docvqa_815,33,16384,4096,20,416.641,0.731,2.369,378.55,28.273,476.654,480.435,454.021,23.896,934.456,1175.405,21.403,41.848,0.445865,0.955952,0.485867
docvqa,1792,64,495,iter495,docvqa_60407,30,16384,4096,16,351.581,0.731,2.29,313.252,28.103,411.251,413.774,395.467,26.364,809.241,1052.595,19.772,37.93,0.434458,0.942652,0.488689
docvqa,1792,64,496,iter496,docvqa_25396,30,16384,4096,34,358.177,0.73,2.276,317.931,28.125,417.905,420.549,830.462,25.166,1251.011,1442.126,27.178,39.737,0.28631,0.620364,0.663833
docvqa,1792,64,497,iter497,docvqa_822,29,16384,4096,14,386.43,0.733,2.315,349.273,28.194,446.65,449.624,387.92,29.84,837.544,1051.702,16.716,33.512,0.461384,0.99467,0.463163
docvqa,1792,64,498,iter498,docvqa_824,30,16384,4096,23,383.341,0.731,2.297,344.087,28.194,443.066,445.611,492.838,22.402,938.45,1147.369,24.509,44.639,0.408484,0.88061,0.525162
docvqa,1792,64,499,iter499,docvqa_826,35,16384,4096,13,375.751,0.731,2.344,338.126,28.212,436.323,439.471,366.649,30.554,806.12,1011.003,16.127,32.729,0.466123,1.007386,0.454831
