benchmark,resolution,max_new_tokens,iteration_idx,run_id,sample_id,num_input_text_tokens,num_visual_tokens_before_merger,num_visual_tokens_after_merger,actual_generated_tokens,image_preprocess_ms,processor_ms,visual_encoder_ms,visual_merger_ms,patch_embed_ms,window_attn_total_ms,full_attn_total_ms,llm_prefill_ms,ttft_ms,decode_loop_ms,tpot_ms,e2e_ms,request_total_ms,request_output_tok_s,decode_only_tok_s,f_vision,f_visual_prefill,f_decode
chartqa,1344,64,0,iter000,chartqa_val_0,36,9216,2304,17,218.822,218.822,201.805,0.438,1.33,184.459,13.636,237.127,240.3,363.015,22.688,603.314,822.136,28.178,44.075,0.334493,0.727534,0.601701
chartqa,1344,64,1,iter001,chartqa_val_1,34,9216,2304,64,113.235,113.235,202.52,0.435,1.214,185.659,13.627,238.314,240.444,1532.245,24.321,1772.689,1885.923,36.103,41.116,0.114244,0.248681,0.864362
chartqa,1344,64,2,iter002,chartqa_val_2,28,9216,2304,64,271.021,271.021,223.05,0.436,1.282,205.992,13.677,627.631,630.04,4370.592,69.374,5000.632,5271.653,12.798,14.415,0.044604,0.170115,0.874008
chartqa,1344,64,3,iter003,chartqa_val_3,30,9216,2304,64,166.707,166.707,200.447,0.434,1.293,183.303,13.624,590.91,593.364,1457.152,23.129,2050.516,2217.223,31.212,43.235,0.097754,0.38593,0.710627
chartqa,1344,64,4,iter004,chartqa_val_4,46,9216,2304,33,117.384,117.384,199.636,0.436,1.258,182.746,13.587,618.36,620.591,744.199,23.256,1364.79,1482.174,24.18,42.999,0.146276,0.599356,0.545285
chartqa,1344,64,5,iter005,chartqa_val_5,33,9216,2304,17,120.002,120.002,200.48,0.436,1.289,183.553,13.575,634.338,636.622,360.444,22.528,997.066,1117.068,17.05,44.39,0.20107,0.837274,0.361505
chartqa,1344,64,6,iter006,chartqa_val_6,35,9216,2304,21,109.094,109.094,218.689,0.435,1.27,201.709,13.607,689.704,692.171,456.369,22.818,1148.54,1257.634,18.284,43.824,0.190406,0.79091,0.397347
chartqa,1344,64,7,iter007,chartqa_val_7,33,9216,2304,64,107.987,107.987,248.828,0.433,1.262,231.116,13.758,284.226,287.376,1391.253,22.083,1678.629,1786.616,38.126,45.283,0.148233,0.317553,0.828803
chartqa,1344,64,8,iter008,chartqa_val_8,32,9216,2304,32,136.577,136.577,226.985,0.438,1.302,209.762,13.741,678.862,681.29,703.465,22.692,1384.755,1521.332,23.109,44.068,0.163917,0.654158,0.508007
chartqa,1344,64,9,iter009,chartqa_val_9,36,9216,2304,64,117.414,117.414,200.924,0.432,1.239,183.939,13.67,236.153,238.291,2364.303,37.529,2602.594,2720.008,24.591,26.646,0.077201,0.167939,0.908441
chartqa,1344,64,10,iter010,chartqa_val_10,44,9216,2304,63,109.182,109.182,199.781,0.435,1.277,182.816,13.603,618.377,620.835,4838.711,78.044,5459.546,5568.728,11.539,12.813,0.036593,0.149858,0.886285
chartqa,1344,64,11,iter011,chartqa_val_11,49,9216,2304,64,239.699,239.699,203.252,0.434,1.317,186.166,13.58,642.952,645.736,4555.871,72.315,5201.607,5441.306,12.304,13.828,0.039075,0.162681,0.875858
chartqa,1344,64,12,iter012,chartqa_val_12,30,9216,2304,24,300.926,300.926,206.975,0.436,1.282,189.204,13.641,242.208,246.588,505.866,21.994,752.454,1053.379,31.896,45.467,0.275067,0.596958,0.672289
chartqa,1344,64,13,iter013,chartqa_val_13,34,9216,2304,64,250.664,250.664,229.799,0.436,1.305,212.484,13.728,265.337,268.069,1546.069,24.541,1814.138,2064.802,35.278,40.749,0.126671,0.272932,0.852233
chartqa,1344,64,14,iter014,chartqa_val_14,30,9216,2304,34,326.272,326.272,202.596,0.436,1.302,185.525,13.646,237.823,241.017,763.823,23.146,1004.84,1331.112,33.836,43.204,0.20162,0.438298,0.760144
chartqa,1344,64,15,iter015,chartqa_val_15,35,9216,2304,64,144.026,144.026,201.126,0.435,1.288,184.102,13.595,236.227,238.515,1573.403,24.975,1811.918,1955.944,35.322,40.041,0.111002,0.241376,0.868363
chartqa,1344,64,16,iter016,chartqa_val_16,30,9216,2304,33,131.987,131.987,221.696,0.435,1.242,204.726,13.609,256.869,259.389,728.201,22.756,987.591,1119.577,33.415,43.944,0.224481,0.484578,0.737351
chartqa,1344,64,17,iter017,chartqa_val_17,40,9216,2304,64,172.403,172.403,250.079,0.438,1.299,232.502,13.644,675.199,678.212,1534.76,24.361,2212.972,2385.375,28.92,41.049,0.113006,0.418116,0.693529
chartqa,1344,64,18,iter018,chartqa_val_18,31,9216,2304,14,140.572,140.572,256.491,0.431,1.293,239.343,13.743,687.143,689.996,317.509,24.424,1007.505,1148.077,13.896,40.944,0.254581,0.936606,0.315144
chartqa,1344,64,19,iter019,chartqa_val_19,34,9216,2304,64,171.114,171.114,218.214,0.432,1.315,200.59,13.59,253.562,256.778,1500.637,23.82,1757.415,1928.529,36.417,41.982,0.124168,0.268449,0.853889
chartqa,1344,64,20,iter020,chartqa_val_20,36,9216,2304,18,141.262,141.262,208.264,0.436,1.288,191.259,13.635,244.448,246.762,411.513,24.207,658.276,799.538,27.344,41.311,0.316378,0.687723,0.625138
chartqa,1344,64,21,iter021,chartqa_val_21,38,9216,2304,64,109.994,109.994,210.121,0.438,1.282,193.227,13.588,697.855,700.022,1468.181,23.304,2168.203,2278.197,29.518,42.91,0.09691,0.418769,0.677142
chartqa,1344,64,22,iter022,chartqa_val_22,31,9216,2304,40,132.572,132.572,201.79,0.433,1.279,184.904,13.613,236.81,238.99,972.479,24.935,1211.469,1344.041,33.018,40.104,0.166566,0.362039,0.802727
chartqa,1344,64,23,iter023,chartqa_val_23,35,9216,2304,64,138.387,138.387,224.883,0.436,1.31,207.389,13.638,259.955,262.971,1516.264,24.068,1779.235,1917.622,35.971,41.55,0.126393,0.272498,0.8522
chartqa,1344,64,24,iter024,chartqa_val_24,31,9216,2304,26,148.783,148.783,230.976,0.433,1.28,213.981,13.647,266.124,268.522,615.502,24.62,884.024,1032.807,29.411,40.617,0.261278,0.562315,0.69625
chartqa,1344,64,25,iter025,chartqa_val_25,33,9216,2304,37,123.436,123.436,266.355,0.433,1.279,248.488,13.732,301.796,304.195,754.103,20.947,1058.298,1181.734,34.962,47.739,0.251682,0.536853,0.712562
chartqa,1344,64,26,iter026,chartqa_val_26,33,9216,2304,33,107.45,107.45,235.294,0.434,1.271,218.341,13.65,270.82,272.98,726.958,22.717,999.938,1107.389,33.002,44.019,0.235309,0.506145,0.727003
chartqa,1344,64,27,iter027,chartqa_val_27,33,9216,2304,46,122.448,122.448,224.793,0.436,1.284,207.737,13.702,259.873,262.023,1011.985,22.489,1274.008,1396.456,36.107,44.467,0.176445,0.380426,0.794332
chartqa,1344,64,28,iter028,chartqa_val_28,29,9216,2304,27,232.979,232.979,206.684,0.437,1.262,189.629,13.605,630.614,633.967,612.385,23.553,1246.352,1479.331,21.663,42.457,0.165831,0.671799,0.491342
chartqa,1344,64,29,iter029,chartqa_val_29,32,9216,2304,64,133.801,133.801,229.062,0.435,1.288,212.046,13.662,264.415,266.645,1533.384,24.339,1800.029,1933.83,35.555,41.086,0.127255,0.274149,0.851866
chartqa,1344,64,30,iter030,chartqa_val_30,33,9216,2304,43,121.153,121.153,220.648,0.435,1.26,203.736,13.625,256.92,259.083,993.008,23.643,1252.092,1373.244,34.343,42.296,0.176224,0.381416,0.793079
chartqa,1344,64,31,iter031,chartqa_val_31,31,9216,2304,43,113.428,113.428,211.635,0.438,1.272,194.586,13.662,246.86,249.297,1017.101,24.217,1266.398,1379.826,33.955,41.294,0.167116,0.362046,0.803145
chartqa,1344,64,32,iter032,chartqa_val_32,27,9216,2304,47,256.831,256.831,223.078,0.436,1.273,206.166,13.65,619.872,622.31,1549.577,33.686,2171.887,2428.719,21.64,29.686,0.102712,0.388119,0.71347
chartqa,1344,64,33,iter033,chartqa_val_33,31,9216,2304,37,147.281,147.281,198.404,0.432,1.248,181.646,13.568,233.348,235.442,842.042,23.39,1077.484,1224.765,34.339,42.753,0.184137,0.400704,0.781489
chartqa,1344,64,34,iter034,chartqa_val_34,34,9216,2304,17,169.258,169.258,255.728,0.435,1.309,237.949,13.672,291.15,298.699,340.334,21.271,639.033,808.29,26.603,47.013,0.40018,0.85579,0.532576
chartqa,1344,64,35,iter035,chartqa_val_35,35,9216,2304,64,203.805,203.805,241.953,0.437,1.286,224.435,13.638,277.022,285.361,1591.861,25.268,1877.221,2081.026,34.093,39.576,0.128889,0.276459,0.847988
chartqa,1344,64,36,iter036,chartqa_val_36,28,9216,2304,13,127.503,127.503,236.848,0.432,1.279,219.615,13.684,271.945,274.42,322.775,26.898,597.195,724.698,21.768,37.178,0.396601,0.851972,0.540484
chartqa,1344,64,37,iter037,chartqa_val_37,32,9216,2304,64,108.223,108.223,199.293,0.435,1.252,182.487,13.622,234.41,236.46,1494.775,23.727,1731.235,1839.458,36.968,42.147,0.115116,0.250517,0.863416
chartqa,1344,64,38,iter038,chartqa_val_38,28,9216,2304,15,121.574,121.574,227.576,0.433,1.267,210.703,13.65,262.459,264.583,317.64,22.689,582.224,703.797,25.763,44.075,0.390874,0.841662,0.545564
chartqa,1344,64,39,iter039,chartqa_val_39,34,9216,2304,64,134.927,134.927,235.085,0.437,1.252,218.246,13.644,270.115,272.181,1452.826,23.061,1725.007,1859.934,37.101,43.364,0.136281,0.292869,0.842214
chartqa,1344,64,40,iter040,chartqa_val_40,33,9216,2304,30,257.114,257.114,207.978,0.432,1.281,190.937,13.595,243.332,246.032,742.78,25.613,988.812,1245.926,30.339,39.043,0.210331,0.456416,0.751184
chartqa,1344,64,41,iter041,chartqa_val_41,34,9216,2304,26,179.161,179.161,221.227,0.432,1.262,203.736,13.627,256.388,259.495,600.618,24.025,860.113,1039.274,30.229,41.624,0.257207,0.555293,0.698301
chartqa,1344,64,42,iter042,chartqa_val_42,30,9216,2304,9,121.73,121.73,209.543,0.433,1.26,192.685,13.579,244.581,246.752,200.59,25.074,447.343,569.073,20.119,39.882,0.468417,1.015158,0.448404
chartqa,1344,64,43,iter043,chartqa_val_43,31,9216,2304,44,401.009,401.009,208.492,0.435,1.262,191.68,13.564,243.53,245.666,1002.002,23.302,1247.668,1648.676,35.266,42.914,0.167106,0.362294,0.8031
chartqa,1344,64,44,iter044,chartqa_val_44,29,9216,2304,14,122.91,122.91,228.675,0.435,1.26,211.784,13.648,263.67,265.837,268.325,20.64,534.162,657.071,26.209,48.449,0.428101,0.921715,0.502329
chartqa,1344,64,45,iter045,chartqa_val_45,33,9216,2304,64,300.921,300.921,224.492,0.436,1.272,207.526,13.645,259.477,262.402,1464.445,23.245,1726.847,2027.768,37.062,43.02,0.130001,0.280262,0.848046
chartqa,1344,64,46,iter046,chartqa_val_46,38,9216,2304,32,141.671,141.671,204.92,0.435,1.247,188.11,13.593,240.058,242.135,733.055,23.647,975.191,1116.862,32.814,42.289,0.210133,0.456298,0.751705
chartqa,1344,64,47,iter047,chartqa_val_47,30,9216,2304,64,151.785,151.785,204.507,0.435,1.279,187.625,13.575,239.461,241.611,1446.839,22.966,1688.45,1840.235,37.905,43.543,0.121121,0.262944,0.856903
chartqa,1344,64,48,iter048,chartqa_val_48,29,9216,2304,64,138.33,138.33,200.429,0.434,1.26,183.582,13.633,235.443,237.551,1360.188,21.59,1597.738,1736.069,40.057,46.317,0.125446,0.272805,0.851321
chartqa,1344,64,49,iter049,chartqa_val_49,33,9216,2304,62,125.203,125.203,198.745,0.435,1.259,181.971,13.58,233.714,235.76,1353.28,22.185,1589.04,1714.243,39.017,45.076,0.125072,0.272151,0.851633
chartqa,1344,64,50,iter050,chartqa_val_50,30,9216,2304,27,166.906,166.906,199.339,0.433,1.265,182.552,13.573,234.274,236.326,611.523,23.52,847.849,1014.755,31.845,42.517,0.235112,0.511428,0.721264
chartqa,1344,64,51,iter051,chartqa_val_51,30,9216,2304,64,134.614,134.614,219.331,0.438,1.255,202.258,13.673,254.291,256.491,1460.241,23.178,1716.732,1851.346,37.28,43.144,0.127761,0.275886,0.850593
chartqa,1344,64,52,iter052,chartqa_val_52,30,9216,2304,9,120.699,120.699,213.118,0.433,1.268,196.015,13.707,249.744,251.958,196.685,24.586,448.643,569.342,20.06,40.674,0.475028,1.031692,0.438399
chartqa,1344,64,53,iter053,chartqa_val_53,33,9216,2304,64,210.582,210.582,232.836,0.435,1.292,215.221,13.669,268.386,271.685,1514.693,24.043,1786.378,1996.96,35.827,41.593,0.13034,0.28058,0.847913
chartqa,1344,64,54,iter054,chartqa_val_54,29,9216,2304,52,260.668,260.668,207.542,0.436,1.266,190.6,13.588,242.761,245.177,1219.903,23.92,1465.08,1725.748,35.493,41.807,0.141659,0.307357,0.832653
chartqa,1344,64,55,iter055,chartqa_val_55,33,9216,2304,64,116.527,116.527,270.945,0.434,1.309,253.839,13.688,306.248,308.542,1546.175,24.542,1854.716,1971.244,34.507,40.746,0.146084,0.311203,0.833645
chartqa,1344,64,56,iter056,chartqa_val_56,32,9216,2304,48,247.934,247.934,209.201,0.436,1.269,192.279,13.637,244.55,246.779,1182.479,25.159,1429.258,1677.192,33.584,39.747,0.14637,0.317473,0.827337
chartqa,1344,64,57,iter057,chartqa_val_57,36,9216,2304,21,227.768,227.768,199.364,0.434,1.254,181.959,13.556,234.554,237.744,436.639,21.832,674.384,902.152,31.14,45.804,0.295623,0.643429,0.647464
chartqa,1344,64,58,iter058,chartqa_val_58,29,9216,2304,38,158.435,158.435,242.513,0.437,1.288,224.919,13.639,277.761,280.994,923.238,24.952,1204.231,1362.666,31.555,40.076,0.201384,0.432038,0.766662
chartqa,1344,64,59,iter059,chartqa_val_59,35,9216,2304,64,127.186,127.186,234.884,0.437,1.26,217.964,13.667,270.217,272.417,1525.87,24.22,1798.287,1925.473,35.589,41.288,0.130615,0.280879,0.848513
chartqa,1344,64,60,iter060,chartqa_val_60,29,9216,2304,29,147.515,147.515,231.004,0.433,1.306,214.01,13.606,266.131,268.507,649.012,23.179,917.519,1065.034,31.607,43.143,0.251771,0.541826,0.707355
chartqa,1344,64,61,iter061,chartqa_val_61,35,9216,2304,64,180.112,180.112,233.054,0.435,1.242,215.611,13.683,268.384,270.89,1520.443,24.134,1791.333,1971.446,35.728,41.435,0.130101,0.279925,0.848777
chartqa,1344,64,62,iter062,chartqa_val_62,30,9216,2304,45,207.714,207.714,217.274,0.437,1.276,200.296,13.652,254.154,256.952,1032.458,23.465,1289.41,1497.124,34.9,42.617,0.168506,0.365615,0.800721
chartqa,1344,64,63,iter063,chartqa_val_63,34,9216,2304,30,140.921,140.921,204.952,0.433,1.278,188.07,13.574,240.03,242.152,686.655,23.678,928.807,1069.727,32.3,42.234,0.220661,0.47909,0.739287
chartqa,1344,64,64,iter064,chartqa_val_64,33,9216,2304,16,202.281,202.281,226.695,0.43,1.292,208.492,13.679,272.672,276.406,377.419,25.161,653.825,856.106,24.471,39.744,0.346721,0.763762,0.577248
chartqa,1344,64,65,iter065,chartqa_val_65,35,9216,2304,64,143.52,143.52,240.146,0.438,1.274,222.969,13.714,281.599,284.188,1513.444,24.023,1797.632,1941.152,35.602,41.627,0.13359,0.29024,0.84191
chartqa,1344,64,66,iter066,chartqa_val_66,29,9216,2304,30,136.808,136.808,230.298,0.433,1.271,213.318,13.637,265.501,267.883,690.748,23.819,958.631,1095.439,31.295,41.983,0.240237,0.517195,0.720556
chartqa,1344,64,67,iter067,chartqa_val_67,31,9216,2304,64,136.257,136.257,232.938,0.431,1.295,215.92,13.684,268.23,270.524,1562.912,24.808,1833.436,1969.692,34.907,40.309,0.12705,0.273349,0.85245
chartqa,1344,64,68,iter068,chartqa_val_68,28,9216,2304,7,134.235,134.235,235.191,0.437,1.284,218.188,13.628,270.453,272.852,132.355,22.059,405.206,539.441,17.275,45.333,0.580424,1.247869,0.326635
chartqa,1344,64,69,iter069,chartqa_val_69,31,9216,2304,64,145.617,145.617,233.327,0.435,1.303,215.761,13.617,268.564,271.463,1625.362,25.799,1896.825,2042.442,33.741,38.761,0.123009,0.264596,0.856885
chartqa,1344,64,70,iter070,chartqa_val_70,34,9216,2304,64,166.684,166.684,245.812,0.435,1.313,227.87,13.682,281.051,284.29,1575.06,25.001,1859.349,2026.034,34.421,39.998,0.132203,0.283359,0.847103
chartqa,1344,64,71,iter071,chartqa_val_71,37,9216,2304,64,146.678,146.678,201.34,0.436,1.288,184.297,13.593,680.992,683.481,1456.114,23.113,2139.595,2286.273,29.912,43.266,0.094102,0.412382,0.680556
chartqa,1344,64,72,iter072,chartqa_val_72,31,9216,2304,17,125.357,125.357,206.686,0.435,1.301,189.593,13.598,241.941,244.465,411.944,25.747,656.409,781.766,25.898,38.84,0.314873,0.683455,0.627572
chartqa,1344,64,73,iter073,chartqa_val_73,32,9216,2304,64,159.225,159.225,232.004,0.433,1.288,215.064,13.63,267.534,269.799,1526.114,24.224,1795.914,1955.138,35.636,41.281,0.129184,0.278153,0.84977
chartqa,1344,64,74,iter074,chartqa_val_74,28,9216,2304,26,140.313,140.313,207.444,0.436,1.27,190.448,13.619,242.785,245.133,619.362,24.774,864.495,1004.808,30.075,40.364,0.23996,0.5208,0.716443
chartqa,1344,64,75,iter075,chartqa_val_75,31,9216,2304,64,204.647,204.647,236.247,0.438,1.276,219.157,13.67,271.457,273.924,1636.249,25.972,1910.173,2114.82,33.505,38.503,0.123678,0.26579,0.856597
chartqa,1344,64,76,iter076,chartqa_val_76,29,9216,2304,14,129.771,129.771,238.596,0.433,1.288,221.454,13.708,273.742,276.197,291.433,22.418,567.63,697.402,24.664,44.607,0.420336,0.902591,0.513421
chartqa,1344,64,77,iter077,chartqa_val_77,30,9216,2304,64,122.424,122.424,207.568,0.433,1.276,190.652,13.588,242.687,244.868,1641.071,26.049,1885.939,2008.363,33.935,38.39,0.110061,0.238743,0.870161
chartqa,1344,64,78,iter078,chartqa_val_78,30,9216,2304,26,143.651,143.651,231.061,0.438,1.282,214.041,13.652,266.151,268.408,670.735,26.829,939.143,1082.794,27.685,37.273,0.246034,0.529432,0.714199
chartqa,1344,64,79,iter079,chartqa_val_79,36,9216,2304,23,130.351,130.351,237.118,0.438,1.26,220.077,13.733,272.637,274.844,586.379,26.654,861.223,991.574,26.706,37.518,0.275327,0.591897,0.680868
chartqa,1344,64,80,iter080,chartqa_val_80,35,9216,2304,20,128.737,128.737,220.988,0.436,1.274,203.579,13.571,256.058,258.978,467.613,24.611,726.59,855.328,27.526,40.632,0.304144,0.656554,0.643571
chartqa,1344,64,81,iter081,chartqa_val_81,33,9216,2304,64,117.686,117.686,205.466,0.435,1.258,188.605,13.596,240.72,242.971,1541.825,24.473,1784.795,1902.481,35.858,40.861,0.11512,0.249993,0.863866
chartqa,1344,64,82,iter082,chartqa_val_82,29,9216,2304,14,125.737,125.737,231.082,0.436,1.279,213.99,13.752,266.349,268.691,315.997,24.307,584.688,710.425,23.944,41.14,0.395222,0.850762,0.540454
chartqa,1344,64,83,iter083,chartqa_val_83,31,9216,2304,64,160.481,160.481,258.687,0.434,1.302,241.671,13.7,293.877,296.093,1495.796,23.743,1791.89,1952.371,35.716,42.118,0.144366,0.30837,0.834759
chartqa,1344,64,84,iter084,chartqa_val_84,30,9216,2304,24,131.217,131.217,202.553,0.435,1.264,185.713,13.574,237.614,239.852,548.533,23.849,788.386,919.602,30.442,41.93,0.256921,0.558314,0.695768
chartqa,1344,64,85,iter085,chartqa_val_85,34,9216,2304,64,184.17,184.17,206.858,0.434,1.284,189.114,13.58,242.068,245.375,1396.216,22.162,1641.591,1825.761,38.987,45.122,0.126011,0.27347,0.850526
chartqa,1344,64,86,iter086,chartqa_val_86,38,9216,2304,29,120.31,120.31,223.308,0.433,1.249,206.462,13.619,258.977,261.113,658.182,23.507,919.295,1039.605,31.546,42.541,0.242912,0.524625,0.715964
chartqa,1344,64,87,iter087,chartqa_val_87,38,9216,2304,64,190.271,190.271,224.052,0.433,1.301,206.769,13.609,261.648,264.856,1504.147,23.875,1769.003,1959.274,36.179,41.884,0.126654,0.274561,0.850279
chartqa,1344,64,88,iter088,chartqa_val_88,29,9216,2304,55,322.436,322.436,207.799,0.436,1.309,190.739,13.633,243.743,246.154,1209.187,22.392,1455.341,1777.777,37.792,44.658,0.142784,0.310265,0.830861
chartqa,1344,64,89,iter089,chartqa_val_89,46,9216,2304,64,134.499,134.499,228.484,0.435,1.293,211.24,13.707,277.429,280.165,1450.203,23.019,1730.369,1864.868,36.986,43.442,0.132043,0.292373,0.838089
chartqa,1344,64,90,iter090,chartqa_val_90,27,9216,2304,41,144.376,144.376,248.226,0.434,1.274,230.755,13.654,283.242,285.701,965.111,24.128,1250.812,1395.187,32.779,41.446,0.198452,0.424899,0.771588
chartqa,1344,64,91,iter091,chartqa_val_91,30,9216,2304,63,137.865,137.865,221.256,0.433,1.258,204.518,13.59,256.163,258.197,1464.963,23.628,1723.16,1861.025,36.561,42.322,0.128401,0.27706,0.850161
chartqa,1344,64,92,iter092,chartqa_val_92,30,9216,2304,17,123.708,123.708,198.369,0.435,1.259,181.635,13.574,233.258,235.316,343.621,21.476,578.937,702.646,29.364,46.563,0.342643,0.745551,0.593538
chartqa,1344,64,93,iter093,chartqa_val_93,31,9216,2304,44,134.97,134.97,219.529,0.433,1.26,202.719,13.626,254.475,256.549,1023.323,23.798,1279.873,1414.843,34.378,42.02,0.171524,0.370353,0.799551
chartqa,1344,64,94,iter094,chartqa_val_94,30,9216,2304,62,131.464,131.464,199.165,0.437,1.28,182.323,13.561,234.23,236.398,1432.171,23.478,1668.569,1800.033,37.158,42.593,0.119363,0.25974,0.858323
chartqa,1344,64,95,iter095,chartqa_val_95,34,9216,2304,64,207.213,207.213,284.849,0.438,1.228,265.429,16.15,319.943,322.084,1449.199,23.003,1771.283,1978.496,36.132,43.472,0.160815,0.341443,0.818163
chartqa,1344,64,96,iter096,chartqa_val_96,32,9216,2304,34,115.564,115.564,199.309,0.432,1.217,182.552,13.62,234.502,236.592,772.513,23.409,1009.105,1124.669,33.693,42.718,0.197511,0.429897,0.765543
chartqa,1344,64,97,iter097,chartqa_val_97,35,9216,2304,64,149.347,149.347,229.279,0.433,1.316,211.6,13.628,264.59,268.001,1535.965,24.38,1803.966,1953.313,35.477,41.017,0.127097,0.273768,0.851438
chartqa,1344,64,98,iter098,chartqa_val_98,30,9216,2304,59,138.52,138.52,199.545,0.436,1.283,182.601,13.586,234.58,237.015,1326.607,22.873,1563.623,1702.143,37.733,43.721,0.127617,0.277641,0.848419
chartqa,1344,64,99,iter099,chartqa_val_99,34,9216,2304,64,132.681,132.681,233.263,0.435,1.27,216.064,13.905,270.897,273.082,1508.698,23.948,1781.78,1914.461,35.919,41.758,0.130916,0.282953,0.846736
chartqa,1344,64,100,iter100,chartqa_val_100,29,9216,2304,55,285.812,285.812,229.729,0.436,1.291,212.496,13.701,269.528,272.269,1353.59,25.066,1625.859,1911.671,33.828,39.894,0.141297,0.307073,0.832538
chartqa,1344,64,101,iter101,chartqa_val_101,49,9216,2304,64,197.288,197.288,207.547,0.436,1.244,190.617,13.636,242.977,245.345,1547.69,24.567,1793.035,1990.323,35.694,40.706,0.115752,0.251264,0.863168
chartqa,1344,64,102,iter102,chartqa_val_102,28,9216,2304,11,232.554,232.554,203.922,0.432,1.272,186.989,13.579,239.065,241.517,247.288,24.729,488.805,721.358,22.504,40.439,0.417184,0.906265,0.505904
chartqa,1344,64,103,iter103,chartqa_val_103,31,9216,2304,61,221.235,221.235,271.656,0.436,1.298,254.02,13.69,306.802,309.928,1468.113,24.469,1778.04,1999.275,34.307,40.869,0.152784,0.325334,0.825692
chartqa,1344,64,104,iter104,chartqa_val_104,30,9216,2304,11,129.763,129.763,205.754,0.433,1.222,188.955,13.575,240.79,242.92,275.282,27.528,518.202,647.965,21.227,36.326,0.397053,0.861717,0.531225
chartqa,1344,64,105,iter105,chartqa_val_105,34,9216,2304,58,157.292,157.292,215.617,0.435,1.273,198.331,13.556,251.019,253.726,1374.483,24.114,1628.209,1785.501,35.622,41.47,0.132426,0.286595,0.844169
chartqa,1344,64,106,iter106,chartqa_val_106,27,9216,2304,35,153.589,153.589,197.619,0.435,1.271,180.745,13.583,233.278,235.546,789.376,23.217,1024.922,1178.511,34.149,43.072,0.192813,0.420419,0.770181
chartqa,1344,64,107,iter107,chartqa_val_107,35,9216,2304,64,148.556,148.556,234.577,0.436,1.292,217.493,13.63,269.987,272.644,1517.909,24.094,1790.553,1939.109,35.743,41.504,0.131008,0.281792,0.847732
chartqa,1344,64,108,iter108,chartqa_val_108,29,9216,2304,13,262.79,262.79,221.408,0.433,1.308,203.779,13.595,256.68,259.937,264.094,22.008,524.031,786.821,24.808,45.438,0.42251,0.912329,0.503966
chartqa,1344,64,109,iter109,chartqa_val_109,30,9216,2304,46,130.105,130.105,216.241,0.436,1.276,199.256,13.629,252.964,255.315,1076.942,23.932,1332.258,1462.363,34.528,41.785,0.162311,0.352188,0.808359
chartqa,1344,64,110,iter110,chartqa_val_110,31,9216,2304,19,122.53,122.53,211.194,0.434,1.214,194.358,13.635,246.953,249.044,421.684,23.427,670.728,793.258,28.327,42.686,0.314873,0.68306,0.628695
chartqa,1344,64,111,iter111,chartqa_val_111,32,9216,2304,64,147.519,147.519,220.488,0.433,1.26,203.597,13.639,256.358,258.495,1435.13,22.78,1693.625,1841.144,37.789,43.898,0.130187,0.281554,0.847372
chartqa,1344,64,112,iter112,chartqa_val_112,30,9216,2304,14,129.673,129.673,199.276,0.438,1.281,182.435,13.568,234.261,236.426,316.03,24.31,552.457,682.13,25.341,41.135,0.360708,0.784744,0.572045
chartqa,1344,64,113,iter113,chartqa_val_113,30,9216,2304,64,176.452,176.452,199.657,0.437,1.251,182.931,13.564,234.568,236.573,1450.552,23.025,1687.125,1863.577,37.934,43.432,0.118342,0.257376,0.859778
chartqa,1344,64,114,iter114,chartqa_val_114,28,9216,2304,13,237.39,237.39,206.363,0.431,1.28,188.992,13.596,241.37,244.184,312.81,26.068,556.994,794.384,23.34,38.362,0.370493,0.803837,0.561605
chartqa,1344,64,115,iter115,chartqa_val_115,31,9216,2304,64,145.739,145.739,207.934,0.434,1.291,190.9,13.593,243.219,245.809,1545.877,24.538,1791.686,1937.425,35.721,40.754,0.116055,0.251804,0.862806
chartqa,1344,64,116,iter116,chartqa_val_116,30,9216,2304,7,135.724,135.724,232.984,0.434,1.286,215.953,13.639,268.158,270.455,130.525,21.754,400.98,536.704,17.457,45.968,0.581037,1.249794,0.325515
chartqa,1344,64,117,iter117,chartqa_val_117,34,9216,2304,39,294.381,294.381,218.034,0.438,1.312,200.409,13.65,253.305,256.457,974.169,25.636,1230.625,1525.007,31.691,39.008,0.177173,0.383008,0.791605
chartqa,1344,64,118,iter118,chartqa_val_118,29,9216,2304,33,144.743,144.743,199.761,0.435,1.275,182.903,13.575,234.83,237.15,728.947,22.78,966.097,1110.84,34.158,43.899,0.206772,0.449843,0.754528
chartqa,1344,64,119,iter119,chartqa_val_119,33,9216,2304,64,342.834,342.834,239.549,0.436,1.278,222.141,13.618,274.693,278.124,1391.383,22.085,1669.507,2012.342,38.335,45.279,0.143485,0.30802,0.833409
chartqa,1344,64,120,iter120,chartqa_val_120,30,9216,2304,52,286.735,286.735,204.862,0.431,1.272,187.896,13.588,240.005,242.526,1291.564,25.325,1534.09,1820.825,33.896,39.487,0.13354,0.289987,0.841909
chartqa,1344,64,121,iter121,chartqa_val_121,31,9216,2304,64,138.275,138.275,222.055,0.436,1.284,204.99,13.696,257.871,260.831,1514.267,24.036,1775.098,1913.373,36.054,41.604,0.125094,0.270366,0.853061
chartqa,1344,64,122,iter122,chartqa_val_122,33,9216,2304,27,152.197,152.197,208.278,0.434,1.257,191.165,13.635,243.591,246.353,664.861,25.572,911.214,1063.411,29.631,39.106,0.228572,0.495897,0.729643
chartqa,1344,64,123,iter123,chartqa_val_123,39,9216,2304,64,158.736,158.736,277.087,0.434,1.316,259.31,13.812,752.484,755.509,1611.66,25.582,2367.169,2525.905,27.037,39.09,0.117054,0.434937,0.680838
chartqa,1344,64,124,iter124,chartqa_val_124,45,9216,2304,29,151.865,151.865,212.814,0.435,1.293,195.547,13.784,693.775,696.192,653.172,23.328,1349.364,1501.229,21.492,42.868,0.157714,0.671864,0.484059
chartqa,1344,64,125,iter125,chartqa_val_125,44,9216,2304,64,175.162,175.162,232.672,0.436,1.263,215.708,13.68,267.78,269.962,1494.004,23.714,1763.967,1939.129,36.282,42.169,0.131903,0.283708,0.846957
chartqa,1344,64,126,iter126,chartqa_val_126,29,9216,2304,30,165.299,165.299,202.901,0.431,1.282,185.919,13.603,238.092,240.553,662.079,22.83,902.632,1067.931,33.236,43.801,0.224788,0.488564,0.733498
chartqa,1344,64,127,iter127,chartqa_val_127,32,9216,2304,34,139.317,139.317,259.092,0.433,1.269,242.054,13.721,294.512,296.747,794.01,24.061,1090.757,1230.074,31.171,41.561,0.237534,0.507541,0.727944
chartqa,1344,64,128,iter128,chartqa_val_128,28,9216,2304,39,127.343,127.343,212.04,0.433,1.234,194.943,13.732,247.169,249.461,923.939,24.314,1173.4,1300.743,33.237,41.128,0.180706,0.391349,0.787404
chartqa,1344,64,129,iter129,chartqa_val_129,29,9216,2304,38,158.541,158.541,222.042,0.434,1.263,205.149,13.653,257.703,259.746,860.67,23.261,1120.417,1278.958,33.916,42.99,0.198178,0.428184,0.76817
chartqa,1344,64,130,iter130,chartqa_val_130,28,9216,2304,35,247.429,247.429,202.306,0.435,1.267,185.407,13.639,237.523,239.647,800.288,23.538,1039.935,1287.365,33.656,42.485,0.194537,0.422938,0.769556
chartqa,1344,64,131,iter131,chartqa_val_131,34,9216,2304,64,122.274,122.274,225.048,0.436,1.269,208.134,13.644,261.026,263.133,1479.715,23.488,1742.848,1865.123,36.721,42.576,0.129127,0.278896,0.849021
chartqa,1344,64,132,iter132,chartqa_val_132,30,9216,2304,64,190.038,190.038,206.256,0.433,1.292,189.181,13.598,241.503,244.193,1505.465,23.896,1749.658,1939.696,36.579,41.848,0.117883,0.255912,0.860434
chartqa,1344,64,133,iter133,chartqa_val_133,36,9216,2304,64,125.491,125.491,251.377,0.437,1.275,234.403,13.716,286.362,288.488,1553.75,24.663,1842.239,1967.73,34.74,40.547,0.136452,0.291894,0.843403
chartqa,1344,64,134,iter134,chartqa_val_134,44,9216,2304,33,254.528,254.528,231.885,0.431,1.293,214.336,13.631,267.281,270.143,811.715,25.366,1081.858,1336.386,30.503,39.423,0.214339,0.461397,0.750297
chartqa,1344,64,135,iter135,chartqa_val_135,49,9216,2304,64,141.816,141.816,233.842,0.436,1.311,216.191,13.68,269.333,272.434,1589.26,25.226,1861.693,2003.509,34.377,39.641,0.125607,0.270278,0.853664
chartqa,1344,64,136,iter136,chartqa_val_136,37,9216,2304,33,128.106,128.106,261.343,0.436,1.278,244.379,13.668,296.49,298.849,727.673,22.74,1026.521,1154.627,32.147,43.976,0.254591,0.543421,0.708872
chartqa,1344,64,137,iter137,chartqa_val_137,41,9216,2304,26,117.712,117.712,198.211,0.431,1.259,181.416,13.644,625.034,627.114,541.039,21.642,1168.152,1285.865,22.257,46.207,0.169679,0.704741,0.463158
chartqa,1344,64,138,iter138,chartqa_val_138,29,9216,2304,28,116.334,116.334,226.208,0.433,1.276,209.304,13.645,261.362,263.497,612.239,22.676,875.736,992.07,31.973,44.1,0.258306,0.556755,0.699114
chartqa,1344,64,139,iter139,chartqa_val_139,33,9216,2304,64,182.469,182.469,259.836,0.437,1.282,242.861,13.702,295.584,297.646,1430.891,22.713,1728.537,1911.006,37.026,44.029,0.150321,0.321323,0.827804
chartqa,1344,64,140,iter140,chartqa_val_140,30,9216,2304,29,137.181,137.181,231.758,0.432,1.262,214.623,13.9,266.781,268.947,721.031,25.751,989.978,1127.159,29.294,38.833,0.234104,0.503586,0.72833
chartqa,1344,64,141,iter141,chartqa_val_141,31,9216,2304,64,136.589,136.589,231.555,0.435,1.273,214.512,13.679,266.585,268.717,1512.785,24.012,1781.502,1918.09,35.925,41.645,0.129978,0.279618,0.849163
chartqa,1344,64,142,iter142,chartqa_val_142,29,9216,2304,19,152.423,152.423,218.403,0.435,1.309,200.887,13.615,253.452,256.479,416.887,23.16,673.365,825.788,28.216,43.177,0.324346,0.700742,0.619109
chartqa,1344,64,143,iter143,chartqa_val_143,41,9216,2304,64,255.875,255.875,198.706,0.439,1.287,181.853,13.571,233.823,235.988,1481.092,23.509,1717.08,1972.955,37.273,42.536,0.115723,0.251898,0.862564
chartqa,1344,64,144,iter144,chartqa_val_144,29,9216,2304,27,135.679,135.679,256.574,0.433,1.275,239.496,13.794,291.579,293.812,611.763,23.529,905.574,1041.253,29.815,42.5,0.283328,0.605311,0.675552
chartqa,1344,64,145,iter145,chartqa_val_145,31,9216,2304,47,152.017,152.017,227.837,0.435,1.268,210.942,13.688,263.487,265.513,1061.254,23.071,1326.767,1478.784,35.424,43.345,0.171724,0.370317,0.79988
chartqa,1344,64,146,iter146,chartqa_val_146,29,9216,2304,64,262.268,262.268,231.663,0.437,1.295,214.527,13.668,267.726,270.34,1525.104,24.208,1795.444,2057.712,35.646,41.309,0.129028,0.278142,0.84943
chartqa,1344,64,147,iter147,chartqa_val_147,37,9216,2304,64,281.186,281.186,243.037,0.434,1.308,225.818,13.739,278.554,281.082,1565.17,24.844,1846.252,2127.438,34.665,40.251,0.131638,0.282513,0.847755
chartqa,1344,64,148,iter148,chartqa_val_148,30,9216,2304,29,159.181,159.181,234.373,0.438,1.293,217.389,13.639,269.733,272.081,666.043,23.787,938.125,1097.306,30.913,42.039,0.249832,0.537355,0.709973
chartqa,1344,64,149,iter149,chartqa_val_149,38,9216,2304,64,162.98,162.98,202.706,0.436,1.281,185.765,13.596,238.379,240.786,1463.473,23.23,1704.26,1867.24,37.553,43.048,0.118941,0.258813,0.858715
chartqa,1344,64,150,iter150,chartqa_val_150,29,9216,2304,22,136.564,136.564,220.596,0.435,1.265,203.743,13.608,256.385,258.488,439.557,20.931,698.045,834.609,31.517,47.775,0.316019,0.683308,0.629698
chartqa,1344,64,151,iter151,chartqa_val_151,31,9216,2304,64,302.692,302.692,286.924,0.434,1.281,269.379,13.87,322.227,324.932,1556.438,24.705,1881.37,2184.062,34.018,40.477,0.152508,0.323781,0.82729
chartqa,1344,64,152,iter152,chartqa_val_152,27,9216,2304,10,225.22,225.22,210.737,0.436,1.302,193.486,13.721,245.937,248.242,210.071,23.341,458.314,683.534,21.819,42.843,0.45981,0.996423,0.458357
chartqa,1344,64,153,iter153,chartqa_val_153,31,9216,2304,11,145.807,145.807,213.785,0.437,1.251,196.921,13.648,250.51,252.678,230.14,23.014,482.818,628.625,22.783,43.452,0.442785,0.961634,0.47666
chartqa,1344,64,154,iter154,chartqa_val_154,31,9216,2304,29,117.724,117.724,254.756,0.438,1.255,237.789,13.724,289.749,291.838,668.344,23.869,960.182,1077.906,30.203,41.895,0.265321,0.567086,0.69606
chartqa,1344,64,155,iter155,chartqa_val_155,31,9216,2304,50,137.863,137.863,212.474,0.435,1.276,195.49,13.642,249.642,251.978,1151.488,23.5,1403.467,1541.33,35.626,42.554,0.151392,0.329268,0.82046
chartqa,1344,64,156,iter156,chartqa_val_156,28,9216,2304,42,154.139,154.139,233.551,0.435,1.262,216.637,13.667,268.758,270.888,1046.546,25.526,1317.434,1471.572,31.88,39.176,0.177277,0.381279,0.794382
chartqa,1344,64,157,iter157,chartqa_val_157,30,9216,2304,64,147.215,147.215,230.324,0.435,1.31,212.481,13.738,265.487,268.791,1538.723,24.424,1807.514,1954.729,35.408,40.943,0.127426,0.274306,0.851293
chartqa,1344,64,158,iter158,chartqa_val_158,30,9216,2304,33,187.363,187.363,216.53,0.437,1.328,198.773,13.636,251.851,255.217,790.191,24.693,1045.408,1232.771,31.567,40.497,0.207125,0.448037,0.755869
chartqa,1344,64,159,iter159,chartqa_val_159,30,9216,2304,17,269.453,269.453,287.29,0.438,1.305,269.184,13.661,322.484,326.024,339.091,21.193,665.115,934.569,25.559,47.185,0.431941,0.916795,0.509823
chartqa,1344,64,160,iter160,chartqa_val_160,30,9216,2304,25,120.466,120.466,204.031,0.435,1.31,187.06,13.606,239.079,241.259,610.039,25.418,851.299,971.764,29.367,39.342,0.23967,0.52051,0.716598
chartqa,1344,64,161,iter161,chartqa_val_161,44,9216,2304,64,148.338,148.338,228.54,0.433,1.288,211.545,13.709,263.736,265.826,1492.529,23.691,1758.354,1906.692,36.398,42.21,0.129974,0.279964,0.848821
chartqa,1344,64,162,iter162,chartqa_val_162,30,9216,2304,36,224.691,224.691,207.653,0.436,1.293,190.024,13.63,242.932,246.937,834.778,23.851,1081.714,1306.405,33.281,41.927,0.191967,0.416548,0.771717
chartqa,1344,64,163,iter163,chartqa_val_163,34,9216,2304,64,112.507,112.507,203.415,0.433,1.227,186.633,13.608,238.476,240.57,1440.631,22.867,1681.202,1793.709,38.068,43.731,0.120994,0.262842,0.856906
chartqa,1344,64,164,iter164,chartqa_val_164,34,9216,2304,3,395.431,395.431,210.99,0.437,1.318,193.8,13.628,246.458,249.184,62.32,31.16,311.504,706.935,9.631,32.092,0.677326,1.468512,0.200061
chartqa,1344,64,165,iter165,chartqa_val_165,31,9216,2304,39,132.808,132.808,208.454,0.436,1.265,191.622,13.596,243.448,245.584,907.163,23.873,1152.746,1285.554,33.832,41.889,0.180833,0.392022,0.786958
chartqa,1344,64,166,iter166,chartqa_val_166,40,9216,2304,40,308.809,308.809,222.163,0.432,1.364,204.535,13.627,257.441,260.553,887.695,22.761,1148.248,1457.057,34.836,43.934,0.19348,0.417683,0.773086
chartqa,1344,64,167,iter167,chartqa_val_167,50,9216,2304,53,114.097,114.097,227.218,0.437,1.287,210.269,13.652,666.552,668.731,1225.106,23.56,1893.836,2007.934,27.986,42.445,0.119977,0.471936,0.646891
chartqa,1344,64,168,iter168,chartqa_val_168,33,9216,2304,11,286.948,286.948,204.172,0.435,1.282,186.718,13.561,239.339,242.448,203.977,20.398,446.425,733.374,24.64,49.025,0.457349,0.993473,0.456912
chartqa,1344,64,169,iter169,chartqa_val_169,35,9216,2304,40,121.041,121.041,203.325,0.439,1.25,186.499,13.624,238.287,240.401,895.904,22.972,1136.306,1257.346,35.202,43.531,0.178935,0.388638,0.788436
chartqa,1344,64,170,iter170,chartqa_val_170,29,9216,2304,47,160.703,160.703,201.465,0.433,1.257,184.635,13.609,236.461,238.542,1087.438,23.64,1325.981,1486.684,35.445,42.301,0.151936,0.330266,0.820101
chartqa,1344,64,171,iter171,chartqa_val_171,32,9216,2304,64,150.547,150.547,201.018,0.436,1.258,184.235,13.563,236.166,238.266,1523.881,24.189,1762.147,1912.694,36.319,41.342,0.114075,0.248097,0.864786
chartqa,1344,64,172,iter172,chartqa_val_172,33,9216,2304,59,125.614,125.614,224.421,0.435,1.26,207.579,13.653,259.535,261.652,1368.011,23.586,1629.662,1755.276,36.204,42.397,0.13771,0.296967,0.839444
chartqa,1344,64,173,iter173,chartqa_val_173,42,9216,2304,64,211.119,211.119,241.009,0.432,1.397,223.01,13.696,765.715,769.621,1530.96,24.301,2300.582,2511.7,27.819,41.151,0.10476,0.437596,0.665467
chartqa,1344,64,174,iter174,chartqa_val_174,27,9216,2304,33,125.772,125.772,213.739,0.436,1.28,196.707,13.647,248.826,251.089,786.949,24.592,1038.037,1163.809,31.791,40.663,0.205907,0.445615,0.758112
chartqa,1344,64,175,iter175,chartqa_val_175,45,9216,2304,64,231.173,231.173,259.068,0.435,1.287,241.764,13.676,294.348,297.446,1477.249,23.448,1774.695,2005.868,36.063,42.647,0.145979,0.311837,0.832396
chartqa,1344,64,176,iter176,chartqa_val_176,37,9216,2304,42,139.182,139.182,237.083,0.436,1.266,220.035,13.638,272.307,274.637,966.924,23.584,1241.561,1380.742,33.828,42.403,0.190956,0.410282,0.778797
chartqa,1344,64,177,iter177,chartqa_val_177,40,9216,2304,64,127.25,127.25,259.804,0.437,1.274,242.795,13.694,294.988,297.219,1548.345,24.577,1845.564,1972.814,34.678,40.689,0.140772,0.300609,0.838955
chartqa,1344,64,178,iter178,chartqa_val_178,34,9216,2304,64,233.393,233.393,206.651,0.435,1.259,189.763,13.585,245.373,247.521,1545.282,24.528,1792.803,2026.196,35.698,40.769,0.115267,0.252132,0.861936
chartqa,1344,64,179,iter179,chartqa_val_179,42,9216,2304,64,127.098,127.098,230.639,0.435,1.27,213.803,13.613,265.641,267.757,1579.907,25.078,1847.664,1974.762,34.638,39.876,0.124828,0.268599,0.855084
chartqa,1344,64,180,iter180,chartqa_val_180,33,9216,2304,20,139.017,139.017,205.941,0.435,1.271,189.101,13.567,240.911,243.021,475.253,25.013,718.274,857.291,27.845,39.979,0.286716,0.622119,0.661659
chartqa,1344,64,181,iter181,chartqa_val_181,40,9216,2304,64,144.36,144.36,228.323,0.435,1.277,211.434,13.61,263.548,265.664,1555.638,24.693,1821.302,1965.662,35.14,40.498,0.125363,0.270066,0.854135
chartqa,1344,64,182,iter182,chartqa_val_182,48,9216,2304,34,246.421,246.421,198.336,0.437,1.228,181.543,13.549,683.621,685.991,724.29,21.948,1410.281,1656.702,24.109,45.562,0.140636,0.625377,0.513579
chartqa,1344,64,183,iter183,chartqa_val_183,39,9216,2304,64,135.249,135.249,230.688,0.436,1.26,213.695,13.69,265.782,267.981,1439.504,22.849,1707.485,1842.734,37.482,43.765,0.135104,0.290761,0.843055
chartqa,1344,64,184,iter184,chartqa_val_184,33,9216,2304,20,126.983,126.983,218.466,0.435,1.273,201.588,13.627,255.047,257.192,431.606,22.716,688.798,815.781,29.036,44.022,0.317169,0.687447,0.626608
chartqa,1344,64,185,iter185,chartqa_val_185,42,9216,2304,2,114.476,114.476,200.413,0.436,1.266,183.596,13.568,235.408,237.55,21.265,21.265,258.816,373.291,7.728,47.025,0.774345,1.683903,0.082164
chartqa,1344,64,186,iter186,chartqa_val_186,33,9216,2304,23,346.869,346.869,206.502,0.435,1.283,189.511,13.581,243.59,246.194,558.743,25.397,804.937,1151.806,28.574,39.374,0.256545,0.559165,0.694145
chartqa,1344,64,187,iter187,chartqa_val_187,33,9216,2304,39,236.463,236.463,251.099,0.436,1.289,229.88,13.589,286.175,289.336,892.975,23.499,1182.311,1418.774,32.986,42.554,0.21238,0.454427,0.755279
chartqa,1344,64,188,iter188,chartqa_val_188,35,9216,2304,33,124.329,124.329,257.786,0.435,1.262,240.671,13.89,292.876,294.962,722.918,22.591,1017.88,1142.209,32.42,44.265,0.253258,0.540989,0.710219
chartqa,1344,64,189,iter189,chartqa_val_189,32,9216,2304,57,126.004,126.004,247.49,0.437,1.301,230.047,13.64,282.891,285.793,1298.684,23.191,1584.478,1710.482,35.974,43.121,0.156197,0.334735,0.819629
chartqa,1344,64,190,iter190,chartqa_val_190,37,9216,2304,53,132.584,132.584,236.272,0.436,1.288,219.323,13.61,271.496,273.778,1214.669,23.359,1488.446,1621.03,35.608,42.81,0.158737,0.34114,0.816065
chartqa,1344,64,191,iter191,chartqa_val_191,34,9216,2304,18,248.212,248.212,217.193,0.434,1.268,200.244,13.621,254.221,256.557,419.677,24.687,676.234,924.446,26.618,40.507,0.321181,0.697117,0.620609
chartqa,1344,64,192,iter192,chartqa_val_192,44,9216,2304,64,137.407,137.407,231.368,0.434,1.262,214.492,13.651,266.409,268.466,1495.444,23.737,1763.91,1901.318,36.283,42.128,0.131168,0.282201,0.847801
chartqa,1344,64,193,iter193,chartqa_val_193,43,9216,2304,43,118.902,118.902,235.782,0.437,1.293,218.851,13.664,717.51,719.657,1008.821,24.02,1728.478,1847.379,24.877,41.633,0.13641,0.551521,0.583647
chartqa,1344,64,194,iter194,chartqa_val_194,36,9216,2304,23,125.838,125.838,233.03,0.435,1.259,216.183,13.606,268.069,270.149,524.546,23.843,794.695,920.533,28.942,41.941,0.293232,0.630555,0.660059
chartqa,1344,64,195,iter195,chartqa_val_195,43,9216,2304,64,380.252,380.252,219.754,0.432,1.231,202.871,13.624,256.371,258.725,1455.458,23.103,1714.182,2094.434,37.336,43.285,0.128198,0.277756,0.849068
chartqa,1344,64,196,iter196,chartqa_val_196,32,9216,2304,19,136.842,136.842,198.345,0.437,1.271,181.563,13.574,233.413,235.497,392.94,21.83,628.437,765.279,30.234,45.809,0.315617,0.687036,0.625265
chartqa,1344,64,197,iter197,chartqa_val_197,40,9216,2304,64,121.141,121.141,202.117,0.435,1.27,185.283,13.641,237.707,239.726,1447.842,22.982,1687.568,1808.709,37.924,43.513,0.119768,0.260626,0.857946
chartqa,1344,64,198,iter198,chartqa_val_198,28,9216,2304,17,139.105,139.105,219.912,0.436,1.253,203.053,13.657,254.931,256.957,406.493,25.406,663.45,802.555,25.624,39.361,0.331468,0.715718,0.612696
chartqa,1344,64,199,iter199,chartqa_val_199,34,9216,2304,23,130.639,130.639,198.669,0.437,1.252,181.891,13.609,233.672,235.708,516.143,23.461,751.851,882.49,30.591,42.624,0.26424,0.575036,0.686496
chartqa,1344,64,200,iter200,chartqa_val_200,35,9216,2304,64,123.096,123.096,220.931,0.435,1.214,204.024,13.64,255.857,257.965,1425.512,22.627,1683.477,1806.573,38.017,44.195,0.131235,0.283216,0.846767
chartqa,1344,64,201,iter201,chartqa_val_201,35,9216,2304,22,211.183,211.183,202.507,0.436,1.275,185.264,13.553,237.437,240.257,427.483,20.356,667.74,878.923,32.947,49.125,0.303272,0.658854,0.640194
chartqa,1344,64,202,iter202,chartqa_val_202,30,9216,2304,9,321.383,321.383,198.481,0.435,1.265,181.677,13.566,233.439,235.548,163.437,20.43,398.985,720.369,22.557,48.948,0.497465,1.082546,0.409632
chartqa,1344,64,203,iter203,chartqa_val_203,48,9216,2304,64,130.647,130.647,226.957,0.437,1.314,209.871,13.678,262.3,264.811,1460.067,23.176,1724.878,1855.525,37.104,43.149,0.131578,0.283647,0.846475
chartqa,1344,64,204,iter204,chartqa_val_204,30,9216,2304,47,219.218,219.218,238.224,0.433,1.268,221.22,13.668,274.112,276.43,1018.563,22.143,1294.993,1514.211,36.294,45.162,0.183958,0.395628,0.786539
chartqa,1344,64,205,iter205,chartqa_val_205,36,9216,2304,23,139.055,139.055,203.218,0.436,1.22,186.433,13.604,238.226,240.422,534.766,24.308,775.188,914.243,29.67,41.14,0.262153,0.569467,0.689853
chartqa,1344,64,206,iter206,chartqa_val_206,41,9216,2304,42,144.243,144.243,204.867,0.437,1.259,188.017,13.615,239.943,242.105,974.347,23.765,1216.452,1360.695,34.527,42.079,0.168414,0.365662,0.800974
chartqa,1344,64,207,iter207,chartqa_val_207,46,9216,2304,39,212.863,212.863,206.386,0.436,1.281,189.401,13.585,241.778,244.327,918.66,24.175,1162.987,1375.851,33.534,41.365,0.177462,0.385356,0.789914
chartqa,1344,64,208,iter208,chartqa_val_208,31,9216,2304,8,121.091,121.091,230.304,0.435,1.267,213.286,13.639,266.205,268.55,172.453,24.636,441.002,562.094,18.14,40.591,0.522228,1.125864,0.391047
chartqa,1344,64,209,iter209,chartqa_val_209,39,9216,2304,8,123.351,123.351,227.364,0.436,1.291,209.913,13.625,262.461,265.461,175.152,25.022,440.614,563.965,18.156,39.965,0.516016,1.111686,0.397519
chartqa,1344,64,210,iter210,chartqa_val_210,33,9216,2304,20,164.585,164.585,214.111,0.436,1.282,196.767,13.585,249.181,251.996,421.549,22.187,673.545,838.13,29.694,45.072,0.317887,0.687843,0.625866
chartqa,1344,64,211,iter211,chartqa_val_211,39,9216,2304,13,125.272,125.272,199.73,0.435,1.253,182.921,13.589,234.73,236.814,322.383,26.865,559.197,684.469,23.248,37.223,0.357172,0.776935,0.57651
chartqa,1344,64,212,iter212,chartqa_val_212,31,9216,2304,12,145.971,145.971,223.784,0.433,1.22,207.04,13.608,258.803,260.846,256.727,23.339,517.573,663.543,23.185,42.847,0.432373,0.932405,0.496021
chartqa,1344,64,213,iter213,chartqa_val_213,43,9216,2304,39,144.809,144.809,234.029,0.436,1.271,217.079,13.66,269.236,271.356,908.824,23.916,1180.18,1324.988,33.046,41.812,0.1983,0.426431,0.770073
chartqa,1344,64,214,iter214,chartqa_val_214,30,9216,2304,13,147.276,147.276,225.491,0.435,1.276,208.077,13.628,260.552,263.575,264.38,22.032,527.955,675.231,24.623,45.389,0.427103,0.920615,0.500763
chartqa,1344,64,215,iter215,chartqa_val_215,34,9216,2304,38,251.1,251.1,200.086,0.437,1.272,183.215,13.623,235.899,238.124,875.429,23.66,1113.553,1364.653,34.125,42.265,0.179682,0.391526,0.786158
chartqa,1344,64,216,iter216,chartqa_val_216,30,9216,2304,7,151.353,151.353,209.922,0.435,1.251,193.003,13.7,244.917,247.091,172.454,28.742,419.544,570.898,16.685,34.792,0.500358,1.084128,0.41105
chartqa,1344,64,217,iter217,chartqa_val_217,43,9216,2304,3,139.313,139.313,230.018,0.435,1.265,212.806,13.642,265.019,267.723,60.747,30.374,328.47,467.784,9.133,32.923,0.70027,1.507097,0.18494
chartqa,1344,64,218,iter218,chartqa_val_218,31,9216,2304,7,155.606,155.606,231.215,0.433,1.253,214.349,13.658,266.305,268.408,129.118,21.52,397.526,553.132,17.609,46.469,0.581634,1.251541,0.324803
chartqa,1344,64,219,iter219,chartqa_val_219,33,9216,2304,64,122.907,122.907,256.422,0.435,1.259,239.562,13.694,291.378,293.407,1484.453,23.563,1777.859,1900.767,35.998,42.44,0.144231,0.308123,0.834966
chartqa,1344,64,220,iter220,chartqa_val_220,33,9216,2304,64,298.208,298.208,197.281,0.435,1.257,180.463,13.591,233.187,235.261,1417.233,22.496,1652.494,1950.701,38.729,44.453,0.119384,0.260496,0.857633
chartqa,1344,64,221,iter221,chartqa_val_221,31,9216,2304,60,172.039,172.039,200.675,0.436,1.275,183.839,13.611,235.739,237.863,1396.207,23.665,1634.07,1806.109,36.718,42.257,0.122807,0.267072,0.854436
chartqa,1344,64,222,iter222,chartqa_val_222,46,9216,2304,64,122.08,122.08,251.997,0.436,1.276,235.046,13.696,287.066,289.242,1463.634,23.232,1752.876,1874.956,36.511,43.044,0.143762,0.307531,0.83499
chartqa,1344,64,223,iter223,chartqa_val_223,35,9216,2304,17,314.218,314.218,227.696,0.436,1.292,210.6,13.658,262.984,265.62,419.424,26.214,685.044,999.262,24.816,38.148,0.332382,0.716276,0.612258
chartqa,1344,64,224,iter224,chartqa_val_224,32,9216,2304,10,205.812,205.812,206.08,0.434,1.265,189.227,13.57,241.303,243.532,269.527,29.947,513.06,718.871,19.491,33.392,0.401669,0.87199,0.525333
chartqa,1344,64,225,iter225,chartqa_val_225,28,9216,2304,15,128.337,128.337,231.118,0.433,1.279,214.263,13.606,266.153,268.349,331.517,23.68,599.866,728.203,25.006,42.23,0.385283,0.828971,0.552652
chartqa,1344,64,226,iter226,chartqa_val_226,38,9216,2304,43,140.52,140.52,205.443,0.435,1.219,188.679,13.567,240.493,242.633,1037.173,24.695,1279.806,1420.326,33.599,40.495,0.160527,0.34844,0.810414
chartqa,1344,64,227,iter227,chartqa_val_227,33,9216,2304,26,130.569,130.569,205.404,0.436,1.251,188.574,13.613,240.34,242.504,624.904,24.996,867.407,997.976,29.974,40.006,0.236803,0.513882,0.720427
chartqa,1344,64,228,iter228,chartqa_val_228,31,9216,2304,13,133.488,133.488,233.565,0.436,1.259,216.73,13.596,268.54,270.684,260.808,21.734,531.492,664.98,24.459,46.011,0.439452,0.94471,0.490709
chartqa,1344,64,229,iter229,chartqa_val_229,36,9216,2304,52,176.635,176.635,205.247,0.434,1.265,188.393,13.592,240.206,242.326,1239.987,24.313,1482.313,1658.948,35.08,41.129,0.138464,0.300512,0.836522
chartqa,1344,64,230,iter230,chartqa_val_230,41,9216,2304,64,140.04,140.04,209.34,0.434,1.276,192.433,13.597,245.55,247.785,1487.048,23.604,1734.833,1874.873,36.891,42.366,0.120668,0.26221,0.85717
chartqa,1344,64,231,iter231,chartqa_val_231,38,9216,2304,21,142.467,142.467,229.153,0.435,1.287,212.045,13.771,264.323,266.615,514.113,25.706,780.729,923.196,26.898,38.902,0.293512,0.63207,0.658505
chartqa,1344,64,232,iter232,chartqa_val_232,36,9216,2304,46,131.223,131.223,205.857,0.433,1.281,188.943,13.587,241.002,243.301,1070.995,23.8,1314.297,1445.52,35.0,42.017,0.156629,0.339999,0.814881
chartqa,1344,64,233,iter233,chartqa_val_233,40,9216,2304,64,133.665,133.665,226.975,0.433,1.259,210.067,13.635,262.022,264.217,1428.673,22.677,1692.89,1826.555,37.805,44.097,0.134076,0.288854,0.843926
chartqa,1344,64,234,iter234,chartqa_val_234,30,9216,2304,50,136.953,136.953,203.437,0.438,1.263,186.654,13.545,238.362,240.546,1206.748,24.628,1447.294,1584.247,34.547,40.605,0.140564,0.305258,0.833796
chartqa,1344,64,235,iter235,chartqa_val_235,28,9216,2304,51,146.764,146.764,233.94,0.438,1.26,217.062,13.626,268.927,271.124,1200.377,24.008,1471.501,1618.266,34.658,41.654,0.15898,0.341737,0.81575
chartqa,1344,64,236,iter236,chartqa_val_236,31,9216,2304,59,148.934,148.934,234.785,0.435,1.29,217.659,13.671,454.108,457.001,1352.217,23.314,1809.218,1958.152,32.611,42.893,0.129771,0.380768,0.747404
chartqa,1344,64,237,iter237,chartqa_val_237,31,9216,2304,20,156.321,156.321,214.561,0.431,1.288,197.148,13.646,249.68,252.608,485.263,25.54,737.871,894.191,27.105,39.154,0.290784,0.629163,0.657653
chartqa,1344,64,238,iter238,chartqa_val_238,31,9216,2304,61,245.245,245.245,207.604,0.436,1.305,190.528,13.661,242.578,245.217,1506.747,25.112,1751.965,1997.209,34.818,39.821,0.118498,0.256959,0.860033
chartqa,1344,64,239,iter239,chartqa_val_239,41,9216,2304,64,141.518,141.518,240.564,0.436,1.221,223.526,13.786,275.912,278.26,1465.616,23.264,1743.876,1885.395,36.7,42.985,0.137948,0.296166,0.840436
chartqa,1344,64,240,iter240,chartqa_val_240,37,9216,2304,24,186.223,186.223,200.992,0.436,1.258,183.684,13.562,235.957,239.037,536.452,23.324,775.49,961.713,30.948,42.874,0.259181,0.563449,0.691759
chartqa,1344,64,241,iter241,chartqa_val_241,37,9216,2304,64,229.604,229.604,200.267,0.437,1.272,183.44,13.584,235.284,237.539,1411.328,22.402,1648.867,1878.471,38.815,44.639,0.121457,0.264152,0.855938
chartqa,1344,64,242,iter242,chartqa_val_242,29,9216,2304,28,190.637,190.637,223.118,0.435,1.25,206.207,13.698,258.003,260.244,627.363,23.236,887.607,1078.245,31.545,43.037,0.25137,0.542042,0.706803
chartqa,1344,64,243,iter243,chartqa_val_243,33,9216,2304,64,234.36,234.36,204.913,0.434,1.275,187.935,13.573,240.021,242.785,1528.34,24.259,1771.125,2005.485,36.135,41.221,0.115697,0.251216,0.86292
chartqa,1344,64,244,iter244,chartqa_val_244,29,9216,2304,60,142.063,142.063,227.306,0.436,1.275,210.272,13.674,262.36,264.777,1379.726,23.385,1644.503,1786.566,36.485,42.762,0.138222,0.297759,0.838992
chartqa,1344,64,245,iter245,chartqa_val_245,30,9216,2304,23,442.14,442.14,206.67,0.435,1.293,189.151,13.559,241.992,245.332,574.204,26.1,819.536,1261.676,28.065,38.314,0.25218,0.547459,0.700645
chartqa,1344,64,246,iter246,chartqa_val_246,27,9216,2304,45,119.467,119.467,246.407,0.438,1.292,229.066,13.701,281.445,284.667,1057.981,24.045,1342.648,1462.115,33.516,41.589,0.183523,0.393142,0.787981
chartqa,1344,64,247,iter247,chartqa_val_247,27,9216,2304,43,202.548,202.548,204.402,0.435,1.275,187.648,13.544,239.279,241.353,997.233,23.744,1238.586,1441.134,34.717,42.117,0.165028,0.358216,0.805138
chartqa,1344,64,248,iter248,chartqa_val_248,33,9216,2304,43,150.775,150.775,229.912,0.436,1.29,213.068,13.599,264.888,266.945,1004.097,23.907,1271.043,1421.818,33.83,41.829,0.180884,0.389287,0.789979
chartqa,1344,64,249,iter249,chartqa_val_249,43,9216,2304,64,129.119,129.119,205.05,0.435,1.253,188.258,13.561,240.868,242.959,1429.233,22.686,1672.193,1801.311,38.273,44.08,0.122624,0.266667,0.854706
chartqa,1344,64,250,iter250,chartqa_val_250,35,9216,2304,17,231.784,231.784,209.664,0.435,1.28,192.709,13.582,244.852,247.247,379.956,23.747,627.203,858.987,27.104,42.11,0.334284,0.72467,0.605795
chartqa,1344,64,251,iter251,chartqa_val_251,44,9216,2304,64,315.028,315.028,211.127,0.433,1.291,193.673,13.585,246.347,249.531,1479.114,23.478,1728.644,2043.672,37.023,42.593,0.122135,0.264644,0.85565
chartqa,1344,64,252,iter252,chartqa_val_252,30,9216,2304,8,114.756,114.756,200.746,0.436,1.248,183.921,13.594,235.764,237.826,173.736,24.819,411.563,526.319,19.438,40.291,0.487766,1.060618,0.422138
chartqa,1344,64,253,iter253,chartqa_val_253,38,9216,2304,25,119.048,119.048,230.48,0.432,1.275,213.469,13.773,265.617,267.668,586.826,24.451,854.494,973.542,29.257,40.898,0.269727,0.580574,0.686752
chartqa,1344,64,254,iter254,chartqa_val_254,42,9216,2304,45,123.822,123.822,223.534,0.437,1.257,206.667,13.656,258.639,260.808,1071.333,24.348,1332.141,1455.963,33.78,41.07,0.1678,0.361953,0.804219
chartqa,1344,64,255,iter255,chartqa_val_255,40,9216,2304,64,192.284,192.284,202.317,0.437,1.263,185.415,13.616,238.147,240.292,1498.014,23.778,1738.307,1930.59,36.817,42.056,0.116387,0.253387,0.861766
chartqa,1344,64,256,iter256,chartqa_val_256,33,9216,2304,22,130.773,130.773,228.64,0.434,1.257,211.663,13.699,263.688,265.78,469.355,22.35,735.135,865.908,29.926,44.742,0.311018,0.669712,0.638461
chartqa,1344,64,257,iter257,chartqa_val_257,40,9216,2304,64,118.222,118.222,200.413,0.433,1.251,183.608,13.594,235.431,237.51,1458.54,23.151,1696.051,1814.272,37.735,43.194,0.118164,0.256976,0.859963
chartqa,1344,64,258,iter258,chartqa_val_258,33,9216,2304,37,116.691,116.691,251.612,0.437,1.215,234.687,13.73,286.573,288.68,815.386,22.65,1104.066,1220.757,33.512,44.151,0.227895,0.487457,0.73853
chartqa,1344,64,259,iter259,chartqa_val_259,37,9216,2304,64,138.362,138.362,220.641,0.436,1.217,203.859,13.635,255.699,257.791,1484.701,23.567,1742.492,1880.853,36.729,42.433,0.126624,0.273367,0.852056
chartqa,1344,64,260,iter260,chartqa_val_260,32,9216,2304,26,122.456,122.456,225.309,0.435,1.255,208.39,13.685,260.527,262.611,556.666,22.267,819.277,941.733,31.735,44.91,0.27501,0.593006,0.67946
chartqa,1344,64,261,iter261,chartqa_val_261,32,9216,2304,64,138.384,138.384,224.934,0.434,1.261,208.068,13.646,260.133,262.205,1418.701,22.519,1680.906,1819.291,38.075,44.407,0.133817,0.288574,0.84401
chartqa,1344,64,262,iter262,chartqa_val_262,38,9216,2304,43,142.087,142.087,200.158,0.434,1.22,183.417,13.6,235.12,237.224,942.375,22.437,1179.599,1321.686,36.453,44.568,0.169683,0.369005,0.798894
chartqa,1344,64,263,iter263,chartqa_val_263,41,9216,2304,64,117.069,117.069,222.728,0.438,1.256,205.846,13.645,257.75,259.873,1439.49,22.849,1699.363,1816.432,37.661,43.766,0.131066,0.28274,0.847076
chartqa,1344,64,264,iter264,chartqa_val_264,50,9216,2304,43,220.55,220.55,222.949,0.432,1.254,206.181,13.611,257.94,259.991,937.853,22.33,1197.844,1418.394,35.898,44.783,0.186125,0.401463,0.782951
chartqa,1344,64,265,iter265,chartqa_val_265,36,9216,2304,36,226.853,226.853,235.029,0.435,1.233,217.917,13.683,270.33,272.846,796.616,22.76,1069.462,1296.315,33.662,43.936,0.219764,0.472536,0.744876
chartqa,1344,64,266,iter266,chartqa_val_266,30,9216,2304,51,121.263,121.263,229.497,0.435,1.282,212.442,13.636,264.768,267.241,1215.634,24.313,1482.874,1604.138,34.393,41.131,0.154765,0.333316,0.819782
chartqa,1344,64,267,iter267,chartqa_val_267,31,9216,2304,64,137.372,137.372,220.289,0.432,1.306,203.231,13.651,257.044,259.331,1528.594,24.263,1787.924,1925.296,35.796,41.214,0.12321,0.266976,0.854954
chartqa,1344,64,268,iter268,chartqa_val_268,37,9216,2304,20,151.632,151.632,249.439,0.437,1.275,232.463,13.65,285.703,287.913,443.552,23.345,731.465,883.096,27.342,42.836,0.341014,0.731603,0.606389
chartqa,1344,64,269,iter269,chartqa_val_269,32,9216,2304,64,144.895,144.895,206.923,0.433,1.278,190.086,13.572,242.105,244.348,1513.475,24.023,1757.823,1902.718,36.409,41.626,0.117716,0.255446,0.860994
chartqa,1344,64,270,iter270,chartqa_val_270,36,9216,2304,20,136.247,136.247,206.84,0.435,1.222,189.984,13.582,241.836,244.094,453.68,23.878,697.774,834.021,28.663,41.88,0.296428,0.64301,0.650181
chartqa,1344,64,271,iter271,chartqa_val_271,34,9216,2304,17,123.32,123.32,225.249,0.432,1.292,208.138,13.647,260.659,263.084,349.733,21.858,612.818,736.137,27.741,45.749,0.367563,0.792909,0.570697
chartqa,1344,64,272,iter272,chartqa_val_272,27,9216,2304,16,136.505,136.505,265.908,0.436,1.309,248.283,13.698,301.164,304.343,360.171,24.011,664.513,801.018,24.078,41.647,0.400155,0.853364,0.542007
chartqa,1344,64,273,iter273,chartqa_val_273,31,9216,2304,64,138.511,138.511,207.353,0.435,1.29,190.384,13.592,244.188,246.522,1499.319,23.799,1745.842,1884.353,36.659,42.019,0.11877,0.258638,0.858795
chartqa,1344,64,274,iter274,chartqa_val_274,34,9216,2304,37,208.439,208.439,205.522,0.436,1.269,188.064,13.593,240.674,243.866,853.985,23.722,1097.852,1306.29,33.702,42.155,0.187204,0.406427,0.77787
chartqa,1344,64,275,iter275,chartqa_val_275,37,9216,2304,64,111.953,111.953,199.616,0.436,1.263,182.78,13.597,234.574,236.658,1478.303,23.465,1714.961,1826.913,37.319,42.616,0.116397,0.253178,0.862004
chartqa,1344,64,276,iter276,chartqa_val_276,29,9216,2304,15,115.416,115.416,228.676,0.433,1.276,211.817,13.624,263.589,265.662,324.129,23.152,589.791,705.207,25.433,43.193,0.387723,0.834644,0.549566
chartqa,1344,64,277,iter277,chartqa_val_277,36,9216,2304,27,285.849,285.849,202.471,0.434,1.227,185.159,13.578,237.488,240.35,614.533,23.636,854.883,1140.732,31.583,42.309,0.236841,0.514643,0.718851
chartqa,1344,64,278,iter278,chartqa_val_278,29,9216,2304,22,263.054,263.054,225.741,0.436,1.29,208.305,13.651,261.233,264.094,461.685,21.985,725.779,988.833,30.312,45.486,0.311033,0.670969,0.636123
chartqa,1344,64,279,iter279,chartqa_val_279,35,9216,2304,50,143.665,143.665,217.902,0.437,1.28,200.86,13.628,254.006,256.523,1309.671,26.728,1566.195,1709.86,31.925,37.414,0.139128,0.301309,0.836212
chartqa,1344,64,280,iter280,chartqa_val_280,36,9216,2304,64,138.331,138.331,208.312,0.437,1.26,191.435,13.631,244.906,247.027,1528.496,24.262,1775.523,1913.853,36.046,41.217,0.117324,0.255259,0.860871
chartqa,1344,64,281,iter281,chartqa_val_281,45,9216,2304,64,143.147,143.147,252.883,0.433,1.231,235.867,13.721,290.604,292.734,1524.109,24.192,1816.843,1959.99,35.226,41.336,0.139188,0.299138,0.838878
chartqa,1344,64,282,iter282,chartqa_val_282,38,9216,2304,20,170.452,170.452,230.324,0.436,1.241,213.485,13.662,265.335,267.464,457.142,24.06,724.607,895.059,27.601,41.563,0.317861,0.684038,0.630883
chartqa,1344,64,283,iter283,chartqa_val_283,33,9216,2304,24,154.818,154.818,229.504,0.433,1.265,212.642,13.623,264.54,266.734,582.448,25.324,849.182,1004.0,28.262,39.488,0.270265,0.581788,0.685893
chartqa,1344,64,284,iter284,chartqa_val_284,36,9216,2304,25,149.602,149.602,230.691,0.437,1.272,213.746,13.61,265.86,268.304,533.77,22.24,802.074,951.676,31.169,44.963,0.287619,0.619084,0.665487
chartqa,1344,64,285,iter285,chartqa_val_285,33,9216,2304,17,136.034,136.034,203.839,0.436,1.254,187.103,13.555,238.718,240.772,430.999,26.937,671.771,807.805,25.306,37.123,0.303435,0.658792,0.641586
chartqa,1344,64,286,iter286,chartqa_val_286,38,9216,2304,28,126.633,126.633,246.662,0.433,1.251,229.902,13.6,281.651,283.651,604.197,22.378,887.849,1014.482,31.537,44.687,0.27782,0.595049,0.680518
chartqa,1344,64,287,iter287,chartqa_val_287,36,9216,2304,31,122.623,122.623,203.868,0.436,1.252,187.142,13.567,238.729,240.805,696.325,23.211,937.13,1059.754,33.08,43.083,0.217545,0.47229,0.74304
chartqa,1344,64,288,iter288,chartqa_val_288,32,9216,2304,39,141.127,141.127,228.992,0.437,1.277,212.117,13.597,264.383,266.588,852.083,22.423,1118.671,1259.797,34.863,44.597,0.2047,0.441037,0.761692
chartqa,1344,64,289,iter289,chartqa_val_289,36,9216,2304,64,139.983,139.983,225.549,0.432,1.236,208.673,13.628,260.684,262.909,1416.02,22.477,1678.929,1818.912,38.12,44.491,0.134341,0.289609,0.843407
chartqa,1344,64,290,iter290,chartqa_val_290,32,9216,2304,35,152.663,152.663,257.386,0.439,1.352,239.765,13.649,292.673,295.798,750.506,22.074,1046.304,1198.968,33.451,45.303,0.245995,0.525716,0.717292
chartqa,1344,64,291,iter291,chartqa_val_291,47,9216,2304,44,147.927,147.927,229.384,0.434,1.228,212.456,13.674,709.79,711.999,974.523,22.663,1686.521,1834.448,26.089,44.124,0.13601,0.556871,0.57783
chartqa,1344,64,292,iter292,chartqa_val_292,37,9216,2304,29,135.114,135.114,262.118,0.436,1.285,244.956,13.733,297.846,300.119,654.669,23.381,954.788,1089.903,30.373,42.77,0.27453,0.586479,0.685669
chartqa,1344,64,293,iter293,chartqa_val_293,47,9216,2304,64,346.0,346.0,202.318,0.433,1.284,185.287,13.584,237.605,240.351,1485.533,23.58,1725.884,2071.884,37.082,42.409,0.117226,0.254897,0.860737
chartqa,1344,64,294,iter294,chartqa_val_294,28,9216,2304,12,230.366,230.366,224.344,0.436,1.279,207.329,13.718,259.519,261.805,238.581,21.689,500.386,730.752,23.981,46.106,0.448341,0.966979,0.476794
chartqa,1344,64,295,iter295,chartqa_val_295,53,9216,2304,64,212.109,212.109,202.812,0.432,1.215,185.998,13.599,652.933,655.109,3612.803,57.346,4267.912,4480.021,14.996,17.438,0.04752,0.200507,0.846504
chartqa,1344,64,296,iter296,chartqa_val_296,38,9216,2304,23,138.529,138.529,208.635,0.437,1.313,191.445,13.595,244.014,246.749,520.191,23.645,766.94,905.468,29.989,42.292,0.272035,0.590201,0.678268
chartqa,1344,64,297,iter297,chartqa_val_297,35,9216,2304,64,151.7,151.7,208.347,0.434,1.265,191.482,13.6,243.384,245.517,1505.596,23.898,1751.113,1902.813,36.548,41.844,0.11898,0.257968,0.859794
chartqa,1344,64,298,iter298,chartqa_val_298,33,9216,2304,15,141.103,141.103,208.876,0.434,1.272,191.938,13.573,243.983,246.291,314.065,22.433,560.357,701.46,26.769,44.577,0.372756,0.808163,0.560474
chartqa,1344,64,299,iter299,chartqa_val_299,38,9216,2304,51,132.78,132.78,222.358,0.438,1.28,205.385,13.627,258.564,260.789,1237.645,24.753,1498.434,1631.214,34.036,40.399,0.148394,0.32095,0.825959
chartqa,1344,64,300,iter300,chartqa_val_300,35,9216,2304,23,350.899,350.899,208.76,0.435,1.304,191.188,13.636,244.031,247.254,534.763,24.307,782.018,1132.917,29.411,41.14,0.26695,0.579004,0.683825
chartqa,1344,64,301,iter301,chartqa_val_301,37,9216,2304,37,121.97,121.97,207.855,0.432,1.279,190.872,13.66,243.024,245.333,915.092,25.419,1160.425,1282.395,31.885,39.34,0.179119,0.388547,0.788584
chartqa,1344,64,302,iter302,chartqa_val_302,26,9216,2304,10,144.51,144.51,259.24,0.435,1.317,241.518,13.734,742.614,745.62,770.18,85.576,1515.799,1660.31,6.597,11.686,0.171025,0.660941,0.508101
chartqa,1344,64,303,iter303,chartqa_val_303,36,9216,2304,59,129.397,129.397,207.696,0.435,1.284,190.682,13.643,242.773,244.922,1488.723,25.668,1733.645,1863.043,34.032,38.96,0.119803,0.259839,0.858724
chartqa,1344,64,304,iter304,chartqa_val_304,31,9216,2304,29,158.812,158.812,236.655,0.433,1.261,219.593,13.762,271.954,274.193,701.007,25.036,975.2,1134.012,29.738,39.943,0.242673,0.521543,0.718834
chartqa,1344,64,305,iter305,chartqa_val_305,32,9216,2304,64,133.947,133.947,208.403,0.435,1.21,191.461,13.612,243.651,245.87,1595.887,25.332,1841.757,1975.704,34.749,39.476,0.113154,0.245447,0.866502
chartqa,1344,64,306,iter306,chartqa_val_306,32,9216,2304,16,243.684,243.684,230.089,0.434,1.293,213.03,13.634,265.457,267.986,340.687,22.712,608.673,852.357,26.287,44.029,0.378017,0.814141,0.559721
chartqa,1344,64,307,iter307,chartqa_val_307,39,9216,2304,64,243.334,243.334,235.109,0.435,1.321,217.562,13.618,270.445,273.489,1530.449,24.293,1803.938,2047.272,35.478,41.164,0.130331,0.28025,0.848393
chartqa,1344,64,308,iter308,chartqa_val_308,34,9216,2304,40,116.29,116.29,228.557,0.435,1.279,211.474,13.656,264.156,266.611,891.669,22.863,1158.28,1274.57,34.534,43.738,0.197324,0.425383,0.769821
chartqa,1344,64,309,iter309,chartqa_val_309,36,9216,2304,26,116.19,116.19,201.213,0.437,1.262,184.412,13.585,236.175,238.301,592.966,23.719,831.267,947.457,31.278,42.161,0.242056,0.526171,0.713328
chartqa,1344,64,310,iter310,chartqa_val_310,37,9216,2304,41,126.137,126.137,210.039,0.436,1.261,193.037,13.636,245.105,247.308,907.501,22.688,1154.808,1280.945,35.504,44.077,0.181882,0.39413,0.785845
chartqa,1344,64,311,iter311,chartqa_val_311,33,9216,2304,64,240.568,240.568,255.428,0.438,1.342,237.92,13.609,290.719,297.089,1548.593,24.581,1845.682,2086.251,34.676,40.682,0.138392,0.295905,0.839035
chartqa,1344,64,312,iter312,chartqa_val_312,29,9216,2304,25,171.645,171.645,207.152,0.431,1.311,190.258,13.564,242.146,244.347,593.971,24.749,838.318,1009.963,29.822,40.406,0.247105,0.535952,0.708527
chartqa,1344,64,313,iter313,chartqa_val_313,45,9216,2304,64,144.483,144.483,208.54,0.436,1.266,191.656,13.613,243.737,245.928,1507.835,23.934,1753.763,1898.247,36.493,41.782,0.11891,0.25789,0.859771
chartqa,1344,64,314,iter314,chartqa_val_314,40,9216,2304,64,131.855,131.855,208.832,0.436,1.295,191.84,13.594,243.937,246.279,1578.926,25.062,1825.205,1957.059,35.065,39.901,0.114415,0.248064,0.865068
chartqa,1344,64,315,iter315,chartqa_val_315,35,9216,2304,40,133.167,133.167,265.816,0.435,1.312,248.565,13.718,301.148,303.599,958.525,24.578,1262.124,1395.291,31.693,40.688,0.21061,0.449214,0.759454
chartqa,1344,64,316,iter316,chartqa_val_316,30,9216,2304,46,123.623,123.623,212.769,0.437,1.27,195.781,13.63,248.005,250.342,1172.975,26.066,1423.317,1546.94,32.319,38.364,0.149488,0.323733,0.824113
chartqa,1344,64,317,iter317,chartqa_val_317,36,9216,2304,29,145.839,145.839,236.145,0.435,1.296,219.07,13.672,272.019,274.23,626.323,22.369,900.553,1046.392,32.202,44.705,0.262222,0.56428,0.695487
chartqa,1344,64,318,iter318,chartqa_val_318,31,9216,2304,11,135.882,135.882,262.937,0.433,1.287,245.297,13.755,298.111,300.906,219.915,21.992,520.821,656.702,21.121,45.472,0.504851,1.077237,0.422247
chartqa,1344,64,319,iter319,chartqa_val_319,42,9216,2304,41,133.401,133.401,238.485,0.434,1.214,221.547,13.719,273.644,275.759,981.059,24.526,1256.818,1390.219,32.622,40.772,0.189753,0.407481,0.78059
chartqa,1344,64,320,iter320,chartqa_val_320,30,9216,2304,22,130.746,130.746,233.958,0.432,1.223,217.155,13.602,268.975,271.17,455.745,21.702,726.915,857.661,30.265,46.078,0.321851,0.691874,0.626958
chartqa,1344,64,321,iter321,chartqa_val_321,37,9216,2304,64,132.717,132.717,242.925,0.431,1.281,225.392,13.657,278.103,280.956,1465.639,23.264,1746.595,1879.312,36.643,42.985,0.139085,0.298311,0.839141
chartqa,1344,64,322,iter322,chartqa_val_322,40,9216,2304,27,184.536,184.536,289.223,0.437,1.326,267.939,13.746,324.693,330.437,600.268,23.087,930.704,1115.24,29.01,43.314,0.310757,0.659625,0.644961
chartqa,1344,64,323,iter323,chartqa_val_323,31,9216,2304,34,146.459,146.459,209.183,0.433,1.305,192.174,13.594,244.337,246.72,793.982,24.06,1040.702,1187.161,32.67,41.563,0.201001,0.435783,0.76293
chartqa,1344,64,324,iter324,chartqa_val_324,34,9216,2304,64,125.922,125.922,208.603,0.435,1.304,191.577,13.604,243.787,246.01,1503.832,23.87,1749.841,1875.763,36.575,41.893,0.119213,0.258532,0.85941
chartqa,1344,64,325,iter325,chartqa_val_325,50,9216,2304,64,137.26,137.26,215.185,0.435,1.248,198.296,13.643,253.32,255.451,1537.704,24.408,1793.155,1930.415,35.691,40.97,0.120004,0.261274,0.857541
chartqa,1344,64,326,iter326,chartqa_val_326,34,9216,2304,42,124.72,124.72,229.726,0.436,1.262,212.853,13.633,264.712,266.909,882.636,21.528,1149.546,1274.266,36.536,46.452,0.199841,0.430116,0.767813
chartqa,1344,64,327,iter327,chartqa_val_327,36,9216,2304,64,118.345,118.345,229.054,0.435,1.266,212.24,13.61,264.032,266.093,1475.85,23.426,1741.943,1860.289,36.741,42.687,0.131493,0.283066,0.847243
chartqa,1344,64,328,iter328,chartqa_val_328,30,9216,2304,64,109.996,109.996,207.599,0.435,1.251,190.646,13.6,242.733,245.096,1472.33,23.37,1717.425,1827.422,37.265,42.789,0.120878,0.262214,0.857289
chartqa,1344,64,329,iter329,chartqa_val_329,36,9216,2304,64,213.506,213.506,207.278,0.437,1.31,190.2,13.6,242.633,245.032,1549.042,24.588,1794.074,2007.58,35.673,40.67,0.115535,0.250776,0.863422
chartqa,1344,64,330,iter330,chartqa_val_330,34,9216,2304,31,138.033,138.033,210.761,0.435,1.273,193.884,13.592,245.944,248.127,685.105,22.837,933.232,1071.265,33.218,43.789,0.22584,0.48938,0.734121
chartqa,1344,64,331,iter331,chartqa_val_331,41,9216,2304,38,127.368,127.368,232.567,0.436,1.276,215.634,13.637,267.636,269.878,829.405,22.416,1099.283,1226.651,34.568,44.61,0.211563,0.455027,0.754496
chartqa,1344,64,332,iter332,chartqa_val_332,46,9216,2304,38,208.182,208.182,207.402,0.436,1.26,190.509,13.598,242.63,244.855,928.038,25.082,1172.893,1381.075,32.399,39.869,0.17683,0.383694,0.791238
chartqa,1344,64,333,iter333,chartqa_val_333,35,9216,2304,64,122.799,122.799,233.801,0.438,1.262,216.927,13.618,268.852,271.019,1523.279,24.179,1794.298,1917.097,35.669,41.358,0.130302,0.280139,0.848955
chartqa,1344,64,334,iter334,chartqa_val_334,29,9216,2304,50,257.313,257.313,233.372,0.433,1.271,216.401,13.609,268.626,271.139,1167.831,23.833,1438.97,1696.282,34.747,41.958,0.16218,0.348859,0.811574
chartqa,1344,64,335,iter335,chartqa_val_335,33,9216,2304,64,130.825,130.825,206.095,0.432,1.273,188.967,13.57,241.333,243.573,1550.914,24.618,1794.487,1925.312,35.665,40.621,0.114849,0.249335,0.864266
chartqa,1344,64,336,iter336,chartqa_val_336,44,9216,2304,28,104.393,104.393,212.474,0.436,1.28,195.462,13.646,247.638,249.999,712.758,26.398,962.756,1067.149,29.083,37.881,0.220693,0.477911,0.74033
chartqa,1344,64,337,iter337,chartqa_val_337,47,9216,2304,64,130.866,130.866,205.946,0.433,1.267,189.136,13.578,240.934,243.072,1505.366,23.895,1748.438,1879.304,36.604,41.85,0.117788,0.255588,0.860978
chartqa,1344,64,338,iter338,chartqa_val_338,29,9216,2304,38,122.418,122.418,235.369,0.436,1.277,218.547,13.601,270.281,272.371,945.88,25.564,1218.251,1340.669,31.192,39.117,0.193202,0.415062,0.776424
chartqa,1344,64,339,iter339,chartqa_val_339,32,9216,2304,64,140.786,140.786,204.34,0.437,1.261,187.547,13.577,239.489,241.597,1515.283,24.052,1756.88,1897.667,36.428,41.576,0.116309,0.252623,0.862485
chartqa,1344,64,340,iter340,chartqa_val_340,32,9216,2304,14,129.104,129.104,230.291,0.432,1.265,212.893,13.615,265.883,268.833,300.144,23.088,568.976,698.081,24.606,43.313,0.404745,0.872046,0.527515
chartqa,1344,64,341,iter341,chartqa_val_341,39,9216,2304,64,143.926,143.926,206.104,0.433,1.282,189.166,13.591,241.341,243.624,1577.472,25.039,1821.096,1965.023,35.144,39.937,0.113176,0.2457,0.866221
chartqa,1344,64,342,iter342,chartqa_val_342,35,9216,2304,19,232.038,232.038,205.151,0.438,1.3,188.068,13.607,240.459,246.61,391.403,21.745,638.014,870.052,29.78,45.988,0.321546,0.698434,0.613471
chartqa,1344,64,343,iter343,chartqa_val_343,40,9216,2304,64,245.909,245.909,223.876,0.435,1.275,206.956,13.645,259.057,261.383,1374.735,21.821,1636.118,1882.027,39.117,45.827,0.136834,0.29517,0.840242
chartqa,1344,64,344,iter344,chartqa_val_344,35,9216,2304,59,123.607,123.607,270.448,0.435,1.281,252.771,14.193,305.711,308.14,1389.783,23.962,1697.923,1821.53,34.748,41.733,0.159282,0.339332,0.818519
chartqa,1344,64,345,iter345,chartqa_val_345,38,9216,2304,64,123.234,123.234,236.526,0.438,1.313,218.362,13.739,272.99,276.977,1588.738,25.218,1865.715,1988.949,34.303,39.654,0.126775,0.273094,0.851544
chartqa,1344,64,346,iter346,chartqa_val_346,30,9216,2304,41,120.879,120.879,209.362,0.432,1.301,192.321,13.663,244.598,246.902,863.936,21.598,1110.839,1231.717,36.909,46.3,0.188472,0.408664,0.777733
chartqa,1344,64,347,iter347,chartqa_val_347,35,9216,2304,64,115.434,115.434,227.071,0.435,1.281,210.13,13.622,262.187,264.444,1425.894,22.633,1690.338,1805.772,37.862,44.183,0.134334,0.289444,0.843556
chartqa,1344,64,348,iter348,chartqa_val_348,30,9216,2304,23,122.76,122.76,201.46,0.436,1.26,184.672,13.574,236.354,238.42,519.22,23.601,757.64,880.4,30.357,42.371,0.265905,0.577866,0.685312
chartqa,1344,64,349,iter349,chartqa_val_349,40,9216,2304,29,128.993,128.993,204.236,0.437,1.282,187.289,13.624,240.074,242.228,631.092,22.539,873.32,1002.313,33.207,44.368,0.233862,0.50876,0.722635
chartqa,1344,64,350,iter350,chartqa_val_350,36,9216,2304,20,223.125,223.125,198.75,0.437,1.262,181.759,13.568,233.787,236.156,429.455,22.603,665.61,888.735,30.048,44.242,0.298597,0.649835,0.645204
chartqa,1344,64,351,iter351,chartqa_val_351,38,9216,2304,64,124.234,124.234,203.615,0.436,1.273,186.797,13.576,238.56,240.706,1456.39,23.117,1697.095,1821.33,37.711,43.258,0.119978,0.260548,0.858166
chartqa,1344,64,352,iter352,chartqa_val_352,32,9216,2304,39,120.467,120.467,237.931,0.435,1.258,220.993,13.733,273.219,275.311,866.16,22.794,1141.47,1261.937,34.166,43.872,0.208443,0.4478,0.75881
chartqa,1344,64,353,iter353,chartqa_val_353,32,9216,2304,64,109.593,109.593,200.954,0.437,1.265,184.019,13.591,236.441,238.606,1481.179,23.511,1719.785,1829.378,37.214,42.534,0.116848,0.254331,0.861258
chartqa,1344,64,354,iter354,chartqa_val_354,35,9216,2304,17,114.156,114.156,237.794,0.432,1.273,220.779,13.641,272.83,275.163,405.958,25.372,681.121,795.277,24.959,39.413,0.349121,0.749682,0.596015
chartqa,1344,64,355,iter355,chartqa_val_355,33,9216,2304,47,137.955,137.955,206.018,0.437,1.219,189.126,13.593,241.175,243.413,1102.142,23.96,1345.555,1483.51,34.93,41.737,0.15311,0.332348,0.819099
chartqa,1344,64,356,iter356,chartqa_val_356,40,9216,2304,28,143.047,143.047,227.983,0.431,1.297,210.94,13.634,263.345,265.963,618.822,22.919,884.785,1027.832,31.646,43.631,0.257671,0.555308,0.699404
chartqa,1344,64,357,iter357,chartqa_val_357,53,9216,2304,64,152.18,152.18,205.576,0.438,1.287,188.617,13.594,240.968,243.264,1420.835,22.553,1664.099,1816.279,38.459,44.34,0.123536,0.26834,0.853817
chartqa,1344,64,358,iter358,chartqa_val_358,30,9216,2304,44,146.91,146.91,218.173,0.433,1.287,201.177,13.619,253.992,256.197,965.143,22.445,1221.34,1368.25,36.026,44.553,0.178635,0.386596,0.790233
chartqa,1344,64,359,iter359,chartqa_val_359,32,9216,2304,64,127.641,127.641,205.457,0.437,1.279,188.667,13.563,240.623,242.65,1449.68,23.011,1692.331,1819.971,37.818,43.458,0.121405,0.263589,0.856618
chartqa,1344,64,360,iter360,chartqa_val_360,30,9216,2304,11,123.813,123.813,206.634,0.434,1.302,189.642,13.602,241.741,244.025,217.509,21.751,461.534,585.347,23.834,45.975,0.447712,0.971489,0.471273
chartqa,1344,64,361,iter361,chartqa_val_361,31,9216,2304,64,130.75,130.75,236.363,0.434,1.283,219.332,13.616,271.446,273.511,1498.88,23.792,1772.391,1903.14,36.109,42.031,0.133358,0.286511,0.845683
chartqa,1344,64,362,iter362,chartqa_val_362,28,9216,2304,16,149.963,149.963,208.58,0.435,1.303,191.502,13.641,243.841,246.347,337.552,22.503,583.899,733.862,27.402,44.438,0.35722,0.774829,0.5781
chartqa,1344,64,363,iter363,chartqa_val_363,32,9216,2304,64,181.645,181.645,208.628,0.437,1.278,191.736,13.592,244.118,246.35,1495.212,23.734,1741.562,1923.208,36.749,42.134,0.119794,0.259965,0.858547
chartqa,1344,64,364,iter364,chartqa_val_364,29,9216,2304,30,212.966,212.966,214.389,0.435,1.317,196.636,13.689,249.936,253.099,672.564,23.192,925.664,1138.63,32.409,43.119,0.231605,0.501613,0.726575
chartqa,1344,64,365,iter365,chartqa_val_365,33,9216,2304,62,194.36,194.36,201.053,0.436,1.227,184.182,13.617,236.277,238.642,1396.46,22.893,1635.102,1829.462,37.918,43.682,0.122961,0.267463,0.854051
chartqa,1344,64,366,iter366,chartqa_val_366,28,9216,2304,26,155.043,155.043,224.656,0.435,1.289,207.184,13.609,259.717,262.863,510.383,20.415,773.246,928.289,33.624,48.983,0.290536,0.626415,0.660053
chartqa,1344,64,367,iter367,chartqa_val_367,31,9216,2304,64,120.375,120.375,223.1,0.437,1.282,206.233,13.608,258.22,260.341,1401.348,22.244,1661.69,1782.065,38.515,44.957,0.134261,0.289657,0.843327
chartqa,1344,64,368,iter368,chartqa_val_368,30,9216,2304,24,144.499,144.499,201.162,0.436,1.262,184.359,13.61,236.171,238.277,533.602,23.2,771.878,916.378,31.093,43.103,0.260614,0.566583,0.691303
chartqa,1344,64,369,iter369,chartqa_val_369,34,9216,2304,64,140.153,140.153,225.439,0.435,1.25,208.658,13.623,260.542,262.608,1411.454,22.404,1674.062,1814.216,38.23,44.635,0.134666,0.2903,0.843131
chartqa,1344,64,370,iter370,chartqa_val_370,30,9216,2304,36,126.965,126.965,211.921,0.435,1.256,195.116,13.609,247.601,249.748,714.357,20.41,964.105,1091.07,37.34,48.995,0.219811,0.476631,0.740953
chartqa,1344,64,371,iter371,chartqa_val_371,30,9216,2304,64,125.798,125.798,208.04,0.434,1.266,191.167,13.597,243.738,245.926,1447.154,22.971,1693.079,1818.878,37.801,43.534,0.122877,0.266838,0.854747
chartqa,1344,64,372,iter372,chartqa_val_372,28,9216,2304,7,126.3,126.3,200.207,0.436,1.285,183.384,13.563,235.348,237.45,194.869,32.478,432.319,558.619,16.192,30.79,0.463099,1.007483,0.450752
chartqa,1344,64,373,iter373,chartqa_val_373,31,9216,2304,64,215.637,215.637,199.047,0.437,1.266,182.288,13.567,233.99,236.018,1409.815,22.378,1645.834,1861.471,38.886,44.687,0.12094,0.263111,0.856596
chartqa,1344,64,374,iter374,chartqa_val_374,29,9216,2304,10,122.369,122.369,234.428,0.432,1.266,217.616,13.598,269.46,271.634,193.607,21.512,465.241,587.61,21.494,46.486,0.503886,1.08307,0.416143
chartqa,1344,64,375,iter375,chartqa_val_375,31,9216,2304,64,113.27,113.27,261.27,0.431,1.268,243.804,13.659,296.311,299.257,1501.856,23.839,1801.113,1914.383,35.534,41.948,0.14506,0.309575,0.833849
chartqa,1344,64,376,iter376,chartqa_val_376,30,9216,2304,13,288.434,288.434,200.999,0.437,1.278,184.223,13.568,236.023,238.165,277.32,23.11,515.485,803.919,25.219,43.271,0.389922,0.847788,0.537979
chartqa,1344,64,377,iter377,chartqa_val_377,36,9216,2304,36,144.562,144.562,200.285,0.436,1.273,183.531,13.567,235.228,237.249,807.397,23.068,1044.646,1189.208,34.461,43.349,0.191725,0.4169,0.77289
chartqa,1344,64,378,iter378,chartqa_val_378,29,9216,2304,15,124.249,124.249,202.434,0.434,1.26,185.619,13.598,237.429,239.589,329.937,23.567,569.526,693.775,26.338,42.432,0.355443,0.772331,0.579318
chartqa,1344,64,379,iter379,chartqa_val_379,32,9216,2304,21,123.304,123.304,203.322,0.432,1.281,186.266,13.649,240.644,242.956,516.263,25.813,759.219,882.523,27.66,38.74,0.267804,0.584767,0.679992
chartqa,1344,64,380,iter380,chartqa_val_380,31,9216,2304,17,224.315,224.315,231.29,0.436,1.334,213.53,13.646,266.839,270.023,415.452,25.966,685.475,909.79,24.8,38.512,0.337415,0.726692,0.606079
chartqa,1344,64,381,iter381,chartqa_val_381,41,9216,2304,64,314.42,314.42,203.706,0.438,1.277,186.726,13.652,238.962,241.481,1491.144,23.669,1732.625,2047.045,36.938,42.249,0.117571,0.25549,0.860627
chartqa,1344,64,382,iter382,chartqa_val_382,26,9216,2304,12,200.184,200.184,208.231,0.432,1.233,191.325,13.579,243.363,245.823,321.611,29.237,567.435,767.619,21.148,34.203,0.366968,0.795851,0.566781
chartqa,1344,64,383,iter383,chartqa_val_383,34,9216,2304,64,133.809,133.809,207.119,0.438,1.273,190.188,13.594,242.233,244.478,1478.187,23.463,1722.664,1856.473,37.152,42.62,0.120232,0.260847,0.858082
chartqa,1344,64,384,iter384,chartqa_val_384,29,9216,2304,11,168.717,168.717,220.237,0.434,1.343,202.498,13.654,255.701,259.076,212.761,21.276,471.837,640.554,23.313,47.001,0.466765,1.008692,0.450921
chartqa,1344,64,385,iter385,chartqa_val_385,39,9216,2304,64,130.009,130.009,227.079,0.436,1.288,210.124,13.682,262.329,264.529,1407.749,22.345,1672.279,1802.287,38.271,44.752,0.13579,0.292659,0.841815
chartqa,1344,64,386,iter386,chartqa_val_386,33,9216,2304,13,131.748,131.748,243.069,0.435,1.271,226.025,13.683,278.317,280.629,264.213,22.018,544.841,676.59,23.86,45.418,0.446128,0.956949,0.484935
chartqa,1344,64,387,iter387,chartqa_val_387,33,9216,2304,43,130.098,130.098,208.569,0.437,1.259,191.59,13.662,243.734,246.007,1061.134,25.265,1307.141,1437.239,32.896,39.58,0.159561,0.346025,0.811798
chartqa,1344,64,388,iter388,chartqa_val_388,30,9216,2304,32,140.577,140.577,237.553,0.437,1.313,220.284,13.663,273.001,275.752,809.049,26.098,1084.801,1225.378,29.499,38.317,0.218983,0.470643,0.745804
chartqa,1344,64,389,iter389,chartqa_val_389,33,9216,2304,25,141.477,141.477,212.668,0.434,1.281,195.762,13.597,247.793,250.061,573.774,23.907,823.835,965.311,30.346,41.828,0.258144,0.558924,0.696467
chartqa,1344,64,390,iter390,chartqa_val_390,28,9216,2304,25,146.651,146.651,237.394,0.433,1.299,219.757,13.763,272.583,275.633,524.896,21.871,800.529,947.179,31.229,45.723,0.296546,0.63705,0.655686
chartqa,1344,64,391,iter391,chartqa_val_391,29,9216,2304,15,222.153,222.153,209.229,0.434,1.298,191.977,13.576,244.362,247.126,337.553,24.111,584.68,806.832,25.655,41.475,0.357852,0.775793,0.57733
chartqa,1344,64,392,iter392,chartqa_val_392,31,9216,2304,3,258.4,258.4,249.25,0.432,1.236,231.854,13.63,285.803,289.413,58.426,29.213,347.839,606.239,8.625,34.231,0.716566,1.538219,0.167968
chartqa,1344,64,393,iter393,chartqa_val_393,35,9216,2304,36,242.212,242.212,207.355,0.436,1.275,190.508,13.564,242.422,244.538,877.43,25.069,1121.968,1364.18,32.086,39.889,0.184813,0.400882,0.782046
chartqa,1344,64,394,iter394,chartqa_val_394,32,9216,2304,30,138.945,138.945,233.145,0.436,1.263,215.918,13.594,268.459,271.248,754.49,26.017,1025.739,1164.684,29.247,38.437,0.227294,0.489017,0.735558
chartqa,1344,64,395,iter395,chartqa_val_395,39,9216,2304,64,117.518,117.518,242.507,0.434,1.303,225.461,13.658,277.77,280.101,1549.365,24.593,1829.465,1946.983,34.983,40.662,0.132556,0.284388,0.846895
chartqa,1344,64,396,iter396,chartqa_val_396,34,9216,2304,34,244.599,244.599,248.448,0.436,1.265,231.371,13.747,284.852,287.338,788.329,23.889,1075.667,1320.266,31.608,41.861,0.230971,0.495786,0.732875
chartqa,1344,64,397,iter397,chartqa_val_397,37,9216,2304,64,114.009,114.009,230.423,0.435,1.253,213.503,13.693,265.55,267.637,1440.341,22.863,1707.978,1821.987,37.471,43.74,0.13491,0.290386,0.843302
chartqa,1344,64,398,iter398,chartqa_val_398,29,9216,2304,22,136.478,136.478,223.37,0.435,1.264,206.305,13.71,260.883,263.041,530.762,25.274,793.804,930.282,27.715,39.566,0.281392,0.610042,0.668632
chartqa,1344,64,399,iter399,chartqa_val_399,30,9216,2304,64,130.471,130.471,207.995,0.435,1.256,191.054,13.628,243.178,245.375,1558.673,24.741,1804.048,1934.518,35.476,40.419,0.115293,0.250089,0.863987
chartqa,1344,64,400,iter400,chartqa_val_400,30,9216,2304,50,172.756,172.756,214.948,0.434,1.292,197.413,13.624,250.192,253.525,1187.192,24.228,1440.717,1613.473,34.705,41.274,0.149195,0.322853,0.824028
chartqa,1344,64,401,iter401,chartqa_val_401,35,9216,2304,64,137.543,137.543,207.956,0.435,1.298,191.029,13.563,243.131,245.568,1464.59,23.247,1710.158,1847.7,37.423,43.015,0.1216,0.263769,0.856406
chartqa,1344,64,402,iter402,chartqa_val_402,28,9216,2304,20,266.866,266.866,257.221,0.435,1.263,240.146,13.666,292.397,295.017,416.856,21.94,711.874,978.74,28.095,45.579,0.36133,0.772073,0.585576
chartqa,1344,64,403,iter403,chartqa_val_403,36,9216,2304,46,145.759,145.759,247.193,0.434,1.29,230.153,13.684,283.991,286.256,1050.024,23.334,1336.28,1482.039,34.424,42.856,0.184986,0.39751,0.785782
chartqa,1344,64,404,iter404,chartqa_val_404,43,9216,2304,31,233.438,233.438,218.753,0.435,1.285,201.813,13.614,254.6,257.463,652.309,21.744,909.772,1143.21,34.074,45.99,0.240448,0.520299,0.717003
chartqa,1344,64,405,iter405,chartqa_val_405,50,9216,2304,64,278.86,278.86,214.613,0.437,1.296,197.184,13.564,249.711,252.833,1472.345,23.371,1725.178,2004.038,37.098,42.789,0.124401,0.269146,0.853445
chartqa,1344,64,406,iter406,chartqa_val_406,28,9216,2304,19,184.424,184.424,263.247,0.433,1.291,246.053,13.791,298.461,300.672,457.931,25.441,758.604,943.028,25.046,39.307,0.347015,0.740449,0.60365
chartqa,1344,64,407,iter407,chartqa_val_407,35,9216,2304,64,118.23,118.23,204.574,0.435,1.282,187.562,13.62,239.847,242.425,1638.191,26.003,1880.615,1998.845,34.031,38.457,0.10878,0.236317,0.871093
chartqa,1344,64,408,iter408,chartqa_val_408,36,9216,2304,31,231.015,231.015,256.344,0.435,1.313,238.723,13.661,291.926,294.629,699.07,23.302,993.7,1224.715,31.197,42.914,0.257969,0.551746,0.703503
chartqa,1344,64,409,iter409,chartqa_val_409,41,9216,2304,64,121.782,121.782,265.124,0.434,1.291,247.928,13.717,300.563,302.97,1576.104,25.018,1879.074,2000.855,34.059,39.972,0.141093,0.301046,0.838767
chartqa,1344,64,410,iter410,chartqa_val_410,36,9216,2304,34,149.324,149.324,208.927,0.436,1.263,191.856,13.651,244.26,246.642,805.808,24.418,1052.45,1201.774,32.306,40.953,0.198515,0.430602,0.76565
chartqa,1344,64,411,iter411,chartqa_val_411,33,9216,2304,64,136.383,136.383,228.806,0.436,1.282,211.903,13.652,263.955,266.075,1474.53,23.405,1740.605,1876.988,36.769,42.725,0.131452,0.283098,0.847136
chartqa,1344,64,412,iter412,chartqa_val_412,30,9216,2304,8,161.66,161.66,227.659,0.434,1.296,210.58,13.66,262.869,265.352,183.225,26.175,448.577,610.237,17.834,38.204,0.507515,1.093523,0.408458
chartqa,1344,64,413,iter413,chartqa_val_413,33,9216,2304,64,139.088,139.088,226.15,0.436,1.282,209.029,13.673,262.859,265.304,1574.289,24.989,1839.593,1978.681,34.79,40.018,0.122935,0.265825,0.855781
chartqa,1344,64,414,iter414,chartqa_val_414,36,9216,2304,23,149.721,149.721,226.308,0.432,1.279,208.817,13.61,261.567,264.576,562.282,25.558,826.858,976.579,27.816,39.126,0.273697,0.590035,0.680023
chartqa,1344,64,415,iter415,chartqa_val_415,38,9216,2304,64,153.663,153.663,213.135,0.435,1.271,196.23,13.62,248.293,250.444,1680.028,26.667,1930.472,2084.135,33.153,37.499,0.110405,0.239023,0.870268
chartqa,1344,64,416,iter416,chartqa_val_416,34,9216,2304,25,135.672,135.672,213.151,0.436,1.27,196.059,13.669,251.38,253.92,660.501,27.521,914.42,1050.092,27.34,36.336,0.233099,0.508006,0.722316
chartqa,1344,64,417,iter417,chartqa_val_417,40,9216,2304,64,136.437,136.437,209.077,0.436,1.266,192.177,13.593,244.233,246.513,1525.93,24.221,1772.443,1908.88,36.108,41.286,0.11796,0.255754,0.860919
chartqa,1344,64,418,iter418,chartqa_val_418,31,9216,2304,43,200.778,200.778,219.511,0.434,1.3,202.025,13.587,254.78,257.842,1001.308,23.841,1259.15,1459.929,34.15,41.945,0.174333,0.376676,0.795225
chartqa,1344,64,419,iter419,chartqa_val_419,38,9216,2304,64,115.88,115.88,207.703,0.437,1.282,190.79,13.613,245.349,247.547,1541.987,24.476,1789.534,1905.414,35.763,40.856,0.116065,0.253168,0.86167
chartqa,1344,64,420,iter420,chartqa_val_420,28,9216,2304,44,130.934,130.934,225.764,0.435,1.274,208.861,13.632,260.861,263.054,1021.459,23.755,1284.513,1415.446,34.254,42.097,0.175758,0.37884,0.795211
chartqa,1344,64,421,iter421,chartqa_val_421,33,9216,2304,64,168.392,168.392,222.196,0.434,1.261,201.661,13.622,257.464,260.682,1569.415,24.911,1830.097,1998.489,34.971,40.142,0.121412,0.262095,0.857558
chartqa,1344,64,422,iter422,chartqa_val_422,30,9216,2304,43,119.58,119.58,230.852,0.436,1.325,213.214,13.638,266.19,275.119,1011.072,24.073,1286.19,1405.77,33.432,41.54,0.179485,0.386445,0.786098
chartqa,1344,64,423,iter423,chartqa_val_423,31,9216,2304,64,132.306,132.306,237.384,0.434,1.255,220.391,13.692,272.592,274.887,1509.369,23.958,1784.256,1916.563,35.869,41.739,0.133044,0.28582,0.845937
chartqa,1344,64,424,iter424,chartqa_val_424,30,9216,2304,14,229.904,229.904,206.243,0.438,1.286,189.279,13.591,241.275,243.742,281.608,21.662,525.35,755.254,26.649,46.163,0.392582,0.851847,0.536039
chartqa,1344,64,425,iter425,chartqa_val_425,39,9216,2304,64,139.192,139.192,272.873,0.437,1.275,255.93,13.696,308.012,310.134,1481.726,23.519,1791.861,1931.052,35.717,42.518,0.152285,0.32418,0.82692
chartqa,1344,64,426,iter426,chartqa_val_426,27,9216,2304,32,123.003,123.003,225.6,0.432,1.322,208.466,13.627,262.218,264.614,702.327,22.656,966.941,1089.944,33.094,44.139,0.233313,0.504496,0.726339
chartqa,1344,64,427,iter427,chartqa_val_427,29,9216,2304,34,132.527,132.527,250.458,0.437,1.233,233.502,13.655,286.935,289.284,737.875,22.36,1027.16,1159.687,33.101,44.723,0.243836,0.523184,0.718365
chartqa,1344,64,428,iter428,chartqa_val_428,33,9216,2304,32,153.644,153.644,232.293,0.437,1.332,214.758,13.566,267.781,270.96,748.741,24.153,1019.702,1173.346,31.382,41.403,0.227805,0.490412,0.734275
chartqa,1344,64,429,iter429,chartqa_val_429,37,9216,2304,64,131.503,131.503,206.352,0.432,1.292,189.431,13.58,241.651,243.94,1476.893,23.443,1720.833,1852.336,37.191,42.657,0.119914,0.260341,0.858243
chartqa,1344,64,430,iter430,chartqa_val_430,30,9216,2304,8,123.759,123.759,206.855,0.437,1.293,189.948,13.57,241.928,244.189,164.964,23.566,409.152,532.911,19.553,42.434,0.505569,1.096859,0.403184
chartqa,1344,64,431,iter431,chartqa_val_431,37,9216,2304,64,149.872,149.872,208.829,0.433,1.261,191.951,13.566,243.948,246.171,1623.167,25.765,1869.338,2019.211,34.237,38.813,0.111713,0.242213,0.868311
chartqa,1344,64,432,iter432,chartqa_val_432,30,9216,2304,13,137.502,137.502,210.215,0.438,1.266,193.357,13.566,245.196,247.445,310.533,25.878,557.978,695.48,23.298,38.643,0.376745,0.816182,0.556533
chartqa,1344,64,433,iter433,chartqa_val_433,31,9216,2304,55,118.398,118.398,215.039,0.435,1.265,198.194,13.57,250.007,252.17,1332.511,24.676,1584.681,1703.079,34.707,40.525,0.135699,0.293464,0.84087
chartqa,1344,64,434,iter434,chartqa_val_434,32,9216,2304,23,132.516,132.516,227.716,0.436,1.33,210.15,13.634,263.011,265.809,514.083,23.367,779.892,912.409,29.491,42.795,0.291984,0.629224,0.659172
chartqa,1344,64,435,iter435,chartqa_val_435,31,9216,2304,31,121.069,121.069,206.114,0.436,1.248,189.301,13.545,241.054,243.196,680.427,22.681,923.623,1044.692,33.563,44.09,0.223158,0.484146,0.736694
chartqa,1344,64,436,iter436,chartqa_val_436,30,9216,2304,8,129.617,129.617,227.315,0.432,1.272,210.472,13.631,262.31,264.409,151.998,21.714,416.407,546.024,19.212,46.053,0.545898,1.175835,0.365022
chartqa,1344,64,437,iter437,chartqa_val_437,33,9216,2304,2,123.313,123.313,225.869,0.437,1.251,208.828,13.677,262.544,264.76,23.276,23.276,288.035,411.349,6.944,42.963,0.784172,1.695672,0.080808
chartqa,1344,64,438,iter438,chartqa_val_438,32,9216,2304,20,136.219,136.219,207.109,0.437,1.255,190.312,13.571,242.284,244.412,522.641,27.507,767.053,903.272,26.074,36.354,0.270006,0.585869,0.681362
chartqa,1344,64,439,iter439,chartqa_val_439,35,9216,2304,62,118.301,118.301,210.152,0.433,1.258,193.301,13.608,245.264,247.392,1608.891,26.375,1856.283,1974.584,33.4,37.914,0.113211,0.245337,0.866727
chartqa,1344,64,440,iter440,chartqa_val_440,33,9216,2304,27,126.084,126.084,204.307,0.433,1.271,187.483,13.566,239.292,241.464,618.783,23.799,860.248,986.331,31.386,42.018,0.237498,0.515664,0.719308
chartqa,1344,64,441,iter441,chartqa_val_441,35,9216,2304,64,139.856,139.856,224.961,0.437,1.256,208.079,13.656,260.867,262.971,1407.872,22.347,1670.843,1810.698,38.304,44.748,0.134639,0.290768,0.842612
chartqa,1344,64,442,iter442,chartqa_val_442,29,9216,2304,15,138.727,138.727,204.159,0.436,1.267,187.33,13.588,239.137,241.269,325.162,23.226,566.43,705.157,26.482,43.056,0.36043,0.782613,0.574054
chartqa,1344,64,443,iter443,chartqa_val_443,32,9216,2304,64,127.821,127.821,223.556,0.433,1.28,206.68,13.63,258.737,260.816,1404.477,22.293,1665.294,1793.114,38.432,44.857,0.134244,0.289615,0.843381
chartqa,1344,64,444,iter444,chartqa_val_444,33,9216,2304,54,258.905,258.905,209.644,0.436,1.282,192.709,13.569,244.823,247.498,1246.146,23.512,1493.644,1752.549,36.153,42.531,0.140357,0.304267,0.834299
chartqa,1344,64,445,iter445,chartqa_val_445,36,9216,2304,64,132.12,132.12,232.874,0.437,1.276,215.92,13.616,268.078,270.337,1501.968,23.841,1772.305,1904.425,36.111,41.945,0.131396,0.282656,0.847466
chartqa,1344,64,446,iter446,chartqa_val_446,33,9216,2304,25,118.15,118.15,207.213,0.433,1.28,190.29,13.577,242.394,244.701,552.917,23.038,797.619,915.769,31.343,43.406,0.25979,0.563687,0.69321
chartqa,1344,64,447,iter447,chartqa_val_447,38,9216,2304,64,247.919,247.919,235.88,0.435,1.258,218.316,13.625,271.087,274.295,1498.997,23.794,1773.292,2021.212,36.091,42.028,0.133018,0.28589,0.845319
chartqa,1344,64,448,iter448,chartqa_val_448,31,9216,2304,7,122.655,122.655,226.345,0.435,1.288,208.83,13.641,261.512,264.489,168.377,28.063,432.866,555.522,16.171,35.634,0.522897,1.127038,0.388982
chartqa,1344,64,449,iter449,chartqa_val_449,32,9216,2304,19,144.639,144.639,223.376,0.437,1.281,205.942,13.593,258.673,261.638,394.573,21.921,656.211,800.85,28.954,45.619,0.340403,0.734595,0.601289
chartqa,1344,64,450,iter450,chartqa_val_450,35,9216,2304,36,136.568,136.568,258.293,0.436,1.221,241.311,13.755,294.26,296.403,803.691,22.963,1100.094,1236.662,32.724,43.549,0.234792,0.502278,0.730566
chartqa,1344,64,451,iter451,chartqa_val_451,36,9216,2304,20,227.292,227.292,207.603,0.434,1.303,190.113,13.583,242.681,245.693,441.769,23.251,687.462,914.754,29.093,43.009,0.301985,0.654996,0.642609
chartqa,1344,64,452,iter452,chartqa_val_452,29,9216,2304,7,141.813,141.813,230.175,0.435,1.266,213.264,13.626,265.087,267.222,174.154,29.026,441.376,583.189,15.859,34.452,0.521494,1.122087,0.39457
chartqa,1344,64,453,iter453,chartqa_val_453,32,9216,2304,64,126.991,126.991,206.169,0.431,1.273,189.343,13.573,241.443,243.572,1490.208,23.654,1733.78,1860.771,36.914,42.276,0.118913,0.258171,0.859514
chartqa,1344,64,454,iter454,chartqa_val_454,45,9216,2304,58,199.05,199.05,209.809,0.437,1.338,191.957,13.592,244.972,248.122,1321.694,23.188,1569.816,1768.866,36.947,43.126,0.133652,0.289704,0.841942
chartqa,1344,64,455,iter455,chartqa_val_455,31,9216,2304,23,168.69,168.69,224.404,0.437,1.27,207.537,13.633,259.428,261.559,471.422,21.428,732.981,901.671,31.379,46.667,0.306153,0.660088,0.643157
chartqa,1344,64,456,iter456,chartqa_val_456,30,9216,2304,9,169.354,169.354,232.176,0.437,1.27,215.21,13.705,267.229,269.39,161.973,20.247,431.362,600.716,20.864,49.391,0.53824,1.157739,0.375491
chartqa,1344,64,457,iter457,chartqa_val_457,34,9216,2304,41,162.174,162.174,215.077,0.437,1.333,197.523,13.576,250.077,253.092,886.352,22.159,1139.444,1301.619,35.982,45.129,0.188756,0.408229,0.777881
chartqa,1344,64,458,iter458,chartqa_val_458,30,9216,2304,8,119.1,119.1,198.521,0.435,1.263,181.797,13.559,233.405,235.46,142.497,20.357,377.957,497.058,21.166,49.124,0.525248,1.142791,0.37702
chartqa,1344,64,459,iter459,chartqa_val_459,35,9216,2304,64,248.546,248.546,205.113,0.435,1.279,187.767,13.58,240.178,243.192,1365.953,21.682,1609.144,1857.69,39.773,46.122,0.127467,0.276726,0.848869
chartqa,1344,64,460,iter460,chartqa_val_460,30,9216,2304,11,164.245,164.245,199.229,0.436,1.249,182.462,13.584,234.157,236.296,205.707,20.571,442.003,606.248,24.887,48.613,0.450741,0.980504,0.465398
chartqa,1344,64,461,iter461,chartqa_val_461,31,9216,2304,64,238.798,238.798,207.82,0.439,1.278,190.826,13.589,243.021,245.59,1482.189,23.527,1727.779,1966.577,37.042,42.505,0.120281,0.260937,0.857858
chartqa,1344,64,462,iter462,chartqa_val_462,29,9216,2304,8,125.651,125.651,243.759,0.432,1.241,226.85,13.639,278.807,281.054,152.592,21.799,433.646,559.298,18.448,45.874,0.562116,1.205053,0.351882
chartqa,1344,64,463,iter463,chartqa_val_463,33,9216,2304,58,245.635,245.635,205.402,0.437,1.273,188.533,13.579,240.66,242.91,1336.65,23.45,1579.56,1825.195,36.719,42.644,0.130038,0.282397,0.846217
chartqa,1344,64,464,iter464,chartqa_val_464,33,9216,2304,25,245.136,245.136,260.464,0.435,1.314,242.68,13.705,295.67,299.678,571.163,23.798,870.84,1115.976,28.708,42.02,0.299095,0.638618,0.655875
chartqa,1344,64,465,iter465,chartqa_val_465,37,9216,2304,45,118.238,118.238,200.629,0.436,1.271,183.79,13.571,235.726,237.886,1045.738,23.767,1283.624,1401.862,35.057,42.076,0.156299,0.33994,0.814677
chartqa,1344,64,466,iter466,chartqa_val_466,31,9216,2304,64,150.342,150.342,210.298,0.431,1.286,193.327,13.623,247.787,250.05,1440.849,22.871,1690.9,1841.242,37.85,43.724,0.124371,0.270912,0.85212
chartqa,1344,64,467,iter467,chartqa_val_467,46,9216,2304,64,121.994,121.994,223.48,0.438,1.302,206.46,13.688,258.605,260.843,1388.112,22.034,1648.955,1770.949,38.812,45.385,0.135528,0.292358,0.841813
chartqa,1344,64,468,iter468,chartqa_val_468,27,9216,2304,21,326.35,326.35,216.76,0.432,1.332,198.847,13.653,252.011,255.252,470.599,23.53,725.851,1052.201,28.932,42.499,0.298629,0.645823,0.648341
chartqa,1344,64,469,iter469,chartqa_val_469,48,9216,2304,64,115.213,115.213,241.095,0.436,1.264,223.949,13.781,278.578,280.93,1513.07,24.017,1794.0,1909.213,35.674,41.637,0.13439,0.289673,0.843406
chartqa,1344,64,470,iter470,chartqa_val_470,30,9216,2304,17,129.078,129.078,231.83,0.435,1.283,214.751,13.673,270.79,273.239,408.741,25.546,681.98,811.058,24.927,39.145,0.339936,0.737001,0.599345
chartqa,1344,64,471,iter471,chartqa_val_471,34,9216,2304,64,116.734,116.734,207.207,0.431,1.274,190.359,13.597,242.275,244.424,1529.178,24.273,1773.602,1890.336,36.085,41.199,0.116828,0.253429,0.862188
chartqa,1344,64,472,iter472,chartqa_val_472,37,9216,2304,29,130.155,130.155,231.569,0.437,1.279,214.604,13.642,266.824,269.036,647.016,23.108,916.052,1046.207,31.658,43.276,0.252791,0.544067,0.706309
chartqa,1344,64,473,iter473,chartqa_val_473,40,9216,2304,48,165.357,165.357,253.991,0.434,1.253,236.638,13.784,290.294,292.949,1203.216,25.6,1496.164,1661.521,32.082,39.062,0.169761,0.363787,0.8042
chartqa,1344,64,474,iter474,chartqa_val_474,36,9216,2304,23,135.513,135.513,242.535,0.436,1.28,225.503,13.633,277.822,280.182,527.271,23.967,807.454,942.967,28.485,41.724,0.30037,0.644442,0.653005
chartqa,1344,64,475,iter475,chartqa_val_475,32,9216,2304,64,127.461,127.461,233.539,0.432,1.291,216.308,13.659,268.92,271.202,1536.734,24.393,1807.935,1935.397,35.399,40.996,0.129174,0.277918,0.849994
chartqa,1344,64,476,iter476,chartqa_val_476,44,9216,2304,26,309.306,309.306,222.245,0.437,1.339,204.489,13.658,257.982,261.286,617.773,24.711,879.058,1188.364,29.577,40.468,0.252821,0.546296,0.702766
chartqa,1344,64,477,iter477,chartqa_val_477,39,9216,2304,58,116.463,116.463,242.635,0.437,1.269,225.679,13.653,278.078,280.357,1339.972,23.508,1620.329,1736.792,35.795,42.538,0.149745,0.321362,0.826975
chartqa,1344,64,478,iter478,chartqa_val_478,26,9216,2304,12,122.444,122.444,207.23,0.438,1.271,190.313,13.587,242.284,244.565,276.777,25.162,521.342,643.786,23.018,39.743,0.397493,0.862224,0.530893
chartqa,1344,64,479,iter479,chartqa_val_479,33,9216,2304,40,126.342,126.342,239.05,0.434,1.265,222.158,13.626,274.242,276.369,908.581,23.297,1184.949,1311.292,33.757,42.924,0.201739,0.433177,0.766767
chartqa,1344,64,480,iter480,chartqa_val_480,28,9216,2304,32,249.27,249.27,217.011,0.436,1.289,199.91,13.601,252.344,255.744,741.972,23.935,997.716,1246.986,32.073,41.781,0.217508,0.47043,0.74367
chartqa,1344,64,481,iter481,chartqa_val_481,35,9216,2304,17,121.988,121.988,230.049,0.432,1.292,212.594,13.566,265.337,268.418,366.758,22.922,635.177,757.165,26.764,43.625,0.36218,0.779917,0.577412
chartqa,1344,64,482,iter482,chartqa_val_482,35,9216,2304,45,154.207,154.207,216.183,0.435,1.275,199.325,13.589,253.27,255.511,1089.651,24.765,1345.162,1499.369,33.453,40.38,0.160712,0.348994,0.810052
chartqa,1344,64,483,iter483,chartqa_val_483,32,9216,2304,64,242.768,242.768,213.68,0.437,1.293,196.618,13.647,249.267,251.628,1567.272,24.877,1818.9,2061.668,35.186,40.197,0.117477,0.25452,0.861659
chartqa,1344,64,484,iter484,chartqa_val_484,37,9216,2304,36,138.208,138.208,210.059,0.433,1.284,192.955,13.658,245.527,247.859,894.768,25.565,1142.627,1280.835,31.506,39.116,0.183839,0.398718,0.783079
chartqa,1344,64,485,iter485,chartqa_val_485,29,9216,2304,23,118.293,118.293,226.59,0.439,1.318,209.418,13.662,261.957,264.361,573.696,26.077,838.057,956.35,27.444,38.348,0.270375,0.582952,0.684555
chartqa,1344,64,486,iter486,chartqa_val_486,44,9216,2304,26,323.857,323.857,214.646,0.435,1.316,197.003,13.601,250.013,253.447,615.927,24.637,869.375,1193.232,29.907,40.589,0.246897,0.534475,0.708472
chartqa,1344,64,487,iter487,chartqa_val_487,34,9216,2304,63,123.993,123.993,206.596,0.434,1.272,189.666,13.623,241.747,243.968,1601.093,25.824,1845.061,1969.054,34.145,38.724,0.111972,0.242996,0.867773
chartqa,1344,64,488,iter488,chartqa_val_488,27,9216,2304,23,123.59,123.59,207.518,0.431,1.278,190.597,13.634,242.581,244.755,552.109,25.096,796.864,920.454,28.863,39.847,0.260418,0.564838,0.692852
chartqa,1344,64,489,iter489,chartqa_val_489,30,9216,2304,64,131.102,131.102,206.615,0.435,1.259,189.814,13.577,241.732,243.86,1526.097,24.224,1769.956,1901.058,36.159,41.282,0.116735,0.25331,0.862223
chartqa,1344,64,490,iter490,chartqa_val_490,29,9216,2304,14,140.382,140.382,219.552,0.435,1.297,202.617,13.611,257.243,259.478,332.095,25.546,591.573,731.955,23.666,39.145,0.371132,0.805977,0.561376
chartqa,1344,64,491,iter491,chartqa_val_491,34,9216,2304,64,145.229,145.229,207.288,0.435,1.28,190.332,13.609,242.511,244.888,1492.886,23.697,1737.774,1883.003,36.829,42.2,0.119284,0.258836,0.85908
chartqa,1344,64,492,iter492,chartqa_val_492,32,9216,2304,64,355.777,355.777,231.871,0.436,1.28,214.435,13.62,267.234,270.406,1398.834,22.204,1669.24,2025.017,38.341,45.038,0.138908,0.299002,0.838007
chartqa,1344,64,493,iter493,chartqa_val_493,30,9216,2304,61,266.994,266.994,225.713,0.435,1.278,208.698,13.605,262.268,264.619,1476.711,24.612,1741.33,2008.324,35.031,40.631,0.129621,0.280235,0.848036
chartqa,1344,64,494,iter494,chartqa_val_494,48,9216,2304,3,156.329,156.329,204.397,0.438,1.315,187.159,13.687,239.746,242.305,43.067,21.534,285.373,441.702,10.513,46.439,0.716244,1.556359,0.150916
chartqa,1344,64,495,iter495,chartqa_val_495,54,9216,2304,36,120.483,120.483,258.343,0.435,1.29,241.234,13.708,715.412,717.768,842.756,24.079,1560.525,1681.008,23.069,41.53,0.165549,0.623992,0.540047
chartqa,1344,64,496,iter496,chartqa_val_496,31,9216,2304,27,132.859,132.859,207.487,0.436,1.293,190.531,13.577,242.622,244.891,620.901,23.881,865.792,998.651,31.185,41.875,0.23965,0.519881,0.717148
chartqa,1344,64,497,iter497,chartqa_val_497,34,9216,2304,64,135.677,135.677,229.627,0.438,1.317,212.049,13.636,264.88,267.85,1591.36,25.26,1859.21,1994.887,34.423,39.589,0.123508,0.265977,0.855933
chartqa,1344,64,498,iter498,chartqa_val_498,31,9216,2304,64,163.495,163.495,207.173,0.433,1.276,190.164,13.651,242.312,244.826,1540.402,24.451,1785.228,1948.723,35.85,40.898,0.116048,0.25178,0.86286
chartqa,1344,64,499,iter499,chartqa_val_499,44,9216,2304,64,243.784,243.784,313.593,0.439,4.185,293.087,13.638,348.812,355.884,1395.542,22.151,1751.426,1995.209,36.542,45.144,0.17905,0.378209,0.796803
chartqa,1792,64,0,iter000,chartqa_val_0,36,16384,4096,17,180.153,180.153,361.553,0.728,2.321,322.33,28.08,421.602,424.422,391.999,24.5,816.421,996.575,20.823,40.816,0.442852,0.959254,0.480143
chartqa,1792,64,1,iter001,chartqa_val_1,34,16384,4096,64,252.19,252.19,375.668,0.728,2.271,339.181,28.137,435.078,437.516,1438.18,22.828,1875.697,2127.886,34.121,43.805,0.200282,0.432237,0.766745
chartqa,1792,64,2,iter002,chartqa_val_2,28,16384,4096,64,163.11,163.11,430.747,0.729,2.315,379.844,28.171,895.37,899.188,4593.181,72.908,5492.369,5655.479,11.653,13.716,0.078426,0.241447,0.836284
chartqa,1792,64,3,iter003,chartqa_val_3,30,16384,4096,53,191.396,191.396,391.186,0.726,2.333,354.05,28.137,861.709,864.588,1315.314,25.294,2179.902,2371.298,24.313,39.534,0.179451,0.574748,0.603382
chartqa,1792,64,4,iter004,chartqa_val_4,46,16384,4096,31,148.754,148.754,408.331,0.728,2.271,369.825,28.192,867.908,870.275,764.835,25.494,1635.11,1783.864,18.959,39.224,0.249727,0.780522,0.467758
chartqa,1792,64,5,iter005,chartqa_val_5,33,16384,4096,17,184.782,184.782,561.847,0.725,2.284,516.29,28.174,1013.877,1016.391,384.498,24.031,1400.89,1585.672,12.135,41.613,0.401064,1.124802,0.274467
chartqa,1792,64,6,iter006,chartqa_val_6,35,16384,4096,21,176.68,176.68,378.462,0.729,2.274,340.44,28.078,889.645,892.559,451.015,22.551,1343.573,1520.254,15.63,44.344,0.281684,0.943832,0.335683
chartqa,1792,64,7,iter007,chartqa_val_7,33,16384,4096,28,208.54,208.54,371.209,0.728,2.264,334.094,28.106,430.447,432.845,641.478,23.758,1074.323,1282.864,26.063,42.09,0.345528,0.746196,0.5971
chartqa,1792,64,8,iter008,chartqa_val_8,32,16384,4096,32,177.089,177.089,469.869,0.73,2.284,429.699,28.288,965.949,968.402,800.667,25.828,1769.069,1946.158,18.089,38.718,0.265603,0.811624,0.452592
chartqa,1792,64,9,iter009,chartqa_val_9,36,16384,4096,64,175.42,175.42,377.67,0.73,2.289,340.451,28.127,437.05,439.651,2761.709,43.837,3201.36,3376.78,19.992,22.812,0.117972,0.254492,0.862668
chartqa,1792,64,10,iter010,chartqa_val_10,44,16384,4096,64,179.335,179.335,381.241,0.725,2.279,342.255,28.156,841.765,844.428,5892.593,93.533,6737.021,6916.356,9.5,10.691,0.056589,0.181535,0.874659
chartqa,1792,64,11,iter011,chartqa_val_11,49,16384,4096,64,185.439,185.439,412.646,0.725,2.35,373.605,28.33,839.45,842.639,4233.678,67.201,5076.317,5261.756,12.608,14.881,0.081289,0.246655,0.834006
chartqa,1792,64,12,iter012,chartqa_val_12,30,16384,4096,24,249.866,249.866,355.139,0.73,2.338,313.592,28.051,414.546,418.072,563.227,24.488,981.299,1231.165,24.457,40.836,0.361907,0.784353,0.57396
chartqa,1792,64,13,iter013,chartqa_val_13,34,16384,4096,64,281.988,281.988,428.261,0.728,2.289,388.797,28.282,488.017,490.515,1497.852,23.775,1988.367,2270.354,32.187,42.06,0.215383,0.460819,0.753308
chartqa,1792,64,14,iter014,chartqa_val_14,30,16384,4096,34,188.918,188.918,366.829,0.726,2.305,329.523,28.094,426.94,429.58,716.811,21.722,1146.391,1335.309,29.658,46.037,0.319986,0.692406,0.625276
chartqa,1792,64,15,iter015,chartqa_val_15,35,16384,4096,64,283.291,283.291,385.962,0.729,2.257,346.862,28.174,445.678,448.066,1475.9,23.427,1923.966,2207.257,33.265,42.686,0.200608,0.432253,0.767113
chartqa,1792,64,16,iter016,chartqa_val_16,30,16384,4096,33,170.007,170.007,422.374,0.725,2.587,367.066,28.194,482.403,485.75,818.314,25.572,1304.064,1474.071,25.306,39.105,0.32389,0.693813,0.627511
chartqa,1792,64,17,iter017,chartqa_val_17,40,16384,4096,64,186.034,186.034,380.303,0.73,2.29,343.331,28.083,835.855,838.271,1582.455,25.118,2420.727,2606.761,26.438,39.812,0.157103,0.502394,0.653711
chartqa,1792,64,18,iter018,chartqa_val_18,31,16384,4096,14,289.301,289.301,353.529,0.727,2.306,315.747,28.101,859.85,862.575,283.158,21.781,1145.734,1435.034,12.219,45.911,0.308561,1.059041,0.247141
chartqa,1792,64,19,iter019,chartqa_val_19,34,16384,4096,49,175.56,175.56,439.273,0.73,2.351,384.412,28.166,499.126,502.462,1084.759,22.599,1587.221,1762.781,30.872,44.249,0.276756,0.591221,0.683433
chartqa,1792,64,20,iter020,chartqa_val_20,36,16384,4096,18,241.988,241.988,385.093,0.725,2.298,344.16,28.121,444.711,447.031,393.125,23.125,840.157,1082.144,21.425,43.243,0.458359,0.987678,0.467919
chartqa,1792,64,21,iter021,chartqa_val_21,38,16384,4096,64,192.463,192.463,379.44,0.729,2.307,342.252,28.118,858.983,861.673,1561.613,24.788,2423.286,2615.75,26.41,40.343,0.156581,0.511051,0.64442
chartqa,1792,64,22,iter022,chartqa_val_22,31,16384,4096,40,177.147,177.147,395.295,0.726,2.311,354.341,28.123,455.28,457.839,919.425,23.575,1377.264,1554.411,29.043,42.418,0.287014,0.617583,0.667573
chartqa,1792,64,23,iter023,chartqa_val_23,35,16384,4096,64,169.476,169.476,383.572,0.73,2.304,343.659,28.259,443.087,445.394,1485.628,23.581,1931.022,2100.498,33.143,42.406,0.198637,0.428094,0.769348
chartqa,1792,64,24,iter024,chartqa_val_24,31,16384,4096,26,196.348,196.348,373.25,0.729,2.323,333.546,28.142,433.233,436.023,648.723,25.949,1084.746,1281.094,23.969,38.537,0.34409,0.743476,0.598041
chartqa,1792,64,25,iter025,chartqa_val_25,33,16384,4096,37,183.522,183.522,374.635,0.729,2.312,336.944,28.072,434.514,436.979,848.416,23.567,1285.394,1468.916,28.785,42.432,0.291455,0.629495,0.660043
chartqa,1792,64,26,iter026,chartqa_val_26,33,16384,4096,33,248.308,248.308,394.099,0.731,2.335,354.098,28.194,453.676,456.452,803.931,25.123,1260.383,1508.69,26.183,39.804,0.312682,0.672632,0.637847
chartqa,1792,64,27,iter027,chartqa_val_27,33,16384,4096,64,187.553,187.553,382.09,0.728,2.318,342.075,28.165,441.712,444.671,1547.417,24.562,1992.089,2179.641,32.127,40.713,0.191804,0.413537,0.776781
chartqa,1792,64,28,iter028,chartqa_val_28,29,16384,4096,28,177.8,177.8,391.365,0.731,2.284,353.527,28.192,883.745,886.131,630.803,23.363,1516.934,1694.734,18.458,42.803,0.257997,0.840583,0.415841
chartqa,1792,64,29,iter029,chartqa_val_29,32,16384,4096,64,180.663,180.663,475.509,0.728,2.301,423.387,28.199,535.342,537.938,1485.432,23.578,2023.37,2204.033,31.63,42.412,0.235008,0.499588,0.734138
chartqa,1792,64,30,iter030,chartqa_val_30,33,16384,4096,43,253.934,253.934,397.311,0.727,2.335,352.402,28.117,457.03,460.93,1060.979,25.261,1521.909,1775.842,28.254,39.586,0.261061,0.561362,0.697137
chartqa,1792,64,31,iter031,chartqa_val_31,31,16384,4096,43,173.157,173.157,421.239,0.725,2.299,383.91,28.081,480.755,483.103,1001.568,23.847,1484.671,1657.828,28.963,41.934,0.283726,0.607538,0.674606
chartqa,1792,64,32,iter032,chartqa_val_32,27,16384,4096,30,176.49,176.49,363.549,0.725,2.28,323.221,28.073,821.631,823.946,1223.26,42.181,2047.206,2223.696,14.654,23.707,0.177583,0.578926,0.597527
chartqa,1792,64,33,iter033,chartqa_val_33,31,16384,4096,39,478.023,478.023,380.428,0.73,2.341,335.892,28.055,440.136,443.783,905.702,23.834,1349.485,1827.508,28.9,41.956,0.281906,0.608057,0.671146
chartqa,1792,64,34,iter034,chartqa_val_34,34,16384,4096,17,290.071,290.071,414.336,0.728,2.334,370.261,28.16,474.103,476.935,338.014,21.126,814.949,1105.02,20.86,47.335,0.508419,1.090177,0.414767
chartqa,1792,64,35,iter035,chartqa_val_35,35,16384,4096,64,194.501,194.501,412.816,0.727,2.354,364.605,28.133,472.783,476.169,1520.766,24.139,1996.936,2191.437,32.049,41.426,0.206725,0.443479,0.76155
chartqa,1792,64,36,iter036,chartqa_val_36,28,16384,4096,36,163.653,163.653,483.644,0.729,2.292,433.212,28.158,543.441,546.018,849.613,24.275,1395.631,1559.284,25.795,41.195,0.346542,0.735929,0.608766
chartqa,1792,64,37,iter037,chartqa_val_37,32,16384,4096,64,181.493,181.493,411.702,0.729,2.353,368.356,28.185,471.356,474.669,1552.554,24.644,2027.223,2208.715,31.57,40.578,0.203087,0.4356,0.765853
chartqa,1792,64,38,iter038,chartqa_val_38,28,16384,4096,39,146.435,146.435,358.011,0.726,2.305,319.596,28.135,417.868,420.37,912.387,24.01,1332.757,1479.193,29.263,41.649,0.268625,0.582161,0.684586
chartqa,1792,64,39,iter039,chartqa_val_39,34,16384,4096,64,164.961,164.961,387.983,0.726,2.323,350.997,28.131,447.724,450.151,1535.345,24.371,1985.496,2150.457,32.234,41.033,0.195409,0.420906,0.773281
chartqa,1792,64,40,iter040,chartqa_val_40,33,16384,4096,36,176.965,176.965,391.383,0.729,2.311,354.026,28.162,451.19,453.725,880.415,25.155,1334.14,1511.105,26.984,39.754,0.29336,0.631547,0.659912
chartqa,1792,64,41,iter041,chartqa_val_41,34,16384,4096,26,182.773,182.773,417.346,0.731,2.299,378.946,28.209,477.258,479.868,619.589,24.784,1099.458,1282.23,23.648,40.349,0.379593,0.813677,0.563541
chartqa,1792,64,42,iter042,chartqa_val_42,30,16384,4096,9,188.427,188.427,411.572,0.729,2.297,371.815,28.102,471.51,473.974,183.696,22.962,657.67,846.097,13.685,43.55,0.625803,1.342744,0.279313
chartqa,1792,64,43,iter043,chartqa_val_43,31,16384,4096,64,255.189,255.189,592.58,0.728,2.297,552.525,28.152,652.926,655.472,1567.521,24.881,2222.994,2478.183,28.79,40.191,0.266568,0.560283,0.70514
chartqa,1792,64,44,iter044,chartqa_val_44,29,16384,4096,14,165.246,165.246,423.697,0.724,2.274,382.58,28.151,483.175,485.608,291.929,22.456,777.538,942.784,18.006,44.531,0.544921,1.166338,0.375454
chartqa,1792,64,45,iter045,chartqa_val_45,33,16384,4096,64,178.97,178.97,449.729,0.728,2.286,408.658,28.179,509.97,512.585,1463.148,23.225,1975.734,2154.704,32.393,43.058,0.227626,0.485743,0.74056
chartqa,1792,64,46,iter046,chartqa_val_46,38,16384,4096,32,170.983,170.983,382.772,0.726,2.295,345.519,28.212,442.464,445.101,777.255,25.073,1222.356,1393.339,26.179,39.884,0.313143,0.675119,0.635866
chartqa,1792,64,47,iter047,chartqa_val_47,30,16384,4096,64,227.652,227.652,395.938,0.728,2.337,349.218,28.089,455.703,459.697,1570.787,24.933,2030.484,2258.137,31.52,40.107,0.194997,0.419428,0.773602
chartqa,1792,64,48,iter048,chartqa_val_48,29,16384,4096,64,307.043,307.043,406.825,0.731,2.333,369.628,28.17,466.42,469.592,1418.676,22.519,1888.268,2195.312,33.893,44.408,0.215449,0.462458,0.751311
chartqa,1792,64,49,iter049,chartqa_val_49,33,16384,4096,62,204.304,204.304,393.831,0.729,2.308,357.228,28.131,453.263,456.268,1511.836,24.784,1968.104,2172.408,31.502,40.348,0.200107,0.430411,0.768169
chartqa,1792,64,50,iter050,chartqa_val_50,30,16384,4096,45,142.323,142.323,401.259,0.731,2.286,361.358,28.131,460.7,463.118,1165.226,26.482,1628.344,1770.667,27.635,37.761,0.246422,0.529347,0.71559
chartqa,1792,64,51,iter051,chartqa_val_51,30,16384,4096,64,176.842,176.842,384.555,0.724,2.289,345.563,28.207,444.638,447.076,1587.907,25.205,2034.984,2211.825,31.45,39.675,0.188972,0.40747,0.780305
chartqa,1792,64,52,iter052,chartqa_val_52,30,16384,4096,9,218.103,218.103,372.148,0.727,2.304,334.807,28.103,432.017,434.487,209.502,26.188,643.99,862.093,13.975,38.186,0.577879,1.248723,0.325319
chartqa,1792,64,53,iter053,chartqa_val_53,33,16384,4096,56,268.698,268.698,394.933,0.729,2.292,357.953,28.114,454.815,457.272,1353.468,24.609,1810.739,2079.438,30.927,40.636,0.218106,0.469282,0.747467
chartqa,1792,64,54,iter054,chartqa_val_54,29,16384,4096,52,177.802,177.802,431.342,0.726,2.3,392.161,28.147,491.519,493.953,1193.899,23.41,1687.852,1865.653,30.808,42.717,0.255557,0.546767,0.707348
chartqa,1792,64,55,iter055,chartqa_val_55,33,16384,4096,64,156.734,156.734,519.515,0.73,2.28,469.765,28.29,578.952,581.316,1551.403,24.625,2132.719,2289.453,30.009,40.608,0.243593,0.515054,0.72743
chartqa,1792,64,56,iter056,chartqa_val_56,32,16384,4096,50,174.888,174.888,409.944,0.729,2.28,372.018,28.088,469.775,472.064,1162.485,23.724,1634.549,1809.436,30.589,42.151,0.2508,0.538203,0.711196
chartqa,1792,64,57,iter057,chartqa_val_57,36,16384,4096,21,181.932,181.932,406.64,0.728,2.3,367.299,28.157,466.387,469.106,525.815,26.291,994.921,1176.853,21.107,38.036,0.408716,0.877483,0.528499
chartqa,1792,64,58,iter058,chartqa_val_58,29,16384,4096,29,179.023,179.023,383.738,0.73,2.307,343.89,28.125,443.572,445.996,746.312,26.654,1192.308,1371.331,24.323,37.518,0.321845,0.693872,0.625939
chartqa,1792,64,59,iter059,chartqa_val_59,35,16384,4096,64,281.486,281.486,418.637,0.728,2.299,379.514,28.167,478.5,481.045,1378.019,21.873,1859.064,2140.55,34.426,45.718,0.225187,0.482575,0.741244
chartqa,1792,64,60,iter060,chartqa_val_60,29,16384,4096,29,298.161,298.161,447.954,0.732,2.328,382.494,28.1,507.318,516.608,643.315,22.976,1159.923,1458.085,25.002,43.525,0.386193,0.823565,0.554619
chartqa,1792,64,61,iter061,chartqa_val_61,35,16384,4096,64,194.928,194.928,391.14,0.724,2.333,354.109,28.115,451.082,453.802,1576.219,25.019,2030.021,2224.949,31.527,39.969,0.192678,0.414884,0.776454
chartqa,1792,64,62,iter062,chartqa_val_62,30,16384,4096,23,165.638,165.638,410.602,0.728,2.263,371.647,28.064,470.074,472.477,462.571,21.026,935.049,1100.687,24.598,47.56,0.439124,0.941851,0.494703
chartqa,1792,64,63,iter063,chartqa_val_63,34,16384,4096,33,476.082,476.082,385.184,0.728,2.274,341.839,28.145,445.16,447.615,805.21,25.163,1252.825,1728.907,26.34,39.741,0.307452,0.662777,0.642716
chartqa,1792,64,64,iter064,chartqa_val_64,33,16384,4096,16,226.363,226.363,392.412,0.728,2.351,348.758,28.121,452.014,455.794,328.057,21.87,783.852,1010.215,20.412,45.724,0.500621,1.077278,0.41852
chartqa,1792,64,65,iter065,chartqa_val_65,35,16384,4096,64,168.967,168.967,386.473,0.726,2.314,337.147,28.057,446.129,449.327,1540.24,24.448,1989.567,2158.534,32.168,40.903,0.19425,0.418484,0.774158
chartqa,1792,64,66,iter066,chartqa_val_66,29,16384,4096,30,163.101,163.101,364.883,0.728,2.256,326.925,28.075,424.425,426.658,739.64,25.505,1166.297,1329.398,25.722,39.208,0.312856,0.676764,0.634178
chartqa,1792,64,67,iter067,chartqa_val_67,31,16384,4096,64,173.574,173.574,386.51,0.724,2.265,348.509,28.115,446.088,448.43,1540.529,24.453,1988.959,2162.533,32.178,40.895,0.194328,0.41861,0.774541
chartqa,1792,64,68,iter068,chartqa_val_68,28,16384,4096,10,221.668,221.668,413.834,0.731,2.332,364.288,28.183,474.176,477.465,228.372,25.375,705.838,927.505,14.168,39.409,0.586303,1.258095,0.323548
chartqa,1792,64,69,iter069,chartqa_val_69,31,16384,4096,64,166.821,166.821,385.913,0.725,2.28,348.803,28.113,446.036,448.616,1509.559,23.961,1958.174,2124.995,32.684,41.734,0.197078,0.42486,0.770901
chartqa,1792,64,70,iter070,chartqa_val_70,34,16384,4096,64,202.765,202.765,383.566,0.728,2.339,335.776,28.107,443.603,447.386,1597.724,25.361,2045.11,2247.875,31.294,39.431,0.187553,0.404462,0.781241
chartqa,1792,64,71,iter071,chartqa_val_71,37,16384,4096,64,168.825,168.825,457.791,0.731,2.343,419.914,28.291,905.261,907.928,1616.079,25.652,2524.007,2692.832,25.357,38.983,0.181375,0.540035,0.640283
chartqa,1792,64,72,iter072,chartqa_val_72,31,16384,4096,17,185.914,185.914,365.572,0.729,2.338,327.408,28.131,425.276,427.886,417.835,26.115,845.721,1031.635,20.101,38.293,0.432261,0.935117,0.494058
chartqa,1792,64,73,iter073,chartqa_val_73,32,16384,4096,64,164.193,164.193,406.114,0.729,2.286,367.502,28.085,466.015,468.445,1555.533,24.691,2023.978,2188.172,31.621,40.501,0.200651,0.430899,0.768552
chartqa,1792,64,74,iter074,chartqa_val_74,28,16384,4096,18,183.239,183.239,416.723,0.728,2.296,379.562,28.161,476.39,478.895,414.874,24.404,893.768,1077.007,20.139,40.976,0.466254,0.999267,0.464185
chartqa,1792,64,75,iter075,chartqa_val_75,31,16384,4096,64,179.842,179.842,411.615,0.729,2.311,371.87,28.198,471.405,474.136,1719.883,27.3,2194.019,2373.861,29.17,36.63,0.187608,0.402467,0.783896
chartqa,1792,64,76,iter076,chartqa_val_76,29,16384,4096,14,176.823,176.823,417.025,0.727,2.307,366.224,28.208,477.57,480.077,335.584,25.814,815.662,992.484,17.164,38.738,0.511272,1.096772,0.411426
chartqa,1792,64,77,iter077,chartqa_val_77,30,16384,4096,64,178.79,178.79,378.386,0.728,2.301,341.202,28.081,438.184,440.684,1572.443,24.959,2013.127,2191.917,31.791,40.065,0.187959,0.405622,0.781095
chartqa,1792,64,78,iter078,chartqa_val_78,30,16384,4096,26,170.817,170.817,411.855,0.73,2.356,364.686,28.18,471.455,474.839,627.556,25.102,1102.395,1273.212,23.585,39.837,0.373601,0.801265,0.569266
chartqa,1792,64,79,iter079,chartqa_val_79,36,16384,4096,26,152.451,152.451,381.478,0.726,2.285,342.425,28.04,441.339,443.702,657.995,26.32,1101.696,1254.148,23.6,37.994,0.346264,0.746863,0.597256
chartqa,1792,64,80,iter080,chartqa_val_80,35,16384,4096,21,160.909,160.909,510.921,0.726,2.292,472.107,28.143,570.62,572.926,540.56,27.028,1113.486,1274.395,18.86,36.999,0.458848,0.97131,0.485467
chartqa,1792,64,81,iter081,chartqa_val_81,33,16384,4096,64,252.1,252.1,403.255,0.729,2.289,363.366,28.205,463.285,466.098,1558.629,24.74,2024.727,2276.827,31.609,40.42,0.199165,0.427978,0.769797
chartqa,1792,64,82,iter082,chartqa_val_82,29,16384,4096,14,179.425,179.425,418.912,0.728,2.298,381.719,28.235,478.632,481.346,370.109,28.47,851.455,1030.881,16.442,35.125,0.491995,1.054129,0.434679
chartqa,1792,64,83,iter083,chartqa_val_83,31,16384,4096,64,171.796,171.796,372.159,0.728,2.294,330.61,28.072,431.761,434.45,1538.58,24.422,1973.03,2144.825,32.437,40.947,0.188623,0.407455,0.779806
chartqa,1792,64,84,iter084,chartqa_val_84,30,16384,4096,24,187.214,187.214,375.815,0.729,2.33,337.336,28.246,436.134,438.937,547.58,23.808,986.518,1173.731,24.328,42.003,0.380951,0.823045,0.555064
chartqa,1792,64,85,iter085,chartqa_val_85,34,16384,4096,64,148.236,148.236,379.889,0.725,2.292,343.104,28.157,439.661,442.306,1533.542,24.342,1975.848,2124.085,32.391,41.081,0.192267,0.414784,0.776144
chartqa,1792,64,86,iter086,chartqa_val_86,38,16384,4096,23,175.475,175.475,418.099,0.728,2.338,378.501,28.099,477.937,480.944,503.548,22.889,984.492,1159.967,23.362,43.69,0.424685,0.910151,0.51148
chartqa,1792,64,87,iter087,chartqa_val_87,38,16384,4096,39,225.099,225.099,403.09,0.73,2.301,364.636,28.194,462.788,465.681,906.867,23.865,1372.548,1597.647,28.414,41.903,0.29368,0.630855,0.660718
chartqa,1792,64,88,iter088,chartqa_val_88,29,16384,4096,55,176.831,176.831,394.954,0.728,2.315,355.928,28.172,455.151,458.128,1257.145,23.28,1715.273,1892.105,32.065,42.954,0.230257,0.495609,0.732913
chartqa,1792,64,89,iter089,chartqa_val_89,46,16384,4096,64,173.881,173.881,382.612,0.727,2.287,344.261,28.152,442.758,445.129,1507.607,23.93,1952.736,2126.617,32.775,41.788,0.195936,0.422674,0.772048
chartqa,1792,64,90,iter090,chartqa_val_90,27,16384,4096,45,177.284,177.284,356.518,0.73,2.285,318.196,28.088,416.076,418.455,986.788,22.427,1405.243,1582.527,32.023,44.589,0.253706,0.549794,0.702219
chartqa,1792,64,91,iter091,chartqa_val_91,30,16384,4096,63,159.795,159.795,359.348,0.725,2.282,322.275,28.093,419.129,421.577,1399.151,22.567,1820.728,1980.523,34.602,44.313,0.197365,0.427564,0.768457
chartqa,1792,64,92,iter092,chartqa_val_92,30,16384,4096,14,251.363,251.363,378.789,0.727,2.304,339.251,28.155,438.597,441.303,331.745,25.519,773.048,1024.411,18.11,39.187,0.489994,1.057355,0.429139
chartqa,1792,64,93,iter093,chartqa_val_93,31,16384,4096,44,187.532,187.532,369.379,0.729,2.298,330.813,28.057,429.131,431.584,983.143,22.864,1414.727,1602.259,31.101,43.737,0.261095,0.564426,0.694935
chartqa,1792,64,94,iter094,chartqa_val_94,30,16384,4096,61,203.912,203.912,370.153,0.726,2.327,329.627,28.19,430.762,434.245,1435.485,23.925,1869.73,2073.642,32.625,41.798,0.197971,0.428359,0.76775
chartqa,1792,64,95,iter095,chartqa_val_95,34,16384,4096,64,177.674,177.674,412.635,0.729,2.295,375.532,28.364,472.637,474.992,1412.375,22.419,1887.367,2065.041,33.91,44.606,0.21863,0.469051,0.748331
chartqa,1792,64,96,iter096,chartqa_val_96,32,16384,4096,34,212.975,212.975,354.637,0.731,2.293,317.922,28.05,414.297,416.648,798.673,24.202,1215.321,1428.296,27.976,41.319,0.291805,0.6327,0.65717
chartqa,1792,64,97,iter097,chartqa_val_97,35,16384,4096,64,279.946,279.946,388.074,0.73,2.262,348.159,28.085,448.057,450.343,1574.504,24.992,2024.846,2304.792,31.607,40.013,0.191656,0.412936,0.777592
chartqa,1792,64,98,iter098,chartqa_val_98,30,16384,4096,64,208.203,208.203,367.467,0.729,2.269,330.034,28.073,427.098,429.519,1543.562,24.501,1973.082,2181.285,32.437,40.815,0.18624,0.402703,0.78231
chartqa,1792,64,99,iter099,chartqa_val_99,34,16384,4096,64,207.56,207.56,386.504,0.725,2.299,349.805,28.079,445.905,448.435,1446.595,22.962,1895.03,2102.59,33.773,43.551,0.203957,0.439259,0.763362
chartqa,1792,64,100,iter100,chartqa_val_100,29,16384,4096,55,280.122,280.122,379.508,0.729,2.258,342.199,28.13,439.371,441.743,1314.799,24.348,1756.542,2036.664,31.312,41.071,0.216054,0.466188,0.748516
chartqa,1792,64,101,iter101,chartqa_val_101,49,16384,4096,64,173.155,173.155,388.438,0.729,2.328,339.963,28.157,448.071,451.452,1450.836,23.029,1902.288,2075.443,33.644,43.423,0.204195,0.439738,0.762679
chartqa,1792,64,102,iter102,chartqa_val_102,28,16384,4096,10,196.097,196.097,378.034,0.73,2.309,341.123,28.116,437.795,440.225,238.319,26.48,678.544,874.641,14.737,37.765,0.557125,1.202323,0.351221
chartqa,1792,64,103,iter103,chartqa_val_103,31,16384,4096,64,229.744,229.744,387.234,0.729,2.271,348.157,28.152,447.295,449.579,1601.104,25.414,2050.683,2280.426,31.209,39.348,0.188832,0.406952,0.780766
chartqa,1792,64,104,iter104,chartqa_val_104,30,16384,4096,11,198.269,198.269,360.553,0.731,2.328,321.664,28.402,420.501,423.282,271.533,27.153,694.815,893.084,15.832,36.828,0.518919,1.124119,0.390799
chartqa,1792,64,105,iter105,chartqa_val_105,34,16384,4096,64,170.282,170.282,383.962,0.729,2.288,346.666,28.135,443.467,445.789,1530.011,24.286,1975.8,2146.082,32.392,41.176,0.194333,0.418782,0.774376
chartqa,1792,64,106,iter106,chartqa_val_106,27,16384,4096,28,185.055,185.055,389.018,0.73,2.289,351.776,28.235,448.566,451.027,634.51,23.5,1085.537,1270.592,25.794,42.552,0.358365,0.771585,0.584513
chartqa,1792,64,107,iter107,chartqa_val_107,35,16384,4096,64,181.467,181.467,394.532,0.726,2.299,355.063,28.134,454.408,456.87,1469.31,23.322,1926.18,2107.648,33.226,42.877,0.204826,0.440738,0.76281
chartqa,1792,64,108,iter108,chartqa_val_108,29,16384,4096,13,183.703,183.703,391.243,0.728,2.289,354.374,28.315,450.97,453.541,267.722,22.31,721.263,904.966,18.024,44.823,0.542441,1.16769,0.371185
chartqa,1792,64,109,iter109,chartqa_val_109,30,16384,4096,46,182.599,182.599,413.555,0.729,2.289,374.282,28.133,473.6,475.956,1092.559,24.279,1568.516,1751.114,29.327,41.188,0.26366,0.565602,0.696556
chartqa,1792,64,110,iter110,chartqa_val_110,31,16384,4096,19,198.678,198.678,366.908,0.731,2.305,327.419,28.111,426.664,429.269,496.944,27.608,926.212,1124.89,20.514,36.221,0.396139,0.856794,0.536533
chartqa,1792,64,111,iter111,chartqa_val_111,32,16384,4096,64,203.221,203.221,374.548,0.73,2.298,337.072,28.097,434.508,437.01,1561.525,24.786,1998.535,2201.755,32.023,40.345,0.187411,0.404824,0.781335
chartqa,1792,64,112,iter112,chartqa_val_112,30,16384,4096,14,176.118,176.118,386.399,0.728,2.309,345.771,28.102,446.233,448.862,317.779,24.445,766.641,942.759,18.261,40.909,0.504015,1.086078,0.414509
chartqa,1792,64,113,iter113,chartqa_val_113,30,16384,4096,64,181.261,181.261,385.591,0.729,2.274,347.98,28.122,445.181,447.488,1474.092,23.398,1921.581,2102.841,33.306,42.738,0.200663,0.432338,0.767125
chartqa,1792,64,114,iter114,chartqa_val_114,28,16384,4096,13,161.618,161.618,400.762,0.727,2.276,362.639,28.076,460.327,462.72,278.087,23.174,740.807,902.425,17.548,43.152,0.540981,1.162368,0.375384
chartqa,1792,64,115,iter115,chartqa_val_115,31,16384,4096,64,197.78,197.78,406.942,0.727,2.288,369.194,28.222,466.522,469.334,1538.421,24.419,2007.755,2205.535,31.876,40.951,0.202685,0.435045,0.766239
chartqa,1792,64,116,iter116,chartqa_val_116,30,16384,4096,7,164.608,164.608,395.351,0.729,2.306,358.821,28.101,454.893,457.554,137.56,22.927,595.114,759.722,11.762,43.617,0.664329,1.428708,0.231149
chartqa,1792,64,117,iter117,chartqa_val_117,34,16384,4096,39,181.616,181.616,387.769,0.729,2.319,348.495,28.127,447.536,450.025,860.571,22.647,1310.596,1492.211,29.757,44.157,0.295872,0.637348,0.656626
chartqa,1792,64,118,iter118,chartqa_val_118,29,16384,4096,33,186.163,186.163,633.156,0.73,2.314,595.723,28.186,693.26,696.112,743.986,23.25,1440.098,1626.261,22.915,43.012,0.439662,0.92106,0.516622
chartqa,1792,64,119,iter119,chartqa_val_119,33,16384,4096,64,198.019,198.019,452.808,0.725,2.337,401.013,28.153,512.667,516.218,1450.062,23.017,1966.28,2164.299,32.549,43.446,0.230287,0.491016,0.737465
chartqa,1792,64,120,iter120,chartqa_val_120,30,16384,4096,38,281.645,281.645,363.957,0.726,2.292,326.647,28.204,425.132,427.995,799.901,21.619,1227.895,1509.541,30.947,46.256,0.296407,0.642635,0.65144
chartqa,1792,64,121,iter121,chartqa_val_121,31,16384,4096,23,240.364,240.364,383.078,0.728,2.272,345.538,28.153,442.556,445.145,525.044,23.866,970.189,1210.553,23.707,41.901,0.394849,0.851003,0.541177
chartqa,1792,64,122,iter122,chartqa_val_122,33,16384,4096,27,167.345,167.345,365.819,0.726,2.29,328.695,28.1,425.225,427.937,659.52,25.366,1087.457,1254.802,24.829,39.423,0.336399,0.727426,0.606479
chartqa,1792,64,123,iter123,chartqa_val_123,39,16384,4096,64,180.698,180.698,394.226,0.725,2.27,357.767,28.186,891.113,893.473,1454.475,23.087,2347.948,2528.646,27.258,43.315,0.167902,0.547431,0.619467
chartqa,1792,64,124,iter124,chartqa_val_124,45,16384,4096,28,159.528,159.528,418.25,0.726,2.289,380.569,28.153,844.05,846.745,607.677,22.507,1454.423,1613.951,19.252,44.431,0.287571,0.867905,0.417813
chartqa,1792,64,125,iter125,chartqa_val_125,44,16384,4096,64,197.671,197.671,397.685,0.729,2.311,360.828,28.163,457.351,459.784,1416.981,22.492,1876.765,2074.436,34.101,44.461,0.211899,0.455591,0.755012
chartqa,1792,64,126,iter126,chartqa_val_126,29,16384,4096,16,228.88,228.88,390.034,0.729,2.307,352.644,28.143,449.391,452.133,319.393,21.293,771.525,1000.405,20.738,46.964,0.505536,1.088006,0.413976
chartqa,1792,64,127,iter127,chartqa_val_127,32,16384,4096,36,196.046,196.046,401.283,0.724,2.364,353.172,28.222,461.773,465.801,839.991,24.0,1305.791,1501.837,27.569,41.667,0.30731,0.660945,0.643281
chartqa,1792,64,128,iter128,chartqa_val_128,28,16384,4096,20,162.85,162.85,381.796,0.728,2.311,340.65,28.205,441.472,443.985,462.203,24.326,906.188,1069.038,22.07,41.107,0.421321,0.908496,0.510052
chartqa,1792,64,129,iter129,chartqa_val_129,29,16384,4096,39,270.736,270.736,362.403,0.73,2.287,325.332,28.079,421.836,424.314,842.534,22.172,1266.848,1537.584,30.785,45.102,0.286067,0.619047,0.665063
chartqa,1792,64,130,iter130,chartqa_val_130,28,16384,4096,35,178.518,178.518,420.617,0.73,2.295,379.24,28.198,480.157,482.543,769.684,22.638,1252.227,1430.746,27.95,44.174,0.335895,0.719338,0.614652
chartqa,1792,64,131,iter131,chartqa_val_131,34,16384,4096,64,149.791,149.791,396.218,0.729,2.294,359.356,28.151,455.762,457.997,1444.101,22.922,1902.099,2051.89,33.647,43.626,0.208306,0.447916,0.759215
chartqa,1792,64,132,iter132,chartqa_val_132,30,16384,4096,63,252.025,252.025,394.408,0.728,2.309,355.229,28.095,454.14,456.824,1413.269,22.795,1870.094,2122.119,33.688,43.87,0.210903,0.453746,0.755721
chartqa,1792,64,133,iter133,chartqa_val_133,36,16384,4096,64,166.356,166.356,433.895,0.731,2.27,395.494,28.228,493.828,496.301,1551.227,24.623,2047.528,2213.883,31.257,40.613,0.211912,0.453094,0.75761
chartqa,1792,64,134,iter134,chartqa_val_134,44,16384,4096,28,264.67,264.67,374.371,0.726,2.284,337.124,28.162,434.499,436.966,636.943,23.59,1073.909,1338.579,26.073,42.39,0.348606,0.753202,0.593107
chartqa,1792,64,135,iter135,chartqa_val_135,49,16384,4096,64,164.379,164.379,393.478,0.729,2.267,354.669,28.086,453.053,455.419,1439.589,22.851,1895.008,2059.387,33.773,43.762,0.207639,0.446717,0.759674
chartqa,1792,64,136,iter136,chartqa_val_136,37,16384,4096,22,263.353,263.353,391.629,0.731,2.27,354.211,28.101,451.15,453.427,489.859,23.327,943.285,1206.638,23.323,42.87,0.415175,0.893451,0.519311
chartqa,1792,64,137,iter137,chartqa_val_137,41,16384,4096,26,211.12,211.12,369.299,0.726,2.316,331.815,28.074,824.512,827.304,585.621,23.425,1412.925,1624.045,18.402,42.69,0.261372,0.844922,0.414474
chartqa,1792,64,138,iter138,chartqa_val_138,29,16384,4096,28,162.483,162.483,384.341,0.726,2.284,347.1,28.087,445.167,447.509,629.47,23.314,1076.979,1239.462,25.999,42.893,0.35687,0.770218,0.584477
chartqa,1792,64,139,iter139,chartqa_val_139,33,16384,4096,30,153.616,153.616,383.975,0.728,2.286,347.286,28.112,444.072,446.42,680.41,23.462,1126.83,1280.446,26.623,42.621,0.340757,0.734846,0.603827
chartqa,1792,64,140,iter140,chartqa_val_140,30,16384,4096,29,196.911,196.911,441.227,0.725,2.344,403.83,28.158,500.961,503.766,650.752,23.241,1154.518,1351.429,25.119,43.027,0.382174,0.816088,0.563657
chartqa,1792,64,141,iter141,chartqa_val_141,31,16384,4096,64,192.9,192.9,404.203,0.731,2.283,366.787,28.127,463.782,466.129,1500.071,23.811,1966.2,2159.1,32.55,41.998,0.205576,0.441453,0.762929
chartqa,1792,64,142,iter142,chartqa_val_142,29,16384,4096,36,189.43,189.43,368.906,0.727,2.323,331.976,28.098,429.065,432.022,842.851,24.081,1274.873,1464.303,28.238,41.526,0.289367,0.625922,0.661126
chartqa,1792,64,143,iter143,chartqa_val_143,41,16384,4096,64,182.683,182.683,407.244,0.727,2.292,369.817,28.238,467.19,469.771,1566.985,24.873,2036.755,2219.438,31.423,40.205,0.199947,0.429327,0.769353
chartqa,1792,64,144,iter144,chartqa_val_144,29,16384,4096,27,204.737,204.737,360.855,0.729,2.287,322.773,28.107,420.352,422.841,659.241,25.355,1082.082,1286.82,24.952,39.439,0.333482,0.721948,0.609234
chartqa,1792,64,145,iter145,chartqa_val_145,31,16384,4096,49,191.086,191.086,356.446,0.729,2.281,318.46,28.088,416.065,418.515,1170.482,24.385,1588.997,1780.083,30.837,41.009,0.224322,0.486163,0.736617
chartqa,1792,64,146,iter146,chartqa_val_146,29,16384,4096,64,162.287,162.287,358.209,0.729,2.277,321.027,28.11,417.723,419.972,1430.813,22.711,1850.785,2013.072,34.58,44.031,0.193544,0.419245,0.773084
chartqa,1792,64,147,iter147,chartqa_val_147,37,16384,4096,64,183.222,183.222,426.722,0.724,2.3,386.712,28.292,486.736,489.206,1551.881,24.633,2041.087,2224.309,31.356,40.596,0.209066,0.447535,0.760321
chartqa,1792,64,148,iter148,chartqa_val_148,30,16384,4096,29,192.141,192.141,407.889,0.729,2.329,370.404,28.144,468.246,470.985,681.186,24.328,1152.171,1344.312,25.17,41.105,0.354018,0.760421,0.591219
chartqa,1792,64,149,iter149,chartqa_val_149,38,16384,4096,64,183.297,183.297,372.082,0.728,2.304,335.189,28.121,432.113,434.58,1528.113,24.256,1962.693,2145.99,32.608,41.227,0.189577,0.409741,0.77858
chartqa,1792,64,150,iter150,chartqa_val_150,29,16384,4096,22,170.038,170.038,395.907,0.726,2.324,352.516,28.104,455.612,459.08,473.022,22.525,932.102,1102.14,23.603,44.395,0.424746,0.913547,0.507479
chartqa,1792,64,151,iter151,chartqa_val_151,31,16384,4096,64,158.801,158.801,408.068,0.729,2.284,368.722,28.133,467.636,470.036,1371.666,21.772,1841.702,2000.503,34.75,45.93,0.221571,0.475486,0.744782
chartqa,1792,64,152,iter152,chartqa_val_152,27,16384,4096,10,174.071,174.071,392.301,0.725,2.36,346.34,28.124,451.881,456.936,192.546,21.394,649.482,823.553,15.397,46.742,0.604021,1.299776,0.296461
chartqa,1792,64,153,iter153,chartqa_val_153,31,16384,4096,11,181.79,181.79,416.711,0.729,2.291,377.189,28.243,476.213,478.746,240.881,24.088,719.627,901.417,15.286,41.514,0.579065,1.240815,0.33473
chartqa,1792,64,154,iter154,chartqa_val_154,31,16384,4096,45,191.261,191.261,416.947,0.729,2.299,374.536,28.185,476.726,479.481,1108.899,25.202,1588.38,1779.641,28.331,39.679,0.262498,0.562632,0.698132
chartqa,1792,64,155,iter155,chartqa_val_155,31,16384,4096,15,167.912,167.912,581.675,0.728,2.311,542.502,28.127,641.481,644.02,319.036,22.788,963.056,1130.968,15.575,43.882,0.603989,1.270078,0.331275
chartqa,1792,64,156,iter156,chartqa_val_156,28,16384,4096,32,182.721,182.721,402.9,0.728,2.294,363.851,28.203,462.685,465.167,772.099,24.906,1237.265,1419.986,25.863,40.15,0.325637,0.699595,0.624036
chartqa,1792,64,157,iter157,chartqa_val_157,30,16384,4096,64,175.102,175.102,403.867,0.73,2.347,359.437,28.092,463.523,466.991,1569.628,24.915,2036.619,2211.722,31.425,40.137,0.198303,0.425897,0.770703
chartqa,1792,64,158,iter158,chartqa_val_158,30,16384,4096,33,202.619,202.619,384.088,0.729,2.324,345.757,28.171,444.671,447.417,753.267,23.54,1200.684,1403.303,27.484,42.482,0.319891,0.690239,0.627365
chartqa,1792,64,159,iter159,chartqa_val_159,30,16384,4096,17,170.37,170.37,384.673,0.727,2.283,345.258,28.146,444.035,446.693,388.681,24.293,835.374,1005.744,20.35,41.165,0.46048,0.99202,0.465277
chartqa,1792,64,160,iter160,chartqa_val_160,30,16384,4096,25,179.005,179.005,372.719,0.727,2.286,334.179,28.172,432.457,435.263,622.0,25.917,1057.263,1236.269,23.646,38.585,0.352532,0.761567,0.588311
chartqa,1792,64,161,iter161,chartqa_val_161,44,16384,4096,64,177.067,177.067,365.773,0.729,2.282,328.669,28.079,425.391,428.004,1513.59,24.025,1941.595,2118.661,32.963,41.623,0.188388,0.407482,0.77956
chartqa,1792,64,162,iter162,chartqa_val_162,30,16384,4096,60,189.956,189.956,425.759,0.729,2.292,387.993,28.198,485.284,487.881,1373.154,23.274,1861.035,2050.991,32.24,42.967,0.228776,0.489536,0.737844
chartqa,1792,64,163,iter163,chartqa_val_163,34,16384,4096,64,178.947,178.947,366.882,0.729,2.271,326.31,28.093,426.552,429.033,1537.208,24.4,1966.241,2145.188,32.549,40.983,0.186591,0.403528,0.7818
chartqa,1792,64,164,iter164,chartqa_val_164,34,16384,4096,48,188.182,188.182,406.173,0.726,2.306,368.774,28.202,465.748,468.205,1133.894,24.125,1602.1,1790.282,29.961,41.45,0.253525,0.544236,0.707755
chartqa,1792,64,165,iter165,chartqa_val_165,31,16384,4096,46,183.363,183.363,362.246,0.729,2.282,324.853,28.076,421.911,424.327,1010.057,22.446,1434.384,1617.747,32.07,44.552,0.252545,0.546686,0.704175
chartqa,1792,64,166,iter166,chartqa_val_166,40,16384,4096,30,202.043,202.043,455.191,0.726,2.314,417.498,28.156,515.146,517.917,674.104,23.245,1192.02,1394.063,25.167,43.02,0.381866,0.814028,0.565514
chartqa,1792,64,167,iter167,chartqa_val_167,50,16384,4096,49,192.763,192.763,393.351,0.73,2.329,355.87,28.114,821.158,824.376,1039.319,21.652,1863.695,2056.458,26.292,46.184,0.21106,0.651668,0.557666
chartqa,1792,64,168,iter168,chartqa_val_168,33,16384,4096,11,218.438,218.438,388.861,0.729,2.272,347.778,28.132,448.434,450.982,213.431,21.343,664.413,882.851,16.556,46.854,0.58527,1.260202,0.321232
chartqa,1792,64,169,iter169,chartqa_val_169,35,16384,4096,39,179.441,179.441,394.898,0.729,2.321,358.108,28.094,454.682,457.749,924.018,24.316,1381.766,1561.208,28.225,41.125,0.285792,0.614851,0.668722
chartqa,1792,64,170,iter170,chartqa_val_170,29,16384,4096,64,189.551,189.551,371.871,0.727,2.317,334.685,28.114,431.637,434.31,1496.499,23.754,1930.809,2120.359,33.147,42.098,0.192599,0.416151,0.775063
chartqa,1792,64,171,iter171,chartqa_val_171,32,16384,4096,64,176.721,176.721,403.384,0.731,2.336,351.995,28.07,463.192,466.697,1509.175,23.955,1975.872,2152.593,32.391,41.745,0.204155,0.438579,0.763802
chartqa,1792,64,172,iter172,chartqa_val_172,33,16384,4096,59,195.874,195.874,376.615,0.728,2.356,335.745,28.174,436.495,440.039,1501.885,25.895,1941.924,2137.798,30.382,38.618,0.193939,0.418714,0.7734
chartqa,1792,64,173,iter173,chartqa_val_173,42,16384,4096,64,176.983,176.983,377.464,0.727,2.335,337.411,28.132,820.682,823.264,1603.779,25.457,2427.043,2604.026,26.37,39.282,0.155524,0.493665,0.660795
chartqa,1792,64,174,iter174,chartqa_val_174,27,16384,4096,33,165.2,165.2,388.433,0.724,2.334,351.541,28.184,448.807,451.376,729.869,22.808,1181.246,1346.445,27.937,43.843,0.328833,0.708777,0.617881
chartqa,1792,64,175,iter175,chartqa_val_175,45,16384,4096,64,233.045,233.045,397.179,0.733,2.369,357.733,28.145,457.023,460.433,1457.214,23.13,1917.647,2150.692,33.374,43.233,0.207118,0.445443,0.759897
chartqa,1792,64,176,iter176,chartqa_val_176,37,16384,4096,64,161.771,161.771,400.928,0.729,2.31,363.101,28.216,460.828,463.619,1482.605,23.533,1946.224,2107.995,32.884,42.493,0.206003,0.442784,0.761785
chartqa,1792,64,177,iter177,chartqa_val_177,40,16384,4096,64,201.998,201.998,370.145,0.726,2.345,333.118,28.078,429.974,433.033,1538.036,24.413,1971.069,2173.067,32.47,40.961,0.187789,0.405932,0.780305
chartqa,1792,64,178,iter178,chartqa_val_178,34,16384,4096,34,198.091,198.091,376.368,0.726,2.278,339.605,28.327,436.577,439.027,736.375,22.314,1175.402,1373.492,28.926,44.814,0.320204,0.691631,0.626488
chartqa,1792,64,179,iter179,chartqa_val_179,42,16384,4096,33,222.284,222.284,372.822,0.725,2.32,336.077,28.071,432.625,435.479,810.161,25.318,1245.641,1467.924,26.492,39.498,0.299301,0.646612,0.650397
chartqa,1792,64,180,iter180,chartqa_val_180,33,16384,4096,18,158.259,158.259,370.573,0.729,2.283,333.862,28.061,430.2,432.491,459.469,27.028,891.96,1050.219,20.18,36.999,0.415459,0.897768,0.515123
chartqa,1792,64,181,iter181,chartqa_val_181,40,16384,4096,64,180.144,180.144,367.012,0.729,2.284,328.08,28.114,426.744,428.998,1419.82,22.537,1848.818,2028.961,34.617,44.372,0.198512,0.429331,0.767961
chartqa,1792,64,182,iter182,chartqa_val_182,48,16384,4096,64,150.877,150.877,384.397,0.732,2.303,347.003,28.094,872.618,875.021,1474.931,23.412,2349.952,2500.829,27.235,42.714,0.163577,0.534911,0.627643
chartqa,1792,64,183,iter183,chartqa_val_183,39,16384,4096,64,186.581,186.581,388.37,0.729,2.297,350.641,28.12,448.256,450.714,1560.751,24.774,2011.465,2198.047,31.818,40.365,0.193078,0.415929,0.775927
chartqa,1792,64,184,iter184,chartqa_val_184,33,16384,4096,20,182.68,182.68,369.939,0.725,2.294,332.682,28.05,429.877,432.437,473.754,24.934,906.191,1088.871,22.07,40.105,0.408236,0.882613,0.522797
chartqa,1792,64,185,iter185,chartqa_val_185,42,16384,4096,2,171.681,171.681,386.068,0.729,2.306,349.188,28.073,446.067,448.318,22.731,22.731,471.048,642.729,4.246,43.993,0.819594,1.76656,0.048255
chartqa,1792,64,186,iter186,chartqa_val_186,33,16384,4096,32,175.061,175.061,354.261,0.725,2.327,316.296,28.126,413.887,416.407,697.251,22.492,1113.658,1288.719,28.734,44.46,0.318106,0.689752,0.626091
chartqa,1792,64,187,iter187,chartqa_val_187,33,16384,4096,50,180.168,180.168,390.795,0.73,2.31,353.567,28.089,450.326,452.983,1137.717,23.219,1590.7,1770.867,31.433,43.069,0.245675,0.528774,0.715231
chartqa,1792,64,188,iter188,chartqa_val_188,35,16384,4096,33,275.111,275.111,386.216,0.726,2.334,348.593,28.135,445.983,448.434,716.557,22.392,1164.991,1440.103,28.326,44.658,0.331518,0.714339,0.615075
chartqa,1792,64,189,iter189,chartqa_val_189,32,16384,4096,57,165.727,165.727,389.213,0.73,2.272,352.476,28.135,449.385,451.599,1223.721,21.852,1675.32,1841.047,34.023,45.762,0.232322,0.50056,0.73044
chartqa,1792,64,190,iter190,chartqa_val_190,37,16384,4096,54,181.276,181.276,408.096,0.728,2.273,367.701,28.124,467.651,469.97,1159.607,21.879,1629.577,1810.853,33.137,45.705,0.25043,0.537408,0.7116
chartqa,1792,64,191,iter191,chartqa_val_191,34,16384,4096,18,162.229,162.229,382.496,0.729,2.304,344.671,28.116,442.134,444.466,408.908,24.053,853.374,1015.604,21.093,41.574,0.448216,0.966316,0.479166
chartqa,1792,64,192,iter192,chartqa_val_192,44,16384,4096,64,176.468,176.468,391.983,0.729,2.341,341.592,28.072,451.721,455.187,1511.004,23.984,1966.191,2142.659,32.55,41.694,0.199362,0.429106,0.768493
chartqa,1792,64,193,iter193,chartqa_val_193,43,16384,4096,3,166.412,166.412,505.071,0.729,2.307,468.066,28.244,975.696,978.324,42.989,21.494,1021.313,1187.724,2.937,46.524,0.494531,1.449866,0.042092
chartqa,1792,64,194,iter194,chartqa_val_194,36,16384,4096,30,154.023,154.023,358.143,0.729,2.273,319.657,28.133,417.685,420.149,702.466,24.223,1122.614,1276.637,26.723,41.283,0.319026,0.69109,0.625741
chartqa,1792,64,195,iter195,chartqa_val_195,43,16384,4096,3,176.977,176.977,359.361,0.731,2.249,322.242,28.062,418.647,420.985,43.401,21.7,464.385,641.362,6.46,46.082,0.773842,1.67535,0.093458
chartqa,1792,64,196,iter196,chartqa_val_196,32,16384,4096,19,304.653,304.653,394.215,0.731,2.33,347.075,28.063,453.968,456.864,384.77,21.376,841.635,1146.288,22.575,46.781,0.468393,1.007781,0.45717
chartqa,1792,64,197,iter197,chartqa_val_197,40,16384,4096,64,224.571,224.571,394.203,0.73,2.367,346.898,28.094,454.154,458.363,1577.159,25.034,2035.522,2260.094,31.442,39.945,0.193662,0.416776,0.774818
chartqa,1792,64,198,iter198,chartqa_val_198,28,16384,4096,17,201.689,201.689,367.549,0.729,2.348,328.535,28.082,427.449,430.33,370.909,23.182,801.239,1002.928,21.217,43.137,0.458726,0.992211,0.46292
chartqa,1792,64,199,iter199,chartqa_val_199,34,16384,4096,56,219.288,219.288,364.454,0.729,2.276,322.304,28.155,424.514,427.003,1247.56,22.683,1674.563,1893.851,33.442,44.086,0.217641,0.471149,0.745006
chartqa,1792,64,200,iter200,chartqa_val_200,35,16384,4096,64,176.671,176.671,397.632,0.729,2.263,361.046,28.105,457.144,459.595,1439.578,22.85,1899.173,2075.844,33.699,43.763,0.209371,0.450078,0.758003
chartqa,1792,64,201,iter201,chartqa_val_201,35,16384,4096,35,144.875,144.875,396.821,0.727,2.283,357.945,28.072,456.254,458.672,815.322,23.98,1273.995,1418.869,27.473,41.701,0.311478,0.669607,0.639973
chartqa,1792,64,202,iter202,chartqa_val_202,30,16384,4096,9,180.043,180.043,355.996,0.73,2.269,318.961,28.07,415.816,418.33,198.287,24.786,616.617,796.659,14.596,40.346,0.577338,1.251689,0.321572
chartqa,1792,64,203,iter203,chartqa_val_203,48,16384,4096,64,221.356,221.356,384.726,0.728,2.319,344.736,28.153,444.752,447.689,1487.564,23.612,1935.253,2156.609,33.071,42.351,0.198799,0.428615,0.768666
chartqa,1792,64,204,iter204,chartqa_val_204,30,16384,4096,46,274.9,274.9,384.717,0.729,2.35,346.933,28.16,444.805,448.007,1055.466,23.455,1503.473,1778.373,30.596,42.635,0.255885,0.551737,0.702019
chartqa,1792,64,205,iter205,chartqa_val_205,36,16384,4096,64,191.217,191.217,402.486,0.729,2.344,365.018,28.337,462.239,465.178,1552.191,24.638,2017.369,2208.586,31.724,40.588,0.19951,0.42864,0.769414
chartqa,1792,64,206,iter206,chartqa_val_206,41,16384,4096,64,208.191,208.191,363.529,0.731,2.308,325.991,28.094,423.119,425.765,1489.574,23.644,1915.339,2123.53,33.414,42.294,0.189799,0.410709,0.777708
chartqa,1792,64,207,iter207,chartqa_val_207,46,16384,4096,55,277.672,277.672,395.347,0.728,2.332,351.077,28.111,455.191,459.41,1330.376,24.637,1789.786,2067.458,30.73,40.59,0.220891,0.475218,0.743316
chartqa,1792,64,208,iter208,chartqa_val_208,31,16384,4096,8,175.525,175.525,397.099,0.728,2.297,356.829,28.12,456.693,459.229,155.664,22.238,614.893,790.417,13.01,44.969,0.645802,1.388522,0.253156
chartqa,1792,64,209,iter209,chartqa_val_209,39,16384,4096,8,199.111,199.111,372.114,0.726,2.309,332.705,28.12,431.977,434.549,232.87,33.267,667.419,866.53,11.986,30.06,0.557542,1.204778,0.348911
chartqa,1792,64,210,iter210,chartqa_val_210,33,16384,4096,42,181.733,181.733,364.111,0.729,2.29,326.432,28.087,424.056,426.621,996.081,24.295,1422.702,1604.435,29.521,41.161,0.255929,0.553992,0.700133
chartqa,1792,64,211,iter211,chartqa_val_211,39,16384,4096,46,182.138,182.138,347.9,0.725,2.305,309.508,28.066,407.45,409.873,1065.379,23.675,1475.252,1657.39,31.181,42.239,0.235824,0.512014,0.722167
chartqa,1792,64,212,iter212,chartqa_val_212,31,16384,4096,12,292.587,292.587,354.141,0.727,2.271,315.929,28.113,413.725,416.046,282.87,25.715,698.917,991.504,17.169,38.887,0.5067,1.098652,0.404727
chartqa,1792,64,213,iter213,chartqa_val_213,43,16384,4096,39,188.738,188.738,366.015,0.725,2.259,328.835,28.088,426.328,428.579,888.053,23.37,1316.632,1505.37,29.621,42.79,0.277993,0.601795,0.674488
chartqa,1792,64,214,iter214,chartqa_val_214,30,16384,4096,13,154.405,154.405,401.428,0.724,2.282,364.52,28.2,461.139,463.537,263.015,21.918,726.551,880.956,17.893,45.625,0.552511,1.187207,0.362004
chartqa,1792,64,215,iter215,chartqa_val_215,34,16384,4096,64,172.238,172.238,351.192,0.728,2.309,312.431,28.033,410.79,413.522,1485.754,23.583,1899.277,2071.515,33.697,42.403,0.184908,0.401196,0.782274
chartqa,1792,64,216,iter216,chartqa_val_216,30,16384,4096,7,163.842,163.842,355.748,0.729,2.312,316.471,28.135,415.288,417.616,128.515,21.419,546.131,709.974,12.817,46.687,0.651397,1.411814,0.235319
chartqa,1792,64,217,iter217,chartqa_val_217,43,16384,4096,52,169.653,169.653,398.484,0.728,2.32,358.912,28.187,458.383,461.152,1282.18,25.141,1743.331,1912.985,29.828,39.776,0.228576,0.491511,0.735477
chartqa,1792,64,218,iter218,chartqa_val_218,31,16384,4096,7,182.467,182.467,368.512,0.727,2.299,331.813,28.095,428.19,430.689,170.28,28.38,600.969,783.436,11.648,35.236,0.613196,1.325696,0.283342
chartqa,1792,64,219,iter219,chartqa_val_219,33,16384,4096,64,168.537,168.537,386.735,0.725,2.296,348.049,28.067,446.278,448.649,1520.96,24.142,1969.609,2138.146,32.494,41.421,0.196351,0.422934,0.772214
chartqa,1792,64,220,iter220,chartqa_val_220,33,16384,4096,64,176.463,176.463,362.857,0.729,2.281,324.278,28.069,422.302,424.683,1469.554,23.326,1894.238,2070.701,33.787,42.87,0.191558,0.414499,0.775802
chartqa,1792,64,221,iter221,chartqa_val_221,31,16384,4096,60,261.437,261.437,351.605,0.73,2.279,313.13,28.075,411.366,413.818,1512.912,25.643,1926.73,2188.167,31.141,38.998,0.182488,0.395993,0.785223
chartqa,1792,64,222,iter222,chartqa_val_222,46,16384,4096,64,207.692,207.692,360.96,0.728,2.307,322.477,28.147,421.455,424.082,1516.148,24.066,1940.231,2147.923,32.986,41.553,0.18604,0.403259,0.781427
chartqa,1792,64,223,iter223,chartqa_val_223,35,16384,4096,17,166.322,166.322,401.609,0.726,2.315,364.371,28.221,461.742,464.191,403.838,25.24,868.029,1034.351,19.585,39.62,0.462667,0.99461,0.465236
chartqa,1792,64,224,iter224,chartqa_val_224,32,16384,4096,10,221.745,221.745,362.528,0.729,2.329,325.273,28.061,422.235,424.652,221.41,24.601,646.062,867.807,15.478,40.649,0.561135,1.214687,0.342707
chartqa,1792,64,225,iter225,chartqa_val_225,28,16384,4096,19,186.606,186.606,397.156,0.73,2.36,353.968,28.076,456.996,459.975,428.098,23.783,888.073,1074.678,21.395,42.046,0.447211,0.961803,0.482053
chartqa,1792,64,226,iter226,chartqa_val_226,38,16384,4096,40,190.442,190.442,403.445,0.728,2.287,366.383,28.133,463.21,465.721,893.35,22.906,1359.071,1549.513,29.432,43.656,0.296853,0.637681,0.657324
chartqa,1792,64,227,iter227,chartqa_val_227,33,16384,4096,64,182.393,182.393,430.224,0.729,2.338,383.613,28.163,490.294,493.648,1475.147,23.415,1968.796,2151.189,32.507,42.708,0.218522,0.467554,0.749264
chartqa,1792,64,228,iter228,chartqa_val_228,31,16384,4096,8,191.083,191.083,386.819,0.726,2.316,349.777,28.135,446.379,448.854,170.437,24.348,619.291,810.374,12.918,41.071,0.624615,1.345406,0.275213
chartqa,1792,64,229,iter229,chartqa_val_229,36,16384,4096,22,235.206,235.206,369.696,0.726,2.303,333.105,28.07,429.368,431.936,518.579,24.694,950.514,1185.72,23.145,40.495,0.388943,0.840665,0.545577
chartqa,1792,64,230,iter230,chartqa_val_230,41,16384,4096,64,178.077,178.077,590.25,0.727,2.299,551.06,28.187,650.78,653.198,1517.668,24.09,2170.865,2348.942,29.481,41.511,0.271896,0.571675,0.699107
chartqa,1792,64,231,iter231,chartqa_val_231,38,16384,4096,21,185.16,185.16,401.757,0.725,2.287,362.588,28.126,461.633,464.241,435.41,21.771,899.651,1084.811,23.342,45.934,0.446569,0.959694,0.483977
chartqa,1792,64,232,iter232,chartqa_val_232,36,16384,4096,38,175.371,175.371,361.908,0.729,2.28,325.035,28.028,421.232,423.567,872.306,23.576,1295.872,1471.244,29.324,42.416,0.279278,0.604335,0.673142
chartqa,1792,64,233,iter233,chartqa_val_233,40,16384,4096,64,208.397,208.397,440.821,0.726,2.28,377.166,28.087,500.316,503.213,1345.98,21.365,1849.194,2057.591,34.61,46.806,0.238385,0.508945,0.727874
chartqa,1792,64,234,iter234,chartqa_val_234,30,16384,4096,64,159.293,159.293,378.05,0.729,2.279,339.087,28.113,437.677,439.983,1452.913,23.062,1892.896,2052.189,33.811,43.361,0.19972,0.430941,0.767561
chartqa,1792,64,235,iter235,chartqa_val_235,28,16384,4096,50,181.226,181.226,391.686,0.727,2.33,354.131,28.111,451.514,454.665,1124.924,22.958,1579.59,1760.816,31.654,43.558,0.247967,0.53381,0.712162
chartqa,1792,64,236,iter236,chartqa_val_236,31,16384,4096,9,194.494,194.494,379.521,0.73,2.325,340.782,28.128,439.331,444.345,169.359,21.17,613.704,808.198,14.665,47.237,0.61841,1.334279,0.275961
chartqa,1792,64,237,iter237,chartqa_val_237,31,16384,4096,24,322.983,322.983,367.636,0.723,2.285,328.198,28.074,427.275,430.211,499.482,21.717,929.692,1252.675,25.815,46.048,0.395439,0.855026,0.537255
chartqa,1792,64,238,iter238,chartqa_val_238,31,16384,4096,28,222.812,222.812,388.146,0.728,2.325,343.886,28.08,447.883,451.26,630.897,23.367,1082.157,1304.97,25.874,42.796,0.358678,0.772558,0.582999
chartqa,1792,64,239,iter239,chartqa_val_239,41,16384,4096,64,196.417,196.417,368.797,0.729,2.314,331.887,28.148,428.331,430.636,1488.3,23.624,1918.936,2115.353,33.352,42.33,0.192188,0.4154,0.775586
chartqa,1792,64,240,iter240,chartqa_val_240,37,16384,4096,61,209.997,209.997,351.238,0.728,2.286,314.148,28.075,410.873,413.41,1351.087,22.518,1764.497,1974.494,34.571,44.409,0.199058,0.431914,0.765707
chartqa,1792,64,241,iter241,chartqa_val_241,37,16384,4096,64,139.659,139.659,351.754,0.727,2.305,315.288,28.052,411.194,413.549,1357.043,21.54,1770.593,1910.251,36.146,46.424,0.198664,0.430899,0.766435
chartqa,1792,64,242,iter242,chartqa_val_242,29,16384,4096,28,163.66,163.66,369.195,0.73,2.276,332.356,28.18,428.59,430.917,563.943,20.887,994.86,1158.52,28.145,47.877,0.371102,0.801906,0.566857
chartqa,1792,64,243,iter243,chartqa_val_243,33,16384,4096,64,281.276,281.276,385.498,0.727,2.302,347.768,28.145,445.236,448.031,1463.396,23.229,1911.427,2192.703,33.483,43.051,0.201681,0.434615,0.765604
chartqa,1792,64,244,iter244,chartqa_val_244,29,16384,4096,64,184.942,184.942,350.111,0.724,2.272,313.238,28.046,409.425,411.771,1342.332,21.307,1754.103,1939.045,36.486,46.933,0.199596,0.433005,0.765253
chartqa,1792,64,245,iter245,chartqa_val_245,30,16384,4096,23,284.012,284.012,363.671,0.728,2.315,324.81,28.049,423.299,426.22,491.554,22.343,917.774,1201.786,25.061,44.756,0.396253,0.857476,0.535594
chartqa,1792,64,246,iter246,chartqa_val_246,27,16384,4096,45,183.784,183.784,363.419,0.728,2.285,326.358,28.042,423.145,425.47,1036.266,23.552,1461.736,1645.52,30.785,42.46,0.248621,0.538102,0.708928
chartqa,1792,64,247,iter247,chartqa_val_247,27,16384,4096,64,181.207,181.207,368.094,0.729,2.337,331.025,28.14,428.035,430.664,1442.852,22.902,1873.516,2054.723,34.16,43.664,0.196472,0.424939,0.770131
chartqa,1792,64,248,iter248,chartqa_val_248,33,16384,4096,43,198.437,198.437,377.461,0.725,2.299,339.775,28.135,437.038,439.56,892.945,21.261,1332.505,1530.941,32.27,47.035,0.283272,0.611254,0.670125
chartqa,1792,64,249,iter249,chartqa_val_249,43,16384,4096,64,159.814,159.814,352.694,0.726,2.289,316.006,28.11,412.201,414.531,1429.523,22.691,1844.054,2003.869,34.706,44.071,0.19126,0.41479,0.775207
chartqa,1792,64,250,iter250,chartqa_val_250,35,16384,4096,17,185.002,185.002,385.197,0.729,2.298,343.538,28.098,444.885,447.393,344.602,21.538,791.995,976.997,21.465,46.43,0.486363,1.048089,0.435106
chartqa,1792,64,251,iter251,chartqa_val_251,44,16384,4096,64,198.576,198.576,377.128,0.729,2.274,340.172,28.174,436.865,439.145,1350.165,21.431,1789.309,1987.885,35.768,46.661,0.210768,0.454921,0.754573
chartqa,1792,64,252,iter252,chartqa_val_252,30,16384,4096,8,243.099,243.099,350.617,0.726,2.305,313.057,28.065,410.163,412.701,148.921,21.274,561.621,804.72,14.244,47.005,0.624295,1.354615,0.265162
chartqa,1792,64,253,iter253,chartqa_val_253,38,16384,4096,25,184.889,184.889,373.89,0.73,2.294,334.998,28.128,433.721,436.03,531.081,22.128,967.111,1152.0,25.85,45.191,0.386605,0.835076,0.549142
chartqa,1792,64,254,iter254,chartqa_val_254,42,16384,4096,47,185.856,185.856,354.098,0.729,2.292,316.705,28.088,414.175,416.588,1050.546,22.838,1467.134,1652.99,32.035,43.787,0.241353,0.523655,0.716053
chartqa,1792,64,255,iter255,chartqa_val_255,40,16384,4096,64,183.841,183.841,357.111,0.729,2.269,318.058,28.125,416.81,419.096,1404.171,22.288,1823.267,2007.108,35.102,44.866,0.195863,0.424469,0.77014
chartqa,1792,64,256,iter256,chartqa_val_256,33,16384,4096,22,306.341,306.341,375.17,0.723,2.367,337.503,28.205,435.113,438.348,504.232,24.011,942.581,1248.922,23.34,41.647,0.398024,0.859643,0.534949
chartqa,1792,64,257,iter257,chartqa_val_257,40,16384,4096,64,190.189,190.189,356.968,0.729,2.326,320.18,28.113,416.831,419.431,1424.688,22.614,1844.119,2034.308,34.705,44.22,0.193571,0.419604,0.772557
chartqa,1792,64,258,iter258,chartqa_val_258,33,16384,4096,15,162.311,162.311,349.267,0.725,2.28,311.143,28.073,408.813,411.038,292.988,20.928,704.026,866.337,21.306,47.784,0.496099,1.076779,0.416161
chartqa,1792,64,259,iter259,chartqa_val_259,37,16384,4096,64,184.798,184.798,370.533,0.725,2.288,333.657,28.055,430.273,432.527,1352.949,21.475,1785.476,1970.274,35.845,46.565,0.207526,0.448511,0.757752
chartqa,1792,64,260,iter260,chartqa_val_260,32,16384,4096,45,190.967,190.967,348.978,0.73,2.282,312.291,28.058,408.791,411.209,948.578,21.559,1359.787,1550.754,33.093,46.385,0.256641,0.55727,0.697593
chartqa,1792,64,261,iter261,chartqa_val_261,32,16384,4096,64,176.09,176.09,351.088,0.727,2.286,313.607,28.074,411.037,413.37,1382.188,21.939,1795.557,1971.647,35.644,45.58,0.195531,0.42445,0.769782
chartqa,1792,64,262,iter262,chartqa_val_262,38,16384,4096,64,184.933,184.933,392.001,0.724,2.319,355.289,28.085,451.742,454.481,1412.287,22.417,1866.768,2051.701,34.284,44.609,0.209989,0.451981,0.756541
chartqa,1792,64,263,iter263,chartqa_val_263,41,16384,4096,64,178.284,178.284,364.726,0.727,2.292,327.768,28.066,424.229,426.539,1470.033,23.334,1896.573,2074.857,33.745,42.856,0.192308,0.41599,0.7751
chartqa,1792,64,264,iter264,chartqa_val_264,50,16384,4096,42,182.15,182.15,353.362,0.731,2.276,314.861,28.104,413.171,415.483,919.234,22.42,1334.717,1516.866,31.467,44.602,0.264747,0.574303,0.688711
chartqa,1792,64,265,iter265,chartqa_val_265,36,16384,4096,36,162.895,162.895,376.794,0.728,2.302,339.584,28.175,436.547,438.924,768.659,21.962,1207.583,1370.479,29.812,45.534,0.312023,0.673528,0.636527
chartqa,1792,64,266,iter266,chartqa_val_266,30,16384,4096,52,157.095,157.095,363.445,0.729,2.318,326.524,28.089,423.109,425.418,1156.583,22.678,1582.0,1739.096,32.87,44.095,0.229738,0.49719,0.731089
chartqa,1792,64,267,iter267,chartqa_val_267,31,16384,4096,64,255.3,255.3,362.261,0.729,2.258,324.552,28.095,421.822,424.154,1453.312,23.068,1877.466,2132.766,34.088,43.349,0.192952,0.417628,0.774082
chartqa,1792,64,268,iter268,chartqa_val_268,37,16384,4096,20,301.605,301.605,527.076,0.725,2.301,489.987,28.087,586.957,589.97,435.77,22.935,1025.741,1327.345,19.498,43.601,0.513849,1.086076,0.424835
chartqa,1792,64,269,iter269,chartqa_val_269,32,16384,4096,64,192.546,192.546,387.63,0.729,2.307,350.812,28.094,447.704,450.156,1525.759,24.218,1975.915,2168.461,32.39,41.291,0.196178,0.422758,0.772178
chartqa,1792,64,270,iter270,chartqa_val_270,36,16384,4096,20,189.591,189.591,391.752,0.731,2.291,349.916,28.113,451.06,453.374,417.081,21.952,870.454,1060.045,22.977,45.555,0.450055,0.968245,0.479153
chartqa,1792,64,271,iter271,chartqa_val_271,34,16384,4096,64,270.187,270.187,352.826,0.729,2.272,315.383,28.097,412.415,415.026,1480.521,23.5,1895.546,2165.733,33.763,42.553,0.186134,0.403705,0.781052
chartqa,1792,64,272,iter272,chartqa_val_272,27,16384,4096,39,187.343,187.343,353.442,0.725,2.301,316.878,28.075,412.68,415.45,850.472,22.381,1265.922,1453.264,30.808,44.681,0.279198,0.605189,0.67182
chartqa,1792,64,273,iter273,chartqa_val_273,31,16384,4096,64,180.593,180.593,369.175,0.725,2.276,332.133,28.112,428.749,431.192,1488.111,23.621,1919.303,2099.896,33.345,42.336,0.192348,0.415736,0.775339
chartqa,1792,64,274,iter274,chartqa_val_274,34,16384,4096,41,163.798,163.798,383.19,0.727,2.326,331.454,28.036,442.739,446.032,864.664,21.617,1310.697,1474.494,31.281,46.261,0.292356,0.630145,0.659698
chartqa,1792,64,275,iter275,chartqa_val_275,37,16384,4096,64,147.066,147.066,360.352,0.728,2.239,323.305,28.067,419.602,421.963,1394.121,22.129,1816.084,1963.15,35.241,45.19,0.198423,0.42947,0.767652
chartqa,1792,64,276,iter276,chartqa_val_276,29,16384,4096,15,167.807,167.807,378.494,0.724,2.291,342.061,28.091,437.751,440.238,302.311,21.594,742.549,910.356,20.201,46.31,0.509723,1.099248,0.407126
chartqa,1792,64,277,iter277,chartqa_val_277,36,16384,4096,29,153.431,153.431,365.978,0.726,2.27,326.817,28.118,425.743,428.123,655.568,23.413,1083.691,1237.121,26.76,42.711,0.337714,0.730578,0.60494
chartqa,1792,64,278,iter278,chartqa_val_278,29,16384,4096,14,175.441,175.441,383.799,0.729,2.258,347.137,28.1,443.406,445.796,321.667,24.744,767.462,942.903,18.242,40.415,0.500088,1.077844,0.41913
chartqa,1792,64,279,iter279,chartqa_val_279,35,16384,4096,59,178.322,178.322,355.402,0.729,2.273,317.887,28.085,415.058,417.328,1293.919,22.309,1711.247,1889.569,34.478,44.825,0.207686,0.450233,0.756126
chartqa,1792,64,280,iter280,chartqa_val_280,36,16384,4096,64,180.665,180.665,394.366,0.729,2.297,356.0,28.13,453.779,456.365,1445.78,22.949,1902.146,2082.81,33.646,43.575,0.207327,0.445888,0.760079
chartqa,1792,64,281,iter281,chartqa_val_281,45,16384,4096,64,210.004,210.004,391.444,0.729,2.338,349.539,28.08,451.169,454.429,1415.586,22.47,1870.015,2080.019,34.224,44.505,0.209327,0.450591,0.756992
chartqa,1792,64,282,iter282,chartqa_val_282,38,16384,4096,20,194.597,194.597,377.367,0.727,2.269,340.531,28.171,436.839,439.185,441.022,23.212,880.207,1074.804,22.722,43.082,0.428726,0.925017,0.501044
chartqa,1792,64,283,iter283,chartqa_val_283,33,16384,4096,55,203.914,203.914,358.658,0.727,2.264,321.614,28.154,418.1,420.354,1198.989,22.204,1619.343,1823.257,33.964,45.038,0.221484,0.479675,0.740417
chartqa,1792,64,284,iter284,chartqa_val_284,36,16384,4096,25,155.001,155.001,351.842,0.723,2.268,314.656,28.082,411.614,413.85,536.108,22.338,949.958,1104.96,26.317,44.767,0.370376,0.803673,0.564349
chartqa,1792,64,285,iter285,chartqa_val_285,33,16384,4096,17,160.811,160.811,396.892,0.73,2.314,359.473,28.154,456.744,459.538,391.156,24.447,850.694,1011.505,19.984,40.904,0.46655,1.003457,0.459808
chartqa,1792,64,286,iter286,chartqa_val_286,38,16384,4096,28,171.638,171.638,364.57,0.725,2.295,328.013,28.044,424.094,426.483,628.022,23.26,1054.505,1226.143,26.553,42.992,0.345727,0.7479,0.595561
chartqa,1792,64,287,iter287,chartqa_val_287,36,16384,4096,31,152.505,152.505,380.095,0.728,2.312,341.313,28.082,439.921,442.356,635.993,21.2,1078.349,1230.854,28.748,47.17,0.352479,0.760437,0.589784
chartqa,1792,64,288,iter288,chartqa_val_288,32,16384,4096,39,169.356,169.356,358.253,0.727,2.306,321.391,28.204,418.35,420.643,860.452,22.643,1281.095,1450.451,30.443,44.163,0.279646,0.606202,0.671654
chartqa,1792,64,289,iter289,chartqa_val_289,36,16384,4096,19,183.05,183.05,387.118,0.729,2.289,346.418,28.114,446.85,449.226,395.018,21.945,844.244,1027.294,22.505,45.568,0.458537,0.987827,0.467896
chartqa,1792,64,290,iter290,chartqa_val_290,32,16384,4096,36,170.035,170.035,372.297,0.729,2.297,332.399,28.063,432.078,434.412,838.337,23.952,1272.749,1442.784,28.285,41.749,0.292514,0.631997,0.658682
chartqa,1792,64,291,iter291,chartqa_val_291,47,16384,4096,3,168.546,168.546,382.558,0.731,2.289,340.773,28.147,862.725,865.137,51.797,25.899,916.934,1085.481,3.272,38.612,0.417215,1.358095,0.05649
chartqa,1792,64,292,iter292,chartqa_val_292,37,16384,4096,29,187.78,187.78,379.456,0.731,2.337,342.03,28.09,439.433,442.1,655.885,23.424,1097.984,1285.764,26.412,42.69,0.345593,0.745811,0.597353
chartqa,1792,64,293,iter293,chartqa_val_293,47,16384,4096,64,162.411,162.411,381.452,0.726,2.302,344.157,28.202,441.074,443.7,1385.249,21.988,1828.949,1991.36,34.993,45.479,0.208564,0.449726,0.757402
chartqa,1792,64,294,iter294,chartqa_val_294,28,16384,4096,12,160.433,160.433,352.327,0.727,2.264,315.725,28.12,411.811,414.055,276.69,25.154,690.745,851.178,17.373,39.756,0.510068,1.106251,0.400568
chartqa,1792,64,295,iter295,chartqa_val_295,53,16384,4096,64,167.356,167.356,354.122,0.731,2.291,315.361,28.074,815.719,818.238,3358.003,53.302,4176.242,4343.597,15.325,18.761,0.084794,0.280118,0.804073
chartqa,1792,64,296,iter296,chartqa_val_296,38,16384,4096,23,183.878,183.878,397.945,0.726,2.378,357.878,28.186,458.006,461.964,567.43,25.792,1029.394,1213.273,22.343,38.771,0.386582,0.83151,0.551228
chartqa,1792,64,297,iter297,chartqa_val_297,35,16384,4096,64,183.626,183.626,362.49,0.727,2.333,325.048,28.154,422.452,425.052,1471.876,23.363,1896.928,2080.554,33.739,42.803,0.191093,0.413797,0.775926
chartqa,1792,64,298,iter298,chartqa_val_298,33,16384,4096,15,203.53,203.53,359.084,0.726,2.301,321.59,28.114,418.775,421.348,304.661,21.762,726.009,929.539,20.661,45.953,0.494601,1.071419,0.419638
chartqa,1792,64,299,iter299,chartqa_val_299,38,16384,4096,51,178.127,178.127,373.031,0.724,2.338,335.132,28.099,433.086,436.047,1260.495,25.21,1696.542,1874.669,30.061,39.667,0.219877,0.475153,0.742979
chartqa,1792,64,300,iter300,chartqa_val_300,35,16384,4096,24,194.673,194.673,370.986,0.727,2.299,332.636,28.116,430.826,433.453,544.712,23.683,978.165,1172.838,24.536,42.224,0.379268,0.81971,0.556871
chartqa,1792,64,301,iter301,chartqa_val_301,37,16384,4096,64,170.784,170.784,365.983,0.729,2.279,326.518,28.041,425.628,428.057,1466.145,23.272,1894.203,2064.987,33.787,42.97,0.193212,0.417913,0.774017
chartqa,1792,64,302,iter302,chartqa_val_302,26,16384,4096,10,154.643,154.643,377.001,0.73,2.305,338.053,28.148,808.916,811.238,668.947,74.327,1480.185,1634.828,6.756,13.454,0.254698,0.801195,0.451935
chartqa,1792,64,303,iter303,chartqa_val_303,36,16384,4096,59,171.31,171.31,394.035,0.727,2.283,356.542,28.076,453.647,456.271,1312.935,22.637,1769.206,1940.517,33.348,44.176,0.222719,0.479131,0.742104
chartqa,1792,64,304,iter304,chartqa_val_304,31,16384,4096,29,168.774,168.774,403.871,0.73,2.295,366.304,28.23,463.566,466.073,678.622,24.237,1144.696,1313.469,25.334,41.26,0.35282,0.757789,0.592841
chartqa,1792,64,305,iter305,chartqa_val_305,32,16384,4096,64,185.643,185.643,354.763,0.728,2.329,317.205,28.106,414.677,417.929,1349.332,21.418,1767.262,1952.905,36.214,46.69,0.200742,0.435386,0.763516
chartqa,1792,64,306,iter306,chartqa_val_306,32,16384,4096,41,216.03,216.03,494.292,0.724,2.34,454.479,28.055,554.14,556.643,866.317,21.658,1422.96,1638.99,28.813,46.172,0.347369,0.736797,0.608813
chartqa,1792,64,307,iter307,chartqa_val_307,39,16384,4096,64,184.283,184.283,352.907,0.731,2.255,315.606,28.098,413.059,415.446,1385.624,21.994,1801.07,1985.353,35.534,45.467,0.195943,0.425283,0.769334
chartqa,1792,64,308,iter308,chartqa_val_308,34,16384,4096,40,169.924,169.924,385.474,0.727,2.292,344.327,28.193,445.082,447.682,850.883,21.818,1298.565,1468.489,30.803,45.835,0.296846,0.639595,0.655249
chartqa,1792,64,309,iter309,chartqa_val_309,36,16384,4096,25,159.411,159.411,357.436,0.722,2.279,318.721,28.09,416.895,419.278,518.364,21.599,937.642,1097.052,26.663,46.299,0.381207,0.825828,0.552838
chartqa,1792,64,310,iter310,chartqa_val_310,37,16384,4096,39,177.78,177.78,355.533,0.73,2.269,318.585,28.061,414.982,417.292,829.357,21.825,1246.649,1424.43,31.284,45.819,0.285191,0.618069,0.665269
chartqa,1792,64,311,iter311,chartqa_val_311,33,16384,4096,59,161.11,161.11,358.885,0.728,2.272,322.312,28.088,418.281,420.73,1282.192,22.107,1702.922,1864.032,34.646,45.235,0.210747,0.456372,0.752937
chartqa,1792,64,312,iter312,chartqa_val_312,29,16384,4096,53,178.824,178.824,383.646,0.729,2.344,336.831,28.109,443.043,446.821,1134.949,21.826,1581.77,1760.594,33.507,45.817,0.242542,0.522636,0.717519
chartqa,1792,64,313,iter313,chartqa_val_313,45,16384,4096,64,143.691,143.691,355.239,0.726,2.267,318.159,28.076,414.949,417.387,1382.776,21.949,1800.163,1943.854,35.552,45.561,0.197337,0.427844,0.768139
chartqa,1792,64,314,iter314,chartqa_val_314,40,16384,4096,23,174.216,174.216,352.503,0.728,2.268,315.372,28.051,412.114,414.425,494.391,22.472,908.816,1083.032,25.308,44.499,0.387871,0.841334,0.543995
chartqa,1792,64,315,iter315,chartqa_val_315,35,16384,4096,33,179.147,179.147,366.938,0.728,2.295,328.647,28.101,426.599,429.334,720.96,22.53,1150.294,1329.441,28.688,44.385,0.318995,0.689855,0.626761
chartqa,1792,64,316,iter316,chartqa_val_316,30,16384,4096,47,156.304,156.304,393.334,0.727,2.303,354.29,28.182,453.002,455.483,993.537,21.599,1449.02,1605.324,32.436,46.299,0.271448,0.584075,0.685661
chartqa,1792,64,317,iter317,chartqa_val_317,36,16384,4096,32,148.775,148.775,359.146,0.73,2.287,322.771,28.066,418.463,420.832,666.154,21.489,1086.987,1235.762,29.439,46.536,0.330405,0.715381,0.612845
chartqa,1792,64,318,iter318,chartqa_val_318,31,16384,4096,14,168.286,168.286,358.775,0.726,2.274,321.649,28.051,418.195,420.412,271.197,20.861,691.609,859.896,20.243,47.936,0.518754,1.123423,0.392125
chartqa,1792,64,319,iter319,chartqa_val_319,42,16384,4096,64,163.61,163.61,361.329,0.73,2.274,324.083,28.045,420.675,422.869,1338.613,21.248,1761.482,1925.092,36.333,47.064,0.205128,0.443947,0.759936
chartqa,1792,64,320,iter320,chartqa_val_320,30,16384,4096,15,161.672,161.672,352.546,0.726,2.281,315.629,28.053,412.248,414.499,297.169,21.226,711.668,873.34,21.077,47.111,0.49538,1.074651,0.417566
chartqa,1792,64,321,iter321,chartqa_val_321,37,16384,4096,46,144.894,144.894,359.342,0.726,2.276,322.849,28.078,418.724,421.062,958.778,21.306,1379.84,1524.735,33.337,46.935,0.260423,0.563882,0.694847
chartqa,1792,64,322,iter322,chartqa_val_322,40,16384,4096,27,174.406,174.406,425.682,0.728,2.254,387.493,28.214,485.456,487.671,592.013,22.77,1079.685,1254.091,25.007,43.918,0.394265,0.843893,0.54832
chartqa,1792,64,323,iter323,chartqa_val_323,31,16384,4096,34,174.999,174.999,373.499,0.729,2.288,336.154,28.106,432.932,435.297,755.895,22.906,1191.192,1366.19,28.543,43.657,0.313551,0.676995,0.63457
chartqa,1792,64,324,iter324,chartqa_val_324,34,16384,4096,64,167.205,167.205,356.694,0.73,2.292,319.604,28.073,416.38,418.887,1341.365,21.292,1760.252,1927.457,36.358,46.967,0.202638,0.439184,0.76203
chartqa,1792,64,325,iter325,chartqa_val_325,50,16384,4096,64,152.571,152.571,352.949,0.73,2.257,315.937,28.074,412.741,415.051,1347.558,21.39,1762.609,1915.179,36.31,46.751,0.200242,0.434407,0.764525
chartqa,1792,64,326,iter326,chartqa_val_326,34,16384,4096,46,175.608,175.608,352.869,0.723,2.279,316.529,28.107,412.322,414.612,951.266,21.139,1365.878,1541.486,33.678,47.305,0.258346,0.560219,0.69645
chartqa,1792,64,327,iter327,chartqa_val_327,36,16384,4096,64,205.559,205.559,360.207,0.728,2.287,323.009,28.137,419.656,422.055,1359.052,21.572,1781.107,1986.666,35.933,46.356,0.202238,0.437853,0.763038
chartqa,1792,64,328,iter328,chartqa_val_328,30,16384,4096,64,169.85,169.85,354.507,0.724,2.273,317.736,28.081,414.237,416.563,1361.729,21.615,1778.292,1948.142,35.99,46.265,0.199352,0.432294,0.765751
chartqa,1792,64,329,iter329,chartqa_val_329,36,16384,4096,64,164.119,164.119,348.74,0.726,2.295,313.915,28.076,408.485,410.787,1327.491,21.071,1738.278,1902.398,36.818,47.458,0.200624,0.435618,0.763682
chartqa,1792,64,330,iter330,chartqa_val_330,34,16384,4096,31,199.449,199.449,352.405,0.731,2.29,315.244,28.076,411.784,414.373,640.602,21.353,1054.975,1254.424,29.385,46.831,0.334041,0.724368,0.60722
chartqa,1792,64,331,iter331,chartqa_val_331,41,16384,4096,38,170.026,170.026,379.608,0.73,2.367,341.923,28.246,439.312,442.83,811.662,21.937,1254.492,1424.518,30.291,45.585,0.302599,0.652791,0.647005
chartqa,1792,64,332,iter332,chartqa_val_332,46,16384,4096,39,168.492,168.492,362.33,0.727,2.283,325.344,28.056,422.31,424.532,841.713,22.15,1266.245,1434.737,30.8,45.146,0.286145,0.619659,0.664732
chartqa,1792,64,333,iter333,chartqa_val_333,35,16384,4096,28,157.266,157.266,359.697,0.729,2.286,323.045,28.104,419.467,422.043,610.888,22.625,1032.931,1190.197,27.107,44.198,0.34823,0.754324,0.591412
chartqa,1792,64,334,iter334,chartqa_val_334,29,16384,4096,64,180.65,180.65,370.977,0.729,2.314,333.421,28.235,430.492,433.047,1561.344,24.783,1994.391,2175.041,32.09,40.35,0.18601,0.401861,0.782868
chartqa,1792,64,335,iter335,chartqa_val_335,33,16384,4096,64,240.146,240.146,356.252,0.727,2.341,319.308,28.098,415.884,418.462,1343.958,21.333,1762.42,2002.566,36.314,46.876,0.202138,0.438111,0.762564
chartqa,1792,64,336,iter336,chartqa_val_336,44,16384,4096,28,159.047,159.047,353.411,0.725,2.287,316.293,28.075,413.11,415.449,574.889,21.292,990.338,1149.385,28.273,46.966,0.356859,0.773999,0.580497
chartqa,1792,64,337,iter337,chartqa_val_337,47,16384,4096,64,145.694,145.694,351.213,0.727,2.305,314.429,28.073,410.993,413.316,1327.46,21.071,1740.776,1886.47,36.765,47.459,0.201756,0.437854,0.762568
chartqa,1792,64,338,iter338,chartqa_val_338,29,16384,4096,38,146.869,146.869,359.252,0.729,2.281,318.686,28.096,418.789,421.129,803.716,21.722,1224.844,1371.714,31.024,46.036,0.293304,0.635216,0.656178
chartqa,1792,64,339,iter339,chartqa_val_339,32,16384,4096,64,148.187,148.187,363.368,0.728,2.321,325.94,28.098,423.185,426.026,1427.806,22.664,1853.832,2002.019,34.523,44.124,0.196009,0.424285,0.770192
chartqa,1792,64,340,iter340,chartqa_val_340,32,16384,4096,14,187.17,187.17,365.015,0.73,2.333,326.372,28.138,425.139,427.852,293.173,22.552,721.025,908.196,19.417,44.342,0.506245,1.095876,0.406606
chartqa,1792,64,341,iter341,chartqa_val_341,39,16384,4096,64,154.854,154.854,366.568,0.728,2.274,329.336,28.092,426.005,428.313,1416.27,22.48,1844.582,1999.436,34.696,44.483,0.198727,0.429676,0.7678
chartqa,1792,64,342,iter342,chartqa_val_342,35,16384,4096,20,168.203,168.203,351.887,0.731,2.291,313.63,28.059,411.635,414.087,391.811,20.622,805.898,974.1,24.817,48.493,0.43664,0.947419,0.48618
chartqa,1792,64,343,iter343,chartqa_val_343,40,16384,4096,64,174.211,174.211,474.674,0.727,2.303,437.876,28.069,534.503,536.773,1321.709,20.98,1858.482,2032.692,34.437,47.666,0.25541,0.543012,0.711177
chartqa,1792,64,344,iter344,chartqa_val_344,35,16384,4096,59,158.669,158.669,353.701,0.724,2.266,318.429,28.186,413.293,415.79,1256.05,21.656,1671.84,1830.509,35.29,46.177,0.211564,0.458772,0.751298
chartqa,1792,64,345,iter345,chartqa_val_345,38,16384,4096,64,173.25,173.25,361.726,0.724,2.299,324.402,28.09,421.173,423.761,1367.471,21.706,1791.232,1964.483,35.73,46.07,0.201943,0.437073,0.763425
chartqa,1792,64,346,iter346,chartqa_val_346,30,16384,4096,41,154.293,154.293,354.308,0.728,2.26,316.078,28.084,413.769,416.193,868.487,21.712,1284.68,1438.973,31.915,46.057,0.275795,0.597875,0.676034
chartqa,1792,64,347,iter347,chartqa_val_347,35,16384,4096,64,157.614,157.614,367.97,0.73,2.269,331.44,28.182,427.639,430.093,1482.646,23.534,1912.738,2070.352,33.46,42.492,0.192378,0.415953,0.775143
chartqa,1792,64,348,iter348,chartqa_val_348,30,16384,4096,23,165.389,165.389,357.927,0.726,2.307,321.096,28.158,417.357,419.772,471.138,21.415,890.91,1056.299,25.816,46.695,0.401754,0.870215,0.528827
chartqa,1792,64,349,iter349,chartqa_val_349,40,16384,4096,64,146.951,146.951,354.358,0.726,2.274,317.777,28.074,414.055,416.327,1347.468,21.388,1763.794,1910.745,36.285,46.754,0.200906,0.435659,0.76396
chartqa,1792,64,350,iter350,chartqa_val_350,36,16384,4096,34,177.893,177.893,372.997,0.73,2.334,335.465,28.136,432.64,436.83,786.264,23.826,1223.093,1400.986,27.798,41.971,0.304962,0.658689,0.642849
chartqa,1792,64,351,iter351,chartqa_val_351,38,16384,4096,64,152.397,152.397,366.58,0.726,2.282,329.217,28.063,425.941,428.337,1414.282,22.449,1842.619,1995.016,34.733,44.546,0.198945,0.430106,0.767539
chartqa,1792,64,352,iter352,chartqa_val_352,32,16384,4096,38,162.47,162.47,366.236,0.727,2.292,323.959,28.128,425.717,427.981,821.332,22.198,1249.313,1411.782,30.417,45.049,0.29315,0.633911,0.657427
chartqa,1792,64,353,iter353,chartqa_val_353,32,16384,4096,64,186.876,186.876,359.968,0.724,2.293,320.583,28.189,419.746,421.943,1397.156,22.177,1819.098,2005.974,35.182,45.092,0.197882,0.428626,0.768049
chartqa,1792,64,354,iter354,chartqa_val_354,35,16384,4096,17,167.053,167.053,363.577,0.728,2.314,326.276,28.113,423.297,426.13,358.17,22.386,784.3,951.353,21.675,44.671,0.463569,1.003281,0.456675
chartqa,1792,64,355,iter355,chartqa_val_355,33,16384,4096,47,187.353,187.353,353.101,0.73,2.29,316.059,28.124,412.729,415.339,999.26,21.723,1414.6,1601.953,33.225,46.034,0.249612,0.541375,0.706391
chartqa,1792,64,356,iter356,chartqa_val_356,40,16384,4096,28,159.954,159.954,361.027,0.728,2.333,318.31,28.093,420.903,423.484,582.983,21.592,1006.467,1166.421,27.82,46.314,0.358707,0.776906,0.579237
chartqa,1792,64,357,iter357,chartqa_val_357,53,16384,4096,64,178.648,178.648,354.117,0.728,2.267,316.91,28.069,413.79,416.082,1372.758,21.79,1788.841,1967.488,35.777,45.893,0.197959,0.429277,0.767401
chartqa,1792,64,358,iter358,chartqa_val_358,30,16384,4096,50,168.055,168.055,379.226,0.726,2.343,340.053,28.155,439.153,442.248,1129.227,23.045,1571.475,1739.53,31.817,43.393,0.241318,0.520771,0.718578
chartqa,1792,64,359,iter359,chartqa_val_359,32,16384,4096,64,175.598,175.598,357.061,0.725,2.29,317.75,28.092,416.921,419.478,1337.359,21.228,1756.837,1932.435,36.429,47.108,0.203241,0.440554,0.761231
chartqa,1792,64,360,iter360,chartqa_val_360,30,16384,4096,10,171.329,171.329,353.881,0.729,2.294,317.123,28.088,413.354,415.774,190.811,21.201,606.586,777.914,16.486,47.167,0.583398,1.264841,0.314566
chartqa,1792,64,361,iter361,chartqa_val_361,31,16384,4096,64,163.767,163.767,371.176,0.726,2.276,333.057,28.121,430.845,433.144,1513.496,24.024,1946.64,2110.407,32.877,41.625,0.190675,0.412003,0.777492
chartqa,1792,64,362,iter362,chartqa_val_362,28,16384,4096,38,160.234,160.234,365.8,0.726,2.317,328.552,28.077,425.375,427.744,826.919,22.349,1254.663,1414.897,30.287,44.744,0.291552,0.630588,0.659077
chartqa,1792,64,363,iter363,chartqa_val_363,32,16384,4096,64,166.883,166.883,365.487,0.727,2.288,327.865,28.064,425.286,427.878,1415.544,22.469,1843.423,2010.305,34.718,44.506,0.198266,0.42897,0.767889
chartqa,1792,64,364,iter364,chartqa_val_364,29,16384,4096,31,170.943,170.943,375.393,0.731,2.286,338.397,28.241,435.232,437.742,711.95,23.732,1149.692,1320.635,26.964,42.138,0.326516,0.705079,0.619253
chartqa,1792,64,365,iter365,chartqa_val_365,33,16384,4096,64,157.938,157.938,366.218,0.729,2.283,329.605,28.119,425.716,428.038,1448.739,22.996,1876.777,2034.715,34.101,43.486,0.195131,0.421965,0.771929
chartqa,1792,64,366,iter366,chartqa_val_366,28,16384,4096,28,168.789,168.789,366.988,0.728,2.291,329.912,28.144,426.734,429.117,607.968,22.517,1037.086,1205.874,26.999,44.41,0.353865,0.76534,0.586228
chartqa,1792,64,367,iter367,chartqa_val_367,31,16384,4096,64,176.283,176.283,363.414,0.727,2.321,323.582,28.19,423.116,425.722,1398.168,22.193,1823.89,2000.173,35.09,45.059,0.199252,0.431237,0.766586
chartqa,1792,64,368,iter368,chartqa_val_368,30,16384,4096,25,175.093,175.093,360.896,0.724,2.318,323.547,28.102,420.537,422.975,526.66,21.944,949.635,1124.728,26.326,45.57,0.380037,0.822878,0.554592
chartqa,1792,64,369,iter369,chartqa_val_369,34,16384,4096,64,171.435,171.435,400.117,0.729,2.295,363.33,28.129,460.069,462.494,1418.608,22.518,1881.102,2052.537,34.023,44.41,0.212704,0.457278,0.754137
chartqa,1792,64,370,iter370,chartqa_val_370,30,16384,4096,19,164.973,164.973,362.453,0.73,2.304,324.749,28.094,422.261,424.688,406.055,22.559,830.743,995.716,22.871,44.329,0.4363,0.944594,0.488785
chartqa,1792,64,371,iter371,chartqa_val_371,30,16384,4096,64,162.064,162.064,372.736,0.728,2.276,333.696,28.183,432.367,434.717,1545.764,24.536,1980.481,2142.546,32.315,40.757,0.188205,0.406519,0.780499
chartqa,1792,64,372,iter372,chartqa_val_372,28,16384,4096,7,159.944,159.944,363.988,0.726,2.276,326.712,28.076,423.491,425.781,134.839,22.473,560.62,720.564,12.486,44.497,0.649261,1.404659,0.240518
chartqa,1792,64,373,iter373,chartqa_val_373,31,16384,4096,18,178.619,178.619,375.323,0.727,2.34,338.121,28.148,435.186,437.9,403.047,23.709,840.947,1019.566,21.404,42.179,0.446311,0.963805,0.479277
chartqa,1792,64,374,iter374,chartqa_val_374,29,16384,4096,13,188.483,188.483,371.118,0.731,2.334,332.997,28.158,431.08,433.614,278.618,23.218,712.232,900.715,18.252,43.07,0.521063,1.126315,0.39119
chartqa,1792,64,375,iter375,chartqa_val_375,31,16384,4096,64,178.067,178.067,366.795,0.729,2.308,330.001,28.1,426.829,429.532,1447.28,22.973,1876.812,2054.879,34.1,43.53,0.195435,0.422857,0.771137
chartqa,1792,64,376,iter376,chartqa_val_376,30,16384,4096,17,187.461,187.461,371.436,0.73,2.306,334.684,28.126,430.921,433.439,368.588,23.037,802.026,989.487,21.196,43.409,0.463122,1.000413,0.459571
chartqa,1792,64,377,iter377,chartqa_val_377,36,16384,4096,36,169.717,169.717,365.032,0.724,2.286,328.396,28.082,424.721,427.016,790.839,22.595,1217.855,1387.572,29.56,44.257,0.299733,0.648479,0.64937
chartqa,1792,64,378,iter378,chartqa_val_378,29,16384,4096,31,164.993,164.993,366.25,0.728,2.274,329.212,28.089,425.75,428.047,677.704,22.59,1105.751,1270.744,28.035,44.267,0.331223,0.716255,0.61289
chartqa,1792,64,379,iter379,chartqa_val_379,32,16384,4096,16,168.854,168.854,371.428,0.728,2.295,334.588,28.148,431.181,433.465,365.377,24.358,798.842,967.695,20.029,41.053,0.464958,1.004716,0.457384
chartqa,1792,64,380,iter380,chartqa_val_380,31,16384,4096,17,173.856,173.856,365.646,0.729,2.28,328.135,28.088,425.682,427.949,360.579,22.536,788.528,962.384,21.559,44.373,0.463707,1.003551,0.457281
chartqa,1792,64,381,iter381,chartqa_val_381,41,16384,4096,64,172.649,172.649,556.721,0.726,2.279,519.379,28.109,616.375,618.856,1416.526,22.485,2035.382,2208.03,31.444,44.475,0.273522,0.576352,0.695951
chartqa,1792,64,382,iter382,chartqa_val_382,26,16384,4096,12,177.802,177.802,362.871,0.73,2.297,325.613,28.051,422.277,424.876,243.036,22.094,667.912,845.714,17.966,45.261,0.543291,1.175526,0.363875
chartqa,1792,64,383,iter383,chartqa_val_383,34,16384,4096,64,161.377,161.377,363.528,0.73,2.269,326.197,28.128,423.113,425.633,1432.712,22.741,1858.345,2019.722,34.439,43.973,0.195619,0.423302,0.770961
chartqa,1792,64,384,iter384,chartqa_val_384,29,16384,4096,11,198.333,198.333,376.064,0.73,2.282,339.514,28.094,435.913,438.419,247.287,24.729,685.706,884.039,16.042,40.439,0.548433,1.184147,0.360631
chartqa,1792,64,385,iter385,chartqa_val_385,39,16384,4096,64,186.198,186.198,357.913,0.729,2.311,323.382,28.09,417.693,420.6,1387.188,22.019,1807.789,1993.986,35.402,45.416,0.197984,0.429035,0.76734
chartqa,1792,64,386,iter386,chartqa_val_386,33,16384,4096,13,184.988,184.988,369.351,0.725,2.272,330.503,28.126,429.25,431.832,286.135,23.845,717.967,902.955,18.107,41.938,0.51444,1.112308,0.398536
chartqa,1792,64,387,iter387,chartqa_val_387,33,16384,4096,27,160.812,160.812,357.801,0.731,2.272,320.502,28.1,417.229,419.661,569.171,21.891,988.832,1149.643,27.305,45.68,0.361842,0.783783,0.575599
chartqa,1792,64,388,iter388,chartqa_val_388,30,16384,4096,31,175.631,175.631,376.269,0.731,2.301,338.6,28.243,436.238,439.319,743.893,24.796,1183.212,1358.843,26.2,40.328,0.318007,0.686696,0.628706
chartqa,1792,64,389,iter389,chartqa_val_389,33,16384,4096,53,194.921,194.921,354.886,0.73,2.28,315.635,28.065,414.274,416.885,1073.791,20.65,1490.677,1685.597,35.554,48.427,0.238071,0.515981,0.720338
chartqa,1792,64,390,iter390,chartqa_val_390,28,16384,4096,28,175.114,175.114,360.082,0.725,2.276,323.111,28.075,419.58,421.889,585.272,21.677,1007.161,1182.275,27.801,46.132,0.357522,0.774119,0.581111
chartqa,1792,64,391,iter391,chartqa_val_391,29,16384,4096,15,163.14,163.14,361.2,0.729,2.273,323.958,28.074,420.704,422.981,304.366,21.74,727.347,890.487,20.623,45.997,0.496599,1.075008,0.418461
chartqa,1792,64,392,iter392,chartqa_val_392,31,16384,4096,3,156.409,156.409,360.1,0.725,2.28,323.02,28.079,419.913,422.272,43.486,21.743,465.758,622.167,6.441,45.991,0.773148,1.674716,0.093367
chartqa,1792,64,393,iter393,chartqa_val_393,35,16384,4096,41,158.919,158.919,354.017,0.728,2.279,316.92,28.173,413.922,416.224,880.337,22.008,1296.561,1455.479,31.622,45.437,0.273043,0.592289,0.678979
chartqa,1792,64,394,iter394,chartqa_val_394,32,16384,4096,30,200.6,200.6,354.457,0.727,2.294,317.272,28.115,414.246,416.691,626.522,21.604,1043.213,1243.813,28.757,46.287,0.339775,0.736861,0.600569
chartqa,1792,64,395,iter395,chartqa_val_395,39,16384,4096,64,182.393,182.393,366.173,0.731,2.33,329.025,28.093,426.193,429.298,1445.674,22.947,1874.972,2057.365,34.134,43.578,0.195295,0.422601,0.771038
chartqa,1792,64,396,iter396,chartqa_val_396,34,16384,4096,29,177.105,177.105,369.761,0.728,2.335,333.121,28.146,430.069,432.741,628.808,22.457,1061.549,1238.654,27.319,44.529,0.348322,0.753455,0.592349
chartqa,1792,64,397,iter397,chartqa_val_397,37,16384,4096,19,180.555,180.555,373.417,0.728,2.295,336.393,28.16,433.258,435.722,417.071,23.171,852.793,1033.348,22.28,43.158,0.437876,0.945922,0.489065
chartqa,1792,64,398,iter398,chartqa_val_398,29,16384,4096,22,194.865,194.865,375.574,0.729,2.324,338.074,28.1,435.479,438.003,479.276,22.823,917.279,1112.144,23.984,43.816,0.409444,0.884195,0.522497
chartqa,1792,64,399,iter399,chartqa_val_399,30,16384,4096,35,165.94,165.94,365.459,0.725,2.297,328.189,28.094,425.004,427.365,763.996,22.47,1191.361,1357.301,29.378,44.503,0.306758,0.663496,0.64128
chartqa,1792,64,400,iter400,chartqa_val_400,30,16384,4096,40,190.065,190.065,366.1,0.726,2.299,329.076,28.072,425.504,427.861,876.642,22.478,1304.502,1494.568,30.663,44.488,0.280643,0.606825,0.672012
chartqa,1792,64,401,iter401,chartqa_val_401,35,16384,4096,64,159.032,159.032,366.914,0.727,2.285,330.117,28.048,426.694,428.923,1417.98,22.508,1846.903,2005.935,34.653,44.429,0.198665,0.429697,0.767761
chartqa,1792,64,402,iter402,chartqa_val_402,28,16384,4096,13,145.571,145.571,365.261,0.728,2.283,328.802,28.064,424.792,427.067,271.819,22.652,698.886,844.458,18.601,44.147,0.522633,1.130445,0.388932
chartqa,1792,64,403,iter403,chartqa_val_403,36,16384,4096,46,153.218,153.218,363.959,0.726,2.285,327.162,28.073,423.599,425.834,1014.171,22.537,1440.004,1593.222,31.944,44.371,0.252749,0.546914,0.704283
chartqa,1792,64,404,iter404,chartqa_val_404,43,16384,4096,31,150.384,150.384,365.237,0.729,2.299,327.98,28.14,424.839,427.311,675.754,22.525,1103.065,1253.449,28.104,44.395,0.331111,0.716255,0.612615
chartqa,1792,64,405,iter405,chartqa_val_405,50,16384,4096,64,172.649,172.649,372.184,0.726,2.325,334.633,28.139,432.352,435.085,1456.609,23.121,1891.693,2064.343,33.832,43.251,0.196746,0.425299,0.770003
chartqa,1792,64,406,iter406,chartqa_val_406,28,16384,4096,19,161.343,161.343,368.309,0.726,2.318,331.087,28.104,428.244,430.752,407.544,22.641,838.296,999.639,22.665,44.167,0.439354,0.950205,0.486158
chartqa,1792,64,407,iter407,chartqa_val_407,35,16384,4096,64,143.281,143.281,373.834,0.726,2.277,336.656,28.133,433.62,435.827,1544.555,24.517,1980.382,2123.663,32.317,40.788,0.188768,0.407726,0.779928
chartqa,1792,64,408,iter408,chartqa_val_408,36,16384,4096,31,152.473,152.473,367.054,0.728,2.298,327.692,28.087,426.713,429.121,695.735,23.191,1124.856,1277.328,27.559,43.12,0.326312,0.705661,0.61851
chartqa,1792,64,409,iter409,chartqa_val_409,41,16384,4096,64,171.059,171.059,371.64,0.728,2.297,333.125,28.102,431.186,433.54,1534.021,24.35,1967.56,2138.62,32.528,41.069,0.188884,0.408031,0.779656
chartqa,1792,64,410,iter410,chartqa_val_410,36,16384,4096,26,246.489,246.489,365.845,0.732,2.323,328.545,28.138,425.559,428.091,557.756,22.31,985.848,1232.337,26.373,44.822,0.371097,0.802765,0.565763
chartqa,1792,64,411,iter411,chartqa_val_411,33,16384,4096,64,183.935,183.935,364.64,0.729,2.316,327.392,28.086,424.452,427.162,1366.324,21.688,1793.487,1977.421,35.685,46.109,0.203313,0.439976,0.761826
chartqa,1792,64,412,iter412,chartqa_val_412,30,16384,4096,8,171.194,171.194,354.785,0.729,2.298,316.107,28.113,414.249,416.679,151.631,21.662,568.31,739.505,14.077,46.165,0.624281,1.353194,0.26681
chartqa,1792,64,413,iter413,chartqa_val_413,33,16384,4096,64,159.299,159.299,352.853,0.729,2.3,315.911,28.048,412.605,414.827,1356.045,21.525,1770.872,1930.171,36.14,46.459,0.199254,0.432249,0.76575
chartqa,1792,64,414,iter414,chartqa_val_414,36,16384,4096,23,167.894,167.894,372.137,0.726,2.345,335.154,28.169,431.945,434.754,528.574,24.026,963.328,1131.222,23.876,41.621,0.386303,0.834692,0.548696
chartqa,1792,64,415,iter415,chartqa_val_415,38,16384,4096,64,157.726,157.726,364.603,0.725,2.293,327.671,28.078,424.103,426.366,1412.806,22.425,1839.172,1996.899,34.798,44.592,0.198243,0.428837,0.768175
chartqa,1792,64,416,iter416,chartqa_val_416,34,16384,4096,25,170.17,170.17,365.078,0.728,2.335,327.459,28.171,424.71,427.425,537.34,22.389,964.765,1134.935,25.913,44.664,0.378412,0.818633,0.556965
chartqa,1792,64,417,iter417,chartqa_val_417,40,16384,4096,64,165.201,165.201,368.502,0.727,2.325,330.55,28.09,428.696,431.14,1412.662,22.423,1843.802,2009.003,34.711,44.597,0.19986,0.432366,0.766168
chartqa,1792,64,418,iter418,chartqa_val_418,31,16384,4096,43,182.163,182.163,540.77,0.724,2.321,503.942,28.068,600.793,603.329,935.13,22.265,1538.459,1720.622,27.95,44.914,0.351501,0.742017,0.607836
chartqa,1792,64,419,iter419,chartqa_val_419,38,16384,4096,64,171.498,171.498,358.2,0.726,2.284,320.852,28.105,417.924,420.346,1360.79,21.6,1781.135,1952.633,35.932,46.297,0.201107,0.435747,0.764001
chartqa,1792,64,420,iter420,chartqa_val_420,28,16384,4096,44,162.025,162.025,356.566,0.727,2.275,320.051,28.128,416.311,418.813,939.117,21.84,1357.93,1519.954,32.402,45.788,0.262581,0.569159,0.69158
chartqa,1792,64,421,iter421,chartqa_val_421,33,16384,4096,64,173.608,173.608,355.404,0.731,2.277,318.965,28.076,415.092,417.507,1334.594,21.184,1752.101,1925.709,36.528,47.205,0.202844,0.439755,0.761711
chartqa,1792,64,422,iter422,chartqa_val_422,30,16384,4096,64,178.02,178.02,363.631,0.729,2.27,326.923,28.15,423.091,425.634,1353.725,21.488,1779.358,1957.378,35.968,46.538,0.204361,0.442138,0.760794
chartqa,1792,64,423,iter423,chartqa_val_423,31,16384,4096,64,165.314,165.314,360.585,0.724,2.273,324.074,28.077,420.21,422.67,1341.753,21.298,1764.423,1929.737,36.272,46.953,0.204364,0.442522,0.760449
chartqa,1792,64,424,iter424,chartqa_val_424,30,16384,4096,15,178.969,178.969,366.022,0.728,2.311,328.867,28.095,425.605,428.6,315.663,22.547,744.263,923.232,20.154,44.351,0.491791,1.063639,0.424129
chartqa,1792,64,425,iter425,chartqa_val_425,39,16384,4096,64,178.705,178.705,365.39,0.729,2.276,330.415,28.086,425.044,427.453,1470.443,23.34,1897.896,2076.601,33.722,42.844,0.192523,0.416479,0.774776
chartqa,1792,64,426,iter426,chartqa_val_426,27,16384,4096,32,153.415,153.415,367.0,0.729,2.273,330.34,28.128,426.442,428.944,709.02,22.872,1137.964,1291.38,28.12,43.722,0.322506,0.697247,0.62306
chartqa,1792,64,427,iter427,chartqa_val_427,29,16384,4096,34,156.653,156.653,375.998,0.727,2.275,338.723,28.125,435.404,437.773,764.619,23.17,1202.392,1359.045,28.277,43.159,0.312709,0.674823,0.635915
chartqa,1792,64,428,iter428,chartqa_val_428,33,16384,4096,29,160.722,160.722,373.648,0.731,2.304,336.847,28.128,433.381,435.729,651.948,23.284,1087.676,1248.398,26.662,42.948,0.343529,0.741976,0.599395
chartqa,1792,64,429,iter429,chartqa_val_429,37,16384,4096,41,178.301,178.301,368.33,0.726,2.315,331.43,28.092,428.349,430.78,957.389,23.935,1388.169,1566.47,29.535,41.78,0.265335,0.573907,0.689677
chartqa,1792,64,430,iter430,chartqa_val_430,30,16384,4096,11,174.757,174.757,366.74,0.729,2.277,329.581,28.104,426.667,429.082,238.584,23.858,667.666,842.423,16.475,41.914,0.549287,1.188329,0.357341
chartqa,1792,64,431,iter431,chartqa_val_431,37,16384,4096,20,180.77,180.77,365.061,0.731,2.304,326.418,28.048,424.9,427.5,423.856,22.308,851.356,1032.126,23.492,44.827,0.4288,0.927886,0.49786
chartqa,1792,64,432,iter432,chartqa_val_432,30,16384,4096,13,171.182,171.182,366.29,0.728,2.305,329.741,28.072,426.226,428.562,271.379,22.615,699.94,871.122,18.573,44.219,0.523316,1.132263,0.387717
chartqa,1792,64,433,iter433,chartqa_val_433,31,16384,4096,51,154.063,154.063,361.073,0.732,2.287,324.222,28.058,420.955,423.203,1110.625,22.213,1533.828,1687.891,33.25,45.02,0.235406,0.509853,0.724087
chartqa,1792,64,434,iter434,chartqa_val_434,32,16384,4096,23,167.51,167.51,364.907,0.727,2.302,328.02,28.087,424.617,426.855,507.827,23.083,934.682,1102.192,24.607,43.322,0.390407,0.844698,0.543315
chartqa,1792,64,435,iter435,chartqa_val_435,31,16384,4096,18,170.044,170.044,361.367,0.727,2.286,324.927,28.061,421.033,423.264,379.126,22.302,802.391,972.435,22.433,44.84,0.450363,0.975086,0.472496
chartqa,1792,64,436,iter436,chartqa_val_436,30,16384,4096,8,177.968,177.968,363.406,0.725,2.266,326.898,28.101,422.745,424.937,157.572,22.51,582.509,760.477,13.734,44.424,0.623864,1.349596,0.270506
chartqa,1792,64,437,iter437,chartqa_val_437,33,16384,4096,2,157.542,157.542,363.857,0.729,2.295,327.051,28.106,423.747,426.039,23.285,23.285,449.324,606.866,4.451,42.946,0.809789,1.752867,0.051822
chartqa,1792,64,438,iter438,chartqa_val_438,32,16384,4096,20,157.675,157.675,365.094,0.726,2.309,330.961,28.156,424.833,427.328,426.964,22.472,854.293,1011.967,23.411,44.5,0.427364,0.924657,0.499787
chartqa,1792,64,439,iter439,chartqa_val_439,35,16384,4096,18,171.666,171.666,362.327,0.728,2.29,325.11,28.065,422.382,424.893,381.198,22.423,806.09,977.756,22.33,44.596,0.449486,0.973475,0.472897
chartqa,1792,64,440,iter440,chartqa_val_440,33,16384,4096,15,172.84,172.84,363.714,0.724,2.296,327.017,28.087,423.314,425.771,316.553,22.611,742.323,915.163,20.207,44.226,0.489967,1.060223,0.426435
chartqa,1792,64,441,iter441,chartqa_val_441,35,16384,4096,64,151.3,151.3,369.713,0.724,2.287,332.452,28.17,429.772,432.25,1459.887,23.173,1892.138,2043.437,33.824,43.154,0.195394,0.42253,0.771554
chartqa,1792,64,442,iter442,chartqa_val_442,29,16384,4096,15,179.75,179.75,377.26,0.728,2.301,339.965,28.106,437.058,439.412,327.712,23.408,767.124,946.874,19.554,42.72,0.491785,1.061522,0.427196
chartqa,1792,64,443,iter443,chartqa_val_443,32,16384,4096,30,171.189,171.189,380.611,0.728,2.293,335.126,28.194,440.229,442.498,680.423,23.463,1122.921,1294.11,26.716,42.621,0.338947,0.730987,0.60594
chartqa,1792,64,444,iter444,chartqa_val_444,33,16384,4096,54,166.932,166.932,360.836,0.726,2.285,323.92,28.063,420.269,422.534,1167.037,22.02,1589.57,1756.503,33.971,45.414,0.227002,0.491394,0.734184
chartqa,1792,64,445,iter445,chartqa_val_445,36,16384,4096,64,169.099,169.099,351.197,0.73,2.268,313.935,28.063,410.698,412.932,1316.343,20.894,1729.275,1898.373,37.01,47.86,0.203089,0.440586,0.761211
chartqa,1792,64,446,iter446,chartqa_val_446,33,16384,4096,25,172.679,172.679,375.661,0.726,2.324,338.409,28.171,435.744,438.615,577.13,24.047,1015.744,1188.423,24.612,41.585,0.369838,0.798827,0.568184
chartqa,1792,64,447,iter447,chartqa_val_447,38,16384,4096,64,165.544,165.544,372.147,0.731,2.297,334.689,28.061,431.968,434.477,1451.15,23.034,1885.626,2051.171,33.941,43.414,0.19736,0.426445,0.769585
chartqa,1792,64,448,iter448,chartqa_val_448,31,16384,4096,7,144.446,144.446,359.89,0.729,2.302,323.059,28.103,419.321,421.672,131.51,21.918,553.182,697.627,12.654,45.624,0.650582,1.408598,0.237733
chartqa,1792,64,449,iter449,chartqa_val_449,32,16384,4096,19,154.34,154.34,356.631,0.729,2.287,319.561,28.084,416.431,418.644,387.83,21.546,806.473,960.813,23.559,46.412,0.44221,0.95857,0.480896
chartqa,1792,64,450,iter450,chartqa_val_450,35,16384,4096,36,167.726,167.726,352.304,0.73,2.266,315.872,28.068,411.984,414.251,754.163,21.548,1168.415,1336.141,30.811,46.409,0.301523,0.654125,0.645459
chartqa,1792,64,451,iter451,chartqa_val_451,36,16384,4096,20,151.297,151.297,368.239,0.725,2.277,330.861,28.184,427.825,430.131,455.423,23.97,885.554,1036.85,22.585,41.719,0.41583,0.898945,0.51428
chartqa,1792,64,452,iter452,chartqa_val_452,29,16384,4096,7,166.477,166.477,356.995,0.727,2.284,320.226,28.059,416.5,418.792,130.871,21.812,549.663,716.14,12.735,45.847,0.649481,1.407218,0.238093
chartqa,1792,64,453,iter453,chartqa_val_453,32,16384,4096,64,162.608,162.608,360.71,0.727,2.292,323.817,28.081,420.612,422.868,1359.113,21.573,1781.981,1944.589,35.915,46.354,0.202421,0.438457,0.762698
chartqa,1792,64,454,iter454,chartqa_val_454,45,16384,4096,50,163.684,163.684,358.381,0.732,2.283,324.319,28.068,417.933,420.217,1057.898,21.59,1478.115,1641.799,33.827,46.318,0.242458,0.525205,0.715707
chartqa,1792,64,455,iter455,chartqa_val_455,31,16384,4096,23,170.713,170.713,352.77,0.731,2.28,315.933,28.085,412.363,414.598,455.992,20.727,870.59,1041.303,26.419,48.247,0.405208,0.878868,0.523773
chartqa,1792,64,456,iter456,chartqa_val_456,30,16384,4096,9,157.878,157.878,457.838,0.729,2.283,420.855,28.083,517.189,519.355,171.96,21.495,691.315,849.193,13.019,46.522,0.662271,1.410393,0.248743
chartqa,1792,64,457,iter457,chartqa_val_457,34,16384,4096,64,159.532,159.532,355.877,0.728,2.284,319.402,28.081,415.672,418.176,1404.35,22.291,1822.527,1982.059,35.116,44.861,0.195266,0.423341,0.770551
chartqa,1792,64,458,iter458,chartqa_val_458,30,16384,4096,8,167.759,167.759,359.493,0.726,2.291,322.551,28.188,418.921,421.248,155.073,22.153,576.321,744.08,13.881,45.14,0.623772,1.35066,0.269074
chartqa,1792,64,459,iter459,chartqa_val_459,35,16384,4096,64,153.42,153.42,362.129,0.728,2.282,323.249,28.092,421.969,424.256,1408.983,22.365,1833.239,1986.659,34.911,44.713,0.197535,0.427712,0.768576
chartqa,1792,64,460,iter460,chartqa_val_460,30,16384,4096,11,162.521,162.521,360.946,0.73,2.269,324.535,28.066,420.64,423.089,223.666,22.367,646.755,809.276,17.008,44.71,0.558087,1.208473,0.345828
chartqa,1792,64,461,iter461,chartqa_val_461,31,16384,4096,64,166.303,166.303,373.425,0.731,2.281,336.775,28.102,432.966,435.487,1445.947,22.952,1881.434,2047.737,34.017,43.57,0.198479,0.428605,0.768535
chartqa,1792,64,462,iter462,chartqa_val_462,29,16384,4096,8,171.981,171.981,371.562,0.729,2.309,334.248,28.137,431.426,434.035,159.789,22.827,593.824,765.805,13.472,43.808,0.625711,1.352232,0.269085
chartqa,1792,64,463,iter463,chartqa_val_463,33,16384,4096,64,168.066,168.066,368.544,0.727,2.334,331.72,28.079,428.089,430.564,1404.13,22.288,1834.694,2002.761,34.883,44.868,0.200875,0.434205,0.765321
chartqa,1792,64,464,iter464,chartqa_val_464,33,16384,4096,20,177.833,177.833,354.653,0.729,2.273,314.655,28.094,414.292,416.624,395.831,20.833,812.456,990.288,24.617,48.0,0.43652,0.946446,0.487204
chartqa,1792,64,465,iter465,chartqa_val_465,37,16384,4096,60,170.132,170.132,353.525,0.731,2.253,317.126,28.111,413.043,415.364,1252.976,21.237,1668.339,1838.472,35.964,47.088,0.211902,0.45948,0.751032
chartqa,1792,64,466,iter466,chartqa_val_466,31,16384,4096,64,163.644,163.644,364.832,0.73,2.309,328.012,28.066,424.352,426.637,1389.513,22.056,1816.149,1979.793,35.239,45.34,0.200882,0.434538,0.765087
chartqa,1792,64,467,iter467,chartqa_val_467,46,16384,4096,64,165.299,165.299,367.113,0.726,2.296,329.755,28.104,426.893,429.439,1388.522,22.04,1817.961,1983.26,35.204,45.372,0.201937,0.436757,0.76378
chartqa,1792,64,468,iter468,chartqa_val_468,27,16384,4096,21,189.449,189.449,371.38,0.727,2.36,334.397,28.164,431.534,434.458,458.174,22.909,892.632,1082.08,23.526,43.652,0.41605,0.89949,0.513284
chartqa,1792,64,469,iter469,chartqa_val_469,48,16384,4096,64,191.715,191.715,374.07,0.729,2.299,336.825,28.109,433.879,436.38,1442.869,22.903,1879.249,2070.963,34.056,43.663,0.199053,0.429932,0.76779
chartqa,1792,64,470,iter470,chartqa_val_470,30,16384,4096,64,164.561,164.561,358.26,0.726,2.321,321.049,28.071,418.146,420.879,1371.903,21.776,1792.782,1957.343,35.699,45.922,0.199834,0.433073,0.765237
chartqa,1792,64,471,iter471,chartqa_val_471,34,16384,4096,64,158.329,158.329,357.666,0.73,2.284,320.601,28.054,417.186,419.483,1361.617,21.613,1781.101,1939.43,35.933,46.269,0.200812,0.435041,0.764481
chartqa,1792,64,472,iter472,chartqa_val_472,37,16384,4096,29,156.682,156.682,360.739,0.729,2.289,324.238,28.083,420.711,423.071,608.753,21.741,1031.824,1188.506,28.106,45.996,0.349613,0.757348,0.589978
chartqa,1792,64,473,iter473,chartqa_val_473,40,16384,4096,48,159.261,159.261,373.978,0.725,2.286,336.014,28.147,434.085,436.466,1095.321,23.305,1531.787,1691.048,31.336,42.91,0.244145,0.52753,0.715061
chartqa,1792,64,474,iter474,chartqa_val_474,36,16384,4096,20,170.443,170.443,365.296,0.728,2.305,328.674,28.075,425.055,427.606,424.971,22.367,852.577,1023.019,23.458,44.709,0.428461,0.927014,0.498455
chartqa,1792,64,475,iter475,chartqa_val_475,32,16384,4096,64,175.056,175.056,364.094,0.729,2.314,326.96,28.076,423.852,426.375,1417.216,22.495,1843.591,2018.647,34.715,44.453,0.197492,0.427397,0.768726
chartqa,1792,64,476,iter476,chartqa_val_476,44,16384,4096,26,156.334,156.334,371.336,0.731,2.291,334.851,28.095,431.236,433.526,576.721,23.069,1010.247,1166.581,25.736,43.349,0.36757,0.794432,0.570871
chartqa,1792,64,477,iter477,chartqa_val_477,39,16384,4096,64,165.01,165.01,368.685,0.731,2.291,332.166,28.096,428.284,430.501,1420.257,22.544,1850.758,2015.769,34.58,44.358,0.199207,0.430618,0.767392
chartqa,1792,64,478,iter478,chartqa_val_478,26,16384,4096,12,162.09,162.09,354.321,0.73,2.303,315.746,28.036,414.131,416.701,234.337,21.303,651.038,813.127,18.432,46.941,0.544241,1.18035,0.359944
chartqa,1792,64,479,iter479,chartqa_val_479,33,16384,4096,40,167.89,167.89,365.796,0.724,2.291,328.639,28.055,425.664,428.277,908.924,23.306,1337.201,1505.092,29.913,42.908,0.273553,0.591878,0.679721
chartqa,1792,64,480,iter480,chartqa_val_480,28,16384,4096,32,173.073,173.073,380.227,0.727,2.29,340.028,28.187,440.317,442.66,774.191,24.974,1216.851,1389.925,26.297,40.042,0.312468,0.674317,0.636225
chartqa,1792,64,481,iter481,chartqa_val_481,35,16384,4096,23,162.261,162.261,366.992,0.73,2.317,330.225,28.071,426.76,429.509,502.274,22.831,931.783,1094.044,24.684,43.801,0.39386,0.851863,0.539046
chartqa,1792,64,482,iter482,chartqa_val_482,35,16384,4096,30,179.756,179.756,369.362,0.729,2.312,330.562,28.089,428.98,431.41,651.955,22.481,1083.365,1263.121,27.692,44.482,0.340939,0.736909,0.601787
chartqa,1792,64,483,iter483,chartqa_val_483,32,16384,4096,64,153.286,153.286,369.579,0.729,2.293,335.168,28.075,429.437,431.717,1445.912,22.951,1877.629,2030.916,34.086,43.571,0.196833,0.425545,0.770073
chartqa,1792,64,484,iter484,chartqa_val_484,37,16384,4096,36,158.543,158.543,373.804,0.732,2.265,336.357,28.055,433.309,435.597,802.861,22.939,1238.458,1397.001,29.068,43.594,0.30183,0.651708,0.648275
chartqa,1792,64,485,iter485,chartqa_val_485,29,16384,4096,12,177.151,177.151,359.936,0.729,2.305,322.843,28.137,419.475,422.048,247.719,22.52,669.768,846.918,17.917,44.405,0.537405,1.163704,0.369859
chartqa,1792,64,486,iter486,chartqa_val_486,44,16384,4096,26,166.62,166.62,357.612,0.727,2.288,320.359,28.149,417.566,419.923,571.671,22.867,991.593,1158.214,26.22,43.731,0.360643,0.78175,0.576517
chartqa,1792,64,487,iter487,chartqa_val_487,34,16384,4096,49,183.624,183.624,351.559,0.727,2.272,312.989,28.078,411.152,413.484,1012.574,21.095,1426.059,1609.683,34.36,47.404,0.246525,0.534838,0.710051
chartqa,1792,64,488,iter488,chartqa_val_488,27,16384,4096,23,179.515,179.515,346.797,0.727,2.266,312.235,28.085,406.19,408.523,458.598,20.845,867.121,1046.636,26.525,47.972,0.39994,0.868375,0.528874
chartqa,1792,64,489,iter489,chartqa_val_489,30,16384,4096,64,178.919,178.919,351.682,0.727,2.264,314.622,28.048,411.347,413.625,1339.24,21.258,1752.865,1931.785,36.512,47.042,0.200633,0.435304,0.764029
chartqa,1792,64,490,iter490,chartqa_val_490,29,16384,4096,14,176.517,176.517,350.585,0.731,2.27,314.285,28.046,410.048,412.312,275.02,21.155,687.332,863.848,20.369,47.269,0.510067,1.106647,0.400126
chartqa,1792,64,491,iter491,chartqa_val_491,34,16384,4096,64,189.722,189.722,361.472,0.729,2.276,324.747,28.09,421.089,423.393,1377.631,21.867,1801.024,1990.746,35.535,45.731,0.200703,0.434509,0.764915
chartqa,1792,64,492,iter492,chartqa_val_492,32,16384,4096,64,151.146,151.146,358.527,0.73,2.299,322.693,28.098,418.351,420.602,1379.459,21.896,1800.061,1951.207,35.554,45.67,0.199175,0.431584,0.76634
chartqa,1792,64,493,iter493,chartqa_val_493,30,16384,4096,64,165.035,165.035,467.758,0.729,2.271,426.285,28.111,527.204,529.555,1356.313,21.529,1885.869,2050.903,33.937,46.449,0.248033,0.527588,0.719198
chartqa,1792,64,494,iter494,chartqa_val_494,48,16384,4096,30,182.746,182.746,387.073,0.726,2.275,347.577,28.211,446.606,449.092,644.246,22.215,1093.338,1276.084,27.439,45.014,0.354028,0.762508,0.589247
chartqa,1792,64,495,iter495,chartqa_val_495,54,16384,4096,36,159.545,159.545,351.517,0.729,2.279,314.683,28.046,775.391,777.712,733.365,20.953,1511.077,1670.622,23.824,47.725,0.232627,0.745765,0.485326
chartqa,1792,64,496,iter496,chartqa_val_496,31,16384,4096,27,166.127,166.127,351.818,0.726,2.267,314.778,28.04,411.163,413.537,545.044,20.963,958.582,1124.709,28.167,47.703,0.367019,0.795948,0.568595
chartqa,1792,64,497,iter497,chartqa_val_497,34,16384,4096,64,170.279,170.279,354.186,0.725,2.292,317.391,28.088,413.526,415.873,1316.487,20.897,1732.359,1902.638,36.944,47.855,0.204453,0.44316,0.759939
chartqa,1792,64,498,iter498,chartqa_val_498,31,16384,4096,52,151.763,151.763,360.031,0.728,2.282,322.923,28.085,419.359,421.776,1099.372,21.556,1521.148,1672.911,34.185,46.39,0.236684,0.51237,0.722725
chartqa,1792,64,499,iter499,chartqa_val_499,44,16384,4096,64,152.836,152.836,368.642,0.73,2.268,331.82,28.193,428.215,430.564,1376.742,21.853,1807.307,1960.143,35.412,45.76,0.203973,0.440909,0.761765
chartqa,448,64,0,iter000,chartqa_val_0,36,1024,256,17,78.397,78.397,40.301,0.201,0.374,34.941,3.137,63.819,67.445,379.674,23.73,447.119,525.516,38.021,42.141,0.090136,0.23287,0.849156
chartqa,448,64,1,iter001,chartqa_val_1,34,1024,256,64,321.986,321.986,54.6,0.135,0.37,48.419,3.404,81.957,85.369,1508.458,23.944,1593.827,1915.813,40.155,41.765,0.034257,0.085678,0.946438
chartqa,448,64,2,iter002,chartqa_val_2,28,1024,256,61,87.281,87.281,40.044,0.187,0.364,34.892,3.054,451.571,455.136,4362.434,72.707,4817.57,4904.851,12.662,13.754,0.008312,0.102046,0.905526
chartqa,448,64,3,iter003,chartqa_val_3,30,1024,256,58,88.578,88.578,94.358,0.185,0.4,73.077,7.901,482.61,489.583,1347.692,23.644,1837.274,1925.852,31.569,42.295,0.051358,0.314035,0.733528
chartqa,448,64,4,iter004,chartqa_val_4,46,1024,256,31,105.029,105.029,38.69,0.132,0.364,33.71,3.028,466.426,469.47,678.06,22.602,1147.53,1252.559,27.015,44.244,0.033716,0.440177,0.590886
chartqa,448,64,5,iter005,chartqa_val_5,33,1024,256,17,102.79,102.79,37.541,0.095,0.32,32.938,2.792,454.076,457.032,362.898,22.681,819.93,922.72,20.733,44.09,0.045786,0.599584,0.442596
chartqa,448,64,6,iter006,chartqa_val_6,35,1024,256,22,88.981,88.981,36.924,0.092,0.354,32.223,2.818,447.168,450.325,464.0,22.095,914.325,1003.306,24.061,45.259,0.040384,0.529453,0.507478
chartqa,448,64,7,iter007,chartqa_val_7,33,1024,256,31,70.345,70.345,37.251,0.091,0.322,32.511,2.696,58.799,61.632,677.968,22.599,739.6,809.944,41.915,44.25,0.050366,0.129867,0.916668
chartqa,448,64,8,iter008,chartqa_val_8,32,1024,256,27,82.171,82.171,37.473,0.116,0.342,32.733,2.902,534.716,537.875,536.04,20.617,1073.915,1156.086,25.142,48.504,0.034894,0.532807,0.499146
chartqa,448,64,9,iter009,chartqa_val_9,36,1024,256,59,79.728,79.728,37.941,0.109,0.347,32.948,2.91,63.443,66.608,1279.84,22.066,1346.448,1426.177,43.819,45.318,0.028179,0.075298,0.95053
chartqa,448,64,10,iter010,chartqa_val_10,44,1024,256,64,101.098,101.098,36.789,0.117,0.315,32.185,2.835,448.522,450.777,6145.588,97.549,6596.366,6697.464,9.702,10.251,0.005577,0.073572,0.931663
chartqa,448,64,11,iter011,chartqa_val_11,49,1024,256,64,80.451,80.451,37.396,0.163,0.42,32.572,2.735,449.248,452.206,3848.134,61.081,4300.34,4380.791,14.883,16.372,0.008696,0.113164,0.894844
chartqa,448,64,12,iter012,chartqa_val_12,30,1024,256,32,104.724,104.724,41.53,0.232,0.363,36.323,3.057,66.356,70.055,747.605,24.116,817.66,922.384,39.136,41.466,0.050792,0.131946,0.914323
chartqa,448,64,13,iter013,chartqa_val_13,34,1024,256,64,211.561,211.561,38.822,0.126,0.348,33.872,2.949,62.46,65.171,1436.271,22.798,1501.442,1713.003,42.626,43.864,0.025856,0.067456,0.956594
chartqa,448,64,14,iter014,chartqa_val_14,30,1024,256,34,85.661,85.661,39.094,0.146,0.373,34.133,2.979,62.329,65.321,771.557,23.381,836.879,922.54,40.627,42.771,0.046714,0.121191,0.921947
chartqa,448,64,15,iter015,chartqa_val_15,35,1024,256,64,153.215,153.215,55.58,0.265,0.362,48.68,3.853,101.44,104.841,1744.43,27.689,1849.271,2002.485,34.608,36.115,0.030055,0.084909,0.943307
chartqa,448,64,16,iter016,chartqa_val_16,30,1024,256,31,104.26,104.26,43.669,0.139,0.374,37.997,3.493,71.0,74.319,768.382,25.613,842.701,946.961,36.786,39.043,0.05182,0.136073,0.911809
chartqa,448,64,17,iter017,chartqa_val_17,40,1024,256,64,93.614,93.614,40.487,0.163,0.372,35.258,3.075,569.572,573.22,1460.541,23.183,2033.761,2127.375,31.469,43.135,0.019908,0.299966,0.718148
chartqa,448,64,18,iter018,chartqa_val_18,31,1024,256,15,198.734,198.734,39.49,0.132,0.378,34.086,3.066,436.051,442.332,344.384,24.599,786.716,985.45,19.067,40.652,0.050197,0.604464,0.437749
chartqa,448,64,19,iter019,chartqa_val_19,34,1024,256,64,142.649,142.649,54.079,0.153,0.347,47.312,3.897,77.374,80.656,1560.736,24.774,1641.392,1784.042,38.991,40.366,0.032947,0.080086,0.950861
chartqa,448,64,20,iter020,chartqa_val_20,36,1024,256,18,181.612,181.612,41.757,0.179,0.393,36.196,3.317,67.425,70.414,361.871,21.287,432.284,613.896,41.639,46.978,0.096595,0.25257,0.837112
chartqa,448,64,21,iter021,chartqa_val_21,38,1024,256,64,185.468,185.468,53.57,0.106,0.324,42.606,2.83,488.238,497.247,1501.947,23.84,1999.194,2184.662,32.013,41.946,0.026796,0.271013,0.751276
chartqa,448,64,22,iter022,chartqa_val_22,31,1024,256,41,97.384,97.384,38.8,0.127,0.34,33.918,2.914,61.915,65.233,956.336,23.908,1021.569,1118.952,40.134,41.826,0.03798,0.098588,0.936145
chartqa,448,64,23,iter023,chartqa_val_23,35,1024,256,60,98.675,98.675,40.476,0.13,0.341,35.423,3.049,78.318,81.767,1373.454,23.279,1455.22,1553.896,41.231,42.957,0.027814,0.081633,0.943811
chartqa,448,64,24,iter024,chartqa_val_24,31,1024,256,26,82.37,82.37,42.022,0.111,0.363,36.505,3.261,67.26,70.179,604.232,24.169,674.411,756.78,38.552,41.375,0.062309,0.162041,0.895941
chartqa,448,64,25,iter025,chartqa_val_25,33,1024,256,37,103.966,103.966,38.564,0.124,0.341,33.651,2.981,65.375,68.492,846.573,23.516,915.064,1019.03,40.434,42.524,0.042144,0.113587,0.925151
chartqa,448,64,26,iter026,chartqa_val_26,33,1024,256,32,85.01,85.01,40.629,0.16,0.35,35.412,3.161,74.445,77.565,722.588,23.309,800.153,885.164,39.992,42.901,0.050777,0.143815,0.903063
chartqa,448,64,27,iter027,chartqa_val_27,33,1024,256,46,95.585,95.585,53.649,0.261,0.345,47.197,3.994,91.123,94.524,1090.442,24.232,1184.966,1280.551,38.82,41.268,0.045274,0.122174,0.920231
chartqa,448,64,28,iter028,chartqa_val_28,29,1024,256,40,96.093,96.093,38.882,0.136,0.346,33.995,2.959,517.1,520.124,919.708,23.582,1439.831,1535.924,27.781,42.405,0.027004,0.386144,0.638761
chartqa,448,64,29,iter029,chartqa_val_29,32,1024,256,64,177.346,177.346,54.416,0.31,0.379,47.18,4.023,91.228,99.659,1570.388,24.927,1670.047,1847.393,38.322,40.117,0.032584,0.08721,0.940325
chartqa,448,64,30,iter030,chartqa_val_30,33,1024,256,42,80.613,80.613,39.182,0.143,0.372,34.184,2.972,62.879,66.034,953.656,23.26,1019.691,1100.303,41.189,42.992,0.038425,0.10009,0.935241
chartqa,448,64,31,iter031,chartqa_val_31,31,1024,256,42,180.981,180.981,44.502,0.153,0.367,37.624,3.23,68.909,75.278,1036.59,25.283,1111.868,1292.849,37.774,39.553,0.040024,0.102,0.932296
chartqa,448,64,32,iter032,chartqa_val_32,27,1024,256,54,81.099,81.099,37.705,0.129,0.32,33.022,2.799,483.362,486.756,1706.472,32.198,2193.227,2274.327,24.621,31.058,0.017192,0.23758,0.778064
chartqa,448,64,33,iter033,chartqa_val_33,31,1024,256,44,94.173,94.173,37.228,0.113,0.352,32.529,2.788,59.332,62.193,1003.911,23.347,1066.104,1160.277,41.272,42.832,0.03492,0.090573,0.941663
chartqa,448,64,34,iter034,chartqa_val_34,34,1024,256,17,184.812,184.812,49.857,0.102,0.328,43.587,3.82,72.802,75.825,340.296,21.269,416.121,600.933,40.853,47.018,0.119814,0.294769,0.817782
chartqa,448,64,35,iter035,chartqa_val_35,35,1024,256,64,78.657,78.657,39.832,0.123,0.33,34.928,3.006,64.053,70.037,1493.318,23.703,1563.355,1642.012,40.938,42.188,0.025478,0.06645,0.955201
chartqa,448,64,36,iter036,chartqa_val_36,28,1024,256,63,66.174,66.174,38.95,0.113,0.347,34.101,2.904,62.237,65.188,1420.889,22.918,1486.077,1552.251,42.393,43.635,0.02621,0.06809,0.956134
chartqa,448,64,37,iter037,chartqa_val_37,32,1024,256,64,190.364,190.364,38.399,0.123,0.349,33.428,2.794,61.245,64.568,1409.064,22.366,1473.633,1663.997,43.43,44.711,0.026058,0.067618,0.956184
chartqa,448,64,38,iter038,chartqa_val_38,28,1024,256,12,97.445,97.445,37.222,0.114,0.348,32.515,2.791,59.264,62.194,228.083,20.735,290.277,387.722,41.34,48.228,0.12823,0.332395,0.785741
chartqa,448,64,39,iter039,chartqa_val_39,34,1024,256,28,80.378,80.378,36.99,0.095,0.318,32.317,2.76,59.117,61.941,639.168,23.673,701.109,781.487,39.937,42.242,0.05276,0.137078,0.911652
chartqa,448,64,40,iter040,chartqa_val_40,33,1024,256,30,98.59,98.59,52.052,0.218,0.332,45.77,4.063,85.867,88.852,673.775,23.234,762.627,861.217,39.338,43.041,0.068253,0.180848,0.883492
chartqa,448,64,41,iter041,chartqa_val_41,34,1024,256,26,248.834,248.834,37.113,0.128,0.33,32.519,2.771,58.968,63.672,563.681,22.547,627.353,876.187,41.444,44.351,0.059158,0.153153,0.898507
chartqa,448,64,42,iter042,chartqa_val_42,30,1024,256,9,163.722,163.722,40.851,0.131,0.34,35.838,3.085,65.851,69.174,184.38,23.048,253.554,417.276,35.495,43.389,0.161112,0.420825,0.727181
chartqa,448,64,43,iter043,chartqa_val_43,31,1024,256,48,98.432,98.432,39.515,0.233,0.328,34.351,3.032,81.196,84.244,1138.93,24.233,1223.173,1321.606,39.242,41.267,0.032305,0.098687,0.931127
chartqa,448,64,44,iter044,chartqa_val_44,29,1024,256,17,97.59,97.59,37.814,0.14,0.336,33.093,2.786,60.568,63.467,412.087,25.755,475.555,573.144,35.748,38.827,0.079515,0.206878,0.86654
chartqa,448,64,45,iter045,chartqa_val_45,33,1024,256,64,93.545,93.545,38.352,0.096,0.332,33.443,2.872,63.812,66.66,1655.146,26.272,1721.806,1815.351,37.17,38.063,0.022274,0.059335,0.961285
chartqa,448,64,46,iter046,chartqa_val_46,38,1024,256,32,154.375,154.375,37.906,0.101,0.345,33.157,2.8,70.985,74.448,744.436,24.014,818.884,973.26,39.078,41.642,0.04629,0.132975,0.909086
chartqa,448,64,47,iter047,chartqa_val_47,30,1024,256,64,109.554,109.554,53.163,0.22,0.326,46.809,4.038,90.079,93.113,1424.745,22.615,1517.858,1627.412,42.165,44.218,0.035025,0.094371,0.938655
chartqa,448,64,48,iter048,chartqa_val_48,29,1024,256,46,178.099,178.099,38.88,0.128,0.333,33.934,2.908,61.355,64.309,1110.482,24.677,1174.791,1352.89,39.156,40.523,0.033095,0.085321,0.945259
chartqa,448,64,49,iter049,chartqa_val_49,33,1024,256,62,182.462,182.462,38.8,0.151,0.351,33.866,2.898,70.005,73.359,1477.019,24.213,1550.378,1732.84,39.99,41.299,0.025026,0.07018,0.952683
chartqa,448,64,50,iter050,chartqa_val_50,30,1024,256,16,301.532,301.532,83.772,0.275,0.399,66.734,10.562,130.176,144.321,348.733,23.249,493.054,794.586,32.451,43.013,0.169904,0.433925,0.707292
chartqa,448,64,51,iter051,chartqa_val_51,30,1024,256,64,88.537,88.537,39.659,0.117,0.351,34.85,2.948,63.492,66.576,1531.412,24.308,1597.988,1686.526,40.05,41.139,0.024818,0.06455,0.958337
chartqa,448,64,52,iter052,chartqa_val_52,30,1024,256,9,211.969,211.969,38.561,0.141,0.381,33.674,2.802,71.693,74.84,192.53,24.066,267.37,479.339,33.661,41.552,0.144222,0.412361,0.720087
chartqa,448,64,53,iter053,chartqa_val_53,33,1024,256,36,92.343,92.343,37.367,0.098,0.335,32.7,2.769,59.987,62.807,809.866,23.139,872.673,965.016,41.253,43.217,0.042819,0.111559,0.928029
chartqa,448,64,54,iter054,chartqa_val_54,29,1024,256,57,92.156,92.156,37.555,0.094,0.328,32.888,2.74,60.275,63.048,1410.246,25.183,1473.293,1565.449,38.689,39.709,0.02549,0.066402,0.957206
chartqa,448,64,55,iter055,chartqa_val_55,33,1024,256,64,93.835,93.835,58.177,0.237,0.361,51.062,4.232,91.82,95.141,1377.907,21.872,1473.048,1566.883,43.447,45.722,0.039494,0.101828,0.935412
chartqa,448,64,56,iter056,chartqa_val_56,32,1024,256,54,96.923,96.923,38.217,0.178,0.359,33.426,2.825,60.862,63.849,1197.779,22.6,1261.628,1358.552,42.802,44.249,0.030292,0.078533,0.949392
chartqa,448,64,57,iter057,chartqa_val_57,36,1024,256,64,105.7,105.7,38.908,0.129,0.368,33.866,2.953,62.019,65.072,1445.815,22.949,1510.888,1616.588,42.359,43.574,0.025752,0.0668,0.956931
chartqa,448,64,58,iter058,chartqa_val_58,29,1024,256,48,95.349,95.349,38.956,0.156,0.381,33.981,2.979,62.085,65.165,1113.669,23.695,1178.834,1274.182,40.718,42.203,0.033046,0.085712,0.944721
chartqa,448,64,59,iter059,chartqa_val_59,35,1024,256,64,216.186,216.186,43.114,0.131,0.334,37.806,3.279,69.559,72.111,1609.506,25.548,1681.618,1897.803,38.059,39.142,0.025638,0.067002,0.957118
chartqa,448,64,60,iter060,chartqa_val_60,29,1024,256,29,111.405,111.405,39.785,0.17,0.345,34.723,3.051,63.427,66.727,716.022,25.572,782.749,894.154,37.049,39.105,0.050827,0.131858,0.914752
chartqa,448,64,61,iter061,chartqa_val_61,35,1024,256,64,81.713,81.713,38.945,0.108,0.322,34.167,2.891,62.389,65.319,1543.971,24.507,1609.29,1691.003,39.769,40.804,0.0242,0.062968,0.959411
chartqa,448,64,62,iter062,chartqa_val_62,30,1024,256,45,84.424,84.424,40.171,0.129,0.368,35.061,3.056,63.665,66.804,1063.124,24.162,1129.928,1214.352,39.826,41.387,0.035552,0.091896,0.940878
chartqa,448,64,63,iter063,chartqa_val_63,34,1024,256,41,83.45,83.45,55.393,0.238,0.338,48.537,4.27,87.484,90.79,999.782,24.995,1090.572,1174.022,37.595,40.009,0.050792,0.131011,0.91675
chartqa,448,64,64,iter064,chartqa_val_64,33,1024,256,16,161.297,161.297,39.066,0.146,0.351,34.172,2.959,66.502,69.671,350.466,23.364,420.137,581.434,38.083,42.8,0.092985,0.25127,0.834171
chartqa,448,64,65,iter065,chartqa_val_65,35,1024,256,64,86.629,86.629,39.096,0.141,0.354,34.06,2.972,62.434,65.371,1541.799,24.473,1607.17,1693.8,39.822,40.861,0.024326,0.063173,0.959325
chartqa,448,64,66,iter066,chartqa_val_66,29,1024,256,27,117.315,117.315,55.396,0.271,0.368,48.436,4.304,85.084,88.15,641.25,24.663,729.4,846.715,37.017,40.546,0.075947,0.192597,0.879147
chartqa,448,64,67,iter067,chartqa_val_67,31,1024,256,64,85.911,85.911,39.649,0.112,0.347,34.827,2.958,63.66,66.568,1594.519,25.31,1661.087,1746.998,38.529,39.51,0.023869,0.062193,0.959925
chartqa,448,64,68,iter068,chartqa_val_68,28,1024,256,10,112.912,112.912,38.449,0.154,0.343,33.615,2.89,61.562,64.739,192.508,21.39,257.248,370.16,38.873,46.751,0.149462,0.388773,0.748339
chartqa,448,64,69,iter069,chartqa_val_69,31,1024,256,64,213.765,213.765,40.767,0.134,0.341,35.719,3.04,64.522,67.726,1467.205,23.289,1534.931,1748.696,41.696,42.939,0.026559,0.068595,0.955877
chartqa,448,64,70,iter070,chartqa_val_70,34,1024,256,64,80.916,80.916,38.6,0.127,0.337,33.685,2.885,68.513,71.921,1517.17,24.082,1589.091,1670.007,40.275,41.525,0.024291,0.067406,0.954741
chartqa,448,64,71,iter071,chartqa_val_71,37,1024,256,64,97.905,97.905,56.45,0.249,0.331,49.876,4.093,516.191,519.195,1450.136,23.018,1969.331,2067.236,32.498,43.444,0.028665,0.290779,0.73636
chartqa,448,64,72,iter072,chartqa_val_72,31,1024,256,17,159.679,159.679,38.938,0.103,0.351,33.952,2.974,62.207,65.254,389.02,24.314,454.273,613.952,37.422,41.129,0.085716,0.222653,0.856356
chartqa,448,64,73,iter073,chartqa_val_73,32,1024,256,64,87.836,87.836,38.707,0.104,0.346,33.93,2.868,61.648,64.632,1558.122,24.732,1622.754,1710.59,39.439,40.433,0.023853,0.061843,0.960171
chartqa,448,64,74,iter074,chartqa_val_74,28,1024,256,40,85.23,85.23,40.65,0.183,0.359,35.552,2.995,65.006,68.407,1066.453,27.345,1134.86,1220.09,35.247,36.57,0.03582,0.093101,0.939722
chartqa,448,64,75,iter075,chartqa_val_75,31,1024,256,64,94.136,94.136,38.994,0.11,0.352,34.124,2.95,62.249,65.145,1497.919,23.776,1563.064,1657.2,40.945,42.058,0.024947,0.064772,0.958322
chartqa,448,64,76,iter076,chartqa_val_76,29,1024,256,17,86.098,86.098,39.236,0.136,0.358,34.325,2.916,65.272,68.368,418.283,26.143,486.65,572.749,34.933,38.252,0.080626,0.21475,0.859514
chartqa,448,64,77,iter077,chartqa_val_77,30,1024,256,64,111.416,111.416,38.211,0.125,0.334,33.506,2.836,61.454,64.516,1550.107,24.605,1614.623,1726.039,39.638,40.642,0.023666,0.061726,0.960042
chartqa,448,64,78,iter078,chartqa_val_78,30,1024,256,26,87.346,87.346,39.105,0.159,0.333,34.172,2.973,62.478,65.574,604.078,24.163,669.652,756.998,38.826,41.385,0.058395,0.151695,0.902077
chartqa,448,64,79,iter079,chartqa_val_79,36,1024,256,37,99.833,99.833,38.46,0.135,0.37,33.479,2.922,66.24,69.366,931.52,25.876,1000.885,1100.719,36.967,38.647,0.038426,0.104607,0.930696
chartqa,448,64,80,iter080,chartqa_val_80,35,1024,256,19,184.799,184.799,51.807,0.115,0.34,45.696,3.614,75.033,78.049,420.106,23.339,498.155,682.954,38.141,42.846,0.103999,0.254621,0.843324
chartqa,448,64,81,iter081,chartqa_val_81,33,1024,256,64,94.547,94.547,38.183,0.09,0.351,33.426,2.916,63.01,66.11,1545.747,24.536,1611.858,1706.404,39.706,40.757,0.023689,0.06278,0.958985
chartqa,448,64,82,iter082,chartqa_val_82,29,1024,256,14,110.057,110.057,43.51,0.251,0.353,37.824,3.551,79.173,82.264,329.128,25.318,411.391,521.448,34.031,39.498,0.105763,0.298215,0.800036
chartqa,448,64,83,iter083,chartqa_val_83,31,1024,256,64,92.372,92.372,37.821,0.096,0.353,33.065,2.882,60.316,63.194,1501.899,23.84,1565.093,1657.464,40.892,41.947,0.024165,0.062704,0.959623
chartqa,448,64,84,iter084,chartqa_val_84,30,1024,256,25,80.614,80.614,37.254,0.119,0.339,32.543,2.818,59.671,62.557,536.709,22.363,599.266,679.88,41.718,44.717,0.062167,0.161739,0.895611
chartqa,448,64,85,iter085,chartqa_val_85,34,1024,256,64,98.606,98.606,55.172,0.236,0.343,48.425,4.292,91.132,94.707,1551.535,24.628,1646.241,1744.847,38.876,40.605,0.033514,0.088872,0.942471
chartqa,448,64,86,iter086,chartqa_val_86,38,1024,256,34,91.506,91.506,39.883,0.187,0.381,34.593,3.07,63.774,67.287,775.477,23.499,842.763,934.269,40.343,42.554,0.047324,0.122996,0.920159
chartqa,448,64,87,iter087,chartqa_val_87,38,1024,256,64,88.937,88.937,41.691,0.146,0.347,36.508,3.151,67.124,70.213,1559.485,24.754,1629.698,1718.635,39.271,40.398,0.025582,0.06677,0.956917
chartqa,448,64,88,iter088,chartqa_val_88,29,1024,256,55,113.322,113.322,62.476,0.306,0.414,54.161,4.652,88.764,95.244,1386.438,25.675,1481.681,1595.003,37.12,38.949,0.042166,0.102074,0.935719
chartqa,448,64,89,iter089,chartqa_val_89,46,1024,256,64,86.351,86.351,37.82,0.128,0.337,33.023,2.896,60.706,63.623,1543.439,24.499,1607.062,1693.412,39.824,40.818,0.023533,0.061308,0.960411
chartqa,448,64,90,iter090,chartqa_val_90,27,1024,256,42,108.321,108.321,38.755,0.161,0.363,33.923,2.813,61.791,64.714,954.467,23.28,1019.181,1127.501,41.21,42.956,0.038025,0.098654,0.936504
chartqa,448,64,91,iter091,chartqa_val_91,30,1024,256,63,131.19,131.19,64.765,0.174,0.35,54.732,4.052,88.148,96.956,1515.731,24.447,1612.688,1743.877,39.065,40.904,0.04016,0.094819,0.939879
chartqa,448,64,92,iter092,chartqa_val_92,30,1024,256,17,160.661,160.661,56.611,0.148,0.365,44.315,3.593,80.635,87.016,381.08,23.818,468.096,628.757,36.317,41.986,0.120938,0.2932,0.814106
chartqa,448,64,93,iter093,chartqa_val_93,31,1024,256,64,90.039,90.039,42.087,0.146,0.345,36.759,3.282,77.988,81.349,1568.6,24.898,1649.949,1739.989,38.789,40.163,0.025508,0.072775,0.950696
chartqa,448,64,94,iter094,chartqa_val_94,30,1024,256,64,115.66,115.66,39.353,0.128,0.331,34.398,3.018,62.925,66.053,1481.974,23.523,1548.028,1663.688,41.343,42.511,0.025421,0.06607,0.957331
chartqa,448,64,95,iter095,chartqa_val_95,34,1024,256,64,105.388,105.388,37.49,0.136,0.326,32.708,2.8,59.77,63.193,1496.983,23.762,1560.176,1665.564,41.021,42.085,0.024029,0.062339,0.959496
chartqa,448,64,96,iter096,chartqa_val_96,32,1024,256,33,86.752,86.752,38.223,0.097,0.329,33.427,2.932,61.182,63.983,750.528,23.454,814.512,901.264,40.515,42.637,0.046927,0.122042,0.921446
chartqa,448,64,97,iter097,chartqa_val_97,35,1024,256,35,90.244,90.244,38.168,0.11,0.336,33.331,2.895,61.016,63.898,830.033,24.413,893.931,984.175,39.153,40.962,0.042697,0.110953,0.92852
chartqa,448,64,98,iter098,chartqa_val_98,30,1024,256,64,80.911,80.911,38.547,0.098,0.334,33.435,3.106,61.292,64.19,1442.156,22.891,1506.346,1587.257,42.487,43.685,0.02559,0.066279,0.957387
chartqa,448,64,99,iter099,chartqa_val_99,34,1024,256,64,89.472,89.472,52.933,0.231,0.326,46.64,3.883,88.343,91.459,1523.872,24.188,1615.331,1704.803,39.62,41.342,0.032769,0.08746,0.943381
chartqa,448,64,100,iter100,chartqa_val_100,29,1024,256,55,119.281,119.281,37.819,0.13,0.335,33.043,2.843,60.165,63.131,1340.654,24.827,1403.785,1523.066,39.18,40.279,0.02694,0.0698,0.955028
chartqa,448,64,101,iter101,chartqa_val_101,49,1024,256,64,101.61,101.61,37.806,0.123,0.335,33.054,2.811,59.94,62.828,1471.779,23.362,1534.606,1636.216,41.705,42.805,0.024636,0.063694,0.959059
chartqa,448,64,102,iter102,chartqa_val_102,28,1024,256,10,110.027,110.027,37.917,0.109,0.325,33.039,2.932,60.399,63.359,190.779,21.198,254.138,364.165,39.349,47.175,0.1492,0.386862,0.750689
chartqa,448,64,103,iter103,chartqa_val_103,31,1024,256,37,89.736,89.736,37.667,0.115,0.322,32.893,2.777,60.521,63.35,826.261,22.952,889.611,979.347,41.591,43.57,0.042341,0.110372,0.928789
chartqa,448,64,104,iter104,chartqa_val_104,30,1024,256,12,85.294,85.294,37.714,0.132,0.323,32.877,2.78,60.134,62.999,302.658,27.514,365.657,450.951,32.818,36.345,0.103139,0.267595,0.827709
chartqa,448,64,105,iter105,chartqa_val_105,34,1024,256,58,79.245,79.245,37.541,0.118,0.327,32.699,2.837,71.147,74.08,1383.335,24.269,1457.416,1536.661,39.796,41.205,0.025759,0.074576,0.94917
chartqa,448,64,106,iter106,chartqa_val_106,27,1024,256,35,81.307,81.307,37.951,0.108,0.331,33.094,2.897,60.311,63.246,781.615,22.989,844.86,926.167,41.427,43.5,0.044919,0.116305,0.925141
chartqa,448,64,107,iter107,chartqa_val_107,35,1024,256,64,85.883,85.883,37.697,0.143,0.332,32.856,2.815,60.256,63.151,1530.935,24.301,1594.086,1679.968,40.148,41.151,0.023648,0.061448,0.960384
chartqa,448,64,108,iter108,chartqa_val_108,29,1024,256,13,118.559,118.559,53.348,0.097,0.338,46.855,3.826,75.919,85.484,282.047,23.504,367.531,486.089,35.371,42.546,0.145153,0.351717,0.76741
chartqa,448,64,109,iter109,chartqa_val_109,30,1024,256,64,93.664,93.664,39.35,0.119,0.339,34.442,2.973,64.0,67.333,1538.627,24.423,1605.96,1699.624,39.852,40.946,0.024503,0.064354,0.958073
chartqa,448,64,110,iter110,chartqa_val_110,31,1024,256,18,94.691,94.691,39.109,0.126,0.334,34.197,2.97,69.352,72.588,387.958,22.821,460.546,555.237,39.084,43.819,0.08492,0.235507,0.842387
chartqa,448,64,111,iter111,chartqa_val_111,32,1024,256,64,148.273,148.273,56.063,0.146,0.342,49.535,3.718,84.576,87.976,1522.642,24.169,1610.618,1758.891,39.736,41.375,0.034809,0.08732,0.945377
chartqa,448,64,112,iter112,chartqa_val_112,30,1024,256,17,79.976,79.976,37.467,0.124,0.36,32.666,2.825,66.434,69.521,384.163,24.01,453.684,533.659,37.471,41.649,0.082583,0.229015,0.846764
chartqa,448,64,113,iter113,chartqa_val_113,30,1024,256,64,82.044,82.044,42.951,0.229,0.327,37.284,3.457,78.145,81.135,1469.163,23.32,1550.298,1632.342,41.282,42.882,0.027705,0.078111,0.947665
chartqa,448,64,114,iter114,chartqa_val_114,28,1024,256,13,87.629,87.629,39.017,0.119,0.324,34.076,2.924,71.717,74.8,314.076,26.173,388.876,476.504,33.43,38.207,0.100333,0.284756,0.80765
chartqa,448,64,115,iter115,chartqa_val_115,31,1024,256,64,83.385,83.385,37.552,0.121,0.338,32.827,2.766,59.994,62.871,1453.445,23.071,1516.316,1599.7,42.208,43.345,0.024765,0.064331,0.958537
chartqa,448,64,116,iter116,chartqa_val_116,30,1024,256,10,111.055,111.055,37.505,0.109,0.339,32.769,2.793,60.259,63.115,189.055,21.006,252.17,363.225,39.656,47.605,0.14873,0.387694,0.749711
chartqa,448,64,117,iter117,chartqa_val_117,34,1024,256,26,83.984,83.984,37.206,0.085,0.331,32.476,2.806,59.429,62.247,595.927,23.837,658.174,742.157,39.503,41.951,0.05653,0.146824,0.905425
chartqa,448,64,118,iter118,chartqa_val_118,29,1024,256,39,205.704,205.704,40.293,0.12,0.356,34.916,3.039,64.541,67.96,925.285,24.35,993.245,1198.95,39.265,41.068,0.040567,0.105547,0.931578
chartqa,448,64,119,iter119,chartqa_val_119,33,1024,256,64,88.16,88.16,39.379,0.146,0.366,34.276,2.987,62.964,66.029,1569.105,24.906,1635.134,1723.294,39.141,40.15,0.024083,0.062591,0.959619
chartqa,448,64,120,iter120,chartqa_val_120,30,1024,256,64,101.832,101.832,40.823,0.165,0.364,35.227,3.579,65.34,68.528,1530.092,24.287,1598.621,1700.453,40.035,41.174,0.025536,0.066409,0.957133
chartqa,448,64,121,iter121,chartqa_val_121,31,1024,256,64,83.402,83.402,40.647,0.191,0.355,35.513,3.11,64.614,67.774,1627.01,25.826,1694.784,1778.186,37.763,38.721,0.023983,0.062108,0.96001
chartqa,448,64,122,iter122,chartqa_val_122,33,1024,256,34,144.352,144.352,38.235,0.121,0.379,33.227,2.872,60.934,64.155,779.241,23.613,843.396,987.747,40.313,42.349,0.045335,0.117583,0.923933
chartqa,448,64,123,iter123,chartqa_val_123,39,1024,256,64,106.07,106.07,38.024,0.141,0.332,33.265,2.934,477.422,480.373,1585.387,25.165,2065.76,2171.83,30.981,39.738,0.018407,0.249519,0.767459
chartqa,448,64,124,iter124,chartqa_val_124,45,1024,256,33,168.618,168.618,38.716,0.12,0.358,33.827,2.937,444.735,447.143,784.148,24.505,1231.291,1399.909,26.801,40.809,0.031443,0.392638,0.63685
chartqa,448,64,125,iter125,chartqa_val_125,44,1024,256,64,83.499,83.499,42.855,0.301,0.349,37.269,3.186,77.786,80.788,1532.91,24.332,1613.698,1697.197,39.66,41.098,0.026557,0.074761,0.949936
chartqa,448,64,126,iter126,chartqa_val_126,29,1024,256,47,99.055,99.055,39.008,0.142,0.353,34.231,2.875,61.971,65.043,1152.696,25.059,1217.739,1316.795,38.596,39.906,0.032033,0.082923,0.946587
chartqa,448,64,127,iter127,chartqa_val_127,32,1024,256,33,82.159,82.159,38.503,0.128,0.352,33.731,2.863,61.19,64.261,718.282,22.446,782.544,864.703,42.17,44.551,0.049203,0.127396,0.917881
chartqa,448,64,128,iter128,chartqa_val_128,28,1024,256,50,214.884,214.884,38.445,0.1,0.331,33.581,2.91,62.185,73.969,1164.686,23.769,1238.654,1453.538,40.366,42.071,0.031038,0.081241,0.940283
chartqa,448,64,129,iter129,chartqa_val_129,29,1024,256,64,84.877,84.877,41.52,0.15,0.372,36.289,3.093,66.813,70.259,1709.571,27.136,1779.83,1864.707,35.958,36.851,0.023328,0.060867,0.960525
chartqa,448,64,130,iter130,chartqa_val_130,28,1024,256,35,98.71,98.71,41.059,0.307,0.325,35.843,3.12,79.593,84.509,821.203,24.153,905.712,1004.421,38.644,41.403,0.045334,0.133213,0.906694
chartqa,448,64,131,iter131,chartqa_val_131,34,1024,256,54,160.484,160.484,96.686,0.252,0.357,89.855,4.031,133.068,141.136,1221.991,23.056,1363.126,1523.61,39.615,43.372,0.070929,0.168549,0.896462
chartqa,448,64,132,iter132,chartqa_val_132,30,1024,256,64,243.696,243.696,40.532,0.181,0.344,35.187,3.054,64.653,70.658,1643.747,26.091,1714.405,1958.101,37.331,38.327,0.023642,0.061354,0.958786
chartqa,448,64,133,iter133,chartqa_val_133,36,1024,256,64,116.058,116.058,41.46,0.169,0.361,36.315,3.101,65.95,68.968,1610.248,25.559,1679.216,1795.274,38.113,39.124,0.02469,0.063964,0.958928
chartqa,448,64,134,iter134,chartqa_val_134,44,1024,256,32,193.482,193.482,56.921,0.202,0.358,50.49,3.831,86.962,100.446,687.957,22.192,788.403,981.885,40.588,45.061,0.072197,0.182499,0.872596
chartqa,448,64,135,iter135,chartqa_val_135,49,1024,256,64,95.176,95.176,37.171,0.093,0.342,32.53,2.77,59.077,61.868,1496.905,23.76,1558.773,1653.949,41.058,42.087,0.023847,0.061746,0.96031
chartqa,448,64,136,iter136,chartqa_val_136,37,1024,256,40,271.972,271.972,58.145,0.239,0.435,50.726,4.213,94.469,102.761,929.993,23.846,1032.754,1304.726,38.731,41.936,0.056301,0.147773,0.900498
chartqa,448,64,137,iter137,chartqa_val_137,41,1024,256,26,86.132,86.132,39.523,0.146,0.35,34.638,2.913,454.904,457.946,684.248,27.37,1142.194,1228.326,22.763,36.536,0.034603,0.432875,0.599065
chartqa,448,64,138,iter138,chartqa_val_138,29,1024,256,34,97.474,97.474,40.089,0.157,0.365,35.006,3.076,64.787,67.85,838.288,25.403,906.137,1003.612,37.522,39.366,0.044242,0.11574,0.925122
chartqa,448,64,139,iter139,chartqa_val_139,33,1024,256,64,102.014,102.014,56.805,0.277,0.38,49.259,4.362,97.608,101.756,1604.861,25.474,1706.617,1808.631,37.501,39.256,0.033285,0.09048,0.940376
chartqa,448,64,140,iter140,chartqa_val_140,30,1024,256,37,192.129,192.129,37.713,0.123,0.351,33.024,2.766,60.527,63.773,850.246,23.618,914.019,1106.149,40.481,42.341,0.041261,0.107482,0.930228
chartqa,448,64,141,iter141,chartqa_val_141,31,1024,256,64,109.652,109.652,36.945,0.117,0.339,32.308,2.776,58.957,61.75,1512.26,24.004,1574.01,1683.662,40.66,41.659,0.023472,0.060929,0.960769
chartqa,448,64,142,iter142,chartqa_val_142,29,1024,256,19,106.288,106.288,37.106,0.095,0.39,32.491,2.752,59.096,62.028,404.239,22.458,466.267,572.555,40.749,44.528,0.079581,0.206323,0.866969
chartqa,448,64,143,iter143,chartqa_val_143,41,1024,256,64,89.519,89.519,36.845,0.088,0.328,32.272,2.74,58.703,61.448,1489.675,23.646,1551.122,1640.641,41.26,42.291,0.023754,0.061599,0.960385
chartqa,448,64,144,iter144,chartqa_val_144,29,1024,256,30,92.548,92.548,38.017,0.13,0.376,33.193,2.894,60.747,63.814,715.79,24.682,779.604,872.152,38.481,40.515,0.048764,0.126685,0.918145
chartqa,448,64,145,iter145,chartqa_val_145,31,1024,256,61,91.941,91.941,37.015,0.089,0.342,32.369,2.786,59.106,61.908,1339.112,22.319,1401.021,1492.962,43.54,44.806,0.02642,0.068608,0.955812
chartqa,448,64,146,iter146,chartqa_val_146,29,1024,256,49,87.426,87.426,54.425,0.209,0.326,48.105,4.106,91.801,95.13,1091.223,22.734,1186.353,1273.779,41.303,43.987,0.045876,0.123256,0.919813
chartqa,448,64,147,iter147,chartqa_val_147,37,1024,256,64,208.215,208.215,41.379,0.148,0.377,35.912,3.018,66.717,73.337,1507.899,23.935,1581.236,1789.45,40.475,41.78,0.026169,0.068362,0.953621
chartqa,448,64,148,iter148,chartqa_val_148,30,1024,256,30,95.727,95.727,40.65,0.211,0.361,34.777,3.617,65.547,68.701,715.006,24.655,783.707,879.434,38.28,40.559,0.05187,0.135506,0.912339
chartqa,448,64,149,iter149,chartqa_val_149,38,1024,256,64,93.19,93.19,40.708,0.139,0.356,35.652,3.066,72.439,75.504,1542.925,24.491,1618.428,1711.618,39.545,40.832,0.025153,0.069911,0.953348
chartqa,448,64,150,iter150,chartqa_val_150,29,1024,256,21,98.732,98.732,39.744,0.121,0.365,34.761,3.041,63.566,66.591,534.491,26.725,601.082,699.815,34.937,37.419,0.066121,0.171873,0.889215
chartqa,448,64,151,iter151,chartqa_val_151,31,1024,256,64,75.291,75.291,38.915,0.122,0.33,34.129,2.889,62.614,65.536,1547.275,24.56,1612.811,1688.102,39.682,40.717,0.024129,0.062952,0.959365
chartqa,448,64,152,iter152,chartqa_val_152,27,1024,256,10,150.823,150.823,62.315,0.102,0.345,53.872,3.582,85.208,91.167,187.602,20.845,278.769,429.592,35.872,47.974,0.223536,0.529193,0.672965
chartqa,448,64,153,iter153,chartqa_val_153,31,1024,256,11,82.987,82.987,50.169,0.219,0.344,44.244,3.683,119.906,122.892,246.21,24.621,369.102,452.089,29.802,40.616,0.135923,0.460782,0.667051
chartqa,448,64,154,iter154,chartqa_val_154,31,1024,256,61,86.997,86.997,37.041,0.091,0.338,32.474,2.722,59.118,61.936,1371.134,22.852,1433.07,1520.067,42.566,43.759,0.025847,0.0671,0.956781
chartqa,448,64,155,iter155,chartqa_val_155,31,1024,256,24,87.576,87.576,36.967,0.094,0.322,32.284,2.754,58.904,61.718,543.135,23.615,604.853,692.43,39.679,42.347,0.061118,0.158504,0.897963
chartqa,448,64,156,iter156,chartqa_val_156,28,1024,256,64,184.145,184.145,46.282,0.132,0.355,40.396,3.314,70.829,80.023,1520.075,24.128,1600.098,1784.244,39.998,41.445,0.028925,0.07319,0.949989
chartqa,448,64,157,iter157,chartqa_val_157,30,1024,256,64,103.263,103.263,39.085,0.142,0.361,34.237,2.932,62.487,65.534,1538.586,24.422,1604.12,1707.383,39.897,40.947,0.024365,0.063319,0.959146
chartqa,448,64,158,iter158,chartqa_val_158,30,1024,256,31,88.475,88.475,40.168,0.158,0.366,35.116,2.986,64.874,68.279,704.136,23.471,772.415,860.89,40.134,42.605,0.052003,0.135992,0.911603
chartqa,448,64,159,iter159,chartqa_val_159,30,1024,256,17,156.547,156.547,38.841,0.14,0.326,33.933,2.981,62.474,65.855,341.43,21.339,407.284,563.831,41.74,46.862,0.095366,0.248757,0.838308
chartqa,448,64,160,iter160,chartqa_val_160,30,1024,256,25,86.666,86.666,37.946,0.114,0.322,33.141,2.832,60.57,63.422,570.168,23.757,633.589,720.255,39.458,42.093,0.059891,0.15549,0.899901
chartqa,448,64,161,iter161,chartqa_val_161,44,1024,256,64,86.936,86.936,38.143,0.112,0.34,33.243,2.834,60.739,63.642,1427.717,22.662,1491.36,1578.295,42.914,44.126,0.025576,0.066303,0.957326
chartqa,448,64,162,iter162,chartqa_val_162,30,1024,256,10,79.219,79.219,57.745,0.278,0.332,50.711,4.178,83.996,86.906,192.137,21.349,279.043,358.263,35.837,46.841,0.206941,0.507954,0.688557
chartqa,448,64,163,iter163,chartqa_val_163,34,1024,256,64,90.247,90.247,99.284,0.284,0.36,78.641,7.694,123.691,134.732,1500.731,23.821,1635.463,1725.71,39.133,41.98,0.060707,0.136337,0.917618
chartqa,448,64,164,iter164,chartqa_val_164,34,1024,256,41,87.114,87.114,39.321,0.131,0.342,34.563,2.906,62.45,65.425,943.683,23.592,1009.108,1096.222,40.63,42.387,0.038967,0.100853,0.935166
chartqa,448,64,165,iter165,chartqa_val_165,31,1024,256,36,95.792,95.792,38.721,0.11,0.345,33.97,2.882,61.847,64.913,876.249,25.036,941.161,1036.953,38.251,39.943,0.041141,0.106855,0.931029
chartqa,448,64,166,iter166,chartqa_val_166,40,1024,256,64,168.72,168.72,41.409,0.167,0.356,36.17,3.107,66.558,70.101,1528.477,24.262,1598.578,1767.298,40.036,41.218,0.025904,0.067539,0.956148
chartqa,448,64,167,iter167,chartqa_val_167,50,1024,256,50,104.186,104.186,39.948,0.168,0.354,34.929,3.053,549.104,552.459,1170.34,23.884,1722.8,1826.986,29.023,41.868,0.023188,0.341916,0.679325
chartqa,448,64,168,iter168,chartqa_val_168,33,1024,256,11,155.647,155.647,49.454,0.131,0.35,43.861,3.275,76.597,79.58,261.906,26.191,341.486,497.133,32.212,38.182,0.144821,0.369127,0.76696
chartqa,448,64,169,iter169,chartqa_val_169,35,1024,256,64,176.212,176.212,38.065,0.111,0.369,33.075,2.861,61.271,64.65,1543.712,24.503,1608.362,1784.574,39.792,40.811,0.023667,0.061762,0.959804
chartqa,448,64,170,iter170,chartqa_val_170,29,1024,256,33,80.694,80.694,56.365,0.232,0.355,49.609,4.188,91.364,94.361,787.167,24.599,881.528,962.222,37.435,40.652,0.06394,0.167583,0.892958
chartqa,448,64,171,iter171,chartqa_val_171,32,1024,256,64,104.561,104.561,38.285,0.122,0.337,33.522,2.867,61.037,63.867,1460.024,23.175,1523.891,1628.451,41.998,43.15,0.025123,0.065177,0.95809
chartqa,448,64,172,iter172,chartqa_val_172,33,1024,256,56,140.136,140.136,57.649,0.222,0.345,50.726,4.138,93.669,96.686,1298.605,23.611,1395.291,1535.427,40.135,42.353,0.041317,0.108449,0.930705
chartqa,448,64,173,iter173,chartqa_val_173,42,1024,256,64,82.739,82.739,38.05,0.104,0.323,33.321,2.877,474.989,477.926,1522.354,24.164,2000.28,2083.019,31.996,41.383,0.019022,0.256484,0.761071
chartqa,448,64,174,iter174,chartqa_val_174,27,1024,256,34,106.326,106.326,40.221,0.136,0.341,35.282,3.006,64.865,67.786,787.037,23.85,854.823,961.149,39.774,41.929,0.047052,0.122933,0.920702
chartqa,448,64,175,iter175,chartqa_val_175,45,1024,256,64,86.876,86.876,37.168,0.089,0.329,32.523,2.82,59.52,62.396,1535.803,24.378,1598.199,1685.075,40.045,41.021,0.023256,0.060498,0.960959
chartqa,448,64,176,iter176,chartqa_val_176,37,1024,256,64,117.65,117.65,65.923,0.351,0.339,57.166,4.835,107.963,111.936,1401.378,22.244,1513.314,1630.964,42.291,44.956,0.043562,0.114904,0.926032
chartqa,448,64,177,iter177,chartqa_val_177,40,1024,256,64,96.597,96.597,38.032,0.102,0.334,33.241,2.922,65.245,68.269,1536.539,24.39,1604.807,1701.404,39.88,41.001,0.023699,0.064355,0.95746
chartqa,448,64,178,iter178,chartqa_val_178,34,1024,256,64,172.533,172.533,46.678,0.112,0.334,40.976,3.281,69.819,72.779,1540.652,24.455,1613.432,1785.965,39.667,40.892,0.028931,0.072204,0.954892
chartqa,448,64,179,iter179,chartqa_val_179,42,1024,256,64,77.845,77.845,38.646,0.127,0.341,33.797,2.969,61.891,64.941,1469.695,23.328,1534.636,1612.481,41.704,42.866,0.025183,0.065512,0.957683
chartqa,448,64,180,iter180,chartqa_val_180,33,1024,256,20,107.015,107.015,39.077,0.125,0.348,34.225,2.903,62.92,66.224,509.524,26.817,575.748,682.763,34.737,37.29,0.067872,0.177156,0.884977
chartqa,448,64,181,iter181,chartqa_val_181,40,1024,256,35,106.038,106.038,39.126,0.139,0.396,33.965,2.955,62.347,65.438,763.95,22.469,829.388,935.426,42.2,44.506,0.047175,0.122348,0.921101
chartqa,448,64,182,iter182,chartqa_val_182,48,1024,256,64,105.039,105.039,38.643,0.104,0.323,33.948,2.897,500.278,503.119,1534.15,24.352,2037.269,2142.308,31.415,41.065,0.018968,0.264531,0.753042
chartqa,448,64,183,iter183,chartqa_val_183,39,1024,256,64,228.505,228.505,58.726,0.279,0.339,51.377,4.459,94.377,97.589,1493.909,23.713,1591.498,1820.003,40.214,42.171,0.0369,0.0962,0.938681
chartqa,448,64,184,iter184,chartqa_val_184,33,1024,256,64,99.757,99.757,52.933,0.252,0.342,46.505,3.996,91.231,94.695,1412.7,22.424,1507.395,1607.152,42.457,44.595,0.035116,0.095638,0.93718
chartqa,448,64,185,iter185,chartqa_val_185,42,1024,256,51,92.802,92.802,40.841,0.097,0.347,35.922,3.037,63.605,66.518,1260.524,25.21,1327.043,1419.845,38.431,39.666,0.030776,0.078705,0.949875
chartqa,448,64,186,iter186,chartqa_val_186,33,1024,256,24,92.554,92.554,38.091,0.095,0.366,33.309,2.912,60.595,63.447,517.322,22.492,580.77,673.324,41.324,44.46,0.065588,0.169923,0.890753
chartqa,448,64,187,iter187,chartqa_val_187,33,1024,256,54,101.255,101.255,39.046,0.123,0.339,34.202,2.925,63.202,66.5,1216.125,22.946,1282.625,1383.88,42.101,43.581,0.030442,0.079718,0.948153
chartqa,448,64,188,iter188,chartqa_val_188,35,1024,256,64,330.94,330.94,53.796,0.134,3.414,44.534,3.525,77.68,83.894,1469.394,23.324,1553.288,1884.228,41.203,42.875,0.034634,0.084644,0.945989
chartqa,448,64,189,iter189,chartqa_val_189,32,1024,256,62,111.597,111.597,48.198,0.303,0.351,42.261,3.639,83.693,86.876,1478.567,24.239,1565.443,1677.039,39.605,41.256,0.030789,0.084252,0.944504
chartqa,448,64,190,iter190,chartqa_val_190,37,1024,256,31,78.034,78.034,39.491,0.142,0.36,34.468,2.967,62.927,65.862,686.113,22.87,751.975,830.009,41.225,43.725,0.052516,0.136199,0.912414
chartqa,448,64,191,iter191,chartqa_val_191,34,1024,256,18,115.235,115.235,38.599,0.104,0.329,33.702,2.972,61.743,64.662,402.95,23.703,467.612,582.847,38.493,42.189,0.082544,0.214584,0.861719
chartqa,448,64,192,iter192,chartqa_val_192,44,1024,256,64,83.601,83.601,38.48,0.11,0.33,33.693,2.891,61.389,64.336,1497.609,23.772,1561.945,1645.546,40.975,42.067,0.024636,0.063939,0.958811
chartqa,448,64,193,iter193,chartqa_val_193,43,1024,256,51,101.526,101.526,54.322,0.252,0.34,47.707,4.002,498.692,502.212,1206.84,24.137,1709.052,1810.578,29.841,41.431,0.031785,0.323579,0.706146
chartqa,448,64,194,iter194,chartqa_val_194,36,1024,256,29,117.622,117.622,41.389,0.255,0.351,35.709,3.323,78.315,81.64,704.653,25.166,786.293,903.915,36.882,39.736,0.052638,0.152238,0.896171
chartqa,448,64,195,iter195,chartqa_val_195,43,1024,256,57,232.046,232.046,80.098,0.187,0.348,67.21,6.983,104.012,112.211,1345.905,24.034,1458.116,1690.162,39.092,41.608,0.054933,0.126266,0.923044
chartqa,448,64,196,iter196,chartqa_val_196,32,1024,256,26,88.792,88.792,39.624,0.165,0.343,34.653,3.015,63.805,66.853,622.929,24.917,689.781,778.573,37.693,40.133,0.057444,0.149944,0.903081
chartqa,448,64,197,iter197,chartqa_val_197,40,1024,256,31,87.1,87.1,39.207,0.116,0.328,34.319,2.922,62.525,65.465,704.225,23.474,769.689,856.789,40.276,42.6,0.050939,0.132173,0.914947
chartqa,448,64,198,iter198,chartqa_val_198,28,1024,256,15,145.902,145.902,38.884,0.12,0.336,34.035,2.92,62.377,65.305,368.678,26.334,433.983,579.884,34.564,37.973,0.089599,0.23333,0.849522
chartqa,448,64,199,iter199,chartqa_val_199,34,1024,256,64,101.522,101.522,38.318,0.125,0.348,33.549,2.832,61.382,64.204,1493.827,23.712,1558.031,1659.553,41.077,42.174,0.024594,0.063991,0.958792
chartqa,448,64,200,iter200,chartqa_val_200,35,1024,256,22,108.383,108.383,38.153,0.134,0.351,33.275,2.925,61.18,64.526,470.515,22.405,535.041,643.424,41.118,44.632,0.071309,0.185654,0.8794
chartqa,448,64,201,iter201,chartqa_val_201,35,1024,256,32,111.803,111.803,36.954,0.116,0.392,32.153,2.722,58.857,61.683,766.822,24.736,828.505,940.307,38.624,40.427,0.044603,0.115643,0.925549
chartqa,448,64,202,iter202,chartqa_val_202,30,1024,256,9,99.116,99.116,51.596,0.253,0.336,45.162,4.236,88.666,91.75,180.368,22.546,272.118,371.233,33.074,44.354,0.18961,0.515446,0.662831
chartqa,448,64,203,iter203,chartqa_val_203,48,1024,256,64,96.558,96.558,40.801,0.18,0.344,35.727,3.073,65.723,68.877,1485.812,23.584,1554.689,1651.247,41.166,42.401,0.026244,0.068518,0.955697
chartqa,448,64,204,iter204,chartqa_val_204,30,1024,256,45,100.899,100.899,42.386,0.188,0.367,36.932,3.239,68.431,72.031,1090.829,24.792,1162.86,1263.759,38.698,40.336,0.03645,0.095296,0.938057
chartqa,448,64,205,iter205,chartqa_val_205,36,1024,256,64,94.334,94.334,54.06,0.272,0.349,47.521,3.998,90.567,93.763,1518.762,24.107,1612.526,1706.86,39.689,41.481,0.033525,0.08969,0.941853
chartqa,448,64,206,iter206,chartqa_val_206,41,1024,256,64,105.736,105.736,40.374,0.14,0.358,35.387,3.035,65.627,68.905,1592.598,25.279,1661.504,1767.24,38.519,39.558,0.0243,0.063798,0.958528
chartqa,448,64,207,iter207,chartqa_val_207,46,1024,256,48,107.413,107.413,40.214,0.156,0.368,35.127,3.077,64.648,67.683,1219.355,25.944,1287.038,1394.451,37.295,38.545,0.031246,0.081476,0.947412
chartqa,448,64,208,iter208,chartqa_val_208,31,1024,256,8,108.086,108.086,40.263,0.153,0.363,35.182,3.111,64.466,67.621,194.358,27.765,261.979,370.065,30.537,36.016,0.153689,0.399762,0.741883
chartqa,448,64,209,iter209,chartqa_val_209,39,1024,256,64,99.883,99.883,39.362,0.106,0.328,34.617,2.943,63.535,66.405,1574.037,24.985,1640.442,1740.326,39.014,40.024,0.023995,0.062725,0.95952
chartqa,448,64,210,iter210,chartqa_val_210,33,1024,256,20,87.048,87.048,42.786,0.287,0.367,37.159,3.247,81.003,84.511,473.495,24.921,558.006,645.054,35.842,40.127,0.076677,0.221841,0.848549
chartqa,448,64,211,iter211,chartqa_val_211,39,1024,256,63,85.849,85.849,39.592,0.147,0.386,34.591,2.988,63.416,66.486,1610.685,25.979,1677.17,1763.02,37.563,38.493,0.023607,0.061418,0.960358
chartqa,448,64,212,iter212,chartqa_val_212,31,1024,256,12,110.616,110.616,40.784,0.149,0.366,35.643,3.136,65.424,68.574,276.315,25.12,344.889,455.505,34.794,39.81,0.118253,0.30795,0.801171
chartqa,448,64,213,iter213,chartqa_val_213,43,1024,256,64,92.593,92.593,40.523,0.131,0.341,35.513,3.077,64.836,67.831,1511.678,23.995,1579.509,1672.102,40.519,41.676,0.025656,0.066704,0.957056
chartqa,448,64,214,iter214,chartqa_val_214,30,1024,256,13,221.565,221.565,40.973,0.192,0.38,35.681,3.086,66.01,69.134,270.868,22.572,340.002,561.567,38.235,44.302,0.120509,0.314654,0.796665
chartqa,448,64,215,iter215,chartqa_val_215,34,1024,256,64,86.668,86.668,42.574,0.256,0.322,37.307,3.222,79.228,82.312,1650.582,26.2,1732.894,1819.562,36.932,38.168,0.024568,0.070288,0.9525
chartqa,448,64,216,iter216,chartqa_val_216,30,1024,256,7,91.339,91.339,39.902,0.151,0.367,34.919,2.996,64.063,67.201,162.754,27.126,229.956,321.295,30.441,36.865,0.173521,0.452109,0.707764
chartqa,448,64,217,iter217,chartqa_val_217,43,1024,256,64,97.219,97.219,39.316,0.128,0.339,34.535,2.959,63.341,66.19,1676.784,26.616,1742.974,1840.193,36.719,37.572,0.022557,0.058897,0.962025
chartqa,448,64,218,iter218,chartqa_val_218,31,1024,256,7,155.507,155.507,58.805,0.158,0.407,51.595,4.031,83.833,87.37,138.689,23.115,226.059,381.567,30.965,43.262,0.26013,0.630974,0.613509
chartqa,448,64,219,iter219,chartqa_val_219,33,1024,256,64,83.23,83.23,38.57,0.114,0.337,33.891,2.847,62.713,65.586,1496.68,23.757,1562.266,1645.495,40.966,42.093,0.024689,0.064831,0.958019
chartqa,448,64,220,iter220,chartqa_val_220,33,1024,256,64,86.228,86.228,38.411,0.123,0.356,33.623,2.858,70.354,73.781,1467.201,23.289,1540.982,1627.21,41.532,42.939,0.024927,0.070582,0.952121
chartqa,448,64,221,iter221,chartqa_val_221,31,1024,256,59,83.813,83.813,60.315,0.375,0.336,51.006,4.92,89.384,92.243,1376.124,23.726,1468.367,1552.18,40.181,42.147,0.041076,0.101949,0.93718
chartqa,448,64,222,iter222,chartqa_val_222,46,1024,256,64,89.034,89.034,51.589,0.268,0.342,45.557,3.755,88.691,91.703,1449.314,23.005,1541.017,1630.05,41.531,43.469,0.033477,0.09103,0.940492
chartqa,448,64,223,iter223,chartqa_val_223,35,1024,256,17,131.747,131.747,37.906,0.12,0.362,33.25,2.739,60.612,63.472,368.846,23.053,432.318,564.065,39.323,43.379,0.087681,0.227882,0.853183
chartqa,448,64,224,iter224,chartqa_val_224,32,1024,256,10,251.107,251.107,58.209,0.131,0.375,51.079,4.112,83.603,87.077,209.156,23.24,296.233,547.34,33.757,43.03,0.196498,0.478719,0.706052
chartqa,448,64,225,iter225,chartqa_val_225,28,1024,256,15,82.327,82.327,43.125,0.123,0.339,37.994,3.229,70.183,73.174,367.559,26.254,440.733,523.06,34.034,38.089,0.097848,0.25709,0.833972
chartqa,448,64,226,iter226,chartqa_val_226,38,1024,256,40,80.135,80.135,45.387,0.22,0.32,39.756,3.519,84.669,87.739,1019.189,26.133,1106.928,1187.063,36.136,38.266,0.041003,0.117493,0.920737
chartqa,448,64,227,iter227,chartqa_val_227,33,1024,256,24,92.224,92.224,40.492,0.115,0.322,35.639,3.003,65.168,68.061,653.79,28.426,721.851,814.075,33.248,35.18,0.056094,0.146374,0.905713
chartqa,448,64,228,iter228,chartqa_val_228,31,1024,256,13,101.037,101.037,41.705,0.145,0.369,36.508,3.17,67.212,70.528,279.058,23.255,349.586,450.623,37.187,43.002,0.119298,0.311559,0.798253
chartqa,448,64,229,iter229,chartqa_val_229,36,1024,256,22,107.715,107.715,44.219,0.141,0.318,38.866,3.369,71.054,74.292,518.857,24.707,593.149,700.864,37.09,40.474,0.074549,0.194341,0.87475
chartqa,448,64,230,iter230,chartqa_val_230,41,1024,256,64,124.136,124.136,60.511,0.2,0.333,53.353,4.433,89.095,94.511,1486.075,23.588,1580.586,1704.722,40.491,42.394,0.038284,0.094653,0.940205
chartqa,448,64,231,iter231,chartqa_val_231,38,1024,256,54,107.016,107.016,54.881,0.217,0.33,48.477,4.151,88.574,91.429,1217.556,22.973,1308.985,1416.001,41.253,43.53,0.041926,0.109593,0.930153
chartqa,448,64,232,iter232,chartqa_val_232,36,1024,256,18,76.703,76.703,37.054,0.095,0.332,32.373,2.736,59.092,61.935,390.499,22.971,452.433,529.137,39.785,43.534,0.0819,0.212508,0.863108
chartqa,448,64,233,iter233,chartqa_val_233,40,1024,256,64,103.043,103.043,36.746,0.084,0.332,32.077,2.766,64.231,67.073,1482.714,23.535,1549.787,1652.83,41.296,42.49,0.023711,0.065156,0.956721
chartqa,448,64,234,iter234,chartqa_val_234,30,1024,256,47,135.994,135.994,39.399,0.196,0.331,34.321,3.063,73.344,76.386,1016.603,22.1,1092.99,1228.984,43.001,45.249,0.036047,0.103151,0.930112
chartqa,448,64,235,iter235,chartqa_val_235,28,1024,256,27,163.829,163.829,38.623,0.113,0.344,33.832,2.921,62.31,65.495,553.32,21.282,618.815,782.644,43.632,46.989,0.062414,0.163107,0.894161
chartqa,448,64,236,iter236,chartqa_val_236,31,1024,256,59,313.984,313.984,45.507,0.149,0.333,39.906,3.232,68.827,71.53,1355.926,23.378,1427.457,1741.441,41.332,42.775,0.03188,0.080097,0.94989
chartqa,448,64,237,iter237,chartqa_val_237,31,1024,256,24,111.424,111.424,38.971,0.147,0.367,34.036,2.829,229.72,232.833,512.129,22.266,744.962,856.387,32.216,44.911,0.052313,0.360677,0.687456
chartqa,448,64,238,iter238,chartqa_val_238,31,1024,256,7,178.937,178.937,47.672,0.132,0.366,41.64,3.411,70.917,77.296,147.887,24.648,225.183,404.12,31.086,40.571,0.211703,0.526632,0.656742
chartqa,448,64,239,iter239,chartqa_val_239,41,1024,256,64,116.507,116.507,38.576,0.094,0.327,33.9,2.802,61.477,64.783,1432.561,22.739,1497.345,1613.852,42.742,43.977,0.025763,0.066821,0.956734
chartqa,448,64,240,iter240,chartqa_val_240,37,1024,256,54,193.771,193.771,45.255,0.181,0.451,38.966,3.082,69.854,76.201,1256.011,23.698,1332.212,1525.983,40.534,42.197,0.03397,0.086405,0.942801
chartqa,448,64,241,iter241,chartqa_val_241,37,1024,256,64,202.862,202.862,43.146,0.246,0.371,37.571,3.281,80.833,84.275,1567.781,24.885,1652.057,1854.918,38.74,40.184,0.026117,0.075045,0.948988
chartqa,448,64,242,iter242,chartqa_val_242,29,1024,256,6,228.939,228.939,41.008,0.125,0.381,35.861,3.07,65.103,68.251,142.601,28.52,210.852,439.79,28.456,35.063,0.194485,0.503246,0.676307
chartqa,448,64,243,iter243,chartqa_val_243,33,1024,256,64,110.949,110.949,37.332,0.138,0.336,32.657,2.795,59.94,62.935,1569.76,24.917,1632.696,1743.644,39.199,40.134,0.022865,0.059577,0.961453
chartqa,448,64,244,iter244,chartqa_val_244,29,1024,256,45,194.881,194.881,43.979,0.122,0.368,35.963,2.874,72.646,75.434,1151.731,26.176,1227.165,1422.046,36.67,38.203,0.035838,0.095037,0.93853
chartqa,448,64,245,iter245,chartqa_val_245,30,1024,256,31,106.727,106.727,38.813,0.119,0.335,34.056,2.847,62.139,65.103,746.726,24.891,811.829,918.556,38.185,40.175,0.04781,0.124352,0.919807
chartqa,448,64,246,iter246,chartqa_val_246,27,1024,256,44,96.879,96.879,38.92,0.165,0.353,34.089,2.871,62.251,65.419,1050.797,24.437,1116.217,1213.095,39.419,40.921,0.034868,0.090638,0.941392
chartqa,448,64,247,iter247,chartqa_val_247,27,1024,256,64,85.015,85.015,37.917,0.103,0.339,33.091,2.915,60.764,63.596,1534.475,24.357,1598.071,1683.086,40.048,41.056,0.023727,0.06175,0.960205
chartqa,448,64,248,iter248,chartqa_val_248,33,1024,256,26,93.969,93.969,54.324,0.281,0.368,47.736,4.264,91.936,94.962,618.862,24.754,713.825,807.794,36.424,40.397,0.076103,0.204897,0.866967
chartqa,448,64,249,iter249,chartqa_val_249,43,1024,256,64,120.092,120.092,38.676,0.127,0.339,33.906,2.886,62.166,65.159,1547.46,24.563,1612.619,1732.711,39.687,40.712,0.023983,0.062533,0.959594
chartqa,448,64,250,iter250,chartqa_val_250,35,1024,256,64,251.034,251.034,38.672,0.119,0.348,33.871,2.905,62.537,65.377,1487.629,23.613,1553.006,1804.04,41.21,42.349,0.024901,0.06517,0.957903
chartqa,448,64,251,iter251,chartqa_val_251,44,1024,256,64,173.498,173.498,72.712,0.311,0.401,56.146,4.625,100.443,113.514,1540.262,24.449,1653.777,1827.275,38.699,40.902,0.043967,0.104703,0.93136
chartqa,448,64,252,iter252,chartqa_val_252,30,1024,256,8,74.74,74.74,42.316,0.272,0.36,36.934,3.283,80.16,83.211,194.898,27.843,278.109,352.85,28.766,35.916,0.152155,0.440389,0.700798
chartqa,448,64,253,iter253,chartqa_val_253,38,1024,256,25,93.659,93.659,41.644,0.124,0.369,36.331,3.147,66.204,69.596,568.643,23.693,638.238,731.897,39.17,42.206,0.065248,0.168978,0.890956
chartqa,448,64,254,iter254,chartqa_val_254,42,1024,256,46,87.966,87.966,39.796,0.154,0.347,34.846,2.976,63.797,66.9,1148.843,25.53,1215.743,1303.708,37.837,39.17,0.032734,0.085209,0.944972
chartqa,448,64,255,iter255,chartqa_val_255,40,1024,256,2,83.448,83.448,58.869,0.288,0.376,51.08,4.506,98.073,101.585,37.263,37.263,138.848,222.296,14.404,26.836,0.423983,1.130314,0.268373
chartqa,448,64,256,iter256,chartqa_val_256,33,1024,256,22,207.634,207.634,39.545,0.165,0.348,34.539,3.028,64.096,68.5,543.413,25.877,611.913,819.546,35.953,38.645,0.064625,0.169372,0.888057
chartqa,448,64,257,iter257,chartqa_val_257,40,1024,256,64,189.992,189.992,40.253,0.162,0.374,35.184,3.02,64.5,67.694,1634.921,25.951,1702.614,1892.607,37.589,38.534,0.023642,0.061525,0.960241
chartqa,448,64,258,iter258,chartqa_val_258,33,1024,256,37,91.831,91.831,42.752,0.177,0.369,37.358,3.207,67.145,70.495,917.79,25.494,988.285,1080.116,37.439,39.225,0.043259,0.1112,0.92867
chartqa,448,64,259,iter259,chartqa_val_259,37,1024,256,64,76.553,76.553,40.701,0.155,0.376,35.536,3.108,65.083,68.153,1649.808,26.187,1717.962,1794.515,37.253,38.186,0.023692,0.061575,0.960329
chartqa,448,64,260,iter260,chartqa_val_260,32,1024,256,45,103.201,103.201,40.822,0.172,0.35,35.684,3.098,65.019,68.31,1087.771,24.722,1156.082,1259.282,38.925,40.45,0.03531,0.091552,0.940912
chartqa,448,64,261,iter261,chartqa_val_261,32,1024,256,64,86.376,86.376,40.466,0.156,0.347,35.31,3.127,65.013,68.198,1584.979,25.158,1653.177,1739.553,38.713,39.748,0.024478,0.063804,0.958747
chartqa,448,64,262,iter262,chartqa_val_262,38,1024,256,64,95.191,95.191,41.64,0.172,0.365,36.448,3.117,66.029,69.169,1647.57,26.152,1716.74,1811.931,37.28,38.238,0.024255,0.062717,0.959709
chartqa,448,64,263,iter263,chartqa_val_263,41,1024,256,64,92.493,92.493,40.758,0.205,0.354,35.554,3.078,65.554,68.903,1550.222,24.607,1619.125,1711.618,39.528,40.639,0.025173,0.06566,0.957445
chartqa,448,64,264,iter264,chartqa_val_264,50,1024,256,42,90.107,90.107,43.129,0.154,0.368,38.064,3.035,66.9,69.974,986.954,24.072,1056.928,1147.035,39.738,41.542,0.040806,0.104103,0.933795
chartqa,448,64,265,iter265,chartqa_val_265,36,1024,256,35,107.914,107.914,40.817,0.158,0.354,35.763,3.091,65.229,68.289,908.375,26.717,976.664,1084.578,35.836,37.429,0.041792,0.10858,0.930079
chartqa,448,64,266,iter266,chartqa_val_266,30,1024,256,63,90.172,90.172,40.383,0.152,0.338,35.403,3.077,64.715,67.739,1536.687,24.785,1604.426,1694.598,39.266,40.347,0.025169,0.065505,0.95778
chartqa,448,64,267,iter267,chartqa_val_267,31,1024,256,64,93.425,93.425,57.61,0.292,0.354,50.667,4.353,92.832,96.153,1478.999,23.476,1575.152,1668.577,40.631,42.596,0.036574,0.09551,0.938956
chartqa,448,64,268,iter268,chartqa_val_268,37,1024,256,23,99.186,99.186,99.397,0.21,0.364,88.724,7.005,129.042,132.23,530.753,24.125,662.983,762.169,34.692,41.451,0.149924,0.344562,0.800553
chartqa,448,64,269,iter269,chartqa_val_269,32,1024,256,64,105.085,105.085,41.098,0.187,0.356,35.802,3.14,65.659,69.025,1640.583,26.041,1709.608,1814.693,37.435,38.401,0.024039,0.062445,0.959625
chartqa,448,64,270,iter270,chartqa_val_270,36,1024,256,53,98.584,98.584,40.383,0.156,0.358,35.328,3.054,64.377,67.476,1247.515,23.991,1314.992,1413.575,40.304,41.683,0.030709,0.079665,0.948687
chartqa,448,64,271,iter271,chartqa_val_271,34,1024,256,64,79.692,79.692,39.526,0.134,0.376,34.601,2.984,75.458,78.622,1520.938,24.142,1599.56,1679.252,40.011,41.422,0.02471,0.071884,0.950848
chartqa,448,64,272,iter272,chartqa_val_272,27,1024,256,32,126.265,126.265,79.991,0.226,0.371,69.893,7.479,116.418,119.93,688.51,22.21,808.44,934.705,39.582,45.025,0.098945,0.242948,0.851652
chartqa,448,64,273,iter273,chartqa_val_273,31,1024,256,64,105.578,105.578,37.992,0.104,0.337,33.223,2.917,60.906,63.776,1518.274,24.1,1582.05,1687.628,40.454,41.494,0.024014,0.062513,0.959688
chartqa,448,64,274,iter274,chartqa_val_274,34,1024,256,42,117.349,117.349,37.979,0.108,0.331,33.181,2.918,64.48,67.608,1006.071,24.538,1073.679,1191.027,39.118,40.753,0.035372,0.095428,0.937032
chartqa,448,64,275,iter275,chartqa_val_275,37,1024,256,64,100.204,100.204,37.326,0.093,0.325,32.628,2.808,68.434,71.45,1489.886,23.649,1561.336,1661.54,40.991,42.285,0.023906,0.067737,0.954238
chartqa,448,64,276,iter276,chartqa_val_276,29,1024,256,15,98.117,98.117,58.834,0.306,0.353,51.417,4.29,97.875,101.745,336.028,24.002,437.773,535.89,34.264,41.663,0.134393,0.357969,0.767585
chartqa,448,64,277,iter277,chartqa_val_277,36,1024,256,34,91.039,91.039,60.027,0.26,0.346,52.46,4.472,98.647,101.94,838.968,25.423,940.908,1031.947,36.135,39.334,0.063797,0.168639,0.891658
chartqa,448,64,278,iter278,chartqa_val_278,29,1024,256,20,272.711,272.711,36.942,0.09,0.348,32.358,2.746,59.407,62.456,417.193,21.958,479.65,752.361,41.697,45.542,0.07702,0.200875,0.869788
chartqa,448,64,279,iter279,chartqa_val_279,35,1024,256,64,101.813,101.813,45.989,0.253,0.321,40.062,3.708,80.744,83.658,1490.989,23.666,1574.647,1676.459,40.644,42.254,0.029206,0.080483,0.946872
chartqa,448,64,280,iter280,chartqa_val_280,36,1024,256,64,100.295,100.295,56.073,0.258,0.331,49.269,4.338,128.122,131.684,1548.915,24.586,1680.599,1780.894,38.082,40.674,0.033365,0.109601,0.921645
chartqa,448,64,281,iter281,chartqa_val_281,45,1024,256,55,97.49,97.49,39.514,0.151,0.332,34.59,3.029,63.521,66.571,1337.302,24.765,1403.873,1501.363,39.177,40.38,0.028146,0.073394,0.95258
chartqa,448,64,282,iter282,chartqa_val_282,38,1024,256,20,233.815,233.815,40.293,0.141,0.366,35.28,3.023,64.395,71.439,427.935,22.523,499.374,733.188,40.05,44.399,0.080686,0.209638,0.856943
chartqa,448,64,283,iter283,chartqa_val_283,33,1024,256,64,116.517,116.517,39.835,0.161,0.321,35.013,2.937,63.976,67.032,1576.162,25.018,1643.194,1759.71,38.949,39.971,0.024242,0.063176,0.959206
chartqa,448,64,284,iter284,chartqa_val_284,36,1024,256,25,211.141,211.141,39.839,0.155,0.344,34.879,3.022,63.619,66.699,566.159,23.59,632.858,843.999,39.503,42.391,0.062951,0.163477,0.894607
chartqa,448,64,285,iter285,chartqa_val_285,33,1024,256,57,98.184,98.184,39.716,0.182,0.374,34.656,2.976,64.41,67.709,1344.826,24.015,1412.536,1510.72,40.353,41.641,0.028117,0.073715,0.952066
chartqa,448,64,286,iter286,chartqa_val_286,38,1024,256,28,89.908,89.908,50.798,0.247,0.356,44.552,3.906,89.627,92.719,639.512,23.686,732.231,822.139,38.239,42.22,0.069374,0.191776,0.873375
chartqa,448,64,287,iter287,chartqa_val_287,36,1024,256,32,87.754,87.754,39.613,0.163,0.367,34.613,2.977,76.449,79.615,804.9,25.965,884.516,972.27,36.178,38.514,0.044785,0.131216,0.90999
chartqa,448,64,288,iter288,chartqa_val_288,32,1024,256,37,105.979,105.979,39.257,0.141,0.344,34.453,2.929,71.927,74.978,916.006,25.445,990.985,1096.963,37.337,39.301,0.039614,0.112195,0.92434
chartqa,448,64,289,iter289,chartqa_val_289,36,1024,256,64,105.769,105.769,38.766,0.095,0.351,34.013,2.892,62.261,65.116,1591.543,25.263,1656.66,1762.429,38.632,39.584,0.0234,0.060983,0.960694
chartqa,448,64,290,iter290,chartqa_val_290,32,1024,256,37,112.96,112.96,38.949,0.11,0.351,34.118,2.933,62.105,65.059,882.227,24.506,947.285,1060.245,39.059,40.806,0.041117,0.106678,0.931321
chartqa,448,64,291,iter291,chartqa_val_291,47,1024,256,44,99.474,99.474,38.566,0.093,0.334,33.912,2.888,487.513,490.298,1079.011,25.093,1569.309,1668.783,28.038,39.851,0.024575,0.33523,0.687571
chartqa,448,64,292,iter292,chartqa_val_292,37,1024,256,28,81.019,81.019,41.966,0.194,0.367,36.607,3.253,67.445,70.637,656.212,24.304,726.849,807.869,38.522,41.145,0.057737,0.150528,0.902818
chartqa,448,64,293,iter293,chartqa_val_293,47,1024,256,64,81.682,81.682,40.349,0.131,0.355,35.419,3.032,64.267,67.314,1584.558,25.152,1651.871,1733.553,38.744,39.759,0.024427,0.063332,0.95925
chartqa,448,64,294,iter294,chartqa_val_294,28,1024,256,13,173.339,173.339,46.934,0.157,0.359,40.972,3.367,71.257,76.308,301.022,25.085,377.329,550.669,34.453,39.864,0.124384,0.313229,0.797769
chartqa,448,64,295,iter295,chartqa_val_295,53,1024,256,64,92.384,92.384,39.757,0.143,0.353,34.785,2.957,501.578,504.719,3679.056,58.398,4183.775,4276.159,15.297,17.124,0.009503,0.129389,0.879363
chartqa,448,64,296,iter296,chartqa_val_296,38,1024,256,21,94.72,94.72,38.32,0.121,0.348,33.481,2.958,61.312,64.379,486.997,24.35,551.376,646.096,38.087,41.068,0.069499,0.180698,0.883239
chartqa,448,64,297,iter297,chartqa_val_297,35,1024,256,64,84.824,84.824,38.488,0.105,0.34,33.608,2.901,61.357,64.233,1457.858,23.141,1522.091,1606.915,42.047,43.214,0.025286,0.065597,0.9578
chartqa,448,64,298,iter298,chartqa_val_298,33,1024,256,15,120.706,120.706,38.991,0.15,0.337,34.084,2.888,62.374,65.403,335.873,23.991,401.276,521.982,37.381,41.682,0.097168,0.252606,0.837012
chartqa,448,64,299,iter299,chartqa_val_299,38,1024,256,51,176.622,176.622,54.083,0.188,0.362,47.599,3.601,78.65,82.38,1175.618,23.512,1257.998,1434.62,40.541,42.531,0.042991,0.105511,0.934515
chartqa,448,64,300,iter300,chartqa_val_300,35,1024,256,23,88.097,88.097,38.703,0.138,0.355,33.814,2.956,62.134,65.299,507.695,23.077,572.994,661.091,40.14,43.333,0.067545,0.175982,0.886039
chartqa,448,64,301,iter301,chartqa_val_301,37,1024,256,64,99.983,99.983,38.683,0.155,0.362,33.81,2.929,62.876,65.849,1550.974,24.619,1616.824,1716.807,39.584,40.62,0.023925,0.062814,0.959272
chartqa,448,64,302,iter302,chartqa_val_302,26,1024,256,11,72.647,72.647,38.352,0.139,0.401,33.56,2.869,441.462,444.398,833.024,83.302,1277.422,1350.069,8.611,12.004,0.030023,0.375612,0.652113
chartqa,448,64,303,iter303,chartqa_val_303,36,1024,256,64,97.056,97.056,38.437,0.144,0.33,33.668,2.9,61.349,64.337,1458.45,23.15,1522.787,1619.843,42.028,43.197,0.025241,0.065528,0.957751
chartqa,448,64,304,iter304,chartqa_val_304,31,1024,256,50,145.719,145.719,54.453,0.216,0.336,44.194,3.796,79.845,85.767,1157.395,23.62,1243.161,1388.88,40.22,42.336,0.043802,0.108029,0.931009
chartqa,448,64,305,iter305,chartqa_val_305,32,1024,256,64,106.506,106.506,38.998,0.13,0.34,34.217,2.846,62.135,65.384,1522.299,24.163,1587.683,1694.189,40.31,41.385,0.024563,0.063698,0.958818
chartqa,448,64,306,iter306,chartqa_val_306,32,1024,256,45,82.549,82.549,37.59,0.114,0.342,32.893,2.789,59.742,62.633,994.947,22.612,1057.58,1140.129,42.55,44.223,0.035543,0.092033,0.940777
chartqa,448,64,307,iter307,chartqa_val_307,39,1024,256,64,215.21,215.21,41.601,0.282,0.346,36.016,3.301,80.263,86.421,1494.056,23.715,1580.477,1795.687,40.494,42.167,0.026322,0.077106,0.94532
chartqa,448,64,308,iter308,chartqa_val_308,34,1024,256,32,75.969,75.969,39.129,0.163,0.368,34.147,2.981,76.111,79.361,827.227,26.685,906.589,982.558,35.297,37.475,0.043161,0.127114,0.912462
chartqa,448,64,309,iter309,chartqa_val_309,36,1024,256,28,79.86,79.86,38.993,0.121,0.329,34.171,2.929,62.295,65.21,620.995,23.0,686.205,766.065,40.804,43.479,0.056824,0.147606,0.90497
chartqa,448,64,310,iter310,chartqa_val_310,37,1024,256,42,97.902,97.902,38.416,0.152,0.337,33.305,3.048,61.712,65.058,1117.094,27.246,1182.152,1280.055,35.528,36.702,0.032497,0.0847,0.944966
chartqa,448,64,311,iter311,chartqa_val_311,33,1024,256,32,187.327,187.327,39.655,0.144,0.335,34.84,2.902,63.568,66.772,753.807,24.316,820.579,1007.906,38.997,41.125,0.048326,0.125793,0.918629
chartqa,448,64,312,iter312,chartqa_val_312,29,1024,256,51,147.759,147.759,87.736,0.23,0.345,74.234,7.345,138.241,146.488,1336.759,26.735,1483.247,1631.006,34.384,37.404,0.059151,0.152353,0.901238
chartqa,448,64,313,iter313,chartqa_val_313,45,1024,256,64,90.477,90.477,40.48,0.134,0.351,35.424,2.987,64.532,67.546,1596.136,25.335,1663.682,1754.159,38.469,39.47,0.024332,0.06312,0.9594
chartqa,448,64,314,iter314,chartqa_val_314,40,1024,256,54,87.63,87.63,40.024,0.155,0.36,35.047,3.001,63.977,67.036,1294.083,24.417,1361.12,1448.75,39.673,40.956,0.029405,0.076408,0.950749
chartqa,448,64,315,iter315,chartqa_val_315,35,1024,256,40,91.419,91.419,46.081,0.324,0.355,40.011,3.724,81.72,84.932,969.56,24.861,1054.491,1145.91,37.933,40.224,0.043699,0.121196,0.919457
chartqa,448,64,316,iter316,chartqa_val_316,30,1024,256,40,84.542,84.542,38.802,0.158,0.363,33.825,2.844,61.804,64.773,976.499,25.038,1041.271,1125.813,38.415,39.939,0.037264,0.096618,0.937795
chartqa,448,64,317,iter317,chartqa_val_317,36,1024,256,31,72.557,72.557,38.1,0.106,0.322,33.281,2.899,60.828,63.69,708.565,23.619,772.255,844.813,40.142,42.339,0.049336,0.128102,0.917527
chartqa,448,64,318,iter318,chartqa_val_318,31,1024,256,14,121.877,121.877,56.211,0.24,0.345,49.385,4.038,81.745,84.937,266.007,20.462,350.944,472.821,39.892,48.871,0.160169,0.3931,0.757975
chartqa,448,64,319,iter319,chartqa_val_319,42,1024,256,61,83.404,83.404,49.054,0.252,0.318,43.152,3.689,83.425,86.311,1403.766,23.396,1490.077,1573.482,40.937,42.742,0.032921,0.088908,0.942076
chartqa,448,64,320,iter320,chartqa_val_320,30,1024,256,15,108.267,108.267,39.477,0.164,0.339,34.386,3.002,63.277,66.129,346.166,24.726,412.294,520.561,36.382,40.443,0.095749,0.249223,0.839608
chartqa,448,64,321,iter321,chartqa_val_321,37,1024,256,58,96.538,96.538,36.293,0.083,0.315,31.63,2.761,57.995,60.735,1226.284,21.514,1287.019,1383.557,45.065,46.482,0.028199,0.07326,0.952809
chartqa,448,64,322,iter322,chartqa_val_322,40,1024,256,32,148.456,148.456,54.561,0.088,0.335,48.359,3.685,76.596,79.406,702.434,22.659,781.841,930.297,40.929,44.132,0.069785,0.167754,0.898437
chartqa,448,64,323,iter323,chartqa_val_323,31,1024,256,47,86.284,86.284,36.421,0.084,0.337,31.75,2.676,58.077,60.859,1038.711,22.581,1099.57,1185.854,42.744,44.286,0.033123,0.085941,0.944652
chartqa,448,64,324,iter324,chartqa_val_324,34,1024,256,64,195.136,195.136,37.323,0.093,0.335,32.685,2.682,59.136,61.629,1372.258,21.782,1433.887,1629.023,44.634,45.91,0.026029,0.067271,0.95702
chartqa,448,64,325,iter325,chartqa_val_325,50,1024,256,64,105.764,105.764,36.9,0.094,0.32,32.272,2.725,58.591,61.48,1397.965,22.19,1459.445,1565.209,43.852,45.066,0.025284,0.06543,0.957875
chartqa,448,64,326,iter326,chartqa_val_326,34,1024,256,58,103.14,103.14,44.81,0.201,0.323,39.203,3.445,79.04,81.983,1264.653,22.187,1346.636,1449.776,43.07,45.072,0.033275,0.09197,0.93912
chartqa,448,64,327,iter327,chartqa_val_327,36,1024,256,27,177.558,177.558,39.907,0.128,0.33,34.942,3.003,64.041,67.262,606.028,23.309,673.29,850.848,40.102,42.902,0.059272,0.154388,0.900099
chartqa,448,64,328,iter328,chartqa_val_328,30,1024,256,64,299.368,299.368,56.811,0.123,0.342,46.885,3.584,79.996,83.174,1377.081,21.858,1460.255,1759.622,43.828,45.749,0.038905,0.093687,0.943042
chartqa,448,64,329,iter329,chartqa_val_329,36,1024,256,64,162.209,162.209,38.019,0.106,0.327,33.054,2.864,60.43,63.302,1491.373,23.673,1554.675,1716.884,41.166,42.243,0.024455,0.063325,0.959283
chartqa,448,64,330,iter330,chartqa_val_330,34,1024,256,31,88.923,88.923,37.256,0.1,0.338,32.549,2.819,59.318,62.21,704.101,23.47,766.311,855.234,40.454,42.608,0.048617,0.126024,0.918818
chartqa,448,64,331,iter331,chartqa_val_331,41,1024,256,64,81.725,81.725,40.549,0.14,0.341,35.501,3.042,64.127,67.345,1520.415,24.134,1587.76,1669.485,40.308,41.436,0.025538,0.065927,0.957585
chartqa,448,64,332,iter332,chartqa_val_332,46,1024,256,35,78.718,78.718,39.305,0.126,0.335,34.372,3.025,63.044,66.151,842.696,24.785,908.846,987.565,38.51,40.347,0.043247,0.112614,0.927215
chartqa,448,64,333,iter333,chartqa_val_333,35,1024,256,62,84.322,84.322,56.317,0.266,0.355,49.559,4.207,91.725,94.84,1455.067,23.854,1549.907,1634.229,40.002,41.922,0.036336,0.095517,0.938809
chartqa,448,64,334,iter334,chartqa_val_334,29,1024,256,48,167.452,167.452,39.952,0.147,0.347,34.652,2.972,63.595,69.479,1086.669,23.121,1156.149,1323.601,41.517,43.251,0.034556,0.089562,0.939904
chartqa,448,64,335,iter335,chartqa_val_335,33,1024,256,64,112.419,112.419,39.427,0.151,0.345,34.307,3.001,63.038,66.036,1496.697,23.757,1562.733,1675.152,40.954,42.093,0.025229,0.065568,0.957743
chartqa,448,64,336,iter336,chartqa_val_336,44,1024,256,28,141.624,141.624,73.672,0.262,0.358,61.85,4.125,98.8,108.042,596.59,22.096,704.632,846.256,39.737,45.257,0.104554,0.244769,0.846668
chartqa,448,64,337,iter337,chartqa_val_337,47,1024,256,64,303.901,303.901,47.9,0.16,0.39,41.86,3.339,72.141,78.607,1530.57,24.295,1609.177,1913.078,39.772,41.161,0.029767,0.074598,0.951151
chartqa,448,64,338,iter338,chartqa_val_338,29,1024,256,54,112.709,112.709,74.209,0.185,0.36,60.142,4.001,98.651,105.006,1317.608,24.861,1422.614,1535.322,37.958,40.224,0.052164,0.121509,0.926188
chartqa,448,64,339,iter339,chartqa_val_339,32,1024,256,64,184.422,184.422,38.61,0.14,0.352,33.632,2.979,62.216,65.534,1487.897,23.617,1553.431,1737.853,41.199,42.342,0.024855,0.064905,0.957813
chartqa,448,64,340,iter340,chartqa_val_340,32,1024,256,24,88.817,88.817,37.813,0.111,0.364,33.005,2.84,60.464,63.347,520.262,22.62,583.609,672.427,41.123,44.208,0.064792,0.168396,0.891456
chartqa,448,64,341,iter341,chartqa_val_341,39,1024,256,64,82.951,82.951,58.512,0.228,0.341,51.802,4.249,96.403,99.524,1497.943,23.777,1597.468,1680.418,40.063,42.058,0.036628,0.096975,0.937699
chartqa,448,64,342,iter342,chartqa_val_342,35,1024,256,19,73.472,73.472,38.38,0.136,0.328,33.563,2.925,61.138,64.327,394.741,21.93,459.069,532.541,41.388,45.599,0.083604,0.216782,0.859875
chartqa,448,64,343,iter343,chartqa_val_343,40,1024,256,64,262.859,262.859,45.989,0.143,0.339,37.613,3.217,68.826,71.664,1525.23,24.21,1596.894,1859.753,40.078,41.305,0.028799,0.071899,0.955123
chartqa,448,64,344,iter344,chartqa_val_344,35,1024,256,3,184.746,184.746,38.801,0.132,0.358,33.932,2.857,62.327,65.141,44.051,22.026,109.192,293.938,27.475,45.402,0.355349,0.926154,0.403429
chartqa,448,64,345,iter345,chartqa_val_345,38,1024,256,16,100.567,100.567,40.151,0.144,0.35,35.213,3.006,65.022,68.245,339.093,22.606,407.337,507.904,39.279,44.236,0.098569,0.258195,0.832462
chartqa,448,64,346,iter346,chartqa_val_346,30,1024,256,56,113.681,113.681,51.499,0.183,0.32,45.241,3.877,84.595,87.792,1324.311,24.078,1412.103,1525.784,39.657,41.531,0.03647,0.096377,0.937829
chartqa,448,64,347,iter347,chartqa_val_347,35,1024,256,64,83.351,83.351,40.177,0.118,0.367,35.0,3.228,64.465,67.388,1457.5,23.135,1524.888,1608.239,41.97,43.225,0.026347,0.068623,0.955808
chartqa,448,64,348,iter348,chartqa_val_348,30,1024,256,64,83.604,83.604,38.856,0.154,0.353,33.936,2.958,62.074,65.143,1471.676,23.36,1536.819,1620.423,41.644,42.808,0.025284,0.065675,0.957612
chartqa,448,64,349,iter349,chartqa_val_349,40,1024,256,52,308.771,308.771,40.585,0.126,0.396,34.175,2.903,64.235,70.462,1208.6,23.698,1279.062,1587.833,40.655,42.198,0.03173,0.081951,0.944911
chartqa,448,64,350,iter350,chartqa_val_350,36,1024,256,37,95.773,95.773,38.591,0.113,0.346,33.805,2.894,61.907,64.879,908.676,25.241,973.555,1069.328,38.005,39.618,0.03964,0.103228,0.933358
chartqa,448,64,351,iter351,chartqa_val_351,38,1024,256,64,88.719,88.719,52.604,0.292,0.349,45.777,4.175,87.918,90.888,1501.603,23.835,1592.491,1681.21,40.189,41.955,0.033033,0.088241,0.942927
chartqa,448,64,352,iter352,chartqa_val_352,32,1024,256,38,135.213,135.213,38.573,0.121,0.333,33.847,2.882,61.722,64.203,855.086,23.11,919.289,1054.502,41.336,43.271,0.041959,0.109101,0.93016
chartqa,448,64,353,iter353,chartqa_val_353,32,1024,256,64,205.089,205.089,37.285,0.113,0.369,32.624,2.759,59.677,62.567,1388.03,22.032,1450.597,1655.687,44.12,45.388,0.025704,0.066843,0.956868
chartqa,448,64,354,iter354,chartqa_val_354,35,1024,256,17,97.671,97.671,58.064,0.225,0.342,51.298,4.067,84.47,87.319,332.218,20.764,419.537,517.208,40.521,48.161,0.1384,0.339741,0.791868
chartqa,448,64,355,iter355,chartqa_val_355,33,1024,256,47,82.161,82.161,37.139,0.122,0.339,32.424,2.736,59.471,62.266,1066.86,23.193,1129.127,1211.288,41.625,43.117,0.032892,0.085562,0.944854
chartqa,448,64,356,iter356,chartqa_val_356,40,1024,256,28,93.74,93.74,37.366,0.126,0.34,32.66,2.806,59.677,62.648,607.94,22.516,670.588,764.328,41.754,44.412,0.055721,0.144712,0.906577
chartqa,448,64,357,iter357,chartqa_val_357,53,1024,256,64,88.375,88.375,36.666,0.092,0.335,32.118,2.763,58.584,61.374,1470.804,23.346,1532.179,1620.554,41.771,42.834,0.023931,0.062166,0.959943
chartqa,448,64,358,iter358,chartqa_val_358,30,1024,256,41,98.014,98.014,37.319,0.099,0.33,32.628,2.774,59.717,62.561,903.955,22.599,966.516,1064.53,42.42,44.25,0.038612,0.100398,0.935272
chartqa,448,64,359,iter359,chartqa_val_359,32,1024,256,64,101.344,101.344,37.331,0.089,0.336,32.62,2.788,59.375,62.2,1453.858,23.077,1516.058,1617.402,42.215,43.333,0.024624,0.063788,0.958972
chartqa,448,64,360,iter360,chartqa_val_360,30,1024,256,11,90.335,90.335,53.957,0.237,0.335,47.518,4.002,89.476,92.962,218.818,21.882,311.78,402.115,35.281,45.7,0.173062,0.460047,0.701835
chartqa,448,64,361,iter361,chartqa_val_361,31,1024,256,64,75.907,75.907,37.592,0.093,0.323,32.784,2.773,59.829,62.647,1394.592,22.136,1457.239,1533.146,43.919,45.175,0.025797,0.066853,0.95701
chartqa,448,64,362,iter362,chartqa_val_362,28,1024,256,52,209.211,209.211,49.036,0.15,0.331,37.757,2.85,71.84,80.675,1136.687,22.288,1217.362,1426.574,42.715,44.867,0.040281,0.099293,0.933729
chartqa,448,64,363,iter363,chartqa_val_363,32,1024,256,64,94.958,94.958,39.818,0.129,0.346,34.79,3.019,63.941,67.225,1491.389,23.673,1558.614,1653.572,41.062,42.242,0.025547,0.066571,0.956869
chartqa,448,64,364,iter364,chartqa_val_364,29,1024,256,3,97.998,97.998,39.667,0.166,0.372,34.698,2.948,63.454,66.502,44.54,22.27,111.042,209.04,27.017,44.903,0.357226,0.928666,0.401112
chartqa,448,64,365,iter365,chartqa_val_365,33,1024,256,64,98.252,98.252,38.736,0.122,0.334,33.971,2.878,62.512,65.695,1530.334,24.291,1596.029,1694.281,40.1,41.167,0.02427,0.063437,0.958839
chartqa,448,64,366,iter366,chartqa_val_366,28,1024,256,4,97.224,97.224,56.21,0.248,0.337,49.264,4.39,94.003,97.255,68.548,22.849,165.803,263.027,24.125,43.765,0.339018,0.905971,0.413429
chartqa,448,64,367,iter367,chartqa_val_367,31,1024,256,3,84.698,84.698,39.218,0.153,0.345,34.426,2.898,63.028,65.958,44.735,22.368,110.693,195.391,27.102,44.708,0.354291,0.923689,0.404137
chartqa,448,64,368,iter368,chartqa_val_368,30,1024,256,24,100.079,100.079,38.691,0.097,0.337,34.016,2.82,62.126,64.935,573.397,24.93,638.332,738.411,37.598,40.112,0.060613,0.157939,0.898274
chartqa,448,64,369,iter369,chartqa_val_369,34,1024,256,64,87.33,87.33,38.511,0.127,0.372,33.839,2.794,61.775,64.617,1477.0,23.444,1541.617,1628.947,41.515,42.654,0.024981,0.065052,0.958085
chartqa,448,64,370,iter370,chartqa_val_370,30,1024,256,12,87.977,87.977,40.299,0.183,0.404,35.19,3.087,64.019,66.902,250.797,22.8,317.699,405.676,37.772,43.86,0.126848,0.328355,0.789417
chartqa,448,64,371,iter371,chartqa_val_371,30,1024,256,64,81.155,81.155,40.949,0.096,0.353,35.992,3.089,65.4,68.38,1491.196,23.67,1559.576,1640.731,41.037,42.248,0.026257,0.068191,0.956155
chartqa,448,64,372,iter372,chartqa_val_372,28,1024,256,14,94.89,94.89,55.421,0.224,0.348,49.099,4.149,89.46,92.598,285.06,21.928,377.658,472.548,37.071,45.604,0.14675,0.383631,0.75481
chartqa,448,64,373,iter373,chartqa_val_373,31,1024,256,64,83.255,83.255,37.991,0.11,0.32,33.276,2.87,60.991,64.211,1452.722,23.059,1516.933,1600.188,42.19,43.367,0.025045,0.065251,0.95767
chartqa,448,64,374,iter374,chartqa_val_374,29,1024,256,13,77.182,77.182,38.416,0.158,0.341,33.738,2.773,61.845,64.847,269.036,22.42,333.882,411.064,38.936,44.604,0.115058,0.300287,0.80578
chartqa,448,64,375,iter375,chartqa_val_375,31,1024,256,64,199.219,199.219,47.518,0.125,0.374,41.454,3.408,72.486,78.379,1531.782,24.314,1610.16,1809.379,39.748,41.129,0.029511,0.074529,0.951323
chartqa,448,64,376,iter376,chartqa_val_376,30,1024,256,13,79.005,79.005,41.019,0.131,0.372,36.033,2.972,65.481,68.542,268.173,22.348,336.715,415.721,38.608,44.747,0.121821,0.316291,0.796439
chartqa,448,64,377,iter377,chartqa_val_377,36,1024,256,59,92.0,92.0,39.335,0.111,0.325,34.687,2.884,63.14,66.1,1383.937,23.861,1450.037,1542.037,40.689,41.909,0.027127,0.070671,0.954415
chartqa,448,64,378,iter378,chartqa_val_378,29,1024,256,15,316.02,316.02,39.819,0.117,0.346,34.953,3.024,65.065,67.764,345.268,24.662,413.032,729.052,36.317,40.548,0.096407,0.253937,0.835936
chartqa,448,64,379,iter379,chartqa_val_379,32,1024,256,64,92.514,92.514,41.603,0.112,0.346,36.521,3.26,67.055,70.202,1546.482,24.547,1616.684,1709.198,39.587,40.738,0.025733,0.06721,0.956576
chartqa,448,64,380,iter380,chartqa_val_380,31,1024,256,17,224.8,224.8,39.825,0.143,0.368,34.801,2.979,64.115,66.989,419.976,26.249,486.965,711.764,34.91,38.097,0.081782,0.213444,0.862436
chartqa,448,64,381,iter381,chartqa_val_381,41,1024,256,64,85.506,85.506,39.56,0.116,0.354,34.669,2.967,63.198,66.181,1490.344,23.656,1556.526,1642.032,41.117,42.272,0.025416,0.066018,0.957481
chartqa,448,64,382,iter382,chartqa_val_382,26,1024,256,12,94.93,94.93,58.307,0.248,0.36,51.168,4.246,91.457,94.529,242.621,22.056,337.149,432.08,35.593,45.338,0.172941,0.444207,0.719624
chartqa,448,64,383,iter383,chartqa_val_383,34,1024,256,64,94.159,94.159,39.271,0.142,0.363,34.429,2.941,62.849,65.835,1516.513,24.072,1582.348,1676.507,40.446,41.543,0.024818,0.064537,0.958394
chartqa,448,64,384,iter384,chartqa_val_384,29,1024,256,14,148.215,148.215,65.712,0.169,0.358,58.825,3.948,95.904,105.255,315.346,24.257,420.6,568.816,33.286,41.225,0.156233,0.384251,0.749752
chartqa,448,64,385,iter385,chartqa_val_385,39,1024,256,64,101.634,101.634,45.016,0.217,0.323,39.303,3.595,83.262,86.608,1516.727,24.075,1603.335,1704.969,39.917,41.537,0.028076,0.080007,0.945983
chartqa,448,64,386,iter386,chartqa_val_386,33,1024,256,13,110.253,110.253,38.928,0.125,0.332,34.141,2.896,62.586,65.52,306.637,25.553,372.156,482.41,34.932,39.134,0.104601,0.272772,0.823946
chartqa,448,64,387,iter387,chartqa_val_387,33,1024,256,53,81.577,81.577,38.869,0.121,0.331,33.992,2.853,62.423,65.306,1291.318,24.833,1356.624,1438.201,39.068,40.269,0.028651,0.074665,0.951861
chartqa,448,64,388,iter388,chartqa_val_388,30,1024,256,34,91.067,91.067,38.824,0.117,0.337,33.931,2.926,62.398,65.233,783.473,23.742,848.705,939.772,40.061,42.12,0.045744,0.119266,0.923139
chartqa,448,64,389,iter389,chartqa_val_389,33,1024,256,64,99.548,99.548,37.569,0.098,0.348,32.905,2.817,60.574,63.682,1525.776,24.219,1589.458,1689.006,40.265,41.29,0.023637,0.061746,0.959935
chartqa,448,64,390,iter390,chartqa_val_390,28,1024,256,21,86.069,86.069,38.813,0.101,0.329,34.096,2.908,64.269,66.934,432.399,21.62,499.334,585.402,42.056,46.254,0.07773,0.206439,0.865952
chartqa,448,64,391,iter391,chartqa_val_391,29,1024,256,15,188.353,188.353,44.393,0.145,0.383,35.907,3.11,69.171,75.653,358.16,25.583,433.813,622.166,34.577,39.089,0.102331,0.26178,0.825609
chartqa,448,64,392,iter392,chartqa_val_392,31,1024,256,29,182.134,182.134,37.79,0.117,0.341,33.065,2.805,60.869,63.97,581.978,20.785,645.948,828.082,44.895,48.112,0.058504,0.152737,0.900967
chartqa,448,64,393,iter393,chartqa_val_393,35,1024,256,43,220.873,220.873,38.863,0.099,0.332,33.849,2.818,61.149,63.901,1060.583,25.252,1124.484,1345.357,38.24,39.601,0.034561,0.08894,0.943173
chartqa,448,64,394,iter394,chartqa_val_394,32,1024,256,27,77.696,77.696,37.296,0.125,0.367,32.412,2.817,59.202,62.115,601.316,23.128,663.431,741.127,40.698,43.238,0.056217,0.145453,0.906373
chartqa,448,64,395,iter395,chartqa_val_395,39,1024,256,64,103.567,103.567,40.806,0.154,0.354,35.738,3.084,65.896,68.956,1522.289,24.163,1591.245,1694.812,40.22,41.385,0.025644,0.067056,0.956665
chartqa,448,64,396,iter396,chartqa_val_396,34,1024,256,43,98.676,98.676,40.527,0.148,0.353,35.44,3.022,64.804,68.092,984.292,23.436,1052.384,1151.06,40.86,42.67,0.03851,0.100088,0.935297
chartqa,448,64,397,iter397,chartqa_val_397,37,1024,256,3,110.814,110.814,39.584,0.165,0.351,34.657,3.012,63.717,66.815,44.68,22.34,111.495,222.309,26.907,44.763,0.355031,0.926508,0.400734
chartqa,448,64,398,iter398,chartqa_val_398,29,1024,256,11,92.019,92.019,38.969,0.117,0.342,34.15,2.963,62.96,65.841,258.55,25.855,324.391,416.41,33.91,38.677,0.120129,0.314215,0.797033
chartqa,448,64,399,iter399,chartqa_val_399,30,1024,256,64,85.202,85.202,39.463,0.127,0.378,34.549,2.87,69.987,73.043,1581.266,25.099,1654.31,1739.512,38.687,39.841,0.023855,0.066161,0.955847
chartqa,448,64,400,iter400,chartqa_val_400,30,1024,256,33,85.433,85.433,39.564,0.145,0.34,34.675,2.97,63.476,66.554,763.36,23.855,829.914,915.347,39.763,41.92,0.047672,0.124157,0.919806
chartqa,448,64,401,iter401,chartqa_val_401,35,1024,256,64,102.526,102.526,39.938,0.139,0.337,34.934,3.011,64.036,67.203,1522.494,24.167,1589.697,1692.222,40.259,41.379,0.025123,0.065405,0.957726
chartqa,448,64,402,iter402,chartqa_val_402,28,1024,256,19,78.994,78.994,39.699,0.145,0.363,34.691,3.052,63.643,66.7,397.169,22.065,463.869,542.863,40.96,45.321,0.085582,0.222781,0.85621
chartqa,448,64,403,iter403,chartqa_val_403,36,1024,256,64,79.67,79.67,39.397,0.137,0.36,34.356,2.959,63.96,67.179,1570.087,24.922,1637.266,1716.936,39.09,40.125,0.024063,0.063128,0.958969
chartqa,448,64,404,iter404,chartqa_val_404,43,1024,256,40,76.529,76.529,39.306,0.175,0.336,34.389,2.97,63.346,66.363,901.514,23.116,967.876,1044.406,41.328,43.261,0.04061,0.106058,0.931435
chartqa,448,64,405,iter405,chartqa_val_405,50,1024,256,64,88.496,88.496,50.65,0.267,0.335,44.411,3.853,91.209,94.55,1608.186,25.527,1702.736,1791.232,37.587,39.175,0.029746,0.083312,0.944472
chartqa,448,64,406,iter406,chartqa_val_406,28,1024,256,19,85.149,85.149,40.166,0.159,0.379,35.083,3.047,64.563,67.62,444.915,24.717,512.534,597.683,37.071,40.457,0.078367,0.204335,0.868068
chartqa,448,64,407,iter407,chartqa_val_407,35,1024,256,45,72.335,72.335,39.811,0.099,0.331,34.94,3.039,63.968,66.877,1088.133,24.73,1155.01,1227.345,38.961,40.436,0.034468,0.089851,0.942098
chartqa,448,64,408,iter408,chartqa_val_408,36,1024,256,31,102.827,102.827,38.648,0.086,0.332,34.04,2.847,61.917,64.826,748.434,24.948,813.26,916.087,38.118,40.084,0.047522,0.123657,0.920289
chartqa,448,64,409,iter409,chartqa_val_409,41,1024,256,64,121.227,121.227,39.464,0.124,0.346,34.573,2.999,63.355,66.393,1493.503,23.706,1559.896,1681.123,41.028,42.183,0.025299,0.065914,0.957438
chartqa,448,64,410,iter410,chartqa_val_410,36,1024,256,26,88.246,88.246,38.819,0.15,0.343,33.943,2.953,62.114,65.159,608.156,24.326,673.315,761.561,38.615,41.108,0.057653,0.149905,0.903227
chartqa,448,64,411,iter411,chartqa_val_411,33,1024,256,64,114.412,114.412,39.373,0.126,0.363,34.444,2.979,63.181,66.179,1452.599,23.057,1518.778,1633.19,42.139,43.371,0.025924,0.067524,0.956426
chartqa,448,64,412,iter412,chartqa_val_412,30,1024,256,8,108.466,108.466,39.844,0.142,0.355,34.929,2.997,63.682,66.766,157.035,22.434,223.801,332.267,35.746,44.576,0.178035,0.462583,0.701672
chartqa,448,64,413,iter413,chartqa_val_413,33,1024,256,64,92.649,92.649,39.024,0.094,0.329,34.278,2.915,62.786,65.651,1421.014,22.556,1486.666,1579.315,43.049,44.335,0.02625,0.068483,0.95584
chartqa,448,64,414,iter414,chartqa_val_414,36,1024,256,23,106.314,106.314,39.37,0.13,0.366,34.396,2.948,62.942,65.83,484.778,22.035,550.608,656.922,41.772,45.382,0.071502,0.185816,0.880441
chartqa,448,64,415,iter415,chartqa_val_415,38,1024,256,64,78.786,78.786,38.667,0.112,0.33,33.673,2.913,62.31,65.189,1620.831,25.727,1686.02,1764.806,37.959,38.869,0.022934,0.059891,0.961336
chartqa,448,64,416,iter416,chartqa_val_416,34,1024,256,31,202.526,202.526,52.158,0.136,0.355,43.471,3.075,76.827,79.974,668.129,22.271,748.103,950.63,41.438,44.902,0.06972,0.172416,0.893097
chartqa,448,64,417,iter417,chartqa_val_417,40,1024,256,64,92.7,92.7,46.457,0.225,0.358,40.543,3.573,83.067,86.393,1400.916,22.237,1487.309,1580.009,43.031,44.971,0.031235,0.087086,0.941913
chartqa,448,64,418,iter418,chartqa_val_418,31,1024,256,45,106.765,106.765,44.042,0.24,0.366,38.463,3.347,80.966,84.513,1032.641,23.469,1117.155,1223.919,40.281,42.609,0.039423,0.111899,0.92435
chartqa,448,64,419,iter419,chartqa_val_419,38,1024,256,64,160.541,160.541,40.209,0.122,0.349,35.246,2.973,65.087,68.362,1468.717,23.313,1537.079,1697.621,41.637,42.895,0.026159,0.068504,0.955525
chartqa,448,64,420,iter420,chartqa_val_420,28,1024,256,45,91.69,91.69,37.199,0.094,0.326,32.512,2.781,59.374,62.21,986.328,22.417,1048.537,1140.228,42.917,44.61,0.035477,0.092103,0.94067
chartqa,448,64,421,iter421,chartqa_val_421,33,1024,256,64,93.924,93.924,47.816,0.232,0.339,41.766,3.746,82.367,85.42,1410.741,22.393,1496.161,1590.085,42.776,44.657,0.031959,0.087012,0.942907
chartqa,448,64,422,iter422,chartqa_val_422,30,1024,256,64,95.425,95.425,36.878,0.128,0.328,32.217,2.679,58.607,61.455,1408.706,22.36,1470.16,1565.585,43.533,44.722,0.025084,0.064949,0.958199
chartqa,448,64,423,iter423,chartqa_val_423,31,1024,256,64,99.617,99.617,37.472,0.124,0.332,32.835,2.839,59.964,62.248,1444.974,22.936,1507.223,1606.839,42.462,43.599,0.024862,0.064646,0.9587
chartqa,448,64,424,iter424,chartqa_val_424,30,1024,256,16,102.483,102.483,38.228,0.102,0.339,33.443,2.906,61.024,64.037,343.51,22.901,407.547,510.029,39.259,43.667,0.0938,0.243535,0.842872
chartqa,448,64,425,iter425,chartqa_val_425,39,1024,256,64,95.101,95.101,39.543,0.185,0.343,34.523,3.011,64.046,69.004,1460.094,23.176,1529.098,1624.199,41.855,43.148,0.02586,0.067745,0.954872
chartqa,448,64,426,iter426,chartqa_val_426,27,1024,256,32,90.47,90.47,38.643,0.125,0.366,33.614,2.961,61.803,64.836,729.746,23.54,794.582,885.052,40.273,42.481,0.048633,0.126414,0.918402
chartqa,448,64,427,iter427,chartqa_val_427,29,1024,256,37,108.4,108.4,39.266,0.128,0.355,34.35,2.956,62.988,65.974,888.278,24.674,954.252,1062.652,38.774,40.528,0.041149,0.107156,0.930863
chartqa,448,64,428,iter428,chartqa_val_428,33,1024,256,34,122.104,122.104,53.503,0.227,0.359,46.758,4.361,89.435,92.436,795.982,24.121,888.418,1010.522,38.27,41.458,0.060222,0.16089,0.895955
chartqa,448,64,429,iter429,chartqa_val_429,37,1024,256,64,78.794,78.794,38.881,0.114,0.335,34.1,2.895,62.406,65.303,1533.724,24.345,1599.028,1677.822,40.024,41.076,0.024315,0.063343,0.959161
chartqa,448,64,430,iter430,chartqa_val_430,30,1024,256,3,216.914,216.914,41.17,0.135,0.362,35.84,2.982,66.339,69.493,50.87,25.435,120.364,337.278,24.924,39.316,0.342051,0.893207,0.422637
chartqa,448,64,431,iter431,chartqa_val_431,37,1024,256,32,77.939,77.939,39.318,0.102,0.332,34.609,2.918,63.037,66.02,755.781,24.38,821.801,899.741,38.939,41.017,0.047843,0.124549,0.919664
chartqa,448,64,432,iter432,chartqa_val_432,30,1024,256,13,80.437,80.437,39.521,0.091,0.329,34.71,2.977,63.105,65.92,303.737,25.311,369.657,450.094,35.168,39.508,0.106912,0.277624,0.821671
chartqa,448,64,433,iter433,chartqa_val_433,31,1024,256,56,332.468,332.468,60.308,0.127,0.336,53.594,3.963,84.627,90.761,1365.506,24.827,1456.266,1788.734,38.455,40.278,0.041413,0.099525,0.937676
chartqa,448,64,434,iter434,chartqa_val_434,32,1024,256,23,97.726,97.726,40.264,0.153,0.367,35.254,3.035,64.329,67.153,522.66,23.757,589.814,687.54,38.995,42.092,0.068266,0.177332,0.886145
chartqa,448,64,435,iter435,chartqa_val_435,31,1024,256,25,85.592,85.592,40.518,0.139,0.345,35.518,3.053,64.622,67.688,602.445,25.102,670.132,755.725,37.306,39.838,0.060463,0.156894,0.898993
chartqa,448,64,436,iter436,chartqa_val_436,30,1024,256,8,73.922,73.922,39.55,0.15,0.354,34.508,3.008,63.399,66.326,156.104,22.301,222.43,296.352,35.966,44.842,0.177806,0.462836,0.701812
chartqa,448,64,437,iter437,chartqa_val_437,33,1024,256,2,96.663,96.663,39.186,0.099,0.365,34.341,2.93,63.13,65.965,24.342,24.342,90.307,186.97,22.147,41.081,0.433923,1.132977,0.26955
chartqa,448,64,438,iter438,chartqa_val_438,32,1024,256,23,182.082,182.082,66.968,0.281,0.335,59.67,4.352,100.726,103.699,527.126,23.96,630.825,812.908,36.46,41.736,0.106159,0.265832,0.835613
chartqa,448,64,439,iter439,chartqa_val_439,35,1024,256,18,316.713,316.713,53.977,0.111,0.355,47.764,3.764,77.637,85.821,371.578,21.858,457.399,774.112,39.353,45.751,0.118009,0.287745,0.812372
chartqa,448,64,440,iter440,chartqa_val_440,33,1024,256,4,98.787,98.787,38.722,0.095,0.324,34.083,2.867,62.284,64.461,66.146,22.049,130.607,229.394,30.626,45.354,0.296476,0.773359,0.506452
chartqa,448,64,441,iter441,chartqa_val_441,35,1024,256,41,86.914,86.914,38.988,0.109,0.335,34.188,2.909,62.309,65.21,918.34,22.959,983.55,1070.464,41.686,43.557,0.039641,0.102991,0.9337
chartqa,448,64,442,iter442,chartqa_val_442,29,1024,256,15,150.795,150.795,80.399,0.175,3.399,69.985,4.243,107.797,114.028,375.986,26.856,490.014,640.81,30.611,37.235,0.164075,0.384063,0.767296
chartqa,448,64,443,iter443,chartqa_val_443,32,1024,256,26,102.097,102.097,38.484,0.129,0.338,33.704,2.921,61.626,64.452,591.846,23.674,656.298,758.395,39.616,42.241,0.058638,0.152538,0.901795
chartqa,448,64,444,iter444,chartqa_val_444,33,1024,256,50,97.317,97.317,39.459,0.141,0.341,34.608,2.935,63.316,66.333,1159.708,23.668,1226.041,1323.358,40.782,42.252,0.032184,0.083827,0.945897
chartqa,448,64,445,iter445,chartqa_val_445,36,1024,256,64,157.324,157.324,40.413,0.166,0.323,35.4,3.095,64.64,67.676,1567.161,24.876,1634.837,1792.161,39.148,40.2,0.02472,0.064259,0.958604
chartqa,448,64,446,iter446,chartqa_val_446,33,1024,256,4,115.868,115.868,40.689,0.161,0.363,35.568,3.088,65.434,68.575,69.303,23.101,137.879,253.747,29.011,43.288,0.295105,0.769679,0.50264
chartqa,448,64,447,iter447,chartqa_val_447,38,1024,256,64,78.565,78.565,40.328,0.133,0.343,35.235,3.064,64.862,67.846,1561.531,24.786,1629.377,1707.943,39.279,40.345,0.02475,0.064558,0.958361
chartqa,448,64,448,iter448,chartqa_val_448,31,1024,256,7,104.255,104.255,41.287,0.176,0.378,35.99,3.126,66.709,70.199,182.825,30.471,253.024,357.279,27.665,32.818,0.163173,0.426819,0.72256
chartqa,448,64,449,iter449,chartqa_val_449,32,1024,256,5,87.967,87.967,40.345,0.143,0.364,35.386,3.055,64.635,67.638,91.544,22.886,159.182,247.149,31.411,43.695,0.253456,0.6595,0.57509
chartqa,448,64,450,iter450,chartqa_val_450,35,1024,256,6,99.358,99.358,39.792,0.109,0.34,34.887,2.968,66.934,69.965,145.401,29.08,215.366,314.724,27.86,34.388,0.184764,0.495555,0.675134
chartqa,448,64,451,iter451,chartqa_val_451,36,1024,256,6,81.342,81.342,39.499,0.147,0.338,34.584,3.039,63.402,66.387,114.725,22.945,181.112,262.453,33.129,43.583,0.218095,0.568167,0.633448
chartqa,448,64,452,iter452,chartqa_val_452,29,1024,256,7,98.569,98.569,39.016,0.11,0.354,34.207,2.955,63.163,66.043,134.693,22.449,200.736,299.305,34.872,44.546,0.194364,0.509022,0.670997
chartqa,448,64,453,iter453,chartqa_val_453,32,1024,256,31,84.617,84.617,39.122,0.112,0.368,34.23,2.967,62.746,65.677,758.0,25.267,823.677,908.293,37.636,39.578,0.047497,0.123675,0.920264
chartqa,448,64,454,iter454,chartqa_val_454,45,1024,256,58,97.805,97.805,38.952,0.136,0.341,34.124,2.926,62.722,65.646,1367.583,23.993,1433.229,1531.034,40.468,41.679,0.027178,0.070941,0.954197
chartqa,448,64,455,iter455,chartqa_val_455,31,1024,256,23,192.552,192.552,41.439,0.163,0.348,36.293,3.108,67.031,69.785,535.886,24.358,605.671,798.223,37.974,41.054,0.068419,0.179092,0.88478
chartqa,448,64,456,iter456,chartqa_val_456,30,1024,256,9,200.892,200.892,63.154,0.266,0.36,54.491,4.587,97.174,103.954,215.951,26.994,319.905,520.796,28.133,37.045,0.197414,0.501173,0.675048
chartqa,448,64,457,iter457,chartqa_val_457,34,1024,256,64,200.271,200.271,64.587,0.208,0.378,57.693,4.046,90.915,97.533,1518.45,24.102,1615.983,1816.253,39.604,41.49,0.039968,0.096228,0.939645
chartqa,448,64,458,iter458,chartqa_val_458,30,1024,256,11,110.375,110.375,41.675,0.186,0.364,36.345,3.17,67.67,71.104,267.157,26.716,338.261,448.635,32.519,37.431,0.123204,0.323257,0.789796
chartqa,448,64,459,iter459,chartqa_val_459,35,1024,256,64,88.323,88.323,37.66,0.089,0.35,33.062,2.781,60.705,63.751,1429.673,22.693,1493.424,1581.746,42.855,44.066,0.025217,0.065865,0.957312
chartqa,448,64,460,iter460,chartqa_val_460,30,1024,256,11,79.853,79.853,40.054,0.14,0.321,35.214,2.987,63.196,67.849,224.026,22.403,291.874,371.727,37.687,44.638,0.137229,0.353745,0.767541
chartqa,448,64,461,iter461,chartqa_val_461,31,1024,256,5,184.879,184.879,37.13,0.108,0.332,32.421,2.796,59.631,62.429,83.935,20.984,146.365,331.244,34.161,47.656,0.253681,0.661093,0.573467
chartqa,448,64,462,iter462,chartqa_val_462,29,1024,256,8,180.549,180.549,49.43,0.119,0.336,41.085,2.863,78.812,84.843,195.315,27.902,280.157,460.706,28.555,35.84,0.176435,0.457749,0.697161
chartqa,448,64,463,iter463,chartqa_val_463,33,1024,256,64,94.072,94.072,44.734,0.261,0.32,39.143,3.41,83.704,86.933,1591.764,25.266,1678.697,1772.769,38.125,39.579,0.026648,0.076511,0.948214
chartqa,448,64,464,iter464,chartqa_val_464,33,1024,256,43,103.281,103.281,39.737,0.135,0.339,34.66,3.037,63.713,66.848,1012.315,24.103,1079.163,1182.444,39.846,41.489,0.036822,0.095862,0.938055
chartqa,448,64,465,iter465,chartqa_val_465,37,1024,256,39,83.309,83.309,40.168,0.132,0.34,35.134,3.077,68.117,71.36,989.628,26.043,1060.988,1144.298,36.758,38.398,0.037859,0.10206,0.932742
chartqa,448,64,466,iter466,chartqa_val_466,31,1024,256,11,95.009,95.009,40.062,0.131,0.33,35.176,3.015,64.665,67.874,279.971,27.997,347.845,442.854,31.623,35.718,0.115171,0.301072,0.804872
chartqa,448,64,467,iter467,chartqa_val_467,46,1024,256,64,86.696,86.696,40.173,0.108,0.322,35.187,3.047,64.777,67.867,1617.28,25.671,1685.147,1771.843,37.979,38.954,0.02384,0.06228,0.959726
chartqa,448,64,468,iter468,chartqa_val_468,27,1024,256,21,160.118,160.118,59.327,0.123,0.371,53.652,3.23,83.057,92.258,471.403,23.57,563.661,723.779,37.256,42.427,0.105253,0.252605,0.836324
chartqa,448,64,469,iter469,chartqa_val_469,48,1024,256,64,106.029,106.029,50.546,0.254,0.343,44.501,3.561,94.711,97.848,1446.037,22.953,1543.884,1649.913,41.454,43.567,0.03274,0.094085,0.936622
chartqa,448,64,470,iter470,chartqa_val_470,30,1024,256,17,97.522,97.522,38.336,0.119,0.342,33.52,2.83,63.07,66.088,444.862,27.804,510.95,608.472,33.271,35.966,0.07503,0.198466,0.870657
chartqa,448,64,471,iter471,chartqa_val_471,34,1024,256,64,88.709,88.709,53.043,0.229,0.341,46.608,3.99,88.251,91.287,1471.315,23.354,1562.602,1651.312,40.957,42.819,0.033945,0.090422,0.94158
chartqa,448,64,472,iter472,chartqa_val_472,37,1024,256,29,91.144,91.144,45.461,0.232,0.35,39.74,3.511,80.088,83.124,695.579,24.842,778.703,869.847,37.241,40.254,0.05838,0.161228,0.893253
chartqa,448,64,473,iter473,chartqa_val_473,40,1024,256,48,97.93,97.93,37.969,0.109,0.334,33.198,2.867,60.513,63.423,1144.834,24.358,1208.257,1306.187,39.727,41.054,0.031424,0.081507,0.947509
chartqa,448,64,474,iter474,chartqa_val_474,36,1024,256,20,108.9,108.9,38.019,0.094,0.351,33.195,2.864,60.556,63.386,434.401,22.863,497.787,606.687,40.178,43.738,0.076376,0.198027,0.872664
chartqa,448,64,475,iter475,chartqa_val_475,32,1024,256,29,109.711,109.711,37.37,0.092,0.323,32.753,2.746,59.817,62.648,655.051,23.395,717.699,827.411,40.407,42.745,0.052068,0.135414,0.91271
chartqa,448,64,476,iter476,chartqa_val_476,44,1024,256,26,127.692,127.692,58.983,0.243,0.36,51.692,4.371,86.453,92.691,656.372,26.255,749.063,876.755,34.71,38.088,0.078743,0.194157,0.876257
chartqa,448,64,477,iter477,chartqa_val_477,39,1024,256,64,83.644,83.644,43.045,0.23,0.333,37.53,3.251,79.267,82.343,1544.799,24.521,1627.141,1710.785,39.333,40.782,0.026455,0.07517,0.949394
chartqa,448,64,478,iter478,chartqa_val_478,26,1024,256,12,90.392,90.392,39.907,0.165,0.328,35.003,2.984,68.085,70.894,287.461,26.133,358.355,448.747,33.486,38.266,0.111363,0.301355,0.802167
chartqa,448,64,479,iter479,chartqa_val_479,33,1024,256,58,223.171,223.171,41.624,0.221,0.334,35.412,3.128,80.394,82.982,1342.806,23.558,1425.789,1648.96,40.679,42.448,0.029194,0.08558,0.941799
chartqa,448,64,480,iter480,chartqa_val_480,28,1024,256,33,99.496,99.496,37.602,0.165,0.339,32.801,2.833,59.828,62.723,731.739,22.867,794.462,893.957,41.538,43.731,0.04733,0.122636,0.92105
chartqa,448,64,481,iter481,chartqa_val_481,35,1024,256,16,100.205,100.205,46.894,0.231,0.323,40.826,3.817,81.102,84.142,320.156,21.344,404.297,504.502,39.575,46.852,0.11599,0.31659,0.791882
chartqa,448,64,482,iter482,chartqa_val_482,35,1024,256,60,99.518,99.518,36.81,0.123,0.355,32.033,2.713,69.293,72.224,1360.815,23.065,1433.038,1532.556,41.869,43.356,0.025687,0.07404,0.949601
chartqa,448,64,483,iter483,chartqa_val_483,32,1024,256,64,95.639,95.639,37.928,0.143,0.337,33.29,2.807,60.363,63.201,1432.81,22.743,1496.01,1591.649,42.78,43.97,0.025352,0.065702,0.957754
chartqa,448,64,484,iter484,chartqa_val_484,37,1024,256,36,97.791,97.791,52.51,0.225,0.337,46.296,3.766,88.868,92.049,896.814,25.623,988.863,1086.654,36.405,39.027,0.053101,0.142971,0.906914
chartqa,448,64,485,iter485,chartqa_val_485,29,1024,256,23,103.88,103.88,38.078,0.102,0.328,33.448,2.833,61.265,64.292,464.145,21.098,528.438,632.318,43.525,47.399,0.072057,0.187993,0.878335
chartqa,448,64,486,iter486,chartqa_val_486,44,1024,256,3,324.514,324.514,53.117,0.211,8.935,38.754,3.194,76.925,79.87,42.649,21.325,122.519,447.033,24.486,46.894,0.433537,1.061396,0.348103
chartqa,448,64,487,iter487,chartqa_val_487,34,1024,256,64,100.666,100.666,39.633,0.134,0.331,34.778,2.938,63.729,66.846,1656.18,26.289,1723.026,1823.692,37.144,38.039,0.023002,0.059989,0.961204
chartqa,448,64,488,iter488,chartqa_val_488,27,1024,256,25,99.133,99.133,39.408,0.13,0.337,34.586,2.96,63.348,66.355,613.062,25.544,679.418,778.55,36.796,39.148,0.058002,0.151241,0.902335
chartqa,448,64,489,iter489,chartqa_val_489,30,1024,256,64,89.361,89.361,54.86,0.299,0.347,47.965,4.377,91.698,94.992,1586.372,25.181,1681.364,1770.725,38.064,39.713,0.032628,0.087166,0.943503
chartqa,448,64,490,iter490,chartqa_val_490,29,1024,256,24,129.004,129.004,60.453,0.157,0.371,53.828,3.762,84.936,97.143,624.732,27.162,721.874,850.879,33.247,36.816,0.083744,0.201404,0.86543
chartqa,448,64,491,iter491,chartqa_val_491,34,1024,256,64,77.467,77.467,39.524,0.156,0.336,34.615,2.995,63.267,65.89,1545.734,24.535,1611.624,1689.091,39.711,40.757,0.024524,0.06378,0.959116
chartqa,448,64,492,iter492,chartqa_val_492,32,1024,256,64,101.536,101.536,40.316,0.142,0.414,35.239,2.918,66.273,69.318,1521.564,24.152,1590.882,1692.418,40.229,41.405,0.025342,0.067,0.956428
chartqa,448,64,493,iter493,chartqa_val_493,30,1024,256,55,84.348,84.348,37.752,0.109,0.336,33.211,2.75,61.337,64.211,1316.854,24.386,1381.066,1465.414,39.824,41.007,0.027336,0.071748,0.953506
chartqa,448,64,494,iter494,chartqa_val_494,48,1024,256,3,80.532,80.532,38.353,0.127,0.345,33.58,2.894,61.074,64.184,43.099,21.549,107.283,187.815,27.963,46.405,0.357497,0.926781,0.401728
chartqa,448,64,495,iter495,chartqa_val_495,54,1024,256,36,76.787,76.787,45.683,0.245,0.326,40.089,3.449,523.062,525.938,824.62,23.561,1350.559,1427.345,26.656,42.444,0.033825,0.421118,0.610577
chartqa,448,64,496,iter496,chartqa_val_496,31,1024,256,27,93.343,93.343,57.405,0.273,0.333,50.562,4.282,96.238,99.3,600.634,23.101,699.933,793.276,38.575,43.288,0.082015,0.219511,0.85813
chartqa,448,64,497,iter497,chartqa_val_497,34,1024,256,64,86.486,86.486,37.824,0.12,0.333,33.079,2.869,60.666,63.557,1525.983,24.222,1589.54,1676.026,40.263,41.285,0.023795,0.061961,0.960016
chartqa,448,64,498,iter498,chartqa_val_498,31,1024,256,32,85.822,85.822,38.706,0.13,0.344,33.858,2.927,61.769,64.786,777.287,25.074,842.074,927.895,38.001,39.882,0.045965,0.119319,0.923063
chartqa,448,64,499,iter499,chartqa_val_499,44,1024,256,64,114.646,114.646,37.956,0.099,0.316,33.309,2.833,60.872,63.876,1520.934,24.142,1584.81,1699.456,40.383,41.422,0.02395,0.062359,0.959695
chartqa,896,64,0,iter000,chartqa_val_0,36,4096,1024,17,154.18,154.18,166.097,0.194,0.751,154.365,5.966,202.414,206.12,361.88,22.618,568.0,722.18,29.93,44.214,0.292425,0.648788,0.637113
chartqa,896,64,1,iter001,chartqa_val_1,34,4096,1024,64,95.375,95.375,97.843,0.195,0.664,89.866,5.753,127.695,130.068,1532.524,24.326,1662.592,1757.967,38.494,41.109,0.05885,0.135654,0.921768
chartqa,896,64,2,iter002,chartqa_val_2,28,4096,1024,56,89.505,89.505,124.372,0.194,0.675,116.248,5.858,581.412,583.694,4384.138,79.712,4967.832,5057.337,11.273,12.545,0.025036,0.142071,0.882505
chartqa,896,64,3,iter003,chartqa_val_3,30,4096,1024,64,90.884,90.884,99.134,0.195,0.667,91.065,5.747,516.913,519.201,1529.823,24.283,2049.024,2139.908,31.234,41.181,0.048381,0.300654,0.746611
chartqa,896,64,4,iter004,chartqa_val_4,46,4096,1024,33,95.913,95.913,97.885,0.194,0.659,89.899,5.737,506.747,508.958,735.673,22.99,1244.631,1340.544,26.514,43.498,0.078646,0.485792,0.591077
chartqa,896,64,5,iter005,chartqa_val_5,33,4096,1024,17,98.009,98.009,129.223,0.196,0.665,121.081,5.894,540.336,542.741,391.977,24.499,934.718,1032.727,18.187,40.819,0.138249,0.716323,0.419353
chartqa,896,64,6,iter006,chartqa_val_6,35,4096,1024,21,97.557,97.557,98.086,0.194,0.665,90.093,5.745,481.693,484.045,558.982,27.949,1043.027,1140.584,20.134,35.779,0.09404,0.555862,0.535923
chartqa,896,64,7,iter007,chartqa_val_7,33,4096,1024,37,93.521,93.521,97.789,0.196,0.665,89.797,5.742,120.976,123.114,862.237,23.951,985.351,1078.873,37.55,41.752,0.099243,0.222018,0.875055
chartqa,896,64,8,iter008,chartqa_val_8,32,4096,1024,27,113.61,113.61,120.694,0.195,0.667,112.59,5.839,594.607,596.73,600.293,23.088,1197.023,1310.633,22.556,43.312,0.100829,0.597567,0.501488
chartqa,896,64,9,iter009,chartqa_val_9,36,4096,1024,64,85.886,85.886,95.62,0.195,0.661,87.672,5.744,118.136,120.216,2474.48,39.277,2594.695,2680.581,24.666,25.46,0.036852,0.082382,0.953669
chartqa,896,64,10,iter010,chartqa_val_10,44,4096,1024,64,140.766,140.766,99.235,0.196,0.686,91.065,5.747,573.943,576.978,5634.802,89.441,6211.779,6352.545,10.303,11.181,0.015975,0.108371,0.907116
chartqa,896,64,11,iter011,chartqa_val_11,49,4096,1024,64,103.668,103.668,131.209,0.197,0.696,122.863,5.937,566.23,568.831,4096.402,65.022,4665.232,4768.9,13.719,15.379,0.028125,0.149497,0.87807
chartqa,896,64,12,iter012,chartqa_val_12,30,4096,1024,24,86.384,86.384,99.451,0.197,0.684,91.314,5.802,127.007,129.443,596.384,25.93,725.827,812.211,33.066,38.566,0.137018,0.312,0.821661
chartqa,896,64,13,iter013,chartqa_val_13,34,4096,1024,64,254.357,254.357,96.315,0.196,0.662,88.323,5.751,119.283,121.384,1512.3,24.005,1633.684,1888.042,39.175,41.658,0.058956,0.131971,0.925699
chartqa,896,64,14,iter014,chartqa_val_14,30,4096,1024,34,98.125,98.125,96.401,0.197,0.661,88.454,5.732,119.372,121.579,786.134,23.822,907.713,1005.839,37.457,41.978,0.106202,0.23771,0.86606
chartqa,896,64,15,iter015,chartqa_val_15,35,4096,1024,64,105.243,105.243,103.505,0.195,0.664,95.334,5.816,140.723,143.122,1466.997,23.286,1610.12,1715.363,39.749,42.945,0.064284,0.151683,0.911111
chartqa,896,64,16,iter016,chartqa_val_16,30,4096,1024,31,219.775,219.775,103.452,0.195,0.7,95.222,5.803,128.424,131.177,675.119,22.504,806.296,1026.071,38.447,44.437,0.128305,0.287582,0.837309
chartqa,896,64,17,iter017,chartqa_val_17,40,4096,1024,64,82.422,82.422,99.764,0.195,0.668,91.607,5.805,564.188,566.49,1457.472,23.134,2023.962,2106.384,31.621,43.226,0.049292,0.328046,0.720108
chartqa,896,64,18,iter018,chartqa_val_18,31,4096,1024,15,212.599,212.599,96.37,0.194,0.68,88.363,5.741,484.115,486.632,429.264,30.662,915.896,1128.495,16.377,32.614,0.10522,0.633789,0.468682
chartqa,896,64,19,iter019,chartqa_val_19,34,4096,1024,49,114.051,114.051,98.242,0.195,0.67,90.23,5.753,121.505,123.813,1082.904,22.561,1206.717,1320.768,40.606,44.325,0.081413,0.182103,0.897397
chartqa,896,64,20,iter020,chartqa_val_20,36,4096,1024,18,108.727,108.727,97.171,0.194,0.68,89.177,5.746,120.66,122.815,511.576,30.093,634.391,743.117,28.374,33.231,0.153172,0.343371,0.806405
chartqa,896,64,21,iter021,chartqa_val_21,38,4096,1024,64,100.534,100.534,100.147,0.194,0.663,92.024,5.802,571.527,574.071,1538.571,24.422,2112.642,2213.176,30.294,40.947,0.047404,0.317931,0.728269
chartqa,896,64,22,iter022,chartqa_val_22,31,4096,1024,41,208.085,208.085,98.795,0.195,0.696,90.691,5.778,122.486,125.506,948.609,23.715,1074.115,1282.199,38.171,42.167,0.091978,0.206013,0.883154
chartqa,896,64,23,iter023,chartqa_val_23,35,4096,1024,60,110.907,110.907,98.242,0.195,0.668,90.293,5.69,121.659,123.827,1417.596,24.027,1541.423,1652.33,38.925,41.62,0.063734,0.142661,0.919667
chartqa,896,64,24,iter024,chartqa_val_24,31,4096,1024,24,195.573,195.573,111.946,0.196,0.682,103.74,5.84,147.044,149.715,520.918,22.649,670.633,866.206,35.787,44.153,0.166925,0.386187,0.776755
chartqa,896,64,25,iter025,chartqa_val_25,33,4096,1024,37,94.697,94.697,115.962,0.194,0.661,107.941,5.801,153.188,155.669,822.935,22.859,978.603,1073.3,37.809,43.746,0.118498,0.275036,0.840928
chartqa,896,64,26,iter026,chartqa_val_26,33,4096,1024,33,97.795,97.795,96.874,0.195,0.667,88.87,5.766,119.317,121.434,739.53,23.11,860.964,958.759,38.329,43.271,0.112518,0.251104,0.858956
chartqa,896,64,27,iter027,chartqa_val_27,33,4096,1024,22,118.991,118.991,134.697,0.194,0.67,126.333,5.996,172.478,175.054,604.199,28.771,779.253,898.244,28.232,34.757,0.172854,0.394192,0.775356
chartqa,896,64,28,iter028,chartqa_val_28,29,4096,1024,27,180.409,180.409,99.486,0.197,0.687,91.356,5.764,503.45,505.848,650.24,25.009,1156.088,1336.497,23.355,39.985,0.086054,0.521531,0.562449
chartqa,896,64,29,iter029,chartqa_val_29,32,4096,1024,57,116.862,116.862,101.829,0.197,0.691,93.709,5.746,126.577,128.959,1466.892,26.195,1595.851,1712.713,35.718,38.176,0.063808,0.143125,0.919191
chartqa,896,64,30,iter030,chartqa_val_30,33,4096,1024,42,110.414,110.414,121.482,0.197,0.704,113.155,5.88,146.45,148.713,1025.459,25.011,1174.172,1284.586,35.77,39.982,0.103462,0.228188,0.873347
chartqa,896,64,31,iter031,chartqa_val_31,31,4096,1024,43,104.937,104.937,101.532,0.197,0.679,93.446,5.788,126.535,128.8,1075.0,25.595,1203.8,1308.737,35.72,39.07,0.084343,0.189456,0.893005
chartqa,896,64,32,iter032,chartqa_val_32,27,4096,1024,54,102.441,102.441,120.295,0.194,0.684,111.883,6.021,541.912,544.446,1856.887,35.036,2401.333,2503.774,22.488,28.542,0.050095,0.275767,0.773274
chartqa,896,64,33,iter033,chartqa_val_33,31,4096,1024,51,133.316,133.316,97.357,0.194,0.682,89.273,5.752,120.864,123.377,1170.539,23.411,1293.916,1427.232,39.415,42.715,0.075242,0.168652,0.904648
chartqa,896,64,34,iter034,chartqa_val_34,34,4096,1024,17,98.033,98.033,99.647,0.195,0.662,91.601,5.768,136.712,139.138,411.197,25.7,550.336,648.369,30.89,38.911,0.181065,0.429481,0.747176
chartqa,896,64,35,iter035,chartqa_val_35,35,4096,1024,64,92.117,92.117,100.363,0.196,0.67,92.31,5.753,124.498,126.633,1575.991,25.016,1702.624,1794.741,37.589,39.975,0.058946,0.132067,0.925625
chartqa,896,64,36,iter036,chartqa_val_36,28,4096,1024,13,158.045,158.045,129.039,0.195,0.725,119.863,5.99,154.757,158.738,269.93,22.494,428.668,586.713,30.327,44.456,0.301024,0.662044,0.629695
chartqa,896,64,37,iter037,chartqa_val_37,32,4096,1024,64,116.981,116.981,107.556,0.196,0.67,99.124,6.099,131.288,133.504,1595.301,25.322,1728.805,1845.786,37.02,39.491,0.062214,0.138156,0.922777
chartqa,896,64,38,iter038,chartqa_val_38,28,4096,1024,64,88.998,88.998,101.908,0.196,0.681,93.839,5.743,126.543,128.926,1534.572,24.358,1663.498,1752.496,38.473,41.054,0.061261,0.137332,0.922497
chartqa,896,64,39,iter039,chartqa_val_39,34,4096,1024,64,98.684,98.684,101.811,0.195,0.692,93.689,5.763,128.178,130.671,1525.977,24.222,1656.648,1755.332,38.632,41.285,0.061456,0.138828,0.921123
chartqa,896,64,40,iter040,chartqa_val_40,33,4096,1024,30,227.8,227.8,103.333,0.196,0.721,94.952,5.766,128.576,132.068,684.004,23.586,816.072,1043.872,36.761,42.397,0.126622,0.284177,0.838166
chartqa,896,64,41,iter041,chartqa_val_41,34,4096,1024,26,106.461,106.461,133.168,0.196,0.697,124.846,5.926,170.433,173.04,605.107,24.204,778.146,884.608,33.413,41.315,0.171135,0.390159,0.777626
chartqa,896,64,42,iter042,chartqa_val_42,30,4096,1024,9,144.154,144.154,97.251,0.196,0.673,89.163,5.773,121.066,123.495,206.76,25.845,330.256,474.41,27.252,38.692,0.294472,0.661055,0.626061
chartqa,896,64,43,iter043,chartqa_val_43,31,4096,1024,47,109.952,109.952,106.659,0.194,0.663,98.638,5.772,143.772,146.121,1072.504,23.315,1218.625,1328.577,38.568,42.89,0.087524,0.205503,0.880093
chartqa,896,64,44,iter044,chartqa_val_44,29,4096,1024,14,122.426,122.426,97.966,0.197,0.67,89.927,5.765,121.482,123.634,289.814,22.293,413.448,535.873,33.862,44.856,0.236948,0.530775,0.700969
chartqa,896,64,45,iter045,chartqa_val_45,33,4096,1024,64,175.618,175.618,100.046,0.197,0.714,91.876,5.754,125.047,127.746,1542.728,24.488,1670.474,1846.092,38.312,40.837,0.059891,0.134748,0.923527
chartqa,896,64,46,iter046,chartqa_val_46,38,4096,1024,32,111.485,111.485,99.593,0.195,0.714,91.429,5.737,123.669,126.161,805.957,25.999,932.118,1043.603,34.33,38.464,0.106846,0.239522,0.864651
chartqa,896,64,47,iter047,chartqa_val_47,30,4096,1024,64,103.766,103.766,116.944,0.196,0.686,108.786,5.819,140.951,143.255,1506.944,23.92,1650.199,1753.965,38.783,41.806,0.070867,0.156281,0.913189
chartqa,896,64,48,iter048,chartqa_val_48,29,4096,1024,46,192.742,192.742,117.906,0.195,0.733,106.221,5.77,143.557,150.135,1137.733,25.283,1287.868,1480.609,35.718,39.552,0.091551,0.20302,0.883424
chartqa,896,64,49,iter049,chartqa_val_49,33,4096,1024,62,126.061,126.061,102.503,0.195,0.686,94.161,5.757,127.753,130.155,1590.973,26.082,1721.127,1847.188,36.023,38.341,0.059556,0.133782,0.924378
chartqa,896,64,50,iter050,chartqa_val_50,30,4096,1024,27,110.637,110.637,123.219,0.196,0.686,115.009,5.835,147.643,149.954,626.974,24.114,776.927,887.564,34.752,41.469,0.158598,0.348632,0.806991
chartqa,896,64,51,iter051,chartqa_val_51,30,4096,1024,64,110.043,110.043,99.737,0.195,0.671,91.745,5.721,124.104,126.257,1481.37,23.514,1607.627,1717.67,39.81,42.528,0.06204,0.139237,0.921464
chartqa,896,64,52,iter052,chartqa_val_52,30,4096,1024,9,111.691,111.691,107.048,0.194,0.669,99.038,5.749,143.703,146.057,187.173,23.397,333.23,444.921,27.008,42.741,0.321243,0.752485,0.561693
chartqa,896,64,53,iter053,chartqa_val_53,33,4096,1024,58,102.953,102.953,99.247,0.196,0.664,91.234,5.755,123.524,125.684,1348.078,23.65,1473.762,1576.716,39.355,42.282,0.067343,0.151158,0.914719
chartqa,896,64,54,iter054,chartqa_val_54,29,4096,1024,52,108.141,108.141,120.149,0.195,0.671,112.055,5.837,144.471,146.598,1236.808,24.251,1383.405,1491.546,37.588,41.235,0.08685,0.191282,0.894031
chartqa,896,64,55,iter055,chartqa_val_55,33,4096,1024,64,104.719,104.719,99.466,0.195,0.685,91.355,5.77,123.776,126.246,1562.865,24.807,1689.111,1793.83,37.89,40.311,0.058887,0.132165,0.925259
chartqa,896,64,56,iter056,chartqa_val_56,32,4096,1024,52,136.282,136.282,97.549,0.196,0.691,89.437,5.731,121.457,123.942,1169.303,22.928,1293.245,1429.527,40.209,43.616,0.07543,0.169346,0.904162
chartqa,896,64,57,iter057,chartqa_val_57,36,4096,1024,64,106.132,106.132,97.643,0.195,0.67,89.575,5.766,121.057,123.212,1508.974,23.952,1632.186,1738.318,39.211,41.75,0.059823,0.133992,0.924511
chartqa,896,64,58,iter058,chartqa_val_58,29,4096,1024,37,120.431,120.431,119.774,0.197,0.67,111.683,5.838,143.416,145.552,866.162,24.06,1011.713,1132.144,36.572,41.563,0.118388,0.260143,0.856134
chartqa,896,64,59,iter059,chartqa_val_59,35,4096,1024,64,117.258,117.258,97.266,0.193,0.666,89.243,5.764,120.528,122.675,1465.273,23.258,1587.948,1705.206,40.304,42.995,0.061252,0.137154,0.922746
chartqa,896,64,60,iter060,chartqa_val_60,29,4096,1024,35,309.96,309.96,111.938,0.195,0.693,103.55,5.785,135.605,140.287,725.149,21.328,865.436,1175.397,40.442,46.887,0.129343,0.286032,0.837901
chartqa,896,64,61,iter061,chartqa_val_61,35,4096,1024,64,169.6,169.6,119.666,0.196,0.721,110.943,5.811,144.792,148.702,1458.272,23.147,1606.974,1776.574,39.826,43.202,0.074467,0.16457,0.907464
chartqa,896,64,62,iter062,chartqa_val_62,30,4096,1024,45,111.829,111.829,99.773,0.195,0.692,91.637,5.737,130.32,132.818,1114.198,25.323,1247.015,1358.844,36.086,39.49,0.080009,0.184515,0.893491
chartqa,896,64,63,iter063,chartqa_val_63,34,4096,1024,30,100.746,100.746,99.368,0.195,0.686,91.256,5.761,123.367,125.697,671.221,23.146,796.918,897.663,37.645,43.205,0.12469,0.279495,0.842271
chartqa,896,64,64,iter064,chartqa_val_64,33,4096,1024,16,99.714,99.714,124.113,0.195,0.685,115.888,5.867,161.934,164.451,355.988,23.733,520.439,620.153,30.743,42.136,0.238478,0.549625,0.684015
chartqa,896,64,65,iter065,chartqa_val_65,35,4096,1024,64,121.513,121.513,99.423,0.197,0.7,91.366,5.738,123.385,125.687,1520.44,24.134,1646.127,1767.64,38.879,41.435,0.060398,0.135353,0.923647
chartqa,896,64,66,iter066,chartqa_val_66,29,4096,1024,30,111.456,111.456,98.979,0.196,0.685,90.97,5.707,122.606,124.87,757.911,26.135,882.78,994.237,33.984,38.263,0.112122,0.251009,0.85855
chartqa,896,64,67,iter067,chartqa_val_67,31,4096,1024,64,117.766,117.766,100.176,0.194,0.684,92.042,5.76,123.798,126.218,1587.771,25.203,1713.989,1831.754,37.34,39.678,0.058446,0.130675,0.92636
chartqa,896,64,68,iter068,chartqa_val_68,28,4096,1024,10,120.637,120.637,96.585,0.195,0.674,88.565,5.737,119.71,122.119,188.217,20.913,310.336,430.973,32.223,47.817,0.311227,0.696971,0.606495
chartqa,896,64,69,iter069,chartqa_val_69,31,4096,1024,64,223.742,223.742,100.188,0.195,0.684,92.062,5.734,124.808,127.326,1557.188,24.717,1684.514,1908.256,37.993,40.458,0.059476,0.133568,0.924414
chartqa,896,64,70,iter070,chartqa_val_70,34,4096,1024,64,116.55,116.55,123.516,0.194,0.692,115.282,5.877,148.141,150.587,1571.447,24.944,1722.034,1838.584,37.165,40.09,0.071727,0.157754,0.912553
chartqa,896,64,71,iter071,chartqa_val_71,37,4096,1024,64,108.804,108.804,99.832,0.195,0.692,91.743,5.745,538.05,540.681,1558.646,24.74,2099.328,2208.132,30.486,40.42,0.047554,0.303851,0.74245
chartqa,896,64,72,iter072,chartqa_val_72,31,4096,1024,17,101.232,101.232,164.369,0.194,0.697,156.05,5.91,200.714,203.018,357.14,22.321,560.159,661.39,30.349,44.8,0.293432,0.651749,0.63757
chartqa,896,64,73,iter073,chartqa_val_73,32,4096,1024,64,108.214,108.214,124.293,0.194,0.675,116.157,5.87,148.517,150.777,1552.046,24.636,1702.823,1811.038,37.585,40.592,0.072993,0.160211,0.911454
chartqa,896,64,74,iter074,chartqa_val_74,28,4096,1024,26,219.331,219.331,102.423,0.197,0.695,94.412,5.728,126.256,128.466,626.204,25.048,754.67,974.0,34.452,39.923,0.135719,0.303018,0.829772
chartqa,896,64,75,iter075,chartqa_val_75,31,4096,1024,64,240.031,240.031,101.64,0.197,0.695,93.438,5.79,127.924,130.607,1580.071,25.08,1710.678,1950.709,37.412,39.872,0.059415,0.134195,0.923652
chartqa,896,64,76,iter076,chartqa_val_76,29,4096,1024,18,133.945,133.945,100.198,0.195,0.699,91.997,5.758,125.081,127.713,414.831,24.402,542.544,676.489,33.177,40.981,0.184681,0.415226,0.764603
chartqa,896,64,77,iter077,chartqa_val_77,30,4096,1024,64,136.36,136.36,118.038,0.195,0.723,109.358,5.802,141.673,144.954,1463.902,23.237,1608.856,1745.216,39.78,43.036,0.073368,0.161426,0.909903
chartqa,896,64,78,iter078,chartqa_val_78,30,4096,1024,26,255.994,255.994,123.805,0.194,0.674,115.624,5.858,149.744,152.074,540.177,21.607,692.251,948.246,37.559,46.281,0.178844,0.395158,0.78032
chartqa,896,64,79,iter079,chartqa_val_79,36,4096,1024,23,106.926,106.926,97.086,0.198,0.664,89.104,5.766,119.948,121.99,592.514,26.932,714.505,821.431,32.19,37.13,0.135879,0.303755,0.829266
chartqa,896,64,80,iter080,chartqa_val_80,35,4096,1024,17,86.472,86.472,96.558,0.195,0.661,88.587,5.741,119.327,121.394,409.103,25.569,530.496,616.968,32.045,39.11,0.182015,0.406949,0.77117
chartqa,896,64,81,iter081,chartqa_val_81,33,4096,1024,64,99.09,99.09,99.719,0.197,0.664,91.694,5.79,124.75,126.92,1424.581,22.612,1551.5,1650.59,41.25,44.224,0.064273,0.144679,0.918196
chartqa,896,64,82,iter082,chartqa_val_82,29,4096,1024,14,110.569,110.569,96.73,0.194,0.67,88.766,5.743,120.016,122.097,348.364,26.797,470.461,581.03,29.758,37.317,0.205607,0.46071,0.740474
chartqa,896,64,83,iter083,chartqa_val_83,31,4096,1024,64,116.568,116.568,96.697,0.195,0.679,88.719,5.76,119.405,121.482,1498.232,23.781,1619.713,1736.281,39.513,42.05,0.0597,0.13342,0.924998
chartqa,896,64,84,iter084,chartqa_val_84,30,4096,1024,27,198.499,198.499,102.978,0.197,0.674,94.913,5.765,127.223,129.526,601.728,23.143,731.253,929.753,36.923,43.209,0.140824,0.314803,0.822872
chartqa,896,64,85,iter085,chartqa_val_85,34,4096,1024,64,102.261,102.261,131.564,0.195,0.684,122.255,6.975,156.432,158.66,1504.611,23.883,1663.272,1765.533,38.478,41.871,0.079099,0.17315,0.90461
chartqa,896,64,86,iter086,chartqa_val_86,38,4096,1024,29,129.438,129.438,97.972,0.196,0.681,89.929,5.767,121.28,123.411,682.574,24.378,805.985,935.423,35.981,41.021,0.121556,0.27203,0.846882
chartqa,896,64,87,iter087,chartqa_val_87,38,4096,1024,64,96.289,96.289,109.986,0.196,0.668,101.856,5.842,146.465,148.784,1458.114,23.145,1606.898,1703.188,39.828,43.206,0.068446,0.159594,0.907409
chartqa,896,64,88,iter088,chartqa_val_88,29,4096,1024,55,115.875,115.875,144.894,0.196,0.656,136.762,5.868,174.089,176.341,1327.076,24.575,1503.417,1619.292,36.583,40.691,0.096376,0.212172,0.882707
chartqa,896,64,89,iter089,chartqa_val_89,46,4096,1024,64,124.034,124.034,96.995,0.194,0.676,89.021,5.728,119.87,122.03,1447.535,22.977,1569.565,1693.599,40.776,43.522,0.061797,0.138169,0.922252
chartqa,896,64,90,iter090,chartqa_val_90,27,4096,1024,47,101.288,101.288,113.393,0.194,0.691,104.819,5.794,136.913,140.003,1048.698,22.798,1188.701,1289.989,39.539,43.864,0.095392,0.210571,0.882222
chartqa,896,64,91,iter091,chartqa_val_91,30,4096,1024,64,98.51,98.51,97.658,0.198,0.681,89.659,5.758,129.54,131.985,1526.91,24.237,1658.895,1757.405,38.58,41.26,0.058869,0.136958,0.920438
chartqa,896,64,92,iter092,chartqa_val_92,30,4096,1024,17,105.049,105.049,99.866,0.195,0.67,91.823,5.772,125.247,127.502,420.847,26.303,548.349,653.398,31.002,38.019,0.182121,0.410528,0.76748
chartqa,896,64,93,iter093,chartqa_val_93,31,4096,1024,46,241.111,241.111,100.399,0.194,0.687,92.322,5.763,133.619,136.126,1025.398,22.787,1161.524,1402.635,39.603,43.885,0.086437,0.201475,0.882804
chartqa,896,64,94,iter094,chartqa_val_94,30,4096,1024,64,122.202,122.202,97.506,0.194,0.671,89.549,5.744,120.357,122.437,1416.765,22.488,1539.202,1661.404,41.58,44.468,0.063349,0.141543,0.920454
chartqa,896,64,95,iter095,chartqa_val_95,34,4096,1024,64,296.619,296.619,120.874,0.196,0.693,110.058,5.849,144.764,151.795,1434.052,22.763,1585.847,1882.466,40.357,43.931,0.076221,0.167505,0.904281
chartqa,896,64,96,iter096,chartqa_val_96,32,4096,1024,34,130.933,130.933,129.242,0.193,0.679,120.851,6.061,174.711,177.383,860.122,26.064,1037.504,1168.437,32.771,38.367,0.12457,0.292965,0.82903
chartqa,896,64,97,iter097,chartqa_val_97,35,4096,1024,35,102.9,102.9,119.292,0.193,0.709,111.034,5.793,145.4,148.127,863.456,25.396,1011.583,1114.483,34.599,39.377,0.117926,0.261661,0.853569
chartqa,896,64,98,iter098,chartqa_val_98,30,4096,1024,64,102.215,102.215,102.348,0.194,0.672,94.256,5.777,128.473,130.889,1701.249,27.004,1832.138,1934.353,34.932,37.032,0.055862,0.125984,0.928559
chartqa,896,64,99,iter099,chartqa_val_99,34,4096,1024,64,131.28,131.28,100.038,0.197,0.689,91.927,5.771,124.887,127.242,1590.46,25.245,1717.701,1848.982,37.259,39.611,0.058239,0.130945,0.925923
chartqa,896,64,100,iter100,chartqa_val_100,29,4096,1024,55,145.037,145.037,100.519,0.195,0.687,92.364,5.76,134.948,137.574,1345.207,24.911,1482.782,1627.819,37.092,40.143,0.067791,0.158801,0.907219
chartqa,896,64,101,iter101,chartqa_val_101,49,4096,1024,64,174.368,174.368,116.613,0.195,0.696,108.021,5.812,140.424,143.918,1497.44,23.769,1641.358,1815.726,38.992,42.072,0.071047,0.1566,0.912318
chartqa,896,64,102,iter102,chartqa_val_102,28,4096,1024,11,109.012,109.012,97.778,0.196,0.677,89.747,5.748,120.691,122.877,212.662,21.266,335.538,444.55,32.783,47.023,0.291406,0.651098,0.633793
chartqa,896,64,103,iter103,chartqa_val_103,31,4096,1024,61,106.813,106.813,97.948,0.196,0.67,89.978,5.715,121.326,123.37,1431.823,23.864,1555.193,1662.006,39.223,41.905,0.062981,0.140995,0.920672
chartqa,896,64,104,iter104,chartqa_val_104,30,4096,1024,11,92.97,92.97,97.439,0.195,0.676,89.415,5.756,120.807,123.028,293.703,29.37,416.731,509.701,26.396,34.048,0.233817,0.523709,0.704779
chartqa,896,64,105,iter105,chartqa_val_105,34,4096,1024,59,141.936,141.936,98.129,0.195,0.667,90.157,5.744,121.361,123.552,1404.403,24.214,1527.956,1669.892,38.614,41.299,0.064222,0.143649,0.919139
chartqa,896,64,106,iter106,chartqa_val_106,27,4096,1024,35,167.077,167.077,96.301,0.195,0.673,88.354,5.727,118.845,120.979,779.412,22.924,900.391,1067.468,38.872,43.623,0.106955,0.238947,0.865637
chartqa,896,64,107,iter107,chartqa_val_107,35,4096,1024,64,115.421,115.421,100.609,0.197,0.717,92.335,5.763,125.474,128.149,1553.994,24.667,1682.143,1797.563,38.047,40.541,0.05981,0.134402,0.923818
chartqa,896,64,108,iter108,chartqa_val_108,29,4096,1024,13,115.616,115.616,99.23,0.196,0.683,91.161,5.742,122.9,125.223,307.553,25.629,432.776,548.391,30.039,39.018,0.229288,0.513267,0.710651
chartqa,896,64,109,iter109,chartqa_val_109,30,4096,1024,46,127.122,127.122,119.569,0.195,0.703,110.961,5.79,143.453,145.761,1096.397,24.364,1242.158,1369.28,37.032,41.044,0.096259,0.211746,0.882655
chartqa,896,64,110,iter110,chartqa_val_110,31,4096,1024,18,99.857,99.857,98.605,0.194,0.709,90.555,5.738,121.989,124.261,395.146,23.244,519.407,619.265,34.655,43.022,0.189841,0.424704,0.760764
chartqa,896,64,111,iter111,chartqa_val_111,32,4096,1024,64,144.816,144.816,131.588,0.194,0.673,123.386,5.869,155.566,158.131,1468.026,23.302,1626.157,1770.973,39.357,42.915,0.08092,0.176584,0.902758
chartqa,896,64,112,iter112,chartqa_val_112,30,4096,1024,17,124.015,124.015,116.63,0.194,0.677,108.182,6.097,156.012,158.203,429.065,26.817,587.268,711.283,28.948,37.29,0.198598,0.464256,0.730612
chartqa,896,64,113,iter113,chartqa_val_113,30,4096,1024,64,93.712,93.712,98.208,0.194,0.665,90.18,5.764,121.581,123.719,1548.27,24.576,1671.989,1765.701,38.278,40.691,0.058737,0.131454,0.926005
chartqa,896,64,114,iter114,chartqa_val_114,28,4096,1024,13,218.156,218.156,113.442,0.195,0.725,104.693,5.762,140.591,147.212,281.04,23.42,428.252,646.408,30.356,42.699,0.264896,0.593186,0.65625
chartqa,896,64,115,iter115,chartqa_val_115,31,4096,1024,64,102.735,102.735,101.744,0.196,0.696,93.624,5.758,125.707,127.991,1561.323,24.783,1689.314,1792.049,37.885,40.35,0.060228,0.134641,0.924235
chartqa,896,64,116,iter116,chartqa_val_116,30,4096,1024,7,108.986,108.986,100.92,0.195,0.684,92.73,5.761,127.061,129.639,162.945,27.158,292.584,401.569,23.925,36.822,0.344928,0.7792,0.556918
chartqa,896,64,117,iter117,chartqa_val_117,34,4096,1024,39,106.617,106.617,109.534,0.195,0.68,101.36,5.914,147.306,149.578,893.83,23.522,1043.408,1150.025,37.378,42.514,0.104977,0.246154,0.856645
chartqa,896,64,118,iter118,chartqa_val_118,29,4096,1024,32,110.795,110.795,124.536,0.196,0.673,116.396,5.875,152.509,154.695,697.667,22.505,852.362,963.157,37.543,44.434,0.146107,0.325032,0.81851
chartqa,896,64,119,iter119,chartqa_val_119,33,4096,1024,64,110.848,110.848,97.584,0.195,0.665,89.601,5.752,120.766,122.883,1500.327,23.815,1623.21,1734.058,39.428,41.991,0.060118,0.134517,0.924296
chartqa,896,64,120,iter120,chartqa_val_120,30,4096,1024,38,103.268,103.268,120.732,0.196,0.671,112.65,5.833,143.941,146.046,852.219,23.033,998.264,1101.532,38.066,43.416,0.120942,0.265134,0.8537
chartqa,896,64,121,iter121,chartqa_val_121,31,4096,1024,64,337.405,337.405,103.325,0.195,0.685,95.157,5.784,129.262,132.135,1643.59,26.089,1775.725,2113.13,36.042,38.331,0.058187,0.130982,0.925588
chartqa,896,64,122,iter122,chartqa_val_122,33,4096,1024,27,130.807,130.807,100.554,0.194,0.679,92.417,5.776,126.248,128.8,666.221,25.624,795.021,925.828,33.961,39.026,0.12648,0.285279,0.837992
chartqa,896,64,123,iter123,chartqa_val_123,39,4096,1024,64,112.775,112.775,97.157,0.196,0.671,89.152,5.756,522.009,524.42,1444.484,22.928,1968.905,2081.68,32.505,43.614,0.049346,0.314473,0.733649
chartqa,896,64,124,iter124,chartqa_val_124,45,4096,1024,35,220.571,220.571,97.011,0.196,0.667,89.04,5.754,492.356,494.446,856.898,25.203,1351.343,1571.914,25.9,39.678,0.071789,0.436135,0.634108
chartqa,896,64,125,iter125,chartqa_val_125,44,4096,1024,64,176.077,176.077,100.726,0.195,0.697,92.573,5.743,125.555,128.165,1512.386,24.006,1640.551,1816.628,39.011,41.656,0.061398,0.13793,0.921877
chartqa,896,64,126,iter126,chartqa_val_126,29,4096,1024,30,103.549,103.549,99.856,0.195,0.675,91.811,5.751,124.101,126.337,688.918,23.756,815.255,918.804,36.798,42.095,0.122484,0.274708,0.845034
chartqa,896,64,127,iter127,chartqa_val_127,32,4096,1024,34,109.853,109.853,130.332,0.196,0.681,122.096,5.845,159.326,161.883,813.429,24.649,975.312,1085.166,34.861,40.569,0.133631,0.29699,0.834019
chartqa,896,64,128,iter128,chartqa_val_128,28,4096,1024,60,109.856,109.856,100.531,0.194,0.684,92.477,5.766,124.716,126.879,1417.077,24.018,1543.956,1653.813,38.861,41.635,0.065113,0.145889,0.917822
chartqa,896,64,129,iter129,chartqa_val_129,29,4096,1024,39,107.659,107.659,100.39,0.195,0.683,92.316,5.763,135.029,137.404,964.916,25.393,1102.321,1209.98,35.38,39.382,0.091071,0.213567,0.87535
chartqa,896,64,130,iter130,chartqa_val_130,28,4096,1024,35,106.064,106.064,103.443,0.195,0.68,95.279,5.776,129.343,131.687,885.919,26.056,1017.606,1123.67,34.394,38.378,0.101654,0.228759,0.870591
chartqa,896,64,131,iter131,chartqa_val_131,34,4096,1024,54,111.03,111.03,100.391,0.195,0.671,92.324,5.777,126.173,128.326,1280.826,24.167,1409.153,1520.182,38.321,41.38,0.071242,0.16078,0.908934
chartqa,896,64,132,iter132,chartqa_val_132,30,4096,1024,64,217.299,217.299,101.948,0.195,0.67,93.88,5.777,125.803,128.053,1466.12,23.272,1594.173,1811.472,40.146,42.971,0.06395,0.142864,0.919675
chartqa,896,64,133,iter133,chartqa_val_133,36,4096,1024,64,108.75,108.75,104.587,0.196,0.697,96.342,5.763,130.942,134.165,1642.444,26.071,1776.609,1885.359,36.024,38.357,0.058869,0.132572,0.924482
chartqa,896,64,134,iter134,chartqa_val_134,44,4096,1024,32,326.879,326.879,102.651,0.196,0.72,94.053,5.746,126.398,130.546,696.756,22.476,827.303,1154.182,38.68,44.492,0.124079,0.276863,0.842202
chartqa,896,64,135,iter135,chartqa_val_135,49,4096,1024,64,111.888,111.888,115.714,0.193,0.688,107.484,5.848,154.963,157.392,1549.55,24.596,1706.942,1818.831,37.494,40.657,0.06779,0.158574,0.907793
chartqa,896,64,136,iter136,chartqa_val_136,37,4096,1024,22,107.356,107.356,96.876,0.195,0.686,88.813,5.739,120.351,122.68,538.363,25.636,661.043,768.399,33.281,39.007,0.146551,0.328614,0.814415
chartqa,896,64,137,iter137,chartqa_val_137,41,4096,1024,26,103.85,103.85,113.89,0.194,0.664,105.79,5.81,583.408,585.854,581.864,23.275,1167.718,1271.568,22.266,42.965,0.097532,0.597145,0.498292
chartqa,896,64,138,iter138,chartqa_val_138,29,4096,1024,28,114.515,114.515,102.421,0.195,0.67,94.272,5.841,138.726,141.074,688.792,25.511,829.866,944.381,33.74,39.199,0.123418,0.290585,0.830003
chartqa,896,64,139,iter139,chartqa_val_139,33,4096,1024,64,101.455,101.455,124.32,0.194,0.694,116.015,5.862,149.343,152.037,1446.555,22.961,1598.593,1700.048,40.035,43.552,0.077768,0.17119,0.904893
chartqa,896,64,140,iter140,chartqa_val_140,30,4096,1024,37,103.039,103.039,127.572,0.195,0.673,119.437,5.826,156.419,158.669,827.674,22.991,986.344,1089.383,37.512,43.495,0.129339,0.287923,0.839134
chartqa,896,64,141,iter141,chartqa_val_141,31,4096,1024,64,208.863,208.863,96.826,0.195,0.663,88.847,5.755,119.525,121.622,1516.556,24.072,1638.177,1847.04,39.068,41.542,0.059106,0.132068,0.925758
chartqa,896,64,142,iter142,chartqa_val_142,29,4096,1024,19,119.058,119.058,124.066,0.197,0.691,115.527,5.788,146.889,149.772,382.888,21.272,532.66,651.719,35.67,47.011,0.232918,0.508682,0.718822
chartqa,896,64,143,iter143,chartqa_val_143,41,4096,1024,57,183.158,183.158,97.164,0.195,0.666,89.077,5.848,133.804,136.062,1330.198,23.754,1466.26,1649.418,38.874,42.099,0.066266,0.157522,0.907205
chartqa,896,64,144,iter144,chartqa_val_144,29,4096,1024,30,97.539,97.539,97.54,0.197,0.666,89.519,5.724,120.69,122.763,707.588,24.4,830.35,927.889,36.129,40.984,0.117469,0.262818,0.852156
chartqa,896,64,145,iter145,chartqa_val_145,31,4096,1024,64,106.634,106.634,130.414,0.196,0.686,121.411,6.234,157.794,160.339,1506.364,23.911,1666.703,1773.336,38.399,41.823,0.078247,0.172921,0.903799
chartqa,896,64,146,iter146,chartqa_val_146,29,4096,1024,52,131.076,131.076,96.358,0.194,0.674,88.381,5.736,118.957,121.123,1197.987,23.49,1319.109,1450.185,39.421,42.571,0.073047,0.163227,0.908178
chartqa,896,64,147,iter147,chartqa_val_147,37,4096,1024,64,118.628,118.628,112.52,0.195,0.669,104.275,5.946,150.642,153.109,1491.728,23.678,1644.837,1763.465,38.91,42.233,0.068408,0.159993,0.906915
chartqa,896,64,148,iter148,chartqa_val_148,30,4096,1024,29,214.009,214.009,99.668,0.196,0.705,91.515,5.744,127.008,129.793,692.268,24.724,822.061,1036.07,35.277,40.447,0.121241,0.275741,0.842112
chartqa,896,64,149,iter149,chartqa_val_149,38,4096,1024,64,105.597,105.597,98.833,0.195,0.666,90.878,5.708,122.553,124.707,1580.213,25.083,1704.92,1810.517,37.538,39.868,0.057969,0.129851,0.926855
chartqa,896,64,150,iter150,chartqa_val_150,29,4096,1024,22,115.02,115.02,99.298,0.195,0.673,91.276,5.727,123.211,125.412,532.757,25.369,658.168,773.188,33.426,39.418,0.15087,0.338073,0.809453
chartqa,896,64,151,iter151,chartqa_val_151,31,4096,1024,64,98.463,98.463,99.121,0.196,0.669,91.152,5.727,122.78,124.986,1575.995,25.016,1700.981,1799.443,37.625,39.975,0.058273,0.130455,0.926521
chartqa,896,64,152,iter152,chartqa_val_152,27,4096,1024,10,91.289,91.289,99.713,0.195,0.684,91.62,5.746,124.559,126.93,263.524,29.28,390.455,481.744,25.611,34.152,0.255377,0.574387,0.674917
chartqa,896,64,153,iter153,chartqa_val_153,31,4096,1024,11,129.934,129.934,99.326,0.196,0.682,91.303,5.717,122.536,124.786,213.612,21.361,338.398,468.332,32.506,46.814,0.293518,0.655623,0.631245
chartqa,896,64,154,iter154,chartqa_val_154,31,4096,1024,15,118.782,118.782,143.884,0.194,0.724,135.648,5.811,180.14,182.813,374.564,26.755,557.377,676.159,26.912,37.377,0.258145,0.581338,0.672012
chartqa,896,64,155,iter155,chartqa_val_155,31,4096,1024,63,117.612,117.612,98.775,0.194,0.681,90.727,5.713,122.191,124.489,1425.728,22.996,1550.217,1667.829,40.639,43.487,0.063717,0.142539,0.919696
chartqa,896,64,156,iter156,chartqa_val_156,28,4096,1024,62,359.01,359.01,122.068,0.196,0.696,110.206,5.974,145.658,148.998,1469.842,24.096,1618.84,1977.85,38.299,41.501,0.075404,0.165381,0.90796
chartqa,896,64,157,iter157,chartqa_val_157,30,4096,1024,64,111.197,111.197,97.721,0.197,0.666,89.699,5.753,123.217,125.63,1552.976,24.65,1678.605,1789.802,38.127,40.567,0.058216,0.13162,0.925158
chartqa,896,64,158,iter158,chartqa_val_158,30,4096,1024,33,121.36,121.36,97.675,0.196,0.682,89.7,5.74,133.434,135.742,711.15,22.223,846.892,968.252,38.966,44.998,0.115334,0.27289,0.839718
chartqa,896,64,159,iter159,chartqa_val_159,30,4096,1024,18,427.882,427.882,113.603,0.196,0.72,105.263,5.823,137.052,139.941,393.445,23.144,533.387,961.268,33.747,43.208,0.212984,0.469931,0.737636
chartqa,896,64,160,iter160,chartqa_val_160,30,4096,1024,25,90.487,90.487,97.122,0.194,0.669,89.157,5.734,120.313,122.441,604.773,25.199,727.214,817.702,34.378,39.684,0.133554,0.298997,0.83163
chartqa,896,64,161,iter161,chartqa_val_161,44,4096,1024,64,175.492,175.492,96.709,0.197,0.67,88.7,5.774,119.778,121.922,1467.916,23.3,1589.838,1765.33,40.256,42.918,0.060829,0.136169,0.923312
chartqa,896,64,162,iter162,chartqa_val_162,30,4096,1024,36,151.098,151.098,100.48,0.194,0.701,92.259,5.747,133.894,137.519,850.039,24.287,987.558,1138.656,36.454,41.175,0.101746,0.237327,0.860748
chartqa,896,64,163,iter163,chartqa_val_163,34,4096,1024,64,211.703,211.703,124.638,0.196,0.686,116.483,5.795,152.527,155.222,1541.953,24.475,1697.175,1908.878,37.71,40.857,0.073438,0.163309,0.908541
chartqa,896,64,164,iter164,chartqa_val_164,34,4096,1024,3,102.432,102.432,103.696,0.195,0.67,95.596,5.787,143.532,146.179,58.221,29.111,204.4,306.833,14.677,34.352,0.507317,1.209528,0.284838
chartqa,896,64,165,iter165,chartqa_val_165,31,4096,1024,37,120.092,120.092,117.105,0.197,0.665,109.015,5.828,140.381,142.477,805.626,22.378,948.102,1068.195,39.025,44.686,0.123516,0.271581,0.849724
chartqa,896,64,166,iter166,chartqa_val_166,40,4096,1024,30,107.442,107.442,97.586,0.194,0.67,89.609,5.733,120.889,123.084,713.867,24.616,836.95,944.393,35.844,40.624,0.116597,0.261037,0.852938
chartqa,896,64,167,iter167,chartqa_val_167,50,4096,1024,53,110.045,110.045,98.284,0.194,0.667,90.271,5.768,575.756,578.04,1189.662,22.878,1767.702,1877.747,29.982,43.71,0.0556,0.381309,0.672999
chartqa,896,64,168,iter168,chartqa_val_168,33,4096,1024,11,100.761,100.761,97.764,0.195,0.667,89.743,5.75,131.373,133.704,252.167,25.217,385.871,486.632,28.507,39.656,0.25336,0.59382,0.6535
chartqa,896,64,169,iter169,chartqa_val_169,35,4096,1024,40,113.335,113.335,115.808,0.195,0.707,107.502,5.817,168.021,170.964,907.194,23.261,1078.158,1191.493,37.1,42.99,0.107413,0.263253,0.841429
chartqa,896,64,170,iter170,chartqa_val_170,29,4096,1024,47,125.999,125.999,115.223,0.194,0.681,107.02,5.8,152.676,155.342,1113.376,24.204,1268.718,1394.716,37.045,41.316,0.090818,0.211157,0.87756
chartqa,896,64,171,iter171,chartqa_val_171,32,4096,1024,63,117.002,117.002,159.752,0.194,0.668,151.591,5.887,199.14,201.57,1482.506,23.911,1684.075,1801.077,37.409,41.821,0.09486,0.213109,0.880308
chartqa,896,64,172,iter172,chartqa_val_172,33,4096,1024,64,113.69,113.69,126.535,0.195,0.702,118.255,5.903,161.253,163.524,1641.118,26.049,1804.643,1918.333,35.464,38.388,0.070116,0.159471,0.909387
chartqa,896,64,173,iter173,chartqa_val_173,42,4096,1024,64,131.611,131.611,99.482,0.197,0.681,91.412,5.754,513.292,515.774,1575.693,25.011,2091.467,2223.078,30.601,39.982,0.047566,0.292988,0.753391
chartqa,896,64,174,iter174,chartqa_val_174,27,4096,1024,33,118.05,118.05,99.929,0.195,0.672,91.863,5.76,126.161,128.608,827.537,25.861,956.145,1074.195,34.514,38.669,0.104513,0.236461,0.865493
chartqa,896,64,175,iter175,chartqa_val_175,45,4096,1024,64,105.842,105.842,104.296,0.193,0.696,96.151,5.778,143.343,145.975,1563.848,24.823,1709.823,1815.665,37.431,40.285,0.060998,0.144833,0.914626
chartqa,896,64,176,iter176,chartqa_val_176,37,4096,1024,64,157.501,157.501,103.492,0.195,0.679,95.419,5.754,127.778,130.121,1591.382,25.26,1721.503,1879.004,37.177,39.588,0.060117,0.134342,0.924414
chartqa,896,64,177,iter177,chartqa_val_177,40,4096,1024,64,113.307,113.307,98.105,0.196,0.675,90.026,5.743,121.809,124.053,1549.855,24.601,1673.908,1787.215,38.234,40.649,0.058609,0.131378,0.92589
chartqa,896,64,178,iter178,chartqa_val_178,34,4096,1024,64,105.973,105.973,97.783,0.196,0.681,89.727,5.793,121.131,123.288,1571.746,24.948,1695.034,1801.007,37.757,40.083,0.057688,0.12915,0.927265
chartqa,896,64,179,iter179,chartqa_val_179,42,4096,1024,64,147.75,147.75,100.686,0.195,0.688,92.538,5.797,126.185,128.854,1630.999,25.889,1759.853,1907.603,36.367,38.627,0.057213,0.128915,0.926781
chartqa,896,64,180,iter180,chartqa_val_180,33,4096,1024,20,193.394,193.394,101.032,0.195,0.684,92.913,5.75,124.769,127.318,472.284,24.857,599.602,792.995,33.355,40.23,0.168499,0.376585,0.787662
chartqa,896,64,181,iter181,chartqa_val_181,40,4096,1024,64,102.239,102.239,99.456,0.193,0.662,91.29,5.768,124.468,126.548,1529.371,24.276,1655.919,1758.158,38.649,41.193,0.060061,0.135227,0.923578
chartqa,896,64,182,iter182,chartqa_val_182,48,4096,1024,64,113.097,113.097,97.25,0.196,0.665,89.265,5.743,579.866,582.059,1427.362,22.657,2009.421,2122.519,31.85,44.137,0.048397,0.336971,0.710335
chartqa,896,64,183,iter183,chartqa_val_183,39,4096,1024,62,115.235,115.235,97.445,0.194,0.676,89.48,5.727,120.389,122.472,1452.559,23.812,1575.031,1690.266,39.364,41.995,0.061869,0.138305,0.922242
chartqa,896,64,184,iter184,chartqa_val_184,33,4096,1024,27,100.607,100.607,97.697,0.194,0.67,89.619,5.806,120.59,122.67,595.642,22.909,718.312,818.919,37.588,43.65,0.13601,0.303889,0.829225
chartqa,896,64,185,iter185,chartqa_val_185,42,4096,1024,2,111.442,111.442,99.975,0.195,0.662,91.88,5.8,125.318,127.446,21.792,21.792,149.238,260.68,13.401,45.888,0.669899,1.509618,0.146023
chartqa,896,64,186,iter186,chartqa_val_186,33,4096,1024,23,104.711,104.711,96.586,0.196,0.659,88.653,5.739,119.486,121.554,507.814,23.082,629.368,734.079,36.545,43.323,0.153466,0.343317,0.806863
chartqa,896,64,187,iter187,chartqa_val_187,33,4096,1024,25,111.605,111.605,96.686,0.194,0.66,88.753,5.723,119.438,121.483,586.911,24.455,708.394,819.999,35.291,40.892,0.136486,0.30509,0.828509
chartqa,896,64,188,iter188,chartqa_val_188,35,4096,1024,44,111.79,111.79,100.891,0.195,0.689,92.707,5.775,126.18,128.815,1045.029,24.303,1173.844,1285.634,37.484,41.147,0.085949,0.193442,0.890262
chartqa,896,64,189,iter189,chartqa_val_189,32,4096,1024,53,108.721,108.721,100.666,0.196,0.692,92.54,5.747,125.527,127.92,1267.181,24.369,1395.1,1503.821,37.99,41.036,0.072157,0.162134,0.908308
chartqa,896,64,190,iter190,chartqa_val_190,37,4096,1024,64,124.914,124.914,103.197,0.195,0.698,92.584,8.138,139.241,142.147,1543.789,24.505,1685.936,1810.85,37.961,40.809,0.061211,0.1438,0.915687
chartqa,896,64,191,iter191,chartqa_val_191,34,4096,1024,63,95.226,95.226,100.365,0.195,0.685,92.243,5.759,124.746,127.098,1431.247,23.085,1558.345,1653.571,40.427,43.319,0.064405,0.144455,0.91844
chartqa,896,64,192,iter192,chartqa_val_192,44,4096,1024,64,113.987,113.987,99.94,0.194,0.68,91.83,5.739,124.522,126.732,1467.358,23.291,1594.09,1708.077,40.148,42.934,0.062694,0.140809,0.920499
chartqa,896,64,193,iter193,chartqa_val_193,43,4096,1024,64,112.927,112.927,126.259,0.197,0.686,117.391,6.512,545.29,547.554,1442.694,22.9,1990.248,2103.175,32.157,43.668,0.063439,0.33742,0.724882
chartqa,896,64,194,iter194,chartqa_val_194,36,4096,1024,23,211.929,211.929,102.242,0.195,0.672,94.228,5.741,125.966,128.103,474.836,21.583,602.939,814.869,38.146,46.332,0.169573,0.378493,0.787536
chartqa,896,64,195,iter195,chartqa_val_195,43,4096,1024,64,124.555,124.555,99.323,0.195,0.696,91.202,5.742,133.232,135.952,1412.189,22.416,1548.141,1672.696,41.34,44.612,0.064156,0.150216,0.912184
chartqa,896,64,196,iter196,chartqa_val_196,32,4096,1024,26,120.868,120.868,122.103,0.196,0.685,113.948,5.821,157.133,159.477,610.646,24.426,770.123,890.991,33.761,40.94,0.15855,0.362586,0.79292
chartqa,896,64,197,iter197,chartqa_val_197,40,4096,1024,34,109.03,109.03,99.567,0.196,0.692,91.472,5.744,123.333,125.6,769.12,23.307,894.72,1003.749,38.001,42.906,0.111283,0.249128,0.859621
chartqa,896,64,198,iter198,chartqa_val_198,28,4096,1024,17,122.555,122.555,101.856,0.194,0.711,93.656,5.774,127.641,129.929,399.081,24.943,529.01,651.564,32.136,40.092,0.192542,0.433824,0.754392
chartqa,896,64,199,iter199,chartqa_val_199,34,4096,1024,23,117.81,117.81,126.903,0.196,0.677,118.776,5.869,150.529,152.679,483.477,21.976,636.156,753.966,36.155,45.504,0.199484,0.436106,0.759997
chartqa,896,64,200,iter200,chartqa_val_200,35,4096,1024,64,120.606,120.606,98.043,0.195,0.669,90.071,5.709,121.165,123.248,1453.951,23.079,1577.198,1697.804,40.578,43.33,0.062163,0.138985,0.921857
chartqa,896,64,201,iter201,chartqa_val_201,35,4096,1024,22,103.656,103.656,99.265,0.194,0.668,91.283,5.729,123.019,125.22,508.503,24.214,633.723,737.38,34.715,41.298,0.156638,0.350759,0.802405
chartqa,896,64,202,iter202,chartqa_val_202,30,4096,1024,9,217.132,217.132,104.486,0.195,0.669,96.451,5.757,129.467,131.672,179.305,22.413,310.977,528.109,28.941,44.617,0.335993,0.752316,0.576586
chartqa,896,64,203,iter203,chartqa_val_203,48,4096,1024,64,92.175,92.175,104.254,0.197,0.662,96.233,5.769,142.901,145.202,1440.481,22.865,1585.684,1677.858,40.361,43.735,0.065747,0.155867,0.908429
chartqa,896,64,204,iter204,chartqa_val_204,30,4096,1024,24,98.595,98.595,127.63,0.195,0.673,119.37,5.999,151.559,153.846,546.504,23.761,700.351,798.946,34.269,42.086,0.182237,0.398641,0.78033
chartqa,896,64,205,iter205,chartqa_val_205,36,4096,1024,23,111.791,111.791,103.206,0.195,0.685,95.017,5.771,129.813,132.199,507.575,23.072,639.774,751.564,35.95,43.343,0.161316,0.364221,0.793367
chartqa,896,64,206,iter206,chartqa_val_206,41,4096,1024,32,185.251,185.251,117.831,0.194,0.711,109.082,5.859,142.477,145.692,734.443,23.692,880.135,1065.387,36.358,42.209,0.133878,0.295759,0.834466
chartqa,896,64,207,iter207,chartqa_val_207,46,4096,1024,64,96.887,96.887,99.763,0.195,0.701,91.63,5.744,124.003,126.345,1498.7,23.789,1625.044,1721.931,39.384,42.036,0.061391,0.137699,0.922252
chartqa,896,64,208,iter208,chartqa_val_208,31,4096,1024,8,226.043,226.043,104.134,0.196,0.703,92.77,5.764,127.713,131.081,146.835,20.976,277.916,503.959,28.786,47.673,0.374697,0.834236,0.528344
chartqa,896,64,209,iter209,chartqa_val_209,39,4096,1024,8,100.017,100.017,113.71,0.195,0.672,105.668,5.798,148.533,150.562,149.473,21.353,300.035,400.052,26.664,46.831,0.378989,0.87404,0.498185
chartqa,896,64,210,iter210,chartqa_val_210,33,4096,1024,20,100.546,100.546,96.425,0.195,0.666,88.473,5.735,119.195,121.264,398.457,20.971,519.721,620.267,38.482,47.684,0.185532,0.414875,0.766675
chartqa,896,64,211,iter211,chartqa_val_211,39,4096,1024,13,165.644,165.644,129.3,0.194,0.733,117.297,5.91,159.217,162.816,304.649,25.387,467.465,633.11,27.81,39.39,0.276598,0.617195,0.651704
chartqa,896,64,212,iter212,chartqa_val_212,31,4096,1024,12,118.5,118.5,97.199,0.197,0.67,89.162,5.749,120.207,122.45,233.966,21.27,356.417,474.917,33.668,47.015,0.272711,0.609976,0.65644
chartqa,896,64,213,iter213,chartqa_val_213,43,4096,1024,64,220.345,220.345,102.888,0.196,0.703,94.692,5.733,130.857,133.771,1490.162,23.653,1623.932,1844.277,39.411,42.277,0.063357,0.143938,0.917625
chartqa,896,64,214,iter214,chartqa_val_214,30,4096,1024,11,94.595,94.595,100.066,0.196,0.689,91.91,5.758,124.144,126.583,269.929,26.993,396.512,491.107,27.742,37.047,0.252367,0.565458,0.680758
chartqa,896,64,215,iter215,chartqa_val_215,34,4096,1024,41,99.456,99.456,128.487,0.195,0.689,119.945,5.817,156.646,159.707,932.541,23.314,1092.248,1191.704,37.537,42.894,0.117636,0.261052,0.853781
chartqa,896,64,216,iter216,chartqa_val_216,30,4096,1024,7,115.48,115.48,100.149,0.198,0.706,91.928,5.784,124.77,127.405,136.397,22.733,263.801,379.282,26.535,43.989,0.379639,0.852608,0.517043
chartqa,896,64,217,iter217,chartqa_val_217,43,4096,1024,64,120.545,120.545,120.968,0.195,0.697,112.435,5.824,145.004,147.935,1577.232,25.035,1725.167,1845.713,37.098,39.943,0.07012,0.154172,0.914249
chartqa,896,64,218,iter218,chartqa_val_218,31,4096,1024,7,112.28,112.28,99.671,0.195,0.687,91.561,5.75,123.803,126.085,135.985,22.664,262.07,374.35,26.71,44.122,0.380323,0.852728,0.518889
chartqa,896,64,219,iter219,chartqa_val_219,33,4096,1024,64,113.788,113.788,99.526,0.197,0.691,91.409,5.752,123.539,125.793,1529.366,24.276,1655.159,1768.947,38.667,41.194,0.060131,0.13477,0.923999
chartqa,896,64,220,iter220,chartqa_val_220,33,4096,1024,64,96.81,96.81,98.994,0.195,0.684,90.88,5.751,122.895,125.181,1520.008,24.127,1645.188,1741.998,38.901,41.447,0.060172,0.134871,0.923911
chartqa,896,64,221,iter221,chartqa_val_221,31,4096,1024,43,108.423,108.423,100.805,0.196,0.677,92.692,5.741,125.052,127.317,985.434,23.463,1112.751,1221.174,38.643,42.621,0.09059,0.202971,0.885583
chartqa,896,64,222,iter222,chartqa_val_222,46,4096,1024,56,108.782,108.782,99.096,0.196,0.68,91.099,5.738,122.835,125.063,1372.727,24.959,1497.79,1606.572,37.388,40.066,0.066162,0.148173,0.916502
chartqa,896,64,223,iter223,chartqa_val_223,35,4096,1024,17,116.746,116.746,99.062,0.196,0.683,91.023,5.753,122.949,125.279,355.283,22.205,480.562,597.308,35.375,45.035,0.206139,0.461982,0.739307
chartqa,896,64,224,iter224,chartqa_val_224,32,4096,1024,10,102.734,102.734,98.92,0.195,0.665,90.957,5.736,122.844,124.917,240.569,26.73,365.486,468.22,27.361,37.411,0.270654,0.606765,0.658216
chartqa,896,64,225,iter225,chartqa_val_225,28,4096,1024,31,100.991,100.991,99.805,0.195,0.669,91.763,5.747,127.032,129.469,749.915,24.997,879.384,980.375,35.252,40.005,0.113494,0.25795,0.852773
chartqa,896,64,226,iter226,chartqa_val_226,38,4096,1024,43,140.124,140.124,99.657,0.196,0.697,91.573,5.749,123.697,126.008,1021.721,24.327,1147.729,1287.853,37.465,41.107,0.08683,0.194605,0.890211
chartqa,896,64,227,iter227,chartqa_val_227,33,4096,1024,26,99.018,99.018,99.487,0.197,0.689,91.368,5.762,125.401,127.93,560.972,22.439,688.902,787.92,37.741,44.565,0.144413,0.326444,0.814299
chartqa,896,64,228,iter228,chartqa_val_228,31,4096,1024,13,201.194,201.194,107.641,0.196,0.704,99.396,5.763,133.662,136.589,324.348,27.029,460.937,662.13,28.203,36.997,0.233526,0.523506,0.703671
chartqa,896,64,229,iter229,chartqa_val_229,36,4096,1024,28,112.51,112.51,99.628,0.195,0.685,91.533,5.748,123.758,126.048,685.439,25.387,811.487,923.997,34.505,39.391,0.122773,0.275281,0.844671
chartqa,896,64,230,iter230,chartqa_val_230,41,4096,1024,64,100.271,100.271,99.462,0.194,0.68,91.428,5.736,123.597,125.862,1455.099,23.097,1580.961,1681.233,40.482,43.296,0.062912,0.141091,0.920389
chartqa,896,64,231,iter231,chartqa_val_231,38,4096,1024,35,103.876,103.876,99.53,0.195,0.704,91.471,5.725,123.638,125.887,839.493,24.691,965.38,1069.256,36.255,40.501,0.1031,0.231171,0.869599
chartqa,896,64,232,iter232,chartqa_val_232,36,4096,1024,63,106.396,106.396,127.391,0.196,0.674,118.886,6.201,155.3,157.525,1432.802,23.11,1590.327,1696.722,39.614,43.272,0.080104,0.177757,0.900948
chartqa,896,64,233,iter233,chartqa_val_233,40,4096,1024,64,117.931,117.931,99.384,0.194,0.686,91.336,5.739,123.447,125.641,1517.963,24.095,1643.604,1761.536,38.939,41.503,0.060467,0.135574,0.923558
chartqa,896,64,234,iter234,chartqa_val_234,30,4096,1024,58,120.857,120.857,128.177,0.195,0.692,119.928,5.858,155.328,157.711,1359.014,23.842,1516.725,1637.582,38.24,41.942,0.084509,0.186919,0.896019
chartqa,896,64,235,iter235,chartqa_val_235,28,4096,1024,51,100.133,100.133,99.81,0.195,0.689,91.708,5.751,124.059,126.399,1208.921,24.178,1335.319,1435.453,38.193,41.359,0.074746,0.167652,0.905342
chartqa,896,64,236,iter236,chartqa_val_236,31,4096,1024,30,120.578,120.578,103.042,0.196,0.686,94.878,5.769,128.215,130.639,674.141,23.246,804.78,925.358,37.277,43.018,0.128038,0.287354,0.837671
chartqa,896,64,237,iter237,chartqa_val_237,31,4096,1024,20,107.943,107.943,102.677,0.196,0.698,94.566,5.732,283.073,285.292,484.085,25.478,769.376,877.32,25.995,39.249,0.133455,0.50138,0.629191
chartqa,896,64,238,iter238,chartqa_val_238,31,4096,1024,57,238.987,238.987,102.59,0.194,0.681,94.551,5.74,126.756,129.106,1381.287,24.666,1510.393,1749.38,37.739,40.542,0.067923,0.151846,0.914522
chartqa,896,64,239,iter239,chartqa_val_239,41,4096,1024,64,114.855,114.855,99.204,0.194,0.672,91.189,5.734,123.419,125.665,1495.573,23.739,1621.238,1736.092,39.476,42.124,0.06119,0.137317,0.922488
chartqa,896,64,240,iter240,chartqa_val_240,37,4096,1024,23,164.624,164.624,121.598,0.194,0.712,112.968,5.797,145.332,149.265,508.689,23.122,657.954,822.578,34.957,43.248,0.184812,0.405697,0.773138
chartqa,896,64,241,iter241,chartqa_val_241,37,4096,1024,64,137.058,137.058,96.337,0.196,0.667,88.403,5.718,118.981,121.081,1426.671,22.646,1547.752,1684.81,41.35,44.159,0.062243,0.139116,0.92177
chartqa,896,64,242,iter242,chartqa_val_242,29,4096,1024,28,105.562,105.562,96.663,0.194,0.668,88.712,5.725,119.371,121.478,638.991,23.666,760.469,866.031,36.819,42.254,0.12711,0.284079,0.84026
chartqa,896,64,243,iter243,chartqa_val_243,33,4096,1024,56,118.767,118.767,97.3,0.198,0.66,89.363,5.732,120.324,122.489,1248.657,22.703,1371.146,1489.913,40.842,44.047,0.070963,0.158717,0.910667
chartqa,896,64,244,iter244,chartqa_val_244,29,4096,1024,47,100.442,100.442,96.929,0.194,0.663,88.936,5.758,119.746,121.953,1019.08,22.154,1141.033,1241.476,41.191,45.139,0.084949,0.189894,0.89312
chartqa,896,64,245,iter245,chartqa_val_245,30,4096,1024,26,108.452,108.452,96.88,0.196,0.665,88.917,5.724,119.632,121.784,618.828,24.753,740.612,849.064,35.106,40.399,0.13081,0.292342,0.835563
chartqa,896,64,246,iter246,chartqa_val_246,27,4096,1024,46,120.113,120.113,96.947,0.196,0.662,88.918,5.784,119.766,121.913,1045.482,23.233,1167.395,1287.508,39.404,43.042,0.083046,0.185639,0.895569
chartqa,896,64,247,iter247,chartqa_val_247,27,4096,1024,43,124.367,124.367,96.983,0.196,0.663,88.997,5.768,119.813,121.924,972.461,23.154,1094.384,1218.752,39.291,43.189,0.088619,0.198099,0.888592
chartqa,896,64,248,iter248,chartqa_val_248,33,4096,1024,26,96.698,96.698,96.462,0.197,0.673,88.475,5.746,119.195,121.278,570.543,22.822,691.821,788.518,37.582,43.818,0.139433,0.311724,0.824697
chartqa,896,64,249,iter249,chartqa_val_249,43,4096,1024,64,195.151,195.151,110.498,0.197,0.717,101.955,5.76,133.9,136.915,1415.655,22.471,1552.57,1747.72,41.222,44.502,0.071171,0.157415,0.911814
chartqa,896,64,250,iter250,chartqa_val_250,35,4096,1024,17,117.446,117.446,96.831,0.194,0.665,88.738,5.79,133.339,135.599,352.308,22.019,487.907,605.353,34.843,45.415,0.198461,0.47175,0.72208
chartqa,896,64,251,iter251,chartqa_val_251,44,4096,1024,64,114.752,114.752,96.569,0.196,0.694,88.62,5.728,119.186,121.231,1390.229,22.067,1511.461,1626.213,42.343,45.316,0.063891,0.142746,0.919792
chartqa,896,64,252,iter252,chartqa_val_252,30,4096,1024,8,122.66,122.66,96.62,0.195,0.667,88.649,5.736,119.419,121.53,147.623,21.089,269.153,391.813,29.723,47.418,0.358978,0.802663,0.548471
chartqa,896,64,253,iter253,chartqa_val_253,38,4096,1024,25,100.78,100.78,96.336,0.196,0.654,88.441,5.708,119.005,121.029,527.446,21.977,648.475,749.255,38.552,45.502,0.148557,0.332073,0.813364
chartqa,896,64,254,iter254,chartqa_val_254,42,4096,1024,48,131.051,131.051,100.401,0.195,0.672,92.414,5.746,132.525,134.959,1066.86,22.699,1201.819,1332.87,39.939,44.055,0.083541,0.193811,0.887704
chartqa,896,64,255,iter255,chartqa_val_255,40,4096,1024,33,109.591,109.591,97.8,0.194,0.68,89.818,5.738,121.343,123.509,773.003,24.156,896.512,1006.103,36.809,41.397,0.10909,0.24444,0.862234
chartqa,896,64,256,iter256,chartqa_val_256,33,4096,1024,22,118.586,118.586,100.193,0.195,0.695,92.093,5.745,124.955,127.487,468.128,22.292,595.615,714.202,36.937,44.86,0.168218,0.378009,0.785957
chartqa,896,64,257,iter257,chartqa_val_257,40,4096,1024,64,106.317,106.317,99.251,0.195,0.673,91.218,5.753,123.293,125.553,1505.841,23.902,1631.394,1737.712,39.23,41.837,0.060838,0.136413,0.92304
chartqa,896,64,258,iter258,chartqa_val_258,33,4096,1024,37,107.622,107.622,100.542,0.196,0.665,92.415,5.783,126.292,128.51,874.098,24.28,1002.608,1110.229,36.904,41.185,0.10028,0.226243,0.871824
chartqa,896,64,259,iter259,chartqa_val_259,37,4096,1024,64,117.369,117.369,101.557,0.195,0.706,93.258,5.796,126.984,129.675,1478.831,23.474,1608.506,1725.875,39.788,42.601,0.063137,0.142083,0.919382
chartqa,896,64,260,iter260,chartqa_val_260,32,4096,1024,31,208.335,208.335,106.432,0.195,0.713,97.718,5.783,137.757,141.249,685.594,22.853,826.843,1035.177,37.492,43.758,0.128722,0.295328,0.829171
chartqa,896,64,261,iter261,chartqa_val_261,32,4096,1024,64,104.24,104.24,128.47,0.195,0.666,120.326,5.916,161.21,163.612,1437.442,22.817,1601.054,1705.294,39.974,43.828,0.080241,0.180931,0.89781
chartqa,896,64,262,iter262,chartqa_val_262,38,4096,1024,40,92.343,92.343,122.782,0.195,0.672,114.627,5.882,147.808,149.929,891.357,22.855,1041.286,1133.629,38.414,43.754,0.117914,0.259862,0.856016
chartqa,896,64,263,iter263,chartqa_val_263,41,4096,1024,64,87.45,87.45,98.106,0.195,0.673,90.024,5.771,121.532,123.649,1483.327,23.545,1606.977,1694.427,39.826,42.472,0.06105,0.136677,0.923055
chartqa,896,64,264,iter264,chartqa_val_264,50,4096,1024,42,238.78,238.78,103.407,0.195,0.691,95.223,5.761,128.521,131.265,965.522,23.549,1096.787,1335.567,38.294,42.464,0.094282,0.211461,0.880319
chartqa,896,64,265,iter265,chartqa_val_265,36,4096,1024,36,116.873,116.873,99.393,0.194,0.674,91.352,5.748,123.498,125.729,824.883,23.568,950.612,1067.485,37.87,42.43,0.104557,0.234471,0.867739
chartqa,896,64,266,iter266,chartqa_val_266,30,4096,1024,51,131.014,131.014,101.742,0.194,0.693,93.492,5.792,127.906,130.465,1173.639,23.473,1304.105,1435.118,39.107,42.603,0.078017,0.176096,0.899958
chartqa,896,64,267,iter267,chartqa_val_267,31,4096,1024,64,121.192,121.192,97.244,0.196,0.681,89.213,5.779,134.766,137.033,1443.013,22.905,1580.046,1701.238,40.505,43.659,0.061545,0.146837,0.913272
chartqa,896,64,268,iter268,chartqa_val_268,37,4096,1024,23,118.087,118.087,129.354,0.196,0.72,120.553,5.885,154.556,157.941,486.247,22.102,644.188,762.275,35.704,45.244,0.200801,0.440724,0.754821
chartqa,896,64,269,iter269,chartqa_val_269,32,4096,1024,64,103.256,103.256,99.472,0.195,0.67,91.455,5.763,123.721,125.836,1589.651,25.233,1715.487,1818.743,37.307,39.631,0.057985,0.130105,0.926647
chartqa,896,64,270,iter270,chartqa_val_270,36,4096,1024,51,97.987,97.987,101.783,0.194,0.674,93.7,5.761,134.198,136.79,1184.63,23.693,1321.419,1419.406,38.595,42.207,0.077025,0.178582,0.896483
chartqa,896,64,271,iter271,chartqa_val_271,34,4096,1024,64,125.538,125.538,96.999,0.196,0.676,88.947,5.755,120.373,122.815,1413.335,22.434,1536.149,1661.688,41.663,44.575,0.063144,0.141504,0.92005
chartqa,896,64,272,iter272,chartqa_val_272,27,4096,1024,40,97.587,97.587,96.598,0.194,0.688,88.609,5.731,119.243,121.344,871.052,22.335,992.396,1089.983,40.307,44.773,0.097338,0.217495,0.877726
chartqa,896,64,273,iter273,chartqa_val_273,31,4096,1024,64,219.973,219.973,99.796,0.196,0.675,91.792,5.739,123.058,125.279,1365.028,21.667,1490.307,1710.279,42.944,46.153,0.066964,0.149536,0.915938
chartqa,896,64,274,iter274,chartqa_val_274,34,4096,1024,42,99.247,99.247,99.073,0.195,0.662,91.064,5.753,122.68,124.794,978.998,23.878,1103.792,1203.04,38.051,41.88,0.089757,0.200901,0.886941
chartqa,896,64,275,iter275,chartqa_val_275,37,4096,1024,64,111.722,111.722,97.435,0.195,0.664,89.436,5.764,120.519,122.688,1421.543,22.564,1544.231,1655.953,41.445,44.318,0.063096,0.141141,0.920551
chartqa,896,64,276,iter276,chartqa_val_276,29,4096,1024,15,99.422,99.422,100.69,0.197,0.699,92.445,5.793,126.191,128.871,320.213,22.872,449.084,548.506,33.401,43.721,0.224211,0.505208,0.713035
chartqa,896,64,277,iter277,chartqa_val_277,36,4096,1024,27,107.994,107.994,99.781,0.195,0.683,91.77,5.767,124.346,126.484,686.938,26.421,813.423,921.416,33.193,37.849,0.122668,0.275536,0.844504
chartqa,896,64,278,iter278,chartqa_val_278,29,4096,1024,21,119.354,119.354,103.487,0.196,0.671,95.386,5.78,128.156,130.385,495.403,24.77,625.788,745.142,33.558,40.371,0.16537,0.370162,0.791646
chartqa,896,64,279,iter279,chartqa_val_279,35,4096,1024,50,109.735,109.735,100.228,0.195,0.663,92.161,5.78,126.639,129.128,1159.779,23.669,1288.907,1398.642,38.793,42.249,0.077762,0.176015,0.899816
chartqa,896,64,280,iter280,chartqa_val_280,36,4096,1024,64,125.071,125.071,100.645,0.195,0.671,92.606,5.766,125.009,127.212,1597.649,25.36,1724.861,1849.932,37.104,39.433,0.05835,0.130824,0.926248
chartqa,896,64,281,iter281,chartqa_val_281,45,4096,1024,63,108.242,108.242,100.227,0.195,0.665,92.125,5.765,125.094,127.367,1502.948,24.241,1630.316,1738.558,38.643,41.252,0.061477,0.138207,0.921876
chartqa,896,64,282,iter282,chartqa_val_282,38,4096,1024,20,141.284,141.284,131.211,0.196,0.71,122.418,6.222,159.996,162.757,471.191,24.8,633.948,775.232,31.548,40.323,0.206975,0.459355,0.743265
chartqa,896,64,283,iter283,chartqa_val_283,33,4096,1024,48,138.952,138.952,103.612,0.195,0.7,95.326,5.772,130.267,132.748,1177.608,25.055,1310.356,1449.309,36.631,39.911,0.079071,0.178485,0.898693
chartqa,896,64,284,iter284,chartqa_val_284,36,4096,1024,25,104.055,104.055,101.033,0.196,0.7,92.945,5.746,125.037,127.323,574.633,23.943,701.957,806.012,35.615,41.766,0.143931,0.322058,0.818616
chartqa,896,64,285,iter285,chartqa_val_285,33,4096,1024,21,111.929,111.929,100.466,0.196,0.675,92.39,5.764,126.568,128.866,458.661,22.933,587.526,699.455,35.743,43.605,0.170998,0.386423,0.780664
chartqa,896,64,286,iter286,chartqa_val_286,38,4096,1024,28,106.582,106.582,99.517,0.194,0.667,91.491,5.758,123.763,125.915,637.293,23.603,763.208,869.789,36.687,42.367,0.130393,0.292554,0.835019
chartqa,896,64,287,iter287,chartqa_val_287,36,4096,1024,32,121.481,121.481,99.333,0.195,0.667,91.334,5.749,123.215,125.318,731.211,23.587,856.529,978.011,37.36,42.395,0.115972,0.259826,0.853691
chartqa,896,64,288,iter288,chartqa_val_288,32,4096,1024,37,106.315,106.315,98.696,0.194,0.679,90.715,5.727,122.659,124.762,885.868,24.607,1010.629,1116.944,36.611,40.638,0.097658,0.219027,0.876551
chartqa,896,64,289,iter289,chartqa_val_289,36,4096,1024,64,95.168,95.168,102.5,0.196,0.662,94.309,5.838,128.477,130.725,1531.524,24.31,1662.248,1757.416,38.502,41.136,0.061664,0.138955,0.921357
chartqa,896,64,290,iter290,chartqa_val_290,32,4096,1024,35,102.933,102.933,100.166,0.196,0.69,92.046,5.75,124.597,126.943,853.24,25.095,980.183,1083.116,35.708,39.848,0.102191,0.229307,0.870491
chartqa,896,64,291,iter291,chartqa_val_291,47,4096,1024,44,128.569,128.569,99.72,0.196,0.692,91.551,5.759,521.103,523.87,1140.228,26.517,1664.098,1792.667,26.441,37.712,0.059925,0.373069,0.685193
chartqa,896,64,292,iter292,chartqa_val_292,37,4096,1024,28,118.329,118.329,98.43,0.194,0.672,90.38,5.776,121.932,124.212,580.001,21.482,704.213,822.542,39.761,46.552,0.139772,0.312918,0.823616
chartqa,896,64,293,iter293,chartqa_val_293,47,4096,1024,64,108.154,108.154,115.798,0.196,0.664,107.73,5.816,153.014,155.162,1442.166,22.892,1597.328,1705.482,40.067,43.684,0.072495,0.168289,0.902861
chartqa,896,64,294,iter294,chartqa_val_294,28,4096,1024,12,109.834,109.834,97.406,0.195,0.67,89.375,5.775,120.61,122.697,234.381,21.307,357.078,466.912,33.606,46.932,0.272787,0.610555,0.656386
chartqa,896,64,295,iter295,chartqa_val_295,53,4096,1024,64,79.308,79.308,102.63,0.193,0.662,94.605,5.78,534.62,536.868,3733.262,59.258,4270.13,4349.439,14.988,16.875,0.024034,0.149234,0.874274
chartqa,896,64,296,iter296,chartqa_val_296,38,4096,1024,23,239.984,239.984,111.221,0.196,0.754,102.517,5.853,139.5,142.981,529.981,24.09,672.962,912.946,34.177,41.511,0.16527,0.372562,0.787535
chartqa,896,64,297,iter297,chartqa_val_297,35,4096,1024,64,99.522,99.522,105.682,0.193,0.706,97.466,5.797,132.748,135.282,1571.671,24.947,1706.953,1806.475,37.494,40.085,0.061913,0.139681,0.920747
chartqa,896,64,298,iter298,chartqa_val_298,33,4096,1024,15,110.543,110.543,104.883,0.194,0.697,96.715,5.775,130.797,133.299,329.041,23.503,462.341,572.884,32.444,42.548,0.226852,0.509754,0.711686
chartqa,896,64,299,iter299,chartqa_val_299,38,4096,1024,27,158.571,158.571,108.659,0.195,0.679,96.953,5.804,133.972,136.493,703.397,27.054,839.89,998.46,32.147,36.963,0.129373,0.288884,0.837488
chartqa,896,64,300,iter300,chartqa_val_300,35,4096,1024,32,124.216,124.216,101.822,0.195,0.684,93.679,5.783,127.253,129.631,760.083,24.519,889.714,1013.93,35.967,40.785,0.114444,0.257471,0.8543
chartqa,896,64,301,iter301,chartqa_val_301,37,4096,1024,43,99.63,99.63,104.501,0.196,0.688,96.246,5.809,135.49,137.865,1014.567,24.156,1152.432,1252.062,37.312,41.397,0.090678,0.208247,0.88037
chartqa,896,64,302,iter302,chartqa_val_302,26,4096,1024,10,92.65,92.65,104.665,0.195,0.689,96.516,5.799,525.332,527.773,775.762,86.196,1303.535,1396.184,7.671,11.601,0.080293,0.483299,0.595122
chartqa,896,64,303,iter303,chartqa_val_303,36,4096,1024,64,108.945,108.945,99.997,0.196,0.687,91.859,5.788,123.972,126.222,1448.335,22.989,1574.557,1683.502,40.646,43.498,0.063508,0.142243,0.919836
chartqa,896,64,304,iter304,chartqa_val_304,31,4096,1024,29,119.379,119.379,100.68,0.197,0.697,92.501,5.777,125.819,128.316,673.602,24.057,801.919,921.298,36.163,41.568,0.125549,0.282447,0.839988
chartqa,896,64,305,iter305,chartqa_val_305,32,4096,1024,14,101.201,101.201,100.398,0.196,0.687,92.273,5.777,124.93,127.248,336.285,25.868,463.533,564.735,30.203,38.658,0.216592,0.486108,0.725482
chartqa,896,64,306,iter306,chartqa_val_306,32,4096,1024,16,102.422,102.422,100.178,0.194,0.688,92.134,5.747,124.573,126.767,333.144,22.21,459.912,562.334,34.789,45.026,0.21782,0.488682,0.724366
chartqa,896,64,307,iter307,chartqa_val_307,39,4096,1024,64,96.566,96.566,100.899,0.195,0.697,92.738,5.754,126.039,128.629,1519.392,24.117,1648.021,1744.587,38.834,41.464,0.061225,0.137704,0.921949
chartqa,896,64,308,iter308,chartqa_val_308,34,4096,1024,40,110.538,110.538,100.075,0.195,0.702,91.939,5.758,124.344,126.635,910.921,23.357,1037.556,1148.094,38.552,42.814,0.096452,0.216295,0.877949
chartqa,896,64,309,iter309,chartqa_val_309,36,4096,1024,56,104.686,104.686,119.657,0.194,0.68,111.528,5.808,149.693,151.824,1315.815,23.924,1467.64,1572.326,38.157,41.799,0.081531,0.183527,0.896552
chartqa,896,64,310,iter310,chartqa_val_310,37,4096,1024,40,126.152,126.152,114.788,0.194,0.705,106.142,5.797,152.786,156.127,882.455,22.627,1038.582,1164.733,38.514,44.195,0.110524,0.257634,0.849673
chartqa,896,64,311,iter311,chartqa_val_311,33,4096,1024,64,100.902,100.902,99.5,0.197,0.674,91.453,5.781,133.117,135.508,1543.446,24.499,1678.954,1779.856,38.119,40.818,0.059263,0.138549,0.91929
chartqa,896,64,312,iter312,chartqa_val_312,29,4096,1024,28,93.61,93.61,97.754,0.194,0.691,89.665,5.751,122.03,124.431,582.262,21.565,706.693,800.303,39.621,46.371,0.138326,0.311004,0.823925
chartqa,896,64,313,iter313,chartqa_val_313,45,4096,1024,64,98.456,98.456,97.631,0.194,0.681,89.663,5.744,121.369,123.431,1539.46,24.436,1662.891,1761.347,38.487,40.923,0.058712,0.131698,0.925773
chartqa,896,64,314,iter314,chartqa_val_314,40,4096,1024,24,103.452,103.452,101.895,0.196,0.675,93.772,5.817,127.186,129.374,560.091,24.352,689.466,792.917,34.81,41.065,0.147788,0.332259,0.812356
chartqa,896,64,315,iter315,chartqa_val_315,35,4096,1024,40,109.78,109.78,121.357,0.195,0.696,112.202,5.975,144.697,147.717,883.445,22.652,1031.163,1140.943,38.791,44.145,0.11769,0.258014,0.856747
chartqa,896,64,316,iter316,chartqa_val_316,30,4096,1024,48,103.592,103.592,98.099,0.196,0.69,90.024,5.777,121.854,124.069,1093.479,23.266,1217.548,1321.14,39.423,42.982,0.080571,0.180652,0.8981
chartqa,896,64,317,iter317,chartqa_val_317,36,4096,1024,29,239.665,239.665,100.739,0.195,0.708,92.532,5.765,126.083,128.791,660.405,23.586,789.196,1028.861,36.746,42.398,0.127648,0.28741,0.836807
chartqa,896,64,318,iter318,chartqa_val_318,31,4096,1024,14,121.301,121.301,126.651,0.196,0.684,118.458,5.871,153.851,156.341,340.037,26.157,496.378,617.679,28.204,38.231,0.255151,0.565098,0.685036
chartqa,896,64,319,iter319,chartqa_val_319,42,4096,1024,64,90.654,90.654,100.172,0.196,0.672,92.108,5.779,124.619,126.842,1470.781,23.346,1597.623,1688.277,40.06,42.834,0.062701,0.140704,0.920606
chartqa,896,64,320,iter320,chartqa_val_320,30,4096,1024,15,93.252,93.252,104.394,0.195,0.681,96.307,5.798,144.393,146.808,328.708,23.479,475.516,568.768,31.545,42.591,0.219538,0.523193,0.691267
chartqa,896,64,321,iter321,chartqa_val_321,37,4096,1024,58,113.194,113.194,99.516,0.195,0.669,91.54,5.731,123.852,125.983,1356.529,23.799,1482.512,1595.706,39.123,42.019,0.067126,0.150668,0.915021
chartqa,896,64,322,iter322,chartqa_val_322,40,4096,1024,27,113.15,113.15,103.599,0.195,0.722,95.224,5.781,128.993,131.506,674.539,25.944,806.045,919.195,33.497,38.545,0.128527,0.288559,0.836851
chartqa,896,64,323,iter323,chartqa_val_323,31,4096,1024,49,124.366,124.366,103.439,0.196,0.703,95.189,5.786,128.601,131.047,1149.083,23.939,1280.13,1404.497,38.277,41.772,0.080803,0.181262,0.89763
chartqa,896,64,324,iter324,chartqa_val_324,34,4096,1024,64,168.3,168.3,120.294,0.195,0.722,111.653,5.977,145.6,148.472,1584.844,25.156,1733.315,1901.615,36.923,39.752,0.069401,0.153402,0.914342
chartqa,896,64,325,iter325,chartqa_val_325,50,4096,1024,64,107.552,107.552,102.694,0.195,0.681,94.552,5.786,134.599,137.155,1613.985,25.619,1751.14,1858.691,36.548,39.034,0.058644,0.135508,0.921677
chartqa,896,64,326,iter326,chartqa_val_326,34,4096,1024,58,115.932,115.932,104.773,0.195,0.676,96.525,5.836,131.705,134.013,1440.99,25.281,1575.002,1690.934,36.825,39.556,0.066522,0.150144,0.914913
chartqa,896,64,327,iter327,chartqa_val_327,36,4096,1024,64,92.442,92.442,97.4,0.196,0.679,89.277,5.773,121.12,123.574,1429.078,22.684,1552.652,1645.094,41.22,44.084,0.062732,0.14074,0.920411
chartqa,896,64,328,iter328,chartqa_val_328,30,4096,1024,64,96.705,96.705,97.433,0.195,0.669,89.439,5.745,122.159,124.285,1492.484,23.69,1616.769,1713.474,39.585,42.212,0.060264,0.135821,0.923128
chartqa,896,64,329,iter329,chartqa_val_329,36,4096,1024,64,107.909,107.909,97.343,0.195,0.673,89.295,5.767,120.954,123.151,1411.313,22.402,1534.464,1642.373,41.708,44.639,0.063438,0.142263,0.919743
chartqa,896,64,330,iter330,chartqa_val_330,34,4096,1024,31,92.08,92.08,97.541,0.194,0.669,89.559,5.747,120.747,122.843,717.676,23.923,840.519,932.599,36.882,41.802,0.116048,0.259705,0.853849
chartqa,896,64,331,iter331,chartqa_val_331,41,4096,1024,38,123.99,123.99,100.944,0.195,0.689,92.786,5.76,126.324,128.984,880.504,23.797,1009.487,1133.477,37.643,42.021,0.099996,0.225132,0.872229
chartqa,896,64,332,iter332,chartqa_val_332,46,4096,1024,39,104.644,104.644,103.404,0.195,0.682,95.237,5.78,130.291,132.776,969.936,25.525,1102.712,1207.356,35.367,39.178,0.093772,0.211928,0.879591
chartqa,896,64,333,iter333,chartqa_val_333,35,4096,1024,64,93.982,93.982,100.462,0.195,0.677,92.386,5.76,125.033,127.297,1541.23,24.464,1668.527,1762.509,38.357,40.876,0.06021,0.135146,0.923707
chartqa,896,64,334,iter334,chartqa_val_334,29,4096,1024,51,125.869,125.869,100.328,0.195,0.7,92.224,5.787,124.674,126.936,1252.911,25.058,1379.848,1505.717,36.961,39.907,0.072709,0.163063,0.908007
chartqa,896,64,335,iter335,chartqa_val_335,33,4096,1024,64,100.748,100.748,100.744,0.195,0.691,92.575,5.767,125.441,127.816,1501.226,23.829,1629.042,1729.79,39.287,41.966,0.061843,0.138846,0.921539
chartqa,896,64,336,iter336,chartqa_val_336,44,4096,1024,28,228.36,228.36,106.595,0.196,0.7,97.854,5.765,131.908,135.258,600.034,22.223,735.291,963.651,38.08,44.997,0.14497,0.324365,0.816049
chartqa,896,64,337,iter337,chartqa_val_337,47,4096,1024,64,114.592,114.592,129.226,0.194,0.69,120.947,5.904,154.313,156.601,1514.341,24.037,1670.941,1785.534,38.302,41.602,0.077337,0.169689,0.90628
chartqa,896,64,338,iter338,chartqa_val_338,29,4096,1024,45,115.441,115.441,101.757,0.196,0.681,93.586,5.808,126.88,129.179,1043.592,23.718,1172.771,1288.213,38.371,42.162,0.086766,0.194955,0.889851
chartqa,896,64,339,iter339,chartqa_val_339,32,4096,1024,64,96.225,96.225,125.293,0.195,0.688,116.922,6.077,153.087,155.27,1479.689,23.487,1634.959,1731.184,39.145,42.577,0.076634,0.170267,0.905031
chartqa,896,64,340,iter340,chartqa_val_340,32,4096,1024,37,96.103,96.103,99.68,0.195,0.681,91.682,5.722,123.807,126.093,878.896,24.414,1004.99,1101.092,36.816,40.96,0.099186,0.222378,0.874533
chartqa,896,64,341,iter341,chartqa_val_341,39,4096,1024,64,98.834,98.834,99.904,0.196,0.675,91.882,5.753,124.137,126.414,1575.659,25.01,1702.072,1800.906,37.601,39.983,0.058695,0.131628,0.92573
chartqa,896,64,342,iter342,chartqa_val_342,35,4096,1024,19,92.133,92.133,100.681,0.195,0.685,92.563,5.755,125.008,127.374,403.689,22.427,531.064,623.197,35.777,44.589,0.189583,0.424975,0.760152
chartqa,896,64,343,iter343,chartqa_val_343,40,4096,1024,64,99.597,99.597,129.46,0.194,0.707,120.595,6.042,155.076,158.229,1497.301,23.767,1655.53,1755.127,38.658,42.076,0.078198,0.17187,0.904424
chartqa,896,64,344,iter344,chartqa_val_344,35,4096,1024,3,90.696,90.696,100.2,0.195,0.68,92.063,5.794,124.477,126.785,45.622,22.811,172.407,263.103,17.401,43.838,0.581181,1.303175,0.26462
chartqa,896,64,345,iter345,chartqa_val_345,38,4096,1024,64,95.056,95.056,100.117,0.195,0.696,92.028,5.738,124.754,126.953,1536.87,24.395,1663.823,1758.879,38.466,40.992,0.060173,0.135153,0.923698
chartqa,896,64,346,iter346,chartqa_val_346,30,4096,1024,38,90.769,90.769,99.706,0.197,0.689,91.633,5.758,123.929,126.148,873.517,23.609,999.666,1090.435,38.013,42.357,0.09974,0.22371,0.873809
chartqa,896,64,347,iter347,chartqa_val_347,35,4096,1024,64,96.226,96.226,99.665,0.196,0.677,91.614,5.732,123.649,125.876,1528.914,24.268,1654.789,1751.015,38.676,41.206,0.060228,0.13495,0.923932
chartqa,896,64,348,iter348,chartqa_val_348,30,4096,1024,24,99.174,99.174,100.437,0.195,0.675,92.356,5.764,125.073,127.346,521.637,22.68,648.983,748.156,36.981,44.092,0.15476,0.347482,0.803777
chartqa,896,64,349,iter349,chartqa_val_349,40,4096,1024,29,180.078,180.078,139.975,0.194,0.682,131.114,5.837,170.399,173.34,641.392,22.907,814.731,994.809,35.595,43.655,0.171805,0.380953,0.787243
chartqa,896,64,350,iter350,chartqa_val_350,36,4096,1024,20,100.105,100.105,102.535,0.195,0.67,94.499,5.746,127.606,129.893,474.889,24.994,604.781,704.887,33.07,40.009,0.169541,0.380536,0.785224
chartqa,896,64,351,iter351,chartqa_val_351,38,4096,1024,64,123.763,123.763,99.434,0.195,0.691,91.357,5.729,123.88,126.211,1515.401,24.054,1641.613,1765.376,38.986,41.573,0.060571,0.136033,0.923117
chartqa,896,64,352,iter352,chartqa_val_352,32,4096,1024,39,198.892,198.892,109.277,0.195,0.689,100.998,5.84,150.818,153.735,870.887,22.918,1024.623,1223.515,38.063,43.634,0.106651,0.253844,0.849959
chartqa,896,64,353,iter353,chartqa_val_353,32,4096,1024,64,160.177,160.177,96.552,0.196,0.665,88.556,5.751,119.741,121.821,1439.304,22.846,1561.125,1721.303,40.996,43.771,0.061848,0.138549,0.921966
chartqa,896,64,354,iter354,chartqa_val_354,35,4096,1024,17,105.319,105.319,99.415,0.195,0.672,91.374,5.766,123.141,125.334,396.174,24.761,521.509,626.828,32.598,40.386,0.190629,0.426753,0.75967
chartqa,896,64,355,iter355,chartqa_val_355,33,4096,1024,47,203.75,203.75,100.148,0.195,0.675,92.066,5.811,123.817,126.105,1080.768,23.495,1206.874,1410.624,38.944,42.562,0.082981,0.185574,0.895511
chartqa,896,64,356,iter356,chartqa_val_356,40,4096,1024,28,89.043,89.043,96.934,0.194,0.668,88.937,5.736,120.274,122.479,572.95,21.22,695.429,784.472,40.263,47.124,0.139387,0.312337,0.82388
chartqa,896,64,357,iter357,chartqa_val_357,53,4096,1024,64,115.64,115.64,97.314,0.196,0.671,89.331,5.759,120.535,122.662,1488.525,23.627,1611.187,1726.827,39.722,42.324,0.060399,0.13521,0.923869
chartqa,896,64,358,iter358,chartqa_val_358,30,4096,1024,41,100.302,100.302,98.623,0.194,0.67,90.525,5.807,123.642,125.915,887.183,22.18,1013.098,1113.4,40.47,45.087,0.097348,0.219392,0.875713
chartqa,896,64,359,iter359,chartqa_val_359,32,4096,1024,64,99.872,99.872,111.959,0.194,0.696,103.724,5.854,154.13,156.583,1494.546,23.723,1651.129,1751.001,38.761,42.153,0.067808,0.161156,0.905166
chartqa,896,64,360,iter360,chartqa_val_360,30,4096,1024,11,100.575,100.575,102.036,0.194,0.695,93.831,5.79,126.946,129.654,226.573,22.657,356.227,456.802,30.879,44.136,0.286434,0.642798,0.636034
chartqa,896,64,361,iter361,chartqa_val_361,31,4096,1024,64,99.097,99.097,97.78,0.197,0.671,89.694,5.763,121.198,123.52,1515.004,24.048,1638.524,1737.621,39.06,41.584,0.059675,0.133643,0.924615
chartqa,896,64,362,iter362,chartqa_val_362,28,4096,1024,50,99.191,99.191,100.425,0.195,0.698,92.287,5.754,125.552,128.106,1163.84,23.752,1291.946,1391.137,38.701,42.102,0.077732,0.174912,0.900843
chartqa,896,64,363,iter363,chartqa_val_363,32,4096,1024,64,110.559,110.559,99.686,0.195,0.678,91.67,5.735,124.041,126.243,1515.958,24.063,1642.201,1752.76,38.972,41.558,0.060703,0.136236,0.923126
chartqa,896,64,364,iter364,chartqa_val_364,29,4096,1024,28,134.164,134.164,100.738,0.195,0.676,92.4,5.934,145.267,147.808,662.631,24.542,810.439,944.603,34.549,40.747,0.124301,0.303546,0.817619
chartqa,896,64,365,iter365,chartqa_val_365,33,4096,1024,64,195.722,195.722,102.406,0.195,0.703,93.809,5.758,126.918,130.003,1453.784,23.076,1583.787,1779.509,40.409,43.335,0.064659,0.144795,0.917916
chartqa,896,64,366,iter366,chartqa_val_366,28,4096,1024,23,191.533,191.533,103.292,0.197,0.697,95.138,5.76,128.267,130.746,543.152,24.689,673.898,865.432,34.13,40.504,0.153275,0.343611,0.805985
chartqa,896,64,367,iter367,chartqa_val_367,31,4096,1024,14,113.931,113.931,100.39,0.194,0.7,92.285,5.734,124.733,127.087,329.828,25.371,456.916,570.847,30.64,39.414,0.219712,0.492701,0.721858
chartqa,896,64,368,iter368,chartqa_val_368,30,4096,1024,25,115.589,115.589,102.113,0.195,0.688,93.999,5.749,128.072,130.552,555.287,23.137,685.84,801.429,36.452,43.221,0.148888,0.335626,0.809646
chartqa,896,64,369,iter369,chartqa_val_369,34,4096,1024,64,220.193,220.193,126.869,0.194,0.685,118.571,5.825,164.317,166.842,1496.574,23.755,1663.416,1883.609,38.475,42.096,0.07627,0.175053,0.899699
chartqa,896,64,370,iter370,chartqa_val_370,30,4096,1024,36,105.373,105.373,99.447,0.196,0.692,91.372,5.745,123.325,125.661,860.167,24.576,985.828,1091.201,36.518,40.69,0.100877,0.225975,0.872533
chartqa,896,64,371,iter371,chartqa_val_371,30,4096,1024,64,96.076,96.076,102.846,0.196,0.676,94.743,5.777,129.329,131.664,1492.56,23.691,1624.223,1720.299,39.403,42.209,0.06332,0.142945,0.918938
chartqa,896,64,372,iter372,chartqa_val_372,28,4096,1024,7,101.378,101.378,126.627,0.196,0.676,118.493,5.809,151.578,154.049,178.355,29.726,332.404,433.782,21.059,33.641,0.380944,0.836951,0.536561
chartqa,896,64,373,iter373,chartqa_val_373,31,4096,1024,64,112.898,112.898,99.301,0.195,0.673,91.284,5.741,123.133,125.34,1433.644,22.756,1558.984,1671.881,41.052,43.944,0.063696,0.142679,0.919602
chartqa,896,64,374,iter374,chartqa_val_374,29,4096,1024,10,108.068,108.068,115.084,0.194,0.679,106.822,5.853,154.156,156.594,216.137,24.015,372.731,480.798,26.829,41.64,0.30876,0.722345,0.579874
chartqa,896,64,375,iter375,chartqa_val_375,31,4096,1024,64,114.441,114.441,102.917,0.194,0.688,94.832,5.783,129.458,131.842,1576.681,25.027,1708.524,1822.964,37.459,39.957,0.060238,0.136009,0.922833
chartqa,896,64,376,iter376,chartqa_val_376,30,4096,1024,17,111.49,111.49,100.563,0.195,0.681,92.48,5.754,124.798,127.189,378.177,23.636,505.366,616.856,33.639,42.308,0.198991,0.445937,0.748324
chartqa,896,64,377,iter377,chartqa_val_377,36,4096,1024,36,155.932,155.932,100.667,0.194,0.691,92.588,5.749,125.537,127.953,824.293,23.551,952.246,1108.179,37.805,42.461,0.105716,0.237548,0.86563
chartqa,896,64,378,iter378,chartqa_val_378,29,4096,1024,31,103.055,103.055,100.247,0.197,0.69,92.124,5.763,124.662,127.084,755.146,25.172,882.23,985.285,35.138,39.727,0.113629,0.254932,0.855951
chartqa,896,64,379,iter379,chartqa_val_379,32,4096,1024,64,101.918,101.918,100.078,0.195,0.68,91.983,5.755,124.463,126.769,1459.811,23.172,1586.581,1688.498,40.338,43.156,0.063078,0.141525,0.920099
chartqa,896,64,380,iter380,chartqa_val_380,31,4096,1024,10,105.2,105.2,96.821,0.195,0.688,88.773,5.73,119.415,121.745,214.285,23.809,336.029,441.229,29.759,42.0,0.288133,0.643503,0.637696
chartqa,896,64,381,iter381,chartqa_val_381,41,4096,1024,64,238.423,238.423,113.239,0.194,0.692,104.158,5.806,137.084,140.255,1373.643,21.804,1513.898,1752.32,42.275,45.863,0.0748,0.16535,0.907355
chartqa,896,64,382,iter382,chartqa_val_382,26,4096,1024,12,94.226,94.226,97.429,0.194,0.696,89.424,5.741,120.566,122.657,273.473,24.861,396.13,490.356,30.293,40.223,0.245953,0.550313,0.690362
chartqa,896,64,383,iter383,chartqa_val_383,34,4096,1024,64,117.936,117.936,97.448,0.195,0.669,89.452,5.739,120.513,122.643,1420.15,22.542,1542.792,1660.728,41.483,44.362,0.063163,0.141277,0.920506
chartqa,896,64,384,iter384,chartqa_val_384,29,4096,1024,11,99.409,99.409,120.965,0.195,0.674,112.81,5.871,148.842,151.033,217.108,21.711,368.141,467.55,29.88,46.06,0.328585,0.732891,0.589741
chartqa,896,64,385,iter385,chartqa_val_385,39,4096,1024,64,118.295,118.295,99.802,0.195,0.718,91.619,5.755,124.241,126.825,1482.978,23.539,1609.803,1728.098,39.756,42.482,0.061997,0.139174,0.921217
chartqa,896,64,386,iter386,chartqa_val_386,33,4096,1024,13,113.513,113.513,100.803,0.196,0.7,92.633,5.786,125.752,128.246,270.509,22.542,398.755,512.268,32.601,44.361,0.252795,0.568155,0.678384
chartqa,896,64,387,iter387,chartqa_val_387,33,4096,1024,43,258.344,258.344,107.24,0.195,0.702,99.024,5.801,134.124,136.811,978.234,23.291,1115.045,1373.389,38.563,42.935,0.096176,0.216462,0.877304
chartqa,896,64,388,iter388,chartqa_val_388,30,4096,1024,28,130.485,130.485,99.705,0.197,0.682,91.682,5.728,123.184,125.436,591.85,21.92,717.287,847.772,39.036,45.62,0.139004,0.31074,0.825124
chartqa,896,64,389,iter389,chartqa_val_389,33,4096,1024,64,101.456,101.456,99.601,0.195,0.677,91.582,5.759,124.58,126.831,1425.521,22.627,1552.351,1653.808,41.228,44.194,0.064162,0.144414,0.918298
chartqa,896,64,390,iter390,chartqa_val_390,28,4096,1024,25,102.481,102.481,99.706,0.197,0.678,91.633,5.738,123.592,125.889,528.389,22.016,654.278,756.759,38.21,45.421,0.15239,0.341288,0.807591
chartqa,896,64,391,iter391,chartqa_val_391,29,4096,1024,15,138.414,138.414,113.224,0.195,0.69,104.585,5.732,137.98,141.004,319.508,22.822,460.512,598.926,32.572,43.817,0.245865,0.545487,0.693811
chartqa,896,64,392,iter392,chartqa_val_392,31,4096,1024,3,111.106,111.106,97.004,0.198,0.678,88.953,5.75,120.569,123.024,43.165,21.583,166.189,277.295,18.052,46.334,0.583694,1.309189,0.259735
chartqa,896,64,393,iter393,chartqa_val_393,35,4096,1024,36,111.51,111.51,97.346,0.195,0.659,89.35,5.749,120.511,122.555,745.18,21.291,867.735,979.245,41.487,46.968,0.112184,0.251064,0.858765
chartqa,896,64,394,iter394,chartqa_val_394,32,4096,1024,25,100.148,100.148,120.952,0.195,0.669,112.895,5.825,144.521,146.778,512.942,21.373,659.72,759.869,37.895,46.789,0.183339,0.402402,0.777515
chartqa,896,64,395,iter395,chartqa_val_395,39,4096,1024,64,123.508,123.508,97.394,0.194,0.677,89.365,5.762,121.155,123.446,1365.479,21.674,1488.924,1612.432,42.984,46.138,0.065413,0.146783,0.917091
chartqa,896,64,396,iter396,chartqa_val_396,34,4096,1024,31,97.423,97.423,97.686,0.197,0.676,89.567,5.859,120.902,123.139,643.885,21.463,767.024,864.447,40.416,46.592,0.127358,0.284982,0.839458
chartqa,896,64,397,iter397,chartqa_val_397,37,4096,1024,2,203.078,203.078,104.746,0.195,0.73,96.431,5.758,130.782,133.775,23.841,23.841,157.616,360.694,12.689,41.944,0.664561,1.494309,0.151261
chartqa,896,64,398,iter398,chartqa_val_398,29,4096,1024,22,104.139,104.139,99.954,0.195,0.666,91.947,5.741,124.386,126.523,479.591,22.838,606.114,710.252,36.297,43.787,0.164909,0.370129,0.791256
chartqa,896,64,399,iter399,chartqa_val_399,30,4096,1024,64,88.272,88.272,100.548,0.195,0.661,92.484,5.747,124.958,127.116,1475.076,23.414,1602.191,1690.463,39.945,42.71,0.062757,0.140749,0.920661
chartqa,896,64,400,iter400,chartqa_val_400,30,4096,1024,49,91.289,91.289,99.899,0.195,0.664,91.914,5.733,137.186,139.613,1103.087,22.981,1242.7,1333.989,39.43,43.514,0.080388,0.190782,0.887654
chartqa,896,64,401,iter401,chartqa_val_401,35,4096,1024,64,222.794,222.794,104.504,0.196,0.699,96.273,5.776,129.24,132.059,1514.18,24.035,1646.24,1869.033,38.876,41.607,0.06348,0.141987,0.919781
chartqa,896,64,402,iter402,chartqa_val_402,28,4096,1024,20,103.785,103.785,104.522,0.196,0.688,96.229,5.817,131.478,133.796,451.594,23.768,585.39,689.175,34.165,42.073,0.178551,0.40315,0.771441
chartqa,896,64,403,iter403,chartqa_val_403,36,4096,1024,46,93.636,93.636,104.568,0.196,0.677,96.303,5.851,131.352,133.714,1103.864,24.53,1237.579,1331.215,37.169,40.766,0.084494,0.19063,0.891955
chartqa,896,64,404,iter404,chartqa_val_404,43,4096,1024,44,108.057,108.057,104.251,0.196,0.691,95.977,5.84,130.831,133.293,1049.509,24.407,1182.801,1290.858,37.2,40.972,0.088139,0.19875,0.887308
chartqa,896,64,405,iter405,chartqa_val_405,50,4096,1024,64,99.613,99.613,103.898,0.197,0.679,95.647,5.919,130.685,133.077,1528.889,24.268,1661.966,1761.579,38.509,41.206,0.062515,0.141147,0.919928
chartqa,896,64,406,iter406,chartqa_val_406,28,4096,1024,19,105.232,105.232,102.486,0.195,0.709,94.16,5.772,128.123,130.968,412.442,22.913,543.41,648.642,34.964,43.642,0.188599,0.424374,0.758989
chartqa,896,64,407,iter407,chartqa_val_407,35,4096,1024,45,87.244,87.244,100.758,0.195,0.66,92.789,5.743,124.629,126.736,1030.42,23.419,1157.157,1244.401,38.888,42.701,0.087074,0.194777,0.890476
chartqa,896,64,408,iter408,chartqa_val_408,36,4096,1024,31,113.069,113.069,99.168,0.195,0.678,91.196,5.746,122.996,125.047,709.771,23.659,834.818,947.887,37.134,42.267,0.11879,0.266123,0.850211
chartqa,896,64,409,iter409,chartqa_val_409,41,4096,1024,64,100.462,100.462,101.655,0.195,0.67,93.676,5.752,126.24,128.403,1462.942,23.221,1591.345,1691.807,40.218,43.064,0.06388,0.143209,0.919312
chartqa,896,64,410,iter410,chartqa_val_410,36,4096,1024,26,132.242,132.242,105.23,0.195,0.663,97.203,5.788,130.67,132.77,648.739,25.95,781.508,913.751,33.269,38.536,0.13465,0.301852,0.830111
chartqa,896,64,411,iter411,chartqa_val_411,33,4096,1024,64,101.008,101.008,103.377,0.195,0.691,95.163,5.757,129.36,131.965,1517.844,24.093,1649.809,1750.817,38.792,41.506,0.06266,0.141069,0.920012
chartqa,896,64,412,iter412,chartqa_val_412,30,4096,1024,11,107.818,107.818,99.806,0.196,0.688,91.661,5.77,124.816,127.206,227.328,22.733,354.534,462.352,31.027,43.989,0.281514,0.633572,0.641202
chartqa,896,64,413,iter413,chartqa_val_413,33,4096,1024,64,107.386,107.386,99.305,0.196,0.694,91.234,5.747,123.674,125.921,1457.254,23.131,1583.175,1690.56,40.425,43.232,0.062725,0.140842,0.920463
chartqa,896,64,414,iter414,chartqa_val_414,36,4096,1024,23,103.199,103.199,99.724,0.195,0.702,91.635,5.751,123.739,126.018,493.205,22.418,619.223,722.422,37.143,44.606,0.161046,0.360876,0.79649
chartqa,896,64,415,iter415,chartqa_val_415,38,4096,1024,64,240.101,240.101,103.05,0.196,0.695,94.768,5.768,127.371,130.352,1464.929,23.253,1595.28,1835.382,40.118,43.006,0.064597,0.144439,0.918289
chartqa,896,64,416,iter416,chartqa_val_416,34,4096,1024,25,105.818,105.818,99.867,0.194,0.689,91.842,5.743,124.057,126.286,539.237,22.468,665.523,771.34,37.564,44.507,0.150058,0.336463,0.810246
chartqa,896,64,417,iter417,chartqa_val_417,40,4096,1024,64,98.657,98.657,99.631,0.198,0.663,91.675,5.732,123.834,125.957,1492.153,23.685,1618.11,1716.767,39.552,42.221,0.061573,0.138103,0.922158
chartqa,896,64,418,iter418,chartqa_val_418,31,4096,1024,44,91.145,91.145,100.274,0.195,0.667,92.253,5.743,124.552,126.726,962.863,22.392,1089.588,1180.733,40.382,44.658,0.092029,0.20634,0.883694
chartqa,896,64,419,iter419,chartqa_val_419,38,4096,1024,64,113.468,113.468,106.627,0.196,0.702,98.364,5.858,134.976,137.522,1499.817,23.807,1637.339,1750.808,39.088,42.005,0.065122,0.147558,0.916009
chartqa,896,64,420,iter420,chartqa_val_420,28,4096,1024,37,125.788,125.788,100.99,0.196,0.7,92.802,5.756,126.097,128.786,851.859,23.663,980.645,1106.433,37.73,42.26,0.102983,0.231569,0.868673
chartqa,896,64,421,iter421,chartqa_val_421,33,4096,1024,61,106.434,106.434,124.432,0.194,0.701,115.802,5.836,161.326,164.465,1431.525,23.859,1595.99,1702.425,38.221,41.913,0.077965,0.179047,0.896951
chartqa,896,64,422,iter422,chartqa_val_422,30,4096,1024,58,111.137,111.137,100.114,0.196,0.687,92.05,5.742,124.662,126.939,1289.42,22.621,1416.359,1527.496,40.95,44.206,0.070684,0.1587,0.910377
chartqa,896,64,423,iter423,chartqa_val_423,31,4096,1024,24,113.025,113.025,125.693,0.195,0.674,117.568,5.851,153.509,155.988,517.139,22.484,673.127,786.152,35.654,44.475,0.18673,0.414783,0.768264
chartqa,896,64,424,iter424,chartqa_val_424,30,4096,1024,15,108.744,108.744,100.197,0.195,0.67,92.16,5.754,125.847,128.081,315.494,22.535,443.575,552.319,33.816,44.375,0.225885,0.509597,0.711253
chartqa,896,64,425,iter425,chartqa_val_425,39,4096,1024,64,88.38,88.38,99.813,0.196,0.667,91.833,5.746,123.933,126.152,1460.531,23.183,1586.683,1675.063,40.336,43.135,0.062907,0.141015,0.920493
chartqa,896,64,426,iter426,chartqa_val_426,27,4096,1024,32,104.927,104.927,99.779,0.196,0.677,91.78,5.741,123.928,126.108,739.067,23.841,865.175,970.102,36.987,41.945,0.115328,0.258569,0.854239
chartqa,896,64,427,iter427,chartqa_val_427,29,4096,1024,64,105.131,105.131,126.392,0.194,0.699,117.982,6.029,151.584,153.936,1480.242,23.496,1634.177,1739.309,39.163,42.561,0.077343,0.170101,0.905802
chartqa,896,64,428,iter428,chartqa_val_428,33,4096,1024,34,120.577,120.577,101.282,0.194,0.699,93.098,5.75,126.284,129.021,806.417,24.437,935.438,1056.015,36.347,40.922,0.108272,0.243272,0.862074
chartqa,896,64,429,iter429,chartqa_val_429,37,4096,1024,64,233.04,233.04,102.046,0.195,0.692,93.848,5.785,126.539,129.126,1353.582,21.485,1482.708,1715.747,43.164,46.543,0.068824,0.154167,0.912912
chartqa,896,64,430,iter430,chartqa_val_430,30,4096,1024,8,102.241,102.241,102.811,0.194,0.698,94.541,5.804,130.016,132.634,216.645,30.949,349.279,451.52,22.904,32.311,0.294351,0.666593,0.620263
chartqa,896,64,431,iter431,chartqa_val_431,37,4096,1024,64,225.609,225.609,101.647,0.195,0.674,93.665,5.745,125.487,127.661,1435.459,22.785,1563.12,1788.729,40.944,43.888,0.065028,0.145308,0.918329
chartqa,896,64,432,iter432,chartqa_val_432,30,4096,1024,13,102.945,102.945,99.141,0.195,0.671,91.152,5.722,122.76,124.977,270.307,22.526,395.284,498.229,32.888,44.394,0.25081,0.561371,0.68383
chartqa,896,64,433,iter433,chartqa_val_433,31,4096,1024,57,112.499,112.499,98.606,0.195,0.676,90.661,5.732,122.209,124.31,1272.332,22.72,1396.642,1509.141,40.812,44.014,0.070602,0.158105,0.910994
chartqa,896,64,434,iter434,chartqa_val_434,32,4096,1024,23,121.634,121.634,98.668,0.195,0.662,90.715,5.724,122.127,124.21,480.739,21.852,604.95,726.583,38.02,45.763,0.163102,0.364982,0.794676
chartqa,896,64,435,iter435,chartqa_val_435,31,4096,1024,18,215.599,215.599,110.53,0.194,0.704,98.77,5.731,134.697,140.885,378.375,22.257,519.26,734.859,34.665,44.929,0.21286,0.472262,0.728682
chartqa,896,64,436,iter436,chartqa_val_436,30,4096,1024,8,114.978,114.978,99.483,0.194,0.684,91.422,5.736,123.364,125.569,155.69,22.241,281.259,396.237,28.444,44.961,0.353705,0.792318,0.553547
chartqa,896,64,437,iter437,chartqa_val_437,33,4096,1024,2,114.271,114.271,99.263,0.197,0.674,91.253,5.728,123.045,125.23,22.447,22.447,147.677,261.949,13.543,44.549,0.672158,1.505359,0.152001
chartqa,896,64,438,iter438,chartqa_val_438,32,4096,1024,20,112.6,112.6,99.626,0.198,0.678,91.596,5.752,124.027,126.168,414.668,21.825,540.835,653.435,36.98,45.82,0.184207,0.413533,0.766717
chartqa,896,64,439,iter439,chartqa_val_439,35,4096,1024,18,98.814,98.814,113.413,0.195,0.687,105.313,5.777,151.221,153.673,389.141,22.891,542.814,641.628,33.161,43.686,0.208935,0.487523,0.716895
chartqa,896,64,440,iter440,chartqa_val_440,33,4096,1024,15,103.037,103.037,99.372,0.194,0.686,91.318,5.735,123.554,125.912,312.485,22.32,438.397,541.434,34.216,44.802,0.226672,0.508502,0.71279
chartqa,896,64,441,iter441,chartqa_val_441,35,4096,1024,55,108.962,108.962,99.335,0.195,0.688,91.252,5.715,123.273,125.595,1226.309,22.709,1351.904,1460.866,40.683,44.035,0.073478,0.164663,0.907098
chartqa,896,64,442,iter442,chartqa_val_442,29,4096,1024,15,100.031,100.031,99.751,0.197,0.682,91.643,5.75,123.713,125.988,312.466,22.319,438.454,538.485,34.211,44.805,0.227505,0.509663,0.712655
chartqa,896,64,443,iter443,chartqa_val_443,32,4096,1024,16,101.519,101.519,99.238,0.194,0.665,91.271,5.739,123.33,125.38,358.225,23.882,483.605,585.124,33.085,41.873,0.205205,0.460226,0.740738
chartqa,896,64,444,iter444,chartqa_val_444,33,4096,1024,46,140.757,140.757,102.614,0.194,0.673,94.176,5.77,126.866,129.596,985.376,21.897,1114.972,1255.73,41.257,45.668,0.092033,0.205817,0.883767
chartqa,896,64,445,iter445,chartqa_val_445,36,4096,1024,64,101.5,101.5,125.969,0.195,0.675,117.453,6.21,151.065,153.288,1377.167,21.86,1530.455,1631.954,41.818,45.746,0.082308,0.181014,0.899842
chartqa,896,64,446,iter446,chartqa_val_446,33,4096,1024,25,99.4,99.4,97.562,0.194,0.677,89.517,5.774,120.856,123.123,555.523,23.147,678.646,778.046,36.838,43.203,0.14376,0.321843,0.818576
chartqa,896,64,447,iter447,chartqa_val_447,38,4096,1024,64,101.078,101.078,97.569,0.197,0.676,89.549,5.763,120.762,122.899,1372.244,21.782,1495.143,1596.22,42.805,45.91,0.065257,0.146027,0.917801
chartqa,896,64,448,iter448,chartqa_val_448,31,4096,1024,7,97.133,97.133,97.621,0.195,0.684,89.598,5.762,120.765,122.905,168.704,28.117,291.609,388.742,24.005,35.565,0.334768,0.748902,0.578529
chartqa,896,64,449,iter449,chartqa_val_449,32,4096,1024,19,96.485,96.485,97.631,0.195,0.663,89.645,5.759,121.049,123.163,396.124,22.007,519.286,615.772,36.589,45.44,0.18801,0.421116,0.762823
chartqa,896,64,450,iter450,chartqa_val_450,35,4096,1024,64,115.096,115.096,103.528,0.195,0.672,95.496,5.778,140.298,142.706,1374.252,21.814,1516.958,1632.054,42.19,45.843,0.068247,0.160733,0.905926
chartqa,896,64,451,iter451,chartqa_val_451,36,4096,1024,20,93.133,93.133,97.341,0.196,0.669,89.328,5.73,120.508,122.607,453.391,23.863,575.999,669.132,34.722,41.906,0.168994,0.378211,0.78714
chartqa,896,64,452,iter452,chartqa_val_452,29,4096,1024,7,112.04,112.04,97.71,0.196,0.661,89.723,5.755,120.868,122.988,129.9,21.65,252.887,364.927,27.68,46.189,0.386377,0.864327,0.513666
chartqa,896,64,453,iter453,chartqa_val_453,32,4096,1024,64,116.238,116.238,97.626,0.194,0.657,89.668,5.757,120.878,122.934,1386.812,22.013,1509.746,1625.984,42.391,45.428,0.064664,0.14473,0.918573
chartqa,896,64,454,iter454,chartqa_val_454,45,4096,1024,58,122.739,122.739,100.766,0.196,0.711,92.555,5.746,126.066,128.898,1287.942,22.595,1416.84,1539.579,40.936,44.257,0.07112,0.160097,0.909024
chartqa,896,64,455,iter455,chartqa_val_455,31,4096,1024,23,110.778,110.778,99.52,0.195,0.66,91.564,5.737,123.642,125.816,537.519,24.433,663.334,774.112,34.673,40.929,0.150031,0.336426,0.810329
chartqa,896,64,456,iter456,chartqa_val_456,30,4096,1024,9,98.958,98.958,99.635,0.197,0.659,91.659,5.738,124.07,126.215,181.638,22.705,307.854,406.812,29.235,44.044,0.323643,0.726658,0.590015
chartqa,896,64,457,iter457,chartqa_val_457,34,4096,1024,41,99.119,99.119,99.606,0.195,0.658,91.58,5.744,123.958,125.989,950.348,23.759,1076.337,1175.456,38.092,42.09,0.092541,0.207708,0.882947
chartqa,896,64,458,iter458,chartqa_val_458,30,4096,1024,8,101.699,101.699,100.089,0.194,0.669,92.069,5.745,125.319,127.536,162.069,23.153,289.605,391.304,27.624,43.191,0.345606,0.778329,0.559622
chartqa,896,64,459,iter459,chartqa_val_459,35,4096,1024,51,111.963,111.963,99.783,0.196,0.69,91.706,5.74,124.49,126.747,1177.679,23.554,1304.426,1416.389,39.098,42.456,0.076495,0.171932,0.902833
chartqa,896,64,460,iter460,chartqa_val_460,30,4096,1024,8,114.796,114.796,101.119,0.194,0.7,92.993,5.754,126.754,129.139,199.114,28.445,328.253,443.049,24.371,35.156,0.308051,0.694197,0.606586
chartqa,896,64,461,iter461,chartqa_val_461,31,4096,1024,64,126.706,126.706,100.35,0.195,0.688,92.257,5.758,125.028,127.365,1469.085,23.319,1596.45,1723.156,40.089,42.884,0.062858,0.141174,0.92022
chartqa,896,64,462,iter462,chartqa_val_462,29,4096,1024,8,111.926,111.926,100.674,0.194,0.692,92.522,5.782,125.187,127.498,193.797,27.685,321.295,433.221,24.899,36.12,0.313338,0.702969,0.603175
chartqa,896,64,463,iter463,chartqa_val_463,33,4096,1024,58,106.647,106.647,99.644,0.196,0.661,91.644,5.754,124.838,126.968,1335.911,23.437,1462.879,1569.526,39.648,42.668,0.068115,0.153453,0.913207
chartqa,896,64,464,iter464,chartqa_val_464,33,4096,1024,41,126.221,126.221,102.582,0.196,0.661,94.515,5.8,129.172,131.539,1001.771,25.044,1133.31,1259.531,36.177,39.929,0.090515,0.204493,0.883934
chartqa,896,64,465,iter465,chartqa_val_465,37,4096,1024,45,96.779,96.779,100.969,0.194,0.662,92.965,5.761,125.355,127.499,1038.718,23.607,1166.217,1262.995,38.586,42.36,0.086578,0.194067,0.890673
chartqa,896,64,466,iter466,chartqa_val_466,31,4096,1024,64,101.922,101.922,117.548,0.192,0.659,109.41,5.907,152.144,154.38,1505.605,23.898,1659.985,1761.907,38.555,41.844,0.070813,0.162467,0.906999
chartqa,896,64,467,iter467,chartqa_val_467,46,4096,1024,64,101.526,101.526,102.185,0.194,0.696,93.979,5.781,128.99,131.618,1518.934,24.11,1650.552,1752.078,38.775,41.476,0.06191,0.14006,0.920258
chartqa,896,64,468,iter468,chartqa_val_468,27,4096,1024,21,98.961,98.961,105.096,0.194,0.698,96.786,5.769,130.93,133.62,465.352,23.268,598.971,697.932,35.06,42.978,0.17546,0.394051,0.776918
chartqa,896,64,469,iter469,chartqa_val_469,48,4096,1024,64,103.656,103.656,103.01,0.197,0.696,94.814,5.782,129.2,131.523,1478.027,23.461,1609.551,1713.206,39.763,42.624,0.064,0.144271,0.918286
chartqa,896,64,470,iter470,chartqa_val_470,30,4096,1024,32,114.354,114.354,102.489,0.195,0.69,94.283,5.807,132.819,135.435,740.286,23.88,875.72,990.074,36.541,41.876,0.117034,0.268703,0.845345
chartqa,896,64,471,iter471,chartqa_val_471,34,4096,1024,64,104.591,104.591,101.545,0.197,0.661,93.564,5.735,126.569,128.698,1433.666,22.757,1562.364,1666.955,40.964,43.943,0.064995,0.146006,0.917626
chartqa,896,64,472,iter472,chartqa_val_472,37,4096,1024,29,102.137,102.137,99.676,0.196,0.659,91.709,5.748,123.79,125.889,628.347,22.441,754.235,856.372,38.45,44.561,0.132155,0.296281,0.833091
chartqa,896,64,473,iter473,chartqa_val_473,40,4096,1024,42,100.49,100.49,99.67,0.195,0.655,91.696,5.767,123.857,125.951,964.066,23.514,1090.017,1190.507,38.532,42.528,0.091439,0.205068,0.88445
chartqa,896,64,474,iter474,chartqa_val_474,36,4096,1024,20,118.111,118.111,99.655,0.195,0.659,91.696,5.744,123.761,125.812,427.674,22.509,553.486,671.597,36.135,44.426,0.18005,0.403653,0.772691
chartqa,896,64,475,iter475,chartqa_val_475,32,4096,1024,52,116.893,116.893,99.781,0.194,0.657,91.796,5.733,124.211,126.32,1199.469,23.519,1325.789,1442.682,39.222,42.519,0.075261,0.16895,0.904721
chartqa,896,64,476,iter476,chartqa_val_476,44,4096,1024,32,117.75,117.75,100.067,0.196,0.703,91.95,5.744,124.439,126.804,689.863,22.254,816.668,934.418,39.184,44.936,0.12253,0.274905,0.84473
chartqa,896,64,477,iter477,chartqa_val_477,39,4096,1024,64,117.377,117.377,123.798,0.193,0.688,115.537,5.862,154.164,156.524,1458.157,23.145,1614.681,1732.058,39.636,43.205,0.07667,0.172147,0.903062
chartqa,896,64,478,iter478,chartqa_val_478,26,4096,1024,12,112.686,112.686,99.744,0.195,0.689,91.643,5.757,123.944,126.248,248.263,22.569,374.51,487.196,32.042,44.308,0.26633,0.597279,0.6629
chartqa,896,64,479,iter479,chartqa_val_479,33,4096,1024,49,109.609,109.609,99.428,0.195,0.657,91.485,5.743,123.77,125.768,1125.727,23.453,1251.495,1361.104,39.153,42.639,0.079447,0.178345,0.899506
chartqa,896,64,480,iter480,chartqa_val_480,28,4096,1024,41,84.231,84.231,99.663,0.195,0.663,91.703,5.734,123.799,125.857,938.607,23.465,1064.464,1148.695,38.517,42.616,0.093627,0.209929,0.881765
chartqa,896,64,481,iter481,chartqa_val_481,35,4096,1024,17,115.185,115.185,100.143,0.194,0.682,92.145,5.73,124.164,126.291,358.92,22.432,485.211,600.396,35.036,44.578,0.20639,0.462287,0.739719
chartqa,896,64,482,iter482,chartqa_val_482,35,4096,1024,42,100.552,100.552,99.509,0.196,0.655,91.563,5.736,123.572,125.688,960.688,23.431,1086.376,1186.928,38.661,42.678,0.091597,0.205344,0.884305
chartqa,896,64,483,iter483,chartqa_val_483,32,4096,1024,64,98.408,98.408,99.942,0.197,0.66,91.99,5.751,124.035,126.164,1453.925,23.078,1580.089,1678.496,40.504,43.331,0.063251,0.14175,0.920154
chartqa,896,64,484,iter484,chartqa_val_484,37,4096,1024,36,124.178,124.178,100.131,0.195,0.682,92.074,5.743,124.82,127.188,787.756,22.507,914.944,1039.122,39.347,44.43,0.109439,0.245863,0.860988
chartqa,896,64,485,iter485,chartqa_val_485,29,4096,1024,23,99.248,99.248,100.113,0.197,0.688,91.972,5.749,124.275,126.588,533.527,24.251,660.115,759.364,34.842,41.235,0.151659,0.339922,0.808233
chartqa,896,64,486,iter486,chartqa_val_486,44,4096,1024,26,126.636,126.636,98.409,0.194,0.687,90.33,5.742,123.206,125.682,542.188,21.688,667.87,794.506,38.93,46.109,0.147348,0.331824,0.811816
chartqa,896,64,487,iter487,chartqa_val_487,34,4096,1024,64,102.846,102.846,100.222,0.196,0.696,92.143,5.814,125.316,127.415,1368.127,21.716,1495.542,1598.388,42.794,46.048,0.067014,0.150806,0.914803
chartqa,896,64,488,iter488,chartqa_val_488,27,4096,1024,21,102.943,102.943,97.029,0.196,0.661,89.025,5.774,119.878,121.952,447.367,22.368,569.318,672.261,36.886,44.706,0.170431,0.380995,0.785794
chartqa,896,64,489,iter489,chartqa_val_489,30,4096,1024,59,119.05,119.05,103.287,0.196,0.704,95.105,5.745,127.997,130.663,1253.791,21.617,1384.453,1503.504,42.616,46.26,0.074605,0.167058,0.905622
chartqa,896,64,490,iter490,chartqa_val_490,29,4096,1024,14,122.861,122.861,124.618,0.195,0.718,116.085,5.798,148.644,151.479,284.239,21.865,435.718,558.579,32.131,45.736,0.286006,0.627153,0.652346
chartqa,896,64,491,iter491,chartqa_val_491,34,4096,1024,64,101.495,101.495,99.901,0.195,0.659,91.93,5.726,124.842,127.005,1480.134,23.494,1607.138,1708.633,39.822,42.564,0.062161,0.139841,0.920975
chartqa,896,64,492,iter492,chartqa_val_492,32,4096,1024,64,102.562,102.562,101.597,0.197,0.665,93.565,5.739,127.114,129.291,1498.962,23.793,1628.253,1730.814,39.306,42.029,0.062396,0.140464,0.920596
chartqa,896,64,493,iter493,chartqa_val_493,30,4096,1024,64,119.633,119.633,100.084,0.196,0.691,91.996,5.758,124.183,126.501,1430.226,22.702,1556.727,1676.36,41.112,44.049,0.064292,0.144063,0.918739
chartqa,896,64,494,iter494,chartqa_val_494,48,4096,1024,30,110.202,110.202,99.787,0.196,0.695,91.581,5.858,124.024,126.342,687.714,23.714,814.057,924.259,36.852,42.169,0.12258,0.274933,0.844799
chartqa,896,64,495,iter495,chartqa_val_495,54,4096,1024,36,103.855,103.855,99.83,0.195,0.682,91.747,5.767,512.997,515.383,821.935,23.484,1337.318,1441.173,26.92,42.582,0.07465,0.458251,0.614615
chartqa,896,64,496,iter496,chartqa_val_496,31,4096,1024,27,105.19,105.19,99.683,0.194,0.678,91.655,5.755,123.639,125.893,578.749,22.26,704.642,809.832,38.317,44.925,0.141467,0.316931,0.821338
chartqa,896,64,497,iter497,chartqa_val_497,34,4096,1024,64,104.489,104.489,98.948,0.197,0.653,91.03,5.737,122.721,124.859,1440.284,22.862,1565.144,1669.633,40.891,43.741,0.06322,0.141628,0.920225
chartqa,896,64,498,iter498,chartqa_val_498,31,4096,1024,64,99.576,99.576,99.379,0.194,0.667,91.455,5.718,123.272,125.39,1445.955,22.952,1571.345,1670.921,40.729,43.57,0.063245,0.141695,0.920202
chartqa,896,64,499,iter499,chartqa_val_499,44,4096,1024,64,106.901,106.901,98.268,0.196,0.685,90.168,5.757,122.389,124.865,1420.57,22.549,1545.434,1652.335,41.412,44.348,0.063586,0.14278,0.919204
docvqa,1344,64,0,iter000,docvqa_49153,44,9216,2304,31,227.343,227.343,208.012,0.432,1.319,190.758,13.642,243.439,246.397,677.838,22.595,924.235,1151.578,33.541,44.258,0.225064,0.488459,0.733405
docvqa,1344,64,1,iter001,docvqa_24580,27,9216,2304,16,143.106,143.106,208.326,0.436,1.282,191.239,13.655,243.522,245.84,334.059,22.271,579.9,723.006,27.591,44.902,0.359244,0.779183,0.576064
docvqa,1344,64,2,iter002,docvqa_57349,29,9216,2304,11,292.178,292.178,195.417,0.432,1.269,178.531,13.582,582.6,585.061,227.392,22.739,812.453,1104.632,13.539,43.977,0.240527,0.957615,0.279883
docvqa,1344,64,3,iter003,docvqa_24581,27,9216,2304,9,136.222,136.222,195.113,0.433,1.271,178.287,13.6,230.033,232.186,160.937,20.117,393.123,529.345,22.894,49.709,0.496314,1.081457,0.40938
docvqa,1344,64,4,iter004,docvqa_24582,28,9216,2304,9,129.761,129.761,224.747,0.435,1.274,207.772,13.7,611.376,613.58,161.83,20.229,775.409,905.171,11.607,49.435,0.289843,1.078298,0.208702
docvqa,1344,64,5,iter005,docvqa_39079,29,9216,2304,37,159.133,159.133,195.742,0.436,1.264,178.927,13.596,230.653,232.792,1689.817,46.939,1922.609,2081.742,19.245,21.304,0.101811,0.221779,0.878919
docvqa,1344,64,6,iter006,docvqa_57357,35,9216,2304,17,224.822,224.822,195.499,0.433,1.276,178.675,13.59,583.514,585.709,345.681,21.605,931.39,1156.212,18.252,46.285,0.2099,0.836398,0.371145
docvqa,1344,64,7,iter007,docvqa_24426,28,9216,2304,19,178.596,178.596,197.982,0.431,1.28,181.184,13.595,232.889,235.034,364.445,20.247,599.479,778.076,31.694,49.39,0.330256,0.718742,0.607936
docvqa,1344,64,8,iter008,docvqa_49168,30,9216,2304,25,157.352,157.352,240.791,0.434,1.305,223.507,13.753,679.343,681.976,593.103,24.713,1275.079,1432.431,19.607,40.465,0.188844,0.721629,0.46515
docvqa,1344,64,9,iter009,docvqa_24423,34,9216,2304,24,374.36,374.36,209.499,0.431,1.285,192.393,13.635,610.478,613.01,564.212,24.531,1177.222,1551.582,20.387,40.765,0.17796,0.696535,0.479274
docvqa,1344,64,10,iter010,docvqa_49172,36,9216,2304,11,292.785,292.785,231.756,0.436,1.279,214.616,13.679,632.133,634.616,221.687,22.169,856.302,1149.087,12.846,45.109,0.270647,1.00886,0.258888
docvqa,1344,64,11,iter011,docvqa_57364,32,9216,2304,14,215.873,215.873,234.325,0.434,1.301,216.529,13.755,640.158,643.707,290.129,22.318,933.836,1149.709,14.992,44.808,0.250928,0.936442,0.310685
docvqa,1344,64,12,iter012,docvqa_57366,33,9216,2304,19,194.249,194.249,227.186,0.434,1.245,210.149,13.692,615.627,617.947,411.182,22.843,1029.129,1223.378,18.462,43.776,0.220755,0.818957,0.399544
docvqa,1344,64,13,iter013,docvqa_57368,37,9216,2304,17,179.989,179.989,238.486,0.433,1.275,221.449,13.705,628.417,630.613,388.974,24.311,1019.586,1199.575,16.673,41.134,0.233904,0.850249,0.381501
docvqa,1344,64,14,iter014,docvqa_49177,31,9216,2304,27,148.529,148.529,209.641,0.435,1.258,192.75,13.587,676.16,678.354,576.284,22.165,1254.638,1403.167,21.52,45.117,0.167093,0.706021,0.459323
docvqa,1344,64,15,iter015,docvqa_57370,34,9216,2304,14,174.227,174.227,205.353,0.432,1.263,188.447,13.613,240.293,242.54,279.758,21.52,522.298,696.525,26.805,46.469,0.393172,0.853241,0.535629
docvqa,1344,64,16,iter016,docvqa_57371,49,9216,2304,30,174.377,174.377,213.844,0.433,1.263,196.902,13.672,670.653,672.828,2756.068,95.037,3428.896,3603.273,8.749,10.522,0.062365,0.257954,0.803777
docvqa,1344,64,17,iter017,docvqa_57372,44,9216,2304,25,206.499,206.499,230.683,0.432,1.332,213.343,13.715,266.283,269.13,606.322,25.263,875.452,1081.951,28.557,39.583,0.263502,0.567668,0.692582
docvqa,1344,64,18,iter018,docvqa_49181,39,9216,2304,40,196.277,196.277,208.498,0.436,1.293,191.499,13.616,606.021,608.315,920.378,23.599,1528.692,1724.969,26.166,42.374,0.13639,0.532821,0.602069
docvqa,1344,64,19,iter019,docvqa_57373,37,9216,2304,19,200.181,200.181,207.768,0.435,1.276,190.822,13.595,242.886,245.157,431.417,23.968,676.574,876.755,28.083,41.723,0.307088,0.666083,0.637649
docvqa,1344,64,20,iter020,docvqa_57374,29,9216,2304,18,168.545,168.545,207.355,0.435,1.286,190.455,13.588,242.302,244.5,404.246,23.779,648.746,817.292,27.746,42.054,0.319624,0.693117,0.623119
docvqa,1344,64,21,iter021,docvqa_57375,27,9216,2304,29,172.985,172.985,209.753,0.436,1.278,192.814,13.589,244.996,247.226,638.701,22.811,885.927,1058.912,32.734,43.839,0.236762,0.513304,0.720941
docvqa,1344,64,22,iter022,docvqa_57376,34,9216,2304,24,192.946,192.946,206.953,0.435,1.288,189.968,13.599,242.066,244.292,507.204,22.052,751.496,944.441,31.936,45.347,0.275387,0.5975,0.674926
docvqa,1344,64,23,iter023,docvqa_49187,31,9216,2304,30,147.785,147.785,206.429,0.434,1.264,189.566,13.598,241.45,243.576,656.03,22.622,899.606,1047.391,33.348,44.205,0.229466,0.497861,0.729242
docvqa,1344,64,24,iter024,docvqa_16424,30,9216,2304,20,177.833,177.833,208.318,0.436,1.3,191.237,13.618,243.742,246.411,418.805,22.042,665.216,843.049,30.065,45.367,0.313159,0.679569,0.629577
docvqa,1344,64,25,iter025,docvqa_57386,34,9216,2304,24,204.726,204.726,208.43,0.434,1.296,191.305,13.644,243.575,245.921,509.405,22.148,755.326,960.051,31.774,45.151,0.275947,0.598423,0.674418
docvqa,1344,64,26,iter026,docvqa_57387,35,9216,2304,20,209.475,209.475,209.462,0.434,1.302,192.385,13.634,244.791,247.326,450.82,23.727,698.146,907.621,28.647,42.145,0.300026,0.650656,0.645739
docvqa,1344,64,27,iter027,docvqa_57388,35,9216,2304,20,176.1,176.1,209.612,0.434,1.279,192.683,13.615,244.737,246.994,419.917,22.101,666.911,843.011,29.989,45.247,0.314302,0.681272,0.629644
docvqa,1344,64,28,iter028,docvqa_16429,29,9216,2304,13,164.485,164.485,208.053,0.434,1.253,191.138,13.632,243.162,245.375,264.863,22.072,510.239,674.723,25.478,45.306,0.407757,0.884321,0.519097
docvqa,1344,64,29,iter029,docvqa_16430,31,9216,2304,13,158.295,158.295,207.351,0.437,1.252,190.48,13.606,242.35,244.491,263.793,21.983,508.285,666.579,25.576,45.49,0.407943,0.884742,0.518987
docvqa,1344,64,30,iter030,docvqa_57391,29,9216,2304,11,283.366,283.366,205.465,0.434,1.302,187.957,13.591,240.708,243.971,207.097,20.71,451.068,734.434,24.387,48.286,0.455507,0.989147,0.459126
docvqa,1344,64,31,iter031,docvqa_57395,32,9216,2304,15,180.625,180.625,220.668,0.437,1.28,203.251,13.663,256.017,259.034,283.318,20.237,542.352,722.977,27.657,49.414,0.406872,0.878922,0.522387
docvqa,1344,64,32,iter032,docvqa_16437,37,9216,2304,20,175.298,175.298,217.543,0.436,1.251,200.759,13.641,252.54,254.613,429.479,22.604,684.092,859.39,29.236,44.24,0.318003,0.687165,0.627809
docvqa,1344,64,33,iter033,docvqa_16440,35,9216,2304,19,161.491,161.491,202.717,0.433,1.263,185.954,13.585,237.572,239.737,453.024,25.168,692.762,854.253,27.426,39.733,0.292621,0.635556,0.65394
docvqa,1344,64,34,iter034,docvqa_57402,32,9216,2304,28,182.829,182.829,197.249,0.436,1.243,180.47,13.574,232.304,234.673,601.174,22.266,835.847,1018.676,33.499,44.912,0.235987,0.513914,0.71924
docvqa,1344,64,35,iter035,docvqa_57403,36,9216,2304,23,198.766,198.766,239.242,0.432,1.259,222.077,13.702,277.758,280.551,493.643,22.438,774.194,972.96,29.708,44.567,0.309021,0.667791,0.637622
docvqa,1344,64,36,iter036,docvqa_57404,40,9216,2304,28,238.479,238.479,246.158,0.434,1.273,229.174,13.682,714.688,717.117,657.51,24.352,1374.626,1613.105,20.369,41.064,0.179073,0.698987,0.478319
docvqa,1344,64,37,iter037,docvqa_16444,37,9216,2304,24,172.421,172.421,202.936,0.436,1.236,186.162,13.583,237.955,240.134,557.886,24.256,798.02,970.441,30.074,41.227,0.254299,0.552481,0.699088
docvqa,1344,64,38,iter038,docvqa_57407,36,9216,2304,21,189.046,189.046,219.698,0.435,1.301,202.762,13.658,254.641,256.784,447.138,22.357,703.922,892.968,29.833,44.729,0.312106,0.673852,0.635209
docvqa,1344,64,39,iter039,docvqa_16447,39,9216,2304,26,340.265,340.265,212.418,0.433,1.287,195.327,13.612,247.742,250.342,600.392,24.016,850.734,1190.999,30.562,41.639,0.249688,0.540898,0.705734
docvqa,1344,64,40,iter040,docvqa_57409,29,9216,2304,11,197.418,197.418,220.526,0.43,1.305,203.067,13.595,255.74,258.935,239.046,23.905,497.981,695.399,22.089,41.833,0.442841,0.956395,0.48003
docvqa,1344,64,41,iter041,docvqa_16450,29,9216,2304,11,276.849,276.849,199.318,0.436,1.262,182.451,13.577,234.292,236.796,204.63,20.463,441.426,718.275,24.919,48.869,0.451532,0.982294,0.463566
docvqa,1344,64,42,iter042,docvqa_57410,33,9216,2304,17,197.803,197.803,225.482,0.436,1.276,208.445,13.701,262.824,265.305,410.738,25.671,676.044,873.847,25.146,38.954,0.333532,0.7223,0.607562
docvqa,1344,64,43,iter043,docvqa_57411,35,9216,2304,29,162.313,162.313,236.972,0.434,1.289,219.944,13.678,272.085,274.318,695.005,24.822,969.323,1131.636,29.918,40.287,0.244472,0.525168,0.717001
docvqa,1344,64,44,iter044,docvqa_57413,33,9216,2304,38,299.836,299.836,197.669,0.432,1.259,180.877,13.572,232.572,234.88,868.964,23.486,1103.844,1403.68,34.425,42.579,0.179074,0.389766,0.787217
docvqa,1344,64,45,iter045,docvqa_57414,35,9216,2304,19,170.987,170.987,204.774,0.432,1.259,187.419,13.607,240.291,242.381,366.749,20.375,609.13,780.116,31.192,49.08,0.336175,0.730658,0.602086
docvqa,1344,64,46,iter046,docvqa_57415,34,9216,2304,22,315.304,315.304,246.192,0.435,1.342,228.707,13.747,281.264,286.946,506.349,24.112,793.295,1108.599,27.732,41.473,0.310341,0.664893,0.638286
docvqa,1344,64,47,iter047,docvqa_57416,34,9216,2304,18,260.111,260.111,196.74,0.435,1.216,180.021,13.591,231.601,233.83,393.055,23.121,626.884,886.995,28.713,43.251,0.313838,0.683285,0.626997
docvqa,1344,64,48,iter048,docvqa_57417,32,9216,2304,16,241.083,241.083,217.079,0.433,1.24,200.1,13.612,252.6,255.071,340.13,22.675,595.202,836.285,26.882,44.101,0.364715,0.789109,0.571454
docvqa,1344,64,49,iter049,docvqa_57418,33,9216,2304,16,207.516,207.516,239.631,0.435,1.27,222.583,13.727,274.952,277.225,368.099,24.54,645.324,852.84,24.794,40.75,0.371334,0.797401,0.57041
docvqa,1344,64,50,iter050,docvqa_24437,27,9216,2304,16,159.122,159.122,233.443,0.435,1.28,216.5,13.651,268.488,270.69,401.888,26.793,672.578,831.699,23.789,37.324,0.347087,0.746279,0.597534
docvqa,1344,64,51,iter051,docvqa_24438,29,9216,2304,13,173.823,173.823,210.084,0.436,1.272,193.193,13.579,245.162,247.338,289.681,24.14,537.019,710.842,24.208,41.425,0.391203,0.847727,0.539424
docvqa,1344,64,52,iter052,docvqa_16455,41,9216,2304,27,178.595,178.595,214.079,0.435,1.279,197.182,13.591,637.673,639.84,695.609,26.754,1335.449,1514.044,20.218,37.377,0.160305,0.637802,0.52088
docvqa,1344,64,53,iter053,docvqa_16456,30,9216,2304,13,187.725,187.725,220.984,0.433,1.265,204.034,13.633,257.484,259.744,308.522,25.71,568.266,755.991,22.877,38.895,0.388873,0.841978,0.542918
docvqa,1344,64,54,iter054,docvqa_16463,31,9216,2304,13,219.292,219.292,209.762,0.438,1.271,192.916,13.582,244.889,247.112,306.27,25.522,553.382,772.674,23.492,39.181,0.379054,0.821586,0.553451
docvqa,1344,64,55,iter055,docvqa_49234,31,9216,2304,12,166.384,166.384,209.035,0.434,1.257,192.121,13.623,244.024,246.175,277.803,25.255,523.977,690.361,22.902,39.596,0.398939,0.864653,0.53018
docvqa,1344,64,56,iter056,docvqa_57428,35,9216,2304,17,246.791,246.791,213.469,0.436,1.281,196.4,13.698,250.596,252.923,415.411,25.963,668.334,915.124,25.436,38.516,0.319405,0.694361,0.621562
docvqa,1344,64,57,iter057,docvqa_24440,25,9216,2304,18,148.847,148.847,237.774,0.436,1.289,220.664,13.677,683.698,686.162,1522.388,89.552,2208.55,2357.397,8.15,11.167,0.107661,0.41723,0.689315
docvqa,1344,64,58,iter058,docvqa_16468,39,9216,2304,26,176.895,176.895,230.116,0.437,1.316,212.885,13.666,265.324,267.793,623.14,24.926,890.933,1067.828,29.183,40.119,0.258287,0.556091,0.699424
docvqa,1344,64,59,iter059,docvqa_57431,36,9216,2304,18,187.713,187.713,214.077,0.436,1.278,197.165,13.645,250.365,252.564,355.915,20.936,608.479,796.192,29.582,47.764,0.351823,0.763284,0.584926
docvqa,1344,64,60,iter060,docvqa_16473,31,9216,2304,13,273.679,273.679,198.954,0.437,1.278,182.088,13.586,234.022,236.352,246.067,20.506,482.419,756.098,26.948,48.767,0.412409,0.89751,0.510069
docvqa,1344,64,61,iter061,docvqa_49242,26,9216,2304,12,177.826,177.826,198.19,0.434,1.218,181.473,13.598,634.855,636.968,281.541,25.595,918.509,1096.335,13.065,39.071,0.215774,0.906953,0.30652
docvqa,1344,64,62,iter062,docvqa_57439,34,9216,2304,53,196.182,196.182,199.306,0.435,1.264,182.482,13.622,234.252,236.356,5262.807,101.208,5499.164,5695.345,9.638,9.881,0.036243,0.078841,0.95702
docvqa,1344,64,63,iter063,docvqa_57440,35,9216,2304,17,238.575,238.575,238.519,0.437,1.336,220.788,13.688,273.824,277.216,361.616,22.601,638.832,877.407,26.611,44.246,0.373367,0.802,0.566058
docvqa,1344,64,64,iter064,docvqa_32870,36,9216,2304,15,232.787,232.787,240.759,0.435,1.285,223.135,13.705,276.558,279.976,381.474,27.248,661.45,894.237,22.677,36.7,0.363986,0.782095,0.576724
docvqa,1344,64,65,iter065,docvqa_32871,43,9216,2304,37,225.405,225.405,214.355,0.435,1.303,197.255,13.63,748.417,750.837,927.46,25.763,1678.297,1903.703,22.046,38.816,0.127722,0.57366,0.55262
docvqa,1344,64,66,iter066,docvqa_32872,34,9216,2304,17,393.728,393.728,213.461,0.433,1.296,196.406,13.622,248.582,250.871,393.297,24.581,644.168,1037.896,26.391,40.682,0.331375,0.717272,0.61055
docvqa,1344,64,67,iter067,docvqa_32873,34,9216,2304,16,194.936,194.936,235.345,0.432,1.215,218.453,13.64,270.424,272.627,401.181,26.745,673.808,868.745,23.746,37.39,0.349276,0.750614,0.595393
docvqa,1344,64,68,iter068,docvqa_32874,31,9216,2304,13,291.437,291.437,290.694,0.438,1.284,272.778,13.854,325.815,328.996,296.684,24.724,625.679,917.117,20.777,40.447,0.464605,0.985343,0.474179
docvqa,1344,64,69,iter069,docvqa_32875,33,9216,2304,21,215.859,215.859,226.889,0.436,1.285,209.947,13.662,261.981,264.258,483.208,24.16,747.466,963.325,28.095,41.39,0.303544,0.654036,0.646461
docvqa,1344,64,70,iter070,docvqa_32876,33,9216,2304,22,253.84,253.84,229.303,0.433,1.285,212.282,13.655,265.055,267.451,445.136,21.197,712.588,966.428,30.873,47.177,0.32179,0.693752,0.624676
docvqa,1344,64,71,iter071,docvqa_32877,31,9216,2304,23,283.411,283.411,235.19,0.433,1.302,217.941,13.691,271.731,274.483,490.604,22.3,765.087,1048.497,30.062,44.843,0.307403,0.662566,0.64124
docvqa,1344,64,72,iter072,docvqa_32878,31,9216,2304,12,209.526,209.526,212.047,0.434,1.29,195.113,13.599,247.103,249.324,302.747,27.522,552.07,761.597,21.736,36.334,0.384095,0.831687,0.548384
docvqa,1344,64,73,iter073,docvqa_32879,35,9216,2304,18,327.403,327.403,218.026,0.435,1.312,200.735,13.651,253.473,256.319,409.648,24.097,665.967,993.37,27.028,41.499,0.327382,0.707992,0.615118
docvqa,1344,64,74,iter074,docvqa_57449,29,9216,2304,11,292.782,292.782,267.062,0.434,1.312,249.469,13.713,302.27,305.474,202.247,20.225,507.721,800.502,21.665,49.445,0.526002,1.12135,0.398342
docvqa,1344,64,75,iter075,docvqa_32881,32,9216,2304,26,195.474,195.474,214.141,0.432,1.252,197.368,13.63,249.916,251.92,533.623,21.345,785.544,981.018,33.098,46.85,0.272603,0.590747,0.679304
docvqa,1344,64,76,iter076,docvqa_32882,36,9216,2304,27,538.422,538.422,212.49,0.433,1.272,195.455,13.612,247.807,250.478,607.801,23.377,858.279,1396.701,31.458,42.777,0.247576,0.536302,0.708163
docvqa,1344,64,77,iter077,docvqa_32883,29,9216,2304,24,198.499,198.499,203.936,0.436,1.271,186.944,13.675,239.006,241.476,522.456,22.715,763.932,962.431,31.416,44.023,0.266956,0.579819,0.683904
docvqa,1344,64,78,iter078,docvqa_57452,33,9216,2304,15,305.567,305.567,277.72,0.435,1.32,256.303,13.793,313.232,319.206,352.532,25.181,671.738,977.305,22.33,39.713,0.413435,0.879737,0.524806
docvqa,1344,64,79,iter079,docvqa_32885,32,9216,2304,17,199.398,199.398,235.778,0.432,1.293,218.558,13.758,271.125,273.518,394.44,24.653,667.958,867.356,25.451,40.564,0.352983,0.758884,0.590516
docvqa,1344,64,80,iter080,docvqa_32886,37,9216,2304,23,273.014,273.014,240.659,0.435,1.286,223.542,13.676,275.959,278.43,496.12,22.551,774.551,1047.565,29.695,44.344,0.310708,0.666991,0.640527
docvqa,1344,64,81,iter081,docvqa_57454,34,9216,2304,64,248.018,248.018,263.411,0.433,1.275,246.342,13.704,298.709,301.074,7220.763,114.615,7521.837,7769.855,8.509,8.725,0.03502,0.074732,0.959973
docvqa,1344,64,82,iter082,docvqa_49263,41,9216,2304,30,226.715,226.715,237.37,0.437,1.309,220.194,13.688,272.67,275.128,766.926,26.446,1042.054,1268.769,28.789,37.813,0.227791,0.489457,0.735976
docvqa,1344,64,83,iter083,docvqa_32889,31,9216,2304,21,275.236,275.236,231.347,0.437,1.279,214.35,13.679,266.436,268.702,443.314,22.166,712.017,987.253,29.494,45.115,0.324918,0.699117,0.622618
docvqa,1344,64,84,iter084,docvqa_32890,32,9216,2304,16,191.529,191.529,210.999,0.435,1.284,194.006,13.603,246.476,248.67,391.08,26.072,639.75,831.28,25.01,38.355,0.329814,0.715083,0.611301
docvqa,1344,64,85,iter085,docvqa_32891,39,9216,2304,31,237.373,237.373,273.837,0.433,1.278,256.706,13.747,309.172,311.638,730.265,24.342,1041.903,1279.276,29.753,41.081,0.262824,0.559562,0.700895
docvqa,1344,64,86,iter086,docvqa_32892,31,9216,2304,8,245.235,245.235,237.001,0.432,1.294,219.877,13.714,272.356,274.704,155.999,22.286,430.703,675.938,18.574,44.872,0.550265,1.182616,0.362196
docvqa,1344,64,87,iter087,docvqa_32893,33,9216,2304,21,339.172,339.172,225.808,0.438,1.293,208.203,13.716,260.982,264.098,441.013,22.051,705.112,1044.284,29.783,45.35,0.320245,0.690373,0.625452
docvqa,1344,64,88,iter088,docvqa_32894,36,9216,2304,15,282.095,282.095,198.013,0.436,1.252,181.296,13.568,232.977,235.08,314.911,22.494,549.991,832.086,27.273,44.457,0.360029,0.783632,0.572574
docvqa,1344,64,89,iter089,docvqa_49274,36,9216,2304,19,324.442,324.442,197.415,0.435,1.255,180.644,13.583,232.331,234.496,427.979,23.777,662.475,986.917,28.68,42.058,0.297997,0.648698,0.64603
docvqa,1344,64,90,iter090,docvqa_32896,29,9216,2304,13,202.601,202.601,220.715,0.436,1.257,203.826,13.682,256.353,258.453,270.514,22.543,528.967,731.569,24.576,44.36,0.417256,0.901884,0.5114
docvqa,1344,64,91,iter091,docvqa_32897,28,9216,2304,14,293.023,293.023,254.324,0.436,1.241,237.141,13.782,289.57,292.209,324.099,24.931,616.308,909.331,22.716,40.111,0.412658,0.882505,0.525872
docvqa,1344,64,92,iter092,docvqa_32898,27,9216,2304,13,261.597,261.597,237.007,0.436,1.255,220.105,13.644,272.1,274.267,313.64,26.137,587.908,849.505,22.112,38.26,0.403137,0.865964,0.533486
docvqa,1344,64,93,iter093,docvqa_57475,36,9216,2304,16,294.332,294.332,214.415,0.435,1.259,197.535,13.609,249.463,251.622,408.882,27.259,660.504,954.836,24.224,36.685,0.324623,0.702309,0.619046
docvqa,1344,64,94,iter094,docvqa_32900,32,9216,2304,20,194.272,194.272,214.2,0.434,1.283,197.301,13.617,249.433,251.657,436.583,22.978,688.24,882.512,29.06,43.52,0.311229,0.673651,0.634347
docvqa,1344,64,95,iter095,docvqa_57476,40,9216,2304,21,311.197,311.197,205.737,0.435,1.277,188.508,13.638,240.916,243.95,479.536,23.977,723.485,1034.682,29.026,41.707,0.284369,0.617363,0.662813
docvqa,1344,64,96,iter096,docvqa_49279,30,9216,2304,11,219.359,219.359,198.851,0.433,1.266,182.071,13.611,233.718,235.804,228.052,22.805,463.856,683.215,23.714,43.85,0.42869,0.932548,0.491644
docvqa,1344,64,97,iter097,docvqa_49285,30,9216,2304,12,258.935,258.935,200.579,0.434,1.277,183.723,13.604,235.618,237.919,250.035,22.73,487.954,746.889,24.592,43.994,0.411062,0.893932,0.512416
docvqa,1344,64,98,iter098,docvqa_49292,35,9216,2304,46,212.656,212.656,199.36,0.435,1.254,182.51,13.673,234.358,236.495,1060.452,23.566,1296.947,1509.603,35.468,42.435,0.153715,0.334415,0.817653
docvqa,1344,64,99,iter099,docvqa_16529,29,9216,2304,15,181.85,181.85,208.136,0.433,1.246,191.19,13.686,243.901,246.215,296.839,21.203,543.054,724.904,27.622,47.164,0.383269,0.832397,0.546611
docvqa,1344,64,100,iter100,docvqa_49297,34,9216,2304,19,199.93,199.93,198.897,0.433,1.249,182.124,13.606,233.877,235.926,429.239,23.847,665.165,865.095,28.564,41.935,0.299018,0.650626,0.645312
docvqa,1344,64,101,iter101,docvqa_16533,31,9216,2304,23,179.153,179.153,200.203,0.433,1.265,183.444,13.599,235.018,237.214,551.623,25.074,788.836,967.989,29.157,39.882,0.253795,0.551726,0.699287
docvqa,1344,64,102,iter102,docvqa_49304,31,9216,2304,15,220.255,220.255,227.931,0.436,1.26,211.151,13.631,262.805,264.88,358.377,25.598,623.258,843.513,24.067,39.065,0.365709,0.787373,0.575006
docvqa,1344,64,103,iter103,docvqa_16539,31,9216,2304,23,169.825,169.825,220.702,0.434,1.276,203.353,13.632,255.479,257.843,453.786,20.627,711.629,881.454,32.32,48.481,0.310137,0.669142,0.637672
docvqa,1344,64,104,iter104,docvqa_16553,31,9216,2304,20,173.774,173.774,219.11,0.432,1.296,201.738,13.624,253.848,256.879,448.049,23.582,704.928,878.703,28.372,42.406,0.310827,0.67093,0.635595
docvqa,1344,64,105,iter105,docvqa_49322,33,9216,2304,18,202.564,202.564,217.849,0.437,1.272,201.011,13.633,253.5,255.613,347.298,20.429,602.911,805.475,29.855,48.949,0.361328,0.781788,0.576034
docvqa,1344,64,106,iter106,docvqa_57515,37,9216,2304,18,189.013,189.013,227.358,0.436,1.269,210.509,13.624,263.055,265.077,375.217,22.072,640.294,829.307,28.112,45.307,0.355084,0.765918,0.586008
docvqa,1344,64,107,iter107,docvqa_49323,29,9216,2304,13,250.271,250.271,202.474,0.435,1.219,185.727,13.625,238.869,240.948,297.855,24.821,538.803,789.074,24.128,40.288,0.375785,0.819118,0.552809
docvqa,1344,64,108,iter108,docvqa_57517,29,9216,2304,10,188.096,188.096,198.654,0.434,1.281,181.792,13.618,233.509,235.552,253.076,28.12,488.628,676.724,20.465,35.562,0.406555,0.884443,0.517932
docvqa,1344,64,109,iter109,docvqa_49324,32,9216,2304,14,213.383,213.383,198.436,0.435,1.27,181.688,13.612,233.549,235.572,331.76,25.52,567.333,780.716,24.677,39.185,0.34977,0.761431,0.584772
docvqa,1344,64,110,iter110,docvqa_57519,30,9216,2304,11,289.932,289.932,212.568,0.435,1.246,195.785,13.64,248.215,250.258,232.129,23.213,482.387,772.319,22.803,43.079,0.440659,0.955215,0.48121
docvqa,1344,64,111,iter111,docvqa_49325,30,9216,2304,13,319.53,319.53,218.358,0.435,1.301,201.096,13.608,253.574,257.336,277.656,23.138,534.992,854.522,24.299,43.219,0.408153,0.882129,0.51899
docvqa,1344,64,112,iter112,docvqa_57521,31,9216,2304,14,266.869,266.869,240.894,0.434,1.303,223.346,13.643,275.902,278.972,309.824,23.833,588.796,855.665,23.777,41.959,0.40913,0.877716,0.526199
docvqa,1344,64,113,iter113,docvqa_49326,30,9216,2304,18,307.781,307.781,225.282,0.433,1.266,208.328,13.655,261.453,263.628,411.337,24.196,674.964,982.745,26.668,41.329,0.333769,0.721128,0.60942
docvqa,1344,64,114,iter114,docvqa_57523,33,9216,2304,15,196.404,196.404,231.727,0.435,1.274,214.822,13.688,266.736,269.007,314.302,22.45,583.309,779.713,25.715,44.543,0.397264,0.854545,0.538826
docvqa,1344,64,115,iter115,docvqa_57524,34,9216,2304,15,209.817,209.817,216.411,0.435,1.26,199.541,13.643,252.3,254.455,297.106,21.222,551.561,761.378,27.196,47.121,0.392361,0.84979,0.538663
docvqa,1344,64,116,iter116,docvqa_57525,42,9216,2304,25,176.336,176.336,230.466,0.435,1.255,213.588,13.694,661.785,663.881,597.093,24.879,1260.974,1437.31,19.826,40.195,0.182768,0.707588,0.473517
docvqa,1344,64,117,iter117,docvqa_57526,29,9216,2304,11,182.413,182.413,220.321,0.438,1.262,203.432,13.628,257.211,259.345,227.592,22.759,486.937,669.35,22.59,43.938,0.452462,0.980684,0.467394
docvqa,1344,64,118,iter118,docvqa_57527,34,9216,2304,25,180.548,180.548,223.007,0.433,1.266,206.128,13.643,257.915,260.074,525.074,21.878,785.148,965.696,31.841,45.708,0.284032,0.612524,0.668758
docvqa,1344,64,119,iter119,docvqa_57528,35,9216,2304,37,169.123,169.123,200.727,0.437,1.243,183.601,13.61,235.771,237.883,843.735,23.437,1081.618,1250.741,34.208,42.667,0.18558,0.403559,0.780068
docvqa,1344,64,120,iter120,docvqa_57529,33,9216,2304,21,203.929,203.929,212.125,0.435,1.224,195.256,13.655,247.766,249.851,496.071,24.804,745.922,949.851,28.153,40.317,0.28438,0.616541,0.665044
docvqa,1344,64,121,iter121,docvqa_57530,29,9216,2304,11,300.963,300.963,215.445,0.432,1.305,197.788,13.64,250.782,254.127,260.592,26.059,514.718,815.682,21.371,38.374,0.418568,0.905791,0.50628
docvqa,1344,64,122,iter122,docvqa_57531,33,9216,2304,16,184.575,184.575,233.475,0.435,1.262,216.523,13.631,268.52,270.78,391.252,26.083,662.032,846.607,24.168,38.338,0.352664,0.758264,0.590987
docvqa,1344,64,123,iter123,docvqa_57532,38,9216,2304,23,198.767,198.767,214.663,0.433,1.22,197.814,13.647,655.463,657.591,526.293,23.922,1183.885,1382.652,19.428,41.802,0.181321,0.734976,0.444548
docvqa,1344,64,124,iter124,docvqa_57533,39,9216,2304,19,195.506,195.506,240.755,0.432,1.26,223.743,13.692,275.838,278.034,439.024,24.39,717.057,912.564,26.497,41.0,0.335754,0.720434,0.612257
docvqa,1344,64,125,iter125,docvqa_16568,27,9216,2304,11,210.63,210.63,239.075,0.434,1.25,222.265,13.614,273.947,276.116,249.889,24.989,526.005,736.635,20.912,40.018,0.454511,0.975319,0.475069
docvqa,1344,64,126,iter126,docvqa_16574,37,9216,2304,26,186.291,186.291,214.3,0.435,1.26,197.399,13.641,251.41,253.589,666.766,26.671,920.354,1106.645,28.25,37.494,0.232845,0.506011,0.724466
docvqa,1344,64,127,iter127,docvqa_57537,36,9216,2304,20,178.134,178.134,210.847,0.436,1.273,193.996,13.585,245.833,247.944,503.2,26.484,751.143,929.277,26.626,37.758,0.280701,0.60798,0.669912
docvqa,1344,64,128,iter128,docvqa_57539,36,9216,2304,20,181.896,181.896,235.48,0.431,1.224,218.566,13.668,270.721,272.938,450.346,23.702,723.284,905.18,27.652,42.19,0.325571,0.699866,0.622641
docvqa,1344,64,129,iter129,docvqa_57540,37,9216,2304,20,228.318,228.318,241.152,0.436,1.286,224.116,13.678,276.219,278.511,449.84,23.676,728.352,956.67,27.459,42.237,0.331092,0.71033,0.617614
docvqa,1344,64,130,iter130,docvqa_57543,31,9216,2304,19,193.014,193.014,213.309,0.43,1.243,196.389,13.629,248.504,250.792,462.186,25.677,712.978,905.992,26.649,38.945,0.29918,0.647724,0.648247
docvqa,1344,64,131,iter131,docvqa_57550,27,9216,2304,9,710.915,710.915,221.542,0.434,1.3,204.224,13.705,256.791,259.872,187.319,23.415,447.191,1158.106,20.126,42.708,0.495409,1.06964,0.418879
docvqa,1344,64,132,iter132,docvqa_49361,31,9216,2304,11,240.506,240.506,240.484,0.432,1.273,223.516,13.666,275.516,277.728,252.913,25.291,530.641,771.147,20.73,39.539,0.453195,0.972407,0.476618
docvqa,1344,64,133,iter133,docvqa_49362,29,9216,2304,14,217.105,217.105,253.429,0.435,1.244,235.643,13.967,288.596,291.731,300.26,23.097,591.99,809.095,23.649,43.296,0.428096,0.915597,0.507204
docvqa,1344,64,134,iter134,docvqa_57557,36,9216,2304,49,647.204,647.204,200.365,0.435,1.269,183.5,13.611,235.298,237.721,1056.738,22.015,1294.459,1941.663,37.854,45.423,0.154786,0.336559,0.816355
docvqa,1344,64,135,iter135,docvqa_49366,34,9216,2304,11,217.683,217.683,224.794,0.433,1.252,207.914,13.741,259.83,261.901,268.571,26.857,530.471,748.154,20.736,37.234,0.423763,0.913572,0.506287
docvqa,1344,64,136,iter136,docvqa_32984,33,9216,2304,18,200.06,200.06,201.563,0.436,1.229,184.796,13.609,236.49,238.6,425.148,25.009,663.748,863.808,27.119,39.986,0.303674,0.659968,0.640527
docvqa,1344,64,137,iter137,docvqa_49369,28,9216,2304,12,220.785,220.785,213.614,0.434,1.269,196.564,13.641,248.783,251.278,296.806,26.982,548.083,768.868,21.894,37.061,0.389747,0.843661,0.541534
docvqa,1344,64,138,iter138,docvqa_57562,29,9216,2304,11,307.976,307.976,213.279,0.435,1.269,196.405,13.598,248.441,250.622,226.253,22.625,476.876,784.851,23.067,44.198,0.447243,0.96822,0.474449
docvqa,1344,64,139,iter139,docvqa_32986,33,9216,2304,18,442.925,442.925,219.843,0.432,1.283,202.742,13.652,257.67,260.446,401.275,23.604,661.721,1104.646,27.202,42.365,0.332228,0.721622,0.606411
docvqa,1344,64,140,iter140,docvqa_57564,26,9216,2304,64,246.055,246.055,212.207,0.432,1.289,195.278,13.6,247.318,249.606,1551.386,24.625,1800.992,2047.047,35.536,40.609,0.117828,0.255151,0.861406
docvqa,1344,64,141,iter141,docvqa_49373,36,9216,2304,16,262.423,262.423,214.664,0.435,1.283,197.633,13.623,251.732,254.166,420.911,28.061,675.077,937.5,23.701,35.637,0.317985,0.690878,0.6235
docvqa,1344,64,142,iter142,docvqa_16606,29,9216,2304,11,190.23,190.23,212.716,0.431,1.281,195.751,13.634,249.585,251.941,238.362,23.836,490.303,680.533,22.435,41.953,0.433847,0.942888,0.486153
docvqa,1344,64,143,iter143,docvqa_223,29,9216,2304,14,359.816,359.816,240.326,0.435,1.261,223.396,13.671,275.291,277.429,346.559,26.658,623.988,983.804,22.436,37.512,0.385146,0.826326,0.555393
docvqa,1344,64,144,iter144,docvqa_224,30,9216,2304,16,282.724,282.724,233.258,0.435,1.291,216.263,13.678,269.183,271.326,366.4,24.427,637.727,920.45,25.089,40.939,0.365765,0.787862,0.574541
docvqa,1344,64,145,iter145,docvqa_16609,32,9216,2304,18,290.116,290.116,229.929,0.434,1.264,212.884,13.71,265.163,267.766,365.019,21.472,632.785,922.901,28.446,46.573,0.36336,0.782401,0.576845
docvqa,1344,64,146,iter146,docvqa_57566,34,9216,2304,17,191.374,191.374,244.158,0.434,1.305,226.6,13.669,279.195,282.439,402.635,25.165,685.074,876.448,24.815,39.738,0.356397,0.763938,0.587725
docvqa,1344,64,147,iter147,docvqa_16611,28,9216,2304,20,167.751,167.751,230.647,0.435,1.256,213.788,13.684,265.593,267.743,485.819,25.569,753.562,921.313,26.541,39.109,0.306075,0.658526,0.644697
docvqa,1344,64,148,iter148,docvqa_49376,35,9216,2304,13,203.128,203.128,213.298,0.434,1.267,196.361,13.673,251.662,253.921,276.791,23.066,530.712,733.84,24.495,43.354,0.401909,0.876105,0.521547
docvqa,1344,64,149,iter149,docvqa_49381,34,9216,2304,17,219.849,219.849,254.363,0.435,1.235,237.218,13.754,290.645,293.139,373.514,23.345,666.653,886.502,25.501,42.836,0.381552,0.817528,0.560283
docvqa,1344,64,150,iter150,docvqa_32989,33,9216,2304,17,350.273,350.273,212.567,0.437,1.27,195.625,13.609,247.816,250.192,390.521,24.408,640.714,990.987,26.533,40.971,0.331765,0.718547,0.60951
docvqa,1344,64,151,iter151,docvqa_231,33,9216,2304,35,179.73,179.73,220.489,0.434,1.237,203.547,13.66,255.43,257.756,796.49,23.426,1054.246,1233.976,33.199,42.687,0.209143,0.451431,0.755507
docvqa,1344,64,152,iter152,docvqa_232,27,9216,2304,16,208.902,208.902,225.391,0.435,1.272,207.867,13.743,260.346,263.357,362.149,24.143,625.506,834.407,25.579,41.419,0.360334,0.776551,0.578969
docvqa,1344,64,153,iter153,docvqa_32994,35,9216,2304,17,219.754,219.754,204.759,0.432,1.276,187.83,13.638,239.769,242.04,369.647,23.103,611.687,831.441,27.792,43.285,0.334745,0.726726,0.604307
docvqa,1344,64,154,iter154,docvqa_234,32,9216,2304,64,210.625,210.625,221.796,0.435,1.304,204.366,13.668,256.998,259.964,1435.48,22.785,1695.444,1906.069,37.748,43.888,0.130819,0.2824,0.846669
docvqa,1344,64,155,iter155,docvqa_4931,32,9216,2304,21,192.227,192.227,226.461,0.436,1.311,208.842,13.607,262.008,265.422,487.407,24.37,752.829,945.056,27.895,41.033,0.300813,0.648844,0.647434
docvqa,1344,64,156,iter156,docvqa_32995,33,9216,2304,17,231.893,231.893,281.645,0.431,1.273,264.716,13.68,316.553,318.686,375.056,23.441,693.742,925.635,24.505,42.66,0.405979,0.862277,0.540628
docvqa,1344,64,157,iter157,docvqa_237,36,9216,2304,18,180.849,180.849,213.034,0.433,1.263,196.169,13.584,248.15,250.319,438.428,25.79,688.747,869.597,26.134,38.775,0.309307,0.669599,0.636558
docvqa,1344,64,158,iter158,docvqa_49390,27,9216,2304,8,349.431,349.431,232.124,0.435,1.278,215.055,13.656,268.866,271.34,160.603,22.943,431.943,781.374,18.521,43.586,0.537395,1.159852,0.371815
docvqa,1344,64,159,iter159,docvqa_49391,30,9216,2304,23,212.414,212.414,214.629,0.436,1.288,197.635,13.64,249.822,252.115,560.206,25.464,812.321,1024.735,28.314,39.271,0.264217,0.571758,0.689636
docvqa,1344,64,160,iter160,docvqa_49392,29,9216,2304,22,250.848,250.848,243.609,0.437,1.304,222.924,13.653,278.887,288.125,472.773,22.513,760.898,1011.746,28.913,44.419,0.32016,0.686684,0.621336
docvqa,1344,64,161,iter161,docvqa_49393,25,9216,2304,18,172.462,172.462,237.641,0.437,1.277,220.63,13.699,272.776,275.06,417.911,24.583,692.97,865.432,25.975,40.679,0.342931,0.736565,0.603072
docvqa,1344,64,162,iter162,docvqa_49394,30,9216,2304,16,171.218,171.218,247.13,0.436,1.265,230.152,13.687,284.599,286.786,359.13,23.942,645.917,817.135,24.771,41.768,0.382603,0.823215,0.556001
docvqa,1344,64,163,iter163,docvqa_49395,27,9216,2304,21,153.07,153.07,271.616,0.431,1.259,254.672,13.682,308.324,310.513,487.624,24.381,798.137,951.207,26.311,41.015,0.340312,0.726616,0.610953
docvqa,1344,64,164,iter164,docvqa_49396,29,9216,2304,23,259.981,259.981,207.33,0.434,1.268,190.487,13.619,243.055,245.356,483.128,21.96,728.484,988.465,31.572,45.537,0.284604,0.618249,0.663197
docvqa,1344,64,165,iter165,docvqa_49397,28,9216,2304,16,148.655,148.655,223.899,0.433,1.263,207.135,13.647,258.755,260.806,331.569,22.105,592.375,741.03,27.01,45.239,0.377967,0.814777,0.559729
docvqa,1344,64,166,iter166,docvqa_49398,29,9216,2304,14,172.531,172.531,254.293,0.437,1.265,237.183,13.739,289.516,291.933,319.826,24.602,611.76,784.29,22.885,40.647,0.415675,0.888926,0.522797
docvqa,1344,64,167,iter167,docvqa_49399,30,9216,2304,11,236.932,236.932,200.63,0.438,1.268,183.297,13.577,235.674,238.721,201.61,20.161,440.331,677.264,24.981,49.601,0.455634,0.990854,0.457861
docvqa,1344,64,168,iter168,docvqa_49400,44,9216,2304,26,149.083,149.083,197.87,0.433,1.248,181.116,13.605,232.86,234.947,625.373,25.015,860.32,1009.403,30.221,39.976,0.229996,0.500663,0.726908
docvqa,1344,64,169,iter169,docvqa_49401,32,9216,2304,17,180.407,180.407,198.088,0.434,1.252,181.413,13.562,233.158,235.17,395.42,24.714,630.59,810.997,26.959,40.463,0.314132,0.683878,0.627063
docvqa,1344,64,170,iter170,docvqa_49402,27,9216,2304,31,162.916,162.916,198.001,0.436,1.257,181.283,13.577,232.8,234.821,705.983,23.533,940.804,1103.72,32.951,42.494,0.210459,0.457907,0.750404
docvqa,1344,64,171,iter171,docvqa_49403,30,9216,2304,10,167.419,167.419,198.548,0.435,1.238,181.839,13.56,233.352,235.391,183.341,20.371,418.732,586.151,23.882,49.089,0.474166,1.031449,0.437847
docvqa,1344,64,172,iter172,docvqa_49404,34,9216,2304,25,320.45,320.45,222.745,0.434,1.258,205.414,13.665,257.6,259.73,538.129,22.422,797.858,1118.308,31.334,44.599,0.279178,0.602043,0.674467
docvqa,1344,64,173,iter173,docvqa_254,27,9216,2304,18,292.738,292.738,198.901,0.436,1.246,182.188,13.558,233.673,235.753,387.102,22.771,622.855,915.593,28.899,43.916,0.319337,0.694501,0.621496
docvqa,1344,64,174,iter174,docvqa_255,31,9216,2304,16,184.382,184.382,224.516,0.436,1.256,207.664,13.65,259.473,261.49,346.757,23.117,608.247,792.63,26.305,43.258,0.36912,0.795712,0.570092
docvqa,1344,64,175,iter175,docvqa_256,37,9216,2304,19,165.669,165.669,327.0,0.432,1.279,309.639,14.088,372.732,374.983,416.453,23.136,791.435,957.105,24.007,43.222,0.413174,0.884131,0.526199
docvqa,1344,64,176,iter176,docvqa_49406,31,9216,2304,13,245.61,245.61,203.127,0.435,1.262,186.328,13.585,237.919,240.808,262.37,21.864,503.178,748.788,25.836,45.737,0.403689,0.87652,0.521427
docvqa,1344,64,177,iter177,docvqa_265,28,9216,2304,51,204.635,204.635,203.833,0.431,1.268,187.076,13.576,238.627,240.684,1202.096,24.042,1442.781,1647.416,35.348,41.594,0.141278,0.306672,0.83318
docvqa,1344,64,178,iter178,docvqa_266,30,9216,2304,17,154.381,154.381,227.623,0.436,1.249,210.787,13.648,262.413,264.537,358.59,22.412,623.127,777.508,27.282,44.619,0.365292,0.786416,0.575469
docvqa,1344,64,179,iter179,docvqa_267,30,9216,2304,17,330.574,330.574,198.265,0.432,1.257,181.521,13.573,233.146,235.346,402.967,25.185,638.312,968.887,26.633,39.706,0.310608,0.675862,0.6313
docvqa,1344,64,180,iter180,docvqa_271,29,9216,2304,17,151.777,151.777,218.215,0.432,1.242,201.552,13.597,252.962,254.968,356.211,22.263,611.179,762.956,27.815,44.917,0.35704,0.770932,0.582826
docvqa,1344,64,181,iter181,docvqa_49432,30,9216,2304,38,186.995,186.995,227.586,0.435,1.251,210.828,13.639,262.335,264.341,798.701,21.587,1063.041,1250.036,35.746,46.325,0.21409,0.460868,0.751336
docvqa,1344,64,182,iter182,docvqa_283,39,9216,2304,22,180.786,180.786,217.216,0.436,1.253,200.393,13.66,253.906,255.9,483.79,23.038,739.69,920.477,29.742,43.407,0.293658,0.636918,0.654044
docvqa,1344,64,183,iter183,docvqa_284,34,9216,2304,29,245.535,245.535,200.23,0.436,1.249,183.326,13.583,235.098,237.413,660.776,23.599,898.189,1143.724,32.287,42.374,0.222927,0.484673,0.735676
docvqa,1344,64,184,iter184,docvqa_285,32,9216,2304,16,179.694,179.694,247.865,0.436,1.267,231.034,13.689,282.915,284.934,299.789,19.986,584.723,764.417,27.363,50.035,0.423901,0.907746,0.512702
docvqa,1344,64,185,iter185,docvqa_49437,32,9216,2304,11,268.971,268.971,197.16,0.436,1.247,180.502,13.542,232.187,234.23,219.106,21.911,453.336,722.307,24.265,45.64,0.434909,0.947084,0.483319
docvqa,1344,64,186,iter186,docvqa_49442,31,9216,2304,15,321.665,321.665,224.998,0.433,1.295,208.119,13.665,259.873,262.01,280.819,20.059,542.829,864.494,27.633,49.854,0.414492,0.89323,0.517326
docvqa,1344,64,187,iter187,docvqa_292,32,9216,2304,29,143.762,143.762,198.219,0.435,1.242,181.533,13.567,233.237,235.243,589.33,21.048,824.573,968.335,35.17,47.512,0.240389,0.523247,0.714709
docvqa,1344,64,188,iter188,docvqa_296,34,9216,2304,15,163.3,163.3,277.791,0.432,1.298,254.013,13.715,312.956,316.433,325.885,23.278,642.318,805.618,23.353,42.96,0.432483,0.919711,0.507358
docvqa,1344,64,189,iter189,docvqa_297,33,9216,2304,17,265.715,265.715,212.997,0.434,1.263,196.029,13.596,248.124,250.51,440.534,27.533,691.043,956.759,24.6,36.32,0.308226,0.667283,0.637491
docvqa,1344,64,190,iter190,docvqa_298,29,9216,2304,12,158.668,158.668,242.204,0.432,1.28,225.217,13.659,277.336,279.801,279.567,25.415,559.368,718.036,21.453,39.347,0.432996,0.928798,0.499791
docvqa,1344,64,191,iter191,docvqa_49449,28,9216,2304,17,140.722,140.722,243.757,0.436,1.277,226.657,13.673,278.733,280.988,361.954,22.622,642.941,783.663,26.441,44.205,0.379128,0.812656,0.562965
docvqa,1344,64,192,iter192,docvqa_300,37,9216,2304,20,358.408,358.408,218.427,0.435,1.301,200.734,13.629,253.791,257.103,487.755,25.671,744.857,1103.266,26.851,38.954,0.293247,0.633972,0.65483
docvqa,1344,64,193,iter193,docvqa_49454,33,9216,2304,20,154.687,154.687,222.649,0.434,1.269,205.834,13.626,257.414,259.682,442.35,23.282,702.032,856.719,28.489,42.952,0.317149,0.683818,0.6301
docvqa,1344,64,194,iter194,docvqa_303,37,9216,2304,17,153.66,153.66,221.614,0.434,1.262,204.829,13.656,257.051,259.011,339.974,21.248,598.986,752.645,28.381,47.062,0.369983,0.799126,0.567583
docvqa,1344,64,195,iter195,docvqa_304,35,9216,2304,28,165.538,165.538,224.002,0.431,1.21,207.265,13.639,258.81,260.809,599.378,22.199,860.187,1025.725,32.551,45.047,0.260411,0.561288,0.6968
docvqa,1344,64,196,iter196,docvqa_305,30,9216,2304,19,151.357,151.357,221.114,0.437,1.256,204.421,13.595,255.897,257.849,397.526,22.085,655.375,806.733,28.991,45.28,0.337386,0.727844,0.606563
docvqa,1344,64,197,iter197,docvqa_49455,28,9216,2304,40,119.957,119.957,226.515,0.433,1.259,209.645,13.653,261.281,263.407,860.67,22.068,1124.078,1244.035,35.585,45.314,0.201511,0.433951,0.765668
docvqa,1344,64,198,iter198,docvqa_307,36,9216,2304,16,164.642,164.642,221.594,0.435,1.251,204.828,13.638,256.44,258.479,300.291,20.019,558.77,723.411,28.634,49.952,0.396575,0.855511,0.537415
docvqa,1344,64,199,iter199,docvqa_49461,40,9216,2304,20,147.074,147.074,196.774,0.434,1.266,180.084,13.559,231.572,233.593,374.471,19.709,608.064,755.138,32.891,50.738,0.323608,0.704443,0.615842
docvqa,1344,64,200,iter200,docvqa_49465,34,9216,2304,22,143.184,143.184,240.385,0.435,1.239,223.63,13.666,275.748,277.67,440.697,20.986,718.367,861.551,30.625,47.652,0.334626,0.71848,0.613471
docvqa,1344,64,201,iter201,docvqa_317,29,9216,2304,11,163.47,163.47,197.919,0.435,1.217,181.276,13.555,232.709,234.668,260.162,26.016,494.83,658.3,22.23,38.438,0.399973,0.870254,0.525761
docvqa,1344,64,202,iter202,docvqa_319,33,9216,2304,22,268.859,268.859,201.302,0.436,1.258,184.325,13.608,236.186,238.244,429.409,20.448,667.653,936.511,32.951,48.904,0.301506,0.655262,0.643162
docvqa,1344,64,203,iter203,docvqa_320,30,9216,2304,58,167.147,167.147,242.085,0.437,1.309,224.819,13.745,277.501,280.21,1404.1,24.633,1684.31,1851.456,34.435,40.595,0.143729,0.308486,0.833635
docvqa,1344,64,204,iter204,docvqa_321,28,9216,2304,64,161.627,161.627,217.09,0.438,1.282,199.682,13.653,252.039,254.979,1401.04,22.239,1656.019,1817.646,38.647,44.967,0.131092,0.283288,0.846029
docvqa,1344,64,205,iter205,docvqa_345,29,9216,2304,13,177.04,177.04,218.234,0.431,1.255,201.273,13.718,253.927,256.049,299.939,24.995,555.987,733.027,23.382,40.008,0.392517,0.849231,0.53947
docvqa,1344,64,206,iter206,docvqa_346,26,9216,2304,23,179.947,179.947,199.567,0.434,1.224,182.838,13.592,234.299,236.379,495.524,22.524,731.903,911.85,31.425,44.397,0.272669,0.592791,0.677035
docvqa,1344,64,207,iter207,docvqa_347,38,9216,2304,25,184.446,184.446,221.649,0.432,1.287,204.775,13.668,257.074,259.114,570.627,23.776,829.741,1014.187,30.13,42.059,0.26713,0.576955,0.687717
docvqa,1344,64,208,iter208,docvqa_348,36,9216,2304,21,285.052,285.052,217.733,0.434,1.266,200.844,13.69,253.158,255.22,401.049,20.052,656.268,941.32,31.999,49.869,0.331774,0.717529,0.611105
docvqa,1344,64,209,iter209,docvqa_6943,26,9216,2304,17,154.136,154.136,196.436,0.436,1.252,179.755,13.562,231.193,233.223,351.801,21.988,585.024,739.16,29.059,45.48,0.335774,0.73096,0.601345
docvqa,1344,64,210,iter210,docvqa_357,29,9216,2304,13,203.629,203.629,219.761,0.435,1.25,203.051,13.599,254.502,256.552,284.807,23.734,541.359,744.987,24.014,42.134,0.405944,0.87606,0.526096
docvqa,1344,64,211,iter211,docvqa_358,34,9216,2304,16,160.888,160.888,253.03,0.43,1.249,235.963,13.749,288.475,290.635,303.543,20.236,594.179,755.066,26.928,49.416,0.425848,0.91135,0.510862
docvqa,1344,64,212,iter212,docvqa_359,36,9216,2304,17,165.612,165.612,227.776,0.435,1.273,210.794,13.721,263.311,265.435,367.33,22.958,632.766,798.377,26.866,43.558,0.359969,0.776096,0.580516
docvqa,1344,64,213,iter213,docvqa_360,38,9216,2304,21,154.613,154.613,202.039,0.435,1.208,185.387,13.575,236.887,238.927,478.14,23.907,717.066,871.679,29.286,41.829,0.281758,0.612114,0.6668
docvqa,1344,64,214,iter214,docvqa_361,37,9216,2304,33,204.21,204.21,201.683,0.433,1.243,184.979,13.573,236.546,238.704,681.805,21.306,920.509,1124.719,35.85,46.934,0.219099,0.476072,0.740682
docvqa,1344,64,215,iter215,docvqa_362,37,9216,2304,23,182.741,182.741,215.48,0.435,1.279,197.941,13.607,250.413,253.251,459.371,20.88,712.622,895.363,32.275,47.892,0.302377,0.653774,0.64462
docvqa,1344,64,216,iter216,docvqa_363,37,9216,2304,19,232.092,232.092,215.244,0.43,1.29,197.848,13.574,250.126,253.072,406.919,22.607,659.991,892.083,28.788,44.235,0.326131,0.705114,0.616552
docvqa,1344,64,217,iter217,docvqa_364,31,9216,2304,55,149.28,149.28,228.956,0.433,1.229,212.127,13.657,263.991,266.098,1209.596,22.4,1475.693,1624.973,37.271,44.643,0.155151,0.334044,0.81968
docvqa,1344,64,218,iter218,docvqa_365,29,9216,2304,26,168.845,168.845,202.484,0.436,1.291,185.518,13.622,237.53,239.876,646.852,25.874,886.728,1055.573,29.321,38.649,0.22835,0.496222,0.729482
docvqa,1344,64,219,iter219,docvqa_8560,29,9216,2304,20,277.566,277.566,217.239,0.435,1.273,200.188,13.641,252.521,255.151,462.108,24.321,717.259,994.825,27.884,41.116,0.302873,0.654937,0.64427
docvqa,1344,64,220,iter220,docvqa_4958,27,9216,2304,17,180.112,180.112,214.525,0.432,1.259,197.629,13.608,251.67,253.812,443.531,27.721,697.343,877.455,24.378,36.074,0.307632,0.66853,0.63603
docvqa,1344,64,221,iter221,docvqa_8565,28,9216,2304,27,176.081,176.081,213.888,0.435,1.256,197.014,13.638,248.975,251.163,648.525,24.943,899.688,1075.77,30.01,40.091,0.237735,0.51447,0.720833
docvqa,1344,64,222,iter222,docvqa_4959,26,9216,2304,6,182.262,182.262,231.914,0.431,1.296,214.842,13.644,269.196,271.674,114.747,22.949,386.421,568.684,15.527,43.574,0.600158,1.296795,0.296949
docvqa,1344,64,223,iter223,docvqa_375,38,9216,2304,22,269.093,269.093,231.787,0.432,1.313,211.494,13.672,268.294,271.392,467.904,22.281,739.296,1008.389,29.758,44.881,0.313524,0.676429,0.632905
docvqa,1344,64,224,iter224,docvqa_376,37,9216,2304,23,175.474,175.474,263.711,0.432,1.281,246.611,13.717,299.021,301.341,531.177,24.144,832.518,1007.992,27.627,41.417,0.316763,0.67594,0.638037
docvqa,1344,64,225,iter225,docvqa_377,27,9216,2304,33,299.159,299.159,214.35,0.433,1.302,197.257,13.637,249.629,252.167,790.43,24.701,1042.597,1341.756,31.652,40.484,0.205593,0.445023,0.758135
docvqa,1344,64,226,iter226,docvqa_49528,27,9216,2304,9,199.569,199.569,243.473,0.434,1.303,226.275,13.721,280.596,282.934,204.336,25.542,487.27,686.838,18.47,39.151,0.499668,1.075522,0.419348
docvqa,1344,64,227,iter227,docvqa_49530,27,9216,2304,9,317.593,317.593,226.201,0.434,1.263,208.614,13.673,263.68,266.899,193.631,24.204,460.53,778.123,19.543,41.316,0.491176,1.063734,0.420453
docvqa,1344,64,228,iter228,docvqa_49532,31,9216,2304,18,202.832,202.832,249.252,0.435,1.267,232.126,13.711,284.314,286.562,428.729,25.219,715.291,918.123,25.165,39.652,0.348463,0.745942,0.599377
docvqa,1344,64,229,iter229,docvqa_24499,31,9216,2304,11,180.403,180.403,261.871,0.436,1.267,244.916,13.685,296.791,298.95,227.501,22.75,526.452,706.855,20.895,43.956,0.497426,1.061183,0.432141
docvqa,1344,64,230,iter230,docvqa_49534,31,9216,2304,19,295.22,295.22,240.019,0.436,1.271,222.507,13.643,276.985,282.989,443.087,24.616,726.076,1021.296,26.168,40.624,0.33057,0.712053,0.610248
docvqa,1344,64,231,iter231,docvqa_383,35,9216,2304,41,177.767,177.767,214.87,0.432,1.254,197.898,13.63,249.973,252.08,1072.325,26.808,1324.405,1502.172,30.957,37.302,0.162239,0.350982,0.809666
docvqa,1344,64,232,iter232,docvqa_384,26,9216,2304,64,173.561,173.561,233.629,0.434,1.283,216.638,13.646,268.697,271.032,1540.609,24.454,1811.641,1985.202,35.327,40.893,0.12896,0.277277,0.850394
docvqa,1344,64,233,iter233,docvqa_385,33,9216,2304,64,171.586,171.586,240.041,0.433,1.28,223.01,13.647,275.176,277.523,1518.152,24.098,1795.675,1967.261,35.641,41.498,0.133677,0.286921,0.845449
docvqa,1344,64,234,iter234,docvqa_49536,35,9216,2304,45,204.569,204.569,235.013,0.435,1.288,217.972,13.648,270.119,272.471,1077.221,24.482,1349.692,1554.261,33.341,40.846,0.174123,0.374257,0.798124
docvqa,1344,64,235,iter235,docvqa_24500,29,9216,2304,14,240.046,240.046,278.054,0.436,1.287,257.439,13.735,313.188,316.205,300.178,23.091,616.382,856.429,22.713,43.308,0.451107,0.959213,0.486999
docvqa,1344,64,236,iter236,docvqa_33153,30,9216,2304,25,195.154,195.154,215.53,0.437,1.274,198.555,13.584,401.517,403.607,583.367,24.307,986.974,1182.127,25.33,41.141,0.218375,0.625191,0.591066
docvqa,1344,64,237,iter237,docvqa_57733,40,9216,2304,24,221.323,221.323,295.977,0.437,1.278,276.824,15.863,330.959,333.272,557.854,24.255,891.126,1112.448,26.932,41.229,0.332138,0.703533,0.626011
docvqa,1344,64,238,iter238,docvqa_49542,27,9216,2304,18,222.527,222.527,216.799,0.432,1.255,199.889,13.661,255.174,257.35,458.596,26.976,715.946,938.473,25.142,37.07,0.302815,0.659231,0.640546
docvqa,1344,64,239,iter239,docvqa_33158,27,9216,2304,11,216.343,216.343,223.435,0.434,1.301,206.308,13.649,261.031,263.771,283.262,28.326,547.033,763.376,20.108,35.303,0.408448,0.885625,0.517815
docvqa,1344,64,240,iter240,docvqa_49544,33,9216,2304,38,220.622,220.622,242.093,0.431,1.282,225.098,13.661,277.233,279.599,936.778,25.318,1216.377,1436.999,31.24,39.497,0.199028,0.426945,0.770138
docvqa,1344,64,241,iter241,docvqa_58694,35,9216,2304,20,203.988,203.988,220.763,0.432,1.259,203.682,13.66,256.044,258.832,506.253,26.645,765.085,969.073,26.141,37.531,0.288548,0.623209,0.661695
docvqa,1344,64,242,iter242,docvqa_49546,35,9216,2304,62,199.968,199.968,256.57,0.437,1.278,239.522,13.693,295.732,298.26,1550.969,25.426,1849.23,2049.198,33.527,39.33,0.138744,0.298666,0.838711
docvqa,1344,64,243,iter243,docvqa_395,30,9216,2304,12,178.357,178.357,241.556,0.438,1.255,224.457,13.721,277.318,279.733,258.52,23.502,538.253,716.609,22.294,42.55,0.448779,0.963999,0.480295
docvqa,1344,64,244,iter244,docvqa_396,28,9216,2304,18,235.309,235.309,217.646,0.433,1.311,200.05,13.633,252.81,255.988,423.024,24.884,679.013,914.321,26.509,40.187,0.320533,0.692853,0.622999
docvqa,1344,64,245,iter245,docvqa_397,30,9216,2304,22,349.33,349.33,217.517,0.432,1.259,200.51,13.67,252.695,255.12,507.993,24.19,763.113,1112.443,28.829,41.339,0.285039,0.616176,0.665686
docvqa,1344,64,246,iter246,docvqa_49550,35,9216,2304,52,206.023,206.023,203.766,0.433,1.279,186.829,13.605,238.984,241.364,1196.103,23.453,1437.467,1643.489,36.175,42.638,0.141754,0.308007,0.832091
docvqa,1344,64,247,iter247,docvqa_58695,36,9216,2304,24,170.7,170.7,199.624,0.436,1.21,182.929,13.586,234.519,236.652,533.91,23.213,770.562,941.262,31.146,43.078,0.259062,0.56341,0.692884
docvqa,1344,64,248,iter248,docvqa_398,30,9216,2304,14,264.983,264.983,198.72,0.432,1.236,181.95,13.619,233.586,235.768,275.947,21.227,511.716,776.699,27.359,47.11,0.388341,0.844817,0.539259
docvqa,1344,64,249,iter249,docvqa_49555,41,9216,2304,34,228.748,228.748,234.899,0.432,1.277,217.577,13.777,270.197,272.784,792.331,24.01,1065.115,1293.862,31.921,41.649,0.220538,0.474217,0.743893
docvqa,1344,64,250,iter250,docvqa_16789,36,9216,2304,25,187.007,187.007,234.347,0.431,1.281,217.351,13.65,269.346,271.854,534.442,22.268,806.296,993.303,31.006,44.907,0.290646,0.6247,0.662836
docvqa,1344,64,251,iter251,docvqa_407,29,9216,2304,14,419.114,419.114,212.481,0.434,1.271,195.478,13.626,247.728,250.168,344.518,26.501,594.687,1013.801,23.542,37.734,0.3573,0.773868,0.579328
docvqa,1344,64,252,iter252,docvqa_49560,35,9216,2304,28,202.046,202.046,211.466,0.435,1.269,194.614,13.611,246.513,248.623,665.152,24.635,913.774,1115.82,30.642,40.592,0.23142,0.501195,0.727917
docvqa,1344,64,253,iter253,docvqa_408,30,9216,2304,15,277.287,277.287,197.36,0.435,1.271,180.487,13.587,232.345,234.806,278.36,19.883,513.166,790.453,29.23,50.295,0.384592,0.83736,0.542436
docvqa,1344,64,254,iter254,docvqa_409,29,9216,2304,64,150.59,150.59,197.744,0.435,1.247,181.003,13.604,232.457,234.461,1410.093,22.382,1644.554,1795.145,38.916,44.678,0.120242,0.261591,0.857432
docvqa,1344,64,255,iter255,docvqa_24505,30,9216,2304,17,167.322,167.322,215.598,0.431,1.273,198.76,13.72,251.027,253.008,313.671,19.604,566.68,734.001,29.999,51.009,0.380458,0.823436,0.553525
docvqa,1344,64,256,iter256,docvqa_410,36,9216,2304,27,307.688,307.688,222.87,0.434,1.299,202.286,13.611,258.187,264.502,606.727,23.336,871.229,1178.917,30.991,42.853,0.255811,0.55216,0.696404
docvqa,1344,64,257,iter257,docvqa_49565,28,9216,2304,27,273.242,273.242,226.392,0.432,1.273,208.788,13.657,261.761,265.072,663.528,25.52,928.6,1201.842,29.076,39.184,0.2438,0.525688,0.714546
docvqa,1344,64,258,iter258,docvqa_16801,29,9216,2304,10,192.147,192.147,215.939,0.434,1.273,198.933,13.654,250.905,253.348,201.008,22.334,454.356,646.504,22.009,44.774,0.475265,1.027485,0.442402
docvqa,1344,64,259,iter259,docvqa_49569,28,9216,2304,14,256.839,256.839,234.402,0.436,1.282,217.25,13.662,269.697,272.331,329.704,25.362,602.035,858.874,23.254,39.429,0.389349,0.837325,0.547649
docvqa,1344,64,260,iter260,docvqa_57765,34,9216,2304,20,371.266,371.266,198.419,0.434,1.264,181.585,13.609,233.42,235.704,407.82,21.464,643.524,1014.79,31.079,46.589,0.308331,0.671053,0.633729
docvqa,1344,64,261,iter261,docvqa_57766,34,9216,2304,17,191.096,191.096,235.146,0.434,1.303,218.077,13.639,270.28,272.735,415.191,25.949,687.925,879.021,24.712,38.537,0.34182,0.734711,0.60354
docvqa,1344,64,262,iter262,docvqa_57767,32,9216,2304,14,282.285,282.285,214.408,0.437,1.259,197.574,13.61,249.719,251.826,321.113,24.701,572.939,855.224,24.435,40.484,0.374225,0.810081,0.560466
docvqa,1344,64,263,iter263,docvqa_58700,26,9216,2304,22,162.291,162.291,212.754,0.438,1.261,195.873,13.634,247.713,249.862,576.064,27.432,825.925,988.217,26.637,36.454,0.257595,0.557517,0.697477
docvqa,1344,64,264,iter264,docvqa_49574,31,9216,2304,20,180.285,180.285,246.85,0.436,1.275,229.807,13.734,283.517,285.684,440.953,23.208,726.637,906.922,27.524,43.088,0.339715,0.729892,0.606841
docvqa,1344,64,265,iter265,docvqa_57770,34,9216,2304,16,146.095,146.095,217.057,0.432,1.273,200.114,13.682,252.013,254.116,348.447,23.23,602.563,748.658,26.553,43.048,0.360224,0.77846,0.578275
docvqa,1344,64,266,iter266,docvqa_57771,34,9216,2304,22,188.626,188.626,238.767,0.436,1.288,221.667,13.667,273.775,275.909,535.035,25.478,810.944,999.57,27.129,39.25,0.294431,0.632031,0.659768
docvqa,1344,64,267,iter267,docvqa_49579,33,9216,2304,16,168.849,168.849,211.974,0.438,1.273,195.061,13.652,247.039,249.202,435.843,29.056,685.045,853.894,23.356,34.416,0.309431,0.670048,0.636226
docvqa,1344,64,268,iter268,docvqa_49577,29,9216,2304,12,164.899,164.899,231.674,0.433,1.263,214.75,13.647,267.772,269.919,246.462,22.406,516.381,681.28,23.239,44.632,0.448649,0.967205,0.477287
docvqa,1344,64,269,iter269,docvqa_49583,31,9216,2304,20,209.295,209.295,212.567,0.437,1.266,195.669,13.626,247.491,249.613,433.998,22.842,683.611,892.906,29.256,43.779,0.310946,0.672981,0.634861
docvqa,1344,64,270,iter270,docvqa_431,40,9216,2304,28,151.505,151.505,240.816,0.432,1.267,223.829,13.687,275.955,278.087,634.018,23.482,912.106,1063.611,30.698,42.586,0.264022,0.566569,0.695115
docvqa,1344,64,271,iter271,docvqa_58702,38,9216,2304,19,180.559,180.559,212.749,0.436,1.261,195.834,13.618,247.872,250.059,498.905,27.717,748.964,929.523,25.368,36.079,0.284057,0.615011,0.666127
docvqa,1344,64,272,iter272,docvqa_49586,28,9216,2304,64,188.567,188.567,214.788,0.434,1.25,197.846,13.613,249.915,252.086,1458.602,23.152,1710.688,1899.255,37.412,43.192,0.125557,0.271647,0.852641
docvqa,1344,64,273,iter273,docvqa_432,36,9216,2304,20,160.616,160.616,206.714,0.435,1.26,189.774,13.67,241.864,244.064,425.629,22.402,669.692,830.309,29.864,44.64,0.308671,0.669827,0.635558
docvqa,1344,64,274,iter274,docvqa_57780,34,9216,2304,17,245.035,245.035,214.508,0.434,1.285,197.165,13.62,250.095,253.056,364.358,22.772,617.414,862.449,27.534,43.913,0.347429,0.752497,0.590136
docvqa,1344,64,275,iter275,docvqa_57781,34,9216,2304,16,194.908,194.908,197.056,0.437,1.252,180.325,13.58,231.939,234.006,334.815,22.321,568.822,763.73,28.128,44.801,0.346428,0.754182,0.588612
docvqa,1344,64,276,iter276,docvqa_57782,35,9216,2304,57,173.947,173.947,226.575,0.432,1.254,209.855,13.608,261.533,263.54,1265.412,22.597,1528.952,1702.899,37.28,44.254,0.14819,0.319243,0.827633
docvqa,1344,64,277,iter277,docvqa_57783,31,9216,2304,7,211.578,211.578,225.907,0.435,1.252,209.124,13.649,260.85,262.892,121.528,20.255,384.42,595.998,18.209,49.372,0.587658,1.266212,0.316133
docvqa,1344,64,278,iter278,docvqa_57784,31,9216,2304,16,217.496,217.496,222.033,0.431,1.264,205.256,13.643,256.996,259.054,346.89,23.126,605.945,823.441,26.405,43.241,0.366424,0.790549,0.572479
docvqa,1344,64,279,iter279,docvqa_433,36,9216,2304,19,140.848,140.848,222.731,0.437,1.263,205.94,13.643,257.667,259.685,407.294,22.627,666.979,807.828,28.487,44.194,0.33394,0.720259,0.610655
docvqa,1344,64,280,iter280,docvqa_16826,32,9216,2304,17,290.619,290.619,210.854,0.434,1.287,193.793,13.608,246.283,249.209,426.439,26.652,675.649,966.268,25.161,37.52,0.312076,0.67659,0.631155
docvqa,1344,64,281,iter281,docvqa_57786,34,9216,2304,17,154.183,154.183,235.265,0.436,1.287,218.292,13.631,270.439,272.677,373.077,23.317,645.755,799.937,26.326,42.887,0.364326,0.783121,0.577739
docvqa,1344,64,282,iter282,docvqa_49595,38,9216,2304,26,234.208,234.208,211.92,0.433,1.238,195.026,13.617,247.092,249.357,591.071,23.643,840.427,1074.635,30.937,42.296,0.252157,0.546165,0.703298
docvqa,1344,64,283,iter283,docvqa_444,29,9216,2304,18,282.239,282.239,198.644,0.433,1.277,181.808,13.575,233.59,235.949,410.331,24.137,646.28,928.519,27.852,41.43,0.307365,0.668803,0.634913
docvqa,1344,64,284,iter284,docvqa_16830,32,9216,2304,23,152.105,152.105,227.15,0.435,1.255,210.341,13.653,262.169,264.386,482.844,21.947,747.229,899.334,30.78,45.563,0.303989,0.654844,0.646179
docvqa,1344,64,285,iter285,docvqa_16831,31,9216,2304,23,357.671,357.671,227.148,0.435,1.291,207.123,13.587,262.225,268.678,569.216,25.873,837.894,1195.565,27.45,38.65,0.271094,0.584051,0.679341
docvqa,1344,64,286,iter286,docvqa_16832,31,9216,2304,16,350.293,350.293,201.066,0.432,1.277,183.771,13.589,235.849,239.11,304.239,20.283,543.348,893.642,29.447,49.303,0.37005,0.804116,0.559933
docvqa,1344,64,287,iter287,docvqa_57790,30,9216,2304,9,214.667,214.667,197.234,0.436,1.258,180.494,13.575,232.141,234.26,189.349,23.669,423.608,638.275,21.246,42.25,0.465605,1.013613,0.44699
docvqa,1344,64,288,iter288,docvqa_57791,33,9216,2304,27,259.937,259.937,233.042,0.432,1.286,215.898,13.666,269.315,271.915,631.337,24.282,903.252,1163.189,29.892,41.182,0.258003,0.556164,0.69896
docvqa,1344,64,289,iter289,docvqa_16835,36,9216,2304,20,211.865,211.865,213.738,0.434,1.24,196.814,13.61,248.889,251.363,485.011,25.527,736.375,948.239,27.16,39.174,0.290257,0.628249,0.658647
docvqa,1344,64,290,iter290,docvqa_450,31,9216,2304,15,175.158,175.158,214.723,0.433,1.284,197.618,13.662,250.049,252.485,351.717,25.123,604.202,779.361,24.826,39.805,0.355382,0.769232,0.582118
docvqa,1344,64,291,iter291,docvqa_16837,33,9216,2304,17,190.845,190.845,198.835,0.432,1.283,181.993,13.598,233.807,236.224,344.222,21.514,580.446,771.291,29.288,46.482,0.342556,0.745362,0.59303
docvqa,1344,64,292,iter292,docvqa_57798,44,9216,2304,28,203.718,203.718,197.879,0.434,1.274,181.168,13.573,232.729,234.726,631.516,23.389,866.242,1069.96,32.324,42.754,0.228434,0.497099,0.729029
docvqa,1344,64,293,iter293,docvqa_16839,35,9216,2304,19,167.126,167.126,226.513,0.435,1.208,209.726,13.669,261.358,263.519,474.294,26.35,737.814,904.94,25.752,37.951,0.307006,0.661239,0.642838
docvqa,1344,64,294,iter294,docvqa_57799,37,9216,2304,20,157.075,157.075,204.439,0.435,1.266,187.642,13.591,239.281,241.319,398.013,20.948,639.331,796.406,31.283,47.737,0.31977,0.694037,0.622545
docvqa,1344,64,295,iter295,docvqa_57800,40,9216,2304,23,164.856,164.856,204.412,0.433,1.26,187.618,13.623,239.409,241.487,544.963,24.771,786.449,951.306,29.245,40.37,0.259918,0.564336,0.692941
docvqa,1344,64,296,iter296,docvqa_57801,35,9216,2304,25,322.972,322.972,207.045,0.434,1.282,189.73,13.583,241.987,244.874,571.171,23.799,816.046,1139.018,30.636,42.019,0.253718,0.550254,0.699926
docvqa,1344,64,297,iter297,docvqa_57803,35,9216,2304,17,212.311,212.311,201.416,0.431,1.269,184.559,13.6,236.319,238.669,405.477,25.342,644.146,856.457,26.392,39.46,0.312687,0.679559,0.62948
docvqa,1344,64,298,iter298,docvqa_57804,29,9216,2304,10,130.62,130.62,202.103,0.435,1.215,185.382,13.617,237.789,239.793,195.875,21.764,435.668,566.289,22.953,45.948,0.463892,1.009694,0.449596
docvqa,1344,64,299,iter299,docvqa_57805,31,9216,2304,45,407.362,407.362,216.224,0.435,1.262,199.311,13.656,251.882,254.044,1004.713,22.834,1258.756,1666.118,35.75,43.794,0.171776,0.37188,0.798179
docvqa,1344,64,300,iter300,docvqa_49605,29,9216,2304,21,261.134,261.134,220.383,0.437,1.322,203.029,13.733,260.545,263.538,477.17,23.858,740.708,1001.842,28.351,41.914,0.29753,0.64928,0.644208
docvqa,1344,64,301,iter301,docvqa_57807,32,9216,2304,15,140.832,140.832,239.268,0.435,1.313,222.037,13.752,274.961,277.38,364.82,26.059,642.201,783.033,23.357,38.375,0.372575,0.800729,0.568078
docvqa,1344,64,302,iter302,docvqa_57808,30,9216,2304,17,166.975,166.975,216.047,0.436,1.268,199.125,13.618,251.198,253.521,395.796,24.737,649.318,816.293,26.181,40.425,0.332729,0.719594,0.609557
docvqa,1344,64,303,iter303,docvqa_49617,34,9216,2304,21,165.17,165.17,213.265,0.433,1.266,196.33,13.625,248.361,250.565,504.472,25.224,755.037,920.207,27.813,39.645,0.282456,0.611395,0.668142
docvqa,1344,64,304,iter304,docvqa_57810,28,9216,2304,23,155.697,155.697,265.076,0.432,1.254,248.094,13.762,300.169,302.277,520.182,23.645,822.459,978.156,27.965,42.293,0.322297,0.687263,0.632471
docvqa,1344,64,305,iter305,docvqa_41421,30,9216,2304,12,193.443,193.443,255.749,0.433,1.252,238.85,13.676,290.59,292.66,242.365,22.033,535.026,728.468,22.429,45.386,0.478014,1.021147,0.452997
docvqa,1344,64,306,iter306,docvqa_461,40,9216,2304,64,224.607,224.607,232.922,0.434,1.286,215.462,13.717,268.055,271.182,4523.138,71.796,4794.32,5018.927,13.349,13.928,0.048583,0.104494,0.943437
docvqa,1344,64,307,iter307,docvqa_463,43,9216,2304,64,222.071,222.071,224.494,0.433,1.29,206.907,13.723,260.167,263.789,2928.938,46.491,3192.727,3414.799,20.046,21.51,0.070314,0.151802,0.917378
docvqa,1344,64,308,iter308,docvqa_4977,27,9216,2304,12,270.088,270.088,207.318,0.434,1.268,187.217,13.624,245.472,248.085,225.204,20.473,473.289,743.376,25.355,48.845,0.438037,0.956689,0.475828
docvqa,1344,64,309,iter309,docvqa_57815,35,9216,2304,18,210.606,210.606,213.738,0.435,1.262,196.689,13.61,249.004,251.531,444.749,26.162,696.28,906.886,25.852,38.224,0.306971,0.664592,0.63875
docvqa,1344,64,310,iter310,docvqa_4978,27,9216,2304,17,292.098,292.098,233.958,0.434,1.282,216.874,13.694,269.782,272.233,377.092,23.568,649.325,941.423,26.181,42.43,0.360309,0.77579,0.580745
docvqa,1344,64,311,iter311,docvqa_57817,48,9216,2304,31,235.519,235.519,216.388,0.432,1.283,198.797,13.574,659.175,662.358,754.031,25.134,1416.389,1651.908,21.887,39.786,0.152774,0.618166,0.532361
docvqa,1344,64,312,iter312,docvqa_41434,30,9216,2304,14,182.788,182.788,213.788,0.433,1.261,196.923,13.623,249.333,251.49,312.903,24.069,564.394,747.182,24.805,41.546,0.378792,0.820564,0.554406
docvqa,1344,64,313,iter313,docvqa_57819,31,9216,2304,24,172.514,172.514,229.866,0.435,1.278,212.631,13.681,267.712,270.208,565.889,24.604,836.097,1008.611,28.705,40.644,0.274928,0.59512,0.676822
docvqa,1344,64,314,iter314,docvqa_57820,33,9216,2304,14,184.732,184.732,250.473,0.435,1.335,232.514,13.748,285.639,289.165,264.37,20.336,553.535,738.267,25.292,49.174,0.452497,0.968523,0.477603
docvqa,1344,64,315,iter315,docvqa_57821,33,9216,2304,14,281.85,281.85,200.866,0.435,1.256,184.062,13.563,235.702,237.971,317.166,24.397,555.138,836.988,25.219,40.988,0.361831,0.786413,0.571329
docvqa,1344,64,316,iter316,docvqa_57822,34,9216,2304,23,146.737,146.737,200.526,0.434,1.257,183.786,13.576,235.297,237.467,511.554,23.252,749.022,895.759,30.707,43.006,0.267718,0.581857,0.682963
docvqa,1344,64,317,iter317,docvqa_57823,27,9216,2304,17,184.562,184.562,226.949,0.431,1.265,210.108,13.676,261.788,263.938,384.736,24.046,648.674,833.236,26.207,41.587,0.349865,0.75344,0.593112
docvqa,1344,64,318,iter318,docvqa_49629,32,9216,2304,16,147.133,147.133,198.774,0.436,1.286,182.002,13.592,233.962,236.041,404.456,26.964,640.497,787.63,24.981,37.087,0.310343,0.675625,0.631472
docvqa,1344,64,319,iter319,docvqa_57825,36,9216,2304,15,152.809,152.809,201.246,0.435,1.242,184.541,13.584,236.047,238.184,331.442,23.674,569.626,722.436,26.333,42.24,0.353295,0.767684,0.581858
docvqa,1344,64,320,iter320,docvqa_57826,36,9216,2304,16,171.219,171.219,233.019,0.437,1.244,216.212,13.638,267.887,270.051,315.559,21.037,585.609,756.829,27.322,47.535,0.397908,0.855358,0.538855
docvqa,1344,64,321,iter321,docvqa_57827,35,9216,2304,21,269.956,269.956,249.36,0.431,1.302,231.799,13.611,284.579,291.181,465.29,23.264,756.471,1026.427,27.76,42.984,0.329636,0.705828,0.61508
docvqa,1344,64,322,iter322,docvqa_476,29,9216,2304,11,157.592,157.592,221.478,0.434,1.267,204.599,13.636,256.457,258.842,206.687,20.669,465.529,623.12,23.629,48.382,0.475756,1.026651,0.443983
docvqa,1344,64,323,iter323,docvqa_4980,28,9216,2304,28,157.862,157.862,256.013,0.433,1.247,239.075,13.748,295.049,297.127,606.422,22.46,903.549,1061.411,30.989,44.523,0.283342,0.609886,0.671156
docvqa,1344,64,324,iter324,docvqa_57833,27,9216,2304,9,171.302,171.302,199.185,0.436,1.27,182.416,13.583,233.992,236.103,164.064,20.508,400.167,571.469,22.491,48.761,0.497753,1.082489,0.40999
docvqa,1344,64,325,iter325,docvqa_41449,30,9216,2304,17,194.553,194.553,220.283,0.436,1.262,203.496,13.629,255.188,257.214,453.865,28.367,711.079,905.632,23.907,35.253,0.309787,0.66866,0.638277
docvqa,1344,64,326,iter326,docvqa_57835,34,9216,2304,17,173.646,173.646,204.934,0.431,1.285,187.979,13.664,240.001,242.251,366.55,22.909,608.801,782.447,27.924,43.65,0.336619,0.730838,0.602085
docvqa,1344,64,327,iter327,docvqa_57836,27,9216,2304,12,180.388,180.388,207.389,0.435,1.255,190.43,13.641,242.478,244.642,246.644,22.422,491.286,671.675,24.426,44.599,0.422134,0.915691,0.502038
docvqa,1344,64,328,iter328,docvqa_57837,27,9216,2304,15,357.898,357.898,220.956,0.436,1.283,204.085,13.624,255.874,258.131,366.053,26.147,624.183,982.081,24.031,38.246,0.353992,0.763925,0.58645
docvqa,1344,64,329,iter329,docvqa_57838,27,9216,2304,13,259.101,259.101,220.429,0.436,1.307,203.181,13.681,255.9,258.836,387.788,32.316,646.624,905.725,20.104,30.945,0.340893,0.736641,0.599712
docvqa,1344,64,330,iter330,docvqa_49643,34,9216,2304,24,144.261,144.261,221.979,0.434,1.286,204.93,13.631,257.201,259.529,605.816,26.34,865.345,1009.606,27.735,37.965,0.25652,0.553744,0.700086
docvqa,1344,64,331,iter331,docvqa_57841,28,9216,2304,10,208.243,208.243,219.801,0.434,1.267,202.819,13.667,254.924,257.338,240.417,26.713,497.755,705.998,20.09,37.435,0.441585,0.953733,0.483002
docvqa,1344,64,332,iter332,docvqa_57843,26,9216,2304,10,170.925,170.925,232.536,0.433,1.267,215.574,13.645,270.969,273.231,201.855,22.428,475.086,646.012,21.049,44.586,0.489461,1.059818,0.424881
docvqa,1344,64,333,iter333,docvqa_57844,29,9216,2304,16,168.785,168.785,234.636,0.434,1.229,217.755,13.645,269.855,272.189,398.08,26.539,670.27,839.055,23.871,37.681,0.350062,0.752668,0.593911
docvqa,1344,64,334,iter334,docvqa_57845,31,9216,2304,18,173.595,173.595,214.001,0.434,1.229,197.166,13.606,249.045,251.368,443.32,26.078,694.688,868.283,25.911,38.347,0.308054,0.666553,0.638157
docvqa,1344,64,335,iter335,docvqa_57853,26,9216,2304,17,155.933,155.933,251.538,0.437,1.275,234.49,13.7,288.272,290.521,365.249,22.828,655.769,811.703,25.924,43.806,0.383577,0.823171,0.556978
docvqa,1344,64,336,iter336,docvqa_57854,35,9216,2304,22,181.446,181.446,216.662,0.431,1.259,199.821,13.602,251.678,253.874,544.929,25.949,798.803,980.248,27.541,38.537,0.271233,0.586302,0.682182
docvqa,1344,64,337,iter337,docvqa_57855,37,9216,2304,22,171.091,171.091,243.541,0.432,1.298,226.372,13.751,278.755,281.442,485.969,23.141,767.411,938.501,28.668,43.213,0.317354,0.680594,0.633258
docvqa,1344,64,338,iter338,docvqa_57857,30,9216,2304,23,185.796,185.796,215.499,0.432,1.281,198.515,13.647,250.637,253.077,564.846,25.675,817.923,1003.718,28.12,38.949,0.263471,0.569903,0.690586
docvqa,1344,64,339,iter339,docvqa_57858,37,9216,2304,24,270.092,270.092,239.038,0.434,1.31,221.654,13.945,274.311,277.426,534.167,23.225,811.593,1081.685,29.571,43.058,0.294529,0.63252,0.658171
docvqa,1344,64,340,iter340,docvqa_45694,40,9216,2304,24,155.095,155.095,254.627,0.434,1.296,237.448,13.754,291.487,293.961,581.129,25.266,875.09,1030.185,27.426,39.578,0.290973,0.624067,0.664079
docvqa,1344,64,341,iter341,docvqa_55464,55,9216,2304,40,175.028,175.028,213.518,0.435,1.231,196.586,13.635,628.237,630.546,972.41,24.934,1602.956,1777.984,24.954,40.107,0.133202,0.525126,0.606636
docvqa,1344,64,342,iter342,docvqa_57880,29,9216,2304,14,211.488,211.488,225.376,0.433,1.274,208.335,13.67,263.037,265.411,327.808,25.216,593.219,804.707,23.6,39.657,0.379921,0.823326,0.552592
docvqa,1344,64,343,iter343,docvqa_57881,32,9216,2304,18,204.832,204.832,235.003,0.435,1.263,218.024,13.68,270.379,272.576,454.414,26.73,726.99,931.822,24.76,37.411,0.323255,0.695171,0.625062
docvqa,1344,64,344,iter344,docvqa_57882,32,9216,2304,37,226.064,226.064,212.782,0.434,1.227,195.893,13.629,248.112,250.328,901.127,25.031,1151.455,1377.519,32.133,39.95,0.184794,0.400272,0.782599
docvqa,1344,64,345,iter345,docvqa_57883,27,9216,2304,40,245.697,245.697,213.011,0.437,1.274,196.038,13.605,248.179,250.581,912.944,23.409,1163.525,1409.222,34.378,42.719,0.183074,0.396373,0.784637
docvqa,1344,64,346,iter346,docvqa_57884,32,9216,2304,17,213.875,213.875,264.487,0.432,1.281,247.313,13.744,302.338,304.703,370.685,23.168,675.387,889.263,25.171,43.163,0.391608,0.839259,0.548848
docvqa,1344,64,347,iter347,docvqa_57885,30,9216,2304,14,210.513,210.513,253.942,0.435,1.259,236.25,13.683,293.151,296.658,307.802,23.677,604.461,814.974,23.161,42.235,0.420114,0.905093,0.509218
docvqa,1344,64,348,iter348,docvqa_57886,28,9216,2304,19,185.47,185.47,212.377,0.434,1.276,195.416,13.696,249.239,251.471,400.849,22.269,652.32,837.79,29.127,44.905,0.325572,0.707652,0.614497
docvqa,1344,64,349,iter349,docvqa_57887,37,9216,2304,19,211.883,211.883,235.668,0.432,1.258,218.766,13.661,270.586,272.795,431.278,23.96,704.072,915.956,26.986,41.736,0.334722,0.719038,0.612547
docvqa,1344,64,350,iter350,docvqa_57888,37,9216,2304,24,182.068,182.068,207.61,0.435,1.28,190.735,13.642,242.478,244.665,528.401,22.974,773.066,955.135,31.045,43.528,0.268555,0.582211,0.683513
docvqa,1344,64,351,iter351,docvqa_57889,33,9216,2304,14,216.733,216.733,199.897,0.434,1.254,183.147,13.594,234.701,236.873,265.835,20.449,502.708,719.442,27.849,48.902,0.39764,0.864514,0.528806
docvqa,1344,64,352,iter352,docvqa_57890,32,9216,2304,18,209.245,209.245,214.444,0.435,1.241,197.429,13.652,249.784,252.508,412.785,24.281,665.293,874.538,27.056,41.184,0.322331,0.697781,0.620456
docvqa,1344,64,353,iter353,docvqa_57891,32,9216,2304,25,311.883,311.883,212.947,0.435,1.253,196.062,13.613,248.037,250.306,568.716,23.697,819.022,1130.905,30.524,42.2,0.260002,0.562847,0.694385
docvqa,1344,64,354,iter354,docvqa_553,25,9216,2304,13,202.836,202.836,213.138,0.437,1.268,196.243,13.625,248.138,250.279,270.446,22.537,520.725,723.561,24.965,44.371,0.409309,0.885833,0.519364
docvqa,1344,64,355,iter355,docvqa_554,33,9216,2304,28,227.846,227.846,238.4,0.434,1.288,220.954,13.632,273.48,276.716,626.207,23.193,902.923,1130.769,31.01,43.117,0.264031,0.566914,0.693533
docvqa,1344,64,356,iter356,docvqa_555,29,9216,2304,16,261.597,261.597,200.819,0.434,1.231,183.744,13.596,235.829,238.643,357.15,23.81,595.793,857.39,26.855,41.999,0.337062,0.732887,0.599454
docvqa,1344,64,357,iter357,docvqa_57899,32,9216,2304,19,186.226,186.226,212.203,0.435,1.277,195.209,13.609,247.559,250.281,442.31,24.573,692.591,878.817,27.433,40.695,0.306391,0.66383,0.638631
docvqa,1344,64,358,iter358,docvqa_57900,35,9216,2304,15,186.686,186.686,237.033,0.436,1.272,220.051,13.658,275.128,277.535,372.349,26.596,649.884,836.57,23.081,37.599,0.364731,0.78808,0.572947
docvqa,1344,64,359,iter359,docvqa_57901,31,9216,2304,34,151.591,151.591,213.364,0.434,1.278,196.403,13.618,248.494,250.892,801.489,24.288,1052.381,1203.972,32.308,41.173,0.202744,0.438869,0.761596
docvqa,1344,64,360,iter360,docvqa_57902,29,9216,2304,11,493.643,493.643,217.017,0.433,1.306,199.349,13.622,252.23,261.742,251.824,25.182,513.566,1007.209,21.419,39.71,0.422568,0.913701,0.490344
docvqa,1344,64,361,iter361,docvqa_57903,30,9216,2304,23,231.575,231.575,228.562,0.432,1.27,211.607,13.639,263.537,265.866,470.4,21.382,736.266,967.841,31.239,46.769,0.310435,0.668372,0.6389
docvqa,1344,64,362,iter362,docvqa_57904,35,9216,2304,64,201.837,201.837,217.489,0.434,1.278,200.226,13.601,252.374,255.435,1455.513,23.103,1710.948,1912.784,37.406,43.284,0.127116,0.274621,0.850706
docvqa,1344,64,363,iter363,docvqa_57905,33,9216,2304,20,144.322,144.322,226.575,0.436,1.262,209.197,13.627,262.024,264.232,443.91,23.364,708.142,852.464,28.243,42.801,0.319957,0.689973,0.626866
docvqa,1344,64,364,iter364,docvqa_581,31,9216,2304,13,166.259,166.259,203.855,0.435,1.256,187.028,13.652,238.829,240.933,284.721,23.727,525.654,691.913,24.731,42.147,0.387812,0.842159,0.54165
docvqa,1344,64,365,iter365,docvqa_582,30,9216,2304,64,174.208,174.208,238.181,0.431,1.301,221.163,13.647,273.315,275.77,1508.446,23.944,1784.215,1958.424,35.87,41.765,0.133493,0.286678,0.845439
docvqa,1344,64,366,iter366,docvqa_583,32,9216,2304,15,267.84,267.84,210.133,0.437,1.283,192.656,13.634,245.565,249.36,344.399,24.6,593.759,861.6,25.263,40.65,0.353902,0.767478,0.580032
docvqa,1344,64,367,iter367,docvqa_57928,28,9216,2304,10,388.514,388.514,209.866,0.434,1.225,192.492,13.629,244.761,247.964,206.052,22.895,454.016,842.53,22.026,43.678,0.462244,1.001346,0.453843
docvqa,1344,64,368,iter368,docvqa_57929,28,9216,2304,64,172.944,172.944,230.071,0.433,1.26,213.172,13.62,264.844,267.146,1375.151,21.828,1642.297,1815.241,38.97,45.813,0.140091,0.301356,0.837334
docvqa,1344,64,369,iter369,docvqa_584,31,9216,2304,16,206.476,206.476,198.538,0.436,1.268,181.761,13.611,233.394,235.474,316.996,21.133,552.47,758.946,28.961,47.319,0.359363,0.781819,0.57378
docvqa,1344,64,370,iter370,docvqa_57931,26,9216,2304,10,188.155,188.155,229.581,0.435,1.257,212.773,13.659,265.153,267.227,190.89,21.21,458.118,646.272,21.828,47.147,0.501139,1.079928,0.416684
docvqa,1344,64,371,iter371,docvqa_57933,34,9216,2304,14,176.11,176.11,225.568,0.435,1.214,208.852,13.619,260.368,262.47,287.72,22.132,550.189,726.299,25.446,45.183,0.409983,0.883216,0.522946
docvqa,1344,64,372,iter372,docvqa_57934,33,9216,2304,19,179.217,179.217,247.267,0.434,1.25,230.267,13.837,283.646,285.796,399.777,22.21,685.573,864.79,27.714,45.025,0.360672,0.774407,0.583128
docvqa,1344,64,373,iter373,docvqa_596,37,9216,2304,26,175.564,175.564,222.116,0.432,1.278,204.791,13.603,256.937,259.819,531.621,21.265,791.44,967.004,32.852,47.026,0.280648,0.605293,0.671714
docvqa,1344,64,374,iter374,docvqa_597,32,9216,2304,15,179.864,179.864,234.927,0.432,1.265,217.991,13.688,271.45,273.477,334.877,23.92,608.354,788.219,24.657,41.806,0.386168,0.832371,0.550464
docvqa,1344,64,375,iter375,docvqa_598,32,9216,2304,47,190.31,190.31,203.519,0.435,1.247,186.627,13.651,238.692,240.754,1047.458,22.771,1288.212,1478.522,36.485,43.916,0.157985,0.343275,0.81311
docvqa,1344,64,376,iter376,docvqa_599,31,9216,2304,64,201.726,201.726,234.191,0.436,1.266,217.152,13.646,269.574,272.167,1558.236,24.734,1830.403,2032.13,34.965,40.43,0.127945,0.275221,0.851307
docvqa,1344,64,377,iter377,docvqa_600,31,9216,2304,11,220.28,220.28,239.837,0.432,1.292,222.785,13.673,275.135,277.543,229.096,22.91,506.639,726.919,21.712,43.65,0.473388,1.016448,0.452188
docvqa,1344,64,378,iter378,docvqa_601,33,9216,2304,35,278.511,278.511,223.383,0.436,1.263,206.29,13.73,258.649,261.046,884.039,26.001,1145.085,1423.596,30.565,38.46,0.195079,0.420957,0.772029
docvqa,1344,64,379,iter379,docvqa_16981,28,9216,2304,17,205.985,205.985,211.595,0.435,1.274,194.688,13.601,246.575,248.969,393.226,24.577,642.196,848.181,26.472,40.689,0.329487,0.713443,0.612315
docvqa,1344,64,380,iter380,docvqa_16990,37,9216,2304,20,152.685,152.685,211.501,0.435,1.259,194.667,13.621,246.33,248.492,465.759,24.514,714.251,866.936,28.001,40.794,0.296116,0.640995,0.652095
docvqa,1344,64,381,iter381,docvqa_57951,27,9216,2304,9,584.048,584.048,222.602,0.433,1.275,205.638,13.628,260.354,262.756,189.552,23.694,452.308,1036.356,19.898,42.205,0.492146,1.067758,0.419078
docvqa,1344,64,382,iter382,docvqa_57952,33,9216,2304,16,515.702,515.702,230.593,0.436,1.228,213.664,13.639,267.113,269.436,364.927,24.328,634.363,1150.065,25.222,41.104,0.363504,0.784576,0.575265
docvqa,1344,64,383,iter383,docvqa_57954,27,9216,2304,25,654.727,654.727,261.629,0.43,1.295,244.295,13.683,297.126,300.049,557.205,23.217,857.253,1511.98,29.163,43.072,0.305194,0.651796,0.649988
docvqa,1344,64,384,iter384,docvqa_57955,34,9216,2304,14,614.131,614.131,210.633,0.435,1.262,193.756,13.602,245.79,248.103,333.581,25.66,581.683,1195.814,24.068,38.971,0.362109,0.784658,0.573475
docvqa,1344,64,385,iter385,docvqa_610,31,9216,2304,63,181.774,181.774,212.065,0.434,1.234,195.152,13.618,248.498,251.211,1585.988,25.58,1837.199,2018.973,34.291,39.092,0.115428,0.250688,0.863264
docvqa,1344,64,386,iter386,docvqa_611,41,9216,2304,25,174.792,174.792,216.446,0.431,1.299,199.127,13.714,252.835,255.487,633.448,26.394,888.935,1063.726,28.124,37.888,0.24349,0.527915,0.712592
docvqa,1344,64,387,iter387,docvqa_612,33,9216,2304,22,176.937,176.937,231.325,0.434,1.293,214.181,13.665,266.464,269.256,466.46,22.212,735.717,912.654,29.903,45.02,0.314421,0.676604,0.634022
docvqa,1344,64,388,iter388,docvqa_613,31,9216,2304,18,224.444,224.444,232.147,0.434,1.272,214.531,13.623,267.513,270.875,453.746,26.691,724.622,949.066,24.841,37.466,0.320369,0.689545,0.626184
docvqa,1344,64,389,iter389,docvqa_16999,33,9216,2304,20,170.45,170.45,246.995,0.435,1.264,229.849,13.717,282.097,284.433,489.089,25.742,773.522,943.972,25.856,38.848,0.319311,0.684002,0.632289
docvqa,1344,64,390,iter390,docvqa_17000,31,9216,2304,13,160.126,160.126,244.606,0.434,1.297,227.472,13.751,279.581,281.86,273.905,22.825,555.765,715.891,23.391,43.811,0.440125,0.943182,0.492843
docvqa,1344,64,391,iter391,docvqa_17001,28,9216,2304,10,169.612,169.612,213.96,0.432,1.269,197.047,13.625,248.989,251.33,238.997,26.555,490.326,659.938,20.395,37.657,0.436363,0.944166,0.487424
docvqa,1344,64,392,iter392,docvqa_57963,31,9216,2304,46,598.424,598.424,231.401,0.432,1.279,214.317,13.704,271.074,273.477,1111.065,24.69,1384.542,1982.966,33.224,40.502,0.167132,0.362918,0.802479
docvqa,1344,64,393,iter393,docvqa_57964,28,9216,2304,38,705.802,705.802,208.889,0.429,1.331,190.923,13.653,244.051,247.946,904.454,24.445,1152.4,1858.203,32.975,40.909,0.181265,0.393041,0.784844
docvqa,1344,64,394,iter394,docvqa_57965,30,9216,2304,54,643.326,643.326,203.362,0.433,1.273,186.464,13.613,238.259,240.786,1223.082,23.077,1463.868,2107.194,36.889,43.333,0.138921,0.301681,0.835514
docvqa,1344,64,395,iter395,docvqa_17002,30,9216,2304,14,199.974,199.974,237.684,0.432,1.265,220.257,13.669,274.361,276.579,298.946,22.996,575.525,775.498,24.326,43.486,0.412987,0.889701,0.519432
docvqa,1344,64,396,iter396,docvqa_17003,33,9216,2304,25,178.302,178.302,234.584,0.433,1.233,217.544,13.661,269.723,272.412,602.129,25.089,874.541,1052.843,28.586,39.859,0.268236,0.576653,0.688509
docvqa,1344,64,397,iter397,docvqa_17004,31,9216,2304,20,165.926,165.926,211.825,0.436,1.254,194.973,13.597,246.845,249.075,478.661,25.193,727.736,893.662,27.483,39.694,0.291074,0.630271,0.65774
docvqa,1344,64,398,iter398,docvqa_57969,28,9216,2304,10,156.974,156.974,307.096,0.434,1.249,290.08,13.789,342.843,345.064,201.239,22.36,546.304,703.278,18.305,44.723,0.562135,1.189703,0.368366
docvqa,1344,64,399,iter399,docvqa_17005,32,9216,2304,16,263.989,263.989,210.847,0.433,1.255,194.068,13.575,246.017,248.656,436.694,29.113,685.35,949.339,23.346,34.349,0.307649,0.666615,0.637184
docvqa,1344,64,400,iter400,docvqa_57971,37,9216,2304,22,167.484,167.484,212.864,0.433,1.212,196.063,13.61,248.701,250.966,525.581,25.028,776.547,944.031,28.331,39.956,0.274116,0.594381,0.676818
docvqa,1344,64,401,iter401,docvqa_17007,35,9216,2304,26,181.89,181.89,234.763,0.434,1.258,217.762,13.736,269.832,272.016,587.612,23.504,859.628,1041.518,30.246,42.545,0.273098,0.586992,0.683566
docvqa,1344,64,402,iter402,docvqa_57973,32,9216,2304,13,177.226,177.226,284.996,0.434,1.33,266.903,14.028,323.372,326.676,304.635,25.386,631.311,808.538,20.592,39.391,0.451434,0.963658,0.482544
docvqa,1344,64,403,iter403,docvqa_57974,35,9216,2304,18,163.085,163.085,242.907,0.437,1.284,225.906,13.646,278.155,280.554,441.936,25.996,722.49,885.576,24.914,38.467,0.336209,0.721203,0.611685
docvqa,1344,64,404,iter404,docvqa_57975,32,9216,2304,17,184.543,184.543,222.462,0.437,1.222,205.577,13.654,257.665,260.117,359.734,22.483,619.852,804.394,27.426,44.477,0.358895,0.774584,0.580356
docvqa,1344,64,405,iter405,docvqa_57976,32,9216,2304,18,208.955,208.955,221.77,0.435,1.225,204.426,13.674,256.854,259.878,343.887,20.229,603.766,812.721,29.813,49.435,0.367312,0.792731,0.569571
docvqa,1344,64,406,iter406,docvqa_57977,34,9216,2304,21,289.801,289.801,225.941,0.434,1.263,209.105,13.647,260.789,263.038,467.69,23.385,730.728,1020.529,28.738,42.763,0.3092,0.666089,0.640033
docvqa,1344,64,407,iter407,docvqa_57978,39,9216,2304,24,194.026,194.026,226.139,0.431,1.26,209.281,13.659,261.02,263.459,528.742,22.989,792.201,986.227,30.295,43.499,0.285457,0.614943,0.667435
docvqa,1344,64,408,iter408,docvqa_636,29,9216,2304,59,197.849,197.849,277.578,0.436,1.238,260.321,13.807,313.042,315.663,1515.622,26.131,1831.285,2029.134,32.218,38.268,0.151575,0.322516,0.827627
docvqa,1344,64,409,iter409,docvqa_637,36,9216,2304,22,195.97,195.97,273.357,0.434,1.307,256.132,13.743,308.551,310.956,582.544,27.74,893.5,1089.47,24.622,36.049,0.30594,0.651268,0.651979
docvqa,1344,64,410,iter410,docvqa_639,33,9216,2304,30,217.063,217.063,220.668,0.434,1.233,203.676,13.658,255.902,258.355,744.223,25.663,1002.578,1219.641,29.923,38.967,0.2201,0.475344,0.742309
docvqa,1344,64,411,iter411,docvqa_57985,34,9216,2304,18,628.706,628.706,219.724,0.435,1.301,202.509,13.674,258.091,261.24,423.674,24.922,684.913,1313.619,26.281,40.125,0.320806,0.69763,0.61858
docvqa,1344,64,412,iter412,docvqa_57986,27,9216,2304,64,607.586,607.586,266.19,0.434,1.319,248.443,13.893,319.242,322.755,1561.076,24.779,1883.831,2491.416,33.973,40.357,0.141302,0.310767,0.828671
docvqa,1344,64,413,iter413,docvqa_57987,28,9216,2304,62,210.677,210.677,214.39,0.434,1.281,197.392,13.639,249.476,251.737,1521.145,24.937,1772.882,1983.559,34.971,40.101,0.120927,0.261645,0.858007
docvqa,1344,64,414,iter414,docvqa_57989,33,9216,2304,14,205.588,205.588,214.189,0.436,1.271,197.22,13.632,249.255,251.502,330.985,25.46,582.487,788.076,24.035,39.277,0.367715,0.795629,0.568228
docvqa,1344,64,415,iter415,docvqa_650,29,9216,2304,16,264.684,264.684,238.438,0.434,1.258,221.536,13.633,273.59,275.949,335.948,22.397,611.897,876.581,26.148,44.65,0.38967,0.836787,0.549026
docvqa,1344,64,416,iter416,docvqa_651,32,9216,2304,22,398.21,398.21,210.978,0.434,1.259,194.162,13.575,246.141,248.324,478.76,22.798,727.084,1125.294,30.258,43.863,0.29017,0.628701,0.658466
docvqa,1344,64,417,iter417,docvqa_58007,34,9216,2304,22,164.523,164.523,211.377,0.433,1.242,194.603,13.587,246.176,248.324,539.863,25.708,788.187,952.71,27.912,38.899,0.268181,0.580513,0.684942
docvqa,1344,64,418,iter418,docvqa_58009,26,9216,2304,9,280.156,280.156,231.705,0.434,1.258,214.839,13.632,266.542,268.743,176.262,22.033,445.005,725.161,20.224,45.387,0.520679,1.119642,0.396091
docvqa,1344,64,419,iter419,docvqa_58018,28,9216,2304,40,244.326,244.326,205.247,0.436,1.334,187.64,13.63,240.324,244.072,877.309,22.495,1121.381,1365.708,35.67,44.454,0.18303,0.397341,0.782347
docvqa,1344,64,420,iter420,docvqa_674,33,9216,2304,14,148.516,148.516,224.055,0.432,1.273,207.082,13.697,258.988,261.19,266.433,20.495,527.623,676.139,26.534,48.793,0.42465,0.915509,0.504968
docvqa,1344,64,421,iter421,docvqa_57122,32,9216,2304,14,230.162,230.162,199.483,0.429,1.248,182.745,13.583,234.642,236.741,275.463,21.189,512.204,742.366,27.333,47.193,0.38946,0.847562,0.537799
docvqa,1344,64,422,iter422,docvqa_58020,30,9216,2304,11,205.819,205.819,199.05,0.431,1.261,182.261,13.604,233.853,236.026,230.532,23.053,466.558,672.376,23.577,43.378,0.426636,0.927866,0.494112
docvqa,1344,64,423,iter423,docvqa_58021,30,9216,2304,11,162.823,162.823,222.83,0.435,1.265,206.058,13.602,257.648,259.832,200.688,20.069,460.52,623.343,23.886,49.829,0.483866,1.043338,0.435785
docvqa,1344,64,424,iter424,docvqa_58022,30,9216,2304,21,157.506,157.506,247.221,0.438,1.276,229.808,13.675,282.032,285.01,438.971,21.949,723.981,881.487,29.006,45.561,0.341474,0.731031,0.60633
docvqa,1344,64,425,iter425,docvqa_58023,30,9216,2304,21,163.549,163.549,199.22,0.435,1.246,182.446,13.598,233.959,236.121,445.713,22.286,681.835,845.384,30.799,44.872,0.292182,0.635313,0.653697
docvqa,1344,64,426,iter426,docvqa_58024,39,9216,2304,22,249.672,249.672,214.348,0.433,1.235,197.42,13.594,249.486,252.121,472.615,22.505,724.736,974.407,30.356,44.434,0.29576,0.640004,0.65212
docvqa,1344,64,427,iter427,docvqa_675,26,9216,2304,64,159.875,159.875,215.039,0.433,1.282,198.04,13.611,250.109,252.477,1562.716,24.805,1815.193,1975.068,35.258,40.314,0.118466,0.256253,0.860909
docvqa,1344,64,428,iter428,docvqa_676,29,9216,2304,12,201.146,201.146,253.542,0.437,1.273,236.285,13.651,288.69,291.507,260.393,23.672,551.9,753.045,21.743,42.244,0.459398,0.982482,0.471812
docvqa,1344,64,429,iter429,docvqa_677,27,9216,2304,38,150.522,150.522,300.637,0.432,1.257,283.464,13.852,340.553,342.87,942.883,25.483,1285.753,1436.275,29.555,39.241,0.233822,0.498688,0.733332
docvqa,1344,64,430,iter430,docvqa_58029,31,9216,2304,13,595.059,595.059,260.592,0.431,1.3,243.378,13.729,296.683,299.488,271.499,22.625,570.987,1166.045,22.768,44.199,0.45639,0.975986,0.475491
docvqa,1344,64,431,iter431,docvqa_678,32,9216,2304,21,222.63,222.63,236.202,0.435,1.289,218.583,13.651,271.78,275.1,456.778,22.839,731.878,954.508,28.693,43.785,0.322734,0.69408,0.624118
docvqa,1344,64,432,iter432,docvqa_58054,33,9216,2304,48,281.237,281.237,198.865,0.436,1.266,182.07,13.567,233.681,236.149,1023.301,21.772,1259.451,1540.688,38.112,45.93,0.157898,0.34344,0.812498
docvqa,1344,64,433,iter433,docvqa_58056,37,9216,2304,33,151.624,151.624,252.015,0.433,1.269,235.199,13.654,286.847,289.025,757.642,23.676,1046.667,1198.291,31.529,42.236,0.240779,0.514836,0.723861
docvqa,1344,64,434,iter434,docvqa_58059,27,9216,2304,18,152.181,152.181,215.133,0.435,1.249,198.338,13.6,250.607,252.817,348.79,20.517,601.607,753.788,29.92,48.74,0.357598,0.77416,0.579764
docvqa,1344,64,435,iter435,docvqa_58061,27,9216,2304,34,173.003,173.003,222.402,0.435,1.252,205.622,13.648,257.143,259.285,697.398,21.133,956.683,1129.686,35.539,47.319,0.232472,0.501259,0.728975
docvqa,1344,64,436,iter436,docvqa_58064,30,9216,2304,17,320.907,320.907,234.008,0.436,1.288,214.558,13.618,269.203,275.276,385.291,24.081,660.566,981.473,25.735,41.527,0.354253,0.761788,0.583273
docvqa,1344,64,437,iter437,docvqa_41686,29,9216,2304,12,297.216,297.216,232.539,0.437,1.274,215.333,13.882,267.516,269.837,243.208,22.11,513.045,810.26,23.39,45.229,0.453253,0.974681,0.474049
docvqa,1344,64,438,iter438,docvqa_41687,36,9216,2304,25,165.798,165.798,278.157,0.432,1.313,260.556,13.731,313.66,316.604,586.886,24.454,903.49,1069.288,27.67,40.894,0.30787,0.655035,0.649577
docvqa,1344,64,439,iter439,docvqa_41688,31,9216,2304,14,227.242,227.242,212.672,0.433,1.296,195.66,13.621,247.904,250.337,293.834,22.603,544.171,771.412,25.727,44.243,0.390819,0.846381,0.539966
docvqa,1344,64,440,iter440,docvqa_41689,31,9216,2304,17,195.398,195.398,241.448,0.434,1.325,223.81,13.672,276.66,279.831,426.3,26.644,706.132,901.53,24.075,37.532,0.34193,0.733726,0.603712
docvqa,1344,64,441,iter441,docvqa_41690,36,9216,2304,23,185.318,185.318,217.291,0.436,1.311,200.152,13.643,252.748,255.394,574.887,26.131,830.281,1015.599,27.701,38.268,0.261708,0.56612,0.692401
docvqa,1344,64,442,iter442,docvqa_41691,34,9216,2304,19,175.947,175.947,234.85,0.434,1.307,217.507,13.736,273.275,275.946,467.56,25.976,743.506,919.453,25.555,38.498,0.315868,0.683418,0.628858
docvqa,1344,64,443,iter443,docvqa_41693,35,9216,2304,24,170.858,170.858,221.19,0.43,1.286,204.136,13.604,256.431,258.736,558.711,24.292,817.447,988.305,29.36,41.166,0.270586,0.584283,0.683483
docvqa,1344,64,444,iter444,docvqa_41694,36,9216,2304,21,379.104,379.104,202.792,0.435,1.275,185.886,13.607,238.015,240.415,425.274,21.264,665.689,1044.793,31.546,47.029,0.304635,0.662182,0.638847
docvqa,1344,64,445,iter445,docvqa_41695,37,9216,2304,21,174.597,174.597,224.291,0.434,1.282,207.215,13.8,259.451,261.766,474.946,23.747,736.712,911.309,28.505,42.11,0.304448,0.656622,0.644684
docvqa,1344,64,446,iter446,docvqa_41705,31,9216,2304,15,197.437,197.437,221.74,0.432,1.295,204.29,13.615,256.878,259.926,296.804,21.2,556.73,754.167,26.943,47.169,0.39829,0.859696,0.53312
docvqa,1344,64,447,iter447,docvqa_17132,29,9216,2304,16,229.231,229.231,221.557,0.437,1.258,204.67,13.657,258.13,260.324,315.532,21.035,575.857,805.087,27.785,47.539,0.384743,0.832996,0.547936
docvqa,1344,64,448,iter448,docvqa_17133,34,9216,2304,16,189.372,189.372,202.631,0.434,1.274,185.831,13.585,237.514,239.696,339.812,22.654,579.508,768.88,27.61,44.142,0.349661,0.759515,0.58638
docvqa,1344,64,449,iter449,docvqa_17134,35,9216,2304,28,245.954,245.954,201.309,0.434,1.269,184.434,13.627,236.238,238.653,596.867,22.106,835.52,1081.474,33.512,45.236,0.240939,0.523682,0.714366
docvqa,1344,64,450,iter450,docvqa_17135,35,9216,2304,19,282.964,282.964,214.222,0.435,1.327,196.968,13.637,249.395,253.049,403.795,22.433,656.844,939.808,28.926,44.577,0.326138,0.705825,0.61475
docvqa,1344,64,451,iter451,docvqa_47368,27,9216,2304,13,219.63,219.63,213.583,0.432,1.282,196.614,13.615,248.794,251.141,304.765,25.397,555.905,775.535,23.385,39.375,0.384208,0.831755,0.548231
docvqa,1344,64,452,iter452,docvqa_41715,30,9216,2304,14,201.347,201.347,215.378,0.434,1.279,198.342,13.665,250.477,252.777,337.827,25.987,590.604,791.951,23.705,38.481,0.364675,0.788778,0.572002
docvqa,1344,64,453,iter453,docvqa_41716,30,9216,2304,13,194.511,194.511,213.056,0.435,1.284,196.086,13.615,248.141,250.392,307.15,25.596,557.542,752.052,23.317,39.069,0.382135,0.827198,0.550901
docvqa,1344,64,454,iter454,docvqa_41717,30,9216,2304,12,190.877,190.877,224.86,0.434,1.242,208.015,13.64,259.882,262.227,224.852,20.441,487.079,677.956,24.637,48.921,0.46165,0.995202,0.461633
docvqa,1344,64,455,iter455,docvqa_17139,30,9216,2304,16,184.453,184.453,222.584,0.432,1.251,205.812,13.609,257.456,259.685,347.242,23.149,606.927,791.38,26.362,43.198,0.36674,0.790936,0.572132
docvqa,1344,64,456,iter456,docvqa_41719,27,9216,2304,22,171.191,171.191,203.1,0.436,1.266,186.323,13.61,238.023,240.106,430.786,20.514,670.893,842.084,32.792,48.748,0.302732,0.657517,0.642109
docvqa,1344,64,457,iter457,docvqa_17140,33,9216,2304,15,223.061,223.061,226.745,0.435,1.254,209.924,13.621,261.663,263.966,323.4,23.1,587.366,810.427,25.538,43.29,0.386037,0.831522,0.550593
docvqa,1344,64,458,iter458,docvqa_58105,27,9216,2304,11,165.712,165.712,198.391,0.433,1.267,181.644,13.567,233.283,235.37,241.262,24.126,476.633,642.344,23.079,41.449,0.416234,0.905674,0.506181
docvqa,1344,64,459,iter459,docvqa_58106,34,9216,2304,17,171.348,171.348,199.268,0.431,1.252,182.5,13.575,234.144,236.259,362.959,22.685,599.218,770.566,28.37,44.082,0.332547,0.723296,0.605721
docvqa,1344,64,460,iter460,docvqa_58107,34,9216,2304,15,163.154,163.154,204.366,0.434,1.257,187.586,13.605,239.231,241.339,309.37,22.098,550.71,713.864,27.238,45.253,0.371096,0.8055,0.561767
docvqa,1344,64,461,iter461,docvqa_58108,32,9216,2304,25,228.523,228.523,207.173,0.432,1.253,190.316,13.634,243.118,245.299,522.887,21.787,768.186,996.709,32.544,45.899,0.269691,0.586174,0.680677
docvqa,1344,64,462,iter462,docvqa_41721,27,9216,2304,22,179.836,179.836,202.175,0.435,1.267,185.355,13.612,237.163,239.306,445.746,21.226,685.052,864.888,32.114,47.112,0.295123,0.64132,0.650674
docvqa,1344,64,463,iter463,docvqa_41723,27,9216,2304,17,337.924,337.924,205.905,0.436,1.212,189.009,13.671,241.633,243.803,356.841,22.303,600.644,938.568,28.303,44.838,0.342807,0.745096,0.594097
docvqa,1344,64,464,iter464,docvqa_17143,36,9216,2304,17,187.122,187.122,222.348,0.437,1.261,205.234,13.669,257.301,259.561,362.452,22.653,622.014,809.135,27.331,44.144,0.357464,0.771122,0.582708
docvqa,1344,64,465,iter465,docvqa_41728,30,9216,2304,23,177.845,177.845,204.167,0.436,1.255,187.361,13.611,239.038,241.112,502.889,22.859,744.001,921.846,30.914,43.747,0.274418,0.595705,0.675925
docvqa,1344,64,466,iter466,docvqa_41729,37,9216,2304,18,170.251,170.251,199.584,0.435,1.282,182.7,13.593,234.463,236.635,420.488,24.735,657.122,827.374,27.392,40.429,0.303725,0.660528,0.639892
docvqa,1344,64,467,iter467,docvqa_17147,31,9216,2304,23,175.961,175.961,200.494,0.438,1.247,183.795,13.582,235.39,237.562,489.673,22.258,727.235,903.196,31.627,44.928,0.275694,0.599372,0.673335
docvqa,1344,64,468,iter468,docvqa_17149,30,9216,2304,15,145.552,145.552,199.325,0.433,1.258,182.596,13.591,234.112,236.269,284.804,20.343,521.073,666.625,28.787,49.157,0.382527,0.831816,0.546573
docvqa,1344,64,469,iter469,docvqa_17150,31,9216,2304,16,212.657,212.657,223.608,0.433,1.277,206.59,13.758,258.515,261.158,342.831,22.855,603.989,816.646,26.491,43.753,0.370218,0.79823,0.567612
docvqa,1344,64,470,iter470,docvqa_45744,47,9216,2304,33,181.022,181.022,227.289,0.437,1.219,210.387,13.675,655.75,658.163,669.245,20.914,1327.408,1508.43,24.86,47.815,0.171228,0.665236,0.504174
docvqa,1344,64,471,iter471,docvqa_45745,47,9216,2304,40,184.089,184.089,199.296,0.433,1.256,182.481,13.59,234.899,237.15,856.037,21.95,1093.187,1277.275,36.59,45.559,0.182307,0.397183,0.783065
docvqa,1344,64,472,iter472,docvqa_782,30,9216,2304,20,175.997,175.997,198.564,0.435,1.293,181.712,13.633,233.47,235.595,408.685,21.51,644.28,820.277,31.042,46.491,0.308195,0.670568,0.634328
docvqa,1344,64,473,iter473,docvqa_783,35,9216,2304,4,158.42,158.42,198.173,0.434,1.272,181.416,13.58,233.086,235.181,61.003,20.334,296.185,454.605,13.505,49.178,0.669085,1.456048,0.205964
docvqa,1344,64,474,iter474,docvqa_784,26,9216,2304,26,225.007,225.007,203.785,0.434,1.26,186.985,13.616,238.607,240.692,558.81,22.352,799.502,1024.51,32.52,44.738,0.25489,0.553335,0.698948
docvqa,1344,64,475,iter475,docvqa_785,32,9216,2304,16,239.242,239.242,201.519,0.434,1.286,183.92,13.585,236.762,239.783,302.435,20.162,542.218,781.459,29.508,49.597,0.371658,0.808313,0.557774
docvqa,1344,64,476,iter476,docvqa_786,30,9216,2304,11,176.865,176.865,218.082,0.433,1.216,201.255,13.724,252.866,254.91,202.939,20.294,457.848,634.713,24.025,49.276,0.476319,1.028612,0.443244
docvqa,1344,64,477,iter477,docvqa_788,35,9216,2304,26,294.162,294.162,214.901,0.437,1.24,197.845,13.66,250.196,252.763,603.449,24.138,856.212,1150.374,30.366,41.429,0.25099,0.543202,0.704789
docvqa,1344,64,478,iter478,docvqa_789,54,9216,2304,38,157.293,157.293,214.223,0.437,1.217,197.334,13.632,695.668,697.862,869.553,23.501,1567.415,1724.708,24.244,42.551,0.136673,0.580505,0.554769
docvqa,1344,64,479,iter479,docvqa_790,26,9216,2304,23,215.41,215.41,210.611,0.436,1.29,193.39,13.582,245.512,248.337,440.731,20.033,689.067,904.478,33.378,49.917,0.305647,0.661943,0.639605
docvqa,1344,64,480,iter480,docvqa_60401,30,9216,2304,16,375.079,375.079,197.602,0.434,1.254,180.801,13.591,233.285,235.361,352.583,23.506,587.944,963.023,27.213,42.543,0.336089,0.73287,0.599688
docvqa,1344,64,481,iter481,docvqa_792,36,9216,2304,29,158.332,158.332,221.936,0.435,1.216,205.183,13.656,256.865,258.878,588.728,21.026,847.606,1005.938,34.214,47.56,0.261839,0.564887,0.694577
docvqa,1344,64,482,iter482,docvqa_793,26,9216,2304,24,161.135,161.135,197.935,0.433,1.247,181.165,13.593,232.716,234.746,583.568,25.373,818.314,979.449,29.329,39.413,0.241882,0.526266,0.713134
docvqa,1344,64,483,iter483,docvqa_794,30,9216,2304,17,169.777,169.777,223.511,0.435,1.269,206.633,13.685,258.537,260.61,324.936,20.309,585.546,755.323,29.033,49.24,0.381713,0.823245,0.554928
docvqa,1344,64,484,iter484,docvqa_41749,37,9216,2304,20,164.527,164.527,199.484,0.435,1.26,182.724,13.608,234.308,236.35,418.197,22.01,654.547,819.074,30.555,45.433,0.304767,0.662737,0.638911
docvqa,1344,64,485,iter485,docvqa_41750,35,9216,2304,16,163.185,163.185,236.228,0.435,1.299,219.055,13.709,277.772,280.444,383.932,25.595,664.376,827.562,24.083,39.069,0.355564,0.773658,0.577884
docvqa,1344,64,486,iter486,docvqa_45747,47,9216,2304,39,203.791,203.791,214.914,0.435,1.275,197.893,13.618,250.422,253.043,934.723,24.598,1187.765,1391.556,32.835,40.654,0.18094,0.391774,0.786959
docvqa,1344,64,487,iter487,docvqa_60403,33,9216,2304,15,177.353,177.353,271.912,0.436,1.258,254.692,13.852,308.974,311.467,318.991,22.785,630.457,807.81,23.792,43.888,0.431293,0.921372,0.505967
docvqa,1344,64,488,iter488,docvqa_60404,28,9216,2304,29,191.764,191.764,201.755,0.434,1.273,184.864,13.603,236.891,239.295,614.826,21.958,854.121,1045.885,33.953,45.541,0.236214,0.513564,0.719835
docvqa,1344,64,489,iter489,docvqa_809,27,9216,2304,15,157.461,157.461,220.991,0.435,1.258,204.09,13.692,256.597,258.695,364.495,26.035,623.19,780.651,24.07,38.409,0.354613,0.766361,0.584886
docvqa,1344,64,490,iter490,docvqa_25385,30,9216,2304,11,220.063,220.063,233.391,0.435,1.285,216.363,13.653,268.386,270.855,205.37,20.537,476.225,696.288,23.098,48.693,0.490086,1.053655,0.431246
docvqa,1344,64,491,iter491,docvqa_25386,30,9216,2304,11,305.219,305.219,231.038,0.431,1.251,214.238,13.631,265.9,268.029,205.032,20.503,473.061,778.281,23.253,48.773,0.488389,1.050473,0.433415
docvqa,1344,64,492,iter492,docvqa_25387,31,9216,2304,12,189.976,189.976,225.734,0.436,1.255,208.911,13.642,260.663,262.763,261.881,23.807,524.644,714.62,22.873,42.004,0.430261,0.9271,0.49916
docvqa,1344,64,493,iter493,docvqa_60406,27,9216,2304,26,139.76,139.76,200.414,0.435,1.257,183.651,13.589,235.376,237.476,627.626,25.105,865.103,1004.863,30.054,39.833,0.231665,0.503743,0.725493
docvqa,1344,64,494,iter494,docvqa_815,33,9216,2304,20,153.65,153.65,201.112,0.433,1.252,184.301,13.607,236.099,238.23,433.152,22.797,671.382,825.032,29.789,43.864,0.299549,0.65121,0.645165
docvqa,1344,64,495,iter495,docvqa_60407,30,9216,2304,16,301.73,301.73,225.18,0.435,1.257,208.202,13.654,260.152,262.383,309.406,20.627,571.789,873.519,27.982,48.48,0.393817,0.848796,0.541119
docvqa,1344,64,496,iter496,docvqa_25396,30,9216,2304,50,299.548,299.548,198.636,0.434,1.264,181.904,13.577,233.494,235.576,1275.513,26.031,1511.09,1810.637,33.089,38.416,0.131452,0.285972,0.844102
docvqa,1344,64,497,iter497,docvqa_822,29,9216,2304,14,166.643,166.643,214.8,0.434,1.298,197.792,13.619,250.02,252.392,298.139,22.934,550.531,717.174,25.43,43.604,0.390169,0.844312,0.541548
docvqa,1344,64,498,iter498,docvqa_824,30,9216,2304,23,164.261,164.261,223.327,0.435,1.281,206.256,13.696,260.698,262.954,523.96,23.816,786.915,951.175,29.228,41.988,0.2838,0.615092,0.665841
docvqa,1344,64,499,iter499,docvqa_826,35,9216,2304,32,201.976,201.976,225.501,0.432,1.237,208.044,13.631,261.084,264.039,756.127,24.391,1020.166,1222.142,31.367,40.998,0.221043,0.476967,0.741181
docvqa,1792,64,0,iter000,docvqa_49153,44,16384,4096,31,239.423,239.423,428.455,0.731,2.32,377.86,28.192,487.867,491.202,650.623,21.687,1141.824,1381.248,27.15,46.11,0.375237,0.802507,0.56981
docvqa,1792,64,1,iter001,docvqa_24580,27,16384,4096,16,170.67,170.67,357.858,0.729,2.282,318.945,28.129,417.405,419.629,363.741,24.249,783.369,954.039,20.425,41.238,0.456819,0.989652,0.464328
docvqa,1792,64,2,iter002,docvqa_57349,29,16384,4096,11,223.651,223.651,365.274,0.731,2.273,325.679,28.207,884.437,886.795,198.346,19.835,1085.142,1308.793,10.137,50.417,0.336614,1.151657,0.182784
docvqa,1792,64,3,iter003,docvqa_24581,27,16384,4096,9,156.351,156.351,396.037,0.733,2.262,358.024,28.157,456.118,458.313,173.689,21.711,632.001,788.353,14.24,46.059,0.626639,1.348344,0.274823
docvqa,1792,64,4,iter004,docvqa_24582,28,16384,4096,10,457.343,457.343,391.422,0.727,2.316,331.809,28.165,896.885,902.791,197.539,21.949,1100.33,1557.673,9.088,45.561,0.355732,1.170838,0.179527
docvqa,1792,64,5,iter005,docvqa_39079,29,16384,4096,37,219.233,219.233,603.61,0.729,2.355,565.22,28.301,663.247,666.472,1999.289,55.536,2665.761,2884.994,13.88,18.006,0.22643,0.475233,0.749988
docvqa,1792,64,6,iter006,docvqa_57357,35,16384,4096,25,244.921,244.921,477.626,0.728,2.282,425.357,28.235,924.427,926.906,503.615,20.984,1430.522,1675.443,17.476,47.655,0.333883,0.980099,0.35205
docvqa,1792,64,7,iter007,docvqa_24426,28,16384,4096,19,214.154,214.154,348.472,0.73,2.272,309.152,28.076,408.089,410.424,449.246,24.958,859.67,1073.825,22.101,40.067,0.405356,0.880059,0.52258
docvqa,1792,64,8,iter008,docvqa_49168,30,16384,4096,24,191.143,191.143,413.95,0.73,2.261,375.152,28.181,835.791,838.144,533.231,23.184,1371.375,1562.518,17.501,43.133,0.30185,0.911305,0.388829
docvqa,1792,64,9,iter009,docvqa_24423,34,16384,4096,23,215.795,215.795,338.867,0.726,2.302,300.888,28.736,829.437,832.296,474.485,21.567,1306.78,1522.575,17.601,46.366,0.259314,0.894032,0.363095
docvqa,1792,64,10,iter010,docvqa_49172,36,16384,4096,32,160.038,160.038,335.718,0.726,2.279,299.189,28.128,793.495,795.868,697.659,22.505,1493.527,1653.565,21.426,44.434,0.224782,0.756071,0.467122
docvqa,1792,64,11,iter011,docvqa_57364,32,16384,4096,17,252.411,252.411,342.069,0.729,2.296,305.763,28.079,795.44,797.992,354.678,22.167,1152.67,1405.081,14.748,45.111,0.296762,0.986847,0.307701
docvqa,1792,64,12,iter012,docvqa_57366,33,16384,4096,17,222.213,222.213,392.069,0.73,2.279,352.631,28.17,878.809,881.368,383.629,23.977,1264.996,1487.21,13.439,41.707,0.309937,1.00465,0.303265
docvqa,1792,64,13,iter013,docvqa_57368,37,16384,4096,17,221.157,221.157,379.185,0.729,2.293,339.699,28.154,829.461,831.905,328.946,20.559,1160.851,1382.007,14.644,48.64,0.326644,1.041173,0.283366
docvqa,1792,64,14,iter014,docvqa_49177,31,16384,4096,27,229.375,229.375,371.019,0.729,2.297,333.716,28.223,814.744,817.506,738.181,28.392,1555.688,1785.063,17.356,35.222,0.238492,0.762212,0.474505
docvqa,1792,64,15,iter015,docvqa_57370,34,16384,4096,27,289.09,289.09,417.0,0.726,2.281,379.146,28.222,476.899,479.423,552.467,21.249,1031.89,1320.98,26.166,47.062,0.404113,0.866273,0.535394
docvqa,1792,64,16,iter016,docvqa_57371,49,16384,4096,30,194.484,194.484,375.123,0.726,2.273,336.818,28.303,835.526,837.892,2814.081,97.037,3651.973,3846.457,8.215,10.305,0.102718,0.331506,0.770564
docvqa,1792,64,17,iter017,docvqa_57372,44,16384,4096,25,246.405,246.405,416.554,0.73,2.334,378.842,28.178,476.449,479.692,602.933,25.122,1082.625,1329.03,23.092,39.805,0.384763,0.824849,0.556918
docvqa,1792,64,18,iter018,docvqa_49181,39,16384,4096,40,173.697,173.697,361.263,0.726,2.281,324.72,28.178,859.393,861.81,948.651,24.324,1810.461,1984.158,22.094,41.111,0.199542,0.674224,0.523983
docvqa,1792,64,19,iter019,docvqa_57373,37,16384,4096,23,358.105,358.105,361.822,0.727,2.301,324.772,28.165,421.769,424.157,469.303,21.332,893.46,1251.565,25.743,46.878,0.404967,0.87703,0.525265
docvqa,1792,64,20,iter020,docvqa_57374,29,16384,4096,18,197.974,197.974,381.728,0.728,2.278,344.414,28.135,441.257,443.551,411.909,24.23,855.46,1053.433,21.041,41.271,0.446226,0.962039,0.481506
docvqa,1792,64,21,iter021,docvqa_57375,27,16384,4096,32,200.036,200.036,403.448,0.726,2.305,365.907,28.193,462.949,465.34,692.089,22.325,1157.429,1357.465,27.647,44.792,0.348573,0.748554,0.597954
docvqa,1792,64,22,iter022,docvqa_57376,34,16384,4096,19,178.464,178.464,370.453,0.727,2.293,333.439,28.196,430.26,432.531,364.631,20.257,797.161,975.625,23.835,49.365,0.464716,1.004455,0.457411
docvqa,1792,64,23,iter023,docvqa_49187,31,16384,4096,30,171.892,171.892,365.477,0.727,2.266,326.951,28.159,425.218,427.484,725.544,25.019,1153.028,1324.921,26.018,39.97,0.316971,0.685755,0.629251
docvqa,1792,64,24,iter024,docvqa_16424,30,16384,4096,20,319.238,319.238,389.595,0.727,2.308,349.169,28.224,449.072,451.742,422.608,22.243,874.351,1193.589,22.874,44.959,0.445582,0.959188,0.48334
docvqa,1792,64,25,iter025,docvqa_57386,34,16384,4096,19,322.148,322.148,369.996,0.728,2.303,330.322,28.179,429.679,432.377,471.385,26.188,903.761,1225.909,21.023,38.185,0.409396,0.88483,0.521581
docvqa,1792,64,26,iter026,docvqa_57387,35,16384,4096,20,302.355,302.355,373.579,0.729,2.283,333.13,28.144,433.209,436.344,449.368,23.651,885.712,1188.066,22.581,42.282,0.421785,0.910892,0.507352
docvqa,1792,64,27,iter027,docvqa_57388,35,16384,4096,20,349.415,349.415,405.245,0.73,2.304,356.14,28.148,464.867,468.059,498.331,26.228,966.391,1315.805,20.696,38.127,0.419339,0.900373,0.515663
docvqa,1792,64,28,iter028,docvqa_16429,29,16384,4096,13,185.996,185.996,386.307,0.73,2.318,347.566,28.199,446.183,448.602,374.728,31.227,823.331,1009.327,15.79,32.023,0.4692,1.011124,0.455137
docvqa,1792,64,29,iter029,docvqa_16430,31,16384,4096,13,187.127,187.127,366.208,0.73,2.289,324.545,28.132,426.238,428.616,284.261,23.688,712.878,900.005,18.236,42.215,0.513703,1.111615,0.398752
docvqa,1792,64,30,iter030,docvqa_57391,29,16384,4096,11,234.8,234.8,400.142,0.728,2.365,352.596,28.285,459.936,463.352,264.108,26.411,727.459,962.259,15.121,37.863,0.550054,1.182304,0.363055
docvqa,1792,64,31,iter031,docvqa_57395,32,16384,4096,15,206.045,206.045,386.636,0.727,2.268,347.211,28.188,447.119,449.428,367.721,26.266,817.149,1023.195,18.356,38.072,0.473153,1.020322,0.450005
docvqa,1792,64,32,iter032,docvqa_16437,37,16384,4096,20,219.387,219.387,389.863,0.729,2.31,352.903,28.163,449.683,452.178,452.697,23.826,904.874,1124.261,22.103,41.971,0.430848,0.927804,0.500287
docvqa,1792,64,33,iter033,docvqa_16440,35,16384,4096,19,226.221,226.221,371.826,0.725,2.327,327.805,28.108,431.384,434.648,381.115,21.173,815.762,1041.983,23.291,47.23,0.455802,0.984613,0.467189
docvqa,1792,64,34,iter034,docvqa_57402,32,16384,4096,32,197.14,197.14,393.702,0.725,2.262,356.652,28.165,453.479,455.661,679.757,21.928,1135.418,1332.558,28.183,45.605,0.346746,0.74614,0.598684
docvqa,1792,64,35,iter035,docvqa_57403,36,16384,4096,32,209.835,209.835,368.894,0.726,2.258,328.764,28.125,428.224,430.513,706.928,22.804,1137.441,1347.276,28.133,43.852,0.324319,0.700799,0.621507
docvqa,1792,64,36,iter036,docvqa_57404,40,16384,4096,28,211.612,211.612,338.474,0.731,2.286,300.976,28.09,799.721,802.156,652.842,24.179,1454.997,1666.609,19.244,41.358,0.232629,0.782266,0.448689
docvqa,1792,64,37,iter037,docvqa_16444,37,16384,4096,24,197.002,197.002,417.045,0.728,2.335,377.609,28.256,477.105,479.762,474.707,20.639,954.469,1151.472,25.145,48.451,0.436939,0.936803,0.497352
docvqa,1792,64,38,iter038,docvqa_57407,36,16384,4096,21,444.087,444.087,396.175,0.725,2.319,358.72,28.177,455.84,458.535,490.367,24.518,948.902,1392.988,22.131,40.786,0.417509,0.897895,0.516773
docvqa,1792,64,39,iter039,docvqa_16447,39,16384,4096,26,193.779,193.779,365.153,0.73,2.292,326.213,28.124,424.821,427.254,585.66,23.426,1012.914,1206.693,25.669,42.687,0.360497,0.779902,0.578193
docvqa,1792,64,40,iter040,docvqa_57409,29,16384,4096,11,231.041,231.041,388.643,0.728,2.281,346.39,28.208,448.457,450.848,237.714,23.771,688.562,919.603,15.975,42.067,0.564427,1.215722,0.345233
docvqa,1792,64,41,iter041,docvqa_16450,29,16384,4096,11,210.115,210.115,369.111,0.729,2.326,331.175,28.17,429.152,431.529,209.092,20.909,640.622,850.736,17.171,47.826,0.576176,1.246076,0.32639
docvqa,1792,64,42,iter042,docvqa_57410,33,16384,4096,17,241.044,241.044,378.182,0.727,2.276,337.973,28.174,438.01,440.295,390.21,24.388,830.505,1071.549,20.469,41.004,0.455364,0.982766,0.469846
docvqa,1792,64,43,iter043,docvqa_57411,35,16384,4096,29,219.183,219.183,610.28,0.727,2.308,563.142,28.167,670.506,673.617,644.45,23.016,1318.067,1537.25,22.002,43.448,0.463012,0.971716,0.488936
docvqa,1792,64,44,iter044,docvqa_57413,33,16384,4096,42,302.621,302.621,381.499,0.729,2.296,343.646,28.225,441.543,444.049,983.919,23.998,1427.968,1730.589,29.412,41.67,0.267162,0.576373,0.689034
docvqa,1792,64,45,iter045,docvqa_57414,35,16384,4096,19,222.028,222.028,386.789,0.725,2.259,349.491,28.162,446.103,448.495,427.139,23.73,875.635,1097.663,21.699,42.141,0.441724,0.951187,0.487806
docvqa,1792,64,46,iter046,docvqa_57415,34,16384,4096,26,189.54,189.54,392.678,0.724,2.268,353.874,28.115,452.2,454.489,657.79,26.312,1112.279,1301.819,23.375,38.006,0.353039,0.759592,0.59139
docvqa,1792,64,47,iter047,docvqa_57416,34,16384,4096,18,183.792,183.792,365.468,0.727,2.259,328.133,28.144,425.142,427.52,459.388,27.023,886.908,1070.7,20.295,37.006,0.412069,0.891423,0.517965
docvqa,1792,64,48,iter048,docvqa_57417,32,16384,4096,15,258.876,258.876,394.586,0.73,2.326,357.566,28.129,454.308,457.182,342.09,24.435,799.273,1058.149,18.767,40.925,0.493682,1.062084,0.428002
docvqa,1792,64,49,iter049,docvqa_57418,33,16384,4096,16,237.551,237.551,388.054,0.731,2.32,350.575,28.328,448.545,451.321,385.201,25.68,836.521,1074.073,19.127,38.941,0.46389,1.000093,0.460479
docvqa,1792,64,50,iter050,docvqa_24437,27,16384,4096,16,200.346,200.346,392.919,0.731,2.296,352.469,28.181,452.369,455.087,396.22,26.415,851.307,1051.653,18.795,37.858,0.461548,0.992929,0.465425
docvqa,1792,64,51,iter051,docvqa_24438,29,16384,4096,13,186.786,186.786,419.116,0.726,2.287,379.648,28.198,478.48,480.942,267.514,22.293,748.456,935.242,17.369,44.858,0.559974,1.199263,0.357421
docvqa,1792,64,52,iter052,docvqa_16455,41,16384,4096,27,241.942,241.942,365.987,0.734,2.288,329.422,28.115,875.878,878.194,647.624,24.909,1525.818,1767.76,17.695,40.147,0.239863,0.813901,0.424444
docvqa,1792,64,53,iter053,docvqa_16456,30,16384,4096,13,247.077,247.077,373.249,0.732,2.282,334.805,28.168,432.873,435.302,299.718,24.976,735.02,982.096,17.687,40.038,0.507809,1.096736,0.407768
docvqa,1792,64,54,iter054,docvqa_16463,31,16384,4096,13,196.98,196.98,402.853,0.725,2.299,365.943,28.189,463.499,465.787,301.919,25.16,767.707,964.686,16.934,39.746,0.524748,1.128492,0.393274
docvqa,1792,64,55,iter055,docvqa_49234,31,16384,4096,15,184.703,184.703,406.31,0.73,2.286,366.25,28.228,465.973,468.302,368.165,26.297,836.466,1021.169,17.933,38.026,0.485745,1.042819,0.440143
docvqa,1792,64,56,iter056,docvqa_57428,35,16384,4096,17,200.333,200.333,395.393,0.73,2.326,347.786,28.173,455.086,458.112,386.269,24.142,844.382,1044.715,20.133,41.422,0.468264,1.007221,0.457458
docvqa,1792,64,57,iter057,docvqa_24440,25,16384,4096,18,235.794,235.794,392.163,0.725,2.318,352.366,28.211,876.624,879.28,1444.943,84.997,2324.223,2560.017,7.745,11.765,0.168729,0.545897,0.621689
docvqa,1792,64,58,iter058,docvqa_16468,39,16384,4096,26,319.206,319.206,374.319,0.728,2.301,336.805,28.21,434.038,436.596,596.4,23.856,1032.997,1352.203,25.169,41.918,0.362362,0.782536,0.57735
docvqa,1792,64,59,iter059,docvqa_57431,36,16384,4096,21,194.515,194.515,387.627,0.732,2.283,347.045,28.155,447.338,449.676,475.517,23.776,925.193,1119.709,22.698,42.059,0.418969,0.902477,0.513965
docvqa,1792,64,60,iter060,docvqa_16473,31,16384,4096,13,177.534,177.534,375.836,0.724,2.27,337.286,28.147,435.923,438.122,262.573,21.881,700.695,878.229,18.553,45.702,0.536376,1.158506,0.374732
docvqa,1792,64,61,iter061,docvqa_49242,26,16384,4096,12,199.117,199.117,390.156,0.731,2.312,352.561,28.317,878.018,880.756,246.971,22.452,1127.727,1326.844,10.641,44.54,0.345966,1.12454,0.218999
docvqa,1792,64,62,iter062,docvqa_57439,34,16384,4096,53,312.313,312.313,371.791,0.73,2.262,330.672,28.137,431.349,433.665,5365.682,103.186,5799.348,6111.661,9.139,9.691,0.064109,0.138488,0.925222
docvqa,1792,64,63,iter063,docvqa_57440,35,16384,4096,17,308.264,308.264,395.955,0.73,2.267,353.576,28.144,455.829,458.273,378.067,23.629,836.339,1144.604,20.327,42.321,0.473439,1.018468,0.452049
docvqa,1792,64,64,iter064,docvqa_32870,36,16384,4096,43,242.37,242.37,411.515,0.73,2.253,374.966,28.248,471.087,473.347,958.388,22.819,1431.735,1674.104,30.033,43.824,0.287424,0.616457,0.669389
docvqa,1792,64,65,iter065,docvqa_32871,43,16384,4096,29,237.335,237.335,391.02,0.73,2.274,353.072,28.161,848.657,850.992,676.859,24.174,1527.851,1765.186,18.981,41.368,0.255928,0.811386,0.443014
docvqa,1792,64,66,iter066,docvqa_32872,34,16384,4096,17,241.261,241.261,370.571,0.729,2.304,332.875,28.122,430.279,432.821,342.75,21.422,775.571,1016.832,21.919,46.681,0.477804,1.032594,0.441932
docvqa,1792,64,67,iter067,docvqa_32873,34,16384,4096,22,364.732,364.732,349.257,0.728,2.281,311.037,28.563,408.751,411.16,465.926,22.187,877.086,1241.818,25.083,45.072,0.398201,0.864234,0.53122
docvqa,1792,64,68,iter068,docvqa_32874,31,16384,4096,13,262.114,262.114,359.149,0.733,2.309,321.82,28.214,418.623,421.441,308.435,25.703,729.876,991.99,17.811,38.906,0.492068,1.065622,0.422586
docvqa,1792,64,69,iter069,docvqa_32875,33,16384,4096,21,231.418,231.418,348.919,0.727,2.301,311.421,28.11,408.541,411.161,466.515,23.326,877.676,1109.094,23.927,42.871,0.397549,0.863029,0.531534
docvqa,1792,64,70,iter070,docvqa_32876,33,16384,4096,22,336.645,336.645,372.338,0.73,2.275,335.605,28.123,432.171,434.545,453.847,21.612,888.391,1225.037,24.764,46.271,0.419115,0.905579,0.510863
docvqa,1792,64,71,iter071,docvqa_32877,31,16384,4096,28,373.138,373.138,375.138,0.729,2.334,328.695,28.145,434.84,442.574,576.789,21.363,1019.363,1392.501,27.468,46.811,0.368012,0.794592,0.565833
docvqa,1792,64,72,iter072,docvqa_32878,31,16384,4096,12,294.261,294.261,382.174,0.729,2.341,335.216,28.122,442.053,445.407,307.236,27.931,752.643,1046.905,15.944,35.803,0.507776,1.09511,0.40821
docvqa,1792,64,73,iter073,docvqa_32879,35,16384,4096,18,234.388,234.388,416.603,0.73,2.286,379.771,28.26,476.23,478.57,402.386,23.67,880.956,1115.344,20.432,42.248,0.472899,1.013482,0.456761
docvqa,1792,64,74,iter074,docvqa_57449,29,16384,4096,11,356.222,356.222,367.935,0.732,2.284,331.336,28.168,427.561,429.986,252.129,25.213,682.115,1038.337,16.126,39.662,0.539404,1.16622,0.369628
docvqa,1792,64,75,iter075,docvqa_32881,32,16384,4096,25,338.885,338.885,347.841,0.731,2.3,308.029,28.121,407.661,410.118,587.928,24.497,998.046,1336.931,25.049,40.821,0.348522,0.756982,0.589079
docvqa,1792,64,76,iter076,docvqa_32882,36,16384,4096,27,268.243,268.243,402.036,0.727,2.319,364.236,28.26,462.04,464.99,620.484,23.865,1085.473,1353.716,24.874,41.903,0.370379,0.796037,0.571625
docvqa,1792,64,77,iter077,docvqa_32883,29,16384,4096,23,241.204,241.204,403.716,0.728,2.409,351.314,28.195,463.831,467.344,587.533,26.706,1054.877,1296.082,21.803,37.445,0.382714,0.822416,0.556968
docvqa,1792,64,78,iter078,docvqa_57452,33,16384,4096,16,238.686,238.686,402.733,0.723,2.355,362.801,28.243,462.51,465.353,381.651,25.443,847.004,1085.691,18.89,39.303,0.475479,1.021533,0.45059
docvqa,1792,64,79,iter079,docvqa_32885,32,16384,4096,18,241.163,241.163,425.463,0.727,2.42,375.582,28.205,485.596,489.121,410.759,24.162,899.88,1141.043,20.003,41.387,0.4728,1.012422,0.45646
docvqa,1792,64,80,iter080,docvqa_32886,37,16384,4096,23,277.167,277.167,606.085,0.726,2.309,569.149,28.137,665.603,667.989,532.402,24.2,1200.391,1477.558,19.16,41.322,0.504906,1.059395,0.443524
docvqa,1792,64,81,iter081,docvqa_57454,34,16384,4096,57,222.79,222.79,376.397,0.727,2.292,339.611,28.178,435.865,438.36,3359.58,59.993,3797.94,4020.731,15.008,16.669,0.099106,0.213869,0.884579
docvqa,1792,64,82,iter082,docvqa_49263,41,16384,4096,30,265.118,265.118,381.999,0.731,2.358,332.759,28.085,441.87,445.931,630.589,21.744,1076.52,1341.637,27.868,45.989,0.354846,0.765308,0.585766
docvqa,1792,64,83,iter083,docvqa_32889,31,16384,4096,25,242.579,242.579,401.073,0.728,2.293,363.223,28.253,461.822,464.272,537.114,22.38,1001.386,1243.965,24.965,44.683,0.400517,0.8617,0.536371
docvqa,1792,64,84,iter084,docvqa_32890,32,16384,4096,16,279.272,279.272,355.579,0.73,2.3,315.717,28.106,415.145,417.733,341.147,22.743,758.88,1038.152,21.084,43.969,0.468558,1.015608,0.44954
docvqa,1792,64,85,iter085,docvqa_32891,39,16384,4096,35,423.635,423.635,353.474,0.728,2.251,314.979,28.133,413.395,415.782,734.257,21.596,1150.04,1573.675,30.434,46.305,0.307359,0.66682,0.638463
docvqa,1792,64,86,iter086,docvqa_32892,31,16384,4096,17,319.889,319.889,350.649,0.726,2.286,312.622,28.166,409.959,412.372,417.582,26.099,829.955,1149.843,20.483,38.316,0.422492,0.916445,0.503139
docvqa,1792,64,87,iter087,docvqa_32893,33,16384,4096,21,264.155,264.155,400.676,0.73,2.273,359.322,28.24,460.741,463.184,475.581,23.779,938.764,1202.919,22.37,42.054,0.426812,0.917607,0.506603
docvqa,1792,64,88,iter088,docvqa_32894,36,16384,4096,20,292.594,292.594,387.227,0.726,2.272,349.702,28.15,447.174,449.73,377.537,19.87,827.267,1119.861,24.176,50.326,0.46808,1.008624,0.456367
docvqa,1792,64,89,iter089,docvqa_49274,36,16384,4096,19,251.82,251.82,354.111,0.729,2.311,315.046,28.294,414.323,416.799,360.477,20.027,777.276,1029.096,24.444,49.934,0.45558,0.988624,0.46377
docvqa,1792,64,90,iter090,docvqa_32896,29,16384,4096,13,457.782,457.782,346.965,0.729,2.298,307.519,28.156,406.556,408.919,275.373,22.948,684.292,1142.074,18.998,43.577,0.507043,1.101169,0.40242
docvqa,1792,64,91,iter091,docvqa_32897,28,16384,4096,14,262.008,262.008,367.301,0.728,2.273,330.25,28.112,427.002,429.274,278.378,21.414,707.652,969.66,19.784,46.699,0.519041,1.122448,0.393383
docvqa,1792,64,92,iter092,docvqa_32898,27,16384,4096,23,250.586,250.586,369.783,0.731,2.276,332.8,28.137,429.238,431.541,506.617,23.028,938.158,1188.744,24.516,43.425,0.394159,0.851691,0.540013
docvqa,1792,64,93,iter093,docvqa_57475,36,16384,4096,16,229.231,229.231,408.081,0.73,2.285,370.97,28.207,468.716,471.072,336.947,22.463,808.02,1037.25,19.802,44.517,0.505039,1.085118,0.417004
docvqa,1792,64,94,iter094,docvqa_32900,32,16384,4096,20,226.147,226.147,346.765,0.73,2.276,309.902,28.096,406.448,408.795,454.161,23.903,862.956,1089.103,23.176,41.835,0.401834,0.872829,0.526285
docvqa,1792,64,95,iter095,docvqa_57476,40,16384,4096,23,209.932,209.932,402.467,0.728,2.27,363.532,28.207,463.352,465.598,487.356,22.153,952.953,1162.885,24.135,45.142,0.422336,0.908563,0.511416
docvqa,1792,64,96,iter096,docvqa_49279,30,16384,4096,11,256.023,256.023,426.03,0.725,2.362,376.608,28.217,485.422,489.126,258.399,25.84,747.525,1003.548,14.715,38.7,0.569921,1.219293,0.345672
docvqa,1792,64,97,iter097,docvqa_49285,30,16384,4096,12,242.146,242.146,375.309,0.727,2.287,336.914,28.16,435.216,437.815,326.264,29.66,764.079,1006.225,15.705,33.715,0.491191,1.060786,0.427003
docvqa,1792,64,98,iter098,docvqa_49292,35,16384,4096,46,233.03,233.03,357.555,0.728,2.251,320.429,28.241,417.141,419.405,1045.936,23.243,1465.341,1698.371,31.392,43.024,0.244008,0.52868,0.713783
docvqa,1792,64,99,iter099,docvqa_16529,29,16384,4096,15,216.639,216.639,400.647,0.726,2.275,363.427,28.162,460.223,462.712,330.154,23.582,792.865,1009.505,18.919,42.404,0.505315,1.08577,0.416406
docvqa,1792,64,100,iter100,docvqa_49297,34,16384,4096,19,405.255,405.255,374.422,0.727,2.305,336.759,28.208,434.168,437.222,499.329,27.74,936.551,1341.806,20.287,36.048,0.399788,0.86337,0.533157
docvqa,1792,64,101,iter101,docvqa_16533,31,16384,4096,23,237.932,237.932,414.935,0.726,2.284,364.61,28.158,474.66,477.327,531.095,24.141,1008.421,1246.353,22.808,41.424,0.41147,0.882166,0.52666
docvqa,1792,64,102,iter102,docvqa_49304,31,16384,4096,15,219.026,219.026,398.95,0.726,2.287,357.487,28.221,458.82,461.214,348.242,24.874,809.456,1028.482,18.531,40.202,0.492862,1.059687,0.430218
docvqa,1792,64,103,iter103,docvqa_16539,31,16384,4096,23,252.005,252.005,383.623,0.726,2.263,346.815,28.17,443.972,446.461,502.854,22.857,949.316,1201.32,24.228,43.75,0.404104,0.87178,0.529702
docvqa,1792,64,104,iter104,docvqa_16553,31,16384,4096,20,364.567,364.567,377.512,0.725,2.306,337.71,28.256,437.173,440.016,486.282,25.594,926.298,1290.865,21.591,39.072,0.407549,0.879506,0.524973
docvqa,1792,64,105,iter105,docvqa_49322,33,16384,4096,17,254.847,254.847,371.849,0.728,2.302,333.063,28.149,431.403,434.213,422.52,26.408,856.734,1111.58,19.843,37.868,0.43403,0.937574,0.493176
docvqa,1792,64,106,iter106,docvqa_57515,37,16384,4096,18,269.925,269.925,376.31,0.729,2.277,336.699,28.179,435.855,438.422,344.835,20.284,783.257,1053.182,22.981,49.299,0.480442,1.036907,0.440258
docvqa,1792,64,107,iter107,docvqa_49323,29,16384,4096,13,382.01,382.01,397.044,0.728,2.293,357.21,28.128,456.944,459.845,290.693,24.224,750.538,1132.548,17.321,41.281,0.529013,1.137835,0.387312
docvqa,1792,64,108,iter108,docvqa_57517,29,16384,4096,10,234.214,234.214,348.166,0.726,2.292,311.26,28.175,407.887,410.371,213.072,23.675,623.443,857.657,16.04,42.239,0.558457,1.212706,0.341767
docvqa,1792,64,109,iter109,docvqa_49324,32,16384,4096,14,212.189,212.189,408.241,0.731,2.277,367.719,28.146,468.286,470.694,326.331,25.102,797.025,1009.213,17.565,39.837,0.512207,1.09975,0.409437
docvqa,1792,64,110,iter110,docvqa_57519,30,16384,4096,11,217.582,217.582,398.038,0.731,2.291,360.235,28.189,457.818,460.395,231.295,23.13,691.69,909.272,15.903,43.235,0.575456,1.23734,0.334391
docvqa,1792,64,111,iter111,docvqa_49325,30,16384,4096,14,286.004,286.004,395.358,0.729,2.285,358.304,28.223,455.635,457.971,310.683,23.899,768.655,1054.659,18.214,41.843,0.514351,1.107121,0.404191
docvqa,1792,64,112,iter112,docvqa_57521,31,16384,4096,14,208.59,208.59,368.862,0.73,2.29,331.783,28.14,428.569,430.823,304.147,23.396,734.97,943.56,19.048,42.743,0.501873,1.084984,0.413822
docvqa,1792,64,113,iter113,docvqa_49326,30,16384,4096,18,309.395,309.395,394.935,0.724,2.255,355.765,28.104,455.019,457.276,423.968,24.939,881.243,1190.638,20.426,40.097,0.448157,0.964494,0.481102
docvqa,1792,64,114,iter114,docvqa_57523,33,16384,4096,16,228.601,228.601,400.258,0.729,2.301,363.023,28.225,459.982,462.396,303.472,20.231,765.868,994.469,20.891,49.428,0.522621,1.123222,0.396245
docvqa,1792,64,115,iter115,docvqa_57524,34,16384,4096,15,239.83,239.83,369.495,0.726,2.29,331.773,28.132,429.244,431.583,282.068,20.148,713.651,953.481,21.019,49.633,0.517753,1.11923,0.395247
docvqa,1792,64,116,iter116,docvqa_57525,42,16384,4096,25,327.189,327.189,372.127,0.727,2.271,332.199,28.132,852.911,855.262,620.056,25.836,1475.318,1802.507,16.946,38.706,0.252235,0.830356,0.420286
docvqa,1792,64,117,iter117,docvqa_57526,29,16384,4096,11,225.83,225.83,382.643,0.731,2.331,344.932,28.248,442.487,445.199,205.273,20.527,650.472,876.302,16.911,48.716,0.588254,1.26851,0.315576
docvqa,1792,64,118,iter118,docvqa_57527,34,16384,4096,18,226.942,226.942,616.75,0.732,2.286,578.956,28.268,676.741,679.097,382.987,22.529,1062.084,1289.027,16.948,44.388,0.580698,1.21788,0.3606
docvqa,1792,64,119,iter119,docvqa_57528,35,16384,4096,28,415.921,415.921,398.993,0.73,2.347,353.809,28.13,458.746,462.617,629.336,23.309,1091.953,1507.875,25.642,42.902,0.365394,0.785509,0.576339
docvqa,1792,64,120,iter120,docvqa_57529,33,16384,4096,30,219.869,219.869,398.798,0.73,2.341,351.449,28.146,458.757,462.241,652.568,22.502,1114.809,1334.678,26.91,44.44,0.357728,0.769239,0.585363
docvqa,1792,64,121,iter121,docvqa_57530,29,16384,4096,11,321.532,321.532,371.915,0.728,2.292,333.946,28.191,431.416,433.902,238.481,23.848,672.383,993.915,16.36,41.932,0.55313,1.194752,0.354681
docvqa,1792,64,122,iter122,docvqa_57531,33,16384,4096,16,230.519,230.519,391.895,0.727,2.263,341.131,28.137,451.261,453.749,407.558,27.171,861.308,1091.827,18.576,36.805,0.455,0.978925,0.473186
docvqa,1792,64,123,iter123,docvqa_57532,38,16384,4096,23,213.201,213.201,350.843,0.732,2.257,311.223,28.167,812.078,814.463,502.723,22.851,1317.186,1530.388,17.461,43.762,0.266358,0.882883,0.381664
docvqa,1792,64,124,iter124,docvqa_57533,39,16384,4096,19,204.409,204.409,344.91,0.732,2.28,305.098,28.106,404.273,407.021,440.893,24.494,847.914,1052.323,22.408,40.826,0.406775,0.883561,0.519974
docvqa,1792,64,125,iter125,docvqa_16568,27,16384,4096,11,294.242,294.242,375.752,0.731,2.283,336.142,28.174,435.313,437.997,255.394,25.539,693.391,987.633,15.864,39.155,0.541905,1.169709,0.368326
docvqa,1792,64,126,iter126,docvqa_16574,37,16384,4096,26,238.89,238.89,379.211,0.731,2.272,341.734,28.183,439.135,441.805,704.529,28.181,1146.334,1385.224,22.681,35.485,0.330804,0.713882,0.614593
docvqa,1792,64,127,iter127,docvqa_57537,36,16384,4096,20,253.002,253.002,387.139,0.726,2.343,349.566,28.244,447.698,450.571,462.719,24.354,913.29,1166.292,21.899,41.062,0.423894,0.914098,0.50665
docvqa,1792,64,128,iter128,docvqa_57539,36,16384,4096,20,431.354,431.354,405.259,0.733,2.311,350.168,28.143,465.277,468.604,459.416,24.18,928.021,1359.375,21.551,41.357,0.436692,0.938057,0.49505
docvqa,1792,64,129,iter129,docvqa_57540,37,16384,4096,20,217.599,217.599,384.31,0.731,2.278,345.091,28.109,444.148,446.87,432.146,22.745,879.016,1096.616,22.753,43.967,0.437204,0.942482,0.491625
docvqa,1792,64,130,iter130,docvqa_57543,31,16384,4096,20,222.316,222.316,420.6,0.726,2.299,381.643,28.192,480.398,482.792,499.225,26.275,982.016,1204.332,20.366,38.059,0.428302,0.917498,0.508367
docvqa,1792,64,131,iter131,docvqa_57550,27,16384,4096,9,711.492,711.492,411.704,0.729,2.343,370.518,28.14,471.532,475.72,188.356,23.544,664.076,1375.567,13.553,42.473,0.619965,1.330023,0.283636
docvqa,1792,64,132,iter132,docvqa_49361,31,16384,4096,11,257.324,257.324,384.754,0.728,2.364,332.926,28.139,444.601,448.064,243.38,24.338,691.444,948.768,15.909,41.088,0.556451,1.199454,0.351988
docvqa,1792,64,133,iter133,docvqa_49362,29,16384,4096,18,267.735,267.735,373.603,0.729,2.32,334.465,28.157,433.391,436.39,408.157,24.009,844.547,1112.282,21.313,41.651,0.442371,0.955535,0.483286
docvqa,1792,64,134,iter134,docvqa_57557,36,16384,4096,26,666.279,666.279,403.411,0.731,2.31,366.036,28.223,463.825,466.82,666.447,26.658,1133.267,1799.546,22.943,37.512,0.355971,0.765253,0.588076
docvqa,1792,64,135,iter135,docvqa_49366,34,16384,4096,15,258.138,258.138,400.628,0.732,2.345,363.639,28.238,460.489,463.035,378.863,27.062,841.898,1100.037,17.817,36.953,0.475862,1.022827,0.45001
docvqa,1792,64,136,iter136,docvqa_32984,33,16384,4096,18,222.718,222.718,418.985,0.73,2.292,379.89,28.169,478.816,481.249,409.252,24.074,890.502,1113.219,20.213,41.539,0.470505,1.008197,0.459575
docvqa,1792,64,137,iter137,docvqa_49369,28,16384,4096,12,246.538,246.538,374.45,0.728,2.286,331.992,28.115,433.921,436.212,251.907,22.901,688.119,934.658,17.439,43.667,0.544164,1.174755,0.366081
docvqa,1792,64,138,iter138,docvqa_57562,29,16384,4096,11,226.917,226.917,462.252,0.728,2.353,422.069,28.327,521.981,524.704,272.665,27.267,797.37,1024.287,13.795,36.675,0.579721,1.23435,0.341956
docvqa,1792,64,139,iter139,docvqa_32986,33,16384,4096,18,299.059,299.059,379.502,0.728,2.271,340.128,28.146,439.181,441.52,418.46,24.615,859.98,1159.038,20.931,40.625,0.441291,0.951979,0.486593
docvqa,1792,64,140,iter140,docvqa_57564,26,16384,4096,64,239.211,239.211,390.793,0.724,2.3,351.845,28.153,450.188,452.6,1330.986,21.127,1783.586,2022.797,35.883,47.333,0.219105,0.471512,0.746242
docvqa,1792,64,141,iter141,docvqa_49373,36,16384,4096,15,227.407,227.407,394.962,0.73,2.272,354.868,28.187,454.724,456.983,342.906,24.493,799.889,1027.296,18.753,40.828,0.493771,1.062254,0.428692
docvqa,1792,64,142,iter142,docvqa_16606,29,16384,4096,11,205.146,205.146,359.912,0.728,2.287,320.234,28.199,419.679,422.315,223.729,22.373,646.044,851.19,17.027,44.697,0.557101,1.206714,0.346307
docvqa,1792,64,143,iter143,docvqa_223,29,16384,4096,14,407.758,407.758,390.529,0.727,2.267,352.304,28.15,449.812,452.098,258.478,19.883,710.576,1118.333,19.702,50.294,0.549595,1.182621,0.363758
docvqa,1792,64,144,iter144,docvqa_224,30,16384,4096,16,430.653,430.653,371.786,0.728,2.268,333.035,28.132,431.583,433.917,397.25,26.483,831.167,1261.82,19.25,37.76,0.447306,0.966554,0.477942
docvqa,1792,64,145,iter145,docvqa_16609,32,16384,4096,18,186.272,186.272,419.526,0.729,2.271,372.013,28.182,479.417,481.857,405.015,23.824,886.872,1073.144,20.296,41.974,0.47304,1.013611,0.456678
docvqa,1792,64,146,iter146,docvqa_57566,34,16384,4096,17,225.046,225.046,432.868,0.726,2.287,391.519,28.225,493.004,495.375,478.628,29.914,974.003,1199.049,17.454,33.429,0.444422,0.950585,0.491403
docvqa,1792,64,147,iter147,docvqa_16611,28,16384,4096,20,195.816,195.816,381.27,0.73,2.286,343.833,28.161,441.192,443.835,469.247,24.697,913.082,1108.898,21.904,40.49,0.417564,0.900754,0.513916
docvqa,1792,64,148,iter148,docvqa_49376,35,16384,4096,13,272.552,272.552,408.06,0.729,2.363,361.722,28.256,467.951,471.421,285.852,23.821,757.272,1029.824,17.167,41.98,0.538856,1.156799,0.377475
docvqa,1792,64,149,iter149,docvqa_49381,34,16384,4096,17,289.842,289.842,408.515,0.73,2.278,370.925,28.267,468.802,471.1,361.111,22.569,832.211,1122.053,20.428,44.308,0.490879,1.0542,0.433918
docvqa,1792,64,150,iter150,docvqa_32989,33,16384,4096,17,242.689,242.689,403.535,0.729,2.33,365.347,28.24,463.186,465.97,399.159,24.947,865.129,1107.819,19.65,40.084,0.466444,1.00184,0.461386
docvqa,1792,64,151,iter151,docvqa_231,33,16384,4096,16,285.908,285.908,353.943,0.73,2.286,315.572,28.219,413.519,416.057,329.363,21.958,745.42,1031.329,21.464,45.542,0.474823,1.029569,0.441849
docvqa,1792,64,152,iter152,docvqa_232,27,16384,4096,17,214.041,214.041,402.906,0.729,2.331,363.558,28.132,462.81,465.908,325.18,20.324,791.088,1005.129,21.489,49.203,0.509307,1.094337,0.411054
docvqa,1792,64,153,iter153,docvqa_32994,35,16384,4096,17,274.669,274.669,377.651,0.724,2.262,338.092,28.178,437.281,439.678,332.229,20.764,771.908,1046.577,22.023,48.159,0.489243,1.055737,0.4304
docvqa,1792,64,154,iter154,docvqa_234,32,16384,4096,64,180.585,180.585,398.813,0.73,2.261,362.2,28.157,458.479,460.789,3938.506,62.516,4399.295,4579.88,14.548,15.996,0.090654,0.19487,0.895258
docvqa,1792,64,155,iter155,docvqa_4931,32,16384,4096,21,183.366,183.366,539.306,0.729,2.277,501.151,28.211,598.972,601.287,454.38,22.719,1055.666,1239.032,19.893,44.016,0.510868,1.078256,0.43042
docvqa,1792,64,156,iter156,docvqa_32995,33,16384,4096,17,316.581,316.581,371.577,0.728,2.315,334.327,28.185,430.963,433.606,326.444,20.403,760.049,1076.63,22.367,49.013,0.488886,1.055906,0.429503
docvqa,1792,64,157,iter157,docvqa_237,36,16384,4096,18,210.585,210.585,397.318,0.73,2.285,357.321,28.178,457.435,459.883,382.323,22.49,842.207,1052.792,21.372,44.465,0.471759,1.014897,0.453954
docvqa,1792,64,158,iter158,docvqa_49390,27,16384,4096,8,286.212,286.212,406.372,0.73,2.337,359.039,28.201,466.844,470.458,157.65,22.521,628.108,914.32,12.737,44.402,0.646978,1.390232,0.250992
docvqa,1792,64,159,iter159,docvqa_49391,30,16384,4096,23,230.393,230.393,377.948,0.73,2.304,338.786,28.163,437.908,440.435,572.385,26.018,1012.82,1243.214,22.709,38.436,0.373163,0.805529,0.56514
docvqa,1792,64,160,iter160,docvqa_49392,29,16384,4096,13,205.019,205.019,371.165,0.729,2.288,333.92,28.12,430.963,433.448,301.435,25.12,734.883,939.902,17.69,39.81,0.505066,1.091504,0.410181
docvqa,1792,64,161,iter161,docvqa_49393,25,16384,4096,18,187.979,187.979,411.377,0.728,2.265,373.926,28.187,470.746,473.122,377.454,22.203,850.576,1038.555,21.162,45.039,0.483645,1.037088,0.443763
docvqa,1792,64,162,iter162,docvqa_49394,30,16384,4096,16,219.162,219.162,394.622,0.726,2.281,357.661,28.132,454.183,456.484,368.47,24.565,824.955,1044.117,19.395,40.709,0.478357,1.028912,0.446655
docvqa,1792,64,163,iter163,docvqa_49395,27,16384,4096,20,193.785,193.785,346.74,0.729,2.266,310.241,28.088,406.149,408.62,419.37,22.072,827.99,1021.775,24.155,45.306,0.418773,0.909297,0.506492
docvqa,1792,64,164,iter164,docvqa_49396,29,16384,4096,22,376.508,376.508,352.008,0.729,2.311,310.634,28.122,411.849,415.025,428.344,20.397,843.368,1219.876,26.086,49.026,0.417383,0.905722,0.507896
docvqa,1792,64,165,iter165,docvqa_49397,28,16384,4096,16,253.886,253.886,344.448,0.729,2.282,307.742,28.095,403.973,406.225,335.686,22.379,741.911,995.797,21.566,44.685,0.464271,1.008775,0.452461
docvqa,1792,64,166,iter166,docvqa_49398,29,16384,4096,14,210.384,210.384,353.325,0.729,2.288,316.491,28.21,412.698,415.139,308.805,23.754,723.944,934.328,19.339,42.098,0.488055,1.058124,0.426559
docvqa,1792,64,167,iter167,docvqa_49399,30,16384,4096,11,178.739,178.739,375.613,0.729,2.287,338.859,28.128,435.185,437.437,204.801,20.48,642.238,820.977,17.128,48.828,0.58485,1.262458,0.318886
docvqa,1792,64,168,iter168,docvqa_49400,44,16384,4096,26,242.309,242.309,412.447,0.728,2.361,364.334,28.164,472.521,476.3,602.051,24.082,1078.352,1320.66,24.111,41.525,0.382479,0.820668,0.558307
docvqa,1792,64,169,iter169,docvqa_49401,32,16384,4096,17,276.198,276.198,388.806,0.727,2.312,349.705,28.16,449.391,452.773,366.861,22.929,819.634,1095.832,20.741,43.613,0.474365,1.022648,0.447592
docvqa,1792,64,170,iter170,docvqa_49402,27,16384,4096,31,210.453,210.453,407.816,0.73,2.269,367.497,28.301,468.082,470.448,773.157,25.772,1243.604,1454.057,24.928,38.802,0.327931,0.704322,0.621706
docvqa,1792,64,171,iter171,docvqa_49403,30,16384,4096,10,274.892,274.892,402.552,0.73,2.276,362.728,28.115,462.151,464.709,231.835,25.759,696.544,971.436,14.357,38.821,0.577928,1.24142,0.332836
docvqa,1792,64,172,iter172,docvqa_49404,34,16384,4096,25,195.507,195.507,403.679,0.728,2.324,354.919,28.138,463.149,466.301,558.484,23.27,1024.786,1220.293,24.395,42.973,0.393916,0.845863,0.544977
docvqa,1792,64,173,iter173,docvqa_254,27,16384,4096,18,262.384,262.384,402.216,0.73,2.293,365.48,28.194,461.809,464.181,411.902,24.23,876.083,1138.467,20.546,41.272,0.459107,0.986235,0.470163
docvqa,1792,64,174,iter174,docvqa_255,31,16384,4096,16,206.383,206.383,367.757,0.731,2.293,330.029,28.064,427.576,429.85,296.365,19.758,726.215,932.597,22.032,50.613,0.506402,1.095175,0.408095
docvqa,1792,64,175,iter175,docvqa_256,37,16384,4096,19,312.99,312.99,380.506,0.731,2.316,340.414,28.191,440.735,443.583,475.38,26.41,918.962,1231.952,20.675,37.864,0.414061,0.893662,0.5173
docvqa,1792,64,176,iter176,docvqa_49406,31,16384,4096,16,179.431,179.431,398.891,0.728,2.296,362.142,28.205,458.841,461.224,357.55,23.837,818.774,998.205,19.541,41.952,0.487181,1.047582,0.43669
docvqa,1792,64,177,iter177,docvqa_265,28,16384,4096,36,229.394,229.394,398.435,0.727,2.294,361.135,28.16,458.047,460.689,895.834,25.595,1356.523,1585.917,26.538,39.07,0.293718,0.63138,0.66039
docvqa,1792,64,178,iter178,docvqa_266,30,16384,4096,17,205.525,205.525,375.493,0.729,2.279,338.096,28.158,435.181,437.771,338.647,21.165,776.418,981.943,21.895,47.247,0.483622,1.044121,0.436166
docvqa,1792,64,179,iter179,docvqa_267,30,16384,4096,27,267.483,267.483,356.69,0.727,2.294,318.245,28.122,416.615,418.896,633.673,24.372,1052.569,1320.052,25.652,41.031,0.338875,0.734684,0.602025
docvqa,1792,64,180,iter180,docvqa_271,29,16384,4096,17,233.256,233.256,354.199,0.73,2.277,315.354,28.104,413.624,415.853,345.52,21.595,761.373,994.63,22.328,46.307,0.465211,1.008471,0.453812
docvqa,1792,64,181,iter181,docvqa_49432,30,16384,4096,38,318.189,318.189,374.363,0.729,2.282,337.573,28.186,434.632,436.9,840.524,22.717,1277.424,1595.613,29.747,44.02,0.293061,0.633302,0.657983
docvqa,1792,64,182,iter182,docvqa_283,39,16384,4096,22,276.906,276.906,356.954,0.725,2.311,317.174,28.126,416.406,419.474,501.375,23.875,920.849,1197.755,23.891,41.885,0.387636,0.839834,0.54447
docvqa,1792,64,183,iter183,docvqa_284,34,16384,4096,29,206.965,206.965,502.815,0.729,2.268,463.375,28.28,562.717,565.03,752.672,26.881,1317.702,1524.667,22.008,37.201,0.381585,0.808629,0.5712
docvqa,1792,64,184,iter184,docvqa_285,32,16384,4096,16,213.292,213.292,381.293,0.728,2.289,344.07,28.162,441.987,444.626,388.178,25.879,832.804,1046.096,19.212,38.642,0.457842,0.988564,0.46611
docvqa,1792,64,185,iter185,docvqa_49437,32,16384,4096,15,367.498,367.498,398.256,0.73,2.29,358.115,28.134,458.123,460.769,339.949,24.282,800.718,1168.215,18.733,41.183,0.497374,1.069515,0.424555
docvqa,1792,64,186,iter186,docvqa_49442,31,16384,4096,15,227.055,227.055,402.454,0.73,2.304,362.186,28.547,461.986,464.377,303.393,21.671,767.77,994.825,19.537,46.145,0.524186,1.12591,0.395162
docvqa,1792,64,187,iter187,docvqa_292,32,16384,4096,29,189.335,189.335,404.697,0.729,2.277,366.493,28.118,464.395,466.695,643.088,22.967,1109.783,1299.118,26.131,43.54,0.364663,0.783119,0.579471
docvqa,1792,64,188,iter188,docvqa_296,34,16384,4096,15,198.447,198.447,371.544,0.724,2.269,331.617,28.068,431.456,433.796,361.102,25.793,794.898,993.345,18.87,38.77,0.467411,1.010193,0.454275
docvqa,1792,64,189,iter189,docvqa_297,33,16384,4096,17,220.84,220.84,424.32,0.725,2.274,386.888,28.166,483.889,486.181,377.999,23.625,864.18,1085.02,19.672,42.328,0.491008,1.050949,0.437407
docvqa,1792,64,190,iter190,docvqa_298,29,16384,4096,12,187.073,187.073,372.837,0.73,2.27,331.21,28.118,432.432,434.775,216.076,19.643,650.851,837.924,18.437,50.908,0.572846,1.237256,0.33199
docvqa,1792,64,191,iter191,docvqa_49449,28,16384,4096,17,269.921,269.921,348.584,0.728,2.275,309.414,28.095,407.988,410.23,342.338,21.396,752.568,1022.489,22.589,46.737,0.463193,1.00532,0.454893
docvqa,1792,64,192,iter192,docvqa_300,37,16384,4096,20,216.99,216.99,343.926,0.729,2.285,307.588,28.1,403.389,405.723,410.277,21.594,816.0,1032.991,24.51,46.31,0.421478,0.915827,0.502791
docvqa,1792,64,193,iter193,docvqa_49454,33,16384,4096,20,185.856,185.856,532.019,0.731,2.258,493.592,28.283,592.141,594.343,472.29,24.857,1066.632,1252.488,18.751,40.23,0.498784,1.053934,0.442786
docvqa,1792,64,194,iter194,docvqa_303,37,16384,4096,17,205.961,205.961,412.639,0.729,2.304,375.851,28.304,473.013,475.696,361.282,22.58,836.978,1042.939,20.311,44.287,0.493011,1.058155,0.43165
docvqa,1792,64,195,iter195,docvqa_304,35,16384,4096,28,207.099,207.099,379.964,0.73,2.349,334.832,28.085,439.408,443.04,666.162,24.673,1109.202,1316.301,25.243,40.531,0.342556,0.738704,0.600578
docvqa,1792,64,196,iter196,docvqa_305,30,16384,4096,19,191.753,191.753,393.89,0.732,2.287,357.108,28.215,453.341,455.889,437.462,24.303,893.351,1085.104,21.268,41.146,0.440913,0.948374,0.489686
docvqa,1792,64,197,iter197,docvqa_49455,28,16384,4096,40,185.097,185.097,395.855,0.732,2.272,357.143,28.149,455.465,458.045,911.74,23.378,1369.785,1554.883,29.202,42.775,0.288991,0.621499,0.665608
docvqa,1792,64,198,iter198,docvqa_307,36,16384,4096,16,195.47,195.47,394.955,0.728,2.287,357.06,28.171,454.571,456.937,301.579,20.105,758.516,953.985,21.094,49.738,0.520695,1.119984,0.39759
docvqa,1792,64,199,iter199,docvqa_49461,40,16384,4096,20,179.999,179.999,386.127,0.725,2.268,349.377,28.212,445.613,448.136,465.938,24.523,914.074,1094.073,21.88,40.778,0.422424,0.909926,0.509738
docvqa,1792,64,200,iter200,docvqa_49465,34,16384,4096,22,163.372,163.372,392.241,0.727,2.274,354.347,28.715,452.331,454.788,452.068,21.527,906.856,1070.229,24.26,46.453,0.432528,0.931318,0.498501
docvqa,1792,64,201,iter201,docvqa_317,29,16384,4096,11,186.523,186.523,383.083,0.725,2.288,345.734,28.178,442.713,445.2,283.19,28.319,728.391,914.913,15.102,35.312,0.525931,1.133727,0.388789
docvqa,1792,64,202,iter202,docvqa_319,33,16384,4096,22,314.858,314.858,396.422,0.727,2.317,358.829,28.227,456.144,459.018,524.089,24.957,983.107,1297.965,22.378,40.07,0.403234,0.867216,0.533094
docvqa,1792,64,203,iter203,docvqa_320,30,16384,4096,64,203.638,203.638,375.523,0.729,2.363,331.086,28.174,435.137,438.551,1566.672,24.868,2005.223,2208.862,31.917,40.213,0.187272,0.404274,0.781296
docvqa,1792,64,204,iter204,docvqa_321,28,16384,4096,64,168.553,168.553,367.176,0.728,2.285,330.531,28.136,427.149,429.449,1339.993,21.27,1769.442,1937.995,36.17,47.015,0.207509,0.448913,0.757297
docvqa,1792,64,205,iter205,docvqa_345,29,16384,4096,13,266.121,266.121,391.252,0.73,2.268,353.777,28.173,450.903,453.261,341.776,28.481,795.037,1061.158,16.351,35.111,0.492118,1.059264,0.429887
docvqa,1792,64,206,iter206,docvqa_346,26,16384,4096,27,198.378,198.378,383.066,0.729,2.279,345.032,28.139,442.647,444.998,563.392,21.669,1008.39,1206.768,26.775,46.149,0.379879,0.818843,0.558704
docvqa,1792,64,207,iter207,docvqa_347,38,16384,4096,25,206.565,206.565,472.416,0.73,2.277,434.644,28.242,531.944,534.227,604.496,25.187,1138.723,1345.288,21.954,39.703,0.414865,0.882006,0.530854
docvqa,1792,64,208,iter208,docvqa_348,36,16384,4096,21,200.108,200.108,497.613,0.729,2.345,448.793,28.33,557.925,561.149,407.857,20.393,969.006,1169.114,21.672,49.037,0.51353,1.089301,0.420903
docvqa,1792,64,209,iter209,docvqa_6943,26,16384,4096,17,194.876,194.876,372.57,0.73,2.263,335.29,28.081,432.101,434.369,396.89,24.806,831.259,1026.135,20.451,40.313,0.4482,0.968015,0.477456
docvqa,1792,64,210,iter210,docvqa_357,29,16384,4096,13,187.437,187.437,367.545,0.727,2.314,324.246,28.085,426.969,430.109,235.928,19.661,666.037,853.474,19.518,50.863,0.551839,1.192898,0.354226
docvqa,1792,64,211,iter211,docvqa_358,34,16384,4096,16,234.247,234.247,352.815,0.729,2.252,316.444,28.115,412.195,414.464,384.194,25.613,798.658,1032.906,20.034,39.043,0.44176,0.957869,0.48105
docvqa,1792,64,212,iter212,docvqa_359,36,16384,4096,17,194.773,194.773,393.533,0.728,2.318,356.719,28.201,453.304,456.146,425.034,26.565,881.18,1075.953,19.292,37.644,0.446598,0.961026,0.482346
docvqa,1792,64,213,iter213,docvqa_360,38,16384,4096,21,207.1,207.1,399.542,0.731,2.285,362.441,28.151,459.207,461.646,490.141,24.507,951.787,1158.887,22.064,40.805,0.419781,0.902249,0.514969
docvqa,1792,64,214,iter214,docvqa_361,37,16384,4096,33,313.201,313.201,374.738,0.727,2.272,334.688,28.138,434.578,437.046,790.441,24.701,1227.487,1540.688,26.884,40.484,0.305288,0.659327,0.64395
docvqa,1792,64,215,iter215,docvqa_362,37,16384,4096,22,237.793,237.793,379.792,0.73,2.351,331.997,28.099,439.58,442.841,492.44,23.45,935.281,1173.074,23.522,42.645,0.406072,0.876071,0.526515
docvqa,1792,64,216,iter216,docvqa_363,37,16384,4096,19,203.043,203.043,346.899,0.728,2.269,307.117,28.119,406.602,408.988,430.582,23.921,839.57,1042.613,22.631,41.804,0.413186,0.897484,0.512861
docvqa,1792,64,217,iter217,docvqa_364,31,16384,4096,34,207.928,207.928,385.221,0.728,2.32,348.322,28.199,445.555,448.4,824.069,24.972,1272.468,1480.397,26.72,40.045,0.302735,0.652886,0.647614
docvqa,1792,64,218,iter218,docvqa_365,29,16384,4096,26,314.086,314.086,354.595,0.728,2.28,314.845,28.117,414.114,416.616,614.105,24.564,1030.721,1344.806,25.225,40.71,0.344026,0.745798,0.595802
docvqa,1792,64,219,iter219,docvqa_8560,29,16384,4096,20,208.62,208.62,401.339,0.73,2.335,361.9,28.305,461.223,463.843,480.377,25.283,944.22,1152.841,21.181,39.552,0.425048,0.913518,0.508755
docvqa,1792,64,220,iter220,docvqa_4958,27,16384,4096,17,192.79,192.79,368.243,0.726,2.29,330.913,28.142,428.02,430.467,319.027,19.939,749.494,942.284,22.682,50.152,0.491322,1.0624,0.425656
docvqa,1792,64,221,iter221,docvqa_8565,28,16384,4096,27,214.284,214.284,422.239,0.729,2.338,361.899,28.242,482.053,485.222,524.53,20.174,1009.752,1224.036,26.739,49.568,0.418161,0.895559,0.519464
docvqa,1792,64,222,iter222,docvqa_4959,26,16384,4096,6,209.16,209.16,381.273,0.73,2.327,334.543,28.13,440.861,444.256,131.239,26.248,575.495,784.655,10.426,38.098,0.662514,1.428571,0.228045
docvqa,1792,64,223,iter223,docvqa_375,38,16384,4096,24,205.644,205.644,411.31,0.728,2.259,373.975,28.185,471.489,473.8,508.841,22.124,982.641,1188.285,24.424,45.201,0.418576,0.898394,0.51783
docvqa,1792,64,224,iter224,docvqa_376,37,16384,4096,23,189.201,189.201,356.475,0.733,2.305,319.504,28.22,416.582,418.869,524.565,23.844,943.434,1132.636,24.379,41.94,0.377849,0.819408,0.556016
docvqa,1792,64,225,iter225,docvqa_377,27,16384,4096,12,344.816,344.816,376.713,0.73,2.341,339.523,28.222,437.227,440.15,321.381,29.216,761.53,1106.346,15.758,34.227,0.494679,1.068821,0.422019
docvqa,1792,64,226,iter226,docvqa_49528,27,16384,4096,9,243.749,243.749,380.578,0.731,2.297,342.467,28.167,440.773,443.38,185.204,23.15,628.584,872.333,14.318,43.196,0.605452,1.306668,0.294637
docvqa,1792,64,227,iter227,docvqa_49530,27,16384,4096,9,334.753,334.753,374.094,0.728,2.317,335.18,28.156,433.627,436.223,210.584,26.323,646.807,981.561,13.914,37.99,0.578369,1.24878,0.325575
docvqa,1792,64,228,iter228,docvqa_49532,31,16384,4096,18,239.809,239.809,374.76,0.729,2.251,335.754,28.113,434.452,436.653,423.607,24.918,860.26,1100.069,20.924,40.132,0.435636,0.940661,0.492418
docvqa,1792,64,229,iter229,docvqa_24499,31,16384,4096,64,230.547,230.547,398.907,0.732,2.282,359.366,28.197,458.42,461.027,1591.023,25.254,2052.05,2282.597,31.188,39.597,0.194394,0.41779,0.775333
docvqa,1792,64,230,iter230,docvqa_49534,31,16384,4096,20,235.775,235.775,542.573,0.729,2.301,503.389,28.132,602.365,604.905,433.574,22.82,1038.478,1274.253,19.259,43.822,0.522469,1.102515,0.417509
docvqa,1792,64,231,iter231,docvqa_383,35,16384,4096,41,533.182,533.182,356.661,0.725,5.365,308.8,28.152,416.328,419.703,881.787,22.045,1301.49,1834.673,31.502,45.362,0.274041,0.593927,0.677521
docvqa,1792,64,232,iter232,docvqa_384,26,16384,4096,49,332.202,332.202,423.298,0.73,2.298,374.199,28.196,482.573,485.464,1109.412,23.113,1594.876,1927.078,30.723,43.266,0.265412,0.567989,0.69561
docvqa,1792,64,233,iter233,docvqa_385,33,16384,4096,64,201.69,201.69,375.912,0.727,2.269,335.421,28.152,435.286,437.71,1935.213,30.718,2372.923,2574.613,26.971,32.555,0.158417,0.341856,0.81554
docvqa,1792,64,234,iter234,docvqa_49536,35,16384,4096,45,215.725,215.725,403.376,0.729,2.294,364.684,28.203,463.465,466.009,936.252,21.278,1402.261,1617.986,32.091,46.996,0.287661,0.618174,0.667673
docvqa,1792,64,235,iter235,docvqa_24500,29,16384,4096,45,183.486,183.486,371.597,0.73,2.288,334.087,28.209,432.181,434.567,1046.73,23.789,1481.297,1664.783,30.379,42.036,0.250859,0.542618,0.706631
docvqa,1792,64,236,iter236,docvqa_33153,30,16384,4096,25,283.299,283.299,351.606,0.73,2.284,312.308,28.121,411.449,414.012,582.057,24.252,996.069,1279.368,25.099,41.233,0.352993,0.766066,0.584354
docvqa,1792,64,237,iter237,docvqa_57733,40,16384,4096,24,184.562,184.562,390.008,0.731,2.254,350.913,28.151,449.509,451.974,506.54,22.023,958.513,1143.075,25.039,45.406,0.406888,0.875853,0.528464
docvqa,1792,64,238,iter238,docvqa_49542,27,16384,4096,18,226.615,226.615,409.696,0.725,2.321,371.593,28.252,469.972,472.56,411.648,24.215,884.208,1110.823,20.357,41.297,0.463348,0.994866,0.465556
docvqa,1792,64,239,iter239,docvqa_33158,27,16384,4096,11,253.135,253.135,433.568,0.729,2.361,392.6,28.209,493.396,496.633,242.922,24.292,739.555,992.69,14.874,41.165,0.586255,1.253407,0.32847
docvqa,1792,64,240,iter240,docvqa_49544,33,16384,4096,31,284.647,284.647,433.991,0.727,2.307,392.177,28.19,493.958,496.711,754.035,25.134,1250.746,1535.393,24.785,39.786,0.346985,0.741916,0.602868
docvqa,1792,64,241,iter241,docvqa_58694,35,16384,4096,20,208.72,208.72,373.399,0.728,2.309,335.665,28.186,433.946,436.787,506.751,26.671,943.538,1152.257,21.197,37.494,0.395743,0.855657,0.537076
docvqa,1792,64,242,iter242,docvqa_49546,35,16384,4096,62,247.217,247.217,376.576,0.726,2.332,330.715,28.192,436.419,439.99,1436.64,23.551,1876.63,2123.848,33.038,42.46,0.200666,0.433221,0.765542
docvqa,1792,64,243,iter243,docvqa_395,30,16384,4096,12,231.169,231.169,392.956,0.729,2.364,344.48,28.239,453.054,456.342,304.419,27.674,760.761,991.93,15.774,36.134,0.516531,1.112059,0.400151
docvqa,1792,64,244,iter244,docvqa_396,28,16384,4096,22,357.391,357.391,367.996,0.726,2.267,327.327,28.12,427.842,430.204,466.357,22.207,896.562,1253.953,24.538,45.03,0.410453,0.887655,0.520162
docvqa,1792,64,245,iter245,docvqa_397,30,16384,4096,22,187.696,187.696,344.194,0.729,2.286,305.617,28.079,403.748,406.353,497.839,23.707,904.192,1091.888,24.331,42.182,0.380665,0.827195,0.55059
docvqa,1792,64,246,iter246,docvqa_49550,35,16384,4096,52,240.266,240.266,373.251,0.731,2.278,332.339,28.154,433.35,435.628,1175.933,23.058,1611.562,1851.827,32.267,43.37,0.231608,0.500509,0.729686
docvqa,1792,64,247,iter247,docvqa_58695,36,16384,4096,24,214.793,214.793,402.487,0.727,2.322,357.57,28.17,462.277,465.477,585.553,25.459,1051.03,1265.823,22.835,39.279,0.382945,0.822778,0.557123
docvqa,1792,64,248,iter248,docvqa_398,30,16384,4096,14,332.654,332.654,418.639,0.727,2.357,375.578,28.192,478.384,481.874,293.621,22.586,775.496,1108.149,18.053,44.275,0.539834,1.156709,0.378624
docvqa,1792,64,249,iter249,docvqa_49555,41,16384,4096,34,240.221,240.221,364.882,0.728,2.31,326.593,28.216,424.734,427.336,736.3,22.312,1163.636,1403.857,29.219,44.819,0.313571,0.678577,0.632758
docvqa,1792,64,250,iter250,docvqa_16789,36,16384,4096,25,184.8,184.8,343.596,0.731,2.29,306.448,28.091,402.967,405.387,575.433,23.976,980.82,1165.62,25.489,41.708,0.350315,0.761162,0.586685
docvqa,1792,64,251,iter251,docvqa_407,29,16384,4096,14,178.789,178.789,370.964,0.727,2.28,333.513,28.201,430.476,432.765,302.682,23.283,735.447,914.236,19.036,42.949,0.504407,1.089733,0.411562
docvqa,1792,64,252,iter252,docvqa_49560,35,16384,4096,28,251.865,251.865,392.731,0.73,2.31,355.903,28.183,453.209,455.518,679.71,25.174,1135.227,1387.093,24.665,39.723,0.345949,0.745173,0.598743
docvqa,1792,64,253,iter253,docvqa_408,30,16384,4096,15,198.08,198.08,376.94,0.726,2.288,337.523,28.124,436.49,438.869,307.769,21.983,746.638,944.718,20.09,45.489,0.50485,1.089458,0.412206
docvqa,1792,64,254,iter254,docvqa_409,29,16384,4096,22,194.917,194.917,398.277,0.726,2.308,360.971,28.276,458.26,460.867,541.208,25.772,1002.075,1196.992,21.954,38.802,0.397452,0.854763,0.540088
docvqa,1792,64,255,iter255,docvqa_24505,30,16384,4096,17,223.409,223.409,427.051,0.729,2.304,387.617,28.181,486.719,489.191,384.868,24.054,874.059,1097.468,19.449,41.573,0.488584,1.045433,0.440323
docvqa,1792,64,256,iter256,docvqa_410,36,16384,4096,27,296.873,296.873,400.651,0.729,2.333,360.73,28.187,460.52,463.406,639.356,24.591,1102.763,1399.636,24.484,40.666,0.363316,0.780921,0.579777
docvqa,1792,64,257,iter257,docvqa_49565,28,16384,4096,13,251.1,251.1,389.387,0.73,2.303,351.782,28.255,449.372,452.03,341.214,28.435,793.244,1044.344,16.388,35.169,0.490878,1.057377,0.43015
docvqa,1792,64,258,iter258,docvqa_16801,29,16384,4096,10,219.139,219.139,402.715,0.728,2.317,350.207,28.148,462.164,465.648,226.788,25.199,692.436,911.575,14.442,39.685,0.581591,1.249038,0.327522
docvqa,1792,64,259,iter259,docvqa_49569,28,16384,4096,14,228.197,228.197,345.359,0.73,2.292,306.551,28.113,404.879,407.167,377.062,29.005,784.229,1012.427,17.852,34.477,0.44038,0.956655,0.480806
docvqa,1792,64,260,iter260,docvqa_57765,34,16384,4096,21,209.589,209.589,376.1,0.728,2.26,339.708,28.161,435.791,438.127,452.97,22.649,891.097,1100.687,23.566,44.153,0.422064,0.911113,0.508328
docvqa,1792,64,261,iter261,docvqa_57766,34,16384,4096,17,195.938,195.938,395.215,0.728,2.28,356.239,28.155,454.773,457.001,393.034,24.565,850.035,1045.973,19.999,40.709,0.464939,0.999944,0.462373
docvqa,1792,64,262,iter262,docvqa_57767,32,16384,4096,14,204.056,204.056,415.185,0.728,2.281,376.377,28.181,475.171,477.629,318.305,24.485,795.934,999.99,17.589,40.841,0.521633,1.11863,0.399914
docvqa,1792,64,263,iter263,docvqa_58700,26,16384,4096,22,189.998,189.998,384.518,0.725,2.271,346.276,28.145,444.349,446.626,518.45,24.688,965.076,1155.074,22.796,40.505,0.398433,0.858862,0.537211
docvqa,1792,64,264,iter264,docvqa_49574,31,16384,4096,20,235.562,235.562,373.075,0.728,2.289,333.287,28.159,433.019,435.429,419.017,22.054,854.446,1090.008,23.407,45.344,0.436628,0.943412,0.490396
docvqa,1792,64,265,iter265,docvqa_57770,34,16384,4096,15,255.637,255.637,405.301,0.727,2.309,357.988,28.109,465.359,468.436,418.74,29.91,887.176,1142.814,16.908,33.434,0.456843,0.981382,0.471992
docvqa,1792,64,266,iter266,docvqa_57771,34,16384,4096,60,209.863,209.863,399.466,0.726,2.295,361.455,28.299,459.153,461.709,1271.922,21.558,1733.631,1943.493,34.609,46.387,0.230421,0.495272,0.733675
docvqa,1792,64,267,iter267,docvqa_49579,33,16384,4096,16,434.598,434.598,365.311,0.728,2.319,328.716,28.128,425.217,427.995,357.813,23.854,785.809,1220.407,20.361,41.921,0.464885,1.006006,0.455344
docvqa,1792,64,268,iter268,docvqa_49577,29,16384,4096,12,190.269,190.269,525.369,0.731,2.279,483.74,28.114,585.022,587.261,272.057,24.732,859.318,1049.587,13.965,40.433,0.611379,1.292177,0.316596
docvqa,1792,64,269,iter269,docvqa_49583,31,16384,4096,20,233.646,233.646,397.05,0.729,2.261,355.971,28.187,456.737,459.12,446.434,23.497,905.554,1139.199,22.086,42.56,0.438461,0.942834,0.492995
docvqa,1792,64,270,iter270,docvqa_431,40,16384,4096,28,186.285,186.285,434.217,0.726,2.272,394.705,28.213,494.225,496.659,589.116,21.819,1085.775,1272.059,25.788,45.831,0.399915,0.855097,0.542577
docvqa,1792,64,271,iter271,docvqa_58702,38,16384,4096,19,478.226,478.226,361.979,0.729,2.274,315.953,28.242,422.022,424.738,411.298,22.85,836.036,1314.262,22.726,43.764,0.432971,0.937761,0.491962
docvqa,1792,64,272,iter272,docvqa_49586,28,16384,4096,64,294.506,294.506,405.178,0.73,2.273,368.251,28.187,464.499,466.841,1369.35,21.736,1836.191,2130.698,34.855,46.007,0.220662,0.473631,0.745756
docvqa,1792,64,273,iter273,docvqa_432,36,16384,4096,20,260.951,260.951,378.35,0.732,2.342,334.827,28.157,438.094,441.912,378.56,19.924,820.473,1081.424,24.376,50.19,0.461137,0.995089,0.461393
docvqa,1792,64,274,iter274,docvqa_57780,34,16384,4096,17,378.55,378.55,372.815,0.73,2.325,332.196,28.112,432.32,436.3,348.32,21.77,784.62,1163.17,21.667,45.935,0.475154,1.026147,0.443935
docvqa,1792,64,275,iter275,docvqa_57781,34,16384,4096,15,232.545,232.545,410.894,0.727,2.297,374.208,28.159,471.714,474.625,317.676,22.691,792.301,1024.845,18.932,44.07,0.518608,1.113981,0.400954
docvqa,1792,64,276,iter276,docvqa_57782,35,16384,4096,64,214.073,214.073,397.673,0.728,2.255,360.542,28.125,457.315,459.637,2513.984,39.905,2973.62,3187.693,21.523,25.06,0.133733,0.287524,0.845429
docvqa,1792,64,277,iter277,docvqa_57783,31,16384,4096,18,222.996,222.996,348.526,0.73,2.296,311.883,28.16,408.169,410.563,388.386,22.846,798.95,1021.946,22.53,43.771,0.436231,0.947112,0.486121
docvqa,1792,64,278,iter278,docvqa_57784,31,16384,4096,46,239.673,239.673,395.088,0.727,2.319,356.818,28.332,455.548,458.307,1013.335,22.519,1471.642,1711.315,31.258,44.408,0.268468,0.578018,0.688574
docvqa,1792,64,279,iter279,docvqa_433,36,16384,4096,19,327.583,327.583,376.785,0.726,2.361,338.992,28.191,436.616,439.605,480.443,26.691,920.048,1247.631,20.651,37.465,0.409528,0.884085,0.522193
docvqa,1792,64,280,iter280,docvqa_16826,32,16384,4096,43,356.453,356.453,384.786,0.725,2.317,345.627,28.123,444.436,447.336,1032.398,24.581,1479.733,1836.187,29.059,40.682,0.260037,0.560386,0.697692
docvqa,1792,64,281,iter281,docvqa_57786,34,16384,4096,17,272.466,272.466,394.087,0.725,2.297,355.411,28.199,453.842,456.295,392.777,24.549,849.072,1121.538,20.022,40.736,0.464139,0.998654,0.462596
docvqa,1792,64,282,iter282,docvqa_49595,38,16384,4096,26,337.978,337.978,373.083,0.729,2.272,336.041,28.152,432.63,435.013,548.122,21.925,983.135,1321.113,26.446,45.61,0.379483,0.819534,0.557524
docvqa,1792,64,283,iter283,docvqa_444,29,16384,4096,18,206.802,206.802,369.805,0.729,2.265,329.21,28.065,429.123,431.299,341.959,20.115,773.258,980.06,23.278,49.714,0.478243,1.033198,0.442231
docvqa,1792,64,284,iter284,docvqa_16830,32,16384,4096,23,183.554,183.554,422.875,0.726,2.254,384.24,28.203,483.352,485.631,547.532,24.888,1033.162,1216.716,22.262,40.18,0.409301,0.877138,0.529957
docvqa,1792,64,285,iter285,docvqa_16831,31,16384,4096,23,198.705,198.705,411.654,0.725,2.307,372.006,28.235,471.772,474.508,519.65,23.62,994.158,1192.863,23.135,42.336,0.414073,0.888617,0.522704
docvqa,1792,64,286,iter286,docvqa_16832,31,16384,4096,16,281.814,281.814,356.819,0.728,2.304,313.37,28.099,416.458,419.466,340.544,22.703,760.01,1041.824,21.052,44.047,0.469493,1.017457,0.448079
docvqa,1792,64,287,iter287,docvqa_57790,30,16384,4096,9,293.105,293.105,386.132,0.729,2.257,342.545,28.163,446.007,448.318,160.216,20.027,608.535,901.64,14.79,49.932,0.634527,1.367446,0.263282
docvqa,1792,64,288,iter288,docvqa_57791,33,16384,4096,27,232.268,232.268,373.985,0.728,2.288,336.477,28.191,434.29,436.949,592.396,22.784,1029.345,1261.612,26.23,43.89,0.363323,0.785232,0.575508
docvqa,1792,64,289,iter289,docvqa_16835,36,16384,4096,20,221.22,221.22,396.35,0.728,2.321,358.035,28.273,455.998,458.928,486.93,25.628,945.858,1167.078,21.145,39.02,0.419038,0.901137,0.514802
docvqa,1792,64,290,iter290,docvqa_450,31,16384,4096,15,197.606,197.606,422.186,0.725,2.294,384.832,28.22,481.956,484.294,352.451,25.175,836.745,1034.351,17.927,39.722,0.504557,1.080547,0.421217
docvqa,1792,64,291,iter291,docvqa_16837,33,16384,4096,17,212.509,212.509,401.976,0.725,2.272,359.926,28.176,462.56,465.065,388.886,24.305,853.951,1066.46,19.907,41.143,0.470725,1.012396,0.455396
docvqa,1792,64,292,iter292,docvqa_57798,44,16384,4096,28,210.44,210.44,415.144,0.731,2.349,370.126,28.169,475.018,478.357,656.819,24.327,1135.175,1345.615,24.666,41.107,0.365709,0.784162,0.578606
docvqa,1792,64,293,iter293,docvqa_16839,35,16384,4096,19,198.699,198.699,346.818,0.728,2.285,309.63,28.174,406.325,408.776,459.617,25.534,868.393,1067.092,21.879,39.163,0.399379,0.867285,0.529273
docvqa,1792,64,294,iter294,docvqa_57799,37,16384,4096,21,198.524,198.524,410.426,0.728,2.294,371.126,28.172,469.988,472.26,475.837,23.792,948.097,1146.621,22.15,42.031,0.432895,0.928612,0.501887
docvqa,1792,64,295,iter295,docvqa_57800,40,16384,4096,32,204.388,204.388,350.046,0.73,2.311,312.117,28.196,409.881,412.326,770.77,24.864,1183.096,1387.485,27.048,40.219,0.295872,0.64232,0.651486
docvqa,1792,64,296,iter296,docvqa_57801,35,16384,4096,20,204.08,204.08,398.422,0.728,2.295,361.23,28.161,457.91,460.318,408.67,21.509,868.988,1073.067,23.015,46.492,0.45849,0.985437,0.470282
docvqa,1792,64,297,iter297,docvqa_57803,35,16384,4096,17,186.642,186.642,380.604,0.731,2.304,339.165,28.234,440.459,442.661,406.659,25.416,849.32,1035.962,20.016,39.345,0.448128,0.96673,0.478805
docvqa,1792,64,298,iter298,docvqa_57804,29,16384,4096,10,203.617,203.617,412.933,0.729,2.382,372.776,28.266,473.022,476.628,211.095,23.455,687.723,891.34,14.541,42.635,0.600436,1.288244,0.306947
docvqa,1792,64,299,iter299,docvqa_57805,31,16384,4096,45,201.783,201.783,394.629,0.725,2.32,355.84,28.138,454.291,456.738,1096.009,24.909,1552.746,1754.53,28.981,40.146,0.254149,0.546721,0.705852
docvqa,1792,64,300,iter300,docvqa_49605,29,16384,4096,21,227.124,227.124,385.327,0.73,2.293,348.136,28.206,445.503,447.851,508.411,25.421,956.262,1183.386,21.961,39.338,0.402951,0.868831,0.531665
docvqa,1792,64,301,iter301,docvqa_57807,32,16384,4096,15,165.95,165.95,393.462,0.726,2.276,356.833,28.131,453.352,455.724,310.092,22.149,765.816,931.766,19.587,45.148,0.513781,1.105766,0.404917
docvqa,1792,64,302,iter302,docvqa_57808,30,16384,4096,17,204.084,204.084,397.731,0.727,2.358,353.973,28.188,458.176,461.815,335.899,20.994,797.714,1001.798,21.311,47.633,0.498588,1.072949,0.421077
docvqa,1792,64,303,iter303,docvqa_49617,34,16384,4096,26,197.244,197.244,354.769,0.731,2.292,317.719,28.119,414.216,416.592,594.744,23.79,1011.336,1208.58,25.709,42.035,0.350792,0.760365,0.588078
docvqa,1792,64,304,iter304,docvqa_57810,28,16384,4096,23,172.785,172.785,370.017,0.73,2.333,331.174,28.113,429.913,432.663,486.92,22.133,919.583,1092.368,25.011,45.182,0.402375,0.869883,0.529501
docvqa,1792,64,305,iter305,docvqa_41421,30,16384,4096,17,237.009,237.009,433.665,0.727,2.304,391.573,28.302,493.366,495.746,358.044,22.378,853.79,1090.799,19.911,44.687,0.507929,1.085782,0.419359
docvqa,1792,64,306,iter306,docvqa_461,40,16384,4096,64,225.458,225.458,437.514,0.729,2.3,399.827,28.089,497.072,499.454,3720.438,59.055,4219.892,4445.35,15.166,16.933,0.103679,0.221471,0.881643
docvqa,1792,64,307,iter307,docvqa_463,43,16384,4096,64,209.738,209.738,402.456,0.728,2.297,362.646,28.799,462.552,465.08,2863.87,45.458,3328.95,3538.688,19.225,21.998,0.120896,0.259844,0.860292
docvqa,1792,64,308,iter308,docvqa_4977,27,16384,4096,12,217.956,217.956,370.783,0.73,2.298,333.514,28.149,430.424,432.998,219.309,19.937,652.307,870.263,18.396,50.158,0.568418,1.228267,0.336205
docvqa,1792,64,309,iter309,docvqa_57815,35,16384,4096,18,224.68,224.68,396.602,0.729,2.294,358.782,28.145,456.329,458.896,416.168,24.48,875.064,1099.744,20.57,40.849,0.453226,0.974707,0.475586
docvqa,1792,64,310,iter310,docvqa_4978,27,16384,4096,17,262.331,262.331,369.785,0.73,2.256,333.1,28.112,429.182,431.573,382.65,23.916,814.224,1076.555,20.879,41.814,0.454157,0.981263,0.469957
docvqa,1792,64,311,iter311,docvqa_57817,48,16384,4096,30,220.096,220.096,348.722,0.731,2.279,311.261,28.11,827.158,829.744,602.957,20.792,1432.701,1652.798,20.939,48.096,0.243402,0.820743,0.420853
docvqa,1792,64,312,iter312,docvqa_41434,30,16384,4096,14,239.33,239.33,438.082,0.728,2.29,398.095,28.23,498.029,500.451,316.51,24.347,816.962,1056.291,17.137,41.073,0.536233,1.145844,0.387424
docvqa,1792,64,313,iter313,docvqa_57819,31,16384,4096,23,227.738,227.738,371.567,0.729,2.3,334.908,28.093,431.129,433.657,495.365,22.517,929.022,1156.76,24.757,44.412,0.399955,0.864023,0.533212
docvqa,1792,64,314,iter314,docvqa_57820,33,16384,4096,14,215.843,215.843,406.07,0.728,2.268,367.834,28.191,466.346,468.933,293.023,22.54,761.956,977.799,18.374,44.365,0.532931,1.14497,0.384566
docvqa,1792,64,315,iter315,docvqa_57821,33,16384,4096,14,212.176,212.176,397.967,0.727,2.317,358.121,28.175,457.722,460.491,295.391,22.722,755.882,968.058,18.521,44.01,0.526494,1.132041,0.39079
docvqa,1792,64,316,iter316,docvqa_57822,34,16384,4096,23,318.542,318.542,371.325,0.731,2.299,334.579,28.123,431.156,433.812,560.359,25.471,994.171,1312.713,23.135,39.261,0.373502,0.807185,0.563644
docvqa,1792,64,317,iter317,docvqa_57823,27,16384,4096,17,231.12,231.12,372.732,0.727,2.302,333.274,28.105,432.416,435.113,359.227,22.452,794.339,1025.46,21.401,44.54,0.469235,1.013607,0.452233
docvqa,1792,64,318,iter318,docvqa_49629,32,16384,4096,16,207.845,207.845,398.208,0.73,2.299,360.509,28.224,458.817,461.25,370.271,24.685,831.521,1039.366,19.242,40.511,0.478891,1.030671,0.445293
docvqa,1792,64,319,iter319,docvqa_57825,36,16384,4096,15,230.517,230.517,369.139,0.731,2.274,332.256,28.178,428.555,431.113,284.612,20.329,715.725,946.242,20.958,49.19,0.515756,1.114526,0.397655
docvqa,1792,64,320,iter320,docvqa_57826,36,16384,4096,16,286.312,286.312,407.15,0.732,2.278,368.855,28.172,467.686,470.356,339.62,22.641,809.976,1096.288,19.754,44.167,0.502669,1.080076,0.419297
docvqa,1792,64,321,iter321,docvqa_57827,35,16384,4096,21,296.285,296.285,370.309,0.731,2.284,333.047,28.153,429.796,432.333,443.777,22.189,876.11,1172.395,23.97,45.068,0.422674,0.913247,0.506531
docvqa,1792,64,322,iter322,docvqa_476,29,16384,4096,10,207.788,207.788,396.582,0.729,2.259,357.464,28.219,456.41,458.649,231.34,25.704,689.99,897.777,14.493,38.904,0.574765,1.23624,0.335281
docvqa,1792,64,323,iter323,docvqa_4980,28,16384,4096,28,230.28,230.28,406.025,0.726,2.256,366.866,28.158,465.386,467.599,541.763,20.065,1009.363,1239.643,27.74,49.837,0.402258,0.863327,0.536738
docvqa,1792,64,324,iter324,docvqa_57833,27,16384,4096,9,232.024,232.024,393.953,0.725,2.271,354.94,28.143,453.86,456.3,206.612,25.826,662.912,894.936,13.576,38.72,0.594276,1.278922,0.311673
docvqa,1792,64,325,iter325,docvqa_41449,30,16384,4096,17,230.178,230.178,437.186,0.727,2.301,398.875,28.281,497.446,499.884,372.632,23.29,872.517,1102.695,19.484,42.938,0.501064,1.071191,0.427078
docvqa,1792,64,326,iter326,docvqa_57835,34,16384,4096,17,245.552,245.552,423.128,0.728,2.291,384.782,28.229,482.77,485.206,389.469,24.342,874.675,1120.227,19.436,41.082,0.483755,1.035697,0.445273
docvqa,1792,64,327,iter327,docvqa_57836,27,16384,4096,12,241.338,241.338,371.522,0.729,2.305,334.98,28.122,431.146,433.613,250.006,22.728,683.619,924.957,17.554,43.999,0.543464,1.174146,0.365709
docvqa,1792,64,328,iter328,docvqa_57837,27,16384,4096,12,226.827,226.827,413.393,0.726,2.282,371.058,28.226,473.588,475.914,245.524,22.32,721.438,948.265,16.633,44.802,0.573013,1.229462,0.340325
docvqa,1792,64,329,iter329,docvqa_57838,27,16384,4096,10,204.205,204.205,368.691,0.729,2.278,331.769,28.11,428.169,430.433,237.446,26.383,667.879,872.084,14.973,37.903,0.552032,1.193121,0.355522
docvqa,1792,64,330,iter330,docvqa_49643,34,16384,4096,24,201.611,201.611,384.364,0.728,2.279,345.434,28.173,444.272,446.507,520.591,22.634,967.098,1168.709,24.817,44.181,0.39744,0.856827,0.538302
docvqa,1792,64,331,iter331,docvqa_57841,28,16384,4096,10,226.26,226.26,373.63,0.728,2.27,333.003,28.118,433.428,435.94,238.379,26.487,674.319,900.579,14.83,37.755,0.554086,1.196849,0.353511
docvqa,1792,64,332,iter332,docvqa_57843,26,16384,4096,10,204.197,204.197,368.214,0.726,2.273,329.658,28.08,427.768,430.085,231.007,25.667,661.092,865.288,15.126,38.96,0.55698,1.204042,0.349432
docvqa,1792,64,333,iter333,docvqa_57844,29,16384,4096,26,239.245,239.245,369.758,0.729,2.268,332.255,28.063,429.326,431.847,529.031,21.161,960.877,1200.122,27.059,47.256,0.384813,0.83162,0.550571
docvqa,1792,64,334,iter334,docvqa_57845,31,16384,4096,19,209.999,209.999,408.075,0.731,2.262,370.704,28.175,467.45,469.837,372.707,20.706,842.544,1052.543,22.551,48.295,0.484336,1.039144,0.442359
docvqa,1792,64,335,iter335,docvqa_57853,26,16384,4096,17,217.818,217.818,393.751,0.729,2.318,350.071,28.156,453.708,457.029,335.956,20.997,792.985,1010.803,21.438,47.625,0.496542,1.068695,0.42366
docvqa,1792,64,336,iter336,docvqa_57854,35,16384,4096,22,234.039,234.039,389.414,0.728,2.256,351.38,28.203,449.055,451.375,466.192,22.2,917.567,1151.606,23.976,45.046,0.424398,0.913796,0.508074
docvqa,1792,64,337,iter337,docvqa_57855,37,16384,4096,20,308.296,308.296,383.988,0.73,2.267,344.41,28.123,443.404,445.953,433.025,22.791,878.978,1187.274,22.754,43.877,0.436858,0.941312,0.492646
docvqa,1792,64,338,iter338,docvqa_57857,30,16384,4096,33,217.008,217.008,416.828,0.726,2.276,377.559,30.497,476.212,478.59,629.365,19.668,1107.955,1324.963,29.785,50.845,0.376214,0.806026,0.568042
docvqa,1792,64,339,iter339,docvqa_57858,37,16384,4096,24,220.86,220.86,342.604,0.731,2.26,302.973,28.073,402.12,404.435,485.915,21.127,890.35,1111.209,26.956,47.333,0.384797,0.83644,0.545757
docvqa,1792,64,340,iter340,docvqa_45694,40,16384,4096,24,253.488,253.488,368.491,0.729,2.3,330.951,28.083,428.332,431.159,585.783,25.469,1016.943,1270.43,23.6,39.264,0.362352,0.783547,0.576024
docvqa,1792,64,341,iter341,docvqa_55464,55,16384,4096,40,211.74,211.74,346.357,0.725,2.288,309.488,28.101,777.892,780.336,835.188,21.415,1615.524,1827.264,24.76,46.696,0.214393,0.695904,0.516977
docvqa,1792,64,342,iter342,docvqa_57880,29,16384,4096,23,272.655,272.655,345.22,0.729,2.302,308.382,28.153,404.903,407.534,494.805,22.491,902.339,1174.994,25.489,44.462,0.382583,0.831309,0.548358
docvqa,1792,64,343,iter343,docvqa_57881,32,16384,4096,18,290.81,290.81,524.396,0.729,2.33,486.607,28.189,584.395,587.216,432.808,25.459,1020.023,1310.834,17.647,39.278,0.514102,1.087026,0.424312
docvqa,1792,64,344,iter344,docvqa_57882,32,16384,4096,36,244.744,244.744,371.03,0.726,2.286,331.633,28.101,430.647,433.185,704.603,20.132,1137.789,1382.533,31.64,49.673,0.326097,0.704592,0.619274
docvqa,1792,64,345,iter345,docvqa_57883,27,16384,4096,36,312.006,312.006,398.955,0.729,2.275,359.677,28.229,458.824,461.262,829.685,23.705,1290.947,1602.954,27.886,42.185,0.309041,0.664457,0.642695
docvqa,1792,64,346,iter346,docvqa_57884,32,16384,4096,15,258.738,258.738,359.262,0.728,2.324,321.901,28.137,419.346,422.007,368.876,26.348,790.882,1049.62,18.966,37.953,0.454254,0.98448,0.46641
docvqa,1792,64,347,iter347,docvqa_57885,30,16384,4096,14,236.044,236.044,355.162,0.732,2.253,317.893,28.153,414.718,417.061,271.27,20.867,688.33,924.374,20.339,47.923,0.515976,1.118475,0.394098
docvqa,1792,64,348,iter348,docvqa_57886,28,16384,4096,19,288.923,288.923,373.555,0.731,2.318,334.51,28.174,433.333,436.234,358.749,19.931,794.984,1083.907,23.9,50.174,0.469889,1.014974,0.451266
docvqa,1792,64,349,iter349,docvqa_57887,37,16384,4096,19,208.905,208.905,372.761,0.729,2.271,333.27,28.186,432.305,434.935,354.052,19.67,788.987,997.892,24.082,50.84,0.472455,1.020379,0.448742
docvqa,1792,64,350,iter350,docvqa_57888,37,16384,4096,24,268.728,268.728,381.767,0.73,2.281,342.071,28.223,441.412,443.766,510.362,22.19,954.128,1222.856,25.154,45.066,0.400121,0.862755,0.534899
docvqa,1792,64,351,iter351,docvqa_57889,33,16384,4096,14,217.585,217.585,352.201,0.731,2.255,311.734,28.072,411.856,414.217,263.123,20.24,677.339,894.924,20.669,49.407,0.519977,1.128027,0.388465
docvqa,1792,64,352,iter352,docvqa_57890,32,16384,4096,18,186.815,186.815,393.358,0.728,2.244,354.071,28.174,453.307,455.638,412.621,24.272,868.26,1055.075,20.731,41.2,0.453042,0.975129,0.475228
docvqa,1792,64,353,iter353,docvqa_57891,32,16384,4096,25,212.264,212.264,398.936,0.729,2.293,360.468,28.186,458.969,461.745,550.156,22.923,1011.901,1224.165,24.706,43.624,0.394244,0.847815,0.543686
docvqa,1792,64,354,iter354,docvqa_553,25,16384,4096,14,227.109,227.109,426.568,0.731,2.323,389.791,28.201,486.386,488.93,291.203,22.4,780.133,1007.242,17.946,44.642,0.546789,1.170254,0.373274
docvqa,1792,64,355,iter355,docvqa_554,33,16384,4096,28,201.001,201.001,346.199,0.728,2.321,307.347,28.092,405.69,407.976,577.086,21.374,985.063,1186.064,28.425,46.787,0.351448,0.76329,0.585837
docvqa,1792,64,356,iter356,docvqa_555,29,16384,4096,23,199.607,199.607,406.379,0.73,2.323,357.972,28.171,465.908,469.31,441.101,20.05,910.41,1110.017,25.263,49.875,0.446369,0.958125,0.484508
docvqa,1792,64,357,iter357,docvqa_57899,32,16384,4096,19,277.352,277.352,395.835,0.73,2.294,356.996,28.112,455.627,458.053,388.759,21.598,846.812,1124.164,22.437,46.301,0.467442,1.005492,0.459085
docvqa,1792,64,358,iter358,docvqa_57900,35,16384,4096,15,205.555,205.555,375.243,0.73,2.313,337.243,28.08,434.798,438.38,297.815,21.273,736.195,941.751,20.375,47.009,0.509706,1.100308,0.404533
docvqa,1792,64,359,iter359,docvqa_57901,31,16384,4096,34,208.219,208.219,391.873,0.729,2.297,355.049,28.167,452.245,454.868,744.792,22.569,1199.661,1407.879,28.341,44.308,0.326654,0.703631,0.620836
docvqa,1792,64,360,iter360,docvqa_57902,29,16384,4096,11,217.266,217.266,374.445,0.73,2.326,336.428,28.244,434.281,437.085,302.409,30.241,739.494,956.761,14.875,33.068,0.506353,1.093621,0.408941
docvqa,1792,64,361,iter361,docvqa_57903,30,16384,4096,23,185.42,185.42,396.012,0.729,2.293,359.389,28.265,455.716,458.298,521.192,23.691,979.49,1164.911,23.482,42.211,0.404304,0.869562,0.532105
docvqa,1792,64,362,iter362,docvqa_57904,35,16384,4096,64,234.892,234.892,371.185,0.73,2.316,334.326,28.144,430.797,433.641,1578.477,25.055,2012.118,2247.01,31.807,39.912,0.184475,0.398576,0.784485
docvqa,1792,64,363,iter363,docvqa_57905,33,16384,4096,20,182.668,182.668,340.302,0.731,2.294,301.267,28.046,399.61,402.135,378.7,19.932,780.834,963.502,25.614,50.172,0.435818,0.947591,0.484993
docvqa,1792,64,364,iter364,docvqa_581,31,16384,4096,13,223.72,223.72,399.216,0.728,2.344,352.287,28.16,458.99,462.407,288.365,24.03,750.772,974.492,17.316,41.614,0.53174,1.143097,0.384091
docvqa,1792,64,365,iter365,docvqa_582,30,16384,4096,20,228.203,228.203,397.313,0.73,2.292,357.683,28.113,456.887,459.242,453.592,23.873,912.834,1141.037,21.91,41.888,0.435252,0.935767,0.496905
docvqa,1792,64,366,iter366,docvqa_583,32,16384,4096,15,219.857,219.857,344.226,0.73,2.269,305.831,28.081,404.178,406.498,288.347,20.596,694.845,914.702,21.588,48.553,0.4954,1.077081,0.414981
docvqa,1792,64,367,iter367,docvqa_57928,28,16384,4096,10,303.668,303.668,354.118,0.73,2.276,314.785,28.13,413.885,416.552,185.493,20.61,602.045,905.712,16.61,48.519,0.588192,1.275658,0.308105
docvqa,1792,64,368,iter368,docvqa_57929,28,16384,4096,48,209.273,209.273,383.623,0.729,2.272,346.652,28.197,443.943,446.274,1069.26,22.75,1515.535,1724.807,31.672,43.956,0.253127,0.546055,0.705533
docvqa,1792,64,369,iter369,docvqa_584,31,16384,4096,16,214.044,214.044,370.502,0.73,2.3,333.363,28.116,430.332,432.842,410.848,27.39,843.69,1057.734,18.964,36.51,0.439145,0.949205,0.486966
docvqa,1792,64,370,iter370,docvqa_57931,26,16384,4096,7,250.142,250.142,368.962,0.729,2.314,331.973,28.119,428.626,431.599,135.418,22.57,567.017,817.159,12.345,44.307,0.650707,1.406638,0.238825
docvqa,1792,64,371,iter371,docvqa_57933,34,16384,4096,14,249.581,249.581,412.691,0.729,2.314,364.808,28.222,472.725,476.696,302.368,23.259,779.064,1028.645,17.97,42.994,0.529726,1.136512,0.388117
docvqa,1792,64,372,iter372,docvqa_57934,33,16384,4096,19,213.828,213.828,371.103,0.729,2.278,333.959,28.171,430.616,433.165,479.383,26.632,912.548,1126.376,20.821,37.548,0.406667,0.87855,0.525324
docvqa,1792,64,373,iter373,docvqa_596,37,16384,4096,26,243.682,243.682,370.953,0.73,2.287,330.604,28.122,430.538,432.896,616.073,24.643,1048.968,1292.65,24.786,40.58,0.353636,0.764076,0.587313
docvqa,1792,64,374,iter374,docvqa_597,32,16384,4096,15,239.178,239.178,351.478,0.73,2.296,314.228,28.094,411.298,413.892,302.128,21.581,716.019,955.198,20.949,46.338,0.490878,1.065302,0.421954
docvqa,1792,64,375,iter375,docvqa_598,32,16384,4096,46,377.234,377.234,370.124,0.73,2.304,332.972,28.11,429.846,432.603,1102.338,24.496,1534.941,1912.175,29.969,40.822,0.241132,0.521173,0.718163
docvqa,1792,64,376,iter376,docvqa_599,31,16384,4096,60,240.752,240.752,372.292,0.727,2.31,334.969,28.133,432.16,434.843,1475.358,25.006,1910.201,2150.953,31.41,39.99,0.194897,0.421135,0.772357
docvqa,1792,64,377,iter377,docvqa_600,31,16384,4096,11,238.717,238.717,379.484,0.726,2.302,341.245,28.147,439.115,441.759,266.799,26.68,708.558,947.275,15.524,37.481,0.535572,1.155302,0.376538
docvqa,1792,64,378,iter378,docvqa_601,33,16384,4096,50,233.886,233.886,378.209,0.727,2.319,339.914,28.153,437.905,440.642,1244.091,25.39,1684.733,1918.619,29.678,39.386,0.224492,0.484417,0.73845
docvqa,1792,64,379,iter379,docvqa_16981,28,16384,4096,17,221.421,221.421,411.572,0.727,2.302,362.477,28.136,470.851,473.742,354.9,22.181,828.643,1050.063,20.515,45.083,0.496682,1.064901,0.428291
docvqa,1792,64,380,iter380,docvqa_16990,37,16384,4096,20,229.948,229.948,434.54,0.729,2.317,397.676,28.143,493.948,496.467,424.499,22.342,920.967,1150.915,21.716,44.759,0.47183,1.008167,0.460928
docvqa,1792,64,381,iter381,docvqa_57951,27,16384,4096,9,587.887,587.887,532.003,0.73,2.343,481.843,28.181,592.37,595.832,180.34,22.542,776.172,1364.059,11.595,44.361,0.68542,1.448613,0.232345
docvqa,1792,64,382,iter382,docvqa_57952,33,16384,4096,16,601.93,601.93,390.562,0.729,2.31,353.051,28.163,450.31,452.904,355.119,23.675,808.023,1409.953,19.801,42.239,0.483355,1.040654,0.439491
docvqa,1792,64,383,iter383,docvqa_57954,27,16384,4096,17,751.276,751.276,367.727,0.734,2.306,331.099,28.095,427.375,430.278,350.552,21.909,780.83,1532.107,21.772,45.642,0.470944,1.018278,0.448948
docvqa,1792,64,384,iter384,docvqa_57955,34,16384,4096,14,606.05,606.05,366.163,0.727,2.273,324.488,28.123,425.544,427.986,295.734,22.749,723.72,1329.77,19.344,43.958,0.505946,1.093941,0.40863
docvqa,1792,64,385,iter385,docvqa_610,31,16384,4096,63,218.356,218.356,340.252,0.727,2.274,303.041,28.069,399.62,401.926,1286.225,20.746,1688.151,1906.507,37.319,48.203,0.201553,0.438274,0.761914
docvqa,1792,64,386,iter386,docvqa_611,41,16384,4096,29,212.294,212.294,364.059,0.729,2.257,324.767,28.087,423.634,425.933,582.992,20.821,1008.925,1221.219,28.743,48.028,0.360839,0.780725,0.577835
docvqa,1792,64,387,iter387,docvqa_612,33,16384,4096,30,270.981,270.981,389.681,0.729,2.28,352.263,28.158,449.39,452.276,712.168,24.558,1164.444,1435.425,25.763,40.721,0.33465,0.720576,0.611595
docvqa,1792,64,388,iter388,docvqa_613,31,16384,4096,51,223.831,223.831,344.43,0.726,2.297,307.065,28.091,404.045,406.572,1039.023,20.78,1445.595,1669.427,35.28,48.122,0.238262,0.517763,0.718751
docvqa,1792,64,389,iter389,docvqa_16999,33,16384,4096,20,275.099,275.099,360.4,0.725,2.302,323.553,28.062,419.788,422.854,423.355,22.282,846.209,1121.308,23.635,44.88,0.425899,0.92198,0.500297
docvqa,1792,64,390,iter390,docvqa_17000,31,16384,4096,13,206.503,206.503,365.536,0.728,2.283,328.376,28.098,425.066,427.57,288.093,24.008,715.663,922.166,18.165,41.653,0.510765,1.104713,0.402554
docvqa,1792,64,391,iter391,docvqa_17001,28,16384,4096,9,216.457,216.457,344.19,0.727,2.298,307.49,28.157,403.697,406.03,160.3,20.038,566.33,782.786,15.892,49.906,0.607755,1.320585,0.283051
docvqa,1792,64,392,iter392,docvqa_57963,31,16384,4096,42,630.094,630.094,372.189,0.728,2.269,335.513,28.155,431.458,434.038,901.377,21.985,1335.415,1965.509,31.451,45.486,0.278707,0.601796,0.674979
docvqa,1792,64,393,iter393,docvqa_57964,28,16384,4096,48,588.967,588.967,369.349,0.726,2.281,330.363,28.157,428.879,431.224,1034.472,22.01,1465.696,2054.662,32.749,45.434,0.251995,0.544607,0.705789
docvqa,1792,64,394,iter394,docvqa_57965,30,16384,4096,64,638.123,638.123,356.787,0.728,2.272,318.231,28.14,416.695,419.198,1364.099,21.652,1783.297,2421.42,35.889,46.184,0.200071,0.433737,0.764931
docvqa,1792,64,395,iter395,docvqa_17002,30,16384,4096,14,226.045,226.045,371.477,0.73,2.278,333.622,28.126,431.06,433.417,265.262,20.405,698.678,924.723,20.038,49.008,0.531686,1.14865,0.379662
docvqa,1792,64,396,iter396,docvqa_17003,33,16384,4096,25,218.282,218.282,357.638,0.728,2.312,320.542,28.088,417.439,420.177,473.551,19.731,893.728,1112.011,27.973,50.681,0.400164,0.867241,0.52986
docvqa,1792,64,397,iter397,docvqa_17004,31,16384,4096,20,220.672,220.672,394.589,0.731,2.324,357.658,28.123,454.103,456.965,464.574,24.451,921.539,1142.211,21.703,40.898,0.428185,0.920951,0.504129
docvqa,1792,64,398,iter398,docvqa_57969,28,16384,4096,10,232.139,232.139,375.313,0.726,2.288,337.584,28.219,434.67,437.26,191.765,21.307,629.025,861.164,15.898,46.933,0.596659,1.287681,0.30486
docvqa,1792,64,399,iter399,docvqa_17005,32,16384,4096,16,230.776,230.776,340.637,0.729,2.259,302.063,28.077,400.43,402.862,344.198,22.947,747.061,977.836,21.417,43.58,0.455969,0.991977,0.460737
docvqa,1792,64,400,iter400,docvqa_57971,37,16384,4096,22,210.169,210.169,381.66,0.727,2.268,340.684,28.102,441.188,443.553,443.812,21.134,887.366,1097.534,24.792,47.317,0.430105,0.927294,0.500146
docvqa,1792,64,401,iter401,docvqa_17007,35,16384,4096,27,242.769,242.769,369.188,0.731,2.327,331.564,28.106,428.73,432.232,596.199,22.931,1028.431,1271.2,26.254,43.61,0.358982,0.77586,0.579717
docvqa,1792,64,402,iter402,docvqa_57973,32,16384,4096,14,221.727,221.727,367.196,0.729,2.297,330.304,28.13,426.629,429.161,280.978,21.614,710.139,931.867,19.714,46.267,0.517077,1.117845,0.395666
docvqa,1792,64,403,iter403,docvqa_57974,35,16384,4096,18,176.974,176.974,342.825,0.729,2.264,306.289,28.15,402.389,404.762,384.865,22.639,789.628,966.601,22.796,44.171,0.434161,0.943754,0.487401
docvqa,1792,64,404,iter404,docvqa_57975,32,16384,4096,20,206.826,206.826,372.854,0.729,2.305,335.776,28.122,432.562,435.444,425.056,22.371,860.5,1067.325,23.242,44.7,0.433299,0.935986,0.493964
docvqa,1792,64,405,iter405,docvqa_57976,32,16384,4096,18,212.041,212.041,407.819,0.731,2.273,363.026,28.2,467.376,469.768,371.837,21.873,841.605,1053.646,21.388,45.719,0.484573,1.039911,0.441819
docvqa,1792,64,406,iter406,docvqa_57977,34,16384,4096,21,202.856,202.856,364.178,0.728,2.261,327.189,28.119,423.834,426.21,472.794,23.64,899.004,1101.861,23.359,42.302,0.40509,0.876539,0.525908
docvqa,1792,64,407,iter407,docvqa_57978,39,16384,4096,24,318.045,318.045,363.852,0.728,2.299,327.11,28.104,423.726,426.453,528.951,22.998,955.404,1273.449,25.12,43.482,0.380836,0.824341,0.553641
docvqa,1792,64,408,iter408,docvqa_636,29,16384,4096,64,333.585,333.585,368.246,0.725,2.328,328.245,28.135,427.992,430.711,1476.638,23.439,1907.349,2240.934,33.554,42.664,0.193067,0.417458,0.774183
docvqa,1792,64,409,iter409,docvqa_637,36,16384,4096,22,268.679,268.679,365.865,0.728,2.306,329.14,28.107,425.56,427.93,535.079,25.48,963.009,1231.688,22.845,39.247,0.379919,0.821826,0.555633
docvqa,1792,64,410,iter410,docvqa_639,33,16384,4096,57,273.242,273.242,367.731,0.726,2.29,328.031,28.073,427.244,429.555,1319.766,23.567,1749.321,2022.563,32.584,42.432,0.210213,0.454448,0.754445
docvqa,1792,64,411,iter411,docvqa_57985,34,16384,4096,21,622.143,622.143,366.484,0.732,2.303,329.744,28.105,426.001,428.883,507.157,25.358,936.04,1558.184,22.435,39.436,0.391525,0.846635,0.541811
docvqa,1792,64,412,iter412,docvqa_57986,27,16384,4096,63,608.489,608.489,363.226,0.727,2.298,326.53,28.089,422.994,425.569,1501.413,24.216,1926.981,2535.471,32.694,41.294,0.188495,0.408006,0.779153
docvqa,1792,64,413,iter413,docvqa_57987,28,16384,4096,64,251.226,251.226,389.145,0.724,2.306,351.673,28.199,448.887,451.455,1548.45,24.579,1999.905,2251.13,32.002,40.686,0.194582,0.419036,0.774262
docvqa,1792,64,414,iter414,docvqa_57989,33,16384,4096,21,262.735,262.735,371.4,0.728,2.333,333.737,28.2,431.252,434.0,412.909,20.645,846.91,1109.645,24.796,48.437,0.438535,0.947741,0.487548
docvqa,1792,64,415,iter415,docvqa_650,29,16384,4096,16,191.599,191.599,369.791,0.729,2.271,333.061,28.139,429.334,431.598,331.537,22.102,763.135,954.734,20.966,45.244,0.484568,1.04716,0.434441
docvqa,1792,64,416,iter416,docvqa_651,32,16384,4096,22,224.981,224.981,352.791,0.725,2.286,313.707,28.175,412.657,415.011,517.318,24.634,932.329,1157.309,23.597,40.594,0.378397,0.821006,0.554866
docvqa,1792,64,417,iter417,docvqa_58007,34,16384,4096,23,228.054,228.054,369.318,0.73,2.286,330.82,28.091,428.949,431.444,517.157,23.507,948.601,1176.655,24.246,42.54,0.389329,0.84152,0.545179
docvqa,1792,64,418,iter418,docvqa_58009,26,16384,4096,9,226.465,226.465,471.797,0.729,2.261,434.155,28.143,531.195,533.706,211.912,26.489,745.617,972.083,12.071,37.752,0.63276,1.345183,0.28421
docvqa,1792,64,419,iter419,docvqa_58018,28,16384,4096,47,214.211,214.211,353.123,0.728,2.288,313.774,28.158,412.715,415.204,1077.025,23.414,1492.229,1706.439,31.497,42.71,0.236641,0.513217,0.721756
docvqa,1792,64,420,iter420,docvqa_674,33,16384,4096,14,216.609,216.609,413.961,0.728,2.295,373.53,28.194,473.872,476.606,302.492,23.269,779.098,995.707,17.969,42.976,0.531334,1.139565,0.388259
docvqa,1792,64,421,iter421,docvqa_57122,32,16384,4096,14,195.612,195.612,350.036,0.726,2.28,312.166,28.113,409.913,412.514,274.321,21.102,686.836,882.447,20.383,47.39,0.509637,1.10645,0.399399
docvqa,1792,64,422,iter422,docvqa_58020,30,16384,4096,11,189.719,189.719,410.431,0.728,2.33,370.634,28.261,470.743,473.637,227.016,22.702,700.653,890.372,15.7,44.05,0.585783,1.257646,0.324006
docvqa,1792,64,423,iter423,docvqa_58021,30,16384,4096,11,181.715,181.715,379.529,0.729,2.274,342.717,28.11,439.21,441.678,253.749,25.375,695.428,877.143,15.818,39.409,0.545749,1.177317,0.364882
docvqa,1792,64,424,iter424,docvqa_58022,30,16384,4096,21,225.187,225.187,358.341,0.73,2.343,306.976,28.079,417.864,422.011,398.322,19.916,820.333,1045.52,25.599,50.211,0.436824,0.946207,0.485562
docvqa,1792,64,425,iter425,docvqa_58023,30,16384,4096,21,295.866,295.866,387.501,0.731,2.309,340.727,28.122,447.403,450.626,418.413,20.921,869.039,1164.905,24.165,47.8,0.445896,0.96072,0.481466
docvqa,1792,64,426,iter426,docvqa_58024,39,16384,4096,22,221.485,221.485,388.405,0.73,2.273,351.011,28.181,448.446,450.798,434.92,20.71,885.718,1107.203,24.839,48.285,0.43852,0.944828,0.491036
docvqa,1792,64,427,iter427,docvqa_675,26,16384,4096,64,212.796,212.796,346.879,0.731,2.27,309.522,28.113,406.37,408.605,1415.04,22.461,1823.645,2036.441,35.095,44.522,0.190212,0.413046,0.775941
docvqa,1792,64,428,iter428,docvqa_676,29,16384,4096,12,217.887,217.887,370.405,0.728,2.31,332.833,28.145,430.078,432.903,259.008,23.546,691.911,909.798,17.343,42.47,0.535336,1.156916,0.374337
docvqa,1792,64,429,iter429,docvqa_677,27,16384,4096,29,228.785,228.785,398.256,0.727,2.326,360.706,28.209,458.424,461.197,713.52,25.483,1174.716,1403.502,24.687,39.242,0.339023,0.729266,0.607398
docvqa,1792,64,430,iter430,docvqa_58029,31,16384,4096,13,604.016,604.016,349.436,0.732,2.309,311.902,28.096,409.098,412.183,252.883,21.074,665.066,1269.082,19.547,47.453,0.525415,1.140539,0.380238
docvqa,1792,64,431,iter431,docvqa_678,32,16384,4096,21,277.155,277.155,418.967,0.726,2.329,378.011,28.234,479.081,481.858,466.109,23.305,947.967,1225.122,22.153,42.908,0.441963,0.94734,0.491693
docvqa,1792,64,432,iter432,docvqa_58054,33,16384,4096,41,198.409,198.409,384.934,0.733,2.286,346.145,28.18,444.696,447.262,931.15,23.279,1378.411,1576.82,29.744,42.958,0.279259,0.601874,0.675524
docvqa,1792,64,433,iter433,docvqa_58056,37,16384,4096,32,192.609,192.609,353.78,0.726,2.288,316.598,28.161,413.663,416.129,740.314,23.881,1156.443,1349.053,27.671,41.874,0.305921,0.663624,0.640165
docvqa,1792,64,434,iter434,docvqa_58059,27,16384,4096,18,178.494,178.494,352.207,0.73,2.328,314.309,28.164,411.877,414.745,361.087,21.24,775.832,954.326,23.201,47.08,0.453974,0.984859,0.465419
docvqa,1792,64,435,iter435,docvqa_58061,27,16384,4096,43,297.384,297.384,373.885,0.726,2.291,334.086,28.195,433.587,436.886,878.733,20.922,1315.618,1613.002,32.684,47.796,0.28419,0.613758,0.667924
docvqa,1792,64,436,iter436,docvqa_58064,30,16384,4096,17,204.227,204.227,365.589,0.728,2.269,328.662,28.124,425.168,427.56,317.236,19.827,744.796,949.024,22.825,50.436,0.490857,1.061708,0.425937
docvqa,1792,64,437,iter437,docvqa_41686,29,16384,4096,12,217.089,217.089,369.273,0.73,2.319,330.845,28.074,429.505,432.537,288.78,26.253,721.318,938.407,16.636,38.091,0.511942,1.107387,0.400351
docvqa,1792,64,438,iter438,docvqa_41687,36,16384,4096,25,201.916,201.916,394.685,0.729,2.302,357.382,28.179,454.727,457.218,534.224,22.259,991.442,1193.358,25.216,44.925,0.398092,0.856744,0.538835
docvqa,1792,64,439,iter439,docvqa_41688,31,16384,4096,15,215.301,215.301,399.402,0.73,2.282,361.689,28.083,459.388,461.855,338.616,24.187,800.471,1015.772,18.739,41.345,0.498959,1.072856,0.423021
docvqa,1792,64,440,iter440,docvqa_41689,31,16384,4096,17,190.135,190.135,391.085,0.729,2.278,352.692,28.128,451.333,453.781,377.496,23.593,831.277,1021.411,20.45,42.385,0.470463,1.013402,0.454115
docvqa,1792,64,441,iter441,docvqa_41690,36,16384,4096,25,201.21,201.21,380.011,0.729,2.268,342.842,28.125,439.733,442.076,561.082,23.378,1003.159,1204.369,24.921,42.774,0.378815,0.817163,0.559316
docvqa,1792,64,442,iter442,docvqa_41691,34,16384,4096,19,213.427,213.427,399.092,0.728,2.282,362.532,28.091,458.635,461.041,445.59,24.755,906.631,1120.058,20.957,40.396,0.440192,0.94606,0.491479
docvqa,1792,64,443,iter443,docvqa_41693,35,16384,4096,24,202.415,202.415,392.553,0.728,2.282,353.863,28.063,452.597,454.997,506.395,22.017,961.392,1163.807,24.964,45.419,0.408318,0.87909,0.526731
docvqa,1792,64,444,iter444,docvqa_41694,36,16384,4096,20,215.225,215.225,436.982,0.729,2.334,385.411,28.221,497.398,500.54,432.76,22.777,933.3,1148.525,21.429,43.904,0.468212,1.001157,0.463688
docvqa,1792,64,445,iter445,docvqa_41695,37,16384,4096,21,345.762,345.762,382.639,0.73,2.287,337.563,28.099,442.51,445.063,401.232,20.062,846.294,1192.056,24.814,49.847,0.452134,0.975014,0.474104
docvqa,1792,64,446,iter446,docvqa_41705,31,16384,4096,15,307.461,307.461,356.132,0.729,2.277,315.982,28.146,415.573,417.99,281.892,20.135,699.881,1007.342,21.432,49.664,0.508846,1.102622,0.402771
docvqa,1792,64,447,iter447,docvqa_17132,29,16384,4096,16,336.021,336.021,344.82,0.729,2.286,307.1,28.155,404.522,407.079,316.338,21.089,723.417,1059.437,22.117,47.418,0.476654,1.035836,0.437283
docvqa,1792,64,448,iter448,docvqa_17133,34,16384,4096,16,250.324,250.324,413.687,0.729,2.35,367.705,28.119,473.364,476.276,336.79,22.453,813.067,1063.39,19.679,44.538,0.508798,1.090995,0.414223
docvqa,1792,64,449,iter449,docvqa_17134,35,16384,4096,28,218.232,218.232,408.428,0.73,2.315,356.998,28.225,468.096,471.529,641.563,23.762,1113.092,1331.323,25.155,42.085,0.366931,0.787468,0.576379
docvqa,1792,64,450,iter450,docvqa_17135,35,16384,4096,19,208.399,208.399,345.703,0.726,2.295,305.295,28.08,405.137,407.809,428.403,23.8,836.212,1044.611,22.722,42.017,0.413415,0.897906,0.512314
docvqa,1792,64,451,iter451,docvqa_47368,27,16384,4096,13,245.654,245.654,345.734,0.725,2.274,308.331,28.171,405.213,407.469,240.412,20.034,647.88,893.534,20.065,49.914,0.533639,1.159083,0.371074
docvqa,1792,64,452,iter452,docvqa_41715,30,16384,4096,15,184.477,184.477,392.656,0.729,2.284,355.926,28.17,452.449,454.594,346.205,24.729,800.799,985.277,18.731,40.438,0.49033,1.055327,0.432324
docvqa,1792,64,453,iter453,docvqa_41716,30,16384,4096,14,216.928,216.928,387.465,0.732,2.285,349.874,28.245,447.884,450.302,287.048,22.081,737.35,954.278,18.987,45.289,0.525482,1.132906,0.389297
docvqa,1792,64,454,iter454,docvqa_41717,30,16384,4096,14,204.644,204.644,401.31,0.728,2.3,363.511,28.193,461.302,463.594,289.57,22.275,753.164,957.808,18.588,44.894,0.532833,1.145319,0.384471
docvqa,1792,64,455,iter455,docvqa_17139,30,16384,4096,16,220.737,220.737,427.432,0.728,2.366,379.369,28.145,487.029,490.705,320.6,21.373,811.305,1032.042,19.721,46.787,0.526845,1.127149,0.395166
docvqa,1792,64,456,iter456,docvqa_41719,27,16384,4096,22,244.186,244.186,471.914,0.729,2.286,432.765,28.139,531.524,533.947,432.213,20.582,966.16,1210.346,22.771,48.587,0.488443,1.038585,0.447351
docvqa,1792,64,457,iter457,docvqa_17140,33,16384,4096,15,308.98,308.98,396.925,0.725,2.335,356.969,28.135,456.859,459.905,344.627,24.616,804.531,1113.512,18.644,40.624,0.493361,1.061218,0.428357
docvqa,1792,64,458,iter458,docvqa_58105,27,16384,4096,11,221.504,221.504,349.21,0.727,2.274,309.782,28.097,408.73,411.23,245.103,24.51,656.333,877.837,16.76,40.799,0.532062,1.15481,0.373443
docvqa,1792,64,459,iter459,docvqa_58106,34,16384,4096,17,210.623,210.623,371.248,0.726,2.271,333.707,28.163,430.887,433.501,375.853,23.491,809.353,1019.976,21.004,42.57,0.458697,0.991082,0.464386
docvqa,1792,64,460,iter460,docvqa_58107,34,16384,4096,15,196.894,196.894,348.481,0.731,2.265,308.456,28.088,407.912,410.269,309.574,22.112,719.843,916.737,20.838,45.223,0.484107,1.050775,0.430058
docvqa,1792,64,461,iter461,docvqa_58108,32,16384,4096,25,205.173,205.173,401.676,0.733,2.334,358.524,28.202,461.516,464.805,553.706,23.071,1018.511,1223.684,24.546,43.344,0.394375,0.847504,0.543642
docvqa,1792,64,462,iter462,docvqa_41721,27,16384,4096,22,213.165,213.165,375.542,0.724,2.306,336.514,28.25,435.201,437.695,457.46,21.784,895.155,1108.32,24.577,45.906,0.419528,0.905701,0.51104
docvqa,1792,64,463,iter463,docvqa_41723,27,16384,4096,17,288.383,288.383,379.313,0.73,2.291,341.069,28.193,438.981,441.629,386.739,24.171,828.368,1116.751,20.522,41.372,0.457904,0.987839,0.466868
docvqa,1792,64,464,iter464,docvqa_17143,36,16384,4096,17,189.085,189.085,356.407,0.729,2.295,317.776,28.128,416.284,418.854,365.898,22.869,784.752,973.837,21.663,43.728,0.454165,0.98463,0.466259
docvqa,1792,64,465,iter465,docvqa_41728,30,16384,4096,23,214.788,214.788,375.602,0.73,2.278,336.274,28.186,435.631,437.942,550.975,25.044,988.917,1203.705,23.258,39.929,0.379812,0.820325,0.55715
docvqa,1792,64,466,iter466,docvqa_41729,37,16384,4096,18,310.247,310.247,406.196,0.728,2.312,367.313,28.24,466.461,468.959,382.056,22.474,851.015,1161.262,21.151,44.496,0.477307,1.02543,0.448942
docvqa,1792,64,467,iter467,docvqa_17147,31,16384,4096,23,277.928,277.928,391.12,0.731,2.365,344.058,28.221,450.898,454.587,549.856,24.993,1004.442,1282.371,22.898,40.011,0.389391,0.838294,0.547424
docvqa,1792,64,468,iter468,docvqa_17149,30,16384,4096,15,210.1,210.1,369.339,0.731,2.276,332.845,28.111,428.887,431.464,329.058,23.504,760.523,970.622,19.723,42.546,0.485639,1.049576,0.432674
docvqa,1792,64,469,iter469,docvqa_17150,31,16384,4096,13,194.859,194.859,443.608,0.73,2.26,403.886,28.202,503.215,505.538,275.369,22.947,780.907,975.766,16.647,43.578,0.568068,1.212466,0.352627
docvqa,1792,64,470,iter470,docvqa_45744,47,16384,4096,40,204.844,204.844,401.968,0.727,2.254,364.651,28.145,861.122,863.45,945.547,24.245,1808.997,2013.841,22.112,41.246,0.222205,0.698227,0.522691
docvqa,1792,64,471,iter471,docvqa_45745,47,16384,4096,33,216.463,216.463,346.739,0.729,2.287,309.448,28.102,406.303,408.741,744.535,23.267,1153.276,1369.739,28.614,42.98,0.300655,0.652959,0.645583
docvqa,1792,64,472,iter472,docvqa_782,30,16384,4096,20,195.051,195.051,348.349,0.729,2.287,309.231,28.139,407.977,410.353,416.859,21.94,827.212,1022.263,24.178,45.579,0.421112,0.914306,0.503932
docvqa,1792,64,473,iter473,docvqa_783,35,16384,4096,17,201.868,201.868,401.935,0.724,2.271,364.203,28.257,461.734,464.023,392.907,24.557,856.929,1058.797,19.838,40.722,0.469041,1.007865,0.458505
docvqa,1792,64,474,iter474,docvqa_784,26,16384,4096,26,248.533,248.533,381.518,0.731,2.348,344.002,28.184,442.193,445.115,597.42,23.897,1042.535,1291.068,24.939,41.847,0.365952,0.790104,0.573046
docvqa,1792,64,475,iter475,docvqa_785,32,16384,4096,16,221.001,221.001,397.233,0.729,2.338,359.168,28.227,457.988,460.751,368.844,24.59,829.595,1050.596,19.287,40.668,0.478827,1.030889,0.444607
docvqa,1792,64,476,iter476,docvqa_786,30,16384,4096,11,191.93,191.93,426.153,0.731,2.296,389.108,28.144,486.041,488.48,226.03,22.603,714.511,906.441,15.395,44.242,0.596427,1.27667,0.316343
docvqa,1792,64,477,iter477,docvqa_788,35,16384,4096,26,209.72,209.72,346.796,0.73,2.281,307.686,28.083,406.459,408.882,541.672,21.667,950.554,1160.274,27.352,46.153,0.364836,0.792438,0.569849
docvqa,1792,64,478,iter478,docvqa_789,54,16384,4096,37,197.001,197.001,393.428,0.73,2.3,354.364,28.311,851.355,853.922,865.695,24.047,1719.618,1916.618,21.516,41.585,0.228788,0.723872,0.503423
docvqa,1792,64,479,iter479,docvqa_790,26,16384,4096,23,211.298,211.298,387.622,0.731,2.304,350.627,28.23,447.962,450.555,545.563,24.798,996.117,1207.415,23.09,40.325,0.389133,0.838841,0.547689
docvqa,1792,64,480,iter480,docvqa_60401,30,16384,4096,16,274.146,274.146,349.882,0.73,2.28,312.648,28.18,409.203,411.593,314.591,20.973,726.184,1000.33,22.033,47.681,0.481809,1.045307,0.433211
docvqa,1792,64,481,iter481,docvqa_792,36,16384,4096,28,321.204,321.204,383.244,0.728,2.271,345.887,28.243,443.074,445.372,583.618,21.615,1028.99,1350.195,27.211,46.263,0.372447,0.803038,0.567176
docvqa,1792,64,482,iter482,docvqa_793,26,16384,4096,14,216.931,216.931,379.217,0.729,2.269,338.181,28.103,438.753,440.925,264.146,20.319,705.071,922.002,19.856,49.215,0.537842,1.160125,0.374638
docvqa,1792,64,483,iter483,docvqa_794,30,16384,4096,17,307.45,307.45,402.684,0.726,2.276,362.561,28.206,462.351,464.582,361.833,22.615,826.416,1133.865,20.571,44.219,0.487265,1.04673,0.437835
docvqa,1792,64,484,iter484,docvqa_41749,37,16384,4096,20,229.806,229.806,406.048,0.73,2.285,367.521,28.2,465.948,468.365,449.888,23.678,918.253,1148.058,21.781,42.233,0.442196,0.949626,0.489939
docvqa,1792,64,485,iter485,docvqa_41750,35,16384,4096,16,268.438,268.438,380.838,0.729,2.292,341.798,28.12,440.713,443.306,375.55,25.037,818.857,1087.295,19.539,39.941,0.465085,1.00329,0.458628
docvqa,1792,64,486,iter486,docvqa_45747,47,16384,4096,39,267.785,267.785,374.708,0.726,2.294,337.031,28.191,434.504,437.127,825.141,21.714,1262.268,1530.053,30.897,46.053,0.296853,0.641077,0.653697
docvqa,1792,64,487,iter487,docvqa_60403,33,16384,4096,15,269.577,269.577,398.449,0.726,2.302,360.935,28.188,458.356,461.182,315.858,22.561,777.041,1046.618,19.304,44.324,0.512778,1.102652,0.406489
docvqa,1792,64,488,iter488,docvqa_60404,28,16384,4096,44,197.325,197.325,381.617,0.726,2.305,344.703,28.181,441.485,443.767,1090.991,25.372,1534.758,1732.083,28.669,39.414,0.248649,0.536307,0.710856
docvqa,1792,64,489,iter489,docvqa_809,27,16384,4096,15,250.931,250.931,416.864,0.727,2.356,372.864,28.212,476.901,480.802,334.531,23.895,815.332,1066.263,18.397,41.85,0.511281,1.096197,0.4103
docvqa,1792,64,490,iter490,docvqa_25385,30,16384,4096,11,234.169,234.169,408.932,0.729,2.322,366.975,28.266,468.894,471.457,205.042,20.504,676.498,910.668,16.26,48.771,0.604483,1.297603,0.303093
docvqa,1792,64,491,iter491,docvqa_25386,30,16384,4096,11,250.965,250.965,393.823,0.727,2.347,347.73,28.134,453.403,456.732,225.541,22.554,682.274,933.239,16.123,44.338,0.577221,1.241768,0.330573
docvqa,1792,64,492,iter492,docvqa_25387,31,16384,4096,12,222.673,222.673,400.523,0.728,2.342,363.613,28.177,460.462,462.881,295.234,26.839,758.114,980.787,15.829,37.259,0.528315,1.135694,0.389432
docvqa,1792,64,493,iter493,docvqa_60406,27,16384,4096,26,234.832,234.832,476.107,0.73,2.295,438.537,28.098,535.889,538.409,551.048,22.042,1089.457,1324.289,23.865,45.368,0.437013,0.928899,0.505801
docvqa,1792,64,494,iter494,docvqa_815,33,16384,4096,20,218.887,218.887,371.404,0.727,2.28,331.498,28.14,430.779,433.597,431.651,22.718,865.249,1084.135,23.115,44.017,0.429246,0.927113,0.498875
docvqa,1792,64,495,iter495,docvqa_60407,30,16384,4096,16,360.422,360.422,374.482,0.731,2.26,335.412,28.11,434.309,436.863,337.743,22.516,774.606,1135.029,20.656,44.412,0.483448,1.044132,0.436019
docvqa,1792,64,496,iter496,docvqa_25396,30,16384,4096,34,188.705,188.705,380.718,0.73,2.304,343.569,28.269,440.261,442.818,866.285,26.251,1309.103,1497.808,25.972,38.094,0.290824,0.627132,0.66174
docvqa,1792,64,497,iter497,docvqa_822,29,16384,4096,14,206.506,206.506,373.447,0.731,2.279,337.082,28.118,433.181,435.613,288.486,22.191,724.099,930.605,19.334,45.063,0.515741,1.113976,0.398407
docvqa,1792,64,498,iter498,docvqa_824,30,16384,4096,23,228.263,228.263,420.102,0.73,2.325,383.095,28.161,479.721,482.53,524.668,23.849,1007.198,1235.461,22.836,41.931,0.4171,0.893392,0.520918
docvqa,1792,64,499,iter499,docvqa_826,35,16384,4096,13,222.653,222.653,373.301,0.729,2.285,334.894,28.14,432.841,435.344,268.324,22.36,703.668,926.321,18.475,44.722,0.530508,1.14563,0.381322
docvqa,448,64,0,iter000,docvqa_49153,44,1024,256,28,149.323,149.323,41.723,0.192,0.372,36.304,3.221,66.21,69.87,614.993,22.778,684.863,834.186,40.884,43.903,0.060921,0.157597,0.89798
docvqa,448,64,1,iter001,docvqa_24580,27,1024,256,15,87.632,87.632,36.659,0.117,0.34,32.023,2.768,59.076,61.826,284.965,20.355,346.791,434.423,43.254,49.129,0.10571,0.27606,0.821721
docvqa,448,64,2,iter002,docvqa_57349,29,1024,256,11,153.229,153.229,36.146,0.09,0.325,31.386,2.773,412.239,415.063,205.803,20.58,620.866,774.094,17.717,48.59,0.058219,0.722194,0.331478
docvqa,448,64,3,iter003,docvqa_24581,27,1024,256,32,96.27,96.27,37.305,0.113,0.315,32.681,2.867,59.171,62.096,2077.932,67.03,2140.028,2236.298,14.953,14.919,0.017432,0.045082,0.970984
docvqa,448,64,4,iter004,docvqa_24582,28,1024,256,8,183.122,183.122,37.371,0.136,0.356,32.683,2.815,417.027,420.192,142.018,20.288,562.211,745.332,14.23,49.289,0.066471,0.808234,0.252607
docvqa,448,64,5,iter005,docvqa_39079,29,1024,256,38,98.749,98.749,35.7,0.087,0.333,31.065,2.7,57.241,60.043,817.777,22.102,877.82,976.568,43.289,45.245,0.040669,0.105878,0.9316
docvqa,448,64,6,iter006,docvqa_57357,35,1024,256,25,143.925,143.925,35.946,0.105,0.337,31.343,2.681,411.294,414.216,527.602,21.983,941.818,1085.743,26.544,45.489,0.038167,0.474869,0.560195
docvqa,448,64,7,iter007,docvqa_24426,28,1024,256,19,118.174,118.174,41.452,0.158,0.373,36.225,3.077,66.537,70.49,410.076,22.782,480.566,598.74,39.537,43.894,0.086256,0.224712,0.853319
docvqa,448,64,8,iter008,docvqa_49168,30,1024,256,25,119.863,119.863,39.934,0.123,0.349,34.985,3.072,428.342,431.356,555.62,23.151,986.977,1106.84,25.33,43.195,0.04046,0.474455,0.562952
docvqa,448,64,9,iter009,docvqa_24423,34,1024,256,25,124.998,124.998,53.148,0.214,0.319,46.895,4.02,450.217,453.027,492.69,20.529,945.717,1070.714,26.435,48.712,0.056199,0.532258,0.52097
docvqa,448,64,10,iter010,docvqa_49172,36,1024,256,25,107.672,107.672,36.897,0.115,0.365,32.207,2.789,450.289,453.388,529.801,22.075,983.189,1090.861,25.427,45.3,0.037527,0.495516,0.53886
docvqa,448,64,11,iter011,docvqa_57364,32,1024,256,18,220.354,220.354,63.032,0.185,0.339,54.461,5.161,468.596,472.336,453.418,26.672,925.754,1146.108,19.444,37.493,0.068087,0.574265,0.489783
docvqa,448,64,12,iter012,docvqa_57366,33,1024,256,20,338.7,338.7,60.859,0.272,0.434,52.81,4.478,462.009,465.888,439.385,23.126,905.274,1243.974,22.093,43.242,0.067227,0.57758,0.485362
docvqa,448,64,13,iter013,docvqa_57368,37,1024,256,38,151.585,151.585,39.216,0.168,0.339,34.3,2.944,521.69,525.067,2260.566,61.096,2785.633,2937.218,13.641,16.368,0.014078,0.201357,0.811509
docvqa,448,64,14,iter014,docvqa_49177,31,1024,256,27,97.755,97.755,38.711,0.168,0.356,33.71,2.923,422.452,425.897,586.455,22.556,1012.352,1110.106,26.671,44.334,0.038239,0.455536,0.5793
docvqa,448,64,15,iter015,docvqa_57370,34,1024,256,34,159.616,159.616,37.929,0.151,0.333,33.175,2.872,60.251,63.43,687.417,20.831,750.846,910.462,45.282,48.006,0.050515,0.13076,0.915522
docvqa,448,64,16,iter016,docvqa_57371,49,1024,256,30,126.771,126.771,37.221,0.125,0.342,32.512,2.846,475.846,478.797,2669.695,92.058,3148.492,3275.263,9.528,10.863,0.011822,0.162956,0.847928
docvqa,448,64,17,iter017,docvqa_57372,44,1024,256,26,120.336,120.336,37.463,0.152,0.36,32.547,2.823,59.257,62.42,545.771,21.831,608.191,728.526,42.75,45.807,0.061598,0.159029,0.897368
docvqa,448,64,18,iter018,docvqa_49181,39,1024,256,25,111.334,111.334,36.28,0.115,0.322,31.691,2.687,446.485,449.265,522.337,21.764,971.602,1082.936,25.731,45.947,0.037341,0.496876,0.537604
docvqa,448,64,19,iter019,docvqa_57373,37,1024,256,38,118.4,118.4,37.245,0.1,0.343,32.373,2.822,59.012,61.967,857.67,23.18,919.637,1038.037,41.321,43.14,0.0405,0.104669,0.932618
docvqa,448,64,20,iter020,docvqa_57374,29,1024,256,24,114.004,114.004,38.052,0.121,0.323,33.175,2.953,59.505,62.278,495.03,21.523,557.308,671.313,43.064,46.462,0.068278,0.17505,0.888252
docvqa,448,64,21,iter021,docvqa_57375,27,1024,256,33,163.57,163.57,50.789,0.313,0.336,44.962,3.338,89.372,92.68,784.616,24.519,877.296,1040.866,37.616,40.784,0.057892,0.159764,0.894357
docvqa,448,64,22,iter022,docvqa_57376,34,1024,256,64,119.898,119.898,41.59,0.19,0.371,36.45,3.082,66.692,69.986,11120.022,176.508,11190.008,11309.905,5.719,5.665,0.003717,0.009677,0.993746
docvqa,448,64,23,iter023,docvqa_49187,31,1024,256,27,153.072,153.072,40.948,0.185,0.349,35.727,3.126,65.051,68.441,612.73,23.567,681.17,834.242,39.638,42.433,0.060114,0.155612,0.899525
docvqa,448,64,24,iter024,docvqa_16424,30,1024,256,41,103.911,103.911,39.608,0.139,0.338,34.593,2.995,63.25,66.204,972.014,24.3,1038.218,1142.129,39.491,41.152,0.03815,0.099072,0.936233
docvqa,448,64,25,iter025,docvqa_57386,34,1024,256,25,238.484,238.484,47.594,0.193,0.332,39.923,3.026,72.877,79.049,556.659,23.194,635.707,874.191,39.326,43.114,0.074868,0.189506,0.875652
docvqa,448,64,26,iter026,docvqa_57387,35,1024,256,25,123.06,123.06,36.42,0.09,0.331,31.781,2.758,58.106,60.958,525.543,21.898,586.501,709.56,42.626,45.667,0.062096,0.16117,0.896065
docvqa,448,64,27,iter027,docvqa_57388,35,1024,256,24,120.26,120.26,37.595,0.115,0.346,32.874,2.897,59.714,62.663,539.304,23.448,601.967,722.227,39.869,42.648,0.062454,0.161652,0.895903
docvqa,448,64,28,iter028,docvqa_16429,29,1024,256,13,119.65,119.65,43.332,0.196,0.32,37.974,3.224,77.852,80.769,318.615,26.551,399.384,519.034,32.55,37.663,0.108498,0.303428,0.797766
docvqa,448,64,29,iter029,docvqa_16430,31,1024,256,13,183.239,183.239,37.35,0.116,0.324,32.639,2.846,59.795,62.739,249.159,20.763,311.898,495.136,41.68,48.162,0.11975,0.311464,0.798848
docvqa,448,64,30,iter030,docvqa_57391,29,1024,256,11,123.873,123.873,37.29,0.102,0.319,32.55,2.808,59.556,62.444,208.872,20.887,271.316,395.189,40.543,47.876,0.137441,0.356949,0.769848
docvqa,448,64,31,iter031,docvqa_57395,32,1024,256,16,225.424,225.424,49.924,0.118,0.315,43.578,3.694,72.397,75.305,350.804,23.387,426.108,651.533,37.549,42.759,0.117164,0.287065,0.823273
docvqa,448,64,32,iter032,docvqa_16437,37,1024,256,22,142.673,142.673,37.626,0.124,0.333,32.748,2.806,59.938,62.905,522.245,24.869,585.15,727.823,37.597,40.211,0.064301,0.166732,0.892497
docvqa,448,64,33,iter033,docvqa_16440,35,1024,256,23,113.509,113.509,37.294,0.095,0.333,32.624,2.803,59.915,62.824,495.194,22.509,558.019,671.527,41.217,44.427,0.066833,0.174204,0.887415
docvqa,448,64,34,iter034,docvqa_57402,32,1024,256,30,286.161,286.161,75.98,0.129,0.318,69.05,4.285,97.757,100.609,603.844,20.822,704.453,990.614,42.586,48.026,0.107857,0.246627,0.857182
docvqa,448,64,35,iter035,docvqa_57403,36,1024,256,21,142.161,142.161,37.537,0.128,0.384,32.692,2.845,59.985,63.059,500.512,25.026,563.571,705.732,37.262,39.959,0.066605,0.173042,0.888109
docvqa,448,64,36,iter036,docvqa_57404,40,1024,256,27,123.117,123.117,38.171,0.096,0.326,33.343,2.875,515.087,518.172,637.194,24.507,1155.366,1278.483,23.369,40.804,0.033038,0.47886,0.551509
docvqa,448,64,37,iter037,docvqa_16444,37,1024,256,24,188.8,188.8,37.434,0.106,0.32,32.851,2.786,60.364,63.499,537.612,23.374,601.111,789.911,39.926,42.782,0.062274,0.162694,0.894363
docvqa,448,64,38,iter038,docvqa_57407,36,1024,256,25,142.141,142.141,36.951,0.104,0.322,32.33,2.752,58.94,61.736,497.565,20.732,559.301,701.442,44.699,48.235,0.066067,0.171448,0.88962
docvqa,448,64,39,iter039,docvqa_16447,39,1024,256,26,196.618,196.618,37.172,0.093,0.319,32.553,2.782,59.446,62.361,601.92,24.077,664.281,860.899,39.14,41.534,0.055958,0.145446,0.906123
docvqa,448,64,40,iter040,docvqa_57409,29,1024,256,11,260.381,260.381,41.761,0.115,0.33,36.799,3.137,67.529,70.872,240.651,24.065,311.523,571.903,35.31,41.554,0.134055,0.350826,0.772499
docvqa,448,64,41,iter041,docvqa_16450,29,1024,256,11,142.191,142.191,39.073,0.126,0.343,34.237,2.892,62.222,65.107,244.576,24.458,309.684,451.875,35.52,40.887,0.12617,0.327092,0.789762
docvqa,448,64,42,iter042,docvqa_57410,33,1024,256,17,132.689,132.689,38.735,0.117,0.348,33.794,2.962,61.967,65.088,392.225,24.514,457.314,590.003,37.174,40.793,0.084702,0.220204,0.857673
docvqa,448,64,43,iter043,docvqa_57411,35,1024,256,22,210.91,210.91,39.319,0.146,0.35,34.352,3.058,62.842,65.922,497.32,23.682,563.242,774.152,39.06,42.226,0.069809,0.181381,0.882959
docvqa,448,64,44,iter044,docvqa_57413,33,1024,256,36,133.557,133.557,38.252,0.111,0.336,33.484,2.889,61.114,64.005,864.901,24.711,928.906,1062.463,38.755,40.467,0.04118,0.106971,0.931096
docvqa,448,64,45,iter045,docvqa_57414,35,1024,256,64,130.531,130.531,39.139,0.125,0.375,34.224,2.981,75.401,78.762,2110.39,33.498,2189.153,2319.684,29.235,29.852,0.017879,0.052322,0.964022
docvqa,448,64,46,iter046,docvqa_57415,34,1024,256,64,126.223,126.223,40.74,0.167,0.332,35.706,3.108,64.437,67.759,1438.757,22.837,1506.516,1632.74,42.482,43.788,0.027043,0.069815,0.955023
docvqa,448,64,47,iter047,docvqa_57416,34,1024,256,17,124.024,124.024,37.704,0.133,0.336,32.787,2.812,72.419,75.443,407.95,25.497,483.393,607.417,35.168,39.221,0.077998,0.227813,0.84393
docvqa,448,64,48,iter048,docvqa_57417,32,1024,256,14,137.495,137.495,41.833,0.158,0.341,36.621,3.13,66.857,70.31,347.621,26.74,417.931,555.426,33.498,37.397,0.100096,0.260067,0.831767
docvqa,448,64,49,iter049,docvqa_57418,33,1024,256,64,144.896,144.896,40.783,0.12,0.333,35.704,3.031,65.486,68.452,1600.171,25.4,1668.624,1813.52,38.355,39.371,0.024441,0.063687,0.958977
docvqa,448,64,50,iter050,docvqa_24437,27,1024,256,16,203.193,203.193,100.771,0.275,0.34,90.548,7.312,131.091,134.484,376.758,25.117,511.243,714.435,31.296,39.813,0.197109,0.453526,0.736946
docvqa,448,64,51,iter051,docvqa_24438,29,1024,256,13,115.873,115.873,40.399,0.16,0.358,35.363,3.063,64.817,68.038,304.803,25.4,372.841,488.714,34.867,39.37,0.108353,0.2822,0.817514
docvqa,448,64,52,iter052,docvqa_16455,41,1024,256,27,126.015,126.015,40.046,0.133,0.344,35.121,3.002,481.215,484.451,614.232,23.624,1098.683,1224.697,24.575,42.329,0.036449,0.474442,0.559062
docvqa,448,64,53,iter053,docvqa_16456,30,1024,256,13,126.357,126.357,40.268,0.144,0.353,35.192,3.061,64.399,67.532,298.96,24.913,366.493,492.849,35.471,40.139,0.109873,0.285589,0.815734
docvqa,448,64,54,iter054,docvqa_16463,31,1024,256,13,213.85,213.85,40.533,0.172,0.339,35.448,3.082,65.142,68.28,295.363,24.614,363.643,577.493,35.749,40.628,0.111463,0.290599,0.812233
docvqa,448,64,55,iter055,docvqa_49234,31,1024,256,12,143.754,143.754,40.169,0.157,0.343,35.231,2.988,64.452,67.558,286.927,26.084,354.485,498.239,33.852,38.337,0.113315,0.295133,0.809419
docvqa,448,64,56,iter056,docvqa_57428,35,1024,256,22,125.045,125.045,42.012,0.153,0.348,36.923,3.136,67.336,70.35,555.868,26.47,626.217,751.262,35.132,37.779,0.067089,0.174616,0.887659
docvqa,448,64,57,iter057,docvqa_24440,25,1024,256,18,106.472,106.472,41.773,0.151,0.35,36.533,3.26,477.273,480.644,1478.326,86.96,1958.97,2065.442,9.189,11.499,0.021324,0.264959,0.754645
docvqa,448,64,58,iter058,docvqa_16468,39,1024,256,26,142.408,142.408,39.942,0.126,0.346,34.995,2.993,63.938,66.97,605.869,24.235,672.84,815.248,38.642,41.263,0.059363,0.15439,0.900466
docvqa,448,64,59,iter059,docvqa_57431,36,1024,256,21,263.068,263.068,39.659,0.138,0.317,34.753,3.025,63.457,65.919,472.914,23.646,538.833,801.901,38.973,42.291,0.073603,0.19137,0.877663
docvqa,448,64,60,iter060,docvqa_16473,31,1024,256,13,106.75,106.75,39.754,0.129,0.348,34.771,2.937,63.782,66.804,299.894,24.991,366.698,473.447,35.452,40.014,0.10841,0.282347,0.817823
docvqa,448,64,61,iter061,docvqa_49242,26,1024,256,12,113.877,113.877,39.572,0.099,0.346,34.66,2.928,431.843,434.677,245.721,22.338,680.398,794.275,17.637,44.766,0.058161,0.692852,0.361143
docvqa,448,64,62,iter062,docvqa_57439,34,1024,256,52,127.89,127.89,39.202,0.11,0.327,34.277,2.909,62.971,65.81,1189.24,23.318,1255.05,1382.94,41.433,42.885,0.031235,0.08141,0.947563
docvqa,448,64,63,iter063,docvqa_57440,35,1024,256,17,128.875,128.875,40.367,0.15,0.339,35.359,3.041,64.957,68.266,445.025,27.814,513.291,642.166,33.12,35.953,0.078644,0.205195,0.867003
docvqa,448,64,64,iter064,docvqa_32870,36,1024,256,38,154.819,154.819,42.059,0.139,0.345,36.901,3.115,67.137,70.195,853.731,23.074,923.926,1078.745,41.129,43.339,0.045522,0.118186,0.924025
docvqa,448,64,65,iter065,docvqa_32871,43,1024,256,29,238.149,238.149,41.3,0.151,0.35,36.237,3.082,502.022,505.641,744.947,26.605,1250.588,1488.737,23.189,37.587,0.033024,0.434453,0.595678
docvqa,448,64,66,iter066,docvqa_32872,34,1024,256,21,195.108,195.108,41.515,0.141,0.339,36.446,3.1,66.206,69.408,520.999,26.05,590.407,785.515,35.569,38.388,0.070316,0.182451,0.882441
docvqa,448,64,67,iter067,docvqa_32873,34,1024,256,20,322.752,322.752,39.912,0.145,0.359,34.518,2.897,63.562,67.296,395.065,20.793,462.361,785.113,43.256,48.093,0.086323,0.223796,0.854452
docvqa,448,64,68,iter068,docvqa_32874,31,1024,256,14,287.656,287.656,51.388,0.13,0.372,42.878,3.368,74.019,82.906,292.51,22.501,375.415,663.072,37.292,44.443,0.136882,0.334048,0.779163
docvqa,448,64,69,iter069,docvqa_32875,33,1024,256,20,283.997,283.997,41.701,0.163,0.328,36.268,3.158,65.081,67.888,417.063,21.951,484.951,768.948,41.241,45.557,0.085989,0.220191,0.86001
docvqa,448,64,70,iter070,docvqa_32876,33,1024,256,22,157.853,157.853,36.978,0.132,0.329,32.227,2.776,58.942,61.725,531.622,25.315,593.347,751.201,37.078,39.502,0.062321,0.161659,0.895971
docvqa,448,64,71,iter071,docvqa_32877,31,1024,256,30,178.258,178.258,37.1,0.127,0.334,32.362,2.759,59.305,62.129,716.309,24.7,778.439,956.696,38.539,40.485,0.047659,0.123844,0.920187
docvqa,448,64,72,iter072,docvqa_32878,31,1024,256,12,156.328,156.328,36.245,0.111,0.321,31.602,2.751,57.68,60.538,274.394,24.945,334.931,491.259,35.828,40.088,0.108217,0.280433,0.819254
docvqa,448,64,73,iter073,docvqa_32879,35,1024,256,18,139.374,139.374,37.705,0.098,0.329,33.111,2.877,60.372,63.149,351.992,20.705,415.141,554.515,43.359,48.297,0.090825,0.23625,0.847886
docvqa,448,64,74,iter074,docvqa_57449,29,1024,256,10,213.598,213.598,69.762,0.086,0.323,61.549,6.008,91.935,97.665,264.712,29.412,362.376,575.974,27.596,33.999,0.192513,0.446213,0.730488
docvqa,448,64,75,iter075,docvqa_32881,32,1024,256,29,151.171,151.171,37.682,0.116,0.332,32.93,2.828,60.11,63.005,733.522,26.197,796.527,947.698,36.408,38.172,0.047308,0.122774,0.9209
docvqa,448,64,76,iter076,docvqa_32882,36,1024,256,37,152.271,152.271,41.901,0.159,0.352,36.672,3.188,66.888,70.142,874.728,24.298,944.871,1097.141,39.159,41.156,0.044346,0.115137,0.925765
docvqa,448,64,77,iter077,docvqa_32883,29,1024,256,23,205.447,205.447,60.793,0.19,0.402,53.44,4.139,85.934,89.185,608.338,27.652,697.522,902.969,32.974,36.164,0.087155,0.210354,0.872141
docvqa,448,64,78,iter078,docvqa_57452,33,1024,256,20,162.899,162.899,41.952,0.146,0.379,36.703,3.203,67.139,70.331,504.787,26.568,575.118,738.017,34.775,37.64,0.072945,0.189685,0.87771
docvqa,448,64,79,iter079,docvqa_32885,32,1024,256,18,235.979,235.979,58.137,0.261,0.371,50.928,4.179,93.48,97.289,434.961,25.586,532.25,768.23,33.819,39.084,0.109228,0.284859,0.817212
docvqa,448,64,80,iter080,docvqa_32886,37,1024,256,23,133.711,133.711,40.752,0.156,0.342,35.69,3.134,65.045,68.091,539.965,24.544,608.056,741.767,37.825,40.743,0.067021,0.173994,0.888018
docvqa,448,64,81,iter081,docvqa_57454,34,1024,256,58,489.074,489.074,38.697,0.127,0.338,33.851,2.877,62.095,65.005,1258.793,22.084,1323.798,1812.873,43.813,45.281,0.029232,0.076139,0.950895
docvqa,448,64,82,iter082,docvqa_49263,41,1024,256,24,190.093,190.093,40.312,0.149,0.341,35.205,3.044,64.776,68.048,609.065,26.481,677.114,867.207,35.445,37.763,0.059535,0.1552,0.899502
docvqa,448,64,83,iter083,docvqa_32889,31,1024,256,23,164.537,164.537,39.408,0.115,0.331,34.541,2.964,62.944,65.813,551.292,25.059,617.104,781.641,37.271,39.906,0.06386,0.165859,0.893352
docvqa,448,64,84,iter084,docvqa_32890,32,1024,256,18,160.756,160.756,40.246,0.11,0.343,35.493,2.969,64.069,67.011,414.799,24.4,481.81,642.567,37.359,40.984,0.083531,0.216508,0.860918
docvqa,448,64,85,iter085,docvqa_32891,39,1024,256,30,233.892,233.892,59.489,0.224,0.316,52.687,4.189,85.201,94.019,686.316,23.666,780.335,1014.227,38.445,42.255,0.076235,0.18542,0.879515
docvqa,448,64,86,iter086,docvqa_32892,31,1024,256,18,204.259,204.259,47.759,0.219,0.337,41.985,3.634,84.2,87.294,455.266,26.78,542.56,746.819,33.176,37.341,0.088025,0.243215,0.839108
docvqa,448,64,87,iter087,docvqa_32893,33,1024,256,44,205.006,205.006,40.712,0.12,0.349,35.773,3.011,65.046,68.156,995.459,23.15,1063.616,1268.622,41.368,43.196,0.038277,0.099433,0.93592
docvqa,448,64,88,iter088,docvqa_32894,36,1024,256,59,217.229,217.229,40.73,0.183,0.343,35.691,3.04,65.107,68.268,1388.578,23.941,1456.846,1674.076,40.498,41.769,0.027958,0.072648,0.95314
docvqa,448,64,89,iter089,docvqa_49274,36,1024,256,29,175.296,175.296,40.119,0.174,0.35,35.166,3.004,64.015,67.112,657.892,23.496,725.004,900.301,40.0,42.56,0.055336,0.143632,0.907432
docvqa,448,64,90,iter090,docvqa_32896,29,1024,256,13,146.331,146.331,40.279,0.14,0.361,35.164,3.12,64.154,67.194,299.97,24.998,367.164,513.495,35.406,40.004,0.109703,0.284432,0.816991
docvqa,448,64,91,iter091,docvqa_32897,28,1024,256,14,146.44,146.44,40.009,0.118,0.324,35.065,2.987,64.04,66.945,299.2,23.015,366.145,512.585,38.236,43.449,0.10927,0.284174,0.817163
docvqa,448,64,92,iter092,docvqa_32898,27,1024,256,14,169.729,169.729,66.998,0.243,0.328,59.766,4.283,93.659,102.842,267.352,20.566,370.194,539.923,37.818,48.625,0.180982,0.433982,0.722195
docvqa,448,64,93,iter093,docvqa_57475,36,1024,256,16,248.328,248.328,44.133,0.158,0.367,38.445,3.101,69.982,73.279,394.322,26.288,467.601,715.929,34.217,38.04,0.094382,0.244043,0.843287
docvqa,448,64,94,iter094,docvqa_32900,32,1024,256,20,131.817,131.817,42.548,0.174,0.333,37.409,3.189,67.412,70.44,446.178,23.483,516.618,648.435,38.713,42.584,0.082358,0.212846,0.863651
docvqa,448,64,95,iter095,docvqa_57476,40,1024,256,23,134.682,134.682,40.995,0.128,0.339,36.024,3.081,65.64,68.53,585.335,26.606,653.866,788.548,35.175,37.585,0.062697,0.163085,0.895192
docvqa,448,64,96,iter096,docvqa_49279,30,1024,256,12,165.942,165.942,40.215,0.11,0.336,35.339,2.967,63.532,66.817,263.794,23.981,330.611,496.553,36.296,41.699,0.121639,0.313805,0.797899
docvqa,448,64,97,iter097,docvqa_49285,30,1024,256,12,157.523,157.523,39.434,0.211,0.333,34.183,3.182,74.489,77.584,314.963,28.633,392.546,550.069,30.57,34.925,0.100457,0.290216,0.802358
docvqa,448,64,98,iter098,docvqa_49292,35,1024,256,44,161.493,161.493,38.468,0.111,0.355,33.518,2.967,61.311,64.275,954.611,22.2,1018.886,1180.379,43.184,45.045,0.037755,0.09793,0.936916
docvqa,448,64,99,iter099,docvqa_16529,29,1024,256,15,115.383,115.383,39.245,0.257,0.354,33.751,3.277,75.386,78.626,355.603,25.4,434.229,549.612,34.544,39.37,0.090379,0.263988,0.818929
docvqa,448,64,100,iter100,docvqa_49297,34,1024,256,19,291.948,291.948,44.758,0.175,0.355,39.138,3.351,71.729,77.173,444.01,24.667,521.182,813.13,36.456,40.54,0.085878,0.223506,0.851928
docvqa,448,64,101,iter101,docvqa_16533,31,1024,256,16,151.364,151.364,38.144,0.126,0.337,33.43,2.811,61.384,64.684,351.573,23.438,416.257,567.621,38.438,42.665,0.091637,0.239104,0.844605
docvqa,448,64,102,iter102,docvqa_49304,31,1024,256,21,163.145,163.145,37.208,0.134,0.34,32.483,2.837,59.66,62.453,535.109,26.755,597.561,760.706,35.143,37.376,0.062267,0.162107,0.895488
docvqa,448,64,103,iter103,docvqa_16539,31,1024,256,23,126.277,126.277,38.329,0.126,0.321,33.689,2.829,61.791,65.102,496.525,22.569,561.627,687.904,40.952,44.308,0.068247,0.178267,0.884084
docvqa,448,64,104,iter104,docvqa_16553,31,1024,256,20,132.704,132.704,37.203,0.119,0.364,32.477,2.845,72.391,75.633,459.156,24.166,534.788,667.492,37.398,41.38,0.069567,0.204931,0.858574
docvqa,448,64,105,iter105,docvqa_49322,33,1024,256,24,149.455,149.455,41.024,0.145,0.356,35.867,3.034,65.511,68.534,570.632,24.81,639.166,788.62,37.549,40.306,0.064184,0.166678,0.892776
docvqa,448,64,106,iter106,docvqa_57515,37,1024,256,19,151.97,151.97,37.319,0.112,0.337,32.478,2.834,59.264,62.189,415.412,23.078,477.6,629.57,39.782,43.331,0.078139,0.202226,0.869789
docvqa,448,64,107,iter107,docvqa_49323,29,1024,256,39,163.084,163.084,44.507,0.258,0.343,38.93,3.482,79.406,82.463,883.035,23.238,965.498,1128.582,40.394,43.033,0.046098,0.128342,0.91459
docvqa,448,64,108,iter108,docvqa_57517,29,1024,256,11,133.25,133.25,36.865,0.088,0.356,32.237,2.767,58.981,61.791,266.019,26.602,327.81,461.061,33.556,37.591,0.112459,0.292383,0.811503
docvqa,448,64,109,iter109,docvqa_49324,32,1024,256,45,161.722,161.722,37.292,0.122,0.329,32.657,2.829,59.902,63.113,1058.633,24.06,1121.747,1283.469,40.116,41.563,0.033245,0.086645,0.943736
docvqa,448,64,110,iter110,docvqa_57519,30,1024,256,47,154.244,154.244,37.003,0.12,0.36,32.212,2.743,58.865,61.693,1026.461,22.314,1088.154,1242.397,43.192,44.814,0.034005,0.088102,0.943305
docvqa,448,64,111,iter111,docvqa_49325,30,1024,256,16,265.431,265.431,42.898,0.157,0.356,37.586,3.24,69.004,72.542,407.047,27.136,479.59,745.021,33.362,36.851,0.089447,0.233329,0.848741
docvqa,448,64,112,iter112,docvqa_57521,31,1024,256,52,142.234,142.234,41.615,0.156,0.34,36.473,3.116,66.468,69.632,1322.716,25.936,1392.348,1534.581,37.347,38.557,0.029889,0.077627,0.94999
docvqa,448,64,113,iter113,docvqa_49326,30,1024,256,17,161.891,161.891,37.301,0.102,0.342,32.62,2.806,60.064,63.298,364.274,22.767,427.572,589.463,39.759,43.923,0.087238,0.227715,0.851958
docvqa,448,64,114,iter114,docvqa_57523,33,1024,256,16,136.356,136.356,39.153,0.101,0.322,34.254,2.918,62.927,65.72,333.928,22.262,399.648,536.004,40.035,44.92,0.097969,0.255426,0.835555
docvqa,448,64,115,iter115,docvqa_57524,34,1024,256,62,130.194,130.194,36.333,0.105,0.386,31.744,2.674,58.378,61.316,1412.381,23.154,1473.696,1603.89,42.071,43.189,0.024654,0.064268,0.958393
docvqa,448,64,116,iter116,docvqa_57525,42,1024,256,25,146.229,146.229,52.461,0.266,0.321,45.986,4.152,480.482,483.566,539.466,22.478,1023.032,1169.261,24.437,44.488,0.05128,0.520944,0.527321
docvqa,448,64,117,iter117,docvqa_57526,29,1024,256,11,226.055,226.055,43.678,0.161,0.347,38.389,3.215,70.162,72.944,278.227,27.823,351.171,577.226,31.324,35.942,0.124378,0.324173,0.792285
docvqa,448,64,118,iter118,docvqa_57527,34,1024,256,17,144.465,144.465,41.357,0.145,0.342,36.38,3.08,66.265,69.23,447.932,27.996,517.162,661.627,32.872,35.72,0.07997,0.208101,0.866135
docvqa,448,64,119,iter119,docvqa_57528,35,1024,256,28,150.748,150.748,41.854,0.159,0.354,36.763,3.132,67.322,70.4,646.839,23.957,717.24,867.988,39.039,41.741,0.058354,0.152216,0.901846
docvqa,448,64,120,iter120,docvqa_57529,33,1024,256,64,165.263,165.263,41.28,0.141,0.37,36.23,3.085,66.78,69.922,1732.744,27.504,1802.666,1967.929,35.503,36.359,0.0229,0.059945,0.961212
docvqa,448,64,121,iter121,docvqa_57530,29,1024,256,11,151.334,151.334,43.838,0.176,0.352,38.367,3.279,69.186,72.439,235.679,23.568,308.117,459.451,35.701,42.431,0.142278,0.366822,0.764899
docvqa,448,64,122,iter122,docvqa_57531,33,1024,256,16,120.007,120.007,53.922,0.279,0.34,47.304,4.112,91.956,95.325,395.25,26.35,490.576,610.582,32.615,37.951,0.109916,0.297362,0.805687
docvqa,448,64,123,iter123,docvqa_57532,38,1024,256,25,143.609,143.609,42.522,0.175,0.334,37.227,3.342,526.216,528.88,642.772,26.782,1171.652,1315.262,21.337,37.338,0.036292,0.485416,0.548603
docvqa,448,64,124,iter124,docvqa_57533,39,1024,256,19,183.343,183.343,41.315,0.152,0.333,36.286,3.083,66.199,69.348,486.781,27.043,556.13,739.472,34.165,36.978,0.07429,0.193324,0.875302
docvqa,448,64,125,iter125,docvqa_16568,27,1024,256,11,135.225,135.225,41.41,0.136,0.351,36.389,3.075,66.255,69.512,261.531,26.153,331.042,466.268,33.228,38.236,0.12509,0.32523,0.790022
docvqa,448,64,126,iter126,docvqa_16574,37,1024,256,26,213.516,213.516,42.645,0.147,0.401,37.351,3.088,68.675,71.844,626.733,25.069,698.576,912.092,37.219,39.889,0.061046,0.159353,0.897157
docvqa,448,64,127,iter127,docvqa_57537,36,1024,256,20,188.918,188.918,41.537,0.154,0.337,36.425,3.149,66.083,69.28,450.83,23.728,520.11,709.028,38.453,42.144,0.079861,0.206917,0.866797
docvqa,448,64,128,iter128,docvqa_57539,36,1024,256,20,237.424,237.424,50.698,0.143,0.34,44.523,3.485,75.252,84.186,479.817,25.254,564.003,801.427,35.461,39.598,0.08989,0.223316,0.850734
docvqa,448,64,129,iter129,docvqa_57540,37,1024,256,24,145.949,145.949,41.113,0.129,0.316,36.204,3.082,65.927,68.896,606.486,26.369,675.382,821.33,35.535,37.923,0.060874,0.158489,0.897989
docvqa,448,64,130,iter130,docvqa_57543,31,1024,256,25,136.706,136.706,40.905,0.115,0.335,35.941,3.071,65.521,68.45,620.209,25.842,688.659,825.366,36.302,38.697,0.059398,0.154541,0.900604
docvqa,448,64,131,iter131,docvqa_57550,27,1024,256,9,543.177,543.177,41.374,0.13,0.343,36.298,3.12,66.268,69.62,186.179,23.272,255.799,798.976,35.184,42.97,0.161744,0.420808,0.727832
docvqa,448,64,132,iter132,docvqa_49361,31,1024,256,11,156.626,156.626,40.199,0.132,0.338,35.371,2.965,65.996,69.324,259.882,25.988,329.206,485.832,33.414,38.479,0.122108,0.322578,0.789419
docvqa,448,64,133,iter133,docvqa_49362,29,1024,256,14,171.736,171.736,40.363,0.126,0.346,35.399,3.014,64.638,67.565,343.318,26.409,410.883,582.618,34.073,37.866,0.098234,0.25555,0.835562
docvqa,448,64,134,iter134,docvqa_57557,36,1024,256,41,581.321,581.321,42.328,0.174,0.337,37.193,3.101,69.109,72.673,983.155,24.579,1055.828,1637.148,38.832,40.685,0.04009,0.105544,0.93117
docvqa,448,64,135,iter135,docvqa_49366,34,1024,256,15,162.927,162.927,41.275,0.142,0.344,36.184,3.115,65.673,68.901,354.162,25.297,423.063,585.989,35.456,39.53,0.097562,0.252795,0.837138
docvqa,448,64,136,iter136,docvqa_32984,33,1024,256,22,145.292,145.292,41.728,0.157,0.358,36.422,3.192,67.218,70.743,556.729,26.511,627.472,772.763,35.061,37.72,0.066502,0.173626,0.887257
docvqa,448,64,137,iter137,docvqa_49369,28,1024,256,12,200.522,200.522,41.487,0.172,0.354,36.294,3.129,66.329,69.753,254.144,23.104,323.897,524.418,37.049,43.283,0.128086,0.332869,0.784646
docvqa,448,64,138,iter138,docvqa_57562,29,1024,256,11,248.413,248.413,41.259,0.187,0.334,36.103,3.117,65.825,68.997,246.463,24.646,315.461,563.874,34.87,40.574,0.130791,0.339454,0.78128
docvqa,448,64,139,iter139,docvqa_32986,33,1024,256,22,167.715,167.715,42.206,0.172,0.338,37.089,3.113,67.516,69.931,551.922,26.282,621.853,789.568,35.378,38.049,0.067872,0.176444,0.887543
docvqa,448,64,140,iter140,docvqa_57564,26,1024,256,64,148.206,148.206,53.365,0.309,0.353,46.654,4.225,92.84,95.844,1615.289,25.64,1711.133,1859.338,37.402,39.002,0.031187,0.085443,0.943988
docvqa,448,64,141,iter141,docvqa_49373,36,1024,256,16,181.229,181.229,41.37,0.152,0.353,36.192,3.136,64.649,67.96,320.268,21.351,388.227,569.456,41.213,46.836,0.106562,0.273085,0.824949
docvqa,448,64,142,iter142,docvqa_16606,29,1024,256,10,199.424,199.424,49.533,0.262,0.327,43.545,3.648,86.626,90.008,243.282,27.031,333.29,532.713,30.004,36.994,0.148619,0.40853,0.729942
docvqa,448,64,143,iter143,docvqa_223,29,1024,256,13,214.231,214.231,40.284,0.134,0.354,35.472,2.92,63.391,66.42,291.987,24.332,358.407,572.638,36.272,41.098,0.112397,0.289267,0.81468
docvqa,448,64,144,iter144,docvqa_224,30,1024,256,16,222.16,222.16,37.985,0.091,0.349,33.304,2.882,60.662,63.531,350.652,23.377,414.183,636.343,38.63,42.777,0.091712,0.238173,0.846611
docvqa,448,64,145,iter145,docvqa_16609,32,1024,256,18,202.376,202.376,37.445,0.089,0.328,32.704,2.815,59.68,62.591,480.278,28.252,542.869,745.245,33.157,35.396,0.068977,0.178911,0.884703
docvqa,448,64,146,iter146,docvqa_57566,34,1024,256,17,171.141,171.141,39.044,0.093,0.328,34.244,2.915,61.953,64.784,370.348,23.147,435.132,606.273,39.069,43.203,0.089729,0.232105,0.851116
docvqa,448,64,147,iter147,docvqa_16611,28,1024,256,20,118.6,118.6,37.655,0.089,0.328,32.977,2.749,60.142,63.021,438.982,23.104,502.003,620.602,39.84,43.282,0.07501,0.194814,0.87446
docvqa,448,64,148,iter148,docvqa_49376,35,1024,256,12,146.943,146.943,38.201,0.09,0.33,33.373,2.978,67.896,70.962,303.234,27.567,374.196,521.14,32.069,36.276,0.102089,0.283533,0.810362
docvqa,448,64,149,iter149,docvqa_49381,34,1024,256,36,155.766,155.766,41.81,0.145,0.339,36.724,3.124,66.994,70.351,866.953,24.77,937.305,1093.07,38.408,40.371,0.044606,0.116081,0.924943
docvqa,448,64,150,iter150,docvqa_32989,33,1024,256,22,166.448,166.448,40.246,0.144,0.343,35.256,3.02,64.139,67.293,541.82,25.801,609.113,775.561,36.118,38.758,0.066073,0.171371,0.889524
docvqa,448,64,151,iter151,docvqa_231,33,1024,256,34,125.074,125.074,52.369,0.252,0.337,46.094,3.948,88.491,91.634,780.863,23.663,872.497,997.571,38.969,42.261,0.060022,0.161445,0.894975
docvqa,448,64,152,iter152,docvqa_232,27,1024,256,17,129.777,129.777,39.359,0.162,0.362,34.478,2.932,62.738,65.755,384.706,24.044,450.461,580.238,37.739,41.59,0.087375,0.22665,0.854028
docvqa,448,64,153,iter153,docvqa_32994,35,1024,256,22,194.167,194.167,38.661,0.131,0.318,33.849,2.907,70.547,73.521,511.766,24.37,585.287,779.454,37.588,41.034,0.066055,0.18659,0.874384
docvqa,448,64,154,iter154,docvqa_234,32,1024,256,64,140.356,140.356,39.4,0.121,0.334,34.528,2.931,62.754,65.652,1520.811,24.14,1586.463,1726.819,40.341,41.425,0.024835,0.064391,0.958618
docvqa,448,64,155,iter155,docvqa_4931,32,1024,256,21,128.399,128.399,40.866,0.168,0.358,35.879,3.043,64.901,67.978,521.059,26.053,589.037,717.437,35.651,38.383,0.069378,0.179559,0.884595
docvqa,448,64,156,iter156,docvqa_32995,33,1024,256,22,208.651,208.651,40.376,0.124,0.347,35.489,3.034,64.664,67.69,506.149,24.102,573.839,782.49,38.338,41.49,0.070362,0.183048,0.88204
docvqa,448,64,157,iter157,docvqa_237,36,1024,256,18,202.551,202.551,39.543,0.153,0.355,34.552,3.025,63.432,69.432,405.788,23.87,475.22,677.771,37.877,41.894,0.08321,0.216689,0.853894
docvqa,448,64,158,iter158,docvqa_49390,27,1024,256,8,154.219,154.219,39.947,0.125,0.353,34.858,2.955,63.972,66.917,180.214,25.745,247.131,401.351,32.371,38.843,0.161645,0.420503,0.729224
docvqa,448,64,159,iter159,docvqa_49391,30,1024,256,23,238.337,238.337,39.887,0.153,0.326,35.048,2.962,64.383,67.254,497.216,22.601,564.469,802.807,40.746,44.246,0.070662,0.184721,0.880855
docvqa,448,64,160,iter160,docvqa_49392,29,1024,256,26,341.077,341.077,46.832,0.108,0.37,41.497,2.979,71.31,86.454,605.537,24.221,691.991,1033.068,37.573,41.286,0.067677,0.170727,0.875065
docvqa,448,64,161,iter161,docvqa_49393,25,1024,256,17,114.309,114.309,47.928,0.242,0.351,41.807,3.767,82.408,85.558,350.487,21.905,436.045,550.354,38.987,45.651,0.109916,0.298906,0.803787
docvqa,448,64,162,iter162,docvqa_49394,30,1024,256,16,119.681,119.681,37.914,0.116,0.332,33.204,2.812,60.428,63.183,353.384,23.559,416.567,536.249,38.409,42.447,0.091015,0.236076,0.848324
docvqa,448,64,163,iter163,docvqa_49395,27,1024,256,38,99.758,99.758,57.254,0.214,0.353,50.388,4.085,90.507,93.48,809.939,21.89,903.419,1003.177,42.062,45.682,0.063375,0.163558,0.896526
docvqa,448,64,164,iter164,docvqa_49396,29,1024,256,20,102.402,102.402,57.412,0.251,0.322,50.655,4.149,94.035,96.944,491.404,25.863,588.348,690.75,33.993,38.665,0.097582,0.25741,0.835226
docvqa,448,64,165,iter165,docvqa_49397,28,1024,256,16,123.662,123.662,39.965,0.18,0.344,35.062,2.99,66.131,69.157,381.684,25.446,450.841,574.503,35.489,39.3,0.088646,0.23533,0.846604
docvqa,448,64,166,iter166,docvqa_49398,29,1024,256,13,101.44,101.44,38.208,0.087,0.327,33.495,2.884,61.201,64.016,260.244,21.687,324.261,425.701,40.091,46.111,0.11783,0.30657,0.802577
docvqa,448,64,167,iter167,docvqa_49399,30,1024,256,11,182.604,182.604,53.319,0.096,0.331,46.826,3.822,76.199,79.071,250.221,25.022,329.292,511.896,33.405,39.965,0.161919,0.39332,0.759876
docvqa,448,64,168,iter168,docvqa_49400,44,1024,256,26,104.819,104.819,37.379,0.13,0.361,32.716,2.763,59.93,62.754,598.881,23.955,661.635,766.454,39.297,41.745,0.056495,0.147074,0.905153
docvqa,448,64,169,iter169,docvqa_49401,32,1024,256,17,113.486,113.486,37.902,0.128,0.344,33.2,2.813,60.384,63.338,370.747,23.172,434.086,547.572,39.163,43.156,0.087314,0.22642,0.854088
docvqa,448,64,170,iter170,docvqa_49402,27,1024,256,31,235.752,235.752,42.387,0.143,0.37,37.0,3.103,69.005,72.145,817.087,27.236,889.232,1124.983,34.862,36.716,0.047667,0.125268,0.918868
docvqa,448,64,171,iter171,docvqa_49403,30,1024,256,10,107.219,107.219,40.482,0.125,0.327,35.516,3.048,64.727,67.682,209.044,23.227,276.727,383.945,36.137,43.053,0.146289,0.380193,0.755418
docvqa,448,64,172,iter172,docvqa_49404,34,1024,256,25,138.837,138.837,39.941,0.124,0.325,35.028,2.969,64.151,67.009,604.736,25.197,671.745,810.582,37.216,39.687,0.059459,0.154958,0.900247
docvqa,448,64,173,iter173,docvqa_254,27,1024,256,18,117.739,117.739,47.892,0.269,0.35,41.708,3.812,104.404,107.685,490.109,28.83,597.794,715.533,30.111,34.686,0.080115,0.254764,0.819862
docvqa,448,64,174,iter174,docvqa_255,31,1024,256,22,125.37,125.37,40.845,0.156,0.352,35.788,3.038,65.441,68.558,550.064,26.194,618.622,743.992,35.563,38.177,0.066026,0.171811,0.889176
docvqa,448,64,175,iter175,docvqa_256,37,1024,256,19,118.789,118.789,41.944,0.159,0.341,36.759,3.048,66.701,69.771,482.735,26.819,552.506,671.294,34.389,37.288,0.075917,0.196641,0.873719
docvqa,448,64,176,iter176,docvqa_49406,31,1024,256,13,192.564,192.564,40.702,0.186,0.346,35.553,3.063,65.424,68.378,273.472,22.789,341.851,534.414,38.028,43.88,0.119065,0.310448,0.799976
docvqa,448,64,177,iter177,docvqa_265,28,1024,256,16,135.807,135.807,38.289,0.122,0.358,33.583,2.821,61.545,64.588,353.5,23.567,418.087,553.894,38.27,42.433,0.091581,0.238788,0.845516
docvqa,448,64,178,iter178,docvqa_266,30,1024,256,17,111.771,111.771,37.082,0.112,0.331,32.493,2.749,59.49,62.256,362.269,22.642,424.525,536.296,40.045,44.166,0.08735,0.227484,0.853352
docvqa,448,64,179,iter179,docvqa_267,30,1024,256,17,117.202,117.202,37.131,0.091,0.341,32.522,2.768,68.36,71.656,394.754,24.672,466.41,583.612,36.449,40.532,0.07961,0.226176,0.846366
docvqa,448,64,180,iter180,docvqa_271,29,1024,256,17,150.386,150.386,37.094,0.12,0.345,32.484,2.736,59.437,62.23,330.381,20.649,392.611,542.998,43.3,48.429,0.094481,0.245871,0.841497
docvqa,448,64,181,iter181,docvqa_49432,30,1024,256,38,149.85,149.85,44.388,0.16,0.327,39.002,3.257,76.596,79.415,873.472,23.607,952.887,1102.736,39.879,42.36,0.046583,0.126966,0.916659
docvqa,448,64,182,iter182,docvqa_283,39,1024,256,22,170.143,170.143,41.562,0.152,0.347,36.487,3.102,67.35,70.662,506.286,24.109,576.948,747.091,38.132,41.479,0.072037,0.188773,0.877524
docvqa,448,64,183,iter183,docvqa_284,34,1024,256,24,128.93,128.93,41.72,0.137,0.317,36.757,3.032,67.188,69.698,591.482,25.717,661.18,790.11,36.299,38.885,0.063099,0.164717,0.894586
docvqa,448,64,184,iter184,docvqa_285,32,1024,256,52,132.587,132.587,37.83,0.112,0.335,33.143,2.845,60.591,63.903,1228.984,24.098,1292.887,1425.474,40.22,41.498,0.02926,0.076125,0.950573
docvqa,448,64,185,iter185,docvqa_49437,32,1024,256,11,260.153,260.153,43.344,0.147,0.346,37.888,2.994,67.663,70.866,228.296,22.83,299.162,559.316,36.769,43.803,0.144883,0.371058,0.763117
docvqa,448,64,186,iter186,docvqa_49442,31,1024,256,15,136.976,136.976,39.889,0.113,0.315,34.862,2.955,63.967,66.851,351.061,25.076,417.913,554.889,35.893,39.879,0.095449,0.248511,0.840035
docvqa,448,64,187,iter187,docvqa_292,32,1024,256,29,121.482,121.482,44.116,0.271,0.329,38.53,3.395,80.685,83.487,732.736,26.169,816.222,937.704,35.53,38.213,0.054049,0.152901,0.897716
docvqa,448,64,188,iter188,docvqa_296,34,1024,256,24,107.137,107.137,43.16,0.142,0.354,37.942,3.261,69.332,72.528,574.475,24.977,647.004,754.14,37.094,40.037,0.066708,0.173867,0.887901
docvqa,448,64,189,iter189,docvqa_297,33,1024,256,17,129.939,129.939,41.655,0.144,0.365,36.461,3.051,72.88,76.216,397.789,24.862,474.005,603.944,35.865,40.222,0.087878,0.241632,0.839209
docvqa,448,64,190,iter190,docvqa_298,29,1024,256,54,248.378,248.378,58.615,0.162,0.342,51.447,3.989,83.356,86.537,1259.103,23.757,1345.64,1594.018,40.13,42.093,0.043559,0.105504,0.935691
docvqa,448,64,191,iter191,docvqa_49449,28,1024,256,16,100.102,100.102,40.011,0.129,0.346,34.875,3.015,63.723,66.773,370.555,24.704,437.328,537.43,36.586,40.48,0.091491,0.2372,0.847316
docvqa,448,64,192,iter192,docvqa_300,37,1024,256,20,203.774,203.774,39.769,0.12,0.333,34.824,2.995,63.835,66.74,459.143,24.165,525.883,729.658,38.031,41.381,0.075623,0.197008,0.87309
docvqa,448,64,193,iter193,docvqa_49454,33,1024,256,20,245.908,245.908,81.299,0.116,6.374,69.213,3.669,103.5,106.651,385.954,20.313,492.604,738.512,40.601,49.229,0.16504,0.375147,0.783497
docvqa,448,64,194,iter194,docvqa_303,37,1024,256,17,195.186,195.186,56.502,0.134,0.332,49.987,3.882,79.634,82.577,380.209,23.763,462.786,657.972,36.734,42.082,0.122092,0.294167,0.821565
docvqa,448,64,195,iter195,docvqa_304,35,1024,256,34,124.298,124.298,37.4,0.117,0.318,32.672,2.79,59.884,62.71,767.143,23.247,829.853,954.152,40.971,43.017,0.045068,0.117231,0.924432
docvqa,448,64,196,iter196,docvqa_305,30,1024,256,19,110.533,110.533,38.134,0.115,0.327,33.307,2.845,60.716,63.551,488.781,27.155,552.332,662.865,34.4,36.826,0.069042,0.178968,0.884941
docvqa,448,64,197,iter197,docvqa_49455,28,1024,256,47,95.98,95.98,37.778,0.122,0.339,32.989,2.815,60.543,63.379,1084.125,23.568,1147.504,1243.484,40.958,42.431,0.032922,0.085683,0.944768
docvqa,448,64,198,iter198,docvqa_307,36,1024,256,16,119.266,119.266,37.817,0.107,0.336,33.081,2.819,64.557,67.549,385.219,25.681,452.768,572.034,35.338,38.939,0.083524,0.226107,0.850808
docvqa,448,64,199,iter199,docvqa_49461,40,1024,256,20,97.031,97.031,37.774,0.126,0.324,33.044,2.83,60.27,63.069,443.663,23.351,506.733,603.763,39.469,42.825,0.074544,0.193483,0.875537
docvqa,448,64,200,iter200,docvqa_49465,34,1024,256,21,108.074,108.074,37.793,0.118,0.335,33.097,2.81,60.256,63.097,502.263,25.113,565.36,673.434,37.144,39.82,0.066848,0.173427,0.888395
docvqa,448,64,201,iter201,docvqa_317,29,1024,256,14,110.409,110.409,37.823,0.126,0.333,33.055,2.822,60.582,63.426,307.674,23.667,371.1,481.509,37.726,42.253,0.101921,0.265172,0.829086
docvqa,448,64,202,iter202,docvqa_319,33,1024,256,30,116.721,116.721,37.703,0.089,0.335,32.944,2.806,60.119,62.921,654.056,22.554,716.977,833.698,41.842,44.339,0.052586,0.136436,0.912242
docvqa,448,64,203,iter203,docvqa_320,30,1024,256,64,147.357,147.357,56.181,0.221,0.32,47.617,3.967,91.208,96.987,1486.74,23.599,1583.727,1731.085,40.411,42.375,0.035474,0.093064,0.93876
docvqa,448,64,204,iter204,docvqa_321,28,1024,256,64,110.962,110.962,36.905,0.103,0.346,32.215,2.801,58.898,61.77,1485.137,23.574,1546.907,1657.869,41.373,42.42,0.023857,0.061932,0.960069
docvqa,448,64,205,iter205,docvqa_345,29,1024,256,13,130.459,130.459,37.835,0.13,0.317,33.238,2.826,60.489,62.663,258.272,21.523,320.934,451.393,40.507,46.463,0.117889,0.306368,0.80475
docvqa,448,64,206,iter206,docvqa_346,26,1024,256,64,209.932,209.932,36.875,0.113,0.327,32.154,2.758,58.776,61.602,1400.337,22.228,1461.938,1671.871,43.777,44.989,0.025223,0.065428,0.957863
docvqa,448,64,207,iter207,docvqa_347,38,1024,256,23,233.294,233.294,84.699,0.11,0.328,72.929,3.541,107.303,115.253,492.305,22.377,607.557,840.851,37.857,44.688,0.139409,0.316023,0.810302
docvqa,448,64,208,iter208,docvqa_348,36,1024,256,21,123.611,123.611,37.366,0.1,0.329,32.734,2.785,59.605,62.53,418.601,20.93,481.131,604.742,43.647,47.778,0.077663,0.201548,0.870035
docvqa,448,64,209,iter209,docvqa_6943,26,1024,256,16,130.447,130.447,61.625,0.203,0.33,49.016,4.044,95.978,98.915,353.407,23.56,452.322,582.769,35.373,42.444,0.136241,0.348431,0.781317
docvqa,448,64,210,iter210,docvqa_357,29,1024,256,13,232.853,232.853,37.44,0.087,0.309,32.927,2.827,59.722,64.51,282.637,23.553,347.146,580.0,37.448,42.457,0.107851,0.279888,0.814172
docvqa,448,64,211,iter211,docvqa_358,34,1024,256,38,113.674,113.674,36.884,0.09,0.313,32.39,2.809,59.023,61.325,897.345,24.253,958.671,1072.345,39.638,41.233,0.038474,0.100042,0.936031
docvqa,448,64,212,iter212,docvqa_359,36,1024,256,17,117.898,117.898,37.363,0.094,0.337,32.682,2.771,59.364,62.218,330.571,20.661,392.788,510.686,43.28,48.401,0.095122,0.246256,0.8416
docvqa,448,64,213,iter213,docvqa_360,38,1024,256,21,111.965,111.965,37.604,0.105,0.326,32.649,3.016,60.557,63.291,475.638,23.782,538.929,650.894,38.966,42.049,0.069775,0.182141,0.882561
docvqa,448,64,214,iter214,docvqa_361,37,1024,256,38,139.909,139.909,37.418,0.089,0.333,32.742,2.736,59.381,62.161,893.005,24.135,955.166,1095.075,39.784,41.433,0.039174,0.101343,0.934921
docvqa,448,64,215,iter215,docvqa_362,37,1024,256,23,126.855,126.855,38.369,0.091,0.331,33.475,2.956,60.892,63.692,517.684,23.531,581.376,708.23,39.561,42.497,0.065997,0.170735,0.890446
docvqa,448,64,216,iter216,docvqa_363,37,1024,256,21,123.141,123.141,38.759,0.113,0.325,33.968,2.885,62.737,65.612,456.368,22.818,521.98,645.121,40.231,43.824,0.074253,0.194443,0.874302
docvqa,448,64,217,iter217,docvqa_364,31,1024,256,30,170.053,170.053,69.529,0.1,0.327,63.318,3.887,92.174,103.985,738.493,25.465,842.479,1012.532,35.609,39.269,0.082529,0.191938,0.876572
docvqa,448,64,218,iter218,docvqa_365,29,1024,256,64,133.113,133.113,37.774,0.111,0.324,33.057,2.821,60.125,63.003,1397.838,22.188,1460.841,1593.954,43.81,45.07,0.025858,0.067015,0.956872
docvqa,448,64,219,iter219,docvqa_8560,29,1024,256,18,279.485,279.485,50.07,0.089,9.4,35.973,2.769,72.124,82.263,379.053,22.297,461.316,740.802,39.019,44.849,0.108537,0.264881,0.821677
docvqa,448,64,220,iter220,docvqa_4958,27,1024,256,17,214.915,214.915,60.405,0.195,0.367,51.761,3.25,84.88,92.728,360.467,22.529,453.195,668.11,37.511,44.387,0.133286,0.320579,0.795391
docvqa,448,64,221,iter221,docvqa_8565,28,1024,256,19,122.076,122.076,39.942,0.134,0.357,35.058,3.001,69.379,72.521,492.335,27.352,564.856,686.932,33.637,36.56,0.070712,0.193539,0.871611
docvqa,448,64,222,iter222,docvqa_4959,26,1024,256,10,132.76,132.76,40.782,0.132,0.341,35.804,3.046,65.168,68.233,232.963,25.885,301.196,433.956,33.201,38.633,0.1354,0.351764,0.773459
docvqa,448,64,223,iter223,docvqa_375,38,1024,256,21,146.858,146.858,41.424,0.181,0.341,36.399,3.044,66.46,69.528,464.594,23.23,534.122,680.98,39.317,43.048,0.077556,0.201984,0.869827
docvqa,448,64,224,iter224,docvqa_376,37,1024,256,25,284.674,284.674,71.392,0.12,0.371,64.821,3.754,96.554,99.704,522.485,21.77,622.189,906.863,40.181,45.934,0.114743,0.269927,0.839752
docvqa,448,64,225,iter225,docvqa_377,27,1024,256,27,119.162,119.162,35.892,0.084,0.332,31.35,2.655,57.333,60.044,639.452,24.594,699.496,818.658,38.599,40.66,0.051312,0.133274,0.914161
docvqa,448,64,226,iter226,docvqa_49528,27,1024,256,9,171.187,171.187,36.625,0.091,0.339,32.015,2.726,58.327,61.119,195.694,24.462,256.813,428.0,35.045,40.88,0.142614,0.369732,0.762009
docvqa,448,64,227,iter227,docvqa_49530,27,1024,256,9,166.973,166.973,38.491,0.138,0.319,33.665,2.879,63.241,66.038,169.647,21.206,235.685,402.658,38.187,47.157,0.163317,0.431645,0.719803
docvqa,448,64,228,iter228,docvqa_49532,31,1024,256,18,164.389,164.389,36.815,0.119,0.317,32.158,2.741,69.958,72.854,407.946,23.997,480.8,645.189,37.438,41.672,0.076569,0.222072,0.848473
docvqa,448,64,229,iter229,docvqa_24499,31,1024,256,21,130.722,130.722,40.996,0.138,0.333,35.988,3.056,65.803,69.1,518.629,25.931,587.729,718.451,35.731,38.563,0.069753,0.181715,0.882429
docvqa,448,64,230,iter230,docvqa_49534,31,1024,256,21,156.325,156.325,40.322,0.111,0.33,35.429,2.952,64.293,67.205,512.81,25.641,580.015,736.34,36.206,39.001,0.069519,0.180366,0.884132
docvqa,448,64,231,iter231,docvqa_383,35,1024,256,30,138.775,138.775,40.092,0.107,0.323,35.185,2.988,64.12,67.021,693.16,23.902,760.181,898.956,39.464,41.837,0.052739,0.137088,0.911835
docvqa,448,64,232,iter232,docvqa_384,26,1024,256,64,153.193,153.193,61.684,0.219,0.329,51.672,4.17,88.228,100.283,1531.278,24.306,1631.56,1784.754,39.226,41.142,0.037807,0.091882,0.938536
docvqa,448,64,233,iter233,docvqa_385,33,1024,256,41,122.395,122.395,39.443,0.103,0.335,34.53,2.946,63.06,65.938,993.36,24.834,1059.298,1181.693,38.705,40.267,0.037235,0.096765,0.937753
docvqa,448,64,234,iter234,docvqa_49536,35,1024,256,58,157.572,157.572,56.66,0.416,0.331,49.662,4.333,90.673,93.675,1430.398,25.095,1524.073,1681.646,38.056,39.849,0.037177,0.096671,0.938536
docvqa,448,64,235,iter235,docvqa_24500,29,1024,256,50,114.64,114.64,40.574,0.128,0.369,35.49,3.026,64.942,68.06,1211.921,24.733,1279.981,1394.621,39.063,40.432,0.031699,0.082435,0.946828
docvqa,448,64,236,iter236,docvqa_33153,30,1024,256,25,194.313,194.313,40.521,0.148,0.363,35.503,3.036,64.855,67.945,546.155,22.756,614.1,808.413,40.71,43.944,0.065984,0.171594,0.889359
docvqa,448,64,237,iter237,docvqa_57733,40,1024,256,29,235.412,235.412,37.586,0.106,0.359,32.88,2.721,189.987,196.565,634.387,22.657,830.951,1066.363,34.9,44.137,0.045232,0.27387,0.763446
docvqa,448,64,238,iter238,docvqa_49542,27,1024,256,11,155.637,155.637,41.285,0.178,0.344,36.2,3.045,66.536,70.169,281.127,28.113,351.297,506.934,31.313,35.571,0.117523,0.306924,0.800256
docvqa,448,64,239,iter239,docvqa_33158,27,1024,256,15,154.856,154.856,44.42,0.275,0.372,38.55,3.551,82.093,85.538,334.901,23.921,420.439,575.295,35.677,41.803,0.105651,0.300906,0.79655
docvqa,448,64,240,iter240,docvqa_49544,33,1024,256,21,159.431,159.431,39.736,0.128,0.315,34.8,2.94,63.397,66.311,501.592,25.08,567.903,727.333,36.978,39.873,0.06997,0.181603,0.883235
docvqa,448,64,241,iter241,docvqa_58694,35,1024,256,19,141.371,141.371,40.877,0.152,0.306,36.024,3.05,65.866,68.879,488.252,27.125,557.131,698.502,34.103,36.866,0.073371,0.191595,0.876369
docvqa,448,64,242,iter242,docvqa_49546,35,1024,256,53,275.505,275.505,59.152,0.154,0.35,50.196,3.254,84.14,90.585,1316.514,25.318,1407.099,1682.604,37.666,39.498,0.042038,0.101835,0.935623
docvqa,448,64,243,iter243,docvqa_395,30,1024,256,12,119.962,119.962,56.41,0.265,0.387,49.547,4.256,95.688,98.931,290.115,26.374,389.047,509.009,30.845,37.916,0.144995,0.390949,0.745708
docvqa,448,64,244,iter244,docvqa_396,28,1024,256,11,130.564,130.564,40.981,0.149,0.337,35.946,3.083,65.601,68.599,271.818,27.182,340.418,470.981,32.313,36.789,0.120385,0.313091,0.798485
docvqa,448,64,245,iter245,docvqa_397,30,1024,256,20,228.072,228.072,41.921,0.148,0.337,36.794,3.103,67.229,70.325,491.303,25.858,561.627,789.699,35.611,38.673,0.074642,0.194345,0.874784
docvqa,448,64,246,iter246,docvqa_49550,35,1024,256,39,277.493,277.493,40.942,0.125,0.39,35.508,2.985,66.389,71.7,874.648,23.017,946.347,1223.84,41.211,43.446,0.043263,0.113416,0.924235
docvqa,448,64,247,iter247,docvqa_58695,36,1024,256,25,113.092,113.092,37.477,0.107,0.35,32.866,2.786,60.445,63.35,576.289,24.012,639.64,752.732,39.085,41.646,0.05859,0.153089,0.900959
docvqa,448,64,248,iter248,docvqa_398,30,1024,256,15,120.891,120.891,36.793,0.092,0.35,32.177,2.752,58.824,61.678,288.472,20.605,350.15,471.041,42.839,48.532,0.105079,0.273076,0.823852
docvqa,448,64,249,iter249,docvqa_49555,41,1024,256,61,138.866,138.866,36.627,0.113,0.323,31.981,2.778,69.677,72.523,3025.233,50.421,3097.757,3236.623,19.692,19.833,0.011824,0.034316,0.976588
docvqa,448,64,250,iter250,docvqa_16789,36,1024,256,25,115.741,115.741,40.152,0.16,0.333,35.215,3.032,66.515,69.971,573.945,23.914,643.916,759.657,38.825,41.816,0.062356,0.165654,0.891335
docvqa,448,64,251,iter251,docvqa_407,29,1024,256,14,138.879,138.879,41.444,0.14,0.347,36.276,3.139,67.079,71.013,369.338,28.411,440.352,579.231,31.793,35.198,0.094116,0.246445,0.838735
docvqa,448,64,252,iter252,docvqa_49560,35,1024,256,22,262.992,262.992,41.024,0.144,0.318,35.987,3.092,65.848,71.744,481.484,22.928,553.228,816.22,39.767,43.615,0.074153,0.193178,0.870317
docvqa,448,64,253,iter253,docvqa_408,30,1024,256,15,112.95,112.95,40.574,0.136,0.359,35.531,2.996,65.344,68.483,356.62,25.473,425.103,538.053,35.286,39.258,0.095445,0.249158,0.838902
docvqa,448,64,254,iter254,docvqa_409,29,1024,256,64,126.12,126.12,49.665,0.268,0.313,43.674,3.709,87.243,89.531,1684.311,26.735,1773.842,1899.962,36.08,37.404,0.027998,0.077182,0.949527
docvqa,448,64,255,iter255,docvqa_24505,30,1024,256,17,135.808,135.808,43.775,0.199,0.362,38.226,3.251,69.644,73.005,459.8,28.738,532.805,668.613,31.907,34.798,0.082159,0.212871,0.86298
docvqa,448,64,256,iter256,docvqa_410,36,1024,256,27,120.229,120.229,42.619,0.169,0.356,37.348,3.174,68.242,71.422,656.842,25.263,728.264,848.492,37.074,39.583,0.058521,0.152226,0.901928
docvqa,448,64,257,iter257,docvqa_49565,28,1024,256,47,188.678,188.678,42.668,0.167,0.365,37.339,3.217,68.634,71.536,1205.773,26.212,1277.309,1465.986,36.796,38.15,0.033404,0.087138,0.943995
docvqa,448,64,258,iter258,docvqa_16801,29,1024,256,10,115.891,115.891,43.91,0.184,0.343,38.493,3.308,70.158,73.292,219.994,24.444,293.286,409.177,34.096,40.91,0.149716,0.38893,0.750099
docvqa,448,64,259,iter259,docvqa_49569,28,1024,256,14,149.274,149.274,42.4,0.143,0.337,37.336,3.107,67.965,71.043,345.444,26.573,416.487,565.761,33.614,37.633,0.101804,0.26499,0.829423
docvqa,448,64,260,iter260,docvqa_57765,34,1024,256,20,206.28,206.28,41.768,0.149,0.327,36.854,3.065,67.05,69.262,557.588,29.347,626.85,833.13,31.906,34.075,0.066632,0.173595,0.889508
docvqa,448,64,261,iter261,docvqa_57766,34,1024,256,23,126.81,126.81,41.539,0.125,0.334,36.583,3.09,66.57,69.587,596.456,27.112,666.043,792.853,34.532,36.885,0.062367,0.162315,0.895521
docvqa,448,64,262,iter262,docvqa_57767,32,1024,256,19,138.96,138.96,41.913,0.137,0.33,36.862,3.136,67.254,70.552,466.29,25.905,536.842,675.802,35.392,38.603,0.078074,0.203351,0.868579
docvqa,448,64,263,iter263,docvqa_58700,26,1024,256,16,173.222,173.222,41.671,0.138,0.353,36.57,3.077,66.985,69.938,383.792,25.586,453.73,626.952,35.263,39.084,0.091842,0.239473,0.845861
docvqa,448,64,264,iter264,docvqa_49574,31,1024,256,20,189.039,189.039,41.609,0.143,0.326,36.555,3.062,66.836,69.732,484.243,25.486,553.975,743.014,36.103,39.236,0.075111,0.195758,0.874124
docvqa,448,64,265,iter265,docvqa_57770,34,1024,256,18,133.285,133.285,40.12,0.107,0.352,35.259,3.021,73.969,76.92,411.63,24.214,488.55,621.836,36.844,41.299,0.082121,0.233525,0.842555
docvqa,448,64,266,iter266,docvqa_57771,34,1024,256,19,131.41,131.41,40.262,0.114,0.324,35.42,2.941,64.39,67.191,420.085,23.338,487.276,618.685,38.992,42.849,0.082627,0.214771,0.862109
docvqa,448,64,267,iter267,docvqa_49579,33,1024,256,15,270.097,270.097,37.821,0.1,0.348,32.959,2.808,60.838,64.078,327.215,23.373,391.293,661.389,38.334,42.785,0.096657,0.252137,0.836241
docvqa,448,64,268,iter268,docvqa_49577,29,1024,256,12,145.881,145.881,36.735,0.097,0.326,32.111,2.789,58.975,61.784,229.506,20.864,291.29,437.172,41.196,47.929,0.12611,0.328573,0.787895
docvqa,448,64,269,iter269,docvqa_49583,31,1024,256,20,154.999,154.999,36.666,0.085,0.317,32.052,2.73,58.808,61.567,420.999,22.158,482.567,637.566,41.445,45.131,0.075982,0.197846,0.872417
docvqa,448,64,270,iter270,docvqa_431,40,1024,256,28,120.42,120.42,36.828,0.1,0.331,32.16,2.735,58.716,61.468,635.925,23.553,697.393,817.813,40.15,42.458,0.052809,0.137002,0.911861
docvqa,448,64,271,iter271,docvqa_58702,38,1024,256,19,120.575,120.575,36.618,0.118,0.352,32.028,2.739,58.481,61.562,367.181,20.399,428.743,549.318,44.316,49.022,0.085407,0.221809,0.856413
docvqa,448,64,272,iter272,docvqa_49586,28,1024,256,64,142.794,142.794,45.942,0.225,0.346,40.286,3.42,80.143,83.047,1406.442,22.324,1489.488,1632.282,42.968,44.794,0.030844,0.084649,0.944245
docvqa,448,64,273,iter273,docvqa_432,36,1024,256,20,109.706,109.706,36.781,0.103,0.368,32.115,2.795,58.798,61.819,424.157,22.324,485.976,595.682,41.154,44.795,0.075685,0.196674,0.872795
docvqa,448,64,274,iter274,docvqa_57780,34,1024,256,22,130.59,130.59,37.027,0.116,0.334,32.202,2.731,58.802,61.633,439.953,20.95,501.585,632.176,43.861,47.732,0.073821,0.191052,0.877124
docvqa,448,64,275,iter275,docvqa_57781,34,1024,256,15,258.641,258.641,51.732,0.326,0.351,44.921,4.095,89.156,92.768,331.947,23.711,424.715,683.356,35.318,42.175,0.121804,0.331723,0.781576
docvqa,448,64,276,iter276,docvqa_57782,35,1024,256,22,130.559,130.559,40.275,0.129,0.342,35.399,2.993,68.556,71.579,518.198,24.676,589.778,720.337,37.302,40.525,0.068289,0.184529,0.878633
docvqa,448,64,277,iter277,docvqa_57783,31,1024,256,21,125.399,125.399,41.267,0.123,0.337,36.317,3.114,66.232,69.191,527.576,26.379,596.767,722.166,35.19,37.909,0.069151,0.180135,0.884056
docvqa,448,64,278,iter278,docvqa_57784,31,1024,256,46,237.137,237.137,41.71,0.136,0.348,36.732,3.11,67.004,70.119,1156.858,25.708,1226.976,1464.113,37.491,38.898,0.033994,0.088604,0.942853
docvqa,448,64,279,iter279,docvqa_433,36,1024,256,21,200.006,200.006,40.609,0.138,0.341,35.631,3.052,65.206,68.166,500.406,25.02,568.572,768.578,36.935,39.968,0.071423,0.186106,0.880111
docvqa,448,64,280,iter280,docvqa_16826,32,1024,256,17,139.021,139.021,41.178,0.153,0.369,35.926,3.095,66.86,70.353,437.703,27.356,508.056,647.077,33.461,36.554,0.08105,0.212649,0.861525
docvqa,448,64,281,iter281,docvqa_57786,34,1024,256,25,125.056,125.056,40.63,0.148,0.351,35.497,3.041,65.086,68.143,573.413,23.892,641.557,766.612,38.968,41.855,0.063331,0.164781,0.893785
docvqa,448,64,282,iter282,docvqa_49595,38,1024,256,31,163.81,163.81,42.049,0.15,0.365,36.86,3.158,68.396,71.802,764.708,25.49,836.509,1000.32,37.059,39.231,0.050267,0.132031,0.914165
docvqa,448,64,283,iter283,docvqa_444,29,1024,256,17,135.501,135.501,40.931,0.172,0.351,35.699,3.065,65.571,68.646,431.943,26.996,500.59,636.091,33.96,37.042,0.081765,0.212753,0.862869
docvqa,448,64,284,iter284,docvqa_16830,32,1024,256,23,132.776,132.776,42.576,0.278,0.333,37.265,3.177,79.375,82.371,553.3,25.15,635.67,768.446,36.182,39.761,0.066979,0.191847,0.870419
docvqa,448,64,285,iter285,docvqa_16831,31,1024,256,23,132.735,132.735,40.689,0.187,0.339,35.626,3.015,65.153,68.356,521.328,23.697,589.683,722.418,39.004,42.2,0.069002,0.17949,0.884081
docvqa,448,64,286,iter286,docvqa_16832,31,1024,256,17,137.397,137.397,42.138,0.148,0.351,36.96,3.186,67.685,71.102,412.946,25.809,484.048,621.445,35.121,38.746,0.087054,0.226885,0.85311
docvqa,448,64,287,iter287,docvqa_57790,30,1024,256,9,178.537,178.537,41.191,0.124,0.328,36.143,3.058,67.872,70.575,191.6,23.95,262.175,440.713,34.328,41.754,0.157113,0.415994,0.730808
docvqa,448,64,288,iter288,docvqa_57791,33,1024,256,28,212.849,212.849,41.593,0.123,0.336,36.585,3.09,66.241,69.177,682.622,25.282,751.799,964.648,37.244,39.553,0.055325,0.143435,0.907984
docvqa,448,64,289,iter289,docvqa_16835,36,1024,256,52,256.095,256.095,37.607,0.089,0.327,33.009,2.8,60.021,63.328,1128.359,22.125,1191.687,1447.782,43.636,45.198,0.031558,0.081924,0.946859
docvqa,448,64,290,iter290,docvqa_450,31,1024,256,14,110.695,110.695,36.642,0.114,0.339,32.088,2.701,59.874,62.696,334.987,25.768,397.684,508.378,35.204,38.807,0.092138,0.242696,0.842346
docvqa,448,64,291,iter291,docvqa_16837,33,1024,256,64,128.08,128.08,36.529,0.093,0.321,31.881,2.752,58.319,61.211,1345.708,21.36,1406.919,1534.999,45.489,46.816,0.025964,0.067415,0.956493
docvqa,448,64,292,iter292,docvqa_57798,44,1024,256,29,118.973,118.973,36.384,0.095,0.325,31.76,2.729,69.887,72.782,635.317,22.69,708.1,827.073,40.955,44.072,0.051383,0.150079,0.897215
docvqa,448,64,293,iter293,docvqa_16839,35,1024,256,53,133.162,133.162,42.194,0.165,0.354,37.017,3.099,75.307,79.248,1328.188,25.542,1407.437,1540.599,37.657,39.151,0.029979,0.083486,0.943693
docvqa,448,64,294,iter294,docvqa_57799,37,1024,256,51,113.468,113.468,40.229,0.128,0.338,35.148,3.049,64.34,67.425,1253.956,25.079,1321.381,1434.849,38.596,39.874,0.030445,0.079136,0.948974
docvqa,448,64,295,iter295,docvqa_57800,40,1024,256,51,114.808,114.808,40.548,0.132,0.359,35.434,3.014,75.975,79.17,1189.396,23.788,1268.566,1383.374,40.203,42.038,0.031964,0.091854,0.937591
docvqa,448,64,296,iter296,docvqa_57801,35,1024,256,64,310.788,310.788,60.868,0.259,0.347,53.296,4.326,89.962,99.026,1489.238,23.639,1588.264,1899.051,40.296,42.304,0.038323,0.094965,0.937652
docvqa,448,64,297,iter297,docvqa_57803,35,1024,256,64,123.629,123.629,39.427,0.127,0.338,34.568,2.933,62.999,65.969,1546.662,24.55,1612.631,1736.26,39.687,40.733,0.024449,0.063515,0.959092
docvqa,448,64,298,iter298,docvqa_57804,29,1024,256,64,167.126,167.126,40.442,0.166,0.367,35.369,2.997,64.643,67.633,1531.833,24.315,1599.467,1766.593,40.013,41.127,0.025285,0.0657,0.957715
docvqa,448,64,299,iter299,docvqa_57805,31,1024,256,44,114.583,114.583,55.774,0.261,0.356,49.082,4.045,93.261,96.566,1089.634,25.34,1186.199,1300.782,37.093,39.463,0.047019,0.125641,0.918592
docvqa,448,64,300,iter300,docvqa_49605,29,1024,256,21,153.198,153.198,41.234,0.157,0.34,36.132,3.115,66.179,69.005,515.706,25.785,584.711,737.909,35.915,38.782,0.07052,0.183702,0.881985
docvqa,448,64,301,iter301,docvqa_57807,32,1024,256,15,248.219,248.219,45.401,0.131,0.362,36.823,3.111,70.128,76.288,319.866,22.848,396.153,644.372,37.864,43.768,0.114605,0.291627,0.807429
docvqa,448,64,302,iter302,docvqa_57808,30,1024,256,17,90.773,90.773,40.818,0.175,0.364,35.619,3.041,65.128,68.245,404.504,25.282,472.75,563.522,35.96,39.555,0.086343,0.224108,0.855642
docvqa,448,64,303,iter303,docvqa_49617,34,1024,256,21,107.117,107.117,37.593,0.121,0.348,32.862,2.799,60.97,64.183,484.08,24.204,548.263,655.379,38.303,41.315,0.068567,0.179774,0.882935
docvqa,448,64,304,iter304,docvqa_57810,28,1024,256,51,208.898,208.898,41.989,0.151,0.342,36.719,3.127,67.429,70.729,1316.864,26.337,1387.593,1596.491,36.754,37.969,0.03026,0.078855,0.949028
docvqa,448,64,305,iter305,docvqa_41421,30,1024,256,12,158.445,158.445,40.634,0.151,0.33,35.632,3.015,64.955,68.017,310.077,28.189,378.094,536.539,31.738,35.475,0.107471,0.279268,0.820106
docvqa,448,64,306,iter306,docvqa_461,40,1024,256,64,138.759,138.759,40.076,0.122,0.329,35.17,3.04,64.137,67.149,2607.799,41.394,2674.948,2813.708,23.926,24.158,0.014982,0.038959,0.974897
docvqa,448,64,307,iter307,docvqa_463,43,1024,256,64,239.421,239.421,51.247,0.125,0.393,44.977,3.495,85.947,90.018,3280.784,52.076,3370.802,3610.223,18.987,19.203,0.015203,0.040701,0.973295
docvqa,448,64,308,iter308,docvqa_4977,27,1024,256,18,158.603,158.603,43.19,0.185,0.351,37.847,3.22,69.008,71.628,440.203,25.894,511.832,670.434,35.168,38.619,0.084383,0.219209,0.860055
docvqa,448,64,309,iter309,docvqa_57815,35,1024,256,18,123.361,123.361,40.076,0.164,0.325,35.118,3.068,64.791,67.829,378.598,22.27,446.428,569.788,40.32,44.902,0.089769,0.234902,0.848062
docvqa,448,64,310,iter310,docvqa_4978,27,1024,256,17,115.635,115.635,40.867,0.123,0.318,35.903,3.072,64.437,67.29,390.314,24.395,457.604,573.239,37.15,40.993,0.089306,0.230121,0.852951
docvqa,448,64,311,iter311,docvqa_57817,48,1024,256,26,219.057,219.057,38.414,0.125,0.326,33.706,2.885,490.271,493.29,537.472,21.499,1030.762,1249.819,25.224,46.514,0.037268,0.512908,0.521431
docvqa,448,64,312,iter312,docvqa_41434,30,1024,256,14,228.239,228.239,41.942,0.138,0.346,36.793,3.122,67.497,70.846,337.407,25.954,408.252,636.492,34.293,38.529,0.102735,0.268066,0.826466
docvqa,448,64,313,iter313,docvqa_57819,31,1024,256,23,118.041,118.041,41.033,0.144,0.337,35.749,3.066,76.098,79.196,569.935,25.906,649.131,767.172,35.432,38.601,0.063212,0.180443,0.877996
docvqa,448,64,314,iter314,docvqa_57820,33,1024,256,14,126.416,126.416,41.747,0.153,0.319,36.723,3.132,66.959,70.041,374.489,28.807,444.53,570.947,31.494,34.714,0.093913,0.244541,0.842437
docvqa,448,64,315,iter315,docvqa_57821,33,1024,256,14,139.901,139.901,47.0,0.239,0.334,41.044,3.76,83.983,87.243,315.911,24.301,403.154,543.055,34.726,41.151,0.116581,0.324895,0.783598
docvqa,448,64,316,iter316,docvqa_57822,34,1024,256,23,116.59,116.59,40.323,0.106,0.314,35.448,2.978,64.84,67.783,541.861,24.63,609.643,726.234,37.727,40.601,0.066142,0.172499,0.888816
docvqa,448,64,317,iter317,docvqa_57823,27,1024,256,29,118.135,118.135,42.578,0.235,0.363,37.156,3.328,79.969,83.22,755.229,26.972,838.45,956.585,34.588,37.075,0.050781,0.146159,0.900745
docvqa,448,64,318,iter318,docvqa_49629,32,1024,256,19,103.937,103.937,38.875,0.128,0.328,33.876,2.957,62.237,65.522,434.51,24.139,500.032,603.968,37.998,41.426,0.077744,0.20221,0.868965
docvqa,448,64,319,iter319,docvqa_57825,36,1024,256,18,136.814,136.814,39.08,0.148,0.326,34.257,2.993,62.726,65.743,376.408,22.142,442.15,578.964,40.71,45.164,0.088385,0.23025,0.851312
docvqa,448,64,320,iter320,docvqa_57826,36,1024,256,18,128.389,128.389,37.783,0.093,0.338,33.16,2.829,60.363,63.274,463.646,27.273,526.92,655.308,34.161,36.666,0.071705,0.186263,0.879918
docvqa,448,64,321,iter321,docvqa_57827,35,1024,256,64,133.446,133.446,37.191,0.12,0.326,32.624,2.75,59.613,62.608,1504.898,23.887,1567.506,1700.952,40.829,41.863,0.023726,0.061757,0.960059
docvqa,448,64,322,iter322,docvqa_476,29,1024,256,64,120.807,120.807,36.986,0.108,0.349,32.341,2.747,59.227,62.162,1472.754,23.377,1534.916,1655.723,41.696,42.777,0.024096,0.062683,0.959501
docvqa,448,64,323,iter323,docvqa_4980,28,1024,256,29,153.952,153.952,37.946,0.154,0.35,33.158,2.918,60.158,63.072,611.425,21.837,674.497,828.449,42.995,45.795,0.056258,0.145447,0.906491
docvqa,448,64,324,iter324,docvqa_57833,27,1024,256,12,348.946,348.946,40.762,0.122,0.338,33.584,2.913,63.421,72.491,266.355,24.214,338.846,687.792,35.414,41.298,0.120297,0.307465,0.786064
docvqa,448,64,325,iter325,docvqa_41449,30,1024,256,17,140.851,140.851,37.635,0.127,0.324,33.045,2.813,60.296,63.364,408.6,25.537,471.964,612.815,36.02,39.158,0.07974,0.207496,0.865744
docvqa,448,64,326,iter326,docvqa_57835,34,1024,256,18,229.336,229.336,41.797,0.131,0.34,36.742,3.1,67.627,70.871,398.537,23.443,469.408,698.745,38.346,42.656,0.089041,0.23311,0.84902
docvqa,448,64,327,iter327,docvqa_57836,27,1024,256,60,137.616,137.616,50.752,0.227,0.322,44.775,3.655,89.261,92.259,1530.077,25.934,1622.336,1759.951,36.984,38.56,0.031283,0.086303,0.943132
docvqa,448,64,328,iter328,docvqa_57837,27,1024,256,17,160.166,160.166,46.256,0.317,0.364,40.277,3.581,84.322,87.996,401.871,25.117,489.867,650.033,34.703,39.814,0.094426,0.26656,0.820368
docvqa,448,64,329,iter329,docvqa_57838,27,1024,256,64,145.807,145.807,42.407,0.189,0.345,37.201,3.192,67.742,70.957,1644.638,26.105,1715.595,1861.402,37.305,38.306,0.024719,0.064205,0.95864
docvqa,448,64,330,iter330,docvqa_49643,34,1024,256,24,107.406,107.406,55.744,0.261,0.364,48.809,4.096,92.763,96.26,560.948,24.389,657.208,764.614,36.518,41.002,0.08482,0.225967,0.853532
docvqa,448,64,331,iter331,docvqa_57841,28,1024,256,10,245.956,245.956,48.683,0.142,0.387,39.939,3.153,72.477,79.014,232.171,25.797,311.186,557.141,32.135,38.764,0.156445,0.389351,0.746086
docvqa,448,64,332,iter332,docvqa_57843,26,1024,256,17,137.805,137.805,37.522,0.116,0.33,32.76,2.839,59.677,62.578,398.075,24.88,460.653,598.458,36.904,40.193,0.081454,0.211002,0.864154
docvqa,448,64,333,iter333,docvqa_57844,29,1024,256,48,135.949,135.949,37.361,0.104,0.332,32.534,2.945,60.044,62.969,1085.089,23.087,1148.057,1284.006,41.81,43.314,0.032543,0.084844,0.945152
docvqa,448,64,334,iter334,docvqa_57845,31,1024,256,19,166.532,166.532,58.601,0.156,0.38,51.565,3.993,84.084,88.672,470.305,26.128,558.978,725.51,33.991,38.273,0.104835,0.25526,0.841367
docvqa,448,64,335,iter335,docvqa_57853,26,1024,256,17,231.871,231.871,41.631,0.168,0.329,36.59,3.111,66.56,69.897,396.683,24.793,466.581,698.452,36.435,40.334,0.089226,0.23188,0.850192
docvqa,448,64,336,iter336,docvqa_57854,35,1024,256,31,137.359,137.359,40.741,0.133,0.34,35.813,2.991,65.251,68.387,786.265,26.209,854.653,992.011,36.272,38.155,0.047669,0.124018,0.919982
docvqa,448,64,337,iter337,docvqa_57855,37,1024,256,22,139.329,139.329,41.169,0.117,0.359,36.118,3.088,65.859,68.872,552.963,26.332,621.835,761.165,35.379,37.977,0.066206,0.172116,0.889244
docvqa,448,64,338,iter338,docvqa_57857,30,1024,256,33,352.469,352.469,54.91,0.199,0.358,48.89,3.164,80.883,87.9,827.82,25.869,915.719,1268.188,36.037,38.656,0.059964,0.148292,0.90401
docvqa,448,64,339,iter339,docvqa_57858,37,1024,256,64,123.107,123.107,42.694,0.143,0.347,37.367,3.21,68.163,71.496,1664.872,26.427,1736.368,1859.475,36.859,37.841,0.024588,0.063844,0.958825
docvqa,448,64,340,iter340,docvqa_45694,40,1024,256,25,152.239,152.239,42.283,0.152,0.374,36.949,3.206,67.298,70.658,630.495,26.271,701.154,853.392,35.656,38.065,0.060305,0.156286,0.899226
docvqa,448,64,341,iter341,docvqa_55464,55,1024,256,43,139.195,139.195,42.106,0.15,0.338,36.888,3.243,509.43,512.686,1167.935,27.808,1680.622,1819.816,25.586,35.961,0.025054,0.328174,0.694942
docvqa,448,64,342,iter342,docvqa_57880,29,1024,256,14,172.43,172.43,43.026,0.198,0.347,37.753,3.206,68.91,72.123,352.946,27.15,425.069,597.499,32.936,36.833,0.101221,0.263337,0.830326
docvqa,448,64,343,iter343,docvqa_57881,32,1024,256,17,172.22,172.22,42.126,0.174,0.366,37.026,3.071,67.522,70.67,419.885,26.243,490.556,662.776,34.655,38.106,0.085874,0.223517,0.855938
docvqa,448,64,344,iter344,docvqa_57882,32,1024,256,19,201.766,201.766,41.98,0.13,0.33,36.744,3.163,66.977,69.932,427.143,23.73,497.075,698.84,38.224,42.14,0.084454,0.219196,0.859314
docvqa,448,64,345,iter345,docvqa_57883,27,1024,256,38,173.922,173.922,40.486,0.142,0.317,35.474,3.042,64.845,67.765,930.715,25.154,998.48,1172.401,38.058,39.754,0.040548,0.105491,0.932132
docvqa,448,64,346,iter346,docvqa_57884,32,1024,256,22,349.774,349.774,72.345,0.146,0.324,66.19,3.755,96.342,99.132,511.136,24.34,610.268,960.042,36.05,41.085,0.118546,0.276415,0.83756
docvqa,448,64,347,iter347,docvqa_57885,30,1024,256,15,146.228,146.228,40.203,0.107,0.311,35.375,2.938,64.57,67.426,321.498,22.964,388.924,535.152,38.568,43.546,0.103371,0.269393,0.826634
docvqa,448,64,348,iter348,docvqa_57886,28,1024,256,62,140.359,140.359,40.552,0.105,0.313,35.708,3.033,65.094,68.148,1581.793,25.931,1649.94,1790.299,37.577,38.564,0.024578,0.06403,0.958697
docvqa,448,64,349,iter349,docvqa_57887,37,1024,256,24,129.693,129.693,41.296,0.177,0.356,36.097,3.171,65.843,69.104,526.864,22.907,595.968,725.661,40.271,43.654,0.069292,0.179772,0.884048
docvqa,448,64,350,iter350,docvqa_57888,37,1024,256,20,142.167,142.167,39.198,0.109,0.348,34.123,3.003,62.889,66.299,452.275,23.804,518.574,660.74,38.567,42.01,0.075589,0.196861,0.872151
docvqa,448,64,351,iter351,docvqa_57889,33,1024,256,20,236.048,236.048,42.244,0.124,0.32,37.252,3.217,67.693,70.877,464.612,24.453,535.489,771.537,37.349,40.894,0.07889,0.205303,0.86764
docvqa,448,64,352,iter352,docvqa_57890,32,1024,256,23,138.981,138.981,42.252,0.146,0.361,37.02,3.08,67.444,70.994,535.251,24.33,606.246,745.226,37.938,41.102,0.069695,0.180943,0.882895
docvqa,448,64,353,iter353,docvqa_57891,32,1024,256,23,226.412,226.412,42.398,0.129,0.342,37.059,3.094,77.204,80.579,580.898,26.404,661.477,887.889,34.771,37.872,0.064095,0.18081,0.878183
docvqa,448,64,354,iter354,docvqa_553,25,1024,256,14,112.575,112.575,45.769,0.241,0.355,39.937,3.592,82.524,85.898,296.564,22.813,382.462,495.036,36.605,43.835,0.119669,0.33544,0.775408
docvqa,448,64,355,iter355,docvqa_554,33,1024,256,36,124.568,124.568,41.262,0.127,0.328,36.312,3.044,66.295,69.41,982.175,28.062,1051.585,1176.154,34.234,35.635,0.039238,0.102281,0.933995
docvqa,448,64,356,iter356,docvqa_555,29,1024,256,27,126.226,126.226,40.982,0.122,0.329,36.058,3.027,65.359,68.366,653.799,25.146,722.166,848.392,37.388,39.768,0.056748,0.147252,0.905332
docvqa,448,64,357,iter357,docvqa_57899,32,1024,256,19,124.766,124.766,40.909,0.13,0.332,35.89,3.087,65.249,68.352,455.436,25.302,523.788,648.554,36.274,39.523,0.078101,0.202672,0.869505
docvqa,448,64,358,iter358,docvqa_57900,35,1024,256,15,229.587,229.587,40.874,0.143,0.326,36.013,2.991,78.258,81.55,380.602,27.186,462.152,691.739,32.457,36.784,0.088442,0.257776,0.823543
docvqa,448,64,359,iter359,docvqa_57901,31,1024,256,34,125.305,125.305,40.454,0.136,0.335,35.573,3.027,64.926,68.047,870.835,26.389,938.883,1064.188,36.213,37.895,0.043087,0.11224,0.927523
docvqa,448,64,360,iter360,docvqa_57902,29,1024,256,52,119.718,119.718,41.127,0.136,0.363,36.079,3.06,65.818,69.026,1364.708,26.759,1433.734,1553.452,36.269,37.371,0.028685,0.074592,0.951856
docvqa,448,64,361,iter361,docvqa_57903,30,1024,256,22,140.688,140.688,42.529,0.167,0.35,37.342,3.217,67.637,70.871,552.714,26.32,623.585,764.272,35.28,37.994,0.0682,0.176665,0.88635
docvqa,448,64,362,iter362,docvqa_57904,35,1024,256,64,127.405,127.405,41.196,0.137,0.35,36.181,3.064,65.85,69.077,1678.912,26.649,1747.988,1875.394,36.614,37.524,0.023568,0.06124,0.960482
docvqa,448,64,363,iter363,docvqa_57905,33,1024,256,20,126.764,126.764,59.3,0.276,0.364,52.196,4.379,95.368,98.789,465.943,24.523,564.732,691.496,35.415,40.778,0.105006,0.273879,0.825069
docvqa,448,64,364,iter364,docvqa_581,31,1024,256,13,163.264,163.264,40.413,0.135,0.363,35.395,3.035,64.887,67.811,311.245,25.937,379.056,542.32,34.296,38.555,0.106614,0.277794,0.821106
docvqa,448,64,365,iter365,docvqa_582,30,1024,256,64,138.477,138.477,40.358,0.099,0.327,35.521,2.969,64.779,67.625,1593.78,25.298,1661.405,1799.882,38.522,39.529,0.024292,0.063282,0.959296
docvqa,448,64,366,iter366,docvqa_583,32,1024,256,16,114.889,114.889,40.39,0.117,0.328,35.383,3.018,64.501,67.383,372.183,24.812,439.567,554.456,36.399,40.303,0.091885,0.238624,0.846705
docvqa,448,64,367,iter367,docvqa_57928,28,1024,256,10,207.734,207.734,66.371,0.258,0.329,55.37,4.291,104.174,113.195,212.615,23.624,325.81,533.544,30.693,42.33,0.20371,0.523447,0.652572
docvqa,448,64,368,iter368,docvqa_57929,28,1024,256,34,127.505,127.505,43.764,0.172,0.349,38.329,3.36,70.56,73.643,855.079,25.911,928.721,1056.227,36.609,38.593,0.047123,0.123098,0.920705
docvqa,448,64,369,iter369,docvqa_584,31,1024,256,14,131.355,131.355,39.609,0.153,0.33,34.783,2.961,64.82,67.982,346.438,26.649,414.42,545.775,33.782,37.525,0.095576,0.251987,0.83596
docvqa,448,64,370,iter370,docvqa_57931,26,1024,256,64,126.958,126.958,55.618,0.233,0.339,49.198,4.163,89.95,93.037,1449.894,23.014,1542.931,1669.89,41.479,43.451,0.036047,0.094345,0.939701
docvqa,448,64,371,iter371,docvqa_57933,34,1024,256,15,170.402,170.402,110.649,0.273,0.351,90.815,13.409,161.812,173.733,333.484,23.82,507.216,677.618,29.573,41.981,0.218149,0.537168,0.657478
docvqa,448,64,372,iter372,docvqa_57934,33,1024,256,19,240.441,240.441,42.56,0.175,0.369,37.107,3.18,68.429,74.323,472.58,26.254,546.903,787.344,34.741,38.089,0.07782,0.202941,0.864102
docvqa,448,64,373,iter373,docvqa_596,37,1024,256,23,211.973,211.973,54.263,0.127,0.4,47.614,3.688,77.323,82.558,550.174,25.008,632.732,844.704,36.35,39.987,0.085759,0.207964,0.869521
docvqa,448,64,374,iter374,docvqa_597,32,1024,256,15,138.437,138.437,40.069,0.152,0.326,35.144,3.067,63.826,66.884,349.412,24.958,416.296,554.734,36.032,40.067,0.09625,0.249569,0.839336
docvqa,448,64,375,iter375,docvqa_598,32,1024,256,64,131.555,131.555,57.08,0.24,0.332,50.139,4.4,94.291,97.301,1557.342,24.72,1654.643,1786.198,38.679,40.454,0.034497,0.091483,0.941195
docvqa,448,64,376,iter376,docvqa_599,31,1024,256,32,119.383,119.383,38.719,0.111,0.326,34.019,2.925,62.089,65.242,756.89,24.416,822.131,941.514,38.923,40.957,0.047096,0.122618,0.920643
docvqa,448,64,377,iter377,docvqa_600,31,1024,256,11,162.329,162.329,41.871,0.163,0.354,36.755,3.096,67.621,70.92,261.424,26.142,332.343,494.672,33.098,38.252,0.125986,0.329455,0.786608
docvqa,448,64,378,iter378,docvqa_601,33,1024,256,64,131.193,131.193,41.442,0.129,0.343,36.443,3.079,66.243,69.173,1634.381,25.943,1703.553,1834.746,37.569,38.547,0.024327,0.063212,0.959395
docvqa,448,64,379,iter379,docvqa_16981,28,1024,256,64,134.37,134.37,41.272,0.156,0.367,36.18,3.094,66.074,69.369,1582.499,25.119,1651.867,1786.237,38.744,39.81,0.024985,0.064985,0.958006
docvqa,448,64,380,iter380,docvqa_16990,37,1024,256,20,258.091,258.091,42.04,0.136,0.356,36.798,3.124,67.593,71.787,497.397,26.179,569.185,827.276,35.138,38.199,0.07386,0.192614,0.873877
docvqa,448,64,381,iter381,docvqa_57951,27,1024,256,9,498.538,498.538,42.43,0.312,0.351,37.102,3.145,68.35,71.303,219.464,27.433,290.767,789.305,30.953,36.452,0.145924,0.380993,0.754777
docvqa,448,64,382,iter382,docvqa_57952,33,1024,256,15,512.943,512.943,41.94,0.163,0.341,36.834,3.135,77.606,81.103,349.731,24.981,430.834,943.776,34.816,40.031,0.097347,0.277478,0.811754
docvqa,448,64,383,iter383,docvqa_57954,27,1024,256,38,466.334,466.334,43.365,0.163,0.336,38.138,3.219,68.003,71.211,942.827,25.482,1014.037,1480.371,37.474,39.244,0.042765,0.109826,0.929775
docvqa,448,64,384,iter384,docvqa_57955,34,1024,256,14,523.396,523.396,41.777,0.156,0.346,36.568,3.099,66.829,70.158,339.256,26.097,409.414,932.81,34.195,38.319,0.10204,0.265271,0.828638
docvqa,448,64,385,iter385,docvqa_610,31,1024,256,34,121.335,121.335,41.495,0.153,0.352,36.423,3.14,66.319,69.352,879.988,26.666,949.339,1070.674,35.814,37.501,0.043709,0.113568,0.926948
docvqa,448,64,386,iter386,docvqa_611,41,1024,256,27,131.406,131.406,41.48,0.133,0.345,36.441,3.132,66.066,69.076,612.429,23.555,681.506,812.912,39.618,42.454,0.060866,0.157807,0.898642
docvqa,448,64,387,iter387,docvqa_612,33,1024,256,34,147.029,147.029,42.641,0.256,0.334,37.022,3.415,80.249,83.352,805.767,24.417,889.119,1036.148,38.24,40.955,0.047958,0.138215,0.906253
docvqa,448,64,388,iter388,docvqa_613,31,1024,256,64,138.619,138.619,39.659,0.142,0.352,34.928,2.842,64.42,67.855,1554.252,24.671,1622.107,1760.726,39.455,40.534,0.024449,0.064163,0.958169
docvqa,448,64,389,iter389,docvqa_16999,33,1024,256,20,220.871,220.871,42.252,0.147,0.375,36.604,3.15,67.61,71.425,486.057,25.582,557.482,778.354,35.876,39.09,0.075791,0.197068,0.871879
docvqa,448,64,390,iter390,docvqa_17000,31,1024,256,13,135.084,135.084,38.002,0.14,0.342,33.273,2.842,61.232,64.467,255.007,21.251,319.474,454.558,40.692,47.058,0.118952,0.310617,0.798208
docvqa,448,64,391,iter391,docvqa_17001,28,1024,256,56,147.779,147.779,49.054,0.225,0.331,42.882,3.855,86.313,89.515,1282.061,23.31,1371.575,1519.354,40.829,42.9,0.035764,0.098694,0.934736
docvqa,448,64,392,iter392,docvqa_57963,31,1024,256,42,501.514,501.514,51.521,0.227,0.345,45.11,4.03,88.962,92.194,954.583,23.283,1046.777,1548.291,40.123,42.951,0.049219,0.134205,0.911926
docvqa,448,64,393,iter393,docvqa_57964,28,1024,256,23,493.909,493.909,60.083,0.149,0.36,49.935,4.081,94.405,101.233,564.688,25.668,665.921,1159.83,34.539,38.96,0.090225,0.231991,0.84798
docvqa,448,64,394,iter394,docvqa_57965,30,1024,256,34,537.116,537.116,61.135,0.256,0.365,53.556,4.387,91.185,94.421,829.364,25.132,923.786,1460.902,36.805,39.79,0.066179,0.164887,0.897789
docvqa,448,64,395,iter395,docvqa_17002,30,1024,256,15,124.388,124.388,41.531,0.135,0.344,36.434,3.105,66.184,69.256,361.784,25.842,431.04,555.428,34.8,38.697,0.096351,0.249896,0.839328
docvqa,448,64,396,iter396,docvqa_17003,33,1024,256,25,136.107,136.107,41.564,0.14,0.323,36.516,3.059,66.446,69.528,632.081,26.337,701.609,837.715,35.632,37.97,0.05924,0.153946,0.900902
docvqa,448,64,397,iter397,docvqa_17004,31,1024,256,19,126.241,126.241,41.343,0.125,0.334,36.344,3.069,66.182,69.252,484.004,26.889,553.256,679.497,34.342,37.19,0.074727,0.194349,0.874829
docvqa,448,64,398,iter398,docvqa_57969,28,1024,256,10,132.576,132.576,41.183,0.17,0.351,36.119,3.079,65.959,69.151,210.382,23.376,279.533,412.109,35.774,42.779,0.147329,0.383289,0.752619
docvqa,448,64,399,iter399,docvqa_17005,32,1024,256,16,119.043,119.043,42.774,0.248,0.363,37.081,3.413,81.823,85.18,402.224,26.815,487.403,606.447,32.827,37.293,0.087759,0.255633,0.825238
docvqa,448,64,400,iter400,docvqa_57971,37,1024,256,22,117.116,117.116,41.763,0.137,0.338,36.671,3.102,67.396,70.739,551.194,26.247,621.933,739.049,35.374,38.099,0.067151,0.175515,0.886259
docvqa,448,64,401,iter401,docvqa_17007,35,1024,256,26,162.212,162.212,41.672,0.172,0.35,36.512,3.13,67.02,70.417,578.709,23.148,649.126,811.338,40.054,43.2,0.064197,0.167443,0.89152
docvqa,448,64,402,iter402,docvqa_57973,32,1024,256,14,418.319,418.319,54.809,0.155,0.37,48.028,3.923,79.251,82.845,294.444,22.65,377.289,795.608,37.107,44.151,0.14527,0.355325,0.78042
docvqa,448,64,403,iter403,docvqa_57974,35,1024,256,20,123.035,123.035,43.587,0.257,0.346,38.019,3.382,79.255,82.509,504.411,26.548,586.919,709.954,34.076,37.668,0.074263,0.209299,0.859421
docvqa,448,64,404,iter404,docvqa_57975,32,1024,256,15,122.613,122.613,39.08,0.116,0.328,34.284,2.922,62.287,65.37,317.206,22.658,382.576,505.189,39.208,44.135,0.10215,0.264958,0.829133
docvqa,448,64,405,iter405,docvqa_57976,32,1024,256,18,186.872,186.872,39.54,0.109,0.331,34.68,2.94,62.696,65.687,386.246,22.72,451.932,638.804,39.829,44.013,0.087491,0.226221,0.854653
docvqa,448,64,406,iter406,docvqa_57977,34,1024,256,19,185.74,185.74,58.42,0.219,0.335,48.649,3.957,88.297,100.681,370.548,20.586,471.229,656.969,40.32,48.577,0.123974,0.31135,0.786343
docvqa,448,64,407,iter407,docvqa_57978,39,1024,256,19,136.225,136.225,36.698,0.128,0.334,32.054,2.721,58.383,61.347,367.68,20.427,429.027,565.253,44.286,48.956,0.085537,0.22162,0.857009
docvqa,448,64,408,iter408,docvqa_636,29,1024,256,48,201.467,201.467,37.537,0.096,0.327,32.826,2.838,59.978,62.874,1072.974,22.829,1135.848,1337.314,42.259,43.803,0.033048,0.085852,0.944646
docvqa,448,64,409,iter409,docvqa_637,36,1024,256,19,144.255,144.255,37.105,0.095,0.336,32.418,2.805,59.195,62.134,440.006,24.445,502.14,646.395,37.838,40.908,0.073894,0.19178,0.876262
docvqa,448,64,410,iter410,docvqa_639,33,1024,256,64,275.888,275.888,41.241,0.116,0.355,35.877,3.013,65.849,69.193,1528.119,24.256,1597.312,1873.2,40.067,41.227,0.025819,0.067044,0.956682
docvqa,448,64,411,iter411,docvqa_57985,34,1024,256,35,470.113,470.113,42.531,0.183,0.358,37.218,3.118,67.785,71.347,918.999,27.029,990.347,1460.46,35.341,36.997,0.042945,0.111391,0.927957
docvqa,448,64,412,iter412,docvqa_57986,27,1024,256,14,514.218,514.218,42.068,0.13,0.356,36.751,3.235,66.94,70.469,298.051,22.927,368.52,882.738,37.99,43.617,0.114153,0.295799,0.808779
docvqa,448,64,413,iter413,docvqa_57987,28,1024,256,64,157.266,157.266,41.44,0.163,0.365,36.143,3.11,65.885,68.962,1641.247,26.052,1710.209,1867.475,37.422,38.385,0.024231,0.062756,0.959677
docvqa,448,64,414,iter414,docvqa_57989,33,1024,256,20,149.635,149.635,40.338,0.15,0.352,35.4,3.02,64.614,67.614,497.492,26.184,565.106,714.742,35.392,38.192,0.071382,0.185721,0.880352
docvqa,448,64,415,iter415,docvqa_650,29,1024,256,16,108.419,108.419,39.645,0.133,0.328,34.656,2.97,63.396,66.325,374.499,24.967,440.825,549.243,36.296,40.053,0.089934,0.233747,0.849543
docvqa,448,64,416,iter416,docvqa_651,32,1024,256,22,173.915,173.915,57.693,0.123,0.33,49.166,3.718,80.247,86.145,465.515,22.167,551.66,725.575,39.88,45.111,0.104581,0.250046,0.843843
docvqa,448,64,417,iter417,docvqa_58007,34,1024,256,22,182.956,182.956,40.308,0.114,0.315,35.356,3.002,64.511,67.684,472.684,22.509,540.368,723.325,40.713,44.427,0.074593,0.193976,0.874745
docvqa,448,64,418,iter418,docvqa_58009,26,1024,256,8,125.25,125.25,39.618,0.098,0.325,34.73,2.954,63.317,66.182,186.108,26.587,252.291,377.541,31.709,37.612,0.157034,0.408004,0.737674
docvqa,448,64,419,iter419,docvqa_58018,28,1024,256,48,137.553,137.553,38.062,0.137,0.333,33.416,2.814,71.581,74.416,1106.724,23.547,1181.14,1318.693,40.639,42.468,0.032224,0.092828,0.936996
docvqa,448,64,420,iter420,docvqa_674,33,1024,256,14,111.928,111.928,50.411,0.241,0.352,44.203,3.789,84.54,87.555,274.143,21.088,361.698,473.626,38.706,47.421,0.139373,0.373105,0.757933
docvqa,448,64,421,iter421,docvqa_57122,32,1024,256,12,121.658,121.658,37.015,0.114,0.332,32.332,2.771,58.851,61.672,266.798,24.254,328.47,450.128,36.533,41.23,0.112688,0.291854,0.812244
docvqa,448,64,422,iter422,docvqa_58020,30,1024,256,23,121.475,121.475,37.853,0.114,0.33,32.988,2.831,60.073,63.002,479.59,21.8,542.592,664.067,42.389,45.872,0.069764,0.18048,0.883887
docvqa,448,64,423,iter423,docvqa_58021,30,1024,256,24,151.191,151.191,37.441,0.117,0.323,32.734,2.801,71.131,74.209,499.512,21.718,573.721,724.912,41.832,46.045,0.065261,0.189242,0.870653
docvqa,448,64,424,iter424,docvqa_58022,30,1024,256,25,104.073,104.073,37.38,0.101,0.33,32.669,2.764,59.368,62.34,599.773,24.991,662.114,766.187,37.758,40.015,0.056455,0.14612,0.905846
docvqa,448,64,425,iter425,docvqa_58023,30,1024,256,13,125.52,125.52,37.519,0.105,0.331,32.787,2.805,59.759,62.723,253.523,21.127,316.247,441.766,41.107,47.333,0.118637,0.3076,0.801663
docvqa,448,64,426,iter426,docvqa_58024,39,1024,256,22,229.195,229.195,41.009,0.132,0.371,35.853,3.071,65.927,69.48,483.172,23.008,552.652,781.847,39.808,43.463,0.074205,0.193497,0.874279
docvqa,448,64,427,iter427,docvqa_675,26,1024,256,64,206.239,206.239,40.559,0.144,0.349,35.517,3.059,65.144,68.221,1593.365,25.292,1661.586,1867.825,38.517,39.539,0.02441,0.063615,0.958942
docvqa,448,64,428,iter428,docvqa_676,29,1024,256,19,118.854,118.854,42.838,0.151,0.391,37.54,3.218,68.852,71.888,439.182,24.399,511.07,629.923,37.177,40.985,0.083819,0.218541,0.859338
docvqa,448,64,429,iter429,docvqa_677,27,1024,256,38,134.467,134.467,40.044,0.129,0.339,35.106,2.989,64.12,67.039,913.073,24.678,980.112,1114.579,38.771,40.522,0.040857,0.106277,0.931601
docvqa,448,64,430,iter430,docvqa_58029,31,1024,256,13,523.64,523.64,40.7,0.146,0.359,35.719,3.029,65.111,68.367,305.271,25.439,373.638,897.278,34.793,39.309,0.10893,0.283192,0.817022
docvqa,448,64,431,iter431,docvqa_678,32,1024,256,26,113.486,113.486,41.598,0.152,0.33,36.409,3.193,67.886,70.988,627.995,25.12,698.982,812.469,37.197,39.809,0.059512,0.156632,0.898441
docvqa,448,64,432,iter432,docvqa_58054,33,1024,256,29,108.892,108.892,40.296,0.128,0.33,35.321,3.035,69.493,72.681,660.47,23.588,733.151,842.042,39.555,42.394,0.054962,0.149749,0.900865
docvqa,448,64,433,iter433,docvqa_58056,37,1024,256,56,165.581,165.581,60.914,0.373,0.322,53.232,4.63,88.493,97.393,1428.988,25.982,1526.381,1691.962,36.688,38.489,0.039908,0.097883,0.936193
docvqa,448,64,434,iter434,docvqa_58059,27,1024,256,18,135.77,135.77,40.574,0.156,0.339,35.569,3.052,64.687,67.946,389.61,22.918,457.556,593.326,39.339,43.633,0.088675,0.23005,0.851502
docvqa,448,64,435,iter435,docvqa_58061,27,1024,256,64,109.49,109.49,40.605,0.141,0.341,35.625,3.007,64.744,67.883,1553.359,24.656,1621.241,1730.731,39.476,40.557,0.025046,0.064981,0.958129
docvqa,448,64,436,iter436,docvqa_58064,30,1024,256,17,114.105,114.105,40.191,0.157,0.356,35.211,3.0,64.292,67.583,433.6,27.1,501.184,615.289,33.92,36.9,0.080193,0.208474,0.865152
docvqa,448,64,437,iter437,docvqa_41686,29,1024,256,11,116.2,116.2,40.028,0.137,0.361,35.061,3.019,63.959,66.976,225.207,22.521,292.184,408.383,37.648,44.404,0.136996,0.355895,0.770773
docvqa,448,64,438,iter438,docvqa_41687,36,1024,256,26,145.925,145.925,60.816,0.352,0.323,53.216,4.392,93.915,102.927,592.362,23.694,695.289,841.214,37.395,42.204,0.087468,0.222541,0.851965
docvqa,448,64,439,iter439,docvqa_41688,31,1024,256,15,119.52,119.52,40.771,0.122,0.341,35.721,3.102,65.393,68.371,390.853,27.918,459.223,578.744,32.664,35.819,0.088783,0.231183,0.851117
docvqa,448,64,440,iter440,docvqa_41689,31,1024,256,64,127.855,127.855,50.104,0.26,0.337,43.952,3.745,86.809,90.796,1549.746,24.599,1640.542,1768.397,39.011,40.652,0.030541,0.083456,0.944655
docvqa,448,64,441,iter441,docvqa_41690,36,1024,256,64,206.645,206.645,41.15,0.136,0.357,35.949,3.112,65.831,68.949,1638.952,26.015,1707.901,1914.546,37.473,38.439,0.024094,0.062639,0.95963
docvqa,448,64,442,iter442,docvqa_41691,34,1024,256,17,109.272,109.272,41.538,0.167,0.381,36.303,3.093,66.336,69.466,385.243,24.078,454.71,563.982,37.386,41.532,0.091351,0.237238,0.847229
docvqa,448,64,443,iter443,docvqa_41693,35,1024,256,29,240.846,240.846,51.121,0.14,0.371,44.434,3.824,75.948,82.339,711.497,25.411,793.836,1034.682,36.531,39.354,0.064398,0.160071,0.896277
docvqa,448,64,444,iter444,docvqa_41694,36,1024,256,22,119.476,119.476,40.857,0.161,0.344,35.795,3.08,65.329,68.465,480.385,22.875,548.849,668.326,40.084,43.715,0.074441,0.19347,0.875258
docvqa,448,64,445,iter445,docvqa_41695,37,1024,256,29,232.771,232.771,48.706,0.097,0.353,37.717,2.923,84.174,87.178,593.16,21.184,680.338,913.109,42.626,47.205,0.07159,0.195314,0.87186
docvqa,448,64,446,iter446,docvqa_41705,31,1024,256,15,221.282,221.282,36.934,0.117,0.333,32.391,2.772,59.016,61.947,288.31,20.594,350.257,571.539,42.826,48.559,0.105449,0.273944,0.823137
docvqa,448,64,447,iter447,docvqa_17132,29,1024,256,15,108.979,108.979,37.105,0.101,0.317,32.417,2.759,59.188,62.108,331.528,23.681,393.637,502.616,38.106,42.229,0.094263,0.244625,0.842219
docvqa,448,64,448,iter448,docvqa_17133,34,1024,256,15,140.853,140.853,36.905,0.103,0.317,32.298,2.717,58.772,61.707,315.433,22.531,377.14,517.992,39.773,44.383,0.097854,0.253691,0.836383
docvqa,448,64,449,iter449,docvqa_17134,35,1024,256,28,121.199,121.199,42.079,0.147,0.333,36.685,3.253,73.011,76.704,682.66,25.284,759.364,880.563,36.873,39.551,0.055413,0.151561,0.898989
docvqa,448,64,450,iter450,docvqa_17135,35,1024,256,22,114.291,114.291,42.77,0.127,0.381,37.495,3.25,67.064,70.15,580.713,27.653,650.862,765.153,33.801,36.162,0.065713,0.168752,0.89222
docvqa,448,64,451,iter451,docvqa_47368,27,1024,256,13,171.548,171.548,42.276,0.144,0.365,36.967,3.154,67.778,70.903,317.893,26.491,388.796,560.344,33.437,37.749,0.108736,0.283064,0.817635
docvqa,448,64,452,iter452,docvqa_41715,30,1024,256,13,215.838,215.838,81.91,0.234,0.332,73.519,4.351,111.5,129.484,272.547,22.712,402.03,617.868,32.336,44.029,0.20374,0.481083,0.677926
docvqa,448,64,453,iter453,docvqa_41716,30,1024,256,15,205.382,205.382,40.173,0.108,0.312,35.147,3.024,64.247,66.802,347.578,24.827,414.38,619.762,36.199,40.279,0.096948,0.251992,0.838791
docvqa,448,64,454,iter454,docvqa_41717,30,1024,256,15,198.693,198.693,39.75,0.144,0.327,34.855,2.938,63.668,66.57,351.002,25.072,417.572,616.265,35.922,39.886,0.095193,0.247666,0.840579
docvqa,448,64,455,iter455,docvqa_17139,30,1024,256,16,118.139,118.139,40.679,0.126,0.323,35.611,3.123,66.521,69.514,388.737,25.916,458.252,576.391,34.915,38.586,0.088769,0.233932,0.848306
docvqa,448,64,456,iter456,docvqa_41719,27,1024,256,20,125.408,125.408,89.01,0.129,0.375,73.903,6.417,113.547,120.182,466.275,24.541,586.458,711.866,34.103,40.748,0.151775,0.34539,0.795071
docvqa,448,64,457,iter457,docvqa_17140,33,1024,256,15,119.777,119.777,42.909,0.185,0.343,37.543,3.29,68.903,72.147,367.982,26.284,440.129,559.906,34.081,38.045,0.097492,0.254043,0.836077
docvqa,448,64,458,iter458,docvqa_58105,27,1024,256,11,128.045,128.045,41.06,0.142,0.364,35.808,3.138,65.56,68.616,264.656,26.466,333.272,461.316,33.006,37.785,0.123201,0.319917,0.794115
docvqa,448,64,459,iter459,docvqa_58106,34,1024,256,17,127.361,127.361,41.351,0.174,0.358,36.207,3.133,66.006,69.171,428.98,26.811,498.151,625.512,34.126,37.298,0.083009,0.21551,0.861145
docvqa,448,64,460,iter460,docvqa_58107,34,1024,256,16,127.248,127.248,41.03,0.141,0.367,35.935,3.12,65.643,68.834,379.964,25.331,448.799,576.046,35.651,39.477,0.091422,0.237685,0.846625
docvqa,448,64,461,iter461,docvqa_58108,32,1024,256,22,115.95,115.95,41.46,0.133,0.348,36.361,3.163,65.861,69.012,553.504,26.357,622.516,738.466,35.34,37.94,0.066601,0.1724,0.88914
docvqa,448,64,462,iter462,docvqa_41721,27,1024,256,20,179.588,179.588,41.777,0.14,0.36,36.531,3.118,66.624,69.769,441.755,23.25,511.524,691.112,39.099,43.01,0.081671,0.211917,0.863606
docvqa,448,64,463,iter463,docvqa_41723,27,1024,256,17,238.056,238.056,50.913,0.132,0.375,44.502,3.593,77.381,84.511,373.283,23.33,457.794,695.85,37.135,42.863,0.111213,0.280244,0.815395
docvqa,448,64,464,iter464,docvqa_17143,36,1024,256,17,140.679,140.679,37.209,0.118,0.374,32.453,2.775,58.975,62.103,401.414,25.088,463.516,604.196,36.676,39.859,0.080275,0.207509,0.866018
docvqa,448,64,465,iter465,docvqa_41728,30,1024,256,35,131.145,131.145,47.08,0.225,0.338,41.324,3.595,81.149,84.264,769.334,22.627,853.598,984.743,41.003,44.194,0.055155,0.150222,0.901284
docvqa,448,64,466,iter466,docvqa_41729,37,1024,256,20,194.972,194.972,36.451,0.106,0.355,31.752,2.768,58.044,60.914,458.228,24.117,519.142,714.114,38.525,41.464,0.070214,0.182022,0.882664
docvqa,448,64,467,iter467,docvqa_17147,31,1024,256,23,128.875,128.875,37.812,0.108,0.326,33.212,2.84,60.343,63.267,472.033,21.456,535.301,664.175,42.967,46.607,0.070636,0.183364,0.88181
docvqa,448,64,468,iter468,docvqa_17149,30,1024,256,15,114.552,114.552,43.162,0.246,0.358,37.896,3.18,80.53,83.671,337.319,24.094,420.989,535.541,35.63,41.504,0.102526,0.293812,0.801252
docvqa,448,64,469,iter469,docvqa_17150,31,1024,256,14,149.593,149.593,55.946,0.22,0.377,49.352,4.03,90.788,93.901,308.876,23.76,402.777,552.37,34.759,42.088,0.138901,0.364307,0.766866
docvqa,448,64,470,iter470,docvqa_45744,47,1024,256,40,103.272,103.272,52.623,0.236,0.33,46.452,4.038,518.994,521.871,857.539,21.988,1379.409,1482.681,28.998,45.479,0.038149,0.414393,0.621671
docvqa,448,64,471,iter471,docvqa_45745,47,1024,256,40,199.881,199.881,42.172,0.211,0.341,36.957,3.144,67.844,71.248,1005.949,25.794,1077.197,1277.078,37.133,38.769,0.03915,0.102132,0.933858
docvqa,448,64,472,iter472,docvqa_782,30,1024,256,25,115.549,115.549,41.303,0.171,0.379,36.065,3.14,66.065,69.39,616.655,25.694,686.046,801.595,36.441,38.92,0.060205,0.156503,0.898854
docvqa,448,64,473,iter473,docvqa_783,35,1024,256,20,231.248,231.248,76.651,0.219,0.422,66.883,4.895,103.299,108.171,448.654,23.613,556.826,788.074,35.918,42.349,0.137657,0.323171,0.805736
docvqa,448,64,474,iter474,docvqa_784,26,1024,256,26,108.002,108.002,38.228,0.128,0.345,33.631,2.719,61.252,63.937,537.922,21.517,601.859,709.861,43.199,46.475,0.063516,0.165288,0.893768
docvqa,448,64,475,iter475,docvqa_785,32,1024,256,42,172.303,172.303,93.178,0.301,0.338,81.75,6.998,123.177,126.173,1033.661,25.211,1159.834,1332.137,36.212,39.665,0.080337,0.18654,0.891214
docvqa,448,64,476,iter476,docvqa_786,30,1024,256,11,137.599,137.599,42.783,0.161,0.332,37.69,3.122,69.005,72.095,258.953,25.895,331.048,468.647,33.228,38.617,0.129236,0.33768,0.782223
docvqa,448,64,477,iter477,docvqa_788,35,1024,256,61,140.365,140.365,39.046,0.128,0.345,34.348,2.893,62.606,65.458,1462.985,24.383,1528.443,1668.808,39.91,41.012,0.025546,0.066506,0.957173
docvqa,448,64,478,iter478,docvqa_789,54,1024,256,40,129.464,129.464,38.966,0.109,0.333,34.07,3.068,462.79,466.053,967.461,24.807,1433.514,1562.978,27.903,40.312,0.027182,0.350017,0.674888
docvqa,448,64,479,iter479,docvqa_790,26,1024,256,21,119.362,119.362,42.846,0.237,0.35,37.081,3.554,83.471,86.781,473.396,23.67,560.177,679.54,37.488,42.248,0.076486,0.225494,0.845083
docvqa,448,64,480,iter480,docvqa_60401,30,1024,256,13,192.89,192.89,62.335,0.16,0.322,56.271,3.626,85.304,93.118,329.828,27.486,422.946,615.836,30.737,36.383,0.147382,0.349073,0.779835
docvqa,448,64,481,iter481,docvqa_792,36,1024,256,59,114.203,114.203,38.87,0.12,0.327,33.892,3.109,65.556,68.569,1404.028,24.207,1472.596,1586.799,40.065,41.31,0.026395,0.070913,0.953437
docvqa,448,64,482,iter482,docvqa_793,26,1024,256,29,126.914,126.914,40.092,0.155,0.342,35.013,3.063,63.998,67.093,711.997,25.428,779.09,906.004,37.223,39.326,0.051461,0.133605,0.913882
docvqa,448,64,483,iter483,docvqa_794,30,1024,256,17,154.185,154.185,77.211,0.328,0.372,67.469,5.616,121.486,124.873,407.491,25.468,532.364,686.549,31.933,39.265,0.145035,0.373235,0.765438
docvqa,448,64,484,iter484,docvqa_41749,37,1024,256,28,144.519,144.519,55.109,0.321,0.351,48.008,4.174,93.223,96.562,707.524,26.205,804.087,948.606,34.822,38.161,0.068536,0.184473,0.87991
docvqa,448,64,485,iter485,docvqa_41750,35,1024,256,16,120.688,120.688,42.336,0.172,0.354,37.14,3.129,67.452,70.722,387.081,25.805,457.803,578.491,34.95,38.752,0.092476,0.239815,0.845519
docvqa,448,64,486,iter486,docvqa_45747,47,1024,256,64,165.915,165.915,41.48,0.12,0.36,36.472,3.095,66.652,69.932,3840.758,60.964,3910.69,4076.605,16.365,16.403,0.010607,0.02765,0.982118
docvqa,448,64,487,iter487,docvqa_60403,33,1024,256,16,137.538,137.538,42.046,0.163,0.341,36.698,3.133,66.876,70.02,378.004,25.2,448.024,585.562,35.712,39.682,0.093847,0.243115,0.843713
docvqa,448,64,488,iter488,docvqa_60404,28,1024,256,24,187.344,187.344,41.709,0.142,0.333,36.644,3.191,66.719,69.685,586.095,25.482,655.78,843.123,36.598,39.243,0.063602,0.165342,0.893738
docvqa,448,64,489,iter489,docvqa_809,27,1024,256,15,296.993,296.993,41.702,0.122,0.328,36.663,3.122,68.724,71.917,332.62,23.759,404.537,701.53,37.079,42.09,0.103087,0.272971,0.822223
docvqa,448,64,490,iter490,docvqa_25385,30,1024,256,39,176.216,176.216,38.217,0.128,0.327,33.571,2.835,61.386,64.36,896.787,23.6,961.147,1137.362,40.577,42.373,0.039762,0.103629,0.933039
docvqa,448,64,491,iter491,docvqa_25386,30,1024,256,16,218.161,218.161,37.996,0.106,0.352,33.173,2.824,60.016,62.88,347.598,23.173,410.478,628.639,38.979,43.153,0.092565,0.238776,0.846813
docvqa,448,64,492,iter492,docvqa_25387,31,1024,256,64,204.076,204.076,42.894,0.162,0.34,37.539,3.253,69.029,72.245,1604.005,25.46,1676.25,1880.326,38.18,39.277,0.025589,0.06677,0.956901
docvqa,448,64,493,iter493,docvqa_60406,27,1024,256,21,122.868,122.868,38.031,0.116,0.353,33.131,2.869,61.01,64.384,441.727,22.086,506.111,628.979,41.493,45.277,0.075144,0.195691,0.872787
docvqa,448,64,494,iter494,docvqa_815,33,1024,256,20,141.639,141.639,44.571,0.263,0.35,38.816,3.429,80.761,83.923,472.131,24.849,556.054,697.693,35.968,40.243,0.080156,0.225395,0.849074
docvqa,448,64,495,iter495,docvqa_60407,30,1024,256,16,120.874,120.874,45.642,0.273,0.327,39.885,3.584,82.04,85.152,411.905,27.46,497.057,617.931,32.189,36.416,0.091825,0.256876,0.828687
docvqa,448,64,496,iter496,docvqa_25396,30,1024,256,64,155.827,155.827,42.839,0.145,0.317,37.585,3.286,68.958,72.229,1529.747,24.282,1601.976,1757.803,39.951,41.183,0.026741,0.069787,0.954913
docvqa,448,64,497,iter497,docvqa_822,29,1024,256,12,274.676,274.676,37.129,0.111,0.31,32.603,2.786,59.559,61.83,230.833,20.985,292.663,567.34,41.003,47.654,0.126867,0.330374,0.788732
docvqa,448,64,498,iter498,docvqa_824,30,1024,256,16,131.263,131.263,36.445,0.098,0.321,31.981,2.703,58.557,61.255,396.183,26.412,457.439,588.702,34.977,37.861,0.079672,0.207683,0.866091
docvqa,448,64,499,iter499,docvqa_826,35,1024,256,23,119.241,119.241,36.629,0.108,0.332,32.129,2.712,58.928,61.688,489.831,22.265,551.519,670.761,41.703,44.913,0.066415,0.173262,0.888148
docvqa,896,64,0,iter000,docvqa_49153,44,4096,1024,31,388.446,388.446,99.374,0.195,0.693,91.191,5.737,123.878,127.074,748.093,24.936,875.167,1263.613,35.422,40.102,0.113548,0.255096,0.8548
docvqa,896,64,1,iter001,docvqa_24580,27,4096,1024,16,107.988,107.988,99.277,0.195,0.68,91.211,5.74,122.951,125.269,332.753,22.184,458.022,566.01,34.933,45.078,0.216751,0.485189,0.726501
docvqa,896,64,2,iter002,docvqa_57349,29,4096,1024,11,147.695,147.695,103.766,0.194,0.663,95.72,5.786,516.537,518.844,302.394,30.239,821.238,968.933,13.394,33.069,0.126354,0.755327,0.368218
docvqa,896,64,3,iter003,docvqa_24581,27,4096,1024,35,111.948,111.948,100.348,0.194,0.674,92.274,5.755,125.276,127.638,1880.446,55.307,2008.084,2120.032,17.43,18.081,0.049972,0.112358,0.936438
docvqa,896,64,4,iter004,docvqa_24582,28,4096,1024,9,132.963,132.963,100.05,0.194,0.684,91.872,5.762,571.033,573.65,180.946,22.618,754.596,887.559,11.927,44.212,0.132587,0.889327,0.239792
docvqa,896,64,5,iter005,docvqa_39079,29,4096,1024,38,134.388,134.388,99.618,0.196,0.693,91.484,5.755,124.093,126.456,878.155,23.734,1004.611,1138.999,37.826,42.134,0.09916,0.222684,0.874124
docvqa,896,64,6,iter006,docvqa_57357,35,4096,1024,24,252.69,252.69,120.297,0.195,0.695,111.964,6.033,575.987,578.419,465.237,20.228,1043.657,1296.346,22.996,49.437,0.115265,0.667158,0.445776
docvqa,896,64,7,iter007,docvqa_24426,28,4096,1024,19,136.759,136.759,94.699,0.194,0.681,86.703,5.75,116.704,118.843,405.17,22.509,524.013,660.772,36.259,44.426,0.180719,0.403432,0.773206
docvqa,896,64,8,iter008,docvqa_49168,30,4096,1024,25,112.836,112.836,103.05,0.194,0.672,95.062,5.783,581.893,584.261,524.071,21.836,1108.332,1221.168,22.556,45.795,0.092978,0.617995,0.472847
docvqa,896,64,9,iter009,docvqa_24423,34,4096,1024,25,250.847,250.847,132.611,0.196,0.73,123.93,5.815,520.12,522.616,551.399,22.975,1074.014,1324.861,23.277,43.526,0.123473,0.607749,0.5134
docvqa,896,64,10,iter010,docvqa_49172,36,4096,1024,11,127.379,127.379,98.457,0.194,0.66,90.513,5.751,498.415,500.449,237.014,23.701,737.463,864.841,14.916,42.192,0.133508,0.809359,0.321391
docvqa,896,64,11,iter011,docvqa_57364,32,4096,1024,18,213.754,213.754,95.477,0.195,0.657,87.483,5.792,529.859,532.181,366.932,21.584,899.113,1112.868,20.02,46.33,0.10619,0.695503,0.408105
docvqa,896,64,12,iter012,docvqa_57366,33,4096,1024,17,299.063,299.063,105.138,0.197,0.694,96.879,5.804,638.931,641.347,427.357,26.71,1068.704,1367.767,15.907,37.439,0.098379,0.696235,0.399883
docvqa,896,64,13,iter013,docvqa_57368,37,4096,1024,41,149.125,149.125,120.823,0.193,0.67,112.499,5.942,584.093,586.504,2649.403,66.235,3235.906,3385.031,12.67,15.098,0.037338,0.217842,0.818751
docvqa,896,64,14,iter014,docvqa_49177,31,4096,1024,27,145.129,145.129,102.03,0.195,0.701,93.734,5.823,516.81,519.539,552.379,21.245,1071.918,1217.048,25.188,47.069,0.095184,0.57732,0.515318
docvqa,896,64,15,iter015,docvqa_57370,34,4096,1024,38,145.369,145.369,146.798,0.194,0.723,137.932,5.859,180.722,184.291,749.58,20.259,933.871,1079.24,40.691,49.361,0.157193,0.350712,0.802659
docvqa,896,64,16,iter016,docvqa_57371,49,4096,1024,31,145.956,145.956,94.237,0.194,0.669,86.29,5.735,557.045,559.188,1631.635,54.388,2190.823,2336.779,14.15,18.386,0.043015,0.297277,0.744759
docvqa,896,64,17,iter017,docvqa_57372,44,4096,1024,25,175.76,175.76,96.92,0.197,0.666,88.938,5.752,119.634,121.926,534.631,22.276,656.557,832.317,38.077,44.891,0.147619,0.329834,0.814295
docvqa,896,64,18,iter018,docvqa_49181,39,4096,1024,38,126.252,126.252,95.848,0.193,0.655,88.005,5.697,526.428,528.472,836.464,22.607,1364.936,1491.188,27.84,44.234,0.070222,0.455902,0.612823
docvqa,896,64,19,iter019,docvqa_57373,37,4096,1024,40,149.937,149.937,121.698,0.195,0.691,113.468,5.821,146.466,149.143,957.903,24.562,1107.046,1256.983,36.132,40.714,0.109931,0.242234,0.865278
docvqa,896,64,20,iter020,docvqa_57374,29,4096,1024,18,266.503,266.503,101.548,0.194,0.72,93.195,5.756,126.293,129.151,373.131,21.949,502.281,768.785,35.836,45.56,0.202173,0.453612,0.742872
docvqa,896,64,21,iter021,docvqa_57375,27,4096,1024,15,159.72,159.72,123.614,0.195,0.678,115.447,5.853,147.66,150.16,308.468,22.033,458.629,618.349,32.706,45.386,0.269529,0.591489,0.672589
docvqa,896,64,22,iter022,docvqa_57376,34,4096,1024,24,145.291,145.291,95.588,0.193,0.662,87.655,5.737,126.323,128.588,496.033,21.567,624.621,769.912,38.423,46.368,0.153034,0.355273,0.794135
docvqa,896,64,23,iter023,docvqa_49187,31,4096,1024,30,132.519,132.519,95.883,0.195,0.679,87.963,5.721,118.862,120.971,717.518,24.742,838.489,971.008,35.779,40.417,0.114352,0.256109,0.855727
docvqa,896,64,24,iter024,docvqa_16424,30,4096,1024,20,149.459,149.459,95.449,0.196,0.662,87.516,5.743,117.943,120.017,407.592,21.452,527.609,677.067,37.907,46.615,0.180909,0.404451,0.772527
docvqa,896,64,25,iter025,docvqa_57386,34,4096,1024,24,162.405,162.405,99.623,0.194,0.667,91.603,5.777,135.045,137.368,515.115,22.396,652.483,814.889,36.783,44.65,0.152682,0.359654,0.789469
docvqa,896,64,26,iter026,docvqa_57387,35,4096,1024,20,152.355,152.355,95.058,0.196,0.66,87.101,5.728,117.577,119.657,417.348,21.966,537.005,689.36,37.244,45.526,0.177016,0.395966,0.777177
docvqa,896,64,27,iter027,docvqa_57388,35,4096,1024,20,138.652,138.652,94.659,0.194,0.675,86.736,5.728,117.051,119.152,420.022,22.106,539.174,677.827,37.094,45.236,0.175564,0.392657,0.77901
docvqa,896,64,28,iter028,docvqa_16429,29,4096,1024,13,157.245,157.245,95.097,0.197,0.662,87.154,5.739,117.608,119.754,283.179,23.598,402.933,560.177,32.263,42.376,0.236012,0.527892,0.702795
docvqa,896,64,29,iter029,docvqa_16430,31,4096,1024,13,145.781,145.781,118.703,0.194,0.69,109.773,6.041,141.394,144.297,246.661,20.555,390.958,536.74,33.252,48.65,0.30362,0.665279,0.630915
docvqa,896,64,30,iter030,docvqa_57391,29,4096,1024,11,156.454,156.454,120.36,0.194,0.695,111.78,5.84,142.962,145.923,207.107,20.711,353.03,509.484,31.159,48.284,0.340933,0.74589,0.586656
docvqa,896,64,31,iter031,docvqa_57395,32,4096,1024,22,155.966,155.966,94.877,0.195,0.666,86.957,5.725,117.045,119.135,480.521,22.882,599.656,755.622,36.688,43.703,0.15822,0.353407,0.801328
docvqa,896,64,32,iter032,docvqa_16437,37,4096,1024,22,142.064,142.064,95.002,0.195,0.668,87.084,5.724,117.436,119.452,464.363,22.113,583.816,725.88,37.683,45.223,0.162726,0.363879,0.795394
docvqa,896,64,33,iter033,docvqa_16440,35,4096,1024,21,138.471,138.471,119.259,0.194,0.682,110.772,5.801,141.882,144.724,455.133,22.757,599.857,738.327,35.008,43.943,0.198813,0.435339,0.758736
docvqa,896,64,34,iter034,docvqa_57402,32,4096,1024,55,161.24,161.24,97.725,0.195,0.665,89.601,5.766,122.071,124.109,4721.099,87.428,4845.208,5006.448,11.351,11.438,0.020169,0.045363,0.974385
docvqa,896,64,35,iter035,docvqa_57403,36,4096,1024,21,192.852,192.852,97.27,0.196,0.668,89.22,5.786,121.429,123.675,440.779,22.039,564.454,757.307,37.204,45.374,0.172325,0.387451,0.780894
docvqa,896,64,36,iter036,docvqa_57404,40,4096,1024,41,269.72,269.72,101.137,0.195,0.689,92.991,5.737,514.73,517.408,954.129,23.853,1471.538,1741.258,27.862,41.923,0.068729,0.41852,0.648389
docvqa,896,64,37,iter037,docvqa_16444,37,4096,1024,24,209.451,209.451,115.026,0.194,0.729,103.222,5.76,139.842,146.011,523.585,22.765,669.596,879.047,35.843,43.928,0.171785,0.38063,0.781942
docvqa,896,64,38,iter038,docvqa_57407,36,4096,1024,21,189.022,189.022,101.688,0.195,0.677,93.594,5.754,126.355,128.729,451.78,22.589,580.51,769.532,36.175,44.269,0.17517,0.392833,0.778248
docvqa,896,64,39,iter039,docvqa_16447,39,4096,1024,26,148.468,148.468,101.433,0.196,0.676,93.37,5.733,126.06,128.318,622.505,24.9,750.823,899.291,34.629,40.16,0.135096,0.302992,0.829097
docvqa,896,64,40,iter040,docvqa_57409,29,4096,1024,11,172.415,172.415,100.242,0.195,0.686,92.22,5.709,123.931,126.144,220.364,22.036,346.507,518.922,31.745,45.38,0.289292,0.64695,0.635957
docvqa,896,64,41,iter041,docvqa_16450,29,4096,1024,11,184.662,184.662,116.452,0.195,0.68,107.994,5.757,140.579,143.4,223.383,22.338,366.783,551.444,29.991,44.766,0.317495,0.700772,0.609034
docvqa,896,64,42,iter042,docvqa_57410,33,4096,1024,17,150.273,150.273,120.308,0.196,0.682,111.774,5.822,144.41,147.278,358.249,22.391,505.528,655.801,33.628,44.662,0.237984,0.523647,0.708664
docvqa,896,64,43,iter043,docvqa_57411,35,4096,1024,17,172.549,172.549,99.5,0.194,0.657,91.553,5.723,123.462,125.617,420.893,26.306,546.509,719.058,31.107,38.014,0.182065,0.407975,0.770147
docvqa,896,64,44,iter044,docvqa_57413,33,4096,1024,32,218.676,218.676,99.523,0.195,0.656,91.596,5.718,123.395,125.555,735.454,23.724,861.01,1079.686,37.166,42.151,0.115588,0.258903,0.854177
docvqa,896,64,45,iter045,docvqa_57414,35,4096,1024,19,157.931,157.931,100.031,0.197,0.651,92.104,5.723,125.127,127.218,437.014,24.279,564.232,722.163,33.674,41.189,0.177286,0.399052,0.774529
docvqa,896,64,46,iter046,docvqa_57415,34,4096,1024,18,220.781,220.781,99.317,0.193,0.676,91.333,5.751,123.119,125.301,378.441,22.261,503.742,724.522,35.733,44.921,0.197159,0.441568,0.75126
docvqa,896,64,47,iter047,docvqa_57416,34,4096,1024,16,149.199,149.199,128.503,0.195,0.648,120.363,5.908,153.448,155.538,365.983,24.399,521.521,670.72,30.679,40.985,0.246401,0.540632,0.701762
docvqa,896,64,48,iter048,docvqa_57417,32,4096,1024,14,148.195,148.195,99.153,0.194,0.648,91.224,5.736,122.892,124.987,327.581,25.199,452.568,600.763,30.935,39.685,0.219089,0.490633,0.723828
docvqa,896,64,49,iter049,docvqa_57418,33,4096,1024,16,158.873,158.873,102.439,0.195,0.681,94.411,5.745,126.999,129.275,342.706,22.847,471.981,630.854,33.9,43.769,0.217041,0.486118,0.726102
docvqa,896,64,50,iter050,docvqa_24437,27,4096,1024,16,123.003,123.003,103.101,0.196,0.683,95.011,5.762,134.008,136.437,368.954,24.597,505.391,628.394,31.659,40.655,0.204002,0.469159,0.730038
docvqa,896,64,51,iter051,docvqa_24438,29,4096,1024,13,140.989,140.989,120.479,0.194,0.708,111.936,5.764,145.52,148.536,303.292,25.274,451.828,592.817,28.772,39.566,0.266648,0.588717,0.671256
docvqa,896,64,52,iter052,docvqa_16455,41,4096,1024,27,155.869,155.869,101.453,0.194,0.699,93.25,5.755,517.439,520.088,647.781,24.915,1167.87,1323.739,23.119,40.137,0.08687,0.529932,0.554669
docvqa,896,64,53,iter053,docvqa_16456,30,4096,1024,13,153.083,153.083,101.546,0.196,0.681,93.429,5.755,126.53,128.859,277.452,23.121,406.31,559.393,31.995,43.251,0.249921,0.561335,0.682857
docvqa,896,64,54,iter054,docvqa_16463,31,4096,1024,13,139.943,139.943,128.973,0.195,0.68,120.832,5.818,153.286,155.531,272.368,22.697,427.899,567.842,30.381,44.058,0.30141,0.659638,0.636524
docvqa,896,64,55,iter055,docvqa_49234,31,4096,1024,15,153.188,153.188,108.975,0.193,0.654,100.955,5.785,146.694,149.399,361.194,25.8,510.593,663.781,29.378,38.76,0.213428,0.500729,0.707401
docvqa,896,64,56,iter056,docvqa_57428,35,4096,1024,6,284.204,284.204,109.741,0.197,0.752,98.143,5.725,133.287,139.541,111.209,22.242,250.749,534.953,23.928,44.961,0.437653,0.969208,0.443505
docvqa,896,64,57,iter057,docvqa_24440,25,4096,1024,18,113.378,113.378,99.553,0.194,0.649,91.638,5.735,527.46,529.539,1432.077,84.24,1961.615,2074.993,9.176,11.871,0.050751,0.319641,0.73005
docvqa,896,64,58,iter058,docvqa_16468,39,4096,1024,26,281.955,281.955,95.453,0.195,0.928,86.932,5.745,118.409,120.815,569.912,22.796,690.727,972.682,37.641,43.866,0.138192,0.309618,0.825089
docvqa,896,64,59,iter059,docvqa_57431,36,4096,1024,18,148.824,148.824,95.545,0.196,0.672,87.576,5.746,117.935,120.093,371.956,21.88,492.049,640.873,36.582,45.704,0.194178,0.43386,0.755932
docvqa,896,64,60,iter060,docvqa_16473,31,4096,1024,13,478.116,478.116,104.097,0.195,0.688,95.709,5.711,126.399,135.375,240.834,20.069,376.208,854.324,34.555,49.827,0.276701,0.612681,0.64016
docvqa,896,64,61,iter061,docvqa_49242,26,4096,1024,12,147.002,147.002,103.711,0.232,0.653,95.617,5.77,523.893,525.943,266.229,24.203,792.172,939.175,15.148,41.318,0.13092,0.792257,0.336075
docvqa,896,64,62,iter062,docvqa_57439,34,4096,1024,52,132.972,132.972,119.073,0.193,0.751,110.565,5.783,141.367,143.562,1125.333,22.065,1268.895,1401.867,40.981,45.32,0.09384,0.20525,0.88686
docvqa,896,64,63,iter063,docvqa_57440,35,4096,1024,17,171.589,171.589,114.811,0.194,0.678,106.787,5.803,137.968,140.071,381.694,23.856,521.765,693.354,32.582,41.918,0.220044,0.484469,0.731544
docvqa,896,64,64,iter064,docvqa_32870,36,4096,1024,15,238.725,238.725,98.406,0.194,0.695,90.352,5.723,122.287,124.643,314.944,22.496,439.587,678.313,34.123,44.452,0.22386,0.502046,0.716454
docvqa,896,64,65,iter065,docvqa_32871,43,4096,1024,64,411.162,411.162,108.959,0.197,0.678,100.5,5.76,539.849,542.955,11947.919,189.65,12490.874,12902.036,5.124,5.273,0.008723,0.051943,0.956532
docvqa,896,64,66,iter066,docvqa_32872,34,4096,1024,17,197.537,197.537,101.131,0.194,0.703,92.827,5.799,126.248,128.817,459.507,28.719,588.323,785.86,28.896,34.82,0.171897,0.386487,0.781044
docvqa,896,64,67,iter067,docvqa_32873,34,4096,1024,16,195.691,195.691,128.855,0.194,0.695,120.714,5.861,163.044,165.41,369.579,24.639,534.989,730.68,29.907,40.587,0.240855,0.545617,0.690816
docvqa,896,64,68,iter068,docvqa_32874,31,4096,1024,13,195.407,195.407,99.299,0.195,0.667,91.285,5.78,124.361,126.443,304.003,25.334,430.447,625.853,30.201,39.473,0.230688,0.519599,0.70625
docvqa,896,64,69,iter069,docvqa_32875,33,4096,1024,20,190.091,190.091,96.726,0.194,0.665,88.815,5.722,125.378,127.641,485.904,25.574,613.545,803.635,32.597,39.102,0.157651,0.362001,0.791962
docvqa,896,64,70,iter070,docvqa_32876,33,4096,1024,20,172.837,172.837,97.702,0.195,0.668,89.713,5.744,121.169,123.242,479.354,25.229,602.596,775.433,33.19,39.637,0.162135,0.363213,0.795481
docvqa,896,64,71,iter071,docvqa_32877,31,4096,1024,23,198.912,198.912,97.169,0.195,0.662,89.179,5.745,120.266,122.3,462.663,21.03,584.963,783.875,39.319,47.551,0.166111,0.371706,0.790927
docvqa,896,64,72,iter072,docvqa_32878,31,4096,1024,12,182.316,182.316,98.696,0.195,0.685,90.67,5.732,122.311,124.514,288.38,26.216,412.894,595.21,29.063,38.144,0.239035,0.535264,0.698437
docvqa,896,64,73,iter073,docvqa_32879,35,4096,1024,18,278.379,278.379,108.49,0.194,0.716,99.762,5.739,133.593,137.127,500.079,29.416,637.207,915.585,28.248,33.995,0.170259,0.379914,0.7848
docvqa,896,64,74,iter074,docvqa_57449,29,4096,1024,11,221.055,221.055,102.753,0.196,0.686,94.552,5.785,128.647,131.037,235.393,23.539,366.43,587.486,30.019,42.482,0.280416,0.631498,0.642395
docvqa,896,64,75,iter075,docvqa_32881,32,4096,1024,22,178.606,178.606,105.585,0.193,0.695,97.498,5.762,144.066,146.532,512.093,24.385,658.626,837.231,33.403,41.008,0.160311,0.379048,0.777518
docvqa,896,64,76,iter076,docvqa_32882,36,4096,1024,26,186.148,186.148,100.854,0.194,0.681,92.787,5.738,125.661,127.968,584.766,23.391,712.734,898.882,36.479,42.752,0.141503,0.317811,0.820455
docvqa,896,64,77,iter077,docvqa_32883,29,4096,1024,16,159.798,159.798,100.363,0.195,0.672,92.386,5.73,126.424,128.546,387.772,25.851,516.319,676.117,30.989,38.682,0.194382,0.439238,0.751033
docvqa,896,64,78,iter078,docvqa_57452,33,4096,1024,56,293.404,293.404,105.141,0.194,0.692,94.507,5.737,128.998,132.195,1346.169,24.476,1478.365,1771.769,37.88,40.857,0.07112,0.158378,0.91058
docvqa,896,64,79,iter079,docvqa_32885,32,4096,1024,17,194.905,194.905,97.39,0.196,0.679,89.265,5.778,122.266,124.712,394.476,24.655,519.189,714.094,32.743,40.56,0.187582,0.423076,0.759794
docvqa,896,64,80,iter080,docvqa_32886,37,4096,1024,19,235.053,235.053,100.761,0.196,0.692,92.633,5.764,125.484,127.903,401.093,22.283,528.996,764.048,35.917,44.877,0.190475,0.427686,0.758216
docvqa,896,64,81,iter081,docvqa_57454,34,4096,1024,64,263.422,263.422,100.585,0.196,0.66,92.597,5.737,124.638,126.779,1546.887,24.554,1673.666,1937.088,38.239,40.727,0.060098,0.134568,0.924251
docvqa,896,64,82,iter082,docvqa_49263,41,4096,1024,30,200.573,200.573,101.021,0.194,0.698,92.902,5.749,125.289,127.681,758.387,26.151,886.068,1086.641,33.857,38.239,0.114011,0.25541,0.855902
docvqa,896,64,83,iter083,docvqa_32889,31,4096,1024,22,213.34,213.34,100.84,0.195,0.685,92.739,5.754,125.355,127.753,515.977,24.57,643.73,857.07,34.176,40.699,0.156649,0.351381,0.801543
docvqa,896,64,84,iter084,docvqa_32890,32,4096,1024,16,294.05,294.05,104.445,0.195,0.692,96.286,5.79,129.248,131.701,340.021,22.668,471.721,765.772,33.918,44.115,0.221412,0.495404,0.720808
docvqa,896,64,85,iter085,docvqa_32891,39,4096,1024,36,259.48,259.48,100.817,0.195,0.68,92.732,5.763,124.971,127.251,865.103,24.717,992.354,1251.834,36.277,40.458,0.101594,0.227528,0.871769
docvqa,896,64,86,iter086,docvqa_32892,31,4096,1024,7,214.409,214.409,94.603,0.196,0.66,86.708,5.716,117.244,119.301,131.722,21.954,251.023,465.433,27.886,45.551,0.376869,0.843931,0.52474
docvqa,896,64,87,iter087,docvqa_32893,33,4096,1024,8,306.015,306.015,94.46,0.195,0.674,86.513,5.726,116.969,119.141,175.996,25.142,295.136,601.151,27.106,39.774,0.320056,0.716377,0.59632
docvqa,896,64,88,iter088,docvqa_32894,36,4096,1024,15,221.848,221.848,102.015,0.196,0.68,93.865,5.774,126.738,129.254,352.706,25.193,481.961,703.809,31.123,39.693,0.211667,0.474629,0.731816
docvqa,896,64,89,iter089,docvqa_49274,36,4096,1024,19,211.644,211.644,94.18,0.194,0.667,86.248,5.714,116.353,118.601,393.201,21.844,511.802,723.446,37.124,45.778,0.184016,0.411356,0.768268
docvqa,896,64,90,iter090,docvqa_32896,29,4096,1024,13,230.526,230.526,110.516,0.194,0.656,102.575,5.766,147.027,149.266,242.452,20.204,391.718,622.244,33.187,49.494,0.282131,0.657471,0.618945
docvqa,896,64,91,iter091,docvqa_32897,28,4096,1024,13,169.751,169.751,117.934,0.195,0.659,109.963,5.806,153.362,155.524,256.316,21.36,411.839,581.59,31.566,46.817,0.286359,0.658742,0.622368
docvqa,896,64,92,iter092,docvqa_32898,27,4096,1024,13,245.744,245.744,102.324,0.196,0.697,94.087,5.815,128.495,131.223,275.166,22.93,406.389,652.133,31.989,43.61,0.251788,0.567975,0.6771
docvqa,896,64,93,iter093,docvqa_57475,36,4096,1024,16,172.918,172.918,100.292,0.194,0.66,92.34,5.743,124.717,126.826,389.861,25.991,516.687,689.605,30.967,38.475,0.194106,0.435485,0.754539
docvqa,896,64,94,iter094,docvqa_32900,32,4096,1024,20,183.149,183.149,102.22,0.194,0.688,94.076,5.753,127.91,130.496,550.452,28.971,680.948,864.096,29.371,34.517,0.150114,0.337956,0.808362
docvqa,896,64,95,iter095,docvqa_57476,40,4096,1024,23,166.739,166.739,101.041,0.195,0.688,92.952,5.753,125.282,127.648,527.507,23.978,655.154,821.893,35.106,41.706,0.154225,0.345449,0.805164
docvqa,896,64,96,iter096,docvqa_49279,30,4096,1024,11,248.378,248.378,103.582,0.196,0.697,95.392,5.759,133.486,136.69,256.722,25.672,393.412,641.79,27.961,38.953,0.263292,0.602596,0.652553
docvqa,896,64,97,iter097,docvqa_49285,30,4096,1024,12,172.874,172.874,103.748,0.194,0.696,95.612,5.743,129.034,131.419,289.744,26.34,421.163,594.038,28.492,37.965,0.246336,0.55271,0.687961
docvqa,896,64,98,iter098,docvqa_49292,35,4096,1024,46,242.596,242.596,105.744,0.193,0.694,97.527,5.848,132.337,134.635,1155.404,25.676,1290.039,1532.634,35.658,38.947,0.08197,0.184554,0.895635
docvqa,896,64,99,iter099,docvqa_16529,29,4096,1024,15,167.772,167.772,102.68,0.194,0.683,94.574,5.762,127.147,129.602,394.467,28.176,524.07,691.841,28.622,35.491,0.195929,0.438543,0.7527
docvqa,896,64,100,iter100,docvqa_49297,34,4096,1024,19,174.616,174.616,103.987,0.196,0.658,95.943,5.747,130.267,132.456,467.273,25.96,599.729,774.345,31.681,38.521,0.173389,0.390598,0.779141
docvqa,896,64,101,iter101,docvqa_16533,31,4096,1024,23,154.965,154.965,102.394,0.195,0.658,94.434,5.718,126.737,129.091,564.763,25.671,693.854,848.819,33.148,38.954,0.147573,0.33023,0.81395
docvqa,896,64,102,iter102,docvqa_49304,31,4096,1024,15,187.471,187.471,102.184,0.195,0.669,94.151,5.787,127.751,129.96,390.246,27.875,520.206,707.677,28.835,35.875,0.196431,0.442007,0.750176
docvqa,896,64,103,iter103,docvqa_16539,31,4096,1024,23,154.33,154.33,126.381,0.195,0.663,118.258,5.818,150.083,152.327,482.368,21.926,634.694,789.024,36.238,45.608,0.19912,0.435586,0.76
docvqa,896,64,104,iter104,docvqa_16553,31,4096,1024,20,385.44,385.44,98.109,0.196,0.671,90.07,5.739,131.924,134.72,411.519,21.659,546.239,931.679,36.614,46.17,0.179609,0.421122,0.753369
docvqa,896,64,105,iter105,docvqa_49322,33,4096,1024,17,225.624,225.624,101.807,0.195,0.67,93.705,5.782,127.484,129.914,403.012,25.188,532.927,758.551,31.899,39.701,0.191034,0.430249,0.756225
docvqa,896,64,106,iter106,docvqa_57515,37,4096,1024,18,155.84,155.84,100.985,0.195,0.666,92.97,5.744,130.801,133.207,449.671,26.451,582.878,738.718,30.881,37.805,0.173253,0.397658,0.771467
docvqa,896,64,107,iter107,docvqa_49323,29,4096,1024,13,184.076,184.076,121.566,0.194,0.663,113.381,5.829,155.58,157.766,297.444,24.787,455.21,639.287,28.558,40.344,0.267055,0.608831,0.653421
docvqa,896,64,108,iter108,docvqa_57517,29,4096,1024,10,215.056,215.056,101.018,0.195,0.665,93.033,5.742,125.225,127.447,248.625,27.625,376.072,591.128,26.591,36.199,0.268614,0.601596,0.661111
docvqa,896,64,109,iter109,docvqa_49324,32,4096,1024,14,193.46,193.46,102.317,0.197,0.676,94.204,5.729,126.572,129.072,308.833,23.756,437.905,631.365,31.97,42.094,0.233651,0.522691,0.705252
docvqa,896,64,110,iter110,docvqa_57519,30,4096,1024,11,151.479,151.479,125.607,0.196,0.682,117.305,6.023,152.255,154.412,204.594,20.459,359.006,510.485,30.64,48.877,0.349875,0.773977,0.56989
docvqa,896,64,111,iter111,docvqa_49325,30,4096,1024,13,247.132,247.132,126.554,0.195,0.707,118.25,5.856,154.37,157.049,268.959,22.413,426.008,673.14,30.516,44.616,0.29707,0.659434,0.631348
docvqa,896,64,112,iter112,docvqa_57521,31,4096,1024,12,221.568,221.568,119.458,0.197,0.687,111.296,5.829,144.366,146.762,248.697,22.609,395.46,617.027,30.344,44.23,0.302074,0.667132,0.628882
docvqa,896,64,113,iter113,docvqa_49326,30,4096,1024,18,165.924,165.924,103.165,0.196,0.682,95.014,5.767,128.226,130.475,414.986,24.411,545.461,711.385,33.0,40.965,0.189133,0.424211,0.760799
docvqa,896,64,114,iter114,docvqa_57523,33,4096,1024,16,164.236,164.236,152.63,0.196,0.678,144.454,5.815,197.928,200.631,366.907,24.46,567.538,731.774,28.192,40.882,0.268933,0.617682,0.646489
docvqa,896,64,115,iter115,docvqa_57524,34,4096,1024,15,160.963,160.963,95.991,0.197,0.674,88.066,5.727,118.788,120.905,294.953,21.068,415.858,576.821,36.07,47.465,0.230826,0.516471,0.709263
docvqa,896,64,116,iter116,docvqa_57525,42,4096,1024,25,157.573,157.573,96.296,0.195,0.656,88.402,5.729,567.277,569.618,549.804,22.908,1119.422,1276.995,22.333,43.652,0.086023,0.592782,0.49115
docvqa,896,64,117,iter117,docvqa_57526,29,4096,1024,11,149.459,149.459,96.628,0.198,0.671,88.642,5.731,119.562,121.744,229.892,22.989,351.636,501.094,31.282,43.499,0.274797,0.614814,0.653779
docvqa,896,64,118,iter118,docvqa_57527,34,4096,1024,23,189.007,189.007,98.386,0.195,0.664,90.413,5.751,121.853,123.994,539.959,24.544,663.952,852.959,34.641,40.744,0.148183,0.331709,0.813249
docvqa,896,64,119,iter119,docvqa_57528,35,4096,1024,31,200.87,200.87,98.167,0.195,0.663,90.211,5.751,121.779,123.945,677.601,22.587,801.546,1002.416,38.675,44.274,0.122472,0.274402,0.845367
docvqa,896,64,120,iter120,docvqa_57529,33,4096,1024,21,227.302,227.302,101.91,0.194,0.695,93.736,5.765,127.162,129.842,524.599,26.23,654.44,881.742,32.088,38.124,0.155721,0.350028,0.801599
docvqa,896,64,121,iter121,docvqa_57530,29,4096,1024,11,154.751,154.751,97.662,0.196,0.683,89.608,5.753,121.395,123.8,245.239,24.524,369.038,523.789,29.807,40.777,0.26464,0.593591,0.664534
docvqa,896,64,122,iter122,docvqa_57531,33,4096,1024,16,152.784,152.784,120.612,0.194,0.67,112.57,5.833,146.988,149.14,312.61,20.841,461.75,614.533,34.651,47.983,0.261206,0.579534,0.677012
docvqa,896,64,123,iter123,docvqa_57532,38,4096,1024,23,211.568,211.568,94.864,0.195,0.671,86.956,5.731,541.689,543.863,483.936,21.997,1027.799,1239.367,22.378,45.461,0.092298,0.619336,0.470847
docvqa,896,64,124,iter124,docvqa_57533,39,4096,1024,19,150.998,150.998,120.616,0.195,0.658,112.623,5.799,143.167,145.26,453.561,25.198,598.821,749.819,31.729,39.686,0.201423,0.440504,0.757423
docvqa,896,64,125,iter125,docvqa_16568,27,4096,1024,11,134.596,134.596,96.317,0.195,0.659,88.375,5.759,119.512,121.643,208.62,20.862,330.263,464.859,33.307,47.934,0.291637,0.653505,0.631679
docvqa,896,64,126,iter126,docvqa_16574,37,4096,1024,26,161.527,161.527,123.593,0.197,0.681,115.096,5.882,145.885,149.313,511.79,20.472,661.102,822.629,39.328,48.848,0.18695,0.407619,0.774146
docvqa,896,64,127,iter127,docvqa_57537,36,4096,1024,20,261.867,261.867,101.733,0.196,0.676,93.581,5.759,127.095,129.708,438.267,23.067,567.975,829.842,35.213,43.353,0.179115,0.402884,0.771631
docvqa,896,64,128,iter128,docvqa_57539,36,4096,1024,20,204.976,204.976,126.271,0.195,0.688,117.739,6.126,159.919,162.291,389.821,20.517,552.113,757.089,36.224,48.74,0.228704,0.518354,0.706054
docvqa,896,64,129,iter129,docvqa_57540,37,4096,1024,24,164.965,164.965,95.328,0.197,0.67,87.333,5.732,117.422,119.524,542.684,23.595,662.208,827.173,36.242,42.382,0.143954,0.321273,0.819507
docvqa,896,64,130,iter130,docvqa_57543,31,4096,1024,20,161.151,161.151,94.788,0.193,0.671,86.844,5.72,117.043,119.082,464.913,24.469,583.996,745.147,34.247,40.868,0.162309,0.362726,0.79609
docvqa,896,64,131,iter131,docvqa_57550,27,4096,1024,9,502.075,502.075,95.929,0.197,0.667,87.96,5.762,118.089,120.317,198.64,24.83,318.957,821.033,28.217,40.274,0.300759,0.670994,0.622781
docvqa,896,64,132,iter132,docvqa_49361,31,4096,1024,11,254.141,254.141,95.78,0.195,0.666,87.846,5.736,118.257,120.273,208.011,20.801,328.283,582.425,33.508,48.074,0.291759,0.651988,0.633631
docvqa,896,64,133,iter133,docvqa_49362,29,4096,1024,14,168.068,168.068,97.073,0.197,0.653,89.175,5.762,120.903,122.975,349.329,26.871,472.305,640.372,29.642,37.214,0.20553,0.461514,0.739627
docvqa,896,64,134,iter134,docvqa_57557,36,4096,1024,50,577.525,577.525,95.857,0.195,0.692,87.824,5.737,118.922,121.494,1043.566,21.297,1165.059,1742.584,42.916,46.954,0.082276,0.18435,0.895719
docvqa,896,64,135,iter135,docvqa_49366,34,4096,1024,15,175.805,175.805,95.703,0.196,0.69,87.682,5.755,118.507,120.668,296.211,21.158,416.88,592.685,35.982,47.264,0.229571,0.513842,0.710545
docvqa,896,64,136,iter136,docvqa_32984,33,4096,1024,18,298.758,298.758,105.886,0.195,0.717,97.598,5.767,131.884,134.77,418.461,24.615,553.231,851.989,32.536,40.625,0.191396,0.429785,0.756395
docvqa,896,64,137,iter137,docvqa_49369,28,4096,1024,12,215.857,215.857,130.354,0.194,3.75,118.565,5.826,157.189,166.358,290.075,26.37,456.433,672.29,26.291,37.921,0.285592,0.629978,0.635526
docvqa,896,64,138,iter138,docvqa_57562,29,4096,1024,11,185.432,185.432,101.142,0.196,0.67,93.114,5.722,125.91,128.042,225.323,22.532,353.365,538.796,31.129,44.381,0.286226,0.642545,0.637649
docvqa,896,64,139,iter139,docvqa_32986,33,4096,1024,18,156.797,156.797,123.859,0.196,0.682,115.334,5.787,148.247,151.025,423.77,24.928,574.796,731.593,31.315,40.116,0.215484,0.473396,0.737254
docvqa,896,64,140,iter140,docvqa_57564,26,4096,1024,40,161.844,161.844,113.256,0.195,0.669,104.933,5.983,155.639,157.989,967.997,24.82,1125.987,1287.831,35.524,40.289,0.100583,0.238808,0.859688
docvqa,896,64,141,iter141,docvqa_49373,36,4096,1024,15,198.078,198.078,101.208,0.194,0.671,93.131,5.768,125.377,127.598,315.957,22.568,443.555,641.633,33.818,44.31,0.228175,0.51084,0.712329
docvqa,896,64,142,iter142,docvqa_16606,29,4096,1024,11,247.982,247.982,104.854,0.196,0.674,96.826,5.737,129.129,131.431,226.703,22.67,358.133,606.115,30.715,44.111,0.29278,0.653341,0.633012
docvqa,896,64,143,iter143,docvqa_223,29,4096,1024,14,279.098,279.098,101.319,0.198,0.689,93.288,5.753,125.689,127.892,295.31,22.716,423.202,702.3,33.081,44.022,0.23941,0.536405,0.697798
docvqa,896,64,144,iter144,docvqa_224,30,4096,1024,16,238.507,238.507,115.871,0.194,0.654,107.727,5.894,151.284,153.339,338.544,22.57,491.882,730.389,32.528,44.307,0.235566,0.543128,0.688261
docvqa,896,64,145,iter145,docvqa_16609,32,4096,1024,18,148.091,148.091,101.503,0.195,0.653,93.556,5.735,125.077,127.206,395.943,23.291,523.15,671.241,34.407,42.935,0.194024,0.433108,0.756845
docvqa,896,64,146,iter146,docvqa_57566,34,4096,1024,18,172.394,172.394,100.785,0.194,0.66,92.814,5.75,124.982,127.088,410.467,24.145,537.554,709.948,33.485,41.416,0.187488,0.419989,0.763582
docvqa,896,64,147,iter147,docvqa_16611,28,4096,1024,20,151.135,151.135,124.933,0.195,0.673,116.754,5.924,155.275,157.583,429.195,22.589,586.777,737.912,34.084,44.269,0.212913,0.477537,0.731444
docvqa,896,64,148,iter148,docvqa_49376,35,4096,1024,15,183.108,183.108,100.77,0.197,0.661,92.769,5.745,124.814,126.892,343.326,24.523,470.217,653.325,31.9,40.778,0.214304,0.479743,0.730143
docvqa,896,64,149,iter149,docvqa_49381,34,4096,1024,14,190.162,190.162,100.612,0.195,0.661,92.619,5.755,124.566,126.663,286.01,22.001,412.674,602.836,33.925,45.453,0.243805,0.545655,0.693066
docvqa,896,64,150,iter150,docvqa_32989,33,4096,1024,17,186.178,186.178,100.419,0.195,0.655,92.49,5.726,124.17,126.247,353.524,22.095,479.77,665.948,35.434,45.259,0.209307,0.468117,0.73686
docvqa,896,64,151,iter151,docvqa_231,33,4096,1024,23,273.374,273.374,98.526,0.196,0.679,90.4,5.798,121.334,123.74,481.436,21.883,605.177,878.551,38.005,45.697,0.162805,0.363298,0.79553
docvqa,896,64,152,iter152,docvqa_232,27,4096,1024,17,131.246,131.246,101.674,0.195,0.677,93.547,5.751,126.409,128.911,437.533,27.346,566.444,697.69,30.012,36.569,0.179495,0.402658,0.77242
docvqa,896,64,153,iter153,docvqa_32994,35,4096,1024,17,174.175,174.175,100.905,0.195,0.682,92.898,5.727,125.168,127.437,361.175,22.573,488.612,662.787,34.792,44.3,0.206513,0.462684,0.739186
docvqa,896,64,154,iter154,docvqa_234,32,4096,1024,64,145.825,145.825,100.962,0.194,0.657,93.014,5.738,124.823,126.951,1549.244,24.591,1676.195,1822.02,38.182,40.665,0.060233,0.1347,0.924262
docvqa,896,64,155,iter155,docvqa_4931,32,4096,1024,21,143.668,143.668,100.961,0.196,0.684,92.824,5.758,124.967,127.358,496.425,24.821,623.783,767.451,33.666,40.288,0.161853,0.362191,0.795829
docvqa,896,64,156,iter156,docvqa_32995,33,4096,1024,17,159.654,159.654,103.336,0.196,0.687,95.176,5.771,130.351,132.628,368.163,23.01,500.79,660.444,33.946,43.459,0.206346,0.466636,0.735163
docvqa,896,64,157,iter157,docvqa_237,36,4096,1024,18,144.352,144.352,135.294,0.195,0.665,127.224,5.804,171.983,174.317,423.224,24.896,597.541,741.893,30.123,40.168,0.226419,0.514236,0.708276
docvqa,896,64,158,iter158,docvqa_49390,27,4096,1024,8,183.974,183.974,101.992,0.195,0.675,93.89,5.764,126.893,129.304,160.414,22.916,289.719,473.693,27.613,43.637,0.352037,0.790024,0.55369
docvqa,896,64,159,iter159,docvqa_49391,30,4096,1024,23,190.438,190.438,120.179,0.193,0.689,112.039,5.808,159.154,161.411,538.091,24.459,699.503,889.94,32.881,40.885,0.171807,0.399332,0.769249
docvqa,896,64,160,iter160,docvqa_49392,29,4096,1024,21,139.193,139.193,101.373,0.195,0.684,93.273,5.754,126.02,128.381,490.054,24.503,618.434,757.627,33.957,40.812,0.163919,0.367691,0.79241
docvqa,896,64,161,iter161,docvqa_49393,25,4096,1024,18,153.946,153.946,101.097,0.195,0.69,92.938,5.748,126.132,128.534,385.517,22.677,514.051,667.997,35.016,44.097,0.196666,0.442035,0.749959
docvqa,896,64,162,iter162,docvqa_49394,30,4096,1024,16,235.635,235.635,97.568,0.194,0.682,89.543,5.723,140.661,143.276,315.9,21.06,459.176,694.81,34.845,47.483,0.212485,0.518819,0.687972
docvqa,896,64,163,iter163,docvqa_49395,27,4096,1024,20,135.607,135.607,94.055,0.195,0.66,86.177,5.71,115.726,117.693,433.265,22.803,550.958,686.565,36.3,43.853,0.170711,0.380755,0.786385
docvqa,896,64,164,iter164,docvqa_49396,29,4096,1024,20,179.65,179.65,94.667,0.195,0.681,86.722,5.743,117.076,119.146,392.894,20.679,512.04,691.69,39.059,48.359,0.184883,0.413529,0.767311
docvqa,896,64,165,iter165,docvqa_49397,28,4096,1024,16,142.015,142.015,94.195,0.196,0.666,86.35,5.677,116.151,118.115,312.901,20.86,431.016,573.031,37.122,47.939,0.218543,0.488025,0.725961
docvqa,896,64,166,iter166,docvqa_49398,29,4096,1024,14,200.891,200.891,102.429,0.195,0.688,94.194,5.757,128.14,131.013,297.208,22.862,428.22,629.111,32.693,43.74,0.239196,0.538434,0.694053
docvqa,896,64,167,iter167,docvqa_49399,30,4096,1024,11,174.424,174.424,101.439,0.195,0.68,93.368,5.758,125.892,128.197,285.787,28.579,413.984,588.408,26.571,34.991,0.245032,0.549131,0.690334
docvqa,896,64,168,iter168,docvqa_49400,44,4096,1024,26,151.174,151.174,101.587,0.195,0.669,93.526,5.754,125.951,128.255,602.991,24.12,731.246,882.42,35.556,41.46,0.138923,0.311164,0.824608
docvqa,896,64,169,iter169,docvqa_49401,32,4096,1024,17,255.709,255.709,98.67,0.193,0.705,89.986,5.72,121.511,124.796,321.879,20.117,446.675,702.384,38.059,49.708,0.220899,0.492933,0.720612
docvqa,896,64,170,iter170,docvqa_49402,27,4096,1024,34,123.831,123.831,97.89,0.195,0.664,89.907,5.776,121.921,124.108,766.216,23.219,890.324,1014.155,38.188,43.069,0.109949,0.246889,0.860603
docvqa,896,64,171,iter171,docvqa_49403,30,4096,1024,10,137.967,137.967,96.709,0.194,0.674,88.735,5.739,119.876,121.951,224.582,24.954,346.533,484.5,28.857,40.074,0.279077,0.625007,0.648084
docvqa,896,64,172,iter172,docvqa_49404,34,4096,1024,25,131.783,131.783,112.499,0.195,0.681,104.135,5.86,147.721,150.507,613.97,25.582,764.477,896.26,32.702,39.09,0.147158,0.340389,0.803125
docvqa,896,64,173,iter173,docvqa_254,27,4096,1024,19,148.842,148.842,101.877,0.195,0.701,93.705,5.751,126.708,129.174,424.267,23.57,553.441,702.283,34.331,42.426,0.18408,0.413025,0.766598
docvqa,896,64,174,iter174,docvqa_255,31,4096,1024,16,184.067,184.067,103.809,0.194,0.681,95.715,5.724,129.862,132.296,346.406,23.094,478.702,662.769,33.424,43.302,0.216856,0.488136,0.723636
docvqa,896,64,175,iter175,docvqa_256,37,4096,1024,18,228.034,228.034,94.387,0.195,0.681,86.424,5.712,116.489,118.797,374.706,22.042,493.503,721.537,36.474,45.369,0.19126,0.427306,0.759279
docvqa,896,64,176,iter176,docvqa_49406,31,4096,1024,16,153.663,153.663,94.813,0.195,0.669,86.859,5.739,116.794,118.905,307.64,20.509,426.545,580.208,37.511,48.758,0.222282,0.496097,0.721237
docvqa,896,64,177,iter177,docvqa_265,28,4096,1024,16,159.923,159.923,99.818,0.194,0.684,91.73,5.716,121.839,124.249,390.284,26.019,514.533,674.456,31.096,38.434,0.193997,0.430792,0.758522
docvqa,896,64,178,iter178,docvqa_266,30,4096,1024,17,137.737,137.737,95.41,0.194,0.67,87.445,5.725,117.573,119.731,327.565,20.473,447.296,585.033,38.006,48.845,0.213305,0.476159,0.732322
docvqa,896,64,179,iter179,docvqa_267,30,4096,1024,17,155.742,155.742,126.986,0.196,0.692,118.465,5.821,154.031,157.173,397.073,24.817,554.246,709.988,30.672,40.295,0.229115,0.507026,0.716421
docvqa,896,64,180,iter180,docvqa_271,29,4096,1024,17,211.475,211.475,94.132,0.195,0.675,86.238,5.706,116.163,118.282,321.604,20.1,439.887,651.361,38.646,49.751,0.213992,0.478068,0.731107
docvqa,896,64,181,iter181,docvqa_49432,30,4096,1024,38,188.743,188.743,94.363,0.195,0.656,86.534,5.69,116.006,117.964,811.141,21.923,929.105,1117.848,40.9,45.615,0.101563,0.226421,0.873035
docvqa,896,64,182,iter182,docvqa_283,39,4096,1024,22,280.127,280.127,102.156,0.194,0.7,93.9,5.783,127.39,130.195,480.021,22.858,610.216,890.343,36.053,43.748,0.167409,0.376172,0.78664
docvqa,896,64,183,iter183,docvqa_284,34,4096,1024,29,139.526,139.526,101.701,0.196,0.654,93.707,5.749,126.507,128.751,641.714,22.918,770.465,909.991,37.64,43.633,0.132,0.296195,0.832892
docvqa,896,64,184,iter184,docvqa_285,32,4096,1024,16,133.286,133.286,126.135,0.194,0.669,117.399,6.008,150.566,153.354,344.897,22.993,498.251,631.537,32.112,43.491,0.253155,0.555343,0.692216
docvqa,896,64,185,iter185,docvqa_49437,32,4096,1024,24,286.597,286.597,96.087,0.195,0.674,88.11,5.72,118.546,120.976,464.737,20.206,585.713,872.311,40.976,49.49,0.164051,0.366447,0.793455
docvqa,896,64,186,iter186,docvqa_49442,31,4096,1024,15,226.055,226.055,102.618,0.194,0.694,94.354,5.796,129.263,132.101,320.358,22.883,452.459,678.514,33.152,43.701,0.226801,0.512491,0.708037
docvqa,896,64,187,iter187,docvqa_292,32,4096,1024,29,138.343,138.343,104.374,0.196,0.709,95.957,5.75,129.572,132.407,721.439,25.766,853.846,992.189,33.964,38.811,0.12224,0.273991,0.844928
docvqa,896,64,188,iter188,docvqa_296,34,4096,1024,18,263.105,263.105,104.678,0.195,0.695,96.261,5.811,131.647,134.307,407.306,23.959,541.613,804.718,33.234,41.738,0.193271,0.436336,0.752025
docvqa,896,64,189,iter189,docvqa_297,33,4096,1024,17,174.059,174.059,120.644,0.195,0.707,111.506,6.001,145.569,151.804,360.056,22.503,511.86,685.919,33.212,44.438,0.235698,0.52009,0.703426
docvqa,896,64,190,iter190,docvqa_298,29,4096,1024,12,151.022,151.022,100.957,0.194,0.71,92.878,5.725,126.77,129.183,335.328,30.484,464.511,615.534,25.834,32.804,0.217341,0.490251,0.721894
docvqa,896,64,191,iter191,docvqa_49449,28,4096,1024,17,127.801,127.801,100.396,0.197,0.688,92.258,5.737,123.722,126.248,361.92,22.62,488.169,615.969,34.824,44.209,0.205658,0.459098,0.741384
docvqa,896,64,192,iter192,docvqa_300,37,4096,1024,20,129.067,129.067,97.036,0.195,0.665,88.977,5.78,120.646,122.877,419.373,22.072,542.25,671.317,36.883,45.306,0.17895,0.401441,0.773394
docvqa,896,64,193,iter193,docvqa_49454,33,4096,1024,20,139.335,139.335,111.227,0.194,0.659,103.245,5.807,151.731,154.024,425.18,22.378,579.204,718.539,34.53,44.687,0.192034,0.453999,0.734076
docvqa,896,64,194,iter194,docvqa_303,37,4096,1024,17,127.139,127.139,95.269,0.194,0.68,87.229,5.773,129.978,132.388,408.933,25.558,541.321,668.46,31.405,39.126,0.175993,0.416105,0.755435
docvqa,896,64,195,iter195,docvqa_304,35,4096,1024,30,136.844,136.844,96.99,0.195,0.667,88.801,5.782,120.357,122.577,614.116,21.176,736.693,873.537,40.723,47.222,0.131655,0.29503,0.833611
docvqa,896,64,196,iter196,docvqa_305,30,4096,1024,19,127.801,127.801,94.961,0.195,0.666,87.007,5.72,117.179,119.264,446.571,24.81,565.835,693.637,33.579,40.307,0.167824,0.374915,0.789224
docvqa,896,64,197,iter197,docvqa_49455,28,4096,1024,40,111.623,111.623,94.39,0.195,0.684,86.425,5.764,116.495,118.456,835.313,21.418,953.769,1065.392,41.939,46.689,0.098965,0.221106,0.875802
docvqa,896,64,198,iter198,docvqa_307,36,4096,1024,16,130.543,130.543,95.082,0.194,0.674,87.147,5.725,119.019,121.12,318.676,21.245,439.796,570.338,36.381,47.07,0.216197,0.48682,0.7246
docvqa,896,64,199,iter199,docvqa_49461,40,4096,1024,20,352.578,352.578,98.074,0.195,0.668,90.047,5.799,120.515,122.819,387.291,20.384,510.11,862.688,39.207,49.059,0.192261,0.428513,0.75923
docvqa,896,64,200,iter200,docvqa_49465,34,4096,1024,22,123.691,123.691,97.3,0.196,0.664,89.367,5.742,132.244,134.473,514.789,24.514,649.262,772.953,33.885,40.793,0.149862,0.353545,0.792884
docvqa,896,64,201,iter201,docvqa_317,29,4096,1024,14,156.01,156.01,101.999,0.194,0.713,93.748,5.771,127.338,130.152,339.178,26.091,469.33,625.341,29.83,38.328,0.217329,0.488647,0.722686
docvqa,896,64,202,iter202,docvqa_319,33,4096,1024,22,147.456,147.456,101.224,0.194,0.684,93.121,5.744,125.945,128.274,493.58,23.504,621.854,769.31,35.378,42.546,0.162778,0.36531,0.793724
docvqa,896,64,203,iter203,docvqa_320,30,4096,1024,64,152.421,152.421,101.029,0.194,0.68,92.931,5.745,129.054,131.606,1566.317,24.862,1697.923,1850.344,37.693,40.222,0.059502,0.135509,0.92249
docvqa,896,64,204,iter204,docvqa_321,28,4096,1024,64,205.86,205.86,101.2,0.195,0.697,93.09,5.761,125.299,127.586,1570.912,24.935,1698.499,1904.358,37.68,40.104,0.059582,0.133353,0.924883
docvqa,896,64,205,iter205,docvqa_345,29,4096,1024,13,177.317,177.317,106.209,0.194,0.683,98.089,5.776,143.036,145.531,278.662,23.222,424.193,601.51,30.646,43.063,0.250379,0.587574,0.656922
docvqa,896,64,206,iter206,docvqa_346,26,4096,1024,22,152.075,152.075,101.763,0.195,0.661,93.735,5.782,140.509,142.857,509.686,24.271,652.543,804.618,33.714,41.202,0.155949,0.371274,0.781077
docvqa,896,64,207,iter207,docvqa_347,38,4096,1024,25,175.188,175.188,126.24,0.194,0.66,118.214,5.809,150.458,152.603,581.305,24.221,733.908,909.096,34.064,41.286,0.172011,0.37702,0.792068
docvqa,896,64,208,iter208,docvqa_348,36,4096,1024,24,125.948,125.948,100.718,0.196,0.661,92.743,5.738,134.953,137.327,559.336,24.319,696.663,822.612,34.45,41.12,0.144572,0.338286,0.802878
docvqa,896,64,209,iter209,docvqa_6943,26,4096,1024,18,149.375,149.375,102.436,0.195,0.682,94.256,5.79,127.869,130.41,438.363,25.786,568.773,718.148,31.647,38.781,0.180099,0.404915,0.770717
docvqa,896,64,210,iter210,docvqa_357,29,4096,1024,13,154.319,154.319,101.887,0.196,0.69,93.724,5.766,126.636,128.977,275.725,22.977,404.702,559.021,32.122,43.522,0.251758,0.564671,0.681304
docvqa,896,64,211,iter211,docvqa_358,34,4096,1024,16,291.416,291.416,139.936,0.196,0.751,131.12,5.797,171.571,180.98,338.825,22.588,519.804,811.221,30.781,44.271,0.26921,0.599278,0.651831
docvqa,896,64,212,iter212,docvqa_359,36,4096,1024,15,190.888,190.888,116.903,0.195,0.705,108.275,5.758,142.02,148.219,374.631,26.759,522.85,713.738,28.689,37.37,0.223588,0.495214,0.716517
docvqa,896,64,213,iter213,docvqa_360,38,4096,1024,21,166.412,166.412,101.827,0.194,0.672,93.712,5.764,126.66,129.077,455.478,22.774,584.555,750.967,35.925,43.91,0.174196,0.390873,0.779188
docvqa,896,64,214,iter214,docvqa_361,37,4096,1024,35,143.441,143.441,101.688,0.196,0.704,93.546,5.77,126.021,128.33,835.783,24.582,964.113,1107.554,36.303,40.68,0.105473,0.236185,0.866893
docvqa,896,64,215,iter215,docvqa_362,37,4096,1024,22,155.732,155.732,99.848,0.194,0.683,91.684,5.818,135.679,138.401,491.542,23.407,629.943,785.675,34.924,42.723,0.158502,0.373885,0.780296
docvqa,896,64,216,iter216,docvqa_363,37,4096,1024,19,133.329,133.329,95.886,0.195,0.683,87.899,5.749,118.566,120.668,375.779,20.877,496.447,629.777,38.272,47.9,0.193145,0.431975,0.756937
docvqa,896,64,217,iter217,docvqa_364,31,4096,1024,34,137.703,137.703,193.835,0.193,0.685,182.459,8.971,231.531,234.226,743.012,22.516,977.237,1114.94,34.792,44.414,0.19835,0.435273,0.760319
docvqa,896,64,218,iter218,docvqa_365,29,4096,1024,26,149.529,149.529,101.325,0.196,0.673,93.279,5.722,126.526,129.015,623.012,24.92,752.027,901.557,34.573,40.128,0.134736,0.302983,0.828444
docvqa,896,64,219,iter219,docvqa_8560,29,4096,1024,20,138.811,138.811,129.126,0.196,0.676,121.002,5.815,153.554,155.796,508.129,26.744,663.926,802.737,30.124,37.392,0.194489,0.425771,0.765341
docvqa,896,64,220,iter220,docvqa_4958,27,4096,1024,17,165.84,165.84,101.076,0.195,0.668,93.015,5.736,125.14,127.34,357.512,22.345,484.853,650.693,35.062,44.754,0.208467,0.466565,0.737363
docvqa,896,64,221,iter221,docvqa_8565,28,4096,1024,14,134.24,134.24,127.03,0.195,0.663,118.944,5.874,162.702,164.976,323.158,24.858,488.134,622.373,28.681,40.228,0.260236,0.593551,0.662028
docvqa,896,64,222,iter222,docvqa_4959,26,4096,1024,6,145.646,145.646,104.096,0.195,0.71,95.922,5.756,131.055,133.602,123.946,24.789,257.548,403.194,23.297,40.34,0.404181,0.913037,0.481255
docvqa,896,64,223,iter223,docvqa_375,38,4096,1024,24,152.393,152.393,112.116,0.193,0.688,103.937,5.835,151.627,154.168,538.346,23.406,692.514,844.906,34.656,42.723,0.161897,0.380848,0.777379
docvqa,896,64,224,iter224,docvqa_376,37,4096,1024,23,155.249,155.249,107.684,0.194,0.689,99.546,5.786,149.349,151.924,536.132,24.37,688.056,843.305,33.428,41.035,0.156505,0.373565,0.779199
docvqa,896,64,225,iter225,docvqa_377,27,4096,1024,12,158.982,158.982,101.545,0.196,0.694,93.449,5.727,126.366,128.737,289.666,26.333,418.404,577.386,28.68,37.975,0.242697,0.544715,0.692313
docvqa,896,64,226,iter226,docvqa_49528,27,4096,1024,9,199.101,199.101,123.851,0.195,0.687,115.678,5.811,148.375,150.696,207.991,25.999,358.687,557.788,25.092,38.463,0.34529,0.758952,0.579868
docvqa,896,64,227,iter227,docvqa_49530,27,4096,1024,9,182.194,182.194,128.257,0.194,0.688,120.088,5.809,162.009,164.26,184.822,23.103,349.082,531.275,25.782,43.285,0.367413,0.831514,0.529451
docvqa,896,64,228,iter228,docvqa_49532,31,4096,1024,18,399.996,399.996,105.007,0.198,0.68,96.445,5.758,129.221,132.186,433.015,25.471,565.202,965.197,31.847,39.26,0.185787,0.414415,0.766126
docvqa,896,64,229,iter229,docvqa_24499,31,4096,1024,13,139.539,139.539,100.794,0.196,0.664,92.798,5.73,124.896,127.105,301.724,25.144,428.829,568.368,30.315,39.771,0.235045,0.526293,0.703599
docvqa,896,64,230,iter230,docvqa_49534,31,4096,1024,20,291.893,291.893,104.814,0.195,0.675,96.729,5.737,128.963,131.606,458.443,24.129,590.049,881.941,33.895,41.445,0.177635,0.396198,0.776957
docvqa,896,64,231,iter231,docvqa_383,35,4096,1024,42,179.097,179.097,96.159,0.194,0.692,88.119,5.744,119.526,121.921,965.811,23.556,1087.732,1266.829,38.612,42.451,0.088403,0.198288,0.887912
docvqa,896,64,232,iter232,docvqa_384,26,4096,1024,64,143.722,143.722,123.012,0.196,0.671,114.923,5.839,146.645,148.841,1434.093,22.763,1582.934,1726.656,40.431,43.93,0.077711,0.170353,0.905971
docvqa,896,64,233,iter233,docvqa_385,33,4096,1024,26,159.544,159.544,96.397,0.194,0.673,88.427,5.737,119.244,121.416,577.153,23.086,698.569,858.113,37.219,43.316,0.137992,0.308689,0.826193
docvqa,896,64,234,iter234,docvqa_49536,35,4096,1024,57,174.822,174.822,96.402,0.196,0.676,88.403,5.749,119.144,121.292,1303.249,23.272,1424.541,1599.363,40.013,42.97,0.067672,0.151309,0.914855
docvqa,896,64,235,iter235,docvqa_24500,29,4096,1024,18,232.731,232.731,100.353,0.194,0.697,91.877,5.716,123.53,127.543,358.633,21.096,486.176,718.907,37.024,47.402,0.206412,0.460498,0.737661
docvqa,896,64,236,iter236,docvqa_33153,30,4096,1024,25,388.847,388.847,134.878,0.194,0.689,123.385,5.986,168.466,171.576,483.254,20.136,654.83,1043.678,38.178,49.663,0.205974,0.46324,0.737984
docvqa,896,64,237,iter237,docvqa_57733,40,4096,1024,24,155.564,155.564,99.674,0.195,0.703,91.537,5.731,267.015,269.097,568.034,24.697,837.132,992.696,28.669,40.49,0.119066,0.43803,0.678549
docvqa,896,64,238,iter238,docvqa_49542,27,4096,1024,18,313.881,313.881,143.084,0.196,0.709,133.701,6.17,165.168,168.791,376.809,22.165,545.599,859.48,32.991,45.116,0.262251,0.564979,0.690633
docvqa,896,64,239,iter239,docvqa_33158,27,4096,1024,11,308.713,308.713,99.174,0.194,0.685,91.049,5.734,121.829,125.157,205.466,20.547,330.624,639.337,33.27,48.67,0.299961,0.668443,0.621451
docvqa,896,64,240,iter240,docvqa_49544,33,4096,1024,34,176.871,176.871,101.881,0.197,0.685,93.667,5.772,126.866,129.601,830.491,25.166,960.092,1136.963,35.413,39.736,0.106116,0.238255,0.865011
docvqa,896,64,241,iter241,docvqa_58694,35,4096,1024,20,265.177,265.177,96.549,0.194,0.679,88.543,5.736,119.313,121.935,445.916,23.469,567.851,833.028,35.221,42.609,0.170026,0.38014,0.78527
docvqa,896,64,242,iter242,docvqa_49546,35,4096,1024,64,183.033,183.033,98.109,0.195,0.684,90.036,5.764,121.737,124.566,1461.53,23.199,1586.096,1769.129,40.351,43.106,0.061856,0.138608,0.921463
docvqa,896,64,243,iter243,docvqa_395,30,4096,1024,12,177.433,177.433,95.233,0.196,0.676,87.23,5.716,117.068,119.456,288.351,26.214,407.807,585.24,29.426,38.148,0.233524,0.520591,0.707076
docvqa,896,64,244,iter244,docvqa_396,28,4096,1024,11,145.422,145.422,97.939,0.195,0.66,89.984,5.739,120.639,122.924,209.898,20.99,332.822,478.244,33.051,47.642,0.294268,0.656742,0.630663
docvqa,896,64,245,iter245,docvqa_397,30,4096,1024,20,162.223,162.223,119.588,0.195,0.656,111.62,5.793,142.41,144.53,452.424,23.812,596.954,759.176,33.503,41.996,0.20033,0.438893,0.757888
docvqa,896,64,246,iter246,docvqa_49550,35,4096,1024,17,180.309,180.309,122.223,0.194,0.734,113.628,5.83,144.893,148.066,361.562,22.598,509.627,689.936,33.358,44.252,0.239829,0.52414,0.709463
docvqa,896,64,247,iter247,docvqa_58695,36,4096,1024,24,145.465,145.465,95.788,0.195,0.658,87.864,5.726,118.406,120.478,537.381,23.364,657.859,803.324,36.482,42.8,0.145606,0.325593,0.816864
docvqa,896,64,248,iter248,docvqa_398,30,4096,1024,14,180.751,180.751,99.299,0.195,0.673,91.243,5.744,123.0,125.228,283.593,21.815,408.82,589.571,34.245,45.84,0.242891,0.543756,0.693685
docvqa,896,64,249,iter249,docvqa_49555,41,4096,1024,30,415.11,415.11,103.093,0.195,0.697,94.607,5.721,126.564,129.976,590.04,20.346,720.016,1135.126,41.666,49.149,0.143182,0.318961,0.819481
docvqa,896,64,250,iter250,docvqa_16789,36,4096,1024,25,141.145,141.145,95.129,0.194,0.672,87.202,5.721,120.685,123.438,556.932,23.206,680.37,821.515,36.745,43.093,0.13982,0.317201,0.818572
docvqa,896,64,251,iter251,docvqa_407,29,4096,1024,14,158.797,158.797,95.411,0.196,0.677,87.44,5.707,118.647,121.217,276.333,21.256,397.55,556.346,35.216,47.045,0.239997,0.538442,0.69509
docvqa,896,64,252,iter252,docvqa_49560,35,4096,1024,22,225.082,225.082,95.414,0.195,0.68,87.386,5.729,127.38,130.048,504.674,24.032,634.722,859.804,34.661,41.611,0.150324,0.35101,0.79511
docvqa,896,64,253,iter253,docvqa_408,30,4096,1024,15,162.268,162.268,102.638,0.195,0.69,94.487,5.738,127.149,129.78,317.293,22.664,447.073,609.341,33.552,44.123,0.229577,0.51398,0.709712
docvqa,896,64,254,iter254,docvqa_409,29,4096,1024,30,250.326,250.326,142.621,0.195,0.723,128.732,5.949,169.3,176.983,690.057,23.795,867.04,1117.366,34.6,42.026,0.164492,0.359754,0.795877
docvqa,896,64,255,iter255,docvqa_24505,30,4096,1024,17,210.657,210.657,95.708,0.195,0.675,87.71,5.739,118.387,120.832,332.367,20.773,453.199,663.856,37.511,48.14,0.211182,0.472408,0.73338
docvqa,896,64,256,iter256,docvqa_410,36,4096,1024,27,151.527,151.527,118.641,0.194,0.667,110.601,5.791,141.22,143.378,582.024,22.386,725.402,876.928,37.221,44.672,0.163552,0.35823,0.802347
docvqa,896,64,257,iter257,docvqa_49565,28,4096,1024,13,161.559,161.559,95.457,0.193,0.669,87.508,5.734,117.975,120.122,265.644,22.137,385.766,547.324,33.699,45.173,0.247449,0.55327,0.688615
docvqa,896,64,258,iter258,docvqa_16801,29,4096,1024,10,166.348,166.348,95.316,0.194,0.656,87.447,5.726,117.618,119.78,224.046,24.894,343.826,510.175,29.084,40.17,0.277222,0.619308,0.651627
docvqa,896,64,259,iter259,docvqa_49569,28,4096,1024,14,179.73,179.73,96.538,0.196,0.652,88.566,5.787,120.808,122.819,302.888,23.299,425.707,605.437,32.886,42.92,0.22677,0.510552,0.711493
docvqa,896,64,260,iter260,docvqa_57765,34,4096,1024,20,190.026,190.026,110.935,0.195,0.702,102.367,5.724,134.979,138.681,443.128,23.323,581.809,771.836,34.376,42.877,0.190673,0.422671,0.761638
docvqa,896,64,261,iter261,docvqa_57766,34,4096,1024,17,147.407,147.407,97.072,0.195,0.679,89.078,5.742,120.32,122.508,336.022,21.001,458.53,605.937,37.075,47.616,0.211704,0.474107,0.732824
docvqa,896,64,262,iter262,docvqa_57767,32,4096,1024,14,156.812,156.812,119.394,0.194,0.667,111.42,5.779,141.595,143.626,308.1,23.7,451.726,608.538,30.992,42.194,0.264305,0.57776,0.68205
docvqa,896,64,263,iter263,docvqa_58700,26,4096,1024,15,146.27,146.27,111.737,0.195,0.675,103.719,5.798,142.562,144.631,293.746,20.982,438.377,584.647,34.217,47.66,0.254888,0.580093,0.670076
docvqa,896,64,264,iter264,docvqa_49574,31,4096,1024,20,171.568,171.568,96.678,0.194,0.674,88.771,5.713,125.775,128.698,441.383,23.231,570.081,741.649,35.083,43.047,0.169586,0.390212,0.774246
docvqa,896,64,265,iter265,docvqa_57770,34,4096,1024,20,136.011,136.011,97.537,0.195,0.682,89.598,5.714,120.56,122.631,542.319,28.543,664.95,800.961,30.077,35.035,0.146683,0.327989,0.815579
docvqa,896,64,266,iter266,docvqa_57771,34,4096,1024,17,131.044,131.044,97.48,0.195,0.673,89.478,5.747,121.253,123.607,377.558,23.597,501.164,632.208,33.921,42.378,0.194506,0.436448,0.753361
docvqa,896,64,267,iter267,docvqa_49579,33,4096,1024,22,242.581,242.581,102.278,0.195,0.706,94.073,5.747,127.741,130.856,459.038,21.859,589.894,832.475,37.295,45.748,0.173383,0.389931,0.77817
docvqa,896,64,268,iter268,docvqa_49577,29,4096,1024,12,132.189,132.189,101.788,0.194,0.682,93.638,5.749,126.93,129.561,294.381,26.762,423.942,556.132,28.306,37.367,0.240098,0.539502,0.694389
docvqa,896,64,269,iter269,docvqa_49583,31,4096,1024,20,182.965,182.965,99.26,0.195,0.702,91.078,5.8,135.025,137.616,430.063,22.635,567.679,750.644,35.231,44.18,0.174852,0.412707,0.757582
docvqa,896,64,270,iter270,docvqa_431,40,4096,1024,24,140.621,140.621,97.491,0.194,0.677,89.517,5.762,121.504,123.622,516.703,22.465,640.325,780.946,37.481,44.513,0.152253,0.342006,0.806939
docvqa,896,64,271,iter271,docvqa_58702,38,4096,1024,26,154.482,154.482,98.307,0.196,0.665,90.2,5.778,122.852,125.151,596.49,23.86,721.64,876.122,36.029,41.912,0.136228,0.306467,0.826575
docvqa,896,64,272,iter272,docvqa_49586,28,4096,1024,64,169.538,169.538,97.13,0.195,0.678,89.111,5.736,120.645,123.06,1432.135,22.732,1555.195,1724.734,41.152,43.99,0.062455,0.140031,0.920871
docvqa,896,64,273,iter273,docvqa_432,36,4096,1024,20,141.773,141.773,127.15,0.196,0.689,118.932,5.86,157.435,160.11,394.139,20.744,554.248,696.022,36.085,48.206,0.22941,0.513462,0.711123
docvqa,896,64,274,iter274,docvqa_57780,34,4096,1024,16,316.571,316.571,98.438,0.196,0.676,90.404,5.738,120.924,126.402,308.004,20.534,434.406,750.977,36.832,48.701,0.226603,0.504969,0.709024
docvqa,896,64,275,iter275,docvqa_57781,34,4096,1024,16,199.44,199.44,112.314,0.195,0.708,103.723,5.784,134.583,137.644,378.131,25.209,515.775,715.215,31.021,39.669,0.217757,0.478692,0.733132
docvqa,896,64,276,iter276,docvqa_57782,35,4096,1024,34,164.439,164.439,96.957,0.198,0.665,89.009,5.736,119.967,121.99,742.176,22.49,864.166,1028.605,39.344,44.464,0.112197,0.251021,0.858835
docvqa,896,64,277,iter277,docvqa_57783,31,4096,1024,16,166.579,166.579,119.685,0.196,0.665,111.66,5.828,146.89,148.917,308.394,20.56,457.311,623.89,34.987,48.639,0.261714,0.582917,0.674364
docvqa,896,64,278,iter278,docvqa_57784,31,4096,1024,24,214.074,214.074,116.509,0.194,0.681,108.067,5.739,139.217,142.013,523.646,22.767,665.659,879.733,36.055,43.923,0.175028,0.384169,0.786658
docvqa,896,64,279,iter279,docvqa_433,36,4096,1024,21,130.357,130.357,97.417,0.195,0.678,89.394,5.782,120.671,123.049,411.587,20.579,534.636,664.993,39.279,48.592,0.182213,0.407919,0.769845
docvqa,896,64,280,iter280,docvqa_16826,32,4096,1024,19,228.222,228.222,96.711,0.194,0.667,88.799,5.721,119.27,121.558,408.333,22.685,529.891,758.113,35.856,44.082,0.182512,0.407597,0.770599
docvqa,896,64,281,iter281,docvqa_57786,34,4096,1024,17,152.586,152.586,127.193,0.194,0.682,119.022,5.928,154.418,156.751,383.237,23.952,539.988,692.574,31.482,41.75,0.235549,0.521514,0.709714
docvqa,896,64,282,iter282,docvqa_49595,38,4096,1024,26,187.835,187.835,96.294,0.194,0.664,88.384,5.708,118.895,120.943,568.13,22.725,689.074,876.908,37.732,44.004,0.139744,0.312288,0.824485
docvqa,896,64,283,iter283,docvqa_444,29,4096,1024,18,146.013,146.013,97.342,0.194,0.673,89.412,5.739,121.458,123.529,362.567,21.327,486.096,632.109,37.03,46.888,0.200253,0.450117,0.745875
docvqa,896,64,284,iter284,docvqa_16830,32,4096,1024,23,146.698,146.698,96.273,0.194,0.654,88.407,5.718,129.104,131.382,528.695,24.032,660.077,806.775,34.844,41.612,0.145851,0.341441,0.800959
docvqa,896,64,285,iter285,docvqa_16831,31,4096,1024,23,144.287,144.287,96.168,0.194,0.665,88.278,5.713,120.296,122.439,503.834,22.902,626.272,770.559,36.725,43.665,0.153555,0.345638,0.804496
docvqa,896,64,286,iter286,docvqa_16832,31,4096,1024,16,153.466,153.466,124.911,0.195,0.663,116.912,5.785,147.913,150.082,316.604,21.107,466.686,620.152,34.284,47.378,0.267655,0.584598,0.67841
docvqa,896,64,287,iter287,docvqa_57790,30,4096,1024,9,144.981,144.981,129.426,0.196,0.664,121.377,5.87,152.835,154.923,173.55,21.694,328.473,473.454,27.4,46.096,0.394024,0.859312,0.528355
docvqa,896,64,288,iter288,docvqa_57791,33,4096,1024,29,158.933,158.933,96.694,0.194,0.675,88.71,5.727,119.419,121.777,624.97,22.32,746.747,905.681,38.835,44.802,0.129487,0.289407,0.836923
docvqa,896,64,289,iter289,docvqa_16835,36,4096,1024,20,184.327,184.327,96.46,0.194,0.671,88.504,5.746,119.078,121.204,394.903,20.784,516.107,700.434,38.752,48.113,0.1869,0.417623,0.765157
docvqa,896,64,290,iter290,docvqa_450,31,4096,1024,15,163.593,163.593,119.379,0.195,0.657,111.461,5.785,141.41,143.397,287.153,20.511,430.55,594.143,34.839,48.754,0.27727,0.605711,0.666945
docvqa,896,64,291,iter291,docvqa_16837,33,4096,1024,17,148.88,148.88,94.72,0.196,0.667,86.826,5.744,116.663,118.708,325.019,20.314,443.726,592.606,38.312,49.228,0.213465,0.476382,0.732475
docvqa,896,64,292,iter292,docvqa_57798,44,4096,1024,28,134.838,134.838,93.933,0.194,0.659,86.074,5.722,115.603,117.598,578.531,21.427,696.129,830.967,40.222,46.67,0.134936,0.301001,0.831068
docvqa,896,64,293,iter293,docvqa_16839,35,4096,1024,19,142.694,142.694,94.403,0.195,0.662,86.552,5.715,116.235,118.33,392.088,21.783,510.418,653.111,37.224,45.908,0.184953,0.412678,0.768171
docvqa,896,64,294,iter294,docvqa_57799,37,4096,1024,46,137.813,137.813,96.623,0.195,0.683,88.524,5.797,120.51,122.795,1016.149,22.581,1138.944,1276.757,40.388,44.285,0.084836,0.190644,0.892185
docvqa,896,64,295,iter295,docvqa_57800,40,4096,1024,32,165.011,165.011,94.721,0.195,0.665,86.76,5.724,116.653,118.689,649.361,20.947,768.05,933.061,41.664,47.739,0.123326,0.275208,0.845467
docvqa,896,64,296,iter296,docvqa_57801,35,4096,1024,52,240.464,240.464,102.138,0.195,0.672,94.15,5.735,124.71,126.958,1120.719,21.975,1247.677,1488.141,41.677,45.506,0.081862,0.181816,0.898244
docvqa,896,64,297,iter297,docvqa_57803,35,4096,1024,17,135.326,135.326,94.661,0.196,0.663,86.736,5.728,116.979,119.065,328.095,20.506,447.16,582.486,38.018,48.766,0.211693,0.473298,0.733732
docvqa,896,64,298,iter298,docvqa_57804,29,4096,1024,10,129.242,129.242,152.689,0.194,0.725,143.356,6.296,203.193,207.122,279.965,31.107,487.087,616.328,20.53,32.147,0.313475,0.730636,0.574774
docvqa,896,64,299,iter299,docvqa_57805,31,4096,1024,47,130.018,130.018,95.513,0.194,0.677,87.509,5.74,118.587,120.931,1026.48,22.315,1147.41,1277.428,40.962,44.813,0.083242,0.186594,0.894606
docvqa,896,64,300,iter300,docvqa_49605,29,4096,1024,33,177.715,177.715,97.272,0.193,0.668,89.303,5.737,121.09,123.244,706.663,22.083,829.907,1007.622,39.764,45.283,0.117208,0.263116,0.851496
docvqa,896,64,301,iter301,docvqa_57807,32,4096,1024,15,125.769,125.769,95.785,0.194,0.672,87.822,5.737,118.132,120.231,373.736,26.695,493.966,619.736,30.366,37.46,0.19391,0.43306,0.756601
docvqa,896,64,302,iter302,docvqa_57808,30,4096,1024,17,106.322,106.322,97.451,0.194,0.665,89.48,5.731,120.957,123.218,339.996,21.25,463.213,569.536,36.7,47.059,0.21038,0.471507,0.733994
docvqa,896,64,303,iter303,docvqa_49617,34,4096,1024,26,134.948,134.948,122.26,0.195,0.664,114.255,5.789,149.284,151.409,566.68,22.667,718.089,853.037,36.207,44.117,0.170257,0.378149,0.78915
docvqa,896,64,304,iter304,docvqa_57810,28,4096,1024,23,138.695,138.695,95.228,0.194,0.661,87.295,5.729,117.695,119.722,500.17,22.735,619.892,758.587,37.103,43.985,0.15362,0.343484,0.806867
docvqa,896,64,305,iter305,docvqa_41421,30,4096,1024,12,181.729,181.729,94.926,0.195,0.667,86.973,5.721,117.413,119.507,225.669,20.515,345.176,526.905,34.765,48.744,0.275006,0.61516,0.65378
docvqa,896,64,306,iter306,docvqa_461,40,4096,1024,64,363.52,363.52,94.038,0.195,0.669,86.121,5.714,116.193,118.497,1350.615,21.438,1469.112,1832.632,43.564,46.645,0.06401,0.143101,0.919341
docvqa,896,64,307,iter307,docvqa_463,43,4096,1024,64,158.825,158.825,94.106,0.194,0.666,86.21,5.733,116.083,118.069,1387.319,22.021,1505.388,1664.213,42.514,45.411,0.062513,0.139625,0.921569
docvqa,896,64,308,iter308,docvqa_4977,27,4096,1024,12,154.922,154.922,94.568,0.195,0.666,86.641,5.736,117.313,119.444,229.038,20.822,348.482,503.404,34.435,48.027,0.271372,0.608012,0.657244
docvqa,896,64,309,iter309,docvqa_57815,35,4096,1024,17,242.538,242.538,95.562,0.195,0.68,87.526,5.767,130.489,132.931,343.125,21.445,476.056,718.594,35.71,46.63,0.200738,0.474843,0.720766
docvqa,896,64,310,iter310,docvqa_4978,27,4096,1024,17,154.286,154.286,95.15,0.195,0.67,87.234,5.71,117.365,119.351,355.967,22.248,475.318,629.604,35.766,44.948,0.200181,0.447099,0.748903
docvqa,896,64,311,iter311,docvqa_57817,48,4096,1024,26,194.493,194.493,103.42,0.195,0.703,94.747,5.762,556.735,560.323,613.583,24.543,1173.905,1368.398,22.148,40.744,0.088099,0.562358,0.522685
docvqa,896,64,312,iter312,docvqa_41434,30,4096,1024,14,175.407,175.407,129.558,0.196,0.681,121.378,5.851,154.101,156.388,296.504,22.808,452.892,628.299,30.912,43.844,0.286069,0.62633,0.65469
docvqa,896,64,313,iter313,docvqa_57819,31,4096,1024,23,144.117,144.117,101.27,0.196,0.671,93.188,5.753,125.654,127.92,604.136,27.461,732.056,876.174,31.418,36.416,0.138337,0.309982,0.82526
docvqa,896,64,314,iter314,docvqa_57820,33,4096,1024,14,174.062,174.062,101.064,0.195,0.669,93.008,5.753,125.354,127.732,326.573,25.121,454.305,628.368,30.816,39.807,0.222458,0.498383,0.718841
docvqa,896,64,315,iter315,docvqa_57821,33,4096,1024,14,206.924,206.924,95.303,0.194,0.682,87.309,5.696,117.851,121.091,259.009,19.924,380.1,587.024,36.832,50.191,0.25073,0.560783,0.681424
docvqa,896,64,316,iter316,docvqa_57822,34,4096,1024,23,143.728,143.728,94.221,0.195,0.658,86.343,5.75,116.278,118.52,515.778,23.444,634.299,778.027,36.261,42.654,0.148544,0.331861,0.813147
docvqa,896,64,317,iter317,docvqa_57823,27,4096,1024,17,164.477,164.477,106.184,0.195,0.662,98.188,5.78,140.034,142.489,333.338,20.834,475.828,640.304,35.727,47.999,0.223156,0.517452,0.700544
docvqa,896,64,318,iter318,docvqa_49629,32,4096,1024,16,230.077,230.077,95.185,0.195,0.66,87.263,5.725,117.382,119.455,347.453,23.164,466.908,696.985,34.268,43.171,0.203862,0.455265,0.744157
docvqa,896,64,319,iter319,docvqa_57825,36,4096,1024,15,146.817,146.817,94.792,0.196,0.67,86.88,5.729,116.711,118.934,284.435,20.317,403.369,550.186,37.187,49.22,0.235001,0.524343,0.705149
docvqa,896,64,320,iter320,docvqa_57826,36,4096,1024,16,271.697,271.697,99.363,0.196,0.702,91.328,5.723,122.111,124.627,321.236,21.416,445.863,717.561,35.885,46.695,0.222854,0.49673,0.720482
docvqa,896,64,321,iter321,docvqa_57827,35,4096,1024,21,176.248,176.248,103.741,0.195,0.701,95.592,5.736,129.101,132.696,522.855,26.143,655.551,831.799,32.034,38.252,0.15825,0.355186,0.797581
docvqa,896,64,322,iter322,docvqa_476,29,4096,1024,11,165.531,165.531,101.076,0.194,0.687,93.012,5.73,125.397,127.814,222.828,22.283,350.642,516.173,31.371,44.878,0.28826,0.645882,0.635485
docvqa,896,64,323,iter323,docvqa_4980,28,4096,1024,28,157.748,157.748,112.35,0.196,0.681,103.705,6.353,143.06,145.627,600.815,22.252,746.442,904.19,37.511,44.939,0.150514,0.342169,0.804905
docvqa,896,64,324,iter324,docvqa_57833,27,4096,1024,9,145.824,145.824,95.323,0.196,0.671,87.353,5.738,117.334,119.539,162.645,20.331,282.184,428.008,31.894,49.187,0.337806,0.753613,0.576378
docvqa,896,64,325,iter325,docvqa_41449,30,4096,1024,17,168.929,168.929,125.54,0.194,0.662,117.544,5.863,148.753,150.914,371.538,23.221,522.452,691.381,32.539,43.064,0.240291,0.525012,0.711143
docvqa,896,64,326,iter326,docvqa_57835,34,4096,1024,17,170.045,170.045,94.788,0.194,0.667,86.855,5.734,117.05,119.153,327.145,20.447,446.298,616.343,38.091,48.908,0.212387,0.474656,0.733019
docvqa,896,64,327,iter327,docvqa_57836,27,4096,1024,12,267.636,267.636,119.691,0.194,0.696,106.81,5.741,144.397,151.063,243.271,22.116,394.333,661.969,30.431,45.217,0.303529,0.669708,0.616916
docvqa,896,64,328,iter328,docvqa_57837,27,4096,1024,15,201.721,201.721,100.218,0.195,0.667,92.232,5.75,124.018,126.234,345.447,24.675,471.68,673.401,31.801,40.527,0.212471,0.4754,0.732375
docvqa,896,64,329,iter329,docvqa_57838,27,4096,1024,13,191.692,191.692,125.53,0.195,0.691,116.805,5.894,150.586,153.974,279.015,23.251,432.989,624.681,30.024,43.008,0.289914,0.637696,0.644393
docvqa,896,64,330,iter330,docvqa_49643,34,4096,1024,24,113.693,113.693,134.138,0.194,0.674,125.759,5.971,173.155,175.669,612.413,26.627,788.082,901.775,30.454,37.556,0.170209,0.389925,0.777093
docvqa,896,64,331,iter331,docvqa_57841,28,4096,1024,10,161.659,161.659,129.241,0.194,0.663,121.186,5.8,158.331,160.612,203.057,22.562,363.669,525.328,27.498,44.323,0.355381,0.790752,0.558357
docvqa,896,64,332,iter332,docvqa_57843,26,4096,1024,10,269.703,269.703,107.069,0.195,0.679,98.61,5.735,131.18,138.189,204.034,22.67,342.223,611.926,29.221,44.11,0.312864,0.696181,0.596203
docvqa,896,64,333,iter333,docvqa_57844,29,4096,1024,16,259.304,259.304,101.176,0.196,0.69,92.598,5.736,125.921,129.103,380.685,25.379,509.788,769.092,31.386,39.403,0.198467,0.445474,0.746751
docvqa,896,64,334,iter334,docvqa_57845,31,4096,1024,19,160.942,160.942,101.05,0.195,0.697,92.924,5.748,125.593,128.423,568.194,31.566,696.617,857.559,27.275,31.679,0.145057,0.325347,0.815647
docvqa,896,64,335,iter335,docvqa_57853,26,4096,1024,17,165.939,165.939,103.285,0.195,0.689,95.15,5.747,128.05,130.639,432.986,27.062,563.625,729.564,30.162,36.953,0.183251,0.410441,0.768216
docvqa,896,64,336,iter336,docvqa_57854,35,4096,1024,22,153.678,153.678,102.376,0.196,0.682,94.21,5.769,127.788,130.318,534.583,25.456,664.9,818.578,33.088,39.283,0.153972,0.346163,0.804004
docvqa,896,64,337,iter337,docvqa_57855,37,4096,1024,20,149.571,149.571,116.844,0.194,0.713,108.364,5.902,156.756,159.734,553.744,29.144,713.478,863.049,28.032,34.312,0.163767,0.383474,0.776119
docvqa,896,64,338,iter338,docvqa_57857,30,4096,1024,33,166.181,166.181,103.199,0.195,0.676,95.06,5.781,128.333,130.865,787.66,24.614,918.525,1084.706,35.927,40.627,0.112353,0.252069,0.857528
docvqa,896,64,339,iter339,docvqa_57858,37,4096,1024,24,166.842,166.842,120.364,0.195,0.689,111.977,5.852,159.985,162.525,583.894,25.387,746.419,913.261,32.154,39.391,0.161256,0.375592,0.78226
docvqa,896,64,340,iter340,docvqa_45694,40,4096,1024,24,137.974,137.974,124.209,0.194,0.672,116.067,5.847,148.845,151.169,529.021,23.001,680.19,818.164,35.284,43.477,0.182609,0.401437,0.777755
docvqa,896,64,341,iter341,docvqa_55464,55,4096,1024,24,137.812,137.812,101.662,0.196,0.671,93.635,5.751,557.228,559.448,557.277,24.229,1116.726,1254.538,21.491,41.272,0.091036,0.59002,0.499028
docvqa,896,64,342,iter342,docvqa_57880,29,4096,1024,13,183.594,183.594,130.023,0.195,0.679,121.669,5.976,157.217,159.708,324.441,27.037,484.149,667.743,26.851,36.987,0.268559,0.593289,0.670126
docvqa,896,64,343,iter343,docvqa_57881,32,4096,1024,18,206.016,206.016,101.977,0.194,0.685,93.878,5.753,127.352,129.869,425.035,25.002,554.903,760.92,32.438,39.997,0.183774,0.413278,0.765961
docvqa,896,64,344,iter344,docvqa_57882,32,4096,1024,32,198.439,198.439,101.548,0.195,0.683,93.47,5.754,125.985,128.141,780.544,25.179,908.685,1107.123,35.216,39.716,0.111753,0.250399,0.858982
docvqa,896,64,345,iter345,docvqa_57883,27,4096,1024,35,194.112,194.112,101.628,0.194,0.69,93.542,5.761,126.991,129.307,852.608,25.077,981.915,1176.027,35.645,39.878,0.1035,0.23283,0.868311
docvqa,896,64,346,iter346,docvqa_57884,32,4096,1024,15,188.997,188.997,102.374,0.197,0.697,94.213,5.756,127.339,129.749,367.527,26.252,497.276,686.274,30.164,38.092,0.205869,0.461942,0.73908
docvqa,896,64,347,iter347,docvqa_57885,30,4096,1024,14,191.261,191.261,102.353,0.195,0.71,94.149,5.766,127.997,130.579,338.73,26.056,469.31,660.57,29.831,38.379,0.218093,0.490828,0.721763
docvqa,896,64,348,iter348,docvqa_57886,28,4096,1024,16,152.674,152.674,101.902,0.195,0.682,93.783,5.762,126.933,129.405,419.111,27.941,548.516,701.19,29.17,35.79,0.185779,0.417191,0.764082
docvqa,896,64,349,iter349,docvqa_57887,37,4096,1024,19,177.092,177.092,95.588,0.195,0.671,87.563,5.759,118.888,121.416,380.821,21.157,502.237,679.329,37.831,47.266,0.190325,0.427042,0.75825
docvqa,896,64,350,iter350,docvqa_57888,37,4096,1024,23,203.75,203.75,95.306,0.196,0.674,87.342,5.751,118.151,120.473,455.482,20.704,575.955,779.705,39.934,48.3,0.165474,0.370613,0.790829
docvqa,896,64,351,iter351,docvqa_57889,33,4096,1024,14,144.615,144.615,119.101,0.193,0.659,110.97,5.962,145.829,147.968,353.025,27.156,500.993,645.608,27.944,36.825,0.237731,0.528811,0.704651
docvqa,896,64,352,iter352,docvqa_57890,32,4096,1024,18,171.544,171.544,95.752,0.193,0.687,87.776,5.746,118.362,120.535,352.251,20.721,472.786,644.329,38.072,48.261,0.202528,0.452877,0.745055
docvqa,896,64,353,iter353,docvqa_57891,32,4096,1024,25,171.91,171.91,95.515,0.194,0.665,87.558,5.733,118.031,120.147,584.908,24.371,705.055,876.965,35.458,41.032,0.135471,0.302878,0.829592
docvqa,896,64,354,iter354,docvqa_553,25,4096,1024,14,135.929,135.929,95.741,0.196,0.662,87.779,5.733,118.598,120.842,269.556,20.735,390.399,526.328,35.861,48.227,0.245238,0.549026,0.690464
docvqa,896,64,355,iter355,docvqa_554,33,4096,1024,24,137.384,137.384,95.642,0.197,0.665,87.715,5.728,118.084,120.178,518.794,22.556,638.972,776.356,37.56,44.334,0.14968,0.334484,0.81192
docvqa,896,64,356,iter356,docvqa_555,29,4096,1024,21,169.651,169.651,94.419,0.194,0.67,86.496,5.724,116.726,118.796,449.994,22.5,568.79,738.441,36.92,44.445,0.166,0.371219,0.791142
docvqa,896,64,357,iter357,docvqa_57899,32,4096,1024,19,168.848,168.848,95.536,0.195,0.673,87.585,5.721,118.216,120.543,411.073,22.837,531.617,700.465,35.74,43.788,0.179709,0.402079,0.773251
docvqa,896,64,358,iter358,docvqa_57900,35,4096,1024,15,150.409,150.409,97.975,0.193,0.671,89.971,5.753,121.662,123.916,333.714,23.837,457.63,608.04,32.778,41.952,0.214093,0.479945,0.729222
docvqa,896,64,359,iter359,docvqa_57901,31,4096,1024,34,265.888,265.888,102.529,0.195,0.723,94.143,5.762,128.703,132.143,816.486,24.742,948.629,1214.517,35.841,40.417,0.108081,0.243754,0.860701
docvqa,896,64,360,iter360,docvqa_57902,29,4096,1024,11,278.215,278.215,105.662,0.195,0.694,97.45,5.773,130.83,133.47,315.908,31.591,449.378,727.592,24.478,31.655,0.23513,0.526266,0.70299
docvqa,896,64,361,iter361,docvqa_57903,30,4096,1024,23,148.798,148.798,101.87,0.197,0.682,93.725,5.773,126.937,129.48,510.913,23.223,640.393,789.191,35.915,43.06,0.159074,0.357291,0.797811
docvqa,896,64,362,iter362,docvqa_57904,35,4096,1024,35,149.348,149.348,108.403,0.194,0.686,100.257,5.794,147.699,150.399,893.592,26.282,1043.991,1193.339,33.525,38.049,0.103835,0.245311,0.855939
docvqa,896,64,363,iter363,docvqa_57905,33,4096,1024,20,173.087,173.087,104.359,0.194,0.701,96.019,5.758,131.665,134.358,449.118,23.638,583.476,756.563,34.277,42.305,0.178857,0.404514,0.769728
docvqa,896,64,364,iter364,docvqa_581,31,4096,1024,13,365.732,365.732,110.144,0.196,0.698,101.611,5.757,135.443,139.265,287.18,23.932,426.445,792.178,30.485,41.786,0.258285,0.575895,0.673428
docvqa,896,64,365,iter365,docvqa_582,30,4096,1024,41,141.113,141.113,102.241,0.195,0.691,94.119,5.75,127.543,129.943,957.899,23.947,1087.842,1228.955,37.689,41.758,0.093985,0.211229,0.88055
docvqa,896,64,366,iter366,docvqa_583,32,4096,1024,15,143.896,143.896,95.582,0.194,0.679,87.61,5.725,119.184,121.513,379.084,27.077,500.597,644.493,29.964,36.931,0.190936,0.429019,0.757264
docvqa,896,64,367,iter367,docvqa_57928,28,4096,1024,10,140.039,140.039,94.894,0.195,0.661,87.003,5.731,116.783,118.958,186.344,20.705,305.302,445.341,32.754,48.298,0.310821,0.693338,0.61036
docvqa,896,64,368,iter368,docvqa_57929,28,4096,1024,62,197.576,197.576,94.3,0.195,0.655,86.458,5.709,116.141,118.206,1376.63,22.568,1494.836,1692.413,41.476,44.311,0.063084,0.140779,0.920924
docvqa,896,64,369,iter369,docvqa_584,31,4096,1024,16,160.072,160.072,95.043,0.196,0.669,87.127,5.722,117.345,119.553,305.414,20.361,424.967,585.039,37.65,49.114,0.223648,0.499775,0.718677
docvqa,896,64,370,iter370,docvqa_57931,26,4096,1024,7,153.09,153.09,94.721,0.195,0.646,86.908,5.723,116.561,118.554,121.644,20.274,240.197,393.287,29.143,49.324,0.394348,0.879622,0.506432
docvqa,896,64,371,iter371,docvqa_57933,34,4096,1024,14,163.987,163.987,94.429,0.195,0.644,86.631,5.703,123.22,125.506,332.999,25.615,458.505,622.492,30.534,39.039,0.205949,0.474691,0.726271
docvqa,896,64,372,iter372,docvqa_57934,33,4096,1024,19,285.283,285.283,105.526,0.196,0.703,97.204,5.776,130.938,135.342,417.129,23.174,552.471,837.754,34.391,43.152,0.191007,0.428012,0.755024
docvqa,896,64,373,iter373,docvqa_596,37,4096,1024,26,212.644,212.644,101.252,0.195,0.687,93.156,5.74,126.005,128.374,636.598,25.464,764.972,977.616,33.988,39.271,0.13236,0.297079,0.832184
docvqa,896,64,374,iter374,docvqa_597,32,4096,1024,17,231.723,231.723,102.612,0.193,0.696,94.41,5.754,127.854,130.539,364.246,22.765,494.785,726.508,34.358,43.926,0.207387,0.465791,0.73617
docvqa,896,64,375,iter375,docvqa_598,32,4096,1024,47,156.879,156.879,133.78,0.194,0.701,125.553,5.87,158.606,161.102,1159.916,25.216,1321.018,1477.896,35.579,39.658,0.10127,0.221334,0.878047
docvqa,896,64,376,iter376,docvqa_599,31,4096,1024,64,163.766,163.766,104.258,0.192,0.691,96.109,5.766,130.677,133.168,1568.075,24.89,1701.242,1865.009,37.62,40.177,0.061284,0.138097,0.921723
docvqa,896,64,377,iter377,docvqa_600,31,4096,1024,11,302.47,302.47,105.352,0.195,0.698,97.136,5.792,130.103,132.56,225.847,22.585,358.408,660.878,30.691,44.278,0.293945,0.656949,0.630141
docvqa,896,64,378,iter378,docvqa_601,33,4096,1024,22,137.287,137.287,103.743,0.196,0.663,95.649,5.786,129.959,132.149,552.148,26.293,684.296,821.583,32.15,38.033,0.151605,0.341521,0.806884
docvqa,896,64,379,iter379,docvqa_16981,28,4096,1024,17,163.487,163.487,132.133,0.195,0.678,123.816,5.921,169.74,172.672,384.473,24.03,557.146,720.632,30.513,41.615,0.237161,0.541822,0.690077
docvqa,896,64,380,iter380,docvqa_16990,37,4096,1024,20,150.162,150.162,101.202,0.193,0.668,93.193,5.736,125.457,127.653,512.014,26.948,639.667,789.829,31.266,37.108,0.158211,0.35434,0.800439
docvqa,896,64,381,iter381,docvqa_57951,27,4096,1024,9,573.775,573.775,102.268,0.194,0.789,90.427,5.728,125.361,132.207,189.238,23.655,321.445,895.22,27.999,42.275,0.318152,0.708144,0.58871
docvqa,896,64,382,iter382,docvqa_57952,33,4096,1024,16,510.074,510.074,96.56,0.195,0.681,88.414,5.769,128.459,131.222,395.228,26.349,526.45,1036.524,30.392,37.953,0.183418,0.427427,0.750741
docvqa,896,64,383,iter383,docvqa_57954,27,4096,1024,36,618.802,618.802,98.85,0.195,0.682,90.847,5.691,121.181,123.694,787.453,22.499,911.148,1529.95,39.511,44.447,0.10849,0.241488,0.864243
docvqa,896,64,384,iter384,docvqa_57955,34,4096,1024,14,587.44,587.44,94.242,0.194,0.672,86.311,5.686,116.45,118.823,262.295,20.177,381.118,968.559,36.734,49.562,0.247277,0.552824,0.688225
docvqa,896,64,385,iter385,docvqa_610,31,4096,1024,62,252.447,252.447,98.221,0.193,0.674,90.306,5.697,120.471,122.739,1420.444,23.286,1543.183,1795.63,40.177,42.944,0.063649,0.141715,0.920464
docvqa,896,64,386,iter386,docvqa_611,41,4096,1024,26,157.159,157.159,93.849,0.194,0.656,86.018,5.679,115.519,117.557,499.586,19.983,617.143,774.302,42.13,50.041,0.15207,0.339253,0.809515
docvqa,896,64,387,iter387,docvqa_612,33,4096,1024,25,212.327,212.327,94.404,0.195,0.673,86.482,5.728,116.494,118.655,559.029,23.293,677.685,890.012,36.89,42.932,0.139304,0.311205,0.824911
docvqa,896,64,388,iter388,docvqa_613,31,4096,1024,18,163.385,163.385,94.467,0.194,0.665,86.583,5.711,116.747,118.845,426.826,25.107,545.671,709.057,32.987,39.829,0.17312,0.387071,0.782204
docvqa,896,64,389,iter389,docvqa_16999,33,4096,1024,20,165.867,165.867,100.886,0.194,0.694,92.769,5.712,125.365,128.119,459.869,24.204,587.988,753.855,34.014,41.316,0.171579,0.384788,0.782107
docvqa,896,64,390,iter390,docvqa_17000,31,4096,1024,13,153.771,153.771,100.982,0.195,0.683,92.94,5.723,124.539,126.743,286.16,23.847,412.903,566.674,31.484,41.935,0.244566,0.546185,0.693044
docvqa,896,64,391,iter391,docvqa_17001,28,4096,1024,10,181.366,181.366,165.13,0.196,0.77,155.956,6.211,204.439,207.363,220.894,24.544,428.257,609.623,23.35,40.744,0.385586,0.86296,0.515798
docvqa,896,64,392,iter392,docvqa_57963,31,4096,1024,42,555.27,555.27,104.54,0.196,0.69,96.287,5.757,130.508,133.293,1077.666,26.285,1210.959,1766.228,34.683,38.045,0.086328,0.194101,0.889928
docvqa,896,64,393,iter393,docvqa_57964,28,4096,1024,44,574.934,574.934,119.054,0.195,0.698,110.652,5.897,155.108,158.131,1104.863,25.694,1262.994,1837.928,34.838,38.919,0.094264,0.217074,0.874797
docvqa,896,64,394,iter394,docvqa_57965,30,4096,1024,54,571.924,571.924,104.288,0.195,0.688,96.122,5.78,129.702,132.366,1310.302,24.723,1442.669,2014.593,37.431,40.449,0.072288,0.162192,0.908249
docvqa,896,64,395,iter395,docvqa_17002,30,4096,1024,14,148.488,148.488,104.118,0.197,0.689,96.004,5.767,129.04,131.395,344.255,26.481,475.65,624.138,29.433,37.763,0.218895,0.490187,0.723756
docvqa,896,64,396,iter396,docvqa_17003,33,4096,1024,25,185.885,185.885,103.968,0.198,0.672,95.922,5.745,129.11,131.487,557.148,23.215,688.635,874.52,36.304,43.077,0.150976,0.338463,0.809061
docvqa,896,64,397,iter397,docvqa_17004,31,4096,1024,20,470.394,470.394,131.41,0.195,0.711,120.129,5.858,156.678,165.968,433.022,22.791,598.99,1069.384,33.39,43.878,0.219387,0.480957,0.72292
docvqa,896,64,398,iter398,docvqa_57969,28,4096,1024,10,157.441,157.441,101.24,0.194,0.683,93.08,5.837,125.318,127.614,202.676,22.52,330.29,487.731,30.276,44.406,0.306518,0.685935,0.613631
docvqa,896,64,399,iter399,docvqa_17005,32,4096,1024,16,144.805,144.805,99.44,0.195,0.678,91.306,5.768,124.807,127.411,406.898,27.127,534.31,679.115,29.945,36.864,0.186109,0.419695,0.761541
docvqa,896,64,400,iter400,docvqa_57971,37,4096,1024,23,152.724,152.724,114.736,0.195,0.688,106.306,5.767,136.881,139.966,452.065,20.548,592.031,744.756,38.849,48.666,0.193801,0.425006,0.763583
docvqa,896,64,401,iter401,docvqa_17007,35,4096,1024,26,247.107,247.107,123.268,0.194,0.682,114.997,5.843,153.154,156.094,617.667,24.707,773.761,1020.868,33.602,40.475,0.15931,0.357245,0.798266
docvqa,896,64,402,iter402,docvqa_57973,32,4096,1024,14,145.09,145.09,102.07,0.196,0.699,93.944,5.751,126.912,129.408,299.942,23.072,429.35,574.441,32.607,43.342,0.237731,0.533321,0.698595
docvqa,896,64,403,iter403,docvqa_57974,35,4096,1024,17,143.225,143.225,102.944,0.198,0.684,94.675,5.793,127.956,130.382,387.937,24.246,518.319,661.543,32.798,41.244,0.198611,0.445479,0.748452
docvqa,896,64,404,iter404,docvqa_57975,32,4096,1024,17,292.589,292.589,110.467,0.193,0.704,101.356,5.785,137.184,143.669,372.911,23.307,516.58,809.169,32.909,42.906,0.213843,0.479405,0.721884
docvqa,896,64,405,iter405,docvqa_57976,32,4096,1024,18,147.648,147.648,101.65,0.196,0.696,93.605,5.714,125.719,128.058,424.207,24.953,552.265,699.913,32.593,40.075,0.18406,0.411702,0.768123
docvqa,896,64,406,iter406,docvqa_57977,34,4096,1024,21,299.581,299.581,107.827,0.195,0.695,99.358,5.726,131.888,134.935,445.813,22.291,580.748,880.329,36.16,44.862,0.18567,0.412769,0.767653
docvqa,896,64,407,iter407,docvqa_57978,39,4096,1024,21,131.671,131.671,100.416,0.194,0.661,92.471,5.735,124.391,126.58,488.197,24.41,614.777,746.448,34.159,40.967,0.163338,0.365674,0.794104
docvqa,896,64,408,iter408,docvqa_636,29,4096,1024,64,181.279,181.279,100.473,0.196,0.659,92.525,5.733,124.393,126.506,1467.904,23.3,1594.41,1775.689,40.14,42.918,0.063016,0.141034,0.920657
docvqa,896,64,409,iter409,docvqa_637,36,4096,1024,22,180.317,180.317,97.934,0.195,0.689,89.935,5.75,129.889,132.53,522.104,24.862,654.634,834.951,33.607,40.222,0.149602,0.348016,0.797551
docvqa,896,64,410,iter410,docvqa_639,33,4096,1024,47,209.272,209.272,96.727,0.194,0.675,88.621,5.792,122.336,124.674,1023.858,22.258,1148.532,1357.805,40.922,44.928,0.084218,0.190733,0.891449
docvqa,896,64,411,iter411,docvqa_57985,34,4096,1024,35,604.553,604.553,97.343,0.193,0.675,89.24,5.797,120.734,123.13,833.451,24.513,956.581,1561.134,36.589,40.794,0.101761,0.227976,0.871282
docvqa,896,64,412,iter412,docvqa_57986,27,4096,1024,18,622.194,622.194,97.38,0.195,0.68,89.247,5.781,123.185,125.69,424.304,24.959,549.994,1172.187,32.728,40.066,0.177056,0.401031,0.771471
docvqa,896,64,413,iter413,docvqa_57987,28,4096,1024,64,179.029,179.029,95.939,0.196,0.666,87.998,5.731,118.759,120.806,1523.935,24.189,1644.741,1823.77,38.912,41.34,0.058331,0.130536,0.92655
docvqa,896,64,414,iter414,docvqa_57989,33,4096,1024,16,235.642,235.642,101.209,0.196,0.703,93.053,5.748,126.16,128.745,336.892,22.459,465.637,701.279,34.362,44.525,0.217357,0.488298,0.723509
docvqa,896,64,415,iter415,docvqa_650,29,4096,1024,16,135.333,135.333,100.469,0.196,0.67,92.514,5.739,124.547,126.62,365.989,24.399,492.609,627.942,32.48,40.985,0.203953,0.456785,0.742961
docvqa,896,64,416,iter416,docvqa_651,32,4096,1024,22,149.777,149.777,100.753,0.194,0.652,92.821,5.737,125.377,127.483,512.556,24.407,640.039,789.816,34.373,40.971,0.157418,0.353307,0.80082
docvqa,896,64,417,iter417,docvqa_58007,34,4096,1024,22,206.396,206.396,101.056,0.195,0.664,93.056,5.738,125.239,127.514,520.078,24.766,647.592,853.988,33.972,40.379,0.156048,0.34944,0.803095
docvqa,896,64,418,iter418,docvqa_58009,26,4096,1024,9,326.944,326.944,124.232,0.195,0.686,115.451,5.789,147.017,154.17,162.435,20.304,316.605,643.549,28.427,49.251,0.392388,0.856744,0.513051
docvqa,896,64,419,iter419,docvqa_58018,28,4096,1024,47,130.708,130.708,101.299,0.194,0.681,93.2,5.739,125.977,128.523,1140.53,24.794,1269.053,1399.761,37.035,40.332,0.079823,0.179091,0.898725
docvqa,896,64,420,iter420,docvqa_674,33,4096,1024,14,152.218,152.218,101.059,0.194,0.68,93.041,5.735,125.402,127.572,337.191,25.938,464.763,616.981,30.123,38.554,0.217442,0.487261,0.725512
docvqa,896,64,421,iter421,docvqa_57122,32,4096,1024,16,159.924,159.924,101.615,0.195,0.693,93.438,5.754,126.743,129.284,378.93,25.262,508.214,668.139,31.483,39.585,0.199945,0.449333,0.745611
docvqa,896,64,422,iter422,docvqa_58020,30,4096,1024,11,220.994,220.994,94.477,0.196,0.687,86.513,5.723,117.197,119.638,233.455,23.345,353.093,574.087,31.153,42.835,0.26757,0.599487,0.661171
docvqa,896,64,423,iter423,docvqa_58021,30,4096,1024,11,133.098,133.098,94.251,0.195,0.654,86.387,5.709,116.596,118.965,213.294,21.329,332.259,465.357,33.107,46.884,0.283667,0.634585,0.641951
docvqa,896,64,424,iter424,docvqa_58022,30,4096,1024,21,194.085,194.085,126.671,0.196,0.731,117.574,6.035,152.25,156.212,492.541,24.627,648.753,842.838,32.37,40.606,0.195252,0.429933,0.759212
docvqa,896,64,425,iter425,docvqa_58023,30,4096,1024,21,146.198,146.198,105.778,0.195,0.715,97.508,5.806,131.821,134.456,583.631,29.182,718.087,864.285,29.244,34.268,0.147306,0.330879,0.812758
docvqa,896,64,426,iter426,docvqa_58024,39,4096,1024,22,155.608,155.608,102.388,0.197,0.675,94.26,5.773,127.392,129.893,527.954,25.141,657.847,813.455,33.442,39.776,0.155641,0.349291,0.802548
docvqa,896,64,427,iter427,docvqa_675,26,4096,1024,64,147.89,147.89,101.445,0.195,0.691,93.378,5.738,127.901,130.212,1560.809,24.775,1691.021,1838.912,37.847,40.364,0.059991,0.135626,0.922998
docvqa,896,64,428,iter428,docvqa_676,29,4096,1024,12,242.469,242.469,104.073,0.195,0.694,95.564,5.714,127.14,130.298,260.371,23.67,390.669,633.138,30.717,42.247,0.266397,0.591839,0.666476
docvqa,896,64,429,iter429,docvqa_677,27,4096,1024,29,142.536,142.536,96.904,0.195,0.662,88.953,5.756,119.672,121.803,632.108,22.575,753.911,896.447,38.466,44.296,0.128536,0.287271,0.838438
docvqa,896,64,430,iter430,docvqa_58029,31,4096,1024,13,607.102,607.102,94.961,0.194,0.669,87.016,5.719,117.764,120.043,244.917,20.41,364.96,972.062,35.62,48.996,0.260196,0.582872,0.671079
docvqa,896,64,431,iter431,docvqa_678,32,4096,1024,21,211.373,211.373,109.387,0.194,0.686,100.978,5.782,136.557,139.761,535.739,26.787,675.5,886.873,31.088,37.332,0.161934,0.364092,0.7931
docvqa,896,64,432,iter432,docvqa_58054,33,4096,1024,41,142.759,142.759,101.385,0.193,0.669,93.35,5.75,125.438,127.683,972.073,24.302,1099.756,1242.514,37.281,41.149,0.092188,0.206249,0.883899
docvqa,896,64,433,iter433,docvqa_58056,37,4096,1024,33,167.381,167.381,101.782,0.196,0.691,93.696,5.732,128.019,130.526,841.846,26.308,972.372,1139.753,33.938,38.012,0.104674,0.23633,0.865765
docvqa,896,64,434,iter434,docvqa_58059,27,4096,1024,18,133.093,133.093,101.324,0.193,0.694,93.192,5.77,125.805,128.261,466.836,27.461,595.098,728.19,30.247,36.415,0.170265,0.381667,0.784471
docvqa,896,64,435,iter435,docvqa_58061,27,4096,1024,46,135.365,135.365,101.003,0.195,0.694,92.909,5.726,125.771,128.265,1107.623,24.614,1235.888,1371.253,37.22,40.628,0.081725,0.18349,0.896216
docvqa,896,64,436,iter436,docvqa_58064,30,4096,1024,17,136.648,136.648,101.541,0.196,0.686,93.439,5.735,125.861,128.375,453.532,28.346,581.907,718.555,29.214,35.279,0.174497,0.390787,0.779389
docvqa,896,64,437,iter437,docvqa_41686,29,4096,1024,12,184.575,184.575,103.521,0.195,0.682,95.385,5.775,129.476,131.847,264.623,24.057,396.469,581.044,30.267,41.569,0.261107,0.58768,0.667448
docvqa,896,64,438,iter438,docvqa_41687,36,4096,1024,25,136.236,136.236,100.571,0.197,0.657,92.637,5.717,124.675,126.791,616.495,25.687,743.286,879.522,33.634,38.93,0.135306,0.30304,0.829419
docvqa,896,64,439,iter439,docvqa_41688,31,4096,1024,15,289.113,289.113,100.906,0.195,0.671,92.917,5.728,127.228,129.722,355.533,25.395,485.255,774.368,30.912,39.377,0.207945,0.470132,0.732672
docvqa,896,64,440,iter440,docvqa_41689,31,4096,1024,30,151.983,151.983,100.704,0.197,0.679,92.721,5.738,124.723,126.835,718.388,24.772,845.223,997.206,35.494,40.368,0.119144,0.266707,0.849939
docvqa,896,64,441,iter441,docvqa_41690,36,4096,1024,23,153.417,153.417,100.577,0.196,0.666,92.619,5.719,124.605,126.762,556.969,25.317,683.731,837.148,33.639,39.5,0.147101,0.329343,0.814602
docvqa,896,64,442,iter442,docvqa_41691,34,4096,1024,17,175.324,175.324,101.118,0.195,0.668,93.12,5.742,125.203,127.448,393.023,24.564,520.471,695.796,32.663,40.71,0.194281,0.434838,0.75513
docvqa,896,64,443,iter443,docvqa_41693,35,4096,1024,24,146.28,146.28,100.943,0.196,0.664,92.985,5.725,139.65,142.057,609.309,26.492,751.367,897.647,31.942,37.748,0.134346,0.320208,0.810935
docvqa,896,64,444,iter444,docvqa_41694,36,4096,1024,20,172.465,172.465,101.218,0.196,0.683,93.127,5.77,126.294,128.7,473.607,24.927,602.307,774.772,33.206,40.118,0.16805,0.377735,0.786322
docvqa,896,64,445,iter445,docvqa_41695,37,4096,1024,21,161.746,161.746,101.623,0.195,0.693,93.515,5.753,139.121,141.641,504.707,25.235,646.348,808.094,32.49,39.627,0.157226,0.372468,0.78086
docvqa,896,64,446,iter446,docvqa_41705,31,4096,1024,16,267.162,267.162,118.715,0.194,0.694,107.106,5.751,141.9,148.186,334.341,22.289,482.527,749.689,33.159,44.864,0.246027,0.540104,0.692896
docvqa,896,64,447,iter447,docvqa_17132,29,4096,1024,16,283.877,283.877,98.833,0.195,0.67,90.878,5.737,121.25,123.486,391.109,26.074,514.595,798.472,31.092,38.353,0.19206,0.427682,0.760032
docvqa,896,64,448,iter448,docvqa_17133,34,4096,1024,16,139.381,139.381,95.646,0.195,0.662,87.702,5.732,118.274,120.445,312.808,20.854,433.252,572.633,36.93,47.953,0.220764,0.493754,0.721999
docvqa,896,64,449,iter449,docvqa_17134,35,4096,1024,28,152.499,152.499,95.028,0.194,0.657,87.17,5.715,117.415,119.502,556.336,20.605,675.837,828.336,41.43,48.532,0.140607,0.31434,0.82318
docvqa,896,64,450,iter450,docvqa_17135,35,4096,1024,19,459.556,459.556,107.526,0.196,0.675,99.178,5.798,130.666,133.804,377.924,20.996,511.728,971.284,37.129,47.629,0.210123,0.465466,0.738525
docvqa,896,64,451,iter451,docvqa_47368,27,4096,1024,13,179.022,179.022,96.056,0.196,0.662,88.129,5.754,118.858,120.983,345.573,28.798,466.557,645.579,27.864,34.725,0.205883,0.460638,0.740689
docvqa,896,64,452,iter452,docvqa_41715,30,4096,1024,14,168.15,168.15,94.242,0.194,0.668,86.375,5.679,116.484,118.64,296.576,22.814,415.216,583.366,33.717,43.834,0.226971,0.507511,0.714269
docvqa,896,64,453,iter453,docvqa_41716,30,4096,1024,14,141.131,141.131,94.323,0.192,0.666,86.418,5.748,123.543,125.727,303.903,23.377,429.629,570.76,32.586,42.777,0.219545,0.507103,0.70736
docvqa,896,64,454,iter454,docvqa_41717,30,4096,1024,14,148.992,148.992,94.21,0.193,0.657,86.371,5.69,116.314,118.383,263.296,20.254,381.679,530.67,36.68,49.374,0.246831,0.551575,0.689837
docvqa,896,64,455,iter455,docvqa_17139,30,4096,1024,16,134.6,134.6,94.717,0.195,0.656,86.862,5.714,118.47,120.738,419.377,27.958,540.116,674.715,29.623,35.767,0.175364,0.394705,0.776458
docvqa,896,64,456,iter456,docvqa_41719,27,4096,1024,22,157.926,157.926,97.637,0.196,0.664,89.656,5.762,120.697,123.037,446.861,21.279,569.897,727.823,38.603,46.995,0.171325,0.383112,0.784107
docvqa,896,64,457,iter457,docvqa_17140,33,4096,1024,15,278.619,278.619,225.227,0.194,0.694,211.286,11.162,249.079,258.334,293.453,20.961,551.787,830.407,27.184,47.708,0.408178,0.859582,0.531823
docvqa,896,64,458,iter458,docvqa_58105,27,4096,1024,11,144.245,144.245,121.491,0.195,0.693,113.13,5.85,160.177,163.155,240.053,24.005,403.208,547.453,27.281,41.657,0.301311,0.698567,0.595358
docvqa,896,64,459,iter459,docvqa_58106,34,4096,1024,17,232.229,232.229,112.782,0.194,0.747,103.901,5.82,139.613,142.975,442.836,27.677,585.811,818.04,29.02,36.131,0.192522,0.430846,0.755937
docvqa,896,64,460,iter460,docvqa_58107,34,4096,1024,17,164.644,164.644,102.359,0.194,0.701,94.161,5.756,127.518,130.177,382.597,23.912,512.774,677.418,33.153,41.819,0.199617,0.4483,0.746132
docvqa,896,64,461,iter461,docvqa_58108,32,4096,1024,25,190.369,190.369,102.035,0.195,0.699,93.929,5.754,127.069,129.428,630.292,26.262,759.719,950.089,32.907,38.078,0.134306,0.301564,0.829638
docvqa,896,64,462,iter462,docvqa_41721,27,4096,1024,22,155.455,155.455,101.668,0.198,0.673,93.581,5.757,126.281,128.604,477.493,22.738,606.097,761.552,36.298,43.98,0.167742,0.376094,0.787816
docvqa,896,64,463,iter463,docvqa_41723,27,4096,1024,17,294.065,294.065,148.674,0.194,0.679,139.928,5.872,188.821,195.108,368.04,23.003,563.148,857.213,30.187,43.474,0.264005,0.5993,0.65354
docvqa,896,64,464,iter464,docvqa_17143,36,4096,1024,17,143.224,143.224,101.145,0.195,0.665,93.164,5.757,124.886,127.125,404.727,25.295,531.852,675.076,31.964,39.533,0.190175,0.424988,0.760976
docvqa,896,64,465,iter465,docvqa_41728,30,4096,1024,23,146.487,146.487,120.779,0.195,0.658,112.694,5.829,158.568,160.827,570.445,25.929,731.272,877.759,31.452,38.566,0.165163,0.382002,0.780073
docvqa,896,64,466,iter466,docvqa_41729,37,4096,1024,18,178.087,178.087,101.122,0.194,0.67,93.105,5.732,125.27,127.421,389.519,22.913,516.94,695.026,34.82,43.644,0.195617,0.437947,0.753509
docvqa,896,64,467,iter467,docvqa_17147,31,4096,1024,23,138.154,138.154,101.724,0.196,0.659,93.784,5.731,126.67,128.908,527.862,23.994,656.77,794.923,35.02,41.678,0.154886,0.347755,0.803725
docvqa,896,64,468,iter468,docvqa_17149,30,4096,1024,15,236.725,236.725,101.178,0.196,0.656,93.186,5.745,125.427,127.691,347.128,24.795,474.819,711.544,31.591,40.331,0.213087,0.477246,0.731075
docvqa,896,64,469,iter469,docvqa_17150,31,4096,1024,13,143.002,143.002,114.312,0.194,0.652,106.258,5.819,152.879,155.27,278.832,23.236,434.103,577.105,29.947,43.037,0.263329,0.615501,0.642318
docvqa,896,64,470,iter470,docvqa_45744,47,4096,1024,41,157.641,157.641,100.939,0.196,0.652,93.017,5.72,568.198,570.753,1011.924,25.298,1582.677,1740.318,25.905,39.529,0.063777,0.422788,0.639375
docvqa,896,64,471,iter471,docvqa_45745,47,4096,1024,40,231.024,231.024,95.966,0.194,0.679,87.924,5.736,119.094,121.702,832.829,21.355,954.531,1185.555,41.905,46.828,0.100537,0.225304,0.8725
docvqa,896,64,472,iter472,docvqa_782,30,4096,1024,25,280.978,280.978,98.162,0.194,0.674,90.156,5.737,120.723,123.046,482.069,20.086,605.115,886.093,41.314,49.785,0.162221,0.361725,0.796657
docvqa,896,64,473,iter473,docvqa_783,35,4096,1024,4,167.233,167.233,127.239,0.197,0.691,118.905,5.94,154.503,157.286,89.724,29.908,247.01,414.243,16.194,33.436,0.515115,1.140607,0.363241
docvqa,896,64,474,iter474,docvqa_784,26,4096,1024,31,264.826,264.826,101.799,0.193,0.681,93.72,5.774,125.017,127.423,621.621,20.721,749.044,1013.87,41.386,48.261,0.135905,0.302807,0.829886
docvqa,896,64,475,iter475,docvqa_785,32,4096,1024,16,149.608,149.608,97.425,0.193,0.661,89.507,5.711,120.488,122.584,320.214,21.348,442.798,592.406,36.134,46.844,0.220021,0.492126,0.723161
docvqa,896,64,476,iter476,docvqa_786,30,4096,1024,11,140.607,140.607,120.968,0.194,0.65,112.959,5.834,144.058,146.101,261.677,26.168,407.778,548.385,26.975,38.215,0.296651,0.649927,0.641715
docvqa,896,64,477,iter477,docvqa_788,35,4096,1024,22,161.828,161.828,97.741,0.194,0.668,89.792,5.744,120.812,122.856,493.088,23.48,615.944,777.771,35.718,42.589,0.158685,0.354826,0.800541
docvqa,896,64,478,iter478,docvqa_789,54,4096,1024,32,271.785,271.785,106.973,0.196,0.693,98.626,5.828,605.274,608.131,742.305,23.945,1350.436,1622.221,23.696,41.762,0.079214,0.52742,0.549678
docvqa,896,64,479,iter479,docvqa_790,26,4096,1024,23,133.416,133.416,101.52,0.197,0.676,93.466,5.738,126.191,128.398,535.605,24.346,664.003,797.419,34.638,41.075,0.152891,0.342938,0.80663
docvqa,896,64,480,iter480,docvqa_60401,30,4096,1024,16,160.558,160.558,100.92,0.194,0.671,92.902,5.741,125.325,127.565,419.65,27.977,547.215,707.773,29.239,35.744,0.184424,0.413448,0.766884
docvqa,896,64,481,iter481,docvqa_792,36,4096,1024,29,150.277,150.277,102.531,0.194,0.671,94.466,5.766,127.995,130.261,749.195,26.757,879.456,1029.733,32.975,37.373,0.116585,0.262124,0.851885
docvqa,896,64,482,iter482,docvqa_793,26,4096,1024,14,149.015,149.015,103.438,0.196,0.685,95.281,5.785,129.632,132.03,296.622,22.817,428.652,577.667,32.661,43.827,0.241311,0.543728,0.691988
docvqa,896,64,483,iter483,docvqa_794,30,4096,1024,17,256.679,256.679,95.586,0.194,0.683,87.588,5.716,118.843,121.229,331.834,20.74,453.063,709.741,37.522,48.217,0.210977,0.473287,0.732424
docvqa,896,64,484,iter484,docvqa_41749,37,4096,1024,20,167.629,167.629,99.278,0.195,0.665,91.251,5.762,123.602,125.773,536.458,28.235,662.231,829.86,30.201,35.417,0.149915,0.33656,0.810077
docvqa,896,64,485,iter485,docvqa_41750,35,4096,1024,16,166.446,166.446,104.164,0.193,0.682,95.967,5.756,130.329,133.035,401.204,26.747,534.239,700.684,29.949,37.387,0.194976,0.438929,0.750982
docvqa,896,64,486,iter486,docvqa_45747,47,4096,1024,41,159.887,159.887,119.783,0.195,0.689,111.55,5.837,159.867,162.566,1001.625,25.041,1164.191,1324.078,35.218,39.935,0.10289,0.24021,0.860361
docvqa,896,64,487,iter487,docvqa_60403,33,4096,1024,15,150.38,150.38,100.911,0.197,0.679,92.863,5.745,125.17,127.41,314.473,22.462,441.883,592.262,33.946,44.519,0.228365,0.511629,0.711666
docvqa,896,64,488,iter488,docvqa_60404,28,4096,1024,24,139.272,139.272,108.634,0.193,0.662,100.559,5.814,148.23,150.584,604.968,26.303,755.553,894.825,31.765,38.019,0.143781,0.339969,0.800696
docvqa,896,64,489,iter489,docvqa_809,27,4096,1024,15,145.853,145.853,100.575,0.196,0.672,92.567,5.714,124.624,126.84,354.933,25.352,481.773,627.626,31.135,39.444,0.20876,0.467437,0.736722
docvqa,896,64,490,iter490,docvqa_25385,30,4096,1024,9,197.91,197.91,134.731,0.196,0.722,126.017,5.831,159.351,162.297,183.839,22.98,346.136,544.046,26.001,43.516,0.389244,0.849617,0.531117
docvqa,896,64,491,iter491,docvqa_25386,30,4096,1024,10,177.564,177.564,109.318,0.194,0.662,101.287,5.758,147.732,150.084,255.996,28.444,406.08,583.644,24.626,35.157,0.269204,0.633004,0.630408
docvqa,896,64,492,iter492,docvqa_25387,31,4096,1024,12,177.263,177.263,100.708,0.195,0.68,92.736,5.739,124.754,126.921,285.447,25.95,412.368,589.631,29.1,38.536,0.244219,0.546751,0.692214
docvqa,896,64,493,iter493,docvqa_60406,27,4096,1024,26,128.84,128.84,100.768,0.194,0.654,92.741,5.723,124.971,127.099,600.674,24.027,727.773,856.612,35.725,41.62,0.138461,0.310177,0.825359
docvqa,896,64,494,iter494,docvqa_815,33,4096,1024,20,131.275,131.275,112.01,0.195,0.658,103.944,5.815,149.299,151.625,515.454,27.129,667.079,798.354,29.981,36.861,0.167911,0.391722,0.772703
docvqa,896,64,495,iter495,docvqa_60407,30,4096,1024,16,142.269,142.269,109.393,0.193,0.689,101.21,5.777,147.103,149.848,344.191,22.946,494.039,636.308,32.386,43.58,0.221425,0.519181,0.696688
docvqa,896,64,496,iter496,docvqa_25396,30,4096,1024,36,182.908,182.908,101.24,0.196,0.696,93.151,5.743,126.339,128.799,877.902,25.083,1006.7,1189.608,35.76,39.868,0.100566,0.226064,0.872058
docvqa,896,64,497,iter497,docvqa_822,29,4096,1024,14,154.558,154.558,125.475,0.195,0.698,117.256,5.861,150.51,152.958,332.213,25.555,485.171,639.729,28.856,39.132,0.25862,0.568841,0.684734
docvqa,896,64,498,iter498,docvqa_824,30,4096,1024,18,140.001,140.001,101.963,0.195,0.686,93.87,5.744,141.232,143.763,431.413,25.377,575.176,715.176,31.295,39.405,0.177273,0.42282,0.750054
docvqa,896,64,499,iter499,docvqa_826,35,4096,1024,13,138.061,138.061,101.277,0.196,0.686,93.174,5.746,132.48,135.023,304.28,25.357,439.304,577.365,29.592,39.437,0.23054,0.532108,0.692643
