benchmark,resolution,max_new_tokens,sample_id,source,sdpa_ve_ms,sdpa_prefill_ms,sdpa_ttft_ms,sdpa_decode_ms,sdpa_e2e_ms,sdpa_tpot_ms,sdpa_f_vision,fa2_ve_ms,fa2_prefill_ms,fa2_ttft_ms,fa2_e2e_ms,fa2_tpot_ms,guide_ve_ms,guide_prefill_ms,guide_ttft_ms,guide_e2e_ms,guide_tpot_ms
chartqa,1792,1024,chartqa_val_0,approximated,385.819,445.732,448.986,347.799,796.785,21.737,0.48422,155.577,223.328,225.773,573.572,21.737,156.262,222.847,225.423,573.222,21.737
chartqa,1792,1024,chartqa_val_1,approximated,350.737,410.53,413.172,14500.721,14913.893,22.8,0.023517,156.021,222.845,225.376,14726.097,22.8,156.057,222.342,224.646,14725.367,22.8
chartqa,1792,1024,chartqa_val_2,approximated,356.533,781.135,783.955,4535.095,5319.05,63.875,0.067029,154.863,222.737,225.191,4760.286,63.875,155.889,223.645,225.937,4761.032,63.875
chartqa,1792,1024,chartqa_val_3,approximated,357.428,842.542,844.982,1117.377,1962.359,21.488,0.182142,155.737,223.7,226.185,1343.562,21.488,156.026,223.743,226.416,1343.793,21.488
chartqa,1792,1024,chartqa_val_4,approximated,387.863,850.313,852.801,669.642,1522.443,22.321,0.254764,155.115,223.071,225.881,895.523,22.321,156.642,224.369,226.797,896.439,22.321
chartqa,1792,1024,chartqa_val_5,approximated,480.978,947.935,950.257,335.693,1285.95,20.981,0.374026,163.85,231.848,234.185,569.878,20.981,156.08,224.322,226.753,562.446,20.981
chartqa,1792,1024,chartqa_val_6,approximated,354.089,774.173,776.97,468.946,1245.916,23.447,0.2842,154.654,222.682,345.848,814.794,23.447,156.14,226.438,229.206,698.152,23.447
chartqa,1792,1024,chartqa_val_7,approximated,353.841,413.679,416.07,615.065,1031.135,22.78,0.343157,159.558,226.21,228.921,843.986,22.78,156.117,222.595,224.815,839.88,22.78
chartqa,1792,1024,chartqa_val_8,approximated,362.742,857.469,860.008,684.605,1544.613,22.084,0.234843,154.934,227.709,230.395,915.0,22.084,156.053,228.563,230.835,915.44,22.084
chartqa,1792,1024,chartqa_val_9,approximated,362.045,422.045,424.783,9322.238,9747.021,23.018,0.037144,159.36,225.508,227.772,9550.01,23.018,155.953,222.051,224.258,9546.496,23.018
chartqa,1792,1024,chartqa_val_10,approximated,433.947,906.323,909.829,1745.651,2655.48,23.913,0.163416,155.538,223.384,225.725,1971.376,23.913,156.123,224.043,226.354,1972.005,23.913
chartqa,1792,1024,chartqa_val_11,approximated,368.193,840.543,843.074,4687.108,5530.182,23.792,0.066579,157.316,224.984,227.206,4914.314,23.792,156.624,231.824,234.33,4921.438,23.792
chartqa,1792,1024,chartqa_val_12,approximated,392.247,451.866,454.596,514.189,968.785,22.356,0.404886,156.866,223.293,225.696,739.885,22.356,156.042,223.786,226.038,740.227,22.356
chartqa,1792,1024,chartqa_val_13,approximated,367.6,427.467,430.115,3764.375,4194.49,22.954,0.087639,160.254,226.708,230.522,3994.897,22.954,155.865,221.78,223.978,3988.353,22.954
chartqa,1792,1024,chartqa_val_14,approximated,366.493,426.936,429.323,786.509,1215.832,23.834,0.301434,169.244,236.013,239.212,1025.721,23.834,156.146,222.394,224.78,1011.289,23.834
chartqa,1792,1024,chartqa_val_15,approximated,381.372,441.085,444.819,3701.237,4146.056,24.034,0.091984,156.947,223.289,225.596,3926.833,24.034,156.181,222.616,224.989,3926.226,24.034
chartqa,1792,1024,chartqa_val_16,approximated,366.277,426.157,428.879,748.105,1176.984,23.378,0.3112,157.789,224.185,226.376,974.481,23.378,156.307,223.099,225.968,974.073,23.378
chartqa,1792,1024,chartqa_val_17,approximated,364.78,845.517,847.953,2186.489,3034.442,22.776,0.120213,156.483,227.382,229.642,2416.131,22.776,156.082,226.381,228.803,2415.292,22.776
chartqa,1792,1024,chartqa_val_18,approximated,394.14,831.62,833.981,290.873,1124.854,22.375,0.350392,159.347,227.692,230.053,520.926,22.375,155.991,225.401,227.621,518.494,22.375
chartqa,1792,1024,chartqa_val_19,approximated,363.452,423.542,429.367,1052.326,1481.693,21.923,0.245295,154.345,220.526,222.837,1275.163,21.923,156.075,222.196,224.41,1276.736,21.923
chartqa,1792,1024,chartqa_val_20,approximated,389.982,450.112,452.577,394.008,846.585,23.177,0.460653,155.722,222.364,225.795,619.803,23.177,156.582,222.614,225.0,619.008,23.177
chartqa,1792,1024,chartqa_val_21,approximated,355.61,830.09,832.601,4481.149,5313.75,21.441,0.066923,155.212,223.103,225.55,4706.699,21.441,155.938,223.794,225.917,4707.066,21.441
chartqa,1792,1024,chartqa_val_22,approximated,400.137,460.837,463.594,887.646,1351.24,22.76,0.296126,162.041,228.195,230.437,1118.083,22.76,156.069,222.339,224.714,1112.36,22.76
chartqa,1792,1024,chartqa_val_23,approximated,397.394,457.357,460.711,2236.09,2696.801,22.361,0.147358,155.94,222.328,224.516,2460.606,22.361,156.012,222.168,224.481,2460.571,22.361
chartqa,1792,1024,chartqa_val_24,approximated,396.876,456.974,459.449,561.942,1021.391,22.478,0.388565,155.296,221.814,224.643,786.585,22.478,156.088,222.269,224.653,786.595,22.478
chartqa,1792,1024,chartqa_val_25,approximated,384.871,444.713,447.165,757.46,1204.625,21.041,0.319494,158.775,225.485,227.667,985.127,21.041,156.192,222.542,224.833,982.293,21.041
chartqa,1792,1024,chartqa_val_26,approximated,394.51,454.372,457.108,755.239,1212.347,23.601,0.32541,157.455,224.002,226.432,981.671,23.601,156.239,234.731,237.474,992.713,23.601
chartqa,1792,1024,chartqa_val_27,approximated,352.513,412.38,414.756,4070.208,4484.964,21.65,0.078599,157.233,229.612,231.94,4302.148,21.65,155.906,221.855,224.206,4294.414,21.65
chartqa,1792,1024,chartqa_val_28,approximated,351.459,824.778,827.169,574.829,1401.998,21.29,0.250684,155.299,223.164,225.459,800.288,21.29,156.038,223.875,226.445,801.274,21.29
chartqa,1792,1024,chartqa_val_29,approximated,353.93,413.731,416.006,1409.992,1825.998,22.381,0.193828,154.646,220.948,223.204,1633.196,22.381,156.151,222.604,224.908,1634.9,22.381
chartqa,1792,1024,chartqa_val_30,approximated,359.513,419.31,421.617,942.774,1364.391,22.447,0.263497,156.281,222.981,225.5,1168.274,22.447,156.138,222.396,225.022,1167.796,22.447
chartqa,1792,1024,chartqa_val_31,approximated,352.789,412.404,414.86,973.466,1388.326,23.178,0.254111,157.539,224.238,226.754,1200.22,23.178,156.036,222.243,224.782,1198.248,23.178
chartqa,1792,1024,chartqa_val_32,approximated,363.616,836.806,839.266,1197.161,2036.427,41.281,0.178556,155.081,223.424,225.753,1422.914,41.281,156.065,223.906,226.304,1423.465,41.281
chartqa,1792,1024,chartqa_val_33,approximated,398.979,458.79,461.186,875.161,1336.347,23.031,0.29856,157.263,223.58,226.049,1101.21,23.031,156.173,222.735,224.993,1100.154,23.031
chartqa,1792,1024,chartqa_val_34,approximated,399.042,458.708,460.994,342.144,803.138,21.384,0.496853,154.995,221.318,223.635,565.779,21.384,156.045,222.205,224.524,566.668,21.384
chartqa,1792,1024,chartqa_val_35,approximated,395.745,455.549,459.349,4477.436,4936.785,21.12,0.080162,154.723,221.07,223.409,4700.845,21.12,157.107,226.988,229.316,4706.752,21.12
chartqa,1792,1024,chartqa_val_36,approximated,363.441,423.48,426.427,782.772,1209.199,22.365,0.300563,156.912,223.341,225.703,1008.475,22.365,155.951,222.758,225.117,1007.889,22.365
chartqa,1792,1024,chartqa_val_37,approximated,363.063,423.125,425.526,6054.641,6480.167,23.559,0.056027,155.796,222.229,224.672,6279.313,23.559,156.349,222.965,225.521,6280.162,23.559
chartqa,1792,1024,chartqa_val_38,approximated,358.471,418.416,420.82,837.233,1258.053,22.032,0.284941,155.661,222.098,224.726,1061.959,22.032,156.06,222.413,225.11,1062.343,22.032
chartqa,1792,1024,chartqa_val_39,approximated,367.315,427.122,429.447,1858.385,2287.832,22.124,0.160552,158.806,225.312,227.78,2086.165,22.124,156.006,222.015,224.311,2082.696,22.124
chartqa,1792,1024,chartqa_val_40,approximated,353.352,413.296,415.923,736.902,1152.825,21.054,0.30651,154.576,220.771,223.067,959.969,21.054,155.946,222.172,224.429,961.331,21.054
chartqa,1792,1024,chartqa_val_41,approximated,353.016,412.659,414.967,531.628,946.595,21.265,0.372932,154.793,220.973,223.191,754.819,21.265,156.014,222.2,224.56,756.188,21.265
chartqa,1792,1024,chartqa_val_42,approximated,487.831,547.461,549.801,171.547,721.348,21.443,0.676278,154.731,220.823,222.976,394.523,21.443,156.335,222.538,225.081,396.628,21.443
chartqa,1792,1024,chartqa_val_43,approximated,355.036,414.801,417.319,1395.556,1812.875,21.806,0.195841,156.562,222.606,224.783,1620.339,21.806,156.132,222.611,225.04,1620.596,21.806
chartqa,1792,1024,chartqa_val_44,approximated,357.041,416.619,418.986,274.491,693.477,21.115,0.514857,156.16,222.761,225.656,500.147,21.115,156.349,231.466,234.381,508.872,21.115
chartqa,1792,1024,chartqa_val_45,approximated,377.875,437.637,440.054,2847.861,3287.915,21.739,0.114928,154.62,220.842,223.223,3071.084,21.739,156.117,222.456,224.857,3072.718,21.739
chartqa,1792,1024,chartqa_val_46,approximated,353.975,413.672,416.325,660.879,1077.204,21.319,0.328605,157.013,223.416,225.698,886.577,21.319,155.992,222.264,224.607,885.486,21.319
chartqa,1792,1024,chartqa_val_47,approximated,359.624,419.192,421.473,5029.446,5450.919,20.783,0.065975,155.131,221.385,223.82,5253.266,20.783,156.638,224.829,228.37,5257.816,20.783
chartqa,1792,1024,chartqa_val_48,approximated,354.528,414.224,416.898,2456.042,2872.94,22.328,0.123402,158.305,224.618,227.149,2683.191,22.328,156.097,222.671,225.131,2681.173,22.328
chartqa,1792,1024,chartqa_val_49,approximated,364.592,424.468,427.386,1348.371,1775.757,22.104,0.205317,155.799,222.548,225.336,1573.707,22.104,156.209,226.213,229.102,1577.473,22.104
chartqa,1792,1024,chartqa_val_50,approximated,362.321,421.827,424.479,944.602,1369.081,21.468,0.264645,158.482,224.851,228.94,1173.542,21.468,155.959,227.907,230.196,1174.798,21.468
chartqa,1792,1024,chartqa_val_51,approximated,356.119,415.777,418.073,4346.802,4764.875,21.519,0.074738,162.44,228.822,231.095,4577.897,21.519,155.839,222.177,224.39,4571.192,21.519
chartqa,1792,1024,chartqa_val_52,approximated,370.801,430.95,433.756,186.07,619.826,23.259,0.598235,155.032,221.232,223.684,409.754,23.259,155.903,222.011,224.389,410.459,23.259
chartqa,1792,1024,chartqa_val_53,approximated,362.195,422.039,424.308,1211.892,1636.2,22.034,0.221363,157.643,225.076,227.303,1439.195,22.034,155.97,222.24,224.5,1436.392,22.034
chartqa,1792,1024,chartqa_val_54,approximated,401.123,461.473,463.925,1128.553,1592.478,22.128,0.251886,154.885,221.039,223.421,1351.974,22.128,156.036,222.473,224.841,1353.394,22.128
chartqa,1792,1024,chartqa_val_55,approximated,354.927,414.695,417.291,4563.018,4980.309,21.028,0.071266,159.485,225.805,228.094,4791.112,21.028,155.912,221.895,224.101,4787.119,21.028
chartqa,1792,1024,chartqa_val_56,approximated,358.991,418.874,421.224,1028.09,1449.314,20.981,0.247697,156.26,222.742,225.048,1253.138,20.981,156.143,222.638,225.517,1253.607,20.981
chartqa,1792,1024,chartqa_val_57,approximated,352.787,412.733,414.991,426.388,841.379,21.319,0.419296,155.217,221.53,223.888,650.276,21.319,156.18,222.397,224.73,651.118,21.319
chartqa,1792,1024,chartqa_val_58,approximated,350.975,410.56,412.804,599.468,1012.272,21.41,0.34672,154.918,220.962,223.233,822.701,21.41,156.035,222.322,224.86,824.328,21.41
chartqa,1792,1024,chartqa_val_59,approximated,352.023,411.684,413.964,5444.079,5858.043,21.183,0.060092,156.483,222.859,225.239,5669.318,21.183,156.037,222.379,224.914,5668.993,21.183
chartqa,1792,1024,chartqa_val_60,approximated,358.317,417.876,420.209,602.074,1022.283,21.503,0.350506,154.83,221.341,223.831,825.905,21.503,156.366,222.844,225.804,827.878,21.503
chartqa,1792,1024,chartqa_val_61,approximated,350.455,411.146,413.424,1477.485,1890.909,21.413,0.185337,159.019,225.898,228.335,1705.82,21.413,156.079,222.292,224.666,1702.151,21.413
chartqa,1792,1024,chartqa_val_62,approximated,350.334,409.884,412.184,461.488,873.672,20.977,0.400991,154.672,220.925,223.437,684.925,20.977,156.147,222.551,224.91,686.398,20.977
chartqa,1792,1024,chartqa_val_63,approximated,359.054,418.644,420.917,684.365,1105.282,21.386,0.324853,154.889,221.283,223.636,908.001,21.386,155.971,221.94,224.219,908.584,21.386
chartqa,1792,1024,chartqa_val_64,approximated,359.572,419.592,421.874,321.796,743.67,21.453,0.48351,158.482,224.848,227.506,549.302,21.453,155.894,222.186,224.451,546.247,21.453
chartqa,1792,1024,chartqa_val_65,approximated,365.266,425.129,428.01,3058.295,3486.305,22.654,0.104772,154.907,221.453,223.76,3282.055,22.654,155.97,222.351,224.623,3282.918,22.654
chartqa,1792,1024,chartqa_val_66,approximated,372.172,431.89,434.348,656.216,1090.564,22.628,0.341266,154.917,221.045,223.392,879.608,22.628,156.69,223.29,227.224,883.44,22.628
chartqa,1792,1024,chartqa_val_67,approximated,367.098,426.664,428.934,1445.521,1874.455,22.239,0.195843,155.419,231.157,233.666,1679.187,22.239,156.041,222.383,225.047,1670.568,22.239
chartqa,1792,1024,chartqa_val_68,approximated,368.395,428.334,430.664,201.562,632.226,22.396,0.582696,158.412,224.671,227.609,429.171,22.396,156.054,222.522,225.023,426.585,22.396
chartqa,1792,1024,chartqa_val_69,approximated,368.505,428.133,430.35,2973.781,3404.131,22.359,0.108252,157.062,223.483,225.701,3199.482,22.359,156.141,222.655,225.053,3198.834,22.359
chartqa,1792,1024,chartqa_val_70,approximated,368.516,428.542,431.09,3083.577,3514.667,23.36,0.104851,154.967,221.369,223.822,3307.399,23.36,156.037,225.39,227.852,3311.429,23.36
chartqa,1792,1024,chartqa_val_71,approximated,358.323,794.268,796.648,3553.795,4350.443,21.937,0.082365,155.571,223.443,226.031,3779.826,21.937,156.66,230.874,233.757,3787.552,21.937
chartqa,1792,1024,chartqa_val_72,approximated,357.584,417.573,420.165,347.168,767.333,21.698,0.466009,155.448,221.934,224.381,571.549,21.698,156.21,222.894,225.426,572.594,21.698
chartqa,1792,1024,chartqa_val_73,approximated,359.329,419.281,421.77,2683.092,3104.862,22.359,0.115731,154.636,221.231,223.843,2906.935,22.359,156.115,222.995,225.48,2908.572,22.359
chartqa,1792,1024,chartqa_val_74,approximated,363.491,423.147,425.512,378.209,803.721,22.248,0.45226,155.445,221.673,224.196,602.405,22.248,156.005,222.308,224.801,603.01,22.248
chartqa,1792,1024,chartqa_val_75,approximated,366.356,426.124,428.379,4161.46,4589.839,22.018,0.079819,155.305,225.337,227.675,4389.135,22.018,155.924,222.023,224.317,4385.777,22.018
chartqa,1792,1024,chartqa_val_76,approximated,351.604,411.296,413.882,273.346,687.228,21.027,0.511626,156.111,222.845,226.489,499.835,21.027,156.208,222.544,225.216,498.562,21.027
chartqa,1792,1024,chartqa_val_77,approximated,367.385,427.261,430.024,4082.185,4512.209,21.947,0.08142,154.739,220.954,223.357,4305.542,21.947,156.145,224.184,226.648,4308.833,21.947
chartqa,1792,1024,chartqa_val_78,approximated,366.929,426.953,429.352,541.675,971.027,21.667,0.377878,156.161,222.704,225.133,766.808,21.667,157.429,223.596,227.066,768.741,21.667
chartqa,1792,1024,chartqa_val_79,approximated,359.402,419.24,421.561,546.182,967.743,21.847,0.371382,155.721,222.045,225.045,771.227,21.847,156.301,222.469,225.329,771.511,21.847
chartqa,1792,1024,chartqa_val_80,approximated,479.947,539.704,542.267,416.31,958.577,20.815,0.500687,160.89,227.794,230.113,646.423,20.815,156.38,222.581,224.882,641.192,20.815
chartqa,1792,1024,chartqa_val_81,approximated,362.428,422.184,425.127,2942.452,3367.579,22.291,0.107623,155.106,221.629,224.017,3166.469,22.291,156.149,222.566,225.215,3167.667,22.291
chartqa,1792,1024,chartqa_val_82,approximated,368.033,427.835,430.536,305.755,736.291,23.52,0.499847,155.973,222.394,224.782,530.537,23.52,156.008,222.221,224.512,530.267,23.52
chartqa,1792,1024,chartqa_val_83,approximated,364.534,424.138,426.434,3173.755,3600.189,21.3,0.101254,175.438,241.921,246.82,3420.575,21.3,156.088,222.33,225.084,3398.839,21.3
chartqa,1792,1024,chartqa_val_84,approximated,351.109,411.164,413.612,483.381,896.993,21.017,0.391429,156.783,223.404,225.825,709.206,21.017,156.09,222.349,224.783,708.164,21.017
chartqa,1792,1024,chartqa_val_85,approximated,350.175,409.707,412.024,7033.03,7445.054,21.12,0.047035,154.521,220.92,223.311,7256.341,21.12,155.943,227.032,229.294,7262.324,21.12
chartqa,1792,1024,chartqa_val_86,approximated,354.124,413.694,416.077,464.18,880.257,21.099,0.402296,156.444,222.785,225.407,689.587,21.099,156.034,222.302,224.787,688.967,21.099
chartqa,1792,1024,chartqa_val_87,approximated,345.576,405.39,407.622,780.082,1187.704,20.528,0.290961,158.75,225.025,227.338,1007.42,20.528,155.909,221.926,224.239,1004.321,20.528
chartqa,1792,1024,chartqa_val_88,approximated,347.983,407.495,409.739,1117.151,1526.89,20.688,0.227903,159.387,225.817,228.139,1345.29,20.688,156.152,222.213,224.507,1341.658,20.688
chartqa,1792,1024,chartqa_val_89,approximated,363.875,424.043,427.064,4084.328,4511.392,22.197,0.080657,156.345,222.899,225.19,4309.518,22.197,156.187,225.1,227.306,4311.634,22.197
chartqa,1792,1024,chartqa_val_90,approximated,365.649,425.401,427.789,974.899,1402.688,22.157,0.260677,155.066,221.262,223.704,1198.603,22.157,156.036,221.922,224.191,1199.09,22.157
chartqa,1792,1024,chartqa_val_91,approximated,371.842,431.741,434.002,1404.217,1838.219,22.649,0.202284,155.236,221.657,224.017,1628.234,22.649,155.978,221.955,224.256,1628.473,22.649
chartqa,1792,1024,chartqa_val_92,approximated,362.956,422.572,424.831,284.214,709.045,21.863,0.511894,155.983,222.36,224.798,509.012,21.863,155.926,223.584,225.937,510.151,21.863
chartqa,1792,1024,chartqa_val_93,approximated,350.508,410.429,413.05,881.864,1294.914,20.508,0.27068,154.993,221.515,224.216,1106.08,20.508,156.057,222.152,224.672,1106.536,20.508
chartqa,1792,1024,chartqa_val_94,approximated,361.255,421.404,424.279,1312.218,1736.497,21.87,0.208037,156.464,222.721,225.148,1537.366,21.87,156.391,222.683,225.915,1538.133,21.87
chartqa,1792,1024,chartqa_val_95,approximated,358.736,418.538,420.959,1846.582,2267.541,21.724,0.158205,157.279,223.653,225.984,2072.566,21.724,155.862,221.892,224.164,2070.746,21.724
chartqa,1792,1024,chartqa_val_96,approximated,359.19,419.123,421.661,694.942,1116.603,21.059,0.321681,159.182,225.956,228.431,923.373,21.059,156.261,222.606,225.99,920.932,21.059
chartqa,1792,1024,chartqa_val_97,approximated,359.138,418.768,421.119,2301.884,2723.003,21.118,0.13189,155.072,221.196,223.417,2525.301,21.118,156.006,222.208,224.585,2526.469,21.118
chartqa,1792,1024,chartqa_val_98,approximated,356.085,415.987,418.291,2978.036,3396.327,21.272,0.104844,155.916,222.07,224.292,3202.328,21.272,156.051,222.063,224.413,3202.449,21.272
chartqa,1792,1024,chartqa_val_99,approximated,360.076,420.103,422.91,4914.48,5337.39,22.137,0.067463,156.611,222.985,225.219,5139.699,22.137,156.123,222.345,224.772,5139.252,22.137
chartqa,1792,1024,chartqa_val_100,approximated,349.768,409.406,412.039,1134.501,1546.54,21.009,0.226162,154.579,220.873,223.249,1357.75,21.009,156.067,222.367,224.826,1359.327,21.009
chartqa,1792,1024,chartqa_val_101,approximated,357.514,417.287,419.484,2775.067,3194.551,21.023,0.111914,155.322,221.945,224.288,2999.355,21.023,155.965,224.098,226.488,3001.555,21.023
chartqa,1792,1024,chartqa_val_102,approximated,345.615,405.473,407.778,185.134,592.912,20.57,0.582912,155.447,221.816,224.29,409.424,20.57,156.078,222.261,224.7,409.834,20.57
chartqa,1792,1024,chartqa_val_103,approximated,347.023,406.736,408.991,1918.698,2327.689,21.085,0.149085,155.651,221.869,224.263,2142.961,21.085,155.954,222.08,224.384,2143.082,21.085
chartqa,1792,1024,chartqa_val_104,approximated,367.515,427.348,429.608,206.827,636.435,20.683,0.577458,160.428,226.829,229.389,436.216,20.683,155.94,222.006,224.302,431.129,20.683
chartqa,1792,1024,chartqa_val_105,approximated,350.382,409.957,412.116,2674.167,3086.283,20.571,0.113529,159.415,225.92,228.192,2902.359,20.571,156.038,234.26,236.483,2910.65,20.571
chartqa,1792,1024,chartqa_val_106,approximated,346.583,406.287,408.545,558.994,967.539,20.704,0.358211,154.597,220.967,223.242,782.236,20.704,156.034,222.127,224.506,783.5,20.704
chartqa,1792,1024,chartqa_val_107,approximated,361.006,421.077,423.883,2813.137,3237.02,21.64,0.111524,154.333,220.491,222.689,3035.826,21.64,156.056,222.531,225.246,3038.383,21.64
chartqa,1792,1024,chartqa_val_108,approximated,362.958,422.509,424.979,264.825,689.804,22.069,0.526175,156.126,222.496,224.791,489.616,22.069,156.295,222.862,226.001,490.826,22.069
chartqa,1792,1024,chartqa_val_109,approximated,361.721,421.416,423.642,1003.02,1426.662,22.289,0.253544,157.659,224.327,227.02,1230.04,22.289,156.096,223.512,225.972,1228.992,22.289
chartqa,1792,1024,chartqa_val_110,approximated,361.986,421.738,424.045,399.664,823.709,22.204,0.439459,154.887,221.118,223.566,623.23,22.204,156.237,223.733,226.254,625.918,22.204
chartqa,1792,1024,chartqa_val_111,approximated,366.099,426.284,428.576,3065.335,3493.911,22.375,0.104782,155.332,221.832,224.186,3289.521,22.375,156.014,222.122,224.489,3289.824,22.375
chartqa,1792,1024,chartqa_val_112,approximated,359.823,419.492,422.149,286.536,708.685,22.041,0.507734,157.67,223.954,226.269,512.805,22.041,156.025,222.084,224.491,511.027,22.041
chartqa,1792,1024,chartqa_val_113,approximated,348.921,408.842,411.061,2665.907,3076.968,20.666,0.113398,155.813,222.094,224.506,2890.413,20.666,156.027,222.173,224.854,2890.761,20.666
chartqa,1792,1024,chartqa_val_114,approximated,363.646,423.257,425.609,251.331,676.94,20.944,0.53719,157.657,223.721,226.083,477.414,20.944,156.111,222.63,225.042,476.373,20.944
chartqa,1792,1024,chartqa_val_115,approximated,365.839,425.793,428.015,4518.749,4946.764,22.481,0.073955,154.553,220.659,222.92,4741.669,22.481,156.047,223.081,225.425,4744.174,22.481
chartqa,1792,1024,chartqa_val_116,approximated,358.468,418.401,420.762,132.046,552.808,22.008,0.648449,156.797,223.077,225.438,357.484,22.008,156.14,222.404,224.758,356.804,22.008
chartqa,1792,1024,chartqa_val_117,approximated,494.708,554.555,556.764,833.658,1390.422,21.938,0.355797,155.689,222.115,224.542,1058.2,21.938,155.959,222.256,224.537,1058.195,21.938
chartqa,1792,1024,chartqa_val_118,approximated,368.162,428.088,430.474,719.53,1150.004,22.485,0.320139,157.982,228.347,230.813,950.343,22.485,156.31,222.998,225.888,945.418,22.485
chartqa,1792,1024,chartqa_val_119,approximated,359.153,418.717,420.968,1419.102,1840.07,22.173,0.195184,157.921,224.049,226.879,1645.981,22.173,156.094,222.345,224.623,1643.725,22.173
chartqa,1792,1024,chartqa_val_120,approximated,369.077,428.531,430.838,831.445,1262.283,22.471,0.292388,156.049,222.246,224.546,1055.991,22.471,156.172,222.303,224.96,1056.405,22.471
chartqa,1792,1024,chartqa_val_121,approximated,359.692,419.309,421.814,484.249,906.063,22.011,0.396984,157.96,224.355,226.614,710.863,22.011,156.55,223.01,227.015,711.264,22.011
chartqa,1792,1024,chartqa_val_122,approximated,376.921,436.768,439.678,531.557,971.235,20.444,0.388085,155.558,221.896,224.262,755.819,20.444,156.123,222.578,225.408,756.965,20.444
chartqa,1792,1024,chartqa_val_123,approximated,363.88,810.701,813.629,1570.069,2383.698,22.43,0.152654,156.731,224.758,227.076,1797.145,22.43,156.095,224.235,226.872,1796.941,22.43
chartqa,1792,1024,chartqa_val_124,approximated,361.312,796.558,799.185,624.7,1423.885,23.137,0.25375,155.192,222.893,225.35,850.05,23.137,156.093,224.189,227.118,851.818,23.137
chartqa,1792,1024,chartqa_val_125,approximated,365.672,425.433,428.377,1751.86,2180.237,22.175,0.167721,155.002,221.584,224.232,1976.092,22.175,156.543,222.845,226.159,1978.019,22.175
chartqa,1792,1024,chartqa_val_126,approximated,366.22,426.036,428.449,337.82,766.269,22.521,0.477926,159.018,225.23,227.536,565.356,22.521,155.859,221.806,224.15,561.97,22.521
chartqa,1792,1024,chartqa_val_127,approximated,380.181,440.317,442.956,820.93,1263.886,23.455,0.300803,156.258,222.812,225.052,1045.982,23.455,155.886,222.216,224.527,1045.457,23.455
chartqa,1792,1024,chartqa_val_128,approximated,356.216,416.225,418.776,399.674,818.45,21.035,0.435232,155.483,221.798,224.04,623.714,21.035,156.014,222.183,224.472,624.146,21.035
chartqa,1792,1024,chartqa_val_129,approximated,366.606,426.413,428.654,858.329,1286.983,22.588,0.284857,156.969,223.041,225.253,1083.582,22.588,155.99,222.919,225.254,1083.583,22.588
chartqa,1792,1024,chartqa_val_130,approximated,363.713,423.271,425.62,743.484,1169.104,21.867,0.311104,154.753,220.904,223.199,966.683,21.867,156.005,222.065,224.406,967.89,21.867
chartqa,1792,1024,chartqa_val_131,approximated,366.279,425.952,428.262,1471.893,1900.155,22.301,0.192763,156.68,223.047,225.351,1697.244,22.301,156.055,222.244,224.59,1696.483,22.301
chartqa,1792,1024,chartqa_val_132,approximated,349.69,409.602,411.951,1294.99,1706.941,20.887,0.204864,155.079,221.45,223.787,1518.777,20.887,156.017,221.946,224.443,1519.433,20.887
chartqa,1792,1024,chartqa_val_133,approximated,359.823,419.957,422.321,1586.026,2008.347,21.726,0.179164,155.225,221.365,223.677,1809.703,21.726,155.98,224.309,226.699,1812.725,21.726
chartqa,1792,1024,chartqa_val_134,approximated,351.536,411.719,414.331,571.657,985.988,21.172,0.356531,156.159,222.549,224.872,796.529,21.172,155.924,223.35,225.751,797.408,21.172
chartqa,1792,1024,chartqa_val_135,approximated,352.875,412.859,415.342,1443.378,1858.72,21.543,0.189848,156.427,222.886,225.423,1668.801,21.543,155.884,222.383,224.759,1668.137,21.543
chartqa,1792,1024,chartqa_val_136,approximated,363.796,423.506,425.813,448.716,874.529,21.367,0.415991,157.961,224.222,226.759,675.475,21.367,156.063,222.197,224.551,673.267,21.367
chartqa,1792,1024,chartqa_val_137,approximated,346.865,773.072,775.341,526.903,1302.244,21.076,0.266359,161.22,228.803,231.11,758.013,21.076,156.218,224.354,226.844,753.747,21.076
chartqa,1792,1024,chartqa_val_138,approximated,362.687,422.974,425.342,610.526,1035.868,22.612,0.350128,158.137,224.431,226.949,837.475,22.612,156.002,221.971,224.345,834.871,22.612
chartqa,1792,1024,chartqa_val_139,approximated,355.581,415.627,418.005,625.199,1043.204,21.559,0.340855,154.857,221.201,223.598,848.797,21.559,156.065,227.098,229.468,854.667,21.559
chartqa,1792,1024,chartqa_val_140,approximated,375.321,435.498,439.042,633.099,1072.141,22.611,0.350066,155.972,222.472,224.683,857.782,22.611,155.988,222.469,224.819,857.918,22.611
chartqa,1792,1024,chartqa_val_141,approximated,372.63,432.812,435.289,2076.416,2511.705,22.327,0.148358,155.135,221.462,223.799,2300.215,22.327,155.971,222.076,224.401,2300.817,22.327
chartqa,1792,1024,chartqa_val_142,approximated,371.455,431.663,434.184,787.721,1221.905,22.506,0.303996,154.646,221.059,223.658,1011.379,22.506,155.933,222.901,225.229,1012.95,22.506
chartqa,1792,1024,chartqa_val_143,approximated,375.747,435.719,438.073,3153.269,3591.342,23.358,0.104626,156.59,223.684,226.477,3379.746,23.358,155.989,222.309,224.612,3377.881,23.358
chartqa,1792,1024,chartqa_val_144,approximated,376.788,436.639,439.203,599.904,1039.107,23.073,0.362608,155.789,222.159,224.633,824.537,23.073,155.942,222.253,224.522,824.426,23.073
chartqa,1792,1024,chartqa_val_145,approximated,367.318,427.198,429.871,1073.03,1502.901,22.355,0.244406,155.507,221.603,224.089,1297.119,22.355,156.384,222.714,226.127,1299.157,22.355
chartqa,1792,1024,chartqa_val_146,approximated,366.703,426.529,429.272,1453.055,1882.327,22.704,0.194814,158.301,224.901,227.358,1680.413,22.704,155.965,222.151,224.699,1677.754,22.704
chartqa,1792,1024,chartqa_val_147,approximated,364.648,424.664,427.227,2963.975,3391.202,23.156,0.107528,155.312,221.855,224.182,3188.157,23.156,156.006,222.699,225.079,3189.054,23.156
chartqa,1792,1024,chartqa_val_148,approximated,364.037,423.725,426.243,634.022,1060.265,22.644,0.343345,154.412,220.813,223.176,857.198,22.644,155.9,222.119,224.367,858.389,22.644
chartqa,1792,1024,chartqa_val_149,approximated,363.883,423.809,426.128,3140.737,3566.865,22.595,0.102018,156.724,222.87,225.116,3365.853,22.595,155.881,221.927,224.168,3364.905,22.595
chartqa,1792,1024,chartqa_val_150,approximated,367.89,427.889,430.841,481.143,911.984,22.912,0.403395,154.811,221.159,223.923,705.066,22.912,156.067,222.087,224.616,705.759,22.912
chartqa,1792,1024,chartqa_val_151,approximated,356.844,416.582,418.973,3329.607,3748.58,21.905,0.095195,155.378,221.624,223.92,3553.527,21.905,156.053,222.466,225.149,3554.756,21.905
chartqa,1792,1024,chartqa_val_152,approximated,356.525,416.29,418.622,196.668,615.29,21.852,0.579443,156.495,222.751,225.546,422.214,21.852,156.194,222.785,225.278,421.946,21.852
chartqa,1792,1024,chartqa_val_153,approximated,367.089,427.091,429.459,228.447,657.906,22.845,0.557966,156.123,223.133,225.697,454.144,22.845,155.926,221.863,224.114,452.561,22.845
chartqa,1792,1024,chartqa_val_154,approximated,356.203,415.77,418.001,948.081,1366.082,21.547,0.260748,158.847,225.527,228.121,1176.202,21.547,155.939,222.331,225.009,1173.09,21.547
chartqa,1792,1024,chartqa_val_155,approximated,474.409,534.117,537.028,288.242,825.27,20.589,0.574853,155.796,222.262,224.774,513.016,20.589,156.012,222.265,224.558,512.8,20.589
chartqa,1792,1024,chartqa_val_156,approximated,362.867,422.567,425.004,686.354,1111.358,22.14,0.326508,157.165,223.521,225.987,912.341,22.14,156.247,222.551,224.853,911.207,22.14
chartqa,1792,1024,chartqa_val_157,approximated,366.603,426.292,428.711,3281.151,3709.862,22.021,0.098818,155.103,221.372,223.693,3504.844,22.021,156.041,222.283,224.642,3505.793,22.021
chartqa,1792,1024,chartqa_val_158,approximated,361.545,421.108,423.574,699.272,1122.846,21.852,0.32199,155.025,221.142,223.443,922.715,21.852,155.949,222.235,224.588,923.86,21.852
chartqa,1792,1024,chartqa_val_159,approximated,363.726,423.144,425.447,351.148,776.595,21.947,0.46836,155.502,221.463,223.686,574.834,21.947,156.423,399.146,401.375,752.523,21.947
chartqa,1792,1024,chartqa_val_160,approximated,349.933,409.99,412.484,499.242,911.726,20.802,0.383814,155.138,221.689,224.392,723.634,20.802,155.873,221.861,224.127,723.369,20.802
chartqa,1792,1024,chartqa_val_161,approximated,350.048,409.683,412.127,4179.518,4591.645,21.003,0.076236,157.071,223.796,226.211,4405.729,21.003,156.27,223.019,226.106,4405.624,21.003
chartqa,1792,1024,chartqa_val_162,approximated,356.348,415.899,418.445,1251.901,1670.346,21.219,0.213338,155.972,222.241,224.892,1476.793,21.219,155.856,221.665,223.963,1475.864,21.219
chartqa,1792,1024,chartqa_val_163,approximated,366.856,426.815,429.118,12665.541,13094.659,21.951,0.028016,155.598,221.827,224.275,12889.816,21.951,156.062,222.117,224.413,12889.954,21.951
chartqa,1792,1024,chartqa_val_164,approximated,353.762,413.831,416.441,1069.186,1485.627,22.749,0.238123,154.288,220.277,222.544,1291.73,22.749,156.524,222.615,226.018,1295.204,22.749
chartqa,1792,1024,chartqa_val_165,approximated,350.075,409.865,412.245,957.708,1369.953,21.282,0.255538,157.173,223.784,226.224,1183.932,21.282,156.08,222.421,225.473,1183.181,21.282
chartqa,1792,1024,chartqa_val_166,approximated,351.083,410.945,413.291,606.9,1020.191,20.928,0.344135,156.142,222.271,224.458,831.358,20.928,155.979,223.82,226.314,833.214,20.928
chartqa,1792,1024,chartqa_val_167,approximated,354.731,785.387,787.679,1023.784,1811.463,21.329,0.195826,154.666,222.966,225.627,1249.411,21.329,156.035,224.614,227.506,1251.29,21.329
chartqa,1792,1024,chartqa_val_168,approximated,360.802,420.577,422.956,216.472,639.428,21.647,0.564258,163.003,229.211,233.091,449.563,21.647,156.557,222.704,226.81,443.282,21.647
chartqa,1792,1024,chartqa_val_169,approximated,361.212,420.861,423.109,822.335,1245.444,21.64,0.290027,155.783,222.15,224.26,1046.595,21.64,156.095,223.482,225.681,1048.016,21.64
chartqa,1792,1024,chartqa_val_170,approximated,347.795,407.285,409.536,1420.805,1830.341,20.894,0.190017,157.626,223.967,226.362,1647.167,20.894,155.907,221.988,224.299,1645.104,20.894
chartqa,1792,1024,chartqa_val_171,approximated,351.461,411.231,413.668,8676.671,9090.339,21.692,0.038663,155.059,221.41,223.859,8900.53,21.692,155.92,222.388,224.795,8901.466,21.692
chartqa,1792,1024,chartqa_val_172,approximated,363.055,423.04,425.616,1262.233,1687.849,21.763,0.215099,160.327,226.785,229.273,1491.506,21.763,156.196,222.423,225.169,1487.402,21.763
chartqa,1792,1024,chartqa_val_173,approximated,354.454,789.064,791.506,2166.384,2957.89,22.804,0.119833,158.988,227.525,229.928,2396.312,22.804,155.988,223.758,226.158,2392.542,22.804
chartqa,1792,1024,chartqa_val_174,approximated,358.466,418.337,421.053,687.942,1108.995,21.498,0.323235,156.715,223.239,225.758,913.7,21.498,156.063,222.047,224.432,912.374,21.498
chartqa,1792,1024,chartqa_val_175,approximated,366.908,427.099,429.989,2202.242,2632.231,22.704,0.13939,157.158,223.646,225.913,2428.155,22.704,156.061,222.291,224.571,2426.813,22.704
chartqa,1792,1024,chartqa_val_176,approximated,363.883,423.764,426.062,4516.21,4942.272,22.247,0.073627,155.889,222.161,224.658,4740.868,22.247,156.022,222.196,224.602,4740.812,22.247
chartqa,1792,1024,chartqa_val_177,approximated,364.153,424.142,426.706,3794.28,4220.986,22.189,0.086272,159.096,225.468,227.833,4022.113,22.189,156.093,222.386,224.777,4019.057,22.189
chartqa,1792,1024,chartqa_val_178,approximated,363.816,423.498,425.835,729.212,1155.047,22.097,0.31498,158.102,225.357,228.235,957.447,22.097,156.07,222.373,225.192,954.404,22.097
chartqa,1792,1024,chartqa_val_179,approximated,355.549,415.401,418.024,689.603,1107.627,21.55,0.321,154.915,221.021,223.372,912.975,21.55,156.051,222.329,225.285,914.888,21.55
chartqa,1792,1024,chartqa_val_180,approximated,384.794,445.125,447.653,425.704,873.357,25.041,0.440591,154.877,221.393,224.0,649.704,25.041,156.063,222.685,225.081,650.785,25.041
chartqa,1792,1024,chartqa_val_181,approximated,365.576,425.949,428.54,1454.141,1882.681,22.371,0.194178,155.261,221.513,223.709,1677.85,22.371,155.96,222.029,224.325,1678.466,22.371
chartqa,1792,1024,chartqa_val_182,approximated,367.628,812.113,814.692,6564.183,7378.875,22.48,0.049822,157.739,225.893,228.145,6792.328,22.48,155.945,224.037,226.4,6790.583,22.48
chartqa,1792,1024,chartqa_val_183,approximated,371.239,431.595,434.546,2096.765,2531.311,24.381,0.146659,154.467,220.795,223.169,2319.934,24.381,156.031,222.327,224.743,2321.508,24.381
chartqa,1792,1024,chartqa_val_184,approximated,372.584,432.496,435.057,441.392,876.449,23.231,0.425107,154.762,221.189,223.473,664.865,23.231,155.965,222.111,224.453,665.845,23.231
chartqa,1792,1024,chartqa_val_185,approximated,382.197,442.029,444.581,36.125,480.706,36.125,0.795075,156.239,222.824,224.983,261.108,36.125,155.879,222.191,224.499,260.624,36.125
chartqa,1792,1024,chartqa_val_186,approximated,377.781,437.564,439.939,725.572,1165.511,23.406,0.324134,156.565,222.901,225.304,950.876,23.406,155.875,221.797,223.969,949.541,23.406
chartqa,1792,1024,chartqa_val_187,approximated,376.805,436.436,438.813,1140.944,1579.757,23.285,0.238521,154.614,220.815,223.135,1364.079,23.285,156.105,223.154,225.43,1366.374,23.285
chartqa,1792,1024,chartqa_val_188,approximated,373.865,433.629,435.927,739.27,1175.197,23.102,0.31813,155.09,221.351,223.611,962.881,23.102,156.028,222.314,224.639,963.909,23.102
chartqa,1792,1024,chartqa_val_189,approximated,369.686,429.619,432.072,1266.081,1698.153,22.609,0.217699,156.074,224.258,227.084,1493.165,22.609,156.127,222.677,225.577,1491.658,22.609
chartqa,1792,1024,chartqa_val_190,approximated,365.871,425.915,428.42,1193.013,1621.433,22.51,0.225647,155.876,222.543,225.071,1418.084,22.51,156.121,222.537,224.987,1418.0,22.51
chartqa,1792,1024,chartqa_val_191,approximated,350.259,410.354,413.047,369.231,782.278,21.719,0.447742,157.037,223.264,225.624,594.855,21.719,155.927,222.243,224.518,593.749,21.719
chartqa,1792,1024,chartqa_val_192,approximated,498.698,558.458,560.721,2874.416,3435.137,23.756,0.145175,155.048,221.503,224.07,3098.486,23.756,155.938,222.454,224.762,3099.178,23.756
chartqa,1792,1024,chartqa_val_193,approximated,359.187,787.604,789.96,44.176,834.136,22.088,0.43061,160.348,228.45,232.301,276.477,22.088,156.053,223.887,226.238,270.414,22.088
chartqa,1792,1024,chartqa_val_194,approximated,353.277,413.34,415.757,613.646,1029.403,21.16,0.343186,154.885,220.937,223.115,836.761,21.16,156.584,222.837,225.471,839.117,21.16
chartqa,1792,1024,chartqa_val_195,approximated,355.198,415.5,417.853,43.694,461.547,21.847,0.769581,155.501,221.963,224.496,268.19,21.847,156.035,222.258,224.817,268.511,21.847
chartqa,1792,1024,chartqa_val_196,approximated,359.14,419.297,421.639,388.329,809.968,21.574,0.4434,180.98,247.357,249.88,638.209,21.574,156.447,223.165,225.393,613.722,21.574
chartqa,1792,1024,chartqa_val_197,approximated,359.598,419.55,421.894,5901.05,6322.944,22.101,0.056872,154.926,221.556,224.36,6125.41,22.101,156.119,222.267,224.904,6125.954,22.101
chartqa,1792,1024,chartqa_val_198,approximated,357.539,417.576,420.05,350.09,770.14,21.881,0.464251,156.026,222.518,224.998,575.088,21.881,156.116,222.241,224.721,574.811,21.881
chartqa,1792,1024,chartqa_val_199,approximated,357.024,416.672,419.145,1180.926,1600.071,21.471,0.22313,157.469,224.229,226.513,1407.439,21.471,155.825,222.247,224.522,1405.448,21.471
chartqa,1792,1024,chartqa_val_200,approximated,356.023,415.552,417.933,1872.068,2290.001,21.768,0.155469,160.319,226.619,229.215,2101.283,21.768,155.973,222.278,224.679,2096.747,21.768
chartqa,1792,1024,chartqa_val_201,approximated,369.228,429.201,431.55,748.439,1179.989,22.013,0.312908,155.903,222.305,224.813,973.252,22.013,156.05,222.259,224.848,973.287,22.013
chartqa,1792,1024,chartqa_val_202,approximated,364.676,424.566,427.338,179.065,606.403,22.383,0.601376,155.143,221.716,224.338,403.403,22.383,157.608,223.993,226.497,405.562,22.383
chartqa,1792,1024,chartqa_val_203,approximated,363.729,423.76,426.046,3962.358,4388.404,22.136,0.082884,155.842,222.347,224.795,4187.153,22.136,156.096,222.442,224.797,4187.155,22.136
chartqa,1792,1024,chartqa_val_204,approximated,357.888,417.821,420.354,946.861,1367.215,21.041,0.261764,157.703,224.06,226.719,1173.58,21.041,156.014,222.173,224.471,1171.332,21.041
chartqa,1792,1024,chartqa_val_205,approximated,364.082,424.08,426.897,9162.281,9589.178,22.512,0.037968,161.694,228.454,230.725,9393.006,22.512,156.521,222.754,226.193,9388.474,22.512
chartqa,1792,1024,chartqa_val_206,approximated,362.949,423.3,426.247,4157.793,4584.04,21.769,0.079177,154.67,220.845,223.238,4381.031,21.769,156.596,223.171,227.005,4384.798,21.769
chartqa,1792,1024,chartqa_val_207,approximated,363.439,423.379,425.774,1193.448,1619.222,22.101,0.224453,155.782,222.122,224.385,1417.833,22.101,156.002,222.55,225.056,1418.504,22.101
chartqa,1792,1024,chartqa_val_208,approximated,364.676,424.441,426.885,157.708,584.593,22.53,0.623812,158.778,225.136,227.58,385.288,22.53,156.148,224.243,226.61,384.318,22.53
chartqa,1792,1024,chartqa_val_209,approximated,360.862,420.827,423.326,153.588,576.914,21.941,0.625504,154.883,220.981,223.222,376.81,21.941,155.969,222.187,224.507,378.095,21.941
chartqa,1792,1024,chartqa_val_210,approximated,363.756,423.584,425.947,907.879,1333.826,22.143,0.272716,154.892,220.937,223.079,1130.958,22.143,156.004,222.378,224.648,1132.527,22.143
chartqa,1792,1024,chartqa_val_211,approximated,365.847,425.746,428.061,1042.65,1470.711,23.17,0.248755,155.1,221.395,223.788,1266.438,23.17,155.945,223.247,225.652,1268.302,23.17
chartqa,1792,1024,chartqa_val_212,approximated,361.416,421.264,424.021,241.631,665.652,21.966,0.54295,155.419,222.01,224.308,465.939,21.966,156.087,222.466,224.92,466.551,21.966
chartqa,1792,1024,chartqa_val_213,approximated,362.674,422.467,424.751,830.636,1255.387,21.859,0.288894,154.448,220.904,223.124,1053.76,21.859,156.112,224.058,226.753,1057.389,21.859
chartqa,1792,1024,chartqa_val_214,approximated,356.911,416.946,419.181,260.836,680.017,21.736,0.524855,155.063,221.381,223.775,484.611,21.736,155.865,221.795,224.115,484.951,21.736
chartqa,1792,1024,chartqa_val_215,approximated,369.21,428.838,431.107,4655.392,5086.499,22.169,0.072586,155.393,221.597,224.272,4879.664,22.169,155.789,222.955,225.215,4880.607,22.169
chartqa,1792,1024,chartqa_val_216,approximated,359.546,419.281,421.769,132.46,554.229,22.077,0.648733,156.623,223.007,226.553,359.013,22.077,156.158,222.435,224.915,357.375,22.077
chartqa,1792,1024,chartqa_val_217,approximated,361.256,421.063,423.431,1114.13,1537.561,21.846,0.234954,157.979,224.521,228.051,1342.181,21.846,155.748,221.762,224.099,1338.229,21.846
chartqa,1792,1024,chartqa_val_218,approximated,368.561,429.007,431.356,136.082,567.438,22.68,0.649518,155.423,221.765,224.163,360.245,22.68,155.793,222.655,225.156,361.238,22.68
chartqa,1792,1024,chartqa_val_219,approximated,359.022,418.563,420.848,1537.432,1958.28,22.609,0.183335,155.392,221.778,224.077,1761.509,22.609,156.157,222.74,225.199,1762.631,22.609
chartqa,1792,1024,chartqa_val_220,approximated,364.731,424.439,426.754,1973.997,2400.751,22.432,0.151924,155.779,222.112,224.755,2198.752,22.432,156.187,222.162,224.555,2198.552,22.432
chartqa,1792,1024,chartqa_val_221,approximated,359.35,419.521,421.837,1277.501,1699.338,21.653,0.211465,155.031,221.371,224.128,1501.629,21.653,156.004,222.047,224.44,1501.941,21.653
chartqa,1792,1024,chartqa_val_222,approximated,365.427,425.264,427.633,1819.53,2247.163,22.463,0.162617,158.036,224.397,227.274,2046.804,22.463,156.615,224.178,227.007,2046.537,22.463
chartqa,1792,1024,chartqa_val_223,approximated,375.501,435.53,438.592,351.893,790.485,21.993,0.475027,186.441,252.931,256.585,608.478,21.993,156.707,222.905,226.918,578.811,21.993
chartqa,1792,1024,chartqa_val_224,approximated,364.476,424.244,426.556,202.269,628.825,22.474,0.579615,159.349,225.758,228.046,430.315,22.474,156.021,222.383,224.941,427.21,22.474
chartqa,1792,1024,chartqa_val_225,approximated,356.897,416.444,418.701,396.388,815.089,22.022,0.437863,155.103,221.322,223.5,619.888,22.022,156.07,222.175,224.648,621.036,22.022
chartqa,1792,1024,chartqa_val_226,approximated,359.505,419.261,421.571,874.875,1296.446,22.433,0.2773,154.453,220.574,222.852,1097.727,22.433,155.833,222.04,224.349,1099.224,22.433
chartqa,1792,1024,chartqa_val_227,approximated,354.136,414.082,416.646,2444.987,2861.633,20.375,0.123753,154.988,221.269,223.584,2668.571,20.375,156.01,222.13,224.438,2669.425,20.375
chartqa,1792,1024,chartqa_val_228,approximated,345.647,405.436,407.777,144.25,552.027,20.607,0.626142,154.395,220.876,223.281,367.531,20.607,155.925,222.136,224.453,368.703,20.607
chartqa,1792,1024,chartqa_val_229,approximated,461.468,521.444,523.779,445.355,969.134,21.207,0.476166,155.204,221.755,224.393,669.748,21.207,156.041,222.322,224.93,670.285,21.207
chartqa,1792,1024,chartqa_val_230,approximated,364.207,424.019,426.985,1580.563,2007.548,22.261,0.181419,155.435,222.034,224.595,1805.158,22.261,156.148,222.136,224.502,1805.065,22.261
chartqa,1792,1024,chartqa_val_231,approximated,382.936,442.523,445.795,435.389,881.184,21.769,0.434569,155.886,223.844,226.503,661.892,21.769,156.071,222.301,224.743,660.132,21.769
chartqa,1792,1024,chartqa_val_232,approximated,356.522,416.321,418.929,811.113,1230.042,21.922,0.289846,157.221,223.605,225.834,1036.947,21.922,156.014,222.208,224.47,1035.583,21.922
chartqa,1792,1024,chartqa_val_233,approximated,358.434,418.103,420.472,10261.393,10681.865,22.259,0.033555,154.811,221.46,223.893,10485.286,22.259,155.929,222.11,224.375,10485.768,22.259
chartqa,1792,1024,chartqa_val_234,approximated,351.782,411.336,413.807,1610.606,2024.413,20.917,0.17377,159.172,225.396,227.762,1838.368,20.917,156.041,222.153,224.665,1835.271,20.917
chartqa,1792,1024,chartqa_val_235,approximated,348.174,407.86,410.599,1016.764,1427.363,20.75,0.243928,157.046,225.393,227.851,1244.615,20.75,156.451,222.658,225.696,1242.46,20.75
chartqa,1792,1024,chartqa_val_236,approximated,354.095,413.647,416.032,167.916,583.948,20.99,0.606382,155.587,222.039,224.663,392.579,20.99,156.101,222.627,225.004,392.92,20.99
chartqa,1792,1024,chartqa_val_237,approximated,365.971,425.518,428.511,508.334,936.845,22.101,0.390641,155.532,221.715,224.093,732.427,22.101,156.086,222.209,224.512,732.846,22.101
chartqa,1792,1024,chartqa_val_238,approximated,361.531,421.274,423.588,600.244,1023.832,22.231,0.353115,156.614,225.171,227.423,827.667,22.231,155.904,222.246,224.614,824.858,22.231
chartqa,1792,1024,chartqa_val_239,approximated,364.82,424.807,427.248,10190.261,10617.509,22.899,0.03436,155.39,221.995,224.532,10414.793,22.899,155.871,222.065,224.312,10414.573,22.899
chartqa,1792,1024,chartqa_val_240,approximated,370.746,430.805,433.584,1380.888,1814.472,23.015,0.204327,170.785,237.322,240.932,1621.82,23.015,156.188,222.374,225.052,1605.94,23.015
chartqa,1792,1024,chartqa_val_241,approximated,374.83,434.754,437.412,4310.339,4747.751,22.686,0.078949,154.565,221.074,223.479,4533.818,22.686,155.808,222.04,224.362,4534.701,22.686
chartqa,1792,1024,chartqa_val_242,approximated,358.929,418.832,421.785,571.83,993.615,21.179,0.361235,157.191,225.279,227.919,799.749,21.179,155.801,221.927,224.19,796.02,21.179
chartqa,1792,1024,chartqa_val_243,approximated,366.949,426.752,429.283,13936.884,14366.167,21.948,0.025543,156.469,223.048,225.3,14162.184,21.948,155.943,222.146,224.479,14161.363,21.948
chartqa,1792,1024,chartqa_val_244,approximated,350.964,410.599,413.281,1489.774,1903.055,20.691,0.184421,154.492,223.261,225.474,1715.248,20.691,155.718,221.785,224.032,1713.806,20.691
chartqa,1792,1024,chartqa_val_245,approximated,356.866,416.523,418.772,499.973,918.745,22.726,0.388427,160.363,226.408,228.758,728.731,22.726,155.875,221.844,224.102,724.075,22.726
chartqa,1792,1024,chartqa_val_246,approximated,371.89,432.091,434.944,990.598,1425.542,22.514,0.260876,160.291,226.368,228.673,1219.271,22.514,156.019,222.054,224.353,1214.951,22.514
chartqa,1792,1024,chartqa_val_247,approximated,359.484,418.988,421.314,4542.151,4963.465,21.629,0.072426,157.132,223.514,225.829,4767.98,21.629,155.761,221.681,223.915,4766.066,21.629
chartqa,1792,1024,chartqa_val_248,approximated,359.008,419.055,422.024,913.846,1335.87,21.758,0.268745,156.256,222.733,225.327,1139.173,21.758,156.645,223.123,226.576,1140.422,21.758
chartqa,1792,1024,chartqa_val_249,approximated,363.691,423.62,426.11,12106.834,12532.944,22.337,0.029019,154.561,221.08,223.35,12330.184,22.337,156.083,222.896,225.121,12331.955,22.337
chartqa,1792,1024,chartqa_val_250,approximated,384.38,444.428,447.03,379.588,826.618,23.724,0.465003,157.04,223.7,226.148,605.736,23.724,155.929,222.004,224.221,603.809,23.724
chartqa,1792,1024,chartqa_val_251,approximated,385.885,445.855,449.483,6725.615,7175.098,23.599,0.053781,155.237,222.406,224.631,6950.246,23.599,155.868,222.051,224.444,6950.059,23.599
chartqa,1792,1024,chartqa_val_252,approximated,364.817,424.695,427.181,156.775,583.956,22.396,0.624734,154.528,220.926,223.495,380.27,22.396,156.097,222.45,225.008,381.783,22.396
chartqa,1792,1024,chartqa_val_253,approximated,356.771,416.578,419.321,511.21,930.531,21.3,0.383406,159.112,380.836,383.612,894.822,21.3,156.024,222.129,224.488,735.698,21.3
chartqa,1792,1024,chartqa_val_254,approximated,366.198,425.986,428.526,1040.243,1468.769,22.614,0.249323,158.11,224.25,231.346,1271.589,22.614,156.559,223.086,226.805,1267.048,22.614
chartqa,1792,1024,chartqa_val_255,approximated,365.539,425.397,427.654,4934.85,5362.504,22.637,0.068166,158.387,224.984,228.212,5163.062,22.637,155.949,222.057,224.377,5159.227,22.637
chartqa,1792,1024,chartqa_val_256,approximated,372.603,432.5,434.903,471.144,906.047,22.435,0.41124,154.998,221.14,223.679,694.823,22.435,156.059,222.061,224.374,695.518,22.435
chartqa,1792,1024,chartqa_val_257,approximated,376.049,435.911,438.131,4052.807,4490.938,24.864,0.083735,157.173,223.813,226.776,4279.583,24.864,155.964,222.36,224.637,4277.444,24.864
chartqa,1792,1024,chartqa_val_258,approximated,359.199,419.153,421.466,309.3,730.766,22.093,0.491537,155.783,222.125,224.802,534.102,22.093,156.02,221.998,224.272,533.572,22.093
chartqa,1792,1024,chartqa_val_259,approximated,363.07,423.261,425.871,4027.236,4453.107,22.128,0.081532,159.277,225.527,228.23,4255.466,22.128,155.958,221.913,224.16,4251.396,22.128
chartqa,1792,1024,chartqa_val_260,approximated,380.125,440.519,442.968,1008.635,1451.603,22.924,0.261866,157.49,223.98,226.905,1235.54,22.924,156.18,222.337,224.652,1233.287,22.924
chartqa,1792,1024,chartqa_val_261,approximated,361.865,421.829,424.437,3899.035,4323.472,22.154,0.083698,163.498,231.481,234.181,4133.216,22.154,156.057,222.133,224.382,4123.417,22.154
chartqa,1792,1024,chartqa_val_262,approximated,363.941,423.796,426.62,2561.992,2988.612,21.897,0.121776,155.598,222.328,225.235,2787.227,21.897,156.16,222.288,224.558,2786.55,21.897
chartqa,1792,1024,chartqa_val_263,approximated,368.643,428.388,430.785,3819.654,4250.439,22.207,0.08673,165.14,231.858,236.007,4055.661,22.207,155.987,221.963,224.315,4043.969,22.207
chartqa,1792,1024,chartqa_val_264,approximated,358.524,418.485,420.888,902.015,1322.903,22.0,0.271013,158.499,225.099,228.186,1130.201,22.0,156.055,222.155,224.464,1126.479,22.0
chartqa,1792,1024,chartqa_val_265,approximated,361.37,421.201,423.657,764.339,1187.996,21.838,0.304185,157.99,224.534,227.391,991.73,21.838,156.137,222.283,224.645,988.984,21.838
chartqa,1792,1024,chartqa_val_266,approximated,537.47,597.369,599.826,1138.655,1738.481,22.327,0.309161,155.5,221.611,224.085,1362.74,22.327,156.59,222.592,226.381,1365.036,22.327
chartqa,1792,1024,chartqa_val_267,approximated,361.848,421.227,423.717,2959.803,3383.52,21.604,0.106944,157.357,223.558,226.055,3185.858,21.604,155.901,221.656,224.192,3183.995,21.604
chartqa,1792,1024,chartqa_val_268,approximated,376.505,436.038,438.561,433.085,871.646,22.794,0.431947,154.9,221.116,223.672,656.757,22.794,155.923,222.594,224.9,657.985,22.794
chartqa,1792,1024,chartqa_val_269,approximated,352.793,412.436,415.125,4459.167,4874.292,20.644,0.072378,156.614,222.889,225.174,4684.341,20.644,156.107,222.777,225.026,4684.193,20.644
chartqa,1792,1024,chartqa_val_270,approximated,352.214,412.016,414.384,399.244,813.628,21.013,0.432893,155.269,221.865,224.754,623.998,21.013,156.231,225.521,228.412,627.656,21.013
chartqa,1792,1024,chartqa_val_271,approximated,362.477,422.183,424.552,2213.962,2638.514,21.92,0.137379,155.164,223.082,225.56,2439.522,21.92,156.146,223.829,226.215,2440.177,21.92
chartqa,1792,1024,chartqa_val_272,approximated,363.071,422.524,424.984,846.981,1271.965,22.289,0.285441,155.457,222.248,224.806,1071.787,22.289,155.821,221.823,224.259,1071.24,22.289
chartqa,1792,1024,chartqa_val_273,approximated,365.192,424.621,427.038,3271.174,3698.212,22.56,0.098748,155.731,221.982,224.489,3495.663,22.56,155.76,222.525,224.857,3496.031,22.56
chartqa,1792,1024,chartqa_val_274,approximated,372.263,432.166,434.967,923.007,1357.974,23.075,0.274131,154.916,221.305,223.687,1146.694,23.075,156.053,222.02,224.312,1147.319,23.075
chartqa,1792,1024,chartqa_val_275,approximated,364.362,424.064,426.542,3951.635,4378.177,23.109,0.083222,155.662,222.282,224.766,4176.401,23.109,156.139,222.73,225.107,4176.742,23.109
chartqa,1792,1024,chartqa_val_276,approximated,365.116,424.867,427.486,330.409,757.895,23.601,0.48175,155.598,222.103,224.679,555.088,23.601,156.161,222.367,224.723,555.132,23.601
chartqa,1792,1024,chartqa_val_277,approximated,362.367,422.244,424.623,632.332,1056.955,22.583,0.342841,155.39,225.319,227.762,860.094,22.583,155.983,223.168,225.45,857.782,22.583
chartqa,1792,1024,chartqa_val_278,approximated,362.461,422.151,424.627,298.535,723.162,22.964,0.501216,155.585,221.699,224.226,522.761,22.964,155.974,223.502,225.721,524.256,22.964
chartqa,1792,1024,chartqa_val_279,approximated,366.145,426.01,428.854,1305.406,1734.26,22.507,0.211124,155.444,221.92,224.535,1529.941,22.507,156.041,222.109,224.445,1529.851,22.507
chartqa,1792,1024,chartqa_val_280,approximated,365.175,425.059,427.49,2072.683,2500.173,22.529,0.14606,155.293,221.786,224.463,2297.146,22.529,156.234,222.634,224.94,2297.623,22.529
chartqa,1792,1024,chartqa_val_281,approximated,366.388,426.358,428.731,2094.846,2523.577,22.525,0.145186,155.632,222.051,224.617,2319.463,22.525,156.284,224.254,226.812,2321.658,22.525
chartqa,1792,1024,chartqa_val_282,approximated,366.177,426.27,431.819,460.303,892.122,24.226,0.410456,157.316,223.781,226.259,686.562,24.226,155.967,221.98,224.646,684.949,24.226
chartqa,1792,1024,chartqa_val_283,approximated,364.976,424.742,427.327,1203.693,1631.02,22.291,0.223771,154.609,221.023,223.495,1427.188,22.291,155.986,222.153,224.398,1428.091,22.291
chartqa,1792,1024,chartqa_val_284,approximated,363.606,423.827,426.324,534.943,961.267,22.289,0.378257,165.058,232.149,235.419,770.362,22.289,156.207,222.45,225.068,760.011,22.289
chartqa,1792,1024,chartqa_val_285,approximated,348.884,409.004,411.617,335.75,747.367,20.984,0.466818,156.092,222.44,224.781,560.531,20.984,156.082,222.083,224.409,560.159,20.984
chartqa,1792,1024,chartqa_val_286,approximated,364.175,423.895,426.521,601.703,1028.224,22.285,0.354179,154.944,221.219,223.561,825.264,22.285,156.065,222.996,225.49,827.193,22.285
chartqa,1792,1024,chartqa_val_287,approximated,351.951,411.91,414.194,627.229,1041.423,20.908,0.337953,155.755,222.154,224.433,851.662,20.908,155.955,221.757,223.936,851.165,20.908
chartqa,1792,1024,chartqa_val_288,approximated,351.888,411.652,413.96,804.96,1218.92,21.183,0.288688,157.52,223.888,226.555,1031.515,21.183,156.232,222.653,225.09,1030.05,21.183
chartqa,1792,1024,chartqa_val_289,approximated,367.488,427.401,429.611,400.25,829.861,22.236,0.44283,155.381,221.879,224.547,624.797,22.236,156.199,222.425,224.767,625.017,22.236
chartqa,1792,1024,chartqa_val_290,approximated,364.798,424.752,427.011,784.542,1211.553,22.415,0.301099,155.333,221.925,224.421,1008.963,22.415,156.01,223.216,225.736,1010.278,22.415
chartqa,1792,1024,chartqa_val_291,approximated,367.15,819.677,822.165,45.853,868.018,22.926,0.422975,155.325,225.096,227.428,273.281,22.926,156.03,223.731,226.05,271.903,22.926
chartqa,1792,1024,chartqa_val_292,approximated,368.2,428.201,431.045,630.227,1061.272,22.508,0.346942,157.881,224.209,226.402,856.629,22.508,156.655,222.997,225.287,855.514,22.508
chartqa,1792,1024,chartqa_val_293,approximated,370.804,430.854,436.136,2945.101,3381.237,21.816,0.109665,154.454,220.679,222.893,3167.994,21.816,156.041,222.167,224.693,3169.794,21.816
chartqa,1792,1024,chartqa_val_294,approximated,367.985,427.671,430.022,247.938,677.96,22.54,0.542783,154.985,221.133,223.484,471.422,22.54,156.006,221.753,223.974,471.912,22.54
chartqa,1792,1024,chartqa_val_295,approximated,365.695,802.16,804.44,4586.31,5390.75,22.156,0.067837,155.221,223.307,225.518,4811.828,22.156,156.421,224.272,228.181,4814.491,22.156
chartqa,1792,1024,chartqa_val_296,approximated,363.623,423.862,426.473,476.666,903.139,21.667,0.402621,156.04,223.149,225.351,702.017,21.667,156.133,222.378,224.736,701.402,21.667
chartqa,1792,1024,chartqa_val_297,approximated,353.401,413.248,415.495,4951.955,5367.45,21.719,0.065842,158.37,225.167,228.988,5180.943,21.719,156.789,223.068,225.298,5177.253,21.719
chartqa,1792,1024,chartqa_val_298,approximated,365.764,425.429,427.924,299.763,727.687,21.412,0.502639,155.484,221.816,224.445,524.208,21.412,155.975,222.259,224.775,524.538,21.412
chartqa,1792,1024,chartqa_val_299,approximated,370.042,429.977,433.069,1118.111,1551.18,22.362,0.238555,155.317,221.603,223.961,1342.072,22.362,156.092,224.18,226.552,1344.663,22.362
chartqa,1792,1024,chartqa_val_300,approximated,368.482,428.239,430.784,538.668,969.452,23.42,0.380093,155.017,223.644,226.246,764.914,23.42,156.211,222.482,225.378,764.046,23.42
chartqa,1792,1024,chartqa_val_301,approximated,354.205,413.875,416.15,2388.823,2804.973,22.325,0.126278,155.664,221.909,224.277,2613.1,22.325,155.868,221.809,224.075,2612.898,22.325
chartqa,1792,1024,chartqa_val_302,approximated,351.19,785.349,787.752,656.719,1444.471,72.969,0.243127,157.862,226.229,229.306,886.025,72.969,156.2,224.063,226.768,883.487,72.969
chartqa,1792,1024,chartqa_val_303,approximated,459.447,518.987,521.158,1252.878,1774.036,21.601,0.258984,154.762,221.362,223.782,1476.66,21.601,156.256,222.691,225.713,1478.591,21.601
chartqa,1792,1024,chartqa_val_304,approximated,370.52,430.648,433.649,641.31,1074.959,22.904,0.344683,159.253,225.424,228.057,869.367,22.904,156.004,222.517,225.009,866.319,22.904
chartqa,1792,1024,chartqa_val_305,approximated,372.489,432.3,434.817,4805.994,5240.811,21.649,0.071075,157.476,223.936,226.455,5032.449,21.649,156.081,222.424,224.873,5030.867,21.649
chartqa,1792,1024,chartqa_val_306,approximated,368.951,428.732,431.682,919.797,1351.479,22.995,0.272998,154.764,221.275,223.938,1143.735,22.995,156.359,224.155,226.582,1146.379,22.995
chartqa,1792,1024,chartqa_val_307,approximated,362.836,422.691,425.156,6339.241,6764.397,22.48,0.053639,155.585,221.769,224.264,6563.505,22.48,155.981,222.173,224.504,6563.745,22.48
chartqa,1792,1024,chartqa_val_308,approximated,381.383,441.098,443.665,905.389,1349.054,23.215,0.282704,155.353,221.918,224.639,1130.028,23.215,155.954,222.023,224.352,1129.741,23.215
chartqa,1792,1024,chartqa_val_309,approximated,358.013,417.895,420.242,514.28,934.522,21.428,0.383097,154.447,220.608,223.35,737.63,21.428,156.182,222.532,225.383,739.663,21.428
chartqa,1792,1024,chartqa_val_310,approximated,352.065,411.508,413.844,799.778,1213.622,21.047,0.290094,156.166,222.34,224.442,1024.22,21.047,156.328,222.519,224.836,1024.614,21.047
chartqa,1792,1024,chartqa_val_311,approximated,363.323,423.182,425.4,1298.709,1724.109,22.392,0.210731,155.086,221.415,224.152,1522.861,22.392,156.205,222.728,225.573,1524.282,22.392
chartqa,1792,1024,chartqa_val_312,approximated,359.936,419.57,421.899,1148.141,1570.04,22.08,0.229253,154.551,220.794,223.001,1371.142,22.08,156.081,222.187,224.558,1372.699,22.08
chartqa,1792,1024,chartqa_val_313,approximated,373.124,433.479,436.299,3642.581,4078.88,22.766,0.091477,155.37,221.765,223.979,3866.56,22.766,156.098,222.448,224.757,3867.338,22.766
chartqa,1792,1024,chartqa_val_314,approximated,365.015,424.759,427.499,455.402,882.901,20.7,0.413426,157.358,224.669,227.049,682.451,20.7,156.105,222.421,224.796,680.198,20.7
chartqa,1792,1024,chartqa_val_315,approximated,366.29,426.234,428.701,693.722,1122.423,21.679,0.326339,155.791,222.396,224.729,918.451,21.679,156.133,222.32,224.68,918.402,21.679
chartqa,1792,1024,chartqa_val_316,approximated,358.582,418.442,420.638,984.95,1405.588,21.412,0.255111,166.603,232.832,235.909,1220.859,21.412,156.064,222.119,224.442,1209.392,21.412
chartqa,1792,1024,chartqa_val_317,approximated,359.351,418.991,421.408,674.242,1095.65,21.75,0.327979,155.192,221.564,223.877,898.119,21.75,156.151,222.522,224.926,899.168,21.75
chartqa,1792,1024,chartqa_val_318,approximated,362.084,421.66,424.015,282.535,706.55,21.733,0.512468,154.703,221.034,223.284,505.819,21.733,156.117,222.664,225.007,507.542,21.733
chartqa,1792,1024,chartqa_val_319,approximated,368.043,427.834,430.106,1472.031,1902.137,22.647,0.193489,154.431,221.203,223.369,1695.4,22.647,156.125,222.395,224.903,1696.934,22.647
chartqa,1792,1024,chartqa_val_320,approximated,367.82,427.46,429.735,316.331,746.066,22.595,0.493013,154.85,221.398,223.727,540.058,22.595,156.085,222.49,224.87,541.201,22.595
chartqa,1792,1024,chartqa_val_321,approximated,367.8,427.513,429.785,1019.272,1449.057,22.65,0.253821,161.059,227.335,229.534,1248.806,22.65,156.047,222.293,224.665,1243.937,22.65
chartqa,1792,1024,chartqa_val_322,approximated,361.587,421.444,423.958,586.339,1010.297,22.552,0.357901,155.853,221.926,224.166,810.505,22.552,156.111,222.61,224.997,811.336,22.552
chartqa,1792,1024,chartqa_val_323,approximated,369.377,429.674,432.062,750.068,1182.13,22.729,0.312467,155.589,221.722,223.916,973.984,22.729,156.191,222.433,224.839,974.907,22.729
chartqa,1792,1024,chartqa_val_324,approximated,369.364,429.549,432.037,2748.048,3180.085,22.711,0.116149,154.863,220.828,223.029,2971.077,22.711,156.214,222.357,224.604,2972.652,22.711
chartqa,1792,1024,chartqa_val_325,approximated,374.31,434.226,436.763,2245.856,2682.619,23.153,0.139531,156.833,223.286,225.45,2471.306,23.153,156.268,222.273,224.528,2470.384,23.153
chartqa,1792,1024,chartqa_val_326,approximated,369.175,429.143,431.531,1036.414,1467.945,23.031,0.251491,157.227,224.142,226.323,1262.737,23.031,156.159,222.331,225.003,1261.417,23.031
chartqa,1792,1024,chartqa_val_327,approximated,353.887,413.641,416.301,4854.3,5270.601,21.014,0.067144,154.735,220.877,223.12,5077.42,21.014,156.03,222.481,224.937,5079.237,21.014
chartqa,1792,1024,chartqa_val_328,approximated,353.922,413.572,415.925,4047.872,4463.797,21.531,0.079287,159.856,226.08,228.335,4276.207,21.531,156.014,222.0,224.39,4272.262,21.531
chartqa,1792,1024,chartqa_val_329,approximated,363.957,423.671,426.03,3304.025,3730.055,21.316,0.097574,177.181,243.699,246.777,3550.802,21.316,156.024,222.25,224.562,3528.587,21.316
chartqa,1792,1024,chartqa_val_330,approximated,357.93,418.179,420.495,631.032,1051.527,21.034,0.340391,155.291,221.577,224.055,855.087,21.034,155.966,222.088,224.411,855.443,21.034
chartqa,1792,1024,chartqa_val_331,approximated,364.909,424.789,428.08,837.173,1265.253,22.626,0.288408,155.498,221.965,224.231,1061.404,22.626,156.131,222.713,225.247,1062.42,22.626
chartqa,1792,1024,chartqa_val_332,approximated,360.765,420.543,422.991,854.292,1277.283,22.481,0.282447,155.928,222.22,224.623,1078.915,22.481,156.259,222.586,225.228,1079.52,22.481
chartqa,1792,1024,chartqa_val_333,approximated,355.11,415.1,417.443,574.364,991.807,21.273,0.358043,156.832,223.324,226.02,800.384,21.273,156.025,222.277,224.63,798.994,21.273
chartqa,1792,1024,chartqa_val_334,approximated,356.031,415.758,417.951,1748.464,2166.415,21.323,0.164341,155.192,221.494,224.074,1972.538,21.323,155.871,221.778,224.071,1972.535,21.323
chartqa,1792,1024,chartqa_val_335,approximated,363.599,423.23,425.649,3444.404,3870.053,21.663,0.093952,156.463,222.809,225.141,3669.545,21.663,156.099,222.062,224.475,3668.879,21.663
chartqa,1792,1024,chartqa_val_336,approximated,361.938,421.972,424.273,588.986,1013.259,21.814,0.357202,154.975,221.28,223.653,812.639,21.814,155.955,222.229,224.908,813.894,21.814
chartqa,1792,1024,chartqa_val_337,approximated,364.544,424.312,427.256,9442.294,9869.55,21.411,0.036936,154.076,220.218,222.456,9664.75,21.411,156.322,222.842,225.132,9667.426,21.411
chartqa,1792,1024,chartqa_val_338,approximated,363.88,423.798,426.13,807.547,1233.677,21.826,0.294956,158.109,224.264,226.679,1034.226,21.826,156.424,225.052,227.601,1035.148,21.826
chartqa,1792,1024,chartqa_val_339,approximated,377.214,437.257,440.046,1550.323,1990.369,23.139,0.18952,160.003,226.5,228.944,1779.267,23.139,156.108,222.35,224.618,1774.941,23.139
chartqa,1792,1024,chartqa_val_340,approximated,505.039,565.246,567.707,293.898,861.605,22.607,0.586161,156.516,224.253,226.583,520.481,22.607,156.142,222.598,224.898,518.796,22.607
chartqa,1792,1024,chartqa_val_341,approximated,375.725,435.542,438.402,5795.038,6233.44,23.462,0.060276,156.039,222.403,224.693,6019.731,23.462,156.375,222.426,224.83,6019.868,23.462
chartqa,1792,1024,chartqa_val_342,approximated,353.879,413.492,416.173,402.023,818.196,21.159,0.432511,155.508,221.637,223.918,625.941,21.159,156.238,222.355,224.836,626.859,21.159
chartqa,1792,1024,chartqa_val_343,approximated,371.917,431.676,434.471,7557.805,7992.276,22.628,0.046535,156.251,222.609,224.871,7782.676,22.628,155.979,222.182,224.444,7782.249,22.628
chartqa,1792,1024,chartqa_val_344,approximated,360.93,420.833,423.494,1245.74,1669.234,21.478,0.216225,158.525,225.001,227.836,1473.576,21.478,156.524,222.747,225.142,1470.882,21.478
chartqa,1792,1024,chartqa_val_345,approximated,364.521,424.5,426.89,3759.863,4186.753,21.363,0.087065,154.405,220.739,222.937,3982.8,21.363,156.018,225.033,227.314,3987.177,21.363
chartqa,1792,1024,chartqa_val_346,approximated,348.404,408.167,410.556,839.187,1249.743,20.98,0.278781,156.696,222.896,225.16,1064.347,20.98,156.178,222.294,224.726,1063.913,20.98
chartqa,1792,1024,chartqa_val_347,approximated,354.747,414.193,416.482,8778.063,9194.545,21.051,0.038582,155.272,221.334,223.54,9001.603,21.051,156.193,222.297,224.585,9002.648,21.051
chartqa,1792,1024,chartqa_val_348,approximated,350.559,410.301,412.893,458.021,870.914,20.819,0.402518,158.419,224.648,228.18,686.201,20.819,156.868,223.907,226.815,684.836,20.819
chartqa,1792,1024,chartqa_val_349,approximated,359.089,419.002,421.249,3267.342,3688.591,21.782,0.097351,155.18,221.56,224.191,3491.533,21.782,156.02,222.18,224.697,3492.039,21.782
chartqa,1792,1024,chartqa_val_350,approximated,363.101,422.732,425.059,710.483,1135.542,21.53,0.31976,155.663,222.139,224.646,935.129,21.53,156.131,222.185,224.483,934.966,21.53
chartqa,1792,1024,chartqa_val_351,approximated,363.572,423.289,425.506,6178.452,6603.958,21.528,0.055054,155.908,222.238,224.653,6403.105,21.528,156.192,222.64,224.942,6403.394,21.528
chartqa,1792,1024,chartqa_val_352,approximated,361.45,421.476,423.823,803.88,1227.703,21.727,0.294412,156.235,222.571,224.827,1028.707,21.727,156.117,222.427,225.044,1028.924,21.727
chartqa,1792,1024,chartqa_val_353,approximated,376.284,436.379,438.919,7659.253,8098.172,21.276,0.046465,156.625,223.445,225.657,7884.91,21.276,156.391,222.933,225.516,7884.769,21.276
chartqa,1792,1024,chartqa_val_354,approximated,395.998,455.731,458.714,344.014,802.728,21.501,0.493316,156.386,222.811,225.052,569.066,21.501,156.25,222.483,225.135,569.149,21.501
chartqa,1792,1024,chartqa_val_355,approximated,351.711,411.595,413.872,958.095,1371.967,20.828,0.256355,158.263,224.589,226.985,1185.08,20.828,156.245,222.334,224.622,1182.717,20.828
chartqa,1792,1024,chartqa_val_356,approximated,357.822,417.934,420.196,576.559,996.755,21.354,0.358987,154.589,221.178,223.626,800.185,21.354,156.146,222.664,225.088,801.647,21.354
chartqa,1792,1024,chartqa_val_357,approximated,353.131,412.871,415.318,8602.057,9017.375,21.833,0.039161,155.256,221.881,224.382,8826.439,21.833,156.243,222.618,224.924,8826.981,21.833
chartqa,1792,1024,chartqa_val_358,approximated,357.693,417.334,419.701,1066.673,1486.374,21.769,0.240648,154.533,220.977,223.359,1290.032,21.769,156.069,222.016,224.521,1291.194,21.769
chartqa,1792,1024,chartqa_val_359,approximated,352.667,412.395,414.596,3761.901,4176.497,21.497,0.084441,184.609,251.152,254.815,4016.716,21.497,156.152,222.383,224.725,3986.626,21.497
chartqa,1792,1024,chartqa_val_360,approximated,352.663,412.747,415.018,191.429,606.447,21.27,0.581524,154.501,220.702,222.947,414.376,21.27,156.042,222.103,224.515,415.944,21.27
chartqa,1792,1024,chartqa_val_361,approximated,355.525,415.055,417.281,2622.404,3039.685,21.32,0.116961,155.722,221.855,223.964,2846.368,21.32,156.153,222.68,225.305,2847.709,21.32
chartqa,1792,1024,chartqa_val_362,approximated,353.547,413.374,415.675,787.996,1203.671,21.297,0.293724,154.387,220.517,222.755,1010.751,21.297,155.949,221.944,224.273,1012.269,21.297
chartqa,1792,1024,chartqa_val_363,approximated,365.285,425.561,428.952,2796.215,3225.167,22.733,0.113261,154.882,221.17,223.331,3019.546,22.733,155.979,222.378,224.783,3020.998,22.733
chartqa,1792,1024,chartqa_val_364,approximated,371.015,431.099,433.742,681.93,1115.672,22.731,0.332548,154.754,220.793,223.025,904.955,22.731,156.162,226.659,229.008,910.938,22.731
chartqa,1792,1024,chartqa_val_365,approximated,367.923,428.054,430.572,2314.411,2744.983,24.362,0.134035,154.254,220.64,222.892,2537.303,24.362,156.1,222.183,224.518,2538.929,24.362
chartqa,1792,1024,chartqa_val_366,approximated,405.986,466.143,468.815,655.878,1124.693,24.292,0.360975,164.738,231.058,234.419,890.297,24.292,156.281,222.492,224.898,880.776,24.292
chartqa,1792,1024,chartqa_val_367,approximated,355.233,414.962,417.653,2563.293,2980.946,22.097,0.119168,161.903,228.847,231.232,2794.525,22.097,155.925,222.225,224.581,2787.874,22.097
chartqa,1792,1024,chartqa_val_368,approximated,360.525,420.376,422.966,522.798,945.764,21.783,0.381199,154.893,221.3,223.569,746.367,21.783,155.997,222.008,224.25,747.048,21.783
chartqa,1792,1024,chartqa_val_369,approximated,365.632,425.391,427.672,5584.147,6011.819,22.517,0.060819,159.449,225.656,227.92,5812.067,22.517,156.487,223.135,227.548,5811.695,22.517
chartqa,1792,1024,chartqa_val_370,approximated,367.717,427.581,430.156,404.204,834.36,22.456,0.440718,155.713,222.081,224.559,628.763,22.456,156.013,222.117,224.364,628.568,22.456
chartqa,1792,1024,chartqa_val_371,approximated,366.975,427.15,429.425,3557.569,3986.994,21.826,0.092043,154.786,221.048,223.34,3780.909,21.826,156.07,222.149,224.315,3781.884,21.826
chartqa,1792,1024,chartqa_val_372,approximated,369.582,429.942,432.436,136.122,568.558,22.687,0.650034,155.167,221.461,223.626,359.748,22.687,156.134,222.328,224.94,361.062,22.687
chartqa,1792,1024,chartqa_val_373,approximated,366.792,426.771,429.079,384.258,813.337,22.603,0.450972,157.717,224.477,226.749,611.007,22.603,156.118,228.538,230.799,615.057,22.603
chartqa,1792,1024,chartqa_val_374,approximated,367.326,427.098,429.392,271.213,700.605,22.601,0.524298,156.001,222.401,224.559,495.772,22.601,156.229,222.521,224.81,496.023,22.601
chartqa,1792,1024,chartqa_val_375,approximated,367.241,426.847,429.081,2854.173,3283.254,22.833,0.111853,155.744,222.585,225.292,3079.465,22.833,156.03,222.239,224.534,3078.707,22.833
chartqa,1792,1024,chartqa_val_376,approximated,374.028,433.663,435.944,367.464,803.408,22.966,0.465552,156.364,222.802,225.394,592.858,22.966,156.842,223.16,226.37,593.834,22.966
chartqa,1792,1024,chartqa_val_377,approximated,367.726,427.663,430.134,791.941,1222.075,22.627,0.300903,155.187,224.56,226.825,1018.766,22.627,156.076,222.139,224.443,1016.384,22.627
chartqa,1792,1024,chartqa_val_378,approximated,536.755,596.886,600.161,673.149,1273.31,22.438,0.421543,155.319,221.559,223.777,896.926,22.438,155.955,222.071,224.403,897.552,22.438
chartqa,1792,1024,chartqa_val_379,approximated,372.414,432.67,435.256,338.289,773.545,22.553,0.481438,156.175,222.717,224.907,563.196,22.553,156.547,222.641,225.768,564.057,22.553
chartqa,1792,1024,chartqa_val_380,approximated,371.64,431.229,433.681,357.556,791.237,22.347,0.469694,155.462,221.751,224.072,581.628,22.347,156.072,222.048,224.399,581.955,22.347
chartqa,1792,1024,chartqa_val_381,approximated,370.686,430.522,432.835,1846.688,2279.523,22.799,0.162615,155.785,222.131,224.263,2070.951,22.799,156.319,222.729,225.511,2072.199,22.799
chartqa,1792,1024,chartqa_val_382,approximated,368.625,428.348,430.849,247.806,678.655,22.528,0.54317,155.732,222.887,225.6,473.406,22.528,156.145,222.626,225.114,472.92,22.528
chartqa,1792,1024,chartqa_val_383,approximated,366.288,425.769,428.031,1474.328,1902.359,22.338,0.192544,154.395,220.707,222.997,1697.325,22.338,156.473,222.98,225.728,1700.056,22.338
chartqa,1792,1024,chartqa_val_384,approximated,376.148,436.372,438.936,228.546,667.482,22.855,0.563533,155.069,221.289,223.547,452.093,22.855,156.089,222.427,224.892,453.438,22.855
chartqa,1792,1024,chartqa_val_385,approximated,368.003,428.009,430.556,4526.163,4956.719,22.859,0.074243,156.351,222.543,224.86,4751.023,22.859,156.034,222.187,224.51,4750.673,22.859
chartqa,1792,1024,chartqa_val_386,approximated,369.124,428.948,431.593,276.632,708.225,23.053,0.521197,154.636,220.875,223.074,499.706,23.053,156.005,222.191,224.529,501.161,23.053
chartqa,1792,1024,chartqa_val_387,approximated,368.932,428.64,430.886,601.039,1031.925,23.117,0.357518,154.191,220.42,222.624,823.663,23.117,158.466,225.047,227.346,828.385,23.117
chartqa,1792,1024,chartqa_val_388,approximated,375.169,434.862,437.068,698.175,1135.243,23.272,0.330475,155.249,221.321,223.458,921.633,23.272,155.992,224.183,226.498,924.673,23.272
chartqa,1792,1024,chartqa_val_389,approximated,375.307,435.13,437.885,1171.938,1609.823,22.537,0.233136,172.803,238.951,242.009,1413.947,22.537,156.146,222.337,224.595,1396.533,22.537
chartqa,1792,1024,chartqa_val_390,approximated,365.345,425.269,427.723,608.766,1036.489,22.547,0.352483,154.68,220.769,223.129,831.895,22.547,156.169,225.336,227.952,836.718,22.547
chartqa,1792,1024,chartqa_val_391,approximated,367.515,427.354,429.798,316.787,746.585,22.628,0.492262,156.155,222.361,224.552,541.339,22.628,156.111,222.301,224.58,541.367,22.628
chartqa,1792,1024,chartqa_val_392,approximated,365.621,425.794,428.16,45.27,473.43,22.635,0.772282,154.79,221.013,223.301,268.571,22.635,155.965,222.062,224.281,269.551,22.635
chartqa,1792,1024,chartqa_val_393,approximated,367.223,427.372,429.545,914.501,1344.046,22.863,0.273222,159.005,225.478,227.78,1142.281,22.863,156.167,222.436,225.027,1139.528,22.863
chartqa,1792,1024,chartqa_val_394,approximated,366.34,426.547,428.763,674.96,1103.723,23.274,0.331913,154.913,221.186,223.417,898.377,23.274,156.045,222.321,224.585,899.545,23.274
chartqa,1792,1024,chartqa_val_395,approximated,368.291,427.997,430.254,6205.934,6636.188,23.243,0.055497,155.262,222.121,224.317,6430.251,23.243,156.063,222.628,224.945,6430.879,23.243
chartqa,1792,1024,chartqa_val_396,approximated,358.91,418.737,421.246,591.482,1012.728,21.124,0.354399,154.954,221.055,223.289,814.771,21.124,156.203,222.804,225.273,816.755,21.124
chartqa,1792,1024,chartqa_val_397,approximated,365.797,425.956,428.277,403.69,831.967,22.427,0.439677,155.519,227.541,229.794,633.484,22.427,156.08,222.38,224.786,628.476,22.427
chartqa,1792,1024,chartqa_val_398,approximated,369.136,428.835,431.204,475.843,907.047,22.659,0.406964,156.847,222.968,225.182,701.025,22.659,156.005,224.94,227.275,703.118,22.659
chartqa,1792,1024,chartqa_val_399,approximated,364.47,424.034,426.338,770.156,1196.494,22.652,0.304615,157.222,223.294,225.558,995.714,22.652,156.105,222.317,224.59,994.746,22.652
chartqa,1792,1024,chartqa_val_400,approximated,374.073,433.895,436.135,898.916,1335.051,23.049,0.280194,158.194,224.394,227.565,1126.481,23.049,156.835,223.322,227.294,1126.21,23.049
chartqa,1792,1024,chartqa_val_401,approximated,371.114,431.121,433.521,2337.86,2771.381,22.698,0.133909,154.866,221.066,223.325,2561.185,22.698,156.079,222.125,224.44,2562.3,22.698
chartqa,1792,1024,chartqa_val_402,approximated,354.236,413.908,416.405,252.889,669.294,21.074,0.529268,155.446,221.713,224.158,477.047,21.074,156.139,222.089,224.732,477.621,21.074
chartqa,1792,1024,chartqa_val_403,approximated,352.611,412.396,414.651,958.515,1373.166,21.3,0.256787,155.684,222.022,224.183,1182.698,21.3,156.208,222.588,225.094,1183.609,21.3
chartqa,1792,1024,chartqa_val_404,approximated,355.804,415.707,417.971,641.025,1058.996,21.367,0.335982,157.162,223.653,225.846,866.871,21.367,155.986,222.286,224.59,865.615,21.367
chartqa,1792,1024,chartqa_val_405,approximated,355.586,415.708,417.949,4163.911,4581.86,21.137,0.077607,155.346,221.982,224.429,4388.34,21.137,155.99,222.099,224.357,4388.268,21.137
chartqa,1792,1024,chartqa_val_406,approximated,348.45,408.022,410.276,371.803,782.079,20.656,0.445544,155.907,225.055,227.513,599.316,20.656,156.127,222.435,224.713,596.516,20.656
chartqa,1792,1024,chartqa_val_407,approximated,350.924,410.837,413.015,1483.827,1896.842,20.899,0.185004,157.286,223.662,226.185,1710.012,20.899,156.044,222.137,224.347,1708.174,20.899
chartqa,1792,1024,chartqa_val_408,approximated,353.247,412.831,415.009,634.809,1049.818,21.16,0.336484,161.023,227.338,230.001,864.81,21.16,155.888,221.909,224.122,858.931,21.16
chartqa,1792,1024,chartqa_val_409,approximated,354.74,414.664,416.81,3302.795,3719.605,20.642,0.09537,157.845,232.107,234.445,3537.24,20.642,156.333,222.477,225.902,3528.697,20.642
chartqa,1792,1024,chartqa_val_410,approximated,351.404,411.316,413.551,525.689,939.24,21.028,0.374136,157.937,224.337,226.916,752.605,21.028,156.037,222.347,224.74,750.429,21.028
chartqa,1792,1024,chartqa_val_411,approximated,366.191,426.103,428.322,5165.999,5594.321,22.077,0.065458,158.509,224.659,226.767,5392.766,22.077,156.072,222.124,224.37,5390.369,22.077
chartqa,1792,1024,chartqa_val_412,approximated,346.463,406.416,408.84,143.549,552.389,20.507,0.627207,156.4,222.878,225.109,368.658,20.507,156.003,222.002,224.24,367.789,20.507
chartqa,1792,1024,chartqa_val_413,approximated,348.626,408.22,410.39,2552.62,2963.01,21.096,0.117659,158.109,224.722,227.112,2779.732,21.096,156.025,222.491,224.697,2777.317,21.096
chartqa,1792,1024,chartqa_val_414,approximated,359.728,419.518,421.835,469.444,891.279,21.338,0.403609,154.526,220.82,223.199,692.643,21.338,156.21,222.488,225.056,694.5,21.338
chartqa,1792,1024,chartqa_val_415,approximated,364.73,424.829,427.683,3090.795,3518.478,22.236,0.103661,156.956,223.289,225.554,3316.349,22.236,156.214,229.658,232.315,3323.11,22.236
chartqa,1792,1024,chartqa_val_416,approximated,516.337,576.158,578.633,550.113,1128.746,22.921,0.457443,156.655,222.928,225.527,775.64,22.921,156.03,222.331,225.152,775.265,22.921
chartqa,1792,1024,chartqa_val_417,approximated,366.94,427.391,429.929,4012.967,4442.896,23.606,0.08259,160.025,226.254,228.429,4241.396,23.606,156.083,222.973,225.19,4238.157,23.606
chartqa,1792,1024,chartqa_val_418,approximated,371.204,431.54,434.436,967.509,1401.945,23.036,0.264778,157.081,227.538,229.881,1197.39,23.036,155.93,222.428,225.036,1192.545,23.036
chartqa,1792,1024,chartqa_val_419,approximated,378.512,438.379,441.018,3205.847,3646.865,23.4,0.103791,156.608,222.971,225.346,3431.193,23.4,155.85,222.172,224.612,3430.459,23.4
chartqa,1792,1024,chartqa_val_420,approximated,412.98,473.998,477.521,992.276,1469.797,23.076,0.280978,155.093,234.0,236.631,1228.907,23.076,156.183,223.033,225.343,1217.619,23.076
chartqa,1792,1024,chartqa_val_421,approximated,371.416,431.054,433.392,3534.109,3967.501,22.801,0.093615,155.083,221.459,223.612,3757.721,22.801,156.198,222.535,225.243,3759.352,22.801
chartqa,1792,1024,chartqa_val_422,approximated,355.222,415.26,418.002,1999.155,2417.157,21.73,0.146959,155.561,222.203,224.639,2223.794,21.73,156.175,222.437,224.774,2223.929,21.73
chartqa,1792,1024,chartqa_val_423,approximated,356.491,416.028,418.506,1981.707,2400.213,22.266,0.148525,157.619,223.767,226.077,2207.784,22.266,156.311,223.111,226.068,2207.775,22.266
chartqa,1792,1024,chartqa_val_424,approximated,355.389,415.451,417.932,299.776,717.708,21.413,0.495173,154.741,220.844,223.021,522.797,21.413,156.263,222.815,225.364,525.14,21.413
chartqa,1792,1024,chartqa_val_425,approximated,357.748,417.541,419.74,3797.106,4216.846,21.574,0.084838,154.195,220.699,222.844,4019.95,21.574,155.905,222.134,224.684,4021.79,21.574
chartqa,1792,1024,chartqa_val_426,approximated,359.132,418.815,421.2,657.933,1079.133,21.224,0.332797,154.76,220.968,223.247,881.18,21.224,156.127,222.241,224.853,882.786,21.224
chartqa,1792,1024,chartqa_val_427,approximated,356.965,416.854,419.041,715.293,1134.334,21.676,0.314691,172.672,239.098,242.174,957.467,21.676,156.397,222.6,226.098,941.391,21.676
chartqa,1792,1024,chartqa_val_428,approximated,356.386,416.217,418.369,593.773,1012.142,21.206,0.352111,155.294,221.894,224.581,818.354,21.206,155.944,224.258,226.573,820.346,21.206
chartqa,1792,1024,chartqa_val_429,approximated,351.406,411.292,413.474,849.499,1262.973,21.237,0.278237,155.121,221.491,223.929,1073.428,21.237,156.034,222.258,224.906,1074.405,21.237
chartqa,1792,1024,chartqa_val_430,approximated,350.89,410.495,412.654,213.788,626.442,21.379,0.560132,155.283,223.249,225.848,439.636,21.379,156.149,222.794,225.303,439.091,21.379
chartqa,1792,1024,chartqa_val_431,approximated,356.391,416.31,418.413,403.112,821.525,21.216,0.433816,156.452,222.699,225.105,628.217,21.216,156.105,222.687,225.056,628.168,21.216
chartqa,1792,1024,chartqa_val_432,approximated,353.967,413.587,415.708,255.839,671.547,21.32,0.527092,155.224,221.57,223.922,479.761,21.32,156.169,225.126,227.69,483.529,21.32
chartqa,1792,1024,chartqa_val_433,approximated,362.559,422.492,424.635,1060.363,1484.998,21.207,0.244148,157.431,227.322,229.989,1290.352,21.207,156.3,222.9,225.362,1285.725,21.207
chartqa,1792,1024,chartqa_val_434,approximated,365.665,425.637,427.85,473.415,901.265,21.519,0.405724,157.848,224.313,226.836,700.251,21.519,156.035,222.325,224.71,698.125,21.519
chartqa,1792,1024,chartqa_val_435,approximated,358.849,419.002,421.186,362.325,783.511,21.313,0.458001,155.739,222.486,224.797,587.122,21.313,155.984,222.334,224.905,587.23,21.313
chartqa,1792,1024,chartqa_val_436,approximated,376.419,436.661,439.518,163.254,602.772,23.322,0.62448,154.797,221.124,223.641,386.895,23.322,156.08,222.132,224.558,387.812,23.322
chartqa,1792,1024,chartqa_val_437,approximated,414.044,473.931,476.903,24.055,500.958,24.056,0.826504,155.189,221.548,224.224,248.279,24.056,155.958,222.239,224.714,248.769,24.056
chartqa,1792,1024,chartqa_val_438,approximated,373.612,433.609,435.877,439.103,874.98,23.111,0.426995,155.707,222.689,225.474,664.577,23.111,156.595,222.834,225.057,664.16,23.111
chartqa,1792,1024,chartqa_val_439,approximated,365.422,425.069,427.303,387.413,814.716,22.789,0.448527,161.084,227.862,230.479,617.892,22.789,156.017,222.062,224.3,611.713,22.789
chartqa,1792,1024,chartqa_val_440,approximated,364.168,423.918,426.116,317.241,743.357,22.66,0.489897,155.781,225.166,227.746,544.987,22.66,155.819,222.128,224.374,541.615,22.66
chartqa,1792,1024,chartqa_val_441,approximated,367.747,427.476,429.673,1427.167,1856.84,22.653,0.19805,155.034,221.457,223.87,1651.037,22.653,156.205,222.653,225.292,1652.459,22.653
chartqa,1792,1024,chartqa_val_442,approximated,370.856,430.789,432.94,315.615,748.555,22.544,0.495429,156.294,222.737,225.631,541.246,22.544,156.182,223.298,226.044,541.659,22.544
chartqa,1792,1024,chartqa_val_443,approximated,373.417,433.708,436.222,656.949,1093.171,22.653,0.34159,154.958,221.682,224.294,881.243,22.653,155.961,222.192,224.588,881.537,22.653
chartqa,1792,1024,chartqa_val_444,approximated,364.849,425.044,427.986,1157.29,1585.276,21.836,0.230149,156.64,222.839,225.278,1382.568,21.836,156.288,222.478,224.909,1382.199,21.836
chartqa,1792,1024,chartqa_val_445,approximated,367.219,427.129,429.675,1428.329,1858.004,22.318,0.197642,173.549,239.892,244.037,1672.366,22.318,156.651,223.192,225.941,1654.27,22.318
chartqa,1792,1024,chartqa_val_446,approximated,369.113,428.894,431.145,539.322,970.467,22.472,0.380345,158.098,225.299,228.449,767.771,22.472,156.074,222.654,225.07,764.392,22.472
chartqa,1792,1024,chartqa_val_447,approximated,372.026,431.907,434.215,59625.269,60059.484,82.698,0.006194,154.694,221.362,223.794,59849.063,82.698,155.998,222.242,224.842,59850.111,82.698
chartqa,1792,1024,chartqa_val_448,approximated,376.711,436.566,439.408,132.81,572.218,22.135,0.658335,155.794,222.45,224.972,357.782,22.135,156.034,222.159,224.463,357.273,22.135
chartqa,1792,1024,chartqa_val_449,approximated,365.023,425.326,428.2,439.244,867.444,24.402,0.420803,156.979,224.617,226.912,666.156,24.402,156.205,222.614,225.277,664.521,24.402
chartqa,1792,1024,chartqa_val_450,approximated,364.955,425.171,427.434,768.471,1195.905,21.956,0.305171,155.508,222.1,224.388,992.859,21.956,155.806,221.92,224.525,992.996,21.956
chartqa,1792,1024,chartqa_val_451,approximated,366.724,426.735,429.349,420.825,850.174,22.149,0.431352,162.549,228.946,231.296,652.121,22.149,155.984,222.207,224.767,645.592,22.149
chartqa,1792,1024,chartqa_val_452,approximated,358.704,418.437,420.722,131.217,551.939,21.869,0.649898,154.957,225.124,227.479,358.696,21.869,156.226,222.397,224.778,355.995,21.869
chartqa,1792,1024,chartqa_val_453,approximated,532.041,592.237,595.137,13605.504,14200.641,22.944,0.037466,155.689,222.123,224.356,13829.86,22.944,156.06,222.13,224.565,13830.069,22.944
chartqa,1792,1024,chartqa_val_454,approximated,360.71,420.55,423.743,1088.487,1512.23,22.214,0.238529,154.66,231.406,234.155,1322.642,22.214,156.066,222.19,224.718,1313.205,22.214
chartqa,1792,1024,chartqa_val_455,approximated,361.77,421.401,424.238,473.09,897.328,21.504,0.403164,156.552,223.455,225.72,698.81,21.504,156.076,222.282,224.694,697.784,21.504
chartqa,1792,1024,chartqa_val_456,approximated,353.527,413.356,415.695,171.243,586.938,21.405,0.602324,154.666,225.753,228.087,399.33,21.405,156.044,222.233,224.522,395.765,21.405
chartqa,1792,1024,chartqa_val_457,approximated,363.037,422.982,425.323,2669.858,3095.181,21.884,0.117291,156.154,222.633,225.212,2895.07,21.884,158.505,224.692,227.846,2897.704,21.884
chartqa,1792,1024,chartqa_val_458,approximated,367.376,427.005,429.385,157.094,586.479,22.442,0.626409,156.686,222.977,225.161,382.255,22.442,156.025,222.091,224.571,381.665,22.442
chartqa,1792,1024,chartqa_val_459,approximated,372.233,432.211,435.316,4526.512,4961.828,22.861,0.075019,154.932,221.334,223.922,4750.434,22.861,155.978,222.129,224.343,4750.855,22.861
chartqa,1792,1024,chartqa_val_460,approximated,369.71,429.393,432.219,228.204,660.423,22.82,0.559808,155.608,224.631,227.181,455.385,22.82,156.171,222.468,224.857,453.061,22.82
chartqa,1792,1024,chartqa_val_461,approximated,372.681,432.373,435.14,3250.933,3686.073,22.42,0.101105,155.06,221.428,223.86,3474.793,22.42,155.799,221.691,223.94,3474.873,22.42
chartqa,1792,1024,chartqa_val_462,approximated,366.461,426.192,428.593,160.468,589.061,22.924,0.62211,154.906,221.259,223.635,384.103,22.924,155.925,221.973,224.422,384.89,22.924
chartqa,1792,1024,chartqa_val_463,approximated,368.538,428.235,430.441,5094.642,5525.083,22.949,0.066703,154.801,224.542,226.988,5321.63,22.949,156.086,222.306,224.788,5319.43,22.949
chartqa,1792,1024,chartqa_val_464,approximated,373.138,433.288,436.044,431.792,867.836,22.726,0.429963,155.065,223.825,226.203,657.995,22.726,155.962,222.248,224.627,656.419,22.726
chartqa,1792,1024,chartqa_val_465,approximated,377.689,437.659,440.254,1356.121,1796.375,22.985,0.210251,154.616,221.069,223.271,1579.392,22.985,155.952,225.863,228.175,1584.296,22.985
chartqa,1792,1024,chartqa_val_466,approximated,361.66,421.577,424.394,2557.022,2981.416,21.855,0.121305,155.244,221.799,224.072,2781.094,21.855,155.962,222.322,224.757,2781.779,21.855
chartqa,1792,1024,chartqa_val_467,approximated,372.251,432.379,434.81,4196.318,4631.128,21.856,0.08038,156.497,227.346,229.588,4425.906,21.856,155.994,222.813,225.209,4421.527,21.856
chartqa,1792,1024,chartqa_val_468,approximated,359.157,419.047,421.385,437.688,859.073,21.884,0.418075,154.868,220.961,223.177,660.865,21.884,155.899,221.983,224.313,662.001,21.884
chartqa,1792,1024,chartqa_val_469,approximated,362.032,421.899,424.17,2917.125,3341.295,22.099,0.108351,154.807,221.848,224.087,3141.212,22.099,155.95,222.222,224.522,3141.647,22.099
chartqa,1792,1024,chartqa_val_470,approximated,372.808,432.801,435.701,1588.472,2024.173,24.068,0.184178,155.246,221.495,223.706,1812.178,24.068,156.019,222.301,224.667,1813.139,24.068
chartqa,1792,1024,chartqa_val_471,approximated,387.966,448.198,450.658,2330.789,2781.447,21.783,0.139484,155.507,221.882,224.031,2554.82,21.783,156.051,222.259,224.682,2555.471,21.783
chartqa,1792,1024,chartqa_val_472,approximated,358.42,418.395,420.805,604.22,1025.025,21.579,0.349669,155.162,221.199,223.443,827.663,21.579,155.955,222.034,224.4,828.62,21.579
chartqa,1792,1024,chartqa_val_473,approximated,366.183,426.414,428.788,1038.521,1467.309,22.096,0.249561,155.023,221.281,223.577,1262.098,22.096,155.873,221.997,224.38,1262.901,22.096
chartqa,1792,1024,chartqa_val_474,approximated,366.187,426.05,428.294,423.145,851.439,22.271,0.430081,154.813,221.221,223.518,646.663,22.271,155.789,222.727,225.33,648.475,22.271
chartqa,1792,1024,chartqa_val_475,approximated,364.791,424.675,426.949,3256.277,3683.226,22.002,0.099041,156.451,222.978,225.226,3481.503,22.002,155.907,222.229,224.471,3480.748,22.002
chartqa,1792,1024,chartqa_val_476,approximated,375.641,436.029,438.884,582.469,1021.353,23.299,0.367788,154.352,220.793,223.052,805.521,23.299,155.982,222.287,224.595,807.064,23.299
chartqa,1792,1024,chartqa_val_477,approximated,356.619,416.812,419.334,1650.949,2070.283,21.441,0.172256,155.584,221.697,223.903,1874.852,21.441,155.907,221.942,224.233,1875.182,21.441
chartqa,1792,1024,chartqa_val_478,approximated,356.542,416.343,418.66,240.093,658.753,21.827,0.541239,154.289,220.326,222.752,462.845,21.827,155.98,221.987,224.301,464.394,21.827
chartqa,1792,1024,chartqa_val_479,approximated,357.498,417.221,419.672,849.935,1269.607,21.793,0.281582,155.374,222.299,225.121,1075.056,21.793,156.092,222.22,224.486,1074.421,21.793
chartqa,1792,1024,chartqa_val_480,approximated,361.492,421.586,423.853,694.869,1118.722,22.415,0.32313,155.798,223.048,225.641,920.51,22.415,156.092,222.083,224.453,919.322,22.415
chartqa,1792,1024,chartqa_val_481,approximated,368.182,427.863,430.102,494.246,924.348,22.466,0.398315,156.214,222.68,225.279,719.525,22.466,156.032,222.137,224.443,718.689,22.466
chartqa,1792,1024,chartqa_val_482,approximated,365.328,425.344,427.683,631.738,1059.421,21.784,0.344837,155.248,221.541,223.918,855.656,21.784,156.258,225.017,227.337,859.075,21.784
chartqa,1792,1024,chartqa_val_483,approximated,356.767,416.757,418.991,6080.586,6499.577,21.261,0.054891,155.447,221.822,224.167,6304.753,21.261,156.032,222.125,224.425,6305.011,21.261
chartqa,1792,1024,chartqa_val_484,approximated,357.163,417.315,419.691,755.78,1175.471,21.594,0.303846,155.206,221.664,224.004,979.784,21.594,156.051,225.598,228.07,983.85,21.594
chartqa,1792,1024,chartqa_val_485,approximated,363.645,423.24,425.47,248.164,673.634,22.56,0.539826,162.646,230.309,233.777,481.941,22.56,156.074,222.135,224.652,472.816,22.56
chartqa,1792,1024,chartqa_val_486,approximated,368.48,428.407,431.214,567.892,999.106,22.716,0.36881,158.262,225.177,227.846,795.738,22.716,156.273,222.693,225.134,793.026,22.716
chartqa,1792,1024,chartqa_val_487,approximated,369.106,428.985,431.323,1074.909,1506.232,22.394,0.245053,158.355,228.558,231.085,1305.994,22.394,156.025,222.284,224.537,1299.446,22.394
chartqa,1792,1024,chartqa_val_488,approximated,356.299,416.187,418.642,472.578,891.22,21.481,0.399788,156.32,223.281,226.002,698.58,21.481,155.923,222.036,224.256,696.834,21.481
chartqa,1792,1024,chartqa_val_489,approximated,359.398,419.524,421.825,1599.783,2021.608,22.854,0.177778,156.244,222.566,225.04,1824.823,22.854,156.169,222.285,224.918,1824.701,22.854
chartqa,1792,1024,chartqa_val_490,approximated,359.44,419.347,421.795,286.236,708.031,22.018,0.507661,154.636,220.957,223.257,509.493,22.018,156.234,222.399,224.875,511.111,22.018
chartqa,1792,1024,chartqa_val_491,approximated,494.374,554.174,556.441,4360.601,4917.042,22.135,0.100543,154.92,223.972,226.251,4586.852,22.135,155.923,221.898,224.191,4584.792,22.135
chartqa,1792,1024,chartqa_val_492,approximated,360.179,420.46,422.918,2687.665,3110.583,21.501,0.115791,158.233,224.462,226.966,2914.631,21.501,155.976,222.212,224.442,2912.107,21.501
chartqa,1792,1024,chartqa_val_493,approximated,357.774,417.417,419.951,1645.566,2065.517,21.652,0.173213,157.344,223.698,226.279,1871.845,21.652,156.051,222.138,224.333,1869.899,21.652
chartqa,1792,1024,chartqa_val_494,approximated,354.792,414.919,417.26,625.807,1043.067,21.58,0.340143,157.183,223.656,226.066,851.873,21.58,155.871,222.123,224.291,850.098,21.58
chartqa,1792,1024,chartqa_val_495,approximated,359.757,795.502,797.788,764.924,1562.712,21.855,0.230213,158.542,227.339,230.203,995.127,21.855,155.944,223.858,226.137,991.061,21.855
chartqa,1792,1024,chartqa_val_496,approximated,377.081,436.925,439.822,598.649,1038.471,23.025,0.363112,155.08,221.391,223.855,822.504,23.025,156.03,222.282,225.306,823.955,23.025
chartqa,1792,1024,chartqa_val_497,approximated,376.957,436.554,439.047,2140.64,2579.687,22.773,0.146125,155.872,222.204,224.409,2365.049,22.773,155.778,222.02,224.296,2364.936,22.773
chartqa,1792,1024,chartqa_val_498,approximated,384.847,445.032,447.915,1192.339,1640.254,23.379,0.234626,157.743,224.629,227.586,1419.925,23.379,156.025,222.061,224.403,1416.742,23.379
chartqa,1792,1024,chartqa_val_499,approximated,381.811,441.773,444.419,5602.867,6047.286,23.345,0.063138,156.219,222.82,225.495,5828.362,23.345,156.03,222.193,224.516,5827.383,23.345
chartqa,1792,256,chartqa_val_0,approximated,374.428,434.089,436.976,366.092,803.068,22.881,0.466247,155.577,223.328,225.773,591.865,22.881,156.262,222.847,225.423,591.515,22.881
chartqa,1792,256,chartqa_val_1,approximated,380.156,439.97,442.805,5974.059,6416.864,23.428,0.059243,156.021,222.845,225.376,6199.435,23.428,156.057,222.342,224.646,6198.705,23.428
chartqa,1792,256,chartqa_val_2,approximated,404.83,891.079,894.966,4883.16,5778.126,68.777,0.070063,154.863,222.737,225.191,5108.351,68.777,155.889,223.645,225.937,5109.097,68.777
chartqa,1792,256,chartqa_val_3,approximated,395.974,890.76,893.805,1340.493,2234.298,25.779,0.177225,155.737,223.7,226.185,1566.678,25.779,156.026,223.743,226.416,1566.909,25.779
chartqa,1792,256,chartqa_val_4,approximated,418.107,898.038,900.915,722.725,1623.64,24.091,0.257512,155.115,223.071,225.881,948.606,24.091,156.642,224.369,226.797,949.522,24.091
chartqa,1792,256,chartqa_val_5,approximated,518.909,1041.002,1043.771,421.643,1465.414,26.353,0.354104,163.85,231.848,234.185,655.828,26.353,156.08,224.322,226.753,648.396,26.353
chartqa,1792,256,chartqa_val_6,approximated,387.449,869.75,873.042,485.098,1358.14,24.255,0.285279,154.654,222.682,345.848,830.946,24.255,156.14,226.438,229.206,714.304,24.255
chartqa,1792,256,chartqa_val_7,approximated,361.409,421.074,423.684,698.331,1122.015,25.864,0.322107,159.558,226.21,228.921,927.252,25.864,156.117,222.595,224.815,923.146,25.864
chartqa,1792,256,chartqa_val_8,approximated,367.553,928.448,930.877,746.381,1677.258,24.077,0.219139,154.934,227.709,230.395,976.776,24.077,156.053,228.563,230.835,977.216,24.077
chartqa,1792,256,chartqa_val_9,approximated,407.115,467.039,469.595,7350.718,7820.313,28.826,0.052059,159.36,225.508,227.772,7578.49,28.826,155.953,222.051,224.258,7574.976,28.826
chartqa,1792,256,chartqa_val_10,approximated,391.676,864.77,867.606,1797.578,2665.184,24.624,0.14696,155.538,223.384,225.725,2023.303,24.624,156.123,224.043,226.354,2023.932,24.624
chartqa,1792,256,chartqa_val_11,approximated,395.53,850.777,853.223,4829.303,5682.526,24.514,0.069605,157.316,224.984,227.206,5056.509,24.514,156.624,231.824,234.33,5063.633,24.514
chartqa,1792,256,chartqa_val_12,approximated,395.653,455.595,458.152,606.773,1064.925,26.381,0.371531,156.866,223.293,225.696,832.469,26.381,156.042,223.786,226.038,832.811,26.381
chartqa,1792,256,chartqa_val_13,approximated,406.601,466.415,468.964,4017.424,4486.388,24.496,0.09063,160.254,226.708,230.522,4247.946,24.496,155.865,221.78,223.978,4241.402,24.496
chartqa,1792,256,chartqa_val_14,approximated,374.914,434.768,438.801,763.846,1202.647,23.147,0.311741,169.244,236.013,239.212,1003.058,23.147,156.146,222.394,224.78,988.626,23.147
chartqa,1792,256,chartqa_val_15,approximated,425.496,485.518,488.026,3772.44,4260.466,24.496,0.099871,156.947,223.289,225.596,3998.036,24.496,156.181,222.616,224.989,3997.429,24.496
chartqa,1792,256,chartqa_val_16,approximated,388.578,448.94,451.325,789.955,1241.28,24.686,0.313046,157.789,224.185,226.376,1016.331,24.686,156.307,223.099,225.968,1015.923,24.686
chartqa,1792,256,chartqa_val_17,approximated,452.164,929.574,931.997,2401.797,3333.794,25.019,0.13563,156.483,227.382,229.642,2631.439,25.019,156.082,226.381,228.803,2630.6,25.019
chartqa,1792,256,chartqa_val_18,approximated,394.902,920.394,922.747,292.84,1215.587,22.526,0.324866,159.347,227.692,230.053,522.893,22.526,155.991,225.401,227.621,520.461,22.526
chartqa,1792,256,chartqa_val_19,approximated,423.626,483.472,485.774,1146.628,1632.402,23.888,0.259511,154.345,220.526,222.837,1369.465,23.888,156.075,222.196,224.41,1371.038,23.888
chartqa,1792,256,chartqa_val_20,approximated,388.037,447.924,450.335,351.922,802.257,20.701,0.483682,155.722,222.364,225.795,577.717,20.701,156.582,222.614,225.0,576.922,20.701
chartqa,1792,256,chartqa_val_21,approximated,413.161,847.809,851.134,5270.392,6121.526,25.217,0.067493,155.212,223.103,225.55,5495.942,25.217,155.938,223.794,225.917,5496.309,25.217
chartqa,1792,256,chartqa_val_22,approximated,413.361,473.334,475.768,863.597,1339.365,22.144,0.308625,162.041,228.195,230.437,1094.034,22.144,156.069,222.339,224.714,1088.311,22.144
chartqa,1792,256,chartqa_val_23,approximated,382.328,442.114,444.518,2264.133,2708.651,22.641,0.141151,155.94,222.328,224.516,2488.649,22.641,156.012,222.168,224.481,2488.614,22.641
chartqa,1792,256,chartqa_val_24,approximated,377.575,437.624,441.312,607.607,1048.919,24.304,0.359965,155.296,221.814,224.643,832.25,24.304,156.088,222.269,224.653,832.26,24.304
chartqa,1792,256,chartqa_val_25,approximated,365.403,425.514,428.093,831.111,1259.204,23.086,0.290185,158.775,225.485,227.667,1058.778,23.086,156.192,222.542,224.833,1055.944,23.086
chartqa,1792,256,chartqa_val_26,approximated,408.2,468.301,472.039,742.156,1214.195,23.192,0.33619,157.455,224.002,226.432,968.588,23.192,156.239,234.731,237.474,979.63,23.192
chartqa,1792,256,chartqa_val_27,approximated,371.781,432.5,435.17,4588.838,5024.008,24.409,0.074001,157.233,229.612,231.94,4820.778,24.409,155.906,221.855,224.206,4813.044,24.409
chartqa,1792,256,chartqa_val_28,approximated,407.819,915.365,917.742,693.74,1611.482,25.694,0.253071,155.299,223.164,225.459,919.199,25.694,156.038,223.875,226.445,920.185,25.694
chartqa,1792,256,chartqa_val_29,approximated,354.27,414.228,416.723,1503.239,1919.962,23.861,0.184519,154.646,220.948,223.204,1726.443,23.861,156.151,222.604,224.908,1728.147,23.861
chartqa,1792,256,chartqa_val_30,approximated,390.188,449.866,452.365,958.598,1410.963,22.824,0.27654,156.281,222.981,225.5,1184.098,22.824,156.138,222.396,225.022,1183.62,22.824
chartqa,1792,256,chartqa_val_31,approximated,423.937,483.598,485.858,973.456,1459.314,23.178,0.290504,157.539,224.238,226.754,1200.21,23.178,156.036,222.243,224.782,1198.238,23.178
chartqa,1792,256,chartqa_val_32,approximated,424.543,896.227,899.571,1256.158,2155.729,43.316,0.196937,155.081,223.424,225.753,1481.911,43.316,156.065,223.906,226.304,1482.462,43.316
chartqa,1792,256,chartqa_val_33,approximated,371.728,432.355,436.076,885.713,1321.789,23.308,0.281231,157.263,223.58,226.049,1111.762,23.308,156.173,222.735,224.993,1110.706,23.308
chartqa,1792,256,chartqa_val_34,approximated,424.453,484.32,486.658,370.973,857.631,23.186,0.494913,154.995,221.318,223.635,594.608,23.186,156.045,222.205,224.524,595.497,23.186
chartqa,1792,256,chartqa_val_35,approximated,355.058,414.743,417.048,4941.792,5358.84,23.31,0.066256,154.723,221.07,223.409,5165.201,23.31,157.107,226.988,229.316,5171.108,23.31
chartqa,1792,256,chartqa_val_36,approximated,364.285,424.021,426.343,897.068,1323.411,25.631,0.275262,156.912,223.341,225.703,1122.771,25.631,155.951,222.758,225.117,1122.185,25.631
chartqa,1792,256,chartqa_val_37,approximated,386.945,446.97,449.382,6239.499,6688.881,24.469,0.057849,155.796,222.229,224.672,6464.171,24.469,156.349,222.965,225.521,6465.02,24.469
chartqa,1792,256,chartqa_val_38,approximated,418.002,478.207,480.621,945.796,1426.417,24.889,0.293043,155.661,222.098,224.726,1170.522,24.889,156.06,222.413,225.11,1170.906,24.889
chartqa,1792,256,chartqa_val_39,approximated,359.134,419.009,421.86,2013.564,2435.424,23.971,0.147463,158.806,225.312,227.78,2241.344,23.971,156.006,222.015,224.311,2237.875,23.971
chartqa,1792,256,chartqa_val_40,approximated,423.935,484.24,487.241,850.507,1337.748,24.3,0.316902,154.576,220.771,223.067,1073.574,24.3,155.946,222.172,224.429,1074.936,24.3
chartqa,1792,256,chartqa_val_41,approximated,427.856,487.607,490.008,627.331,1117.339,25.093,0.382924,154.793,220.973,223.191,850.522,25.093,156.014,222.2,224.56,851.891,25.093
chartqa,1792,256,chartqa_val_42,approximated,553.261,614.901,617.767,242.083,859.85,30.26,0.643439,154.731,220.823,222.976,465.059,30.26,156.335,222.538,225.081,467.164,30.26
chartqa,1792,256,chartqa_val_43,approximated,397.2,457.125,459.805,1623.215,2083.02,25.363,0.190685,156.562,222.606,224.783,1847.998,25.363,156.132,222.611,225.04,1848.255,25.363
chartqa,1792,256,chartqa_val_44,approximated,400.89,460.507,463.097,328.858,791.955,25.297,0.506204,156.16,222.761,225.656,554.514,25.297,156.349,231.466,234.381,563.239,25.297
chartqa,1792,256,chartqa_val_45,approximated,362.32,422.274,424.785,3284.402,3709.187,25.072,0.097682,154.62,220.842,223.223,3507.625,25.072,156.117,222.456,224.857,3509.259,25.072
chartqa,1792,256,chartqa_val_46,approximated,401.962,462.084,464.799,800.722,1265.521,25.83,0.317626,157.013,223.416,225.698,1026.42,25.83,155.992,222.264,224.607,1025.329,25.83
chartqa,1792,256,chartqa_val_47,approximated,400.512,460.311,463.669,5731.603,6195.272,23.684,0.064648,155.131,221.385,223.82,5955.423,23.684,156.638,224.829,228.37,5959.973,23.684
chartqa,1792,256,chartqa_val_48,approximated,375.184,436.089,438.793,2603.065,3041.858,23.664,0.12334,158.305,224.618,227.149,2830.214,23.664,156.097,222.671,225.131,2828.196,23.664
chartqa,1792,256,chartqa_val_49,approximated,425.381,485.44,488.2,1503.971,1992.171,24.655,0.213526,155.799,222.548,225.336,1729.307,24.655,156.209,226.213,229.102,1733.073,24.655
chartqa,1792,256,chartqa_val_50,approximated,397.642,458.58,461.751,1114.651,1576.402,25.333,0.252247,158.482,224.851,228.94,1343.591,25.333,155.959,227.907,230.196,1344.847,25.333
chartqa,1792,256,chartqa_val_51,approximated,394.974,454.864,457.214,5113.984,5571.198,25.317,0.070896,162.44,228.822,231.095,5345.079,25.317,155.839,222.177,224.39,5338.374,25.317
chartqa,1792,256,chartqa_val_52,approximated,397.445,457.605,460.491,225.643,686.134,28.205,0.579252,155.032,221.232,223.684,449.327,28.205,155.903,222.011,224.389,450.032,28.205
chartqa,1792,256,chartqa_val_53,approximated,401.154,461.288,463.86,1416.519,1880.379,25.755,0.213337,157.643,225.076,227.303,1643.822,25.755,155.97,222.24,224.5,1641.019,25.755
chartqa,1792,256,chartqa_val_54,approximated,366.753,426.67,429.226,1354.709,1783.935,26.563,0.205586,154.885,221.039,223.421,1578.13,26.563,156.036,222.473,224.841,1579.55,26.563
chartqa,1792,256,chartqa_val_55,approximated,368.381,428.266,431.035,5793.373,6224.408,26.698,0.059183,159.485,225.805,228.094,6021.467,26.698,155.912,221.895,224.101,6017.474,26.698
chartqa,1792,256,chartqa_val_56,approximated,392.545,453.618,457.101,1194.533,1651.634,24.378,0.237671,156.26,222.742,225.048,1419.581,24.378,156.143,222.638,225.517,1420.05,24.378
chartqa,1792,256,chartqa_val_57,approximated,359.476,419.548,422.125,518.881,941.006,25.944,0.382013,155.217,221.53,223.888,742.769,25.944,156.18,222.397,224.73,743.611,25.944
chartqa,1792,256,chartqa_val_58,approximated,353.511,413.414,415.915,616.188,1032.103,22.007,0.342515,154.918,220.962,223.233,839.421,22.007,156.035,222.322,224.86,841.048,22.007
chartqa,1792,256,chartqa_val_59,approximated,380.839,440.848,443.763,5922.668,6366.431,23.226,0.05982,156.483,222.859,225.239,6147.907,23.226,156.037,222.379,224.914,6147.582,23.226
chartqa,1792,256,chartqa_val_60,approximated,400.198,460.16,462.966,671.482,1134.448,23.981,0.352769,154.83,221.341,223.831,895.313,23.981,156.366,222.844,225.804,897.286,23.981
chartqa,1792,256,chartqa_val_61,approximated,359.044,418.973,421.451,1690.296,2111.747,24.497,0.170022,159.019,225.898,228.335,1918.631,24.497,156.079,222.292,224.666,1914.962,24.497
chartqa,1792,256,chartqa_val_62,approximated,397.449,457.439,459.969,535.496,995.465,24.341,0.399259,154.672,220.925,223.437,758.933,24.341,156.147,222.551,224.91,760.406,24.341
chartqa,1792,256,chartqa_val_63,approximated,385.858,445.734,448.075,738.719,1186.794,23.085,0.325126,154.889,221.283,223.636,962.355,23.085,155.971,221.94,224.219,962.938,23.085
chartqa,1792,256,chartqa_val_64,approximated,421.404,481.696,484.329,329.668,813.997,21.978,0.517697,158.482,224.848,227.506,557.174,21.978,155.894,222.186,224.451,554.119,21.978
chartqa,1792,256,chartqa_val_65,approximated,383.114,442.994,445.624,3043.241,3488.865,22.543,0.109811,154.907,221.453,223.76,3267.001,22.543,155.97,222.351,224.623,3267.864,22.543
chartqa,1792,256,chartqa_val_66,approximated,382.876,443.341,445.702,686.435,1132.137,23.67,0.338189,154.917,221.045,223.392,909.827,23.67,156.69,223.29,227.224,913.659,23.67
chartqa,1792,256,chartqa_val_67,approximated,392.546,452.459,455.178,1541.526,1996.704,23.716,0.196597,155.419,231.157,233.666,1775.192,23.716,156.041,222.383,225.047,1766.573,23.716
chartqa,1792,256,chartqa_val_68,approximated,360.945,421.105,423.528,200.303,623.831,22.256,0.578594,158.412,224.671,227.609,427.912,22.256,156.054,222.522,225.023,425.326,22.256
chartqa,1792,256,chartqa_val_69,approximated,391.59,451.311,453.761,2966.292,3420.053,22.303,0.114498,157.062,223.483,225.701,3191.993,22.303,156.141,222.655,225.053,3191.345,22.303
chartqa,1792,256,chartqa_val_70,approximated,354.986,414.752,417.451,3106.364,3523.815,23.533,0.100739,154.967,221.369,223.822,3330.186,23.533,156.037,225.39,227.852,3334.216,23.533
chartqa,1792,256,chartqa_val_71,approximated,371.12,869.131,871.701,3797.374,4669.075,23.441,0.079485,155.571,223.443,226.031,4023.405,23.441,156.66,230.874,233.757,4031.131,23.441
chartqa,1792,256,chartqa_val_72,approximated,393.674,453.659,456.154,382.333,838.487,23.896,0.469505,155.448,221.934,224.381,606.714,23.896,156.21,222.894,225.426,607.759,23.896
chartqa,1792,256,chartqa_val_73,approximated,414.928,475.076,479.214,2907.353,3386.567,24.228,0.122522,154.636,221.231,223.843,3131.196,24.228,156.115,222.995,225.48,3132.833,24.228
chartqa,1792,256,chartqa_val_74,approximated,388.661,448.688,451.331,393.368,844.699,23.139,0.460118,155.445,221.673,224.196,617.564,23.139,156.005,222.308,224.801,618.169,23.139
chartqa,1792,256,chartqa_val_75,approximated,367.864,428.088,430.443,4430.215,4860.658,23.44,0.075682,155.305,225.337,227.675,4657.89,23.44,155.924,222.023,224.317,4654.532,23.44
chartqa,1792,256,chartqa_val_76,approximated,395.757,455.681,459.399,304.637,764.036,23.434,0.517982,156.111,222.845,226.489,531.126,23.434,156.208,222.544,225.216,529.853,23.434
chartqa,1792,256,chartqa_val_77,approximated,412.196,472.914,475.65,4419.162,4894.812,23.759,0.084211,154.739,220.954,223.357,4642.519,23.759,156.145,224.184,226.648,4645.81,23.759
chartqa,1792,256,chartqa_val_78,approximated,401.228,461.089,463.704,575.615,1039.319,23.025,0.386049,156.161,222.704,225.133,800.748,23.025,157.429,223.596,227.066,802.681,23.025
chartqa,1792,256,chartqa_val_79,approximated,544.955,605.039,607.844,644.737,1252.581,25.79,0.435065,155.721,222.045,225.045,869.782,25.79,156.301,222.469,225.329,870.066,25.79
chartqa,1792,256,chartqa_val_80,approximated,373.923,434.362,436.976,490.827,927.803,24.541,0.40302,160.89,227.794,230.113,720.94,24.541,156.38,222.581,224.882,715.709,24.541
chartqa,1792,256,chartqa_val_81,approximated,362.425,422.362,424.935,3066.241,3491.176,23.229,0.103812,155.106,221.629,224.017,3290.258,23.229,156.149,222.566,225.215,3291.456,23.229
chartqa,1792,256,chartqa_val_82,approximated,359.186,418.892,421.412,274.526,695.938,21.117,0.516118,155.973,222.394,224.782,499.308,21.117,156.008,222.221,224.512,499.038,21.117
chartqa,1792,256,chartqa_val_83,approximated,416.335,476.394,478.843,3621.088,4099.931,24.303,0.101547,175.438,241.921,246.82,3867.908,24.303,156.088,222.33,225.084,3846.172,24.303
chartqa,1792,256,chartqa_val_84,approximated,493.951,553.723,556.3,514.017,1070.317,22.349,0.4615,156.783,223.404,225.825,739.842,22.349,156.09,222.349,224.783,738.8,22.349
chartqa,1792,256,chartqa_val_85,approximated,395.35,455.833,458.524,6053.403,6511.927,23.739,0.060712,154.521,220.92,223.311,6276.714,23.739,155.943,227.032,229.294,6282.697,23.739
chartqa,1792,256,chartqa_val_86,approximated,357.445,417.203,419.912,556.042,975.954,25.275,0.366252,156.444,222.785,225.407,781.449,25.275,156.034,222.302,224.787,780.829,25.275
chartqa,1792,256,chartqa_val_87,approximated,379.153,439.318,442.367,902.975,1345.342,23.763,0.281826,158.75,225.025,227.338,1130.313,23.763,155.909,221.926,224.239,1127.214,23.763
chartqa,1792,256,chartqa_val_88,approximated,355.609,415.457,418.241,1306.566,1724.807,24.196,0.206173,159.387,225.817,228.139,1534.705,24.196,156.152,222.213,224.507,1531.073,24.196
chartqa,1792,256,chartqa_val_89,approximated,400.218,460.142,462.436,4575.127,5037.563,24.865,0.079447,156.345,222.899,225.19,4800.317,24.865,156.187,225.1,227.306,4802.433,24.865
chartqa,1792,256,chartqa_val_90,approximated,385.573,445.314,447.662,1102.732,1550.394,25.062,0.248694,155.066,221.262,223.704,1326.436,25.062,156.036,221.922,224.191,1326.923,25.062
chartqa,1792,256,chartqa_val_91,approximated,396.176,456.319,458.718,1545.883,2004.601,24.934,0.197633,155.236,221.657,224.017,1769.9,24.934,155.978,221.955,224.256,1770.139,24.934
chartqa,1792,256,chartqa_val_92,approximated,415.175,475.067,477.597,328.829,806.426,25.295,0.514833,155.983,222.36,224.798,553.627,25.295,155.926,223.584,225.937,554.766,25.295
chartqa,1792,256,chartqa_val_93,approximated,390.237,450.367,452.76,972.704,1425.464,22.621,0.273761,154.993,221.515,224.216,1196.92,22.621,156.057,222.152,224.672,1197.376,22.621
chartqa,1792,256,chartqa_val_94,approximated,394.505,455.159,459.229,1517.291,1976.52,25.288,0.199596,156.464,222.721,225.148,1742.439,25.288,156.391,222.683,225.915,1743.206,25.288
chartqa,1792,256,chartqa_val_95,approximated,436.116,496.159,498.529,2093.318,2591.847,24.627,0.168264,157.279,223.653,225.984,2319.302,24.627,155.862,221.892,224.164,2317.482,24.627
chartqa,1792,256,chartqa_val_96,approximated,441.819,501.965,504.447,859.062,1363.509,26.032,0.324031,159.182,225.956,228.431,1087.493,26.032,156.261,222.606,225.99,1085.052,26.032
chartqa,1792,256,chartqa_val_97,approximated,385.507,445.334,447.935,2501.402,2949.337,22.949,0.13071,155.072,221.196,223.417,2724.819,22.949,156.006,222.208,224.585,2725.987,22.949
chartqa,1792,256,chartqa_val_98,approximated,393.501,453.332,456.083,3380.134,3836.217,24.144,0.102575,155.916,222.07,224.292,3604.426,24.144,156.051,222.063,224.413,3604.547,24.144
chartqa,1792,256,chartqa_val_99,approximated,402.947,462.713,465.09,5466.862,5931.952,24.626,0.067928,156.611,222.985,225.219,5692.081,24.626,156.123,222.345,224.772,5691.634,24.626
chartqa,1792,256,chartqa_val_100,approximated,427.627,487.585,490.959,1256.66,1747.619,23.271,0.244691,154.579,220.873,223.249,1479.909,23.271,156.067,222.367,224.826,1481.486,23.271
chartqa,1792,256,chartqa_val_101,approximated,389.09,449.98,452.364,3157.101,3609.465,23.917,0.107797,155.322,221.945,224.288,3381.389,23.917,155.965,224.098,226.488,3383.589,23.917
chartqa,1792,256,chartqa_val_102,approximated,367.429,427.377,429.857,239.943,669.8,26.66,0.548565,155.447,221.816,224.29,464.233,26.66,156.078,222.261,224.7,464.643,26.66
chartqa,1792,256,chartqa_val_103,approximated,363.315,423.291,425.911,2099.983,2525.894,23.077,0.143836,155.651,221.869,224.263,2324.246,23.077,155.954,222.08,224.384,2324.367,23.077
chartqa,1792,256,chartqa_val_104,approximated,355.302,415.302,418.473,207.178,625.651,20.718,0.567891,160.428,226.829,229.389,436.567,20.718,155.94,222.006,224.302,431.48,20.718
chartqa,1792,256,chartqa_val_105,approximated,364.096,423.904,426.784,2958.506,3385.29,22.758,0.107552,159.415,225.92,228.192,3186.698,22.758,156.038,234.26,236.483,3194.989,22.758
chartqa,1792,256,chartqa_val_106,approximated,357.615,417.289,419.646,705.346,1124.992,26.124,0.317882,154.597,220.967,223.242,928.588,26.124,156.034,222.127,224.506,929.852,26.124
chartqa,1792,256,chartqa_val_107,approximated,402.188,462.791,465.735,3066.288,3532.023,23.587,0.113869,154.333,220.491,222.689,3288.977,23.587,156.056,222.531,225.246,3291.534,23.587
chartqa,1792,256,chartqa_val_108,approximated,362.801,423.1,425.446,352.537,777.983,29.378,0.466336,156.126,222.496,224.791,577.328,29.378,156.295,222.862,226.001,578.538,29.378
chartqa,1792,256,chartqa_val_109,approximated,351.738,411.49,413.908,1034.822,1448.73,22.996,0.242791,157.659,224.327,227.02,1261.842,22.996,156.096,223.512,225.972,1260.794,22.996
chartqa,1792,256,chartqa_val_110,approximated,364.738,424.947,428.665,437.87,866.535,24.326,0.420915,154.887,221.118,223.566,661.436,24.326,156.237,223.733,226.254,664.124,24.326
chartqa,1792,256,chartqa_val_111,approximated,397.255,457.198,459.597,3070.424,3530.021,22.412,0.112536,155.332,221.832,224.186,3294.61,22.412,156.014,222.122,224.489,3294.913,22.412
chartqa,1792,256,chartqa_val_112,approximated,351.359,411.045,413.371,349.869,763.24,26.913,0.460352,157.67,223.954,226.269,576.138,26.913,156.025,222.084,224.491,574.36,26.913
chartqa,1792,256,chartqa_val_113,approximated,371.126,430.997,433.895,3059.137,3493.032,23.714,0.106248,155.813,222.094,224.506,3283.643,23.714,156.027,222.173,224.854,3283.991,23.714
chartqa,1792,256,chartqa_val_114,approximated,381.115,441.037,443.583,290.892,734.475,24.241,0.518895,157.657,223.721,226.083,516.975,24.241,156.111,222.63,225.042,515.934,24.241
chartqa,1792,256,chartqa_val_115,approximated,374.743,435.159,437.475,4900.713,5338.188,24.382,0.0702,154.553,220.659,222.92,5123.633,24.382,156.047,223.081,225.425,5126.138,24.382
chartqa,1792,256,chartqa_val_116,approximated,405.253,465.299,468.075,183.855,651.93,30.643,0.62162,156.797,223.077,225.438,409.293,30.643,156.14,222.404,224.758,408.613,30.643
chartqa,1792,256,chartqa_val_117,approximated,513.287,573.114,575.47,1010.931,1586.401,26.603,0.323554,155.689,222.115,224.542,1235.473,26.603,155.959,222.256,224.537,1235.468,26.603
chartqa,1792,256,chartqa_val_118,approximated,361.977,422.104,424.53,808.851,1233.381,25.277,0.293484,157.982,228.347,230.813,1039.664,25.277,156.31,222.998,225.888,1034.739,25.277
chartqa,1792,256,chartqa_val_119,approximated,357.12,417.281,420.328,1560.378,1980.706,24.381,0.180299,157.921,224.049,226.879,1787.257,24.381,156.094,222.345,224.623,1785.001,24.381
chartqa,1792,256,chartqa_val_120,approximated,410.956,470.805,473.757,999.729,1473.486,27.02,0.2789,156.049,222.246,224.546,1224.275,27.02,156.172,222.303,224.96,1224.689,27.02
chartqa,1792,256,chartqa_val_121,approximated,407.783,467.863,470.855,528.531,999.386,24.024,0.408034,157.96,224.355,226.614,755.145,24.024,156.55,223.01,227.015,755.546,24.024
chartqa,1792,256,chartqa_val_122,approximated,423.578,483.873,486.597,574.723,1061.32,22.105,0.399105,155.558,221.896,224.262,798.985,22.105,156.123,222.578,225.408,800.131,22.105
chartqa,1792,256,chartqa_val_123,approximated,471.882,908.348,910.766,1723.69,2634.456,24.624,0.179119,156.731,224.758,227.076,1950.766,24.624,156.095,224.235,226.872,1950.562,24.624
chartqa,1792,256,chartqa_val_124,approximated,408.704,897.013,899.582,645.884,1545.466,23.922,0.264454,155.192,222.893,225.35,871.234,23.922,156.093,224.189,227.118,873.002,23.922
chartqa,1792,256,chartqa_val_125,approximated,396.901,456.796,459.336,1963.023,2422.359,24.848,0.163849,155.002,221.584,224.232,2187.255,24.848,156.543,222.845,226.159,2189.182,24.848
chartqa,1792,256,chartqa_val_126,approximated,399.071,459.571,462.167,400.519,862.686,26.701,0.462591,159.018,225.23,227.536,628.055,26.701,155.859,221.806,224.15,624.669,26.701
chartqa,1792,256,chartqa_val_127,approximated,403.931,464.347,466.748,907.836,1374.584,25.938,0.293857,156.258,222.812,225.052,1132.888,25.938,155.886,222.216,224.527,1132.363,25.938
chartqa,1792,256,chartqa_val_128,approximated,411.472,471.915,474.409,463.912,938.321,24.416,0.438519,155.483,221.798,224.04,687.952,24.416,156.014,222.183,224.472,688.384,24.416
chartqa,1792,256,chartqa_val_129,approximated,369.632,429.34,431.714,956.736,1388.45,25.177,0.266219,156.969,223.041,225.253,1181.989,25.177,155.99,222.919,225.254,1181.99,25.177
chartqa,1792,256,chartqa_val_130,approximated,429.804,489.63,492.064,896.668,1388.732,26.373,0.309494,154.753,220.904,223.199,1119.867,26.373,156.005,222.065,224.406,1121.074,26.373
chartqa,1792,256,chartqa_val_131,approximated,411.312,471.093,473.507,1711.673,2185.18,25.934,0.188228,156.68,223.047,225.351,1937.024,25.934,156.055,222.244,224.59,1936.263,25.934
chartqa,1792,256,chartqa_val_132,approximated,412.046,473.12,475.716,1587.77,2063.486,25.609,0.199685,155.079,221.45,223.787,1811.557,25.609,156.017,221.946,224.443,1812.213,25.609
chartqa,1792,256,chartqa_val_133,approximated,412.666,472.84,475.407,1799.997,2275.404,24.657,0.18136,155.225,221.365,223.677,2023.674,24.657,155.98,224.309,226.699,2026.696,24.657
chartqa,1792,256,chartqa_val_134,approximated,438.982,499.22,501.601,639.805,1141.406,23.696,0.384598,156.159,222.549,224.872,864.677,23.696,155.924,223.35,225.751,865.556,23.696
chartqa,1792,256,chartqa_val_135,approximated,417.197,477.715,481.007,1638.59,2119.597,24.457,0.196828,156.427,222.886,225.423,1864.013,24.457,155.884,222.383,224.759,1863.349,24.457
chartqa,1792,256,chartqa_val_136,approximated,386.764,446.636,449.009,490.154,939.163,23.341,0.411818,157.961,224.222,226.759,716.913,23.341,156.063,222.197,224.551,714.705,23.341
chartqa,1792,256,chartqa_val_137,approximated,367.479,911.558,914.75,620.977,1535.727,24.839,0.239287,161.22,228.803,231.11,852.087,24.839,156.218,224.354,226.844,847.821,24.839
chartqa,1792,256,chartqa_val_138,approximated,382.598,442.784,445.975,671.576,1117.551,24.873,0.342354,158.137,224.431,226.949,898.525,24.873,156.002,221.971,224.345,895.921,24.873
chartqa,1792,256,chartqa_val_139,approximated,445.769,505.702,509.394,663.524,1172.918,22.88,0.380051,154.857,221.201,223.598,887.122,22.88,156.065,227.098,229.468,892.992,22.88
chartqa,1792,256,chartqa_val_140,approximated,404.729,464.915,467.494,669.974,1137.468,23.928,0.355816,155.972,222.472,224.683,894.657,23.928,155.988,222.469,224.819,894.793,23.928
chartqa,1792,256,chartqa_val_141,approximated,392.273,452.466,455.129,2311.985,2767.114,24.86,0.141762,155.135,221.462,223.799,2535.784,24.86,155.971,222.076,224.401,2536.386,24.86
chartqa,1792,256,chartqa_val_142,approximated,389.366,449.769,452.72,875.387,1328.107,25.011,0.293174,154.646,221.059,223.658,1099.045,25.011,155.933,222.901,225.229,1100.616,25.011
chartqa,1792,256,chartqa_val_143,approximated,427.949,487.867,490.252,3381.167,3871.419,25.046,0.11054,156.59,223.684,226.477,3607.644,25.046,155.989,222.309,224.612,3605.779,25.046
chartqa,1792,256,chartqa_val_144,approximated,372.495,432.569,435.279,680.999,1116.278,26.192,0.333694,155.789,222.159,224.633,905.632,26.192,155.942,222.253,224.522,905.521,26.192
chartqa,1792,256,chartqa_val_145,approximated,391.487,451.252,453.833,1096.404,1550.237,22.842,0.252534,155.507,221.603,224.089,1320.493,22.842,156.384,222.714,226.127,1322.531,22.842
chartqa,1792,256,chartqa_val_146,approximated,401.899,462.339,465.062,1584.164,2049.226,24.753,0.196122,158.301,224.901,227.358,1811.522,24.753,155.965,222.151,224.699,1808.863,24.753
chartqa,1792,256,chartqa_val_147,approximated,395.453,455.466,457.881,3235.207,3693.088,25.275,0.107079,155.312,221.855,224.182,3459.389,25.275,156.006,222.699,225.079,3460.286,25.275
chartqa,1792,256,chartqa_val_148,approximated,399.807,459.99,462.565,718.481,1181.046,25.66,0.338519,154.412,220.813,223.176,941.657,25.66,155.9,222.119,224.367,942.848,25.66
chartqa,1792,256,chartqa_val_149,approximated,387.986,448.675,451.492,3375.88,3827.372,24.287,0.101371,156.724,222.87,225.116,3600.996,24.287,155.881,221.927,224.168,3600.048,24.287
chartqa,1792,256,chartqa_val_150,approximated,451.232,511.688,514.947,465.798,980.745,22.181,0.460091,154.811,221.159,223.923,689.721,22.181,156.067,222.087,224.616,690.414,22.181
chartqa,1792,256,chartqa_val_151,approximated,440.308,500.403,503.758,3928.157,4431.915,25.843,0.099349,155.378,221.624,223.92,4152.077,25.843,156.053,222.466,225.149,4153.306,25.843
chartqa,1792,256,chartqa_val_152,approximated,393.107,453.103,455.584,242.483,698.067,26.943,0.563136,156.495,222.751,225.546,468.029,26.943,156.194,222.785,225.278,467.761,26.943
chartqa,1792,256,chartqa_val_153,approximated,401.217,461.013,463.316,265.597,728.913,26.56,0.550432,156.123,223.133,225.697,491.294,26.56,155.926,221.863,224.114,489.711,26.56
chartqa,1792,256,chartqa_val_154,approximated,541.742,601.909,604.223,1058.53,1662.753,24.057,0.32581,158.847,225.527,228.121,1286.651,24.057,155.939,222.331,225.009,1283.539,24.057
chartqa,1792,256,chartqa_val_155,approximated,450.355,510.22,513.658,310.302,823.96,22.164,0.546574,155.796,222.262,224.774,535.076,22.164,156.012,222.265,224.558,534.86,22.164
chartqa,1792,256,chartqa_val_156,approximated,405.568,465.305,475.019,825.799,1300.818,26.639,0.311779,157.165,223.521,225.987,1051.786,26.639,156.247,222.551,224.853,1050.652,26.639
chartqa,1792,256,chartqa_val_157,approximated,365.006,424.804,427.238,3644.672,4071.91,24.461,0.08964,155.103,221.372,223.693,3868.365,24.461,156.041,222.283,224.642,3869.314,24.461
chartqa,1792,256,chartqa_val_158,approximated,376.242,436.667,439.112,798.881,1237.993,24.965,0.303913,155.025,221.142,223.443,1022.324,24.965,155.949,222.235,224.588,1023.469,24.965
chartqa,1792,256,chartqa_val_159,approximated,428.974,488.752,491.159,353.63,844.789,22.102,0.507789,155.502,221.463,223.686,577.316,22.102,156.423,399.146,401.375,755.005,22.102
chartqa,1792,256,chartqa_val_160,approximated,390.169,450.183,453.164,596.464,1049.628,24.853,0.371721,155.138,221.689,224.392,820.856,24.853,155.873,221.861,224.127,820.591,24.853
chartqa,1792,256,chartqa_val_161,approximated,435.023,495.657,498.156,4979.929,5478.085,25.025,0.079412,157.071,223.796,226.211,5206.14,25.025,156.27,223.019,226.106,5206.035,25.025
chartqa,1792,256,chartqa_val_162,approximated,355.145,415.104,418.149,1401.95,1820.099,23.762,0.195124,155.972,222.241,224.892,1626.842,23.762,155.856,221.665,223.963,1625.913,23.762
chartqa,1792,256,chartqa_val_163,approximated,393.673,453.578,456.867,6158.199,6615.066,24.15,0.059512,155.598,221.827,224.275,6382.474,24.15,156.062,222.117,224.413,6382.612,24.15
chartqa,1792,256,chartqa_val_164,approximated,413.958,473.997,477.218,1131.046,1608.264,24.065,0.257394,154.288,220.277,222.544,1353.59,24.065,156.524,222.615,226.018,1357.064,24.065
chartqa,1792,256,chartqa_val_165,approximated,369.033,428.937,431.387,1086.584,1517.971,24.146,0.24311,157.173,223.784,226.224,1312.808,24.146,156.08,222.421,225.473,1312.057,24.146
chartqa,1792,256,chartqa_val_166,approximated,362.214,422.472,424.949,659.696,1084.645,22.748,0.333947,156.142,222.271,224.458,884.154,22.748,155.979,223.82,226.314,886.01,22.748
chartqa,1792,256,chartqa_val_167,approximated,360.109,883.274,885.502,1240.151,2125.653,25.836,0.169411,154.666,222.966,225.627,1465.778,25.836,156.035,224.614,227.506,1467.657,25.836
chartqa,1792,256,chartqa_val_168,approximated,400.716,460.796,463.521,266.597,730.118,26.66,0.548838,163.003,229.211,233.091,499.688,26.66,156.557,222.704,226.81,493.407,26.66
chartqa,1792,256,chartqa_val_169,approximated,398.016,458.033,460.516,979.208,1439.724,25.769,0.276453,155.783,222.15,224.26,1203.468,25.769,156.095,223.482,225.681,1204.889,25.769
chartqa,1792,256,chartqa_val_170,approximated,359.186,419.279,422.017,1627.949,2049.966,23.94,0.175216,157.626,223.967,226.362,1854.311,23.94,155.907,221.988,224.299,1852.248,23.94
chartqa,1792,256,chartqa_val_171,approximated,436.64,497.006,500.583,6130.067,6630.65,24.039,0.065852,155.059,221.41,223.859,6353.926,24.039,155.92,222.388,224.795,6354.862,24.039
chartqa,1792,256,chartqa_val_172,approximated,390.937,450.855,453.201,1391.207,1844.408,23.986,0.211958,160.327,226.785,229.273,1620.48,23.986,156.196,222.423,225.169,1616.376,23.986
chartqa,1792,256,chartqa_val_173,approximated,410.386,857.662,861.257,2377.745,3239.002,25.029,0.126701,158.988,227.525,229.928,2607.673,25.029,155.988,223.758,226.158,2603.903,25.029
chartqa,1792,256,chartqa_val_174,approximated,383.43,444.085,447.442,827.148,1274.59,25.848,0.300826,156.715,223.239,225.758,1052.906,25.848,156.063,222.047,224.432,1051.58,25.848
chartqa,1792,256,chartqa_val_175,approximated,403.281,463.149,465.614,2461.641,2927.255,25.378,0.137768,157.158,223.646,225.913,2687.554,25.378,156.061,222.291,224.571,2686.212,25.378
chartqa,1792,256,chartqa_val_176,approximated,395.012,455.224,458.034,5114.543,5572.577,25.195,0.070885,155.889,222.161,224.658,5339.201,25.195,156.022,222.196,224.602,5339.145,25.195
chartqa,1792,256,chartqa_val_177,approximated,407.989,468.898,471.536,4336.992,4808.528,25.363,0.084847,159.096,225.468,227.833,4564.825,25.363,156.093,222.386,224.777,4561.769,25.363
chartqa,1792,256,chartqa_val_178,approximated,399.224,459.646,462.342,828.06,1290.402,25.093,0.30938,158.102,225.357,228.235,1056.295,25.093,156.07,222.373,225.192,1053.252,25.093
chartqa,1792,256,chartqa_val_179,approximated,405.583,465.946,468.507,777.097,1245.604,24.284,0.325611,154.915,221.021,223.372,1000.469,24.284,156.051,222.329,225.285,1002.382,24.284
chartqa,1792,256,chartqa_val_180,approximated,426.451,486.339,488.821,382.051,870.872,22.474,0.489682,154.877,221.393,224.0,606.051,22.474,156.063,222.685,225.081,607.132,22.474
chartqa,1792,256,chartqa_val_181,approximated,362.966,422.912,425.623,1546.347,1971.97,23.79,0.184063,155.261,221.513,223.709,1770.056,23.79,155.96,222.029,224.325,1770.672,23.79
chartqa,1792,256,chartqa_val_182,approximated,383.992,817.394,824.021,12883.582,13707.603,50.524,0.028013,157.739,225.893,228.145,13111.727,50.524,155.945,224.037,226.4,13109.982,50.524
chartqa,1792,256,chartqa_val_183,approximated,425.125,486.271,489.321,2078.763,2568.084,24.172,0.165541,154.467,220.795,223.169,2301.932,24.172,156.031,222.327,224.743,2303.506,24.172
chartqa,1792,256,chartqa_val_184,approximated,431.326,491.386,493.895,424.032,917.927,22.317,0.469891,154.762,221.189,223.473,647.505,22.317,155.965,222.111,224.453,648.485,22.317
chartqa,1792,256,chartqa_val_185,approximated,422.952,483.49,486.015,35.741,521.756,35.741,0.810631,156.239,222.824,224.983,260.724,35.741,155.879,222.191,224.499,260.24,35.741
chartqa,1792,256,chartqa_val_186,approximated,371.174,430.909,433.326,801.007,1234.333,25.839,0.300708,156.565,222.901,225.304,1026.311,25.839,155.875,221.797,223.969,1024.976,25.839
chartqa,1792,256,chartqa_val_187,approximated,366.029,426.106,428.66,1249.258,1677.918,25.495,0.218145,154.614,220.815,223.135,1472.393,25.495,156.105,223.154,225.43,1474.688,25.495
chartqa,1792,256,chartqa_val_188,approximated,351.077,410.928,413.382,813.541,1226.923,25.423,0.286145,155.09,221.351,223.611,1037.152,25.423,156.028,222.314,224.639,1038.18,25.423
chartqa,1792,256,chartqa_val_189,approximated,389.029,449.242,451.518,1313.627,1765.145,23.458,0.220395,156.074,224.258,227.084,1540.711,23.458,156.127,222.677,225.577,1539.204,23.458
chartqa,1792,256,chartqa_val_190,approximated,375.13,435.43,437.676,1312.549,1750.225,24.765,0.214332,155.876,222.543,225.071,1537.62,24.765,156.121,222.537,224.987,1537.536,24.765
chartqa,1792,256,chartqa_val_191,approximated,497.459,557.676,561.027,406.946,967.973,23.938,0.513919,157.037,223.264,225.624,632.57,23.938,155.927,222.243,224.518,631.464,23.938
chartqa,1792,256,chartqa_val_192,approximated,583.961,644.076,646.722,2988.862,3635.584,24.701,0.160624,155.048,221.503,224.07,3212.932,24.701,155.938,222.454,224.762,3213.624,24.701
chartqa,1792,256,chartqa_val_193,approximated,380.837,903.179,906.246,47.657,953.903,23.828,0.399241,160.348,228.45,232.301,279.958,23.828,156.053,223.887,226.238,273.895,23.828
chartqa,1792,256,chartqa_val_194,approximated,418.144,478.095,480.86,716.276,1197.136,24.699,0.349287,154.885,220.937,223.115,939.391,24.699,156.584,222.837,225.471,941.747,24.699
chartqa,1792,256,chartqa_val_195,approximated,444.325,504.319,506.776,48.149,554.925,24.075,0.800693,155.501,221.963,224.496,272.645,24.075,156.035,222.258,224.817,272.966,24.075
chartqa,1792,256,chartqa_val_196,approximated,384.34,444.223,446.754,438.171,884.925,24.343,0.434319,180.98,247.357,249.88,688.051,24.343,156.447,223.165,225.393,663.564,24.343
chartqa,1792,256,chartqa_val_197,approximated,368.031,427.822,430.248,6403.84,6834.088,25.113,0.053852,154.926,221.556,224.36,6628.2,25.113,156.119,222.267,224.904,6628.744,25.113
chartqa,1792,256,chartqa_val_198,approximated,358.546,418.475,421.376,407.292,828.668,25.456,0.432678,156.026,222.518,224.998,632.29,25.456,156.116,222.241,224.721,632.013,25.456
chartqa,1792,256,chartqa_val_199,approximated,361.313,421.014,423.564,1356.741,1780.305,24.668,0.20295,157.469,224.229,226.513,1583.254,24.668,155.825,222.247,224.522,1581.263,24.668
chartqa,1792,256,chartqa_val_200,approximated,440.002,500.016,503.217,2042.051,2545.268,23.745,0.172871,160.319,226.619,229.215,2271.266,23.745,155.973,222.278,224.679,2266.73,23.745
chartqa,1792,256,chartqa_val_201,approximated,392.751,452.735,456.712,768.554,1225.266,22.605,0.320543,155.903,222.305,224.813,993.367,22.605,156.05,222.259,224.848,993.402,22.605
chartqa,1792,256,chartqa_val_202,approximated,387.973,449.24,452.232,184.246,636.478,23.031,0.609562,155.143,221.716,224.338,408.584,23.031,157.608,223.993,226.497,410.743,23.031
chartqa,1792,256,chartqa_val_203,approximated,393.438,455.385,458.048,4310.021,4768.069,24.078,0.082515,155.842,222.347,224.795,4534.816,24.078,156.096,222.442,224.797,4534.818,24.078
chartqa,1792,256,chartqa_val_204,approximated,371.862,432.565,435.111,1075.485,1510.596,23.9,0.246169,157.703,224.06,226.719,1302.204,23.9,156.014,222.173,224.471,1299.956,23.9
chartqa,1792,256,chartqa_val_205,approximated,457.007,516.862,519.443,6025.634,6545.077,23.63,0.069824,161.694,228.454,230.725,6256.359,23.63,156.521,222.754,226.193,6251.827,23.63
chartqa,1792,256,chartqa_val_206,approximated,376.392,436.599,439.792,4680.898,5120.69,24.507,0.073504,154.67,220.845,223.238,4904.136,24.507,156.596,223.171,227.005,4907.903,24.507
chartqa,1792,256,chartqa_val_207,approximated,426.731,487.52,490.072,1370.579,1860.651,25.381,0.229345,155.782,222.122,224.385,1594.964,25.381,156.002,222.55,225.056,1595.635,25.381
chartqa,1792,256,chartqa_val_208,approximated,411.913,471.903,474.53,169.028,643.558,24.147,0.640057,158.778,225.136,227.58,396.608,24.147,156.148,224.243,226.61,395.638,24.147
chartqa,1792,256,chartqa_val_209,approximated,459.765,520.152,524.512,174.44,698.952,24.92,0.657793,154.883,220.981,223.222,397.662,24.92,155.969,222.187,224.507,398.947,24.92
chartqa,1792,256,chartqa_val_210,approximated,397.069,457.921,461.356,1128.759,1590.115,27.531,0.249711,154.892,220.937,223.079,1351.838,27.531,156.004,222.378,224.648,1353.407,27.531
chartqa,1792,256,chartqa_val_211,approximated,402.96,463.381,466.025,1199.763,1665.788,26.661,0.241904,155.1,221.395,223.788,1423.551,26.661,155.945,223.247,225.652,1425.415,26.661
chartqa,1792,256,chartqa_val_212,approximated,380.373,440.187,442.813,272.619,715.432,24.784,0.531669,155.419,222.01,224.308,496.927,24.784,156.087,222.466,224.92,497.539,24.784
chartqa,1792,256,chartqa_val_213,approximated,354.841,415.186,417.735,874.135,1291.87,23.004,0.274672,154.448,220.904,223.124,1097.259,23.004,156.112,224.058,226.753,1100.888,23.004
chartqa,1792,256,chartqa_val_214,approximated,366.36,426.148,428.639,308.036,736.675,25.67,0.497316,155.063,221.381,223.775,531.811,25.67,155.865,221.795,224.115,532.151,25.67
chartqa,1792,256,chartqa_val_215,approximated,409.968,470.551,472.854,4930.22,5403.074,23.477,0.075877,155.393,221.597,224.272,5154.492,23.477,155.789,222.955,225.215,5155.435,23.477
chartqa,1792,256,chartqa_val_216,approximated,363.021,422.726,425.5,126.015,551.515,21.003,0.658226,156.623,223.007,226.553,352.568,21.003,156.158,222.435,224.915,350.93,21.003
chartqa,1792,256,chartqa_val_217,approximated,409.745,471.373,474.211,1138.508,1612.719,22.324,0.254071,157.979,224.521,228.051,1366.559,22.324,155.748,221.762,224.099,1362.607,22.324
chartqa,1792,256,chartqa_val_218,approximated,351.896,411.766,414.259,135.28,549.539,22.547,0.640346,155.423,221.765,224.163,359.443,22.547,155.793,222.655,225.156,360.436,22.547
chartqa,1792,256,chartqa_val_219,approximated,435.344,495.204,497.477,1590.985,2088.462,23.397,0.208452,155.392,221.778,224.077,1815.062,23.397,156.157,222.74,225.199,1816.184,23.397
chartqa,1792,256,chartqa_val_220,approximated,387.835,447.893,450.795,2207.343,2658.138,25.083,0.145905,155.779,222.112,224.755,2432.098,25.083,156.187,222.162,224.555,2431.898,25.083
chartqa,1792,256,chartqa_val_221,approximated,380.549,440.396,443.099,1330.672,1773.771,22.554,0.214543,155.031,221.371,224.128,1554.8,22.554,156.004,222.047,224.44,1555.112,22.554
chartqa,1792,256,chartqa_val_222,approximated,395.9,456.034,458.582,1945.101,2403.683,24.014,0.164705,158.036,224.397,227.274,2172.375,24.014,156.615,224.178,227.007,2172.108,24.014
chartqa,1792,256,chartqa_val_223,approximated,388.863,449.371,454.218,351.022,805.24,21.939,0.482915,186.441,252.931,256.585,607.607,21.939,156.707,222.905,226.918,577.94,21.939
chartqa,1792,256,chartqa_val_224,approximated,397.17,457.188,459.663,196.44,656.103,21.827,0.605347,159.349,225.758,228.046,424.486,21.827,156.021,222.383,224.941,421.381,21.827
chartqa,1792,256,chartqa_val_225,approximated,434.059,493.967,496.379,389.613,885.992,21.645,0.489913,155.103,221.322,223.5,613.113,21.645,156.07,222.175,224.648,614.261,21.645
chartqa,1792,256,chartqa_val_226,approximated,394.714,454.534,456.9,996.055,1452.955,25.54,0.271663,154.453,220.574,222.852,1218.907,25.54,155.833,222.04,224.349,1220.404,25.54
chartqa,1792,256,chartqa_val_227,approximated,398.534,458.464,461.243,2963.968,3425.211,24.7,0.116353,154.988,221.269,223.584,3187.552,24.7,156.01,222.13,224.438,3188.406,24.7
chartqa,1792,256,chartqa_val_228,approximated,370.309,430.349,432.89,180.49,613.38,25.784,0.603719,154.395,220.876,223.281,403.771,25.784,155.925,222.136,224.453,404.943,25.784
chartqa,1792,256,chartqa_val_229,approximated,528.813,588.946,591.579,501.667,1093.246,23.889,0.483709,155.204,221.755,224.393,726.06,23.889,156.041,222.322,224.93,726.597,23.889
chartqa,1792,256,chartqa_val_230,approximated,372.53,432.788,435.851,1779.815,2215.666,25.068,0.168135,155.435,222.034,224.595,2004.41,25.068,156.148,222.136,224.502,2004.317,25.068
chartqa,1792,256,chartqa_val_231,approximated,367.763,427.659,430.521,482.236,912.757,24.112,0.402914,155.886,223.844,226.503,708.739,24.112,156.071,222.301,224.743,706.979,24.112
chartqa,1792,256,chartqa_val_232,approximated,393.198,453.539,456.269,899.486,1355.755,24.31,0.290022,157.221,223.605,225.834,1125.32,24.31,156.014,222.208,224.47,1123.956,24.31
chartqa,1792,256,chartqa_val_233,approximated,405.033,465.387,467.817,6419.214,6887.031,25.173,0.058811,154.811,221.46,223.893,6643.107,25.173,155.929,222.11,224.375,6643.589,25.173
chartqa,1792,256,chartqa_val_234,approximated,394.038,454.447,457.099,1771.716,2228.815,23.009,0.176792,159.172,225.396,227.762,1999.478,23.009,156.041,222.153,224.665,1996.381,23.009
chartqa,1792,256,chartqa_val_235,approximated,369.305,429.086,431.827,1131.69,1563.517,23.096,0.236202,157.046,225.393,227.851,1359.541,23.096,156.451,222.658,225.696,1357.386,23.096
chartqa,1792,256,chartqa_val_236,approximated,418.942,479.12,481.574,172.14,653.714,21.518,0.640864,155.587,222.039,224.663,396.803,21.518,156.101,222.627,225.004,397.144,21.518
chartqa,1792,256,chartqa_val_237,approximated,367.67,427.846,430.204,572.937,1003.141,24.91,0.366519,155.532,221.715,224.093,797.03,24.91,156.086,222.209,224.512,797.449,24.91
chartqa,1792,256,chartqa_val_238,approximated,424.124,485.28,487.685,618.405,1106.09,22.904,0.383444,156.614,225.171,227.423,845.828,22.904,155.904,222.246,224.614,843.019,22.904
chartqa,1792,256,chartqa_val_239,approximated,405.684,465.885,468.668,6158.992,6627.66,24.153,0.061211,155.39,221.995,224.532,6383.524,24.153,155.871,222.065,224.312,6383.304,24.153
chartqa,1792,256,chartqa_val_240,approximated,443.12,503.082,506.86,1455.112,1961.972,24.252,0.225854,170.785,237.322,240.932,1696.044,24.252,156.188,222.374,225.052,1680.164,24.252
chartqa,1792,256,chartqa_val_241,approximated,441.88,501.753,504.193,4715.819,5220.012,24.82,0.084651,154.565,221.074,223.479,4939.298,24.82,155.808,222.04,224.362,4940.181,24.82
chartqa,1792,256,chartqa_val_242,approximated,405.213,465.384,468.979,695.981,1164.96,25.777,0.347834,157.191,225.279,227.919,923.9,25.777,155.801,221.927,224.19,920.171,25.777
chartqa,1792,256,chartqa_val_243,approximated,372.719,432.738,435.178,6272.233,6707.411,24.597,0.055568,156.469,223.048,225.3,6497.533,24.597,155.943,222.146,224.479,6496.712,24.597
chartqa,1792,256,chartqa_val_244,approximated,436.256,496.479,499.028,1755.059,2254.087,24.376,0.19354,154.492,223.261,225.474,1980.533,24.376,155.718,221.785,224.032,1979.091,24.376
chartqa,1792,256,chartqa_val_245,approximated,398.368,458.617,461.131,468.151,929.282,21.28,0.428683,160.363,226.408,228.758,696.909,21.28,155.875,221.844,224.102,692.253,21.28
chartqa,1792,256,chartqa_val_246,approximated,376.302,437.738,440.614,1042.126,1482.74,23.685,0.253788,160.291,226.368,228.673,1270.799,23.685,156.019,222.054,224.353,1266.479,23.685
chartqa,1792,256,chartqa_val_247,approximated,372.804,432.63,435.2,5057.461,5492.661,24.083,0.067873,157.132,223.514,225.829,5283.29,24.083,155.761,221.681,223.915,5281.376,24.083
chartqa,1792,256,chartqa_val_248,approximated,390.563,450.755,453.269,953.732,1407.001,22.708,0.277585,156.256,222.733,225.327,1179.059,22.708,156.645,223.123,226.576,1180.308,22.708
chartqa,1792,256,chartqa_val_249,approximated,439.806,499.939,502.391,6405.651,6908.042,25.12,0.063666,154.561,221.08,223.35,6629.001,25.12,156.083,222.896,225.121,6630.772,25.12
chartqa,1792,256,chartqa_val_250,approximated,409.85,469.893,472.356,415.082,887.438,25.943,0.461835,157.04,223.7,226.148,641.23,25.943,155.929,222.004,224.221,639.303,25.943
chartqa,1792,256,chartqa_val_251,approximated,412.809,473.384,477.079,6221.361,6698.44,24.397,0.061628,155.237,222.406,224.631,6445.992,24.397,155.868,222.051,224.444,6445.805,24.397
chartqa,1792,256,chartqa_val_252,approximated,399.381,460.244,462.796,169.629,632.425,24.233,0.631507,154.528,220.926,223.495,393.124,24.233,156.097,222.45,225.008,394.637,24.233
chartqa,1792,256,chartqa_val_253,approximated,393.403,454.417,458.381,567.665,1026.046,23.653,0.383416,159.112,380.836,383.612,951.277,23.653,156.024,222.129,224.488,792.153,23.653
chartqa,1792,256,chartqa_val_254,approximated,397.202,457.293,459.793,1033.41,1493.203,22.465,0.266007,158.11,224.25,231.346,1264.756,22.465,156.559,223.086,226.805,1260.215,22.465
chartqa,1792,256,chartqa_val_255,approximated,397.591,458.046,461.837,5150.493,5612.33,23.626,0.070842,158.387,224.984,228.212,5378.705,23.626,155.949,222.057,224.377,5374.87,23.626
chartqa,1792,256,chartqa_val_256,approximated,398.369,458.43,461.175,470.007,931.182,22.381,0.42781,154.998,221.14,223.679,693.686,22.381,156.059,222.061,224.374,694.381,22.381
chartqa,1792,256,chartqa_val_257,approximated,415.503,475.795,479.146,4013.208,4492.354,24.621,0.092491,157.173,223.813,226.776,4239.984,24.621,155.964,222.36,224.637,4237.845,24.621
chartqa,1792,256,chartqa_val_258,approximated,487.467,547.752,551.013,333.399,884.412,23.814,0.551176,155.783,222.125,224.802,558.201,23.814,156.02,221.998,224.272,557.671,23.814
chartqa,1792,256,chartqa_val_259,approximated,410.854,471.297,473.64,4381.352,4854.992,24.073,0.084625,159.277,225.527,228.23,4609.582,24.073,155.958,221.913,224.16,4605.512,24.073
chartqa,1792,256,chartqa_val_260,approximated,389.053,448.903,451.134,1004.811,1455.945,22.837,0.267217,157.49,223.98,226.905,1231.716,22.837,156.18,222.337,224.652,1229.463,22.837
chartqa,1792,256,chartqa_val_261,approximated,371.671,431.994,434.296,4253.627,4687.923,24.168,0.079283,163.498,231.481,234.181,4487.808,24.168,156.057,222.133,224.382,4478.009,24.168
chartqa,1792,256,chartqa_val_262,approximated,435.715,496.132,498.623,2806.516,3305.139,23.987,0.131829,155.598,222.328,225.235,3031.751,23.987,156.16,222.288,224.558,3031.074,23.987
chartqa,1792,256,chartqa_val_263,approximated,374.85,434.768,437.206,4057.259,4494.465,23.589,0.083403,165.14,231.858,236.007,4293.266,23.589,155.987,221.963,224.315,4281.574,23.589
chartqa,1792,256,chartqa_val_264,approximated,394.294,454.16,456.886,926.156,1383.042,22.589,0.285092,158.499,225.099,228.186,1154.342,22.589,156.055,222.155,224.464,1150.62,22.589
chartqa,1792,256,chartqa_val_265,approximated,355.57,415.448,417.815,746.266,1164.081,21.322,0.305451,157.99,224.534,227.391,973.657,21.322,156.137,222.283,224.645,970.911,21.322
chartqa,1792,256,chartqa_val_266,approximated,420.651,480.406,482.849,1211.831,1694.68,23.761,0.248219,155.5,221.611,224.085,1435.916,23.761,156.59,222.592,226.381,1438.212,23.761
chartqa,1792,256,chartqa_val_267,approximated,540.453,600.476,602.913,3118.044,3720.957,22.759,0.145246,157.357,223.558,226.055,3344.099,22.759,155.901,221.656,224.192,3342.236,22.759
chartqa,1792,256,chartqa_val_268,approximated,371.452,431.485,434.281,472.591,906.872,24.873,0.409597,154.9,221.116,223.672,696.263,24.873,155.923,222.594,224.9,697.491,24.873
chartqa,1792,256,chartqa_val_269,approximated,423.273,483.556,486.279,5228.909,5715.188,24.208,0.074061,156.614,222.889,225.174,5454.083,24.208,156.107,222.777,225.026,5453.935,24.208
chartqa,1792,256,chartqa_val_270,approximated,398.291,458.147,461.717,404.059,865.776,21.266,0.460039,155.269,221.865,224.754,628.813,21.266,156.231,225.521,228.412,632.471,21.266
chartqa,1792,256,chartqa_val_271,approximated,395.665,455.509,459.47,2267.082,2726.552,22.446,0.145116,155.164,223.082,225.56,2492.642,22.446,156.146,223.829,226.215,2493.297,22.446
chartqa,1792,256,chartqa_val_272,approximated,393.253,453.233,455.719,879.566,1335.285,23.146,0.294509,155.457,222.248,224.806,1104.372,23.146,155.821,221.823,224.259,1103.825,23.146
chartqa,1792,256,chartqa_val_273,approximated,432.545,492.44,494.741,3548.504,4043.245,24.472,0.10698,155.731,221.982,224.489,3772.993,24.472,155.76,222.525,224.857,3773.361,24.472
chartqa,1792,256,chartqa_val_274,approximated,362.695,422.36,425.188,1030.253,1455.441,25.756,0.2492,154.916,221.305,223.687,1253.94,25.756,156.053,222.02,224.312,1254.565,25.756
chartqa,1792,256,chartqa_val_275,approximated,369.748,429.651,432.196,4248.916,4681.112,24.847,0.078987,155.662,222.282,224.766,4473.682,24.847,156.139,222.73,225.107,4474.023,24.847
chartqa,1792,256,chartqa_val_276,approximated,402.093,462.745,465.586,306.306,771.892,21.879,0.520919,155.598,222.103,224.679,530.985,21.879,156.161,222.367,224.723,531.029,21.879
chartqa,1792,256,chartqa_val_277,approximated,426.349,486.383,488.61,647.955,1136.565,23.141,0.375121,155.39,225.319,227.762,875.717,23.141,155.983,223.168,225.45,873.405,23.141
chartqa,1792,256,chartqa_val_278,approximated,412.846,473.916,476.975,336.361,813.336,25.874,0.507596,155.585,221.699,224.226,560.587,25.874,155.974,223.502,225.721,562.082,25.874
chartqa,1792,256,chartqa_val_279,approximated,371.652,431.462,434.027,1429.221,1863.248,24.642,0.199465,155.444,221.92,224.535,1653.756,24.642,156.041,222.109,224.445,1653.666,24.642
chartqa,1792,256,chartqa_val_280,approximated,395.811,455.864,458.162,2252.74,2710.902,24.486,0.146007,155.293,221.786,224.463,2477.203,24.486,156.234,222.634,224.94,2477.68,24.486
chartqa,1792,256,chartqa_val_281,approximated,410.347,470.392,472.704,2463.352,2936.056,26.488,0.139761,155.632,222.051,224.617,2687.969,26.488,156.284,224.254,226.812,2690.164,26.488
chartqa,1792,256,chartqa_val_282,approximated,390.483,450.925,454.085,591.58,1045.665,31.136,0.37343,157.316,223.781,226.259,817.839,31.136,155.967,221.98,224.646,816.226,31.136
chartqa,1792,256,chartqa_val_283,approximated,363.322,423.334,426.914,1330.004,1756.918,24.63,0.206795,154.609,221.023,223.495,1553.499,24.63,155.986,222.153,224.398,1554.402,24.63
chartqa,1792,256,chartqa_val_284,approximated,381.789,441.728,444.813,611.176,1055.989,25.466,0.361546,165.058,232.149,235.419,846.595,25.466,156.207,222.45,225.068,836.244,25.466
chartqa,1792,256,chartqa_val_285,approximated,402.58,462.427,464.892,401.556,866.448,25.097,0.464632,156.092,222.44,224.781,626.337,25.097,156.082,222.083,224.409,625.965,25.097
chartqa,1792,256,chartqa_val_286,approximated,380.746,441.322,443.777,676.92,1120.697,25.071,0.33974,154.944,221.219,223.561,900.481,25.071,156.065,222.996,225.49,902.41,25.071
chartqa,1792,256,chartqa_val_287,approximated,393.984,454.469,456.947,772.28,1229.227,25.743,0.320513,155.755,222.154,224.433,996.713,25.743,155.955,221.757,223.936,996.216,25.743
chartqa,1792,256,chartqa_val_288,approximated,372.895,432.838,435.335,929.766,1365.101,24.468,0.273163,157.52,223.888,226.555,1156.321,24.468,156.232,222.653,225.09,1154.856,24.468
chartqa,1792,256,chartqa_val_289,approximated,393.853,453.74,456.24,388.137,844.377,21.563,0.466442,155.381,221.879,224.547,612.684,21.563,156.199,222.425,224.767,612.904,21.563
chartqa,1792,256,chartqa_val_290,approximated,394.832,454.941,457.305,886.266,1343.571,25.322,0.293868,155.333,221.925,224.421,1110.687,25.322,156.01,223.216,225.736,1112.002,25.322
chartqa,1792,256,chartqa_val_291,approximated,403.319,854.897,857.674,47.574,905.248,23.787,0.445534,155.325,225.096,227.428,275.002,23.787,156.03,223.731,226.05,273.624,23.787
chartqa,1792,256,chartqa_val_292,approximated,418.682,480.223,483.717,705.953,1189.67,25.213,0.351931,157.881,224.209,226.402,932.355,25.213,156.655,222.997,225.287,931.24,25.213
chartqa,1792,256,chartqa_val_293,approximated,424.462,485.007,487.399,3579.619,4067.018,26.516,0.104367,154.454,220.679,222.893,3802.512,26.516,156.041,222.167,224.693,3804.312,26.516
chartqa,1792,256,chartqa_val_294,approximated,376.522,437.306,440.029,238.894,678.923,21.718,0.554586,154.985,221.133,223.484,462.378,21.718,156.006,221.753,223.974,462.868,21.718
chartqa,1792,256,chartqa_val_295,approximated,382.587,905.882,909.629,5417.412,6327.041,26.171,0.060469,155.221,223.307,225.518,5642.93,26.171,156.421,224.272,228.181,5645.593,26.171
chartqa,1792,256,chartqa_val_296,approximated,380.805,440.769,443.613,614.514,1058.127,27.932,0.359886,156.04,223.149,225.351,839.865,27.932,156.133,222.378,224.736,839.25,27.932
chartqa,1792,256,chartqa_val_297,approximated,373.345,433.134,435.742,5832.957,6268.699,25.583,0.059557,158.37,225.167,228.988,6061.945,25.583,156.789,223.068,225.298,6058.255,25.583
chartqa,1792,256,chartqa_val_298,approximated,403.014,462.916,465.601,353.733,819.334,25.267,0.491879,155.484,221.816,224.445,578.178,25.267,155.975,222.259,224.775,578.508,25.267
chartqa,1792,256,chartqa_val_299,approximated,379.277,439.566,441.947,1293.494,1735.441,25.87,0.218548,155.317,221.603,223.961,1517.455,25.87,156.092,224.18,226.552,1520.046,25.87
chartqa,1792,256,chartqa_val_300,approximated,425.332,485.31,487.677,555.044,1042.721,24.132,0.407906,155.017,223.644,226.246,781.29,24.132,156.211,222.482,225.378,780.422,24.132
chartqa,1792,256,chartqa_val_301,approximated,357.248,417.288,419.662,2578.318,2997.98,24.096,0.119163,155.664,221.909,224.277,2802.595,24.096,155.868,221.809,224.075,2802.393,24.096
chartqa,1792,256,chartqa_val_302,approximated,382.143,875.785,880.095,805.447,1685.542,89.494,0.226718,157.862,226.229,229.306,1034.753,89.494,156.2,224.063,226.768,1032.215,89.494
chartqa,1792,256,chartqa_val_303,approximated,406.005,466.204,468.544,1439.847,1908.391,24.825,0.212748,154.762,221.362,223.782,1663.629,24.825,156.256,222.691,225.713,1665.56,24.825
chartqa,1792,256,chartqa_val_304,approximated,520.436,580.611,583.486,732.912,1316.398,26.175,0.395348,159.253,225.424,228.057,960.969,26.175,156.004,222.517,225.009,957.921,26.175
chartqa,1792,256,chartqa_val_305,approximated,373.896,434.014,436.831,5767.368,6204.199,25.979,0.060265,157.476,223.936,226.455,5993.823,25.979,156.081,222.424,224.873,5992.241,25.979
chartqa,1792,256,chartqa_val_306,approximated,432.656,493.474,496.775,975.528,1472.303,24.388,0.293864,154.764,221.275,223.938,1199.466,24.388,156.359,224.155,226.582,1202.11,24.388
chartqa,1792,256,chartqa_val_307,approximated,359.335,418.957,421.808,5950.007,6371.815,23.333,0.056394,155.585,221.769,224.264,6174.271,23.333,155.981,222.173,224.504,6174.511,23.333
chartqa,1792,256,chartqa_val_308,approximated,381.519,441.657,444.064,929.165,1373.229,23.825,0.277826,155.353,221.918,224.639,1153.804,23.825,155.954,222.023,224.352,1153.517,23.825
chartqa,1792,256,chartqa_val_309,approximated,442.419,502.759,506.206,522.51,1028.716,21.771,0.430069,154.447,220.608,223.35,745.86,21.771,156.182,222.532,225.383,747.893,21.771
chartqa,1792,256,chartqa_val_310,approximated,390.735,450.403,452.862,951.489,1404.351,25.039,0.278232,156.166,222.34,224.442,1175.931,25.039,156.328,222.519,224.836,1176.325,25.039
chartqa,1792,256,chartqa_val_311,approximated,393.558,453.392,455.923,1375.373,1831.296,23.713,0.214907,155.086,221.415,224.152,1599.525,23.713,156.205,222.728,225.573,1600.946,23.713
chartqa,1792,256,chartqa_val_312,approximated,400.16,460.624,463.208,1259.541,1722.749,24.222,0.23228,154.551,220.794,223.001,1482.542,24.222,156.081,222.187,224.558,1484.099,24.222
chartqa,1792,256,chartqa_val_313,approximated,397.309,458.303,461.19,4052.846,4514.036,25.33,0.088016,155.37,221.765,223.979,4276.825,25.33,156.098,222.448,224.757,4277.603,25.33
chartqa,1792,256,chartqa_val_314,approximated,419.881,479.955,483.759,584.426,1068.185,26.565,0.393079,157.358,224.669,227.049,811.475,26.565,156.105,222.421,224.796,809.222,26.565
chartqa,1792,256,chartqa_val_315,approximated,394.972,454.986,457.45,734.294,1191.744,22.947,0.331424,155.791,222.396,224.729,959.023,22.947,156.133,222.32,224.68,958.974,22.947
chartqa,1792,256,chartqa_val_316,approximated,459.331,519.257,521.802,1141.208,1663.01,24.809,0.276205,166.603,232.832,235.909,1377.117,24.809,156.064,222.119,224.442,1365.65,24.809
chartqa,1792,256,chartqa_val_317,approximated,368.599,428.338,430.651,758.6,1189.251,24.471,0.309942,155.192,221.564,223.877,982.477,24.471,156.151,222.522,224.926,983.526,24.471
chartqa,1792,256,chartqa_val_318,approximated,437.03,496.976,499.405,334.578,833.983,25.737,0.524027,154.703,221.034,223.284,557.862,25.737,156.117,222.664,225.007,559.585,25.737
chartqa,1792,256,chartqa_val_319,approximated,402.283,462.343,464.924,1613.33,2078.254,24.82,0.193568,154.431,221.203,223.369,1836.699,24.82,156.125,222.395,224.903,1838.233,24.82
chartqa,1792,256,chartqa_val_320,approximated,396.266,456.295,459.743,340.265,800.008,24.305,0.495327,154.85,221.398,223.727,563.992,24.305,156.085,222.49,224.87,565.135,24.305
chartqa,1792,256,chartqa_val_321,approximated,445.872,505.943,509.037,1078.899,1587.936,23.976,0.280787,161.059,227.335,229.534,1308.433,23.976,156.047,222.293,224.665,1303.564,23.976
chartqa,1792,256,chartqa_val_322,approximated,408.056,468.089,470.634,647.571,1118.205,24.907,0.364921,155.853,221.926,224.166,871.737,24.907,156.111,222.61,224.997,872.568,24.907
chartqa,1792,256,chartqa_val_323,approximated,361.879,421.568,424.017,739.622,1163.639,22.413,0.310989,155.589,221.722,223.916,963.538,22.413,156.191,222.433,224.839,964.461,22.413
chartqa,1792,256,chartqa_val_324,approximated,415.224,476.836,479.805,2934.373,3414.178,24.251,0.121618,154.863,220.828,223.029,3157.402,24.251,156.214,222.357,224.604,3158.977,24.251
chartqa,1792,256,chartqa_val_325,approximated,474.234,534.992,537.67,2256.76,2794.43,23.266,0.169707,156.833,223.286,225.45,2482.21,23.266,156.268,222.273,224.528,2481.288,23.266
chartqa,1792,256,chartqa_val_326,approximated,400.593,460.508,463.296,1156.928,1620.224,25.71,0.247246,157.227,224.142,226.323,1383.251,25.71,156.159,222.331,225.003,1381.931,25.71
chartqa,1792,256,chartqa_val_327,approximated,381.127,441.565,444.148,5603.386,6047.534,24.257,0.063022,154.735,220.877,223.12,5826.506,24.257,156.03,222.481,224.937,5828.323,24.257
chartqa,1792,256,chartqa_val_328,approximated,362.644,422.479,424.973,4706.816,5131.789,25.036,0.070666,159.856,226.08,228.335,4935.151,25.036,156.014,222.0,224.39,4931.206,25.036
chartqa,1792,256,chartqa_val_329,approximated,397.017,456.771,461.01,3481.186,3942.196,22.459,0.10071,177.181,243.699,246.777,3727.963,22.459,156.024,222.25,224.562,3705.748,22.459
chartqa,1792,256,chartqa_val_330,approximated,394.042,454.29,457.028,754.424,1211.452,25.147,0.325264,155.291,221.577,224.055,978.479,25.147,155.966,222.088,224.411,978.835,25.147
chartqa,1792,256,chartqa_val_331,approximated,367.644,428.092,431.882,936.499,1368.381,25.311,0.268671,155.498,221.965,224.231,1160.73,25.311,156.131,222.713,225.247,1161.746,25.311
chartqa,1792,256,chartqa_val_332,approximated,407.122,467.112,470.411,961.667,1432.078,25.307,0.284287,155.928,222.22,224.623,1186.29,25.307,156.259,222.586,225.228,1186.895,25.307
chartqa,1792,256,chartqa_val_333,approximated,405.748,465.755,468.949,666.402,1135.351,24.682,0.357376,156.832,223.324,226.02,892.422,24.682,156.025,222.277,224.63,891.032,24.682
chartqa,1792,256,chartqa_val_334,approximated,409.855,471.072,473.53,2153.331,2626.861,26.26,0.156024,155.192,221.494,224.074,2377.405,26.26,155.871,221.778,224.071,2377.402,26.26
chartqa,1792,256,chartqa_val_335,approximated,417.452,477.545,480.274,4061.071,4541.345,25.541,0.091923,156.463,222.809,225.141,4286.212,25.541,156.099,222.062,224.475,4285.546,25.541
chartqa,1792,256,chartqa_val_336,approximated,395.236,455.165,457.873,628.019,1085.892,23.26,0.363973,154.975,221.28,223.653,851.672,23.26,155.955,222.229,224.908,852.927,23.26
chartqa,1792,256,chartqa_val_337,approximated,450.281,510.506,514.338,6323.742,6838.08,24.799,0.065849,154.076,220.218,222.456,6546.198,24.799,156.322,222.842,225.132,6548.874,24.799
chartqa,1792,256,chartqa_val_338,approximated,454.263,514.365,517.201,894.831,1412.032,24.185,0.321709,158.109,224.264,226.679,1121.51,24.185,156.424,225.052,227.601,1122.432,24.185
chartqa,1792,256,chartqa_val_339,approximated,385.128,445.896,448.416,1615.498,2063.914,24.112,0.186601,160.003,226.5,228.944,1844.442,24.112,156.108,222.35,224.618,1840.116,24.112
chartqa,1792,256,chartqa_val_340,approximated,410.336,470.416,472.724,363.023,835.747,27.925,0.490981,156.516,224.253,226.583,589.606,27.925,156.142,222.598,224.898,587.921,27.925
chartqa,1792,256,chartqa_val_341,approximated,412.367,472.462,474.955,6662.275,7137.23,26.973,0.057777,156.039,222.403,224.693,6886.968,26.973,156.375,222.426,224.83,6887.105,26.973
chartqa,1792,256,chartqa_val_342,approximated,580.438,641.088,644.802,439.737,1084.539,23.144,0.535193,155.508,221.637,223.918,663.655,23.144,156.238,222.355,224.836,664.573,23.144
chartqa,1792,256,chartqa_val_343,approximated,394.804,455.182,457.897,6544.721,7002.618,25.666,0.056379,156.251,222.609,224.871,6769.592,25.666,155.979,222.182,224.444,6769.165,25.666
chartqa,1792,256,chartqa_val_344,approximated,405.84,465.952,468.827,1505.482,1974.309,25.957,0.205561,158.525,225.001,227.836,1733.318,25.957,156.524,222.747,225.142,1730.624,25.957
chartqa,1792,256,chartqa_val_345,approximated,374.234,434.506,437.113,4336.344,4773.457,24.638,0.078399,154.405,220.739,222.937,4559.281,24.638,156.018,225.033,227.314,4563.658,24.638
chartqa,1792,256,chartqa_val_346,approximated,371.572,431.513,434.266,976.386,1410.652,24.41,0.263404,156.696,222.896,225.16,1201.546,24.41,156.178,222.294,224.726,1201.112,24.41
chartqa,1792,256,chartqa_val_347,approximated,406.49,466.333,468.793,6077.92,6546.713,23.835,0.062091,155.272,221.334,223.54,6301.46,23.835,156.193,222.297,224.585,6302.505,23.835
chartqa,1792,256,chartqa_val_348,approximated,433.559,493.812,496.482,540.55,1037.032,24.57,0.418077,158.419,224.648,228.18,768.73,24.57,156.868,223.907,226.815,767.365,24.57
chartqa,1792,256,chartqa_val_349,approximated,424.757,485.935,488.551,3807.383,4295.934,25.383,0.098874,155.18,221.56,224.191,4031.574,25.383,156.02,222.18,224.697,4032.08,25.383
chartqa,1792,256,chartqa_val_350,approximated,445.368,505.171,510.065,853.731,1363.796,25.871,0.326565,155.663,222.139,224.646,1078.377,25.871,156.131,222.185,224.483,1078.214,25.871
chartqa,1792,256,chartqa_val_351,approximated,418.699,478.928,481.728,6497.455,6979.183,25.48,0.059993,155.908,222.238,224.653,6722.108,25.48,156.192,222.64,224.942,6722.397,25.48
chartqa,1792,256,chartqa_val_352,approximated,378.919,438.86,441.47,925.763,1367.233,25.021,0.277143,156.235,222.571,224.827,1150.59,25.021,156.117,222.427,225.044,1150.807,25.021
chartqa,1792,256,chartqa_val_353,approximated,443.185,503.418,506.049,6417.789,6923.838,25.168,0.064009,156.625,223.445,225.657,6643.446,25.168,156.391,222.933,225.516,6643.305,25.168
chartqa,1792,256,chartqa_val_354,approximated,429.483,489.45,491.916,371.688,863.604,23.231,0.497314,156.386,222.811,225.052,596.74,23.231,156.25,222.483,225.135,596.823,23.231
chartqa,1792,256,chartqa_val_355,approximated,446.623,506.947,509.317,1194.726,1704.043,25.972,0.262096,158.263,224.589,226.985,1421.711,25.972,156.245,222.334,224.622,1419.348,25.972
chartqa,1792,256,chartqa_val_356,approximated,366.215,426.724,429.338,651.132,1080.47,24.116,0.33894,154.589,221.178,223.626,874.758,24.116,156.146,222.664,225.088,876.22,24.116
chartqa,1792,256,chartqa_val_357,approximated,408.855,469.238,471.786,9065.132,9536.918,35.55,0.042871,155.256,221.881,224.382,9289.514,35.55,156.243,222.618,224.924,9290.056,35.55
chartqa,1792,256,chartqa_val_358,approximated,441.949,502.869,505.807,1261.906,1767.713,25.753,0.250012,154.533,220.977,223.359,1485.265,25.753,156.069,222.016,224.521,1486.427,25.753
chartqa,1792,256,chartqa_val_359,approximated,387.48,448.597,451.117,4409.007,4860.124,25.194,0.079726,184.609,251.152,254.815,4663.822,25.194,156.152,222.383,224.725,4633.732,25.194
chartqa,1792,256,chartqa_val_360,approximated,386.22,446.146,448.904,207.075,655.979,23.008,0.588768,154.501,220.702,222.947,430.022,23.008,156.042,222.103,224.515,431.59,23.008
chartqa,1792,256,chartqa_val_361,approximated,398.935,458.896,461.37,3117.614,3578.984,25.346,0.111466,155.722,221.855,223.964,3341.578,25.346,156.153,222.68,225.305,3342.919,25.346
chartqa,1792,256,chartqa_val_362,approximated,436.67,497.35,499.705,788.546,1288.251,21.312,0.338963,154.387,220.517,222.755,1011.301,21.312,155.949,221.944,224.273,1012.819,21.312
chartqa,1792,256,chartqa_val_363,approximated,470.596,530.918,537.135,2857.446,3394.581,23.231,0.138632,154.882,221.17,223.331,3080.777,23.231,155.979,222.378,224.783,3082.229,23.231
chartqa,1792,256,chartqa_val_364,approximated,420.024,480.564,483.441,756.934,1240.375,25.231,0.338626,154.754,220.793,223.025,979.959,25.231,156.162,226.659,229.008,985.942,25.231
chartqa,1792,256,chartqa_val_365,approximated,411.116,471.514,474.526,2370.159,2844.685,24.949,0.144521,154.254,220.64,222.892,2593.051,24.949,156.1,222.183,224.518,2594.677,24.949
chartqa,1792,256,chartqa_val_366,approximated,431.48,492.044,494.469,623.249,1117.718,23.083,0.386037,164.738,231.058,234.419,857.668,23.083,156.281,222.492,224.898,848.147,23.083
chartqa,1792,256,chartqa_val_367,approximated,387.922,447.68,451.051,2817.633,3268.684,24.29,0.118678,161.903,228.847,231.232,3048.865,24.29,155.925,222.225,224.581,3042.214,24.29
chartqa,1792,256,chartqa_val_368,approximated,377.26,437.821,440.742,633.492,1074.234,26.396,0.35119,154.893,221.3,223.569,857.061,26.396,155.997,222.008,224.25,857.742,26.396
chartqa,1792,256,chartqa_val_369,approximated,394.926,454.987,457.406,6010.054,6467.46,24.234,0.061064,159.449,225.656,227.92,6237.974,24.234,156.487,223.135,227.548,6237.602,24.234
chartqa,1792,256,chartqa_val_370,approximated,433.15,493.873,496.577,392.955,889.532,21.831,0.486941,155.713,222.081,224.559,617.514,21.831,156.013,222.117,224.364,617.319,21.831
chartqa,1792,256,chartqa_val_371,approximated,405.167,465.427,468.173,4027.979,4496.152,24.712,0.090114,154.786,221.048,223.34,4251.319,24.712,156.07,222.149,224.315,4252.294,24.712
chartqa,1792,256,chartqa_val_372,approximated,407.154,467.846,470.41,157.453,627.863,26.242,0.648477,155.167,221.461,223.626,381.079,26.242,156.134,222.328,224.94,382.393,26.242
chartqa,1792,256,chartqa_val_373,approximated,401.766,462.057,465.465,382.855,848.32,22.521,0.473602,157.717,224.477,226.749,609.604,22.521,156.118,228.538,230.799,613.654,22.521
chartqa,1792,256,chartqa_val_374,approximated,366.399,426.118,428.57,298.611,727.181,24.884,0.503862,156.001,222.401,224.559,523.17,24.884,156.229,222.521,224.81,523.421,24.884
chartqa,1792,256,chartqa_val_375,approximated,364.269,424.223,426.728,2870.89,3297.618,22.967,0.110464,155.744,222.585,225.292,3096.182,22.967,156.03,222.239,224.534,3095.424,22.967
chartqa,1792,256,chartqa_val_376,approximated,361.845,421.608,423.877,401.912,825.789,25.12,0.438181,156.364,222.802,225.394,627.306,25.12,156.842,223.16,226.37,628.282,25.12
chartqa,1792,256,chartqa_val_377,approximated,394.117,454.454,456.735,834.485,1291.22,23.842,0.305228,155.187,224.56,226.825,1061.31,23.842,156.076,222.139,224.443,1058.928,23.842
chartqa,1792,256,chartqa_val_378,approximated,373.547,434.272,436.562,729.248,1165.81,24.308,0.320418,155.319,221.559,223.777,953.025,24.308,155.955,222.071,224.403,953.651,24.308
chartqa,1792,256,chartqa_val_379,approximated,599.644,659.706,662.285,341.335,1003.62,22.756,0.597482,156.175,222.717,224.907,566.242,22.756,156.547,222.641,225.768,567.103,22.756
chartqa,1792,256,chartqa_val_380,approximated,370.644,432.047,434.697,353.272,787.969,22.079,0.470379,155.462,221.751,224.072,577.344,22.079,156.072,222.048,224.399,577.671,22.079
chartqa,1792,256,chartqa_val_381,approximated,408.17,468.145,470.606,1988.936,2459.542,24.555,0.165954,155.785,222.131,224.263,2213.199,24.555,156.319,222.729,225.511,2214.447,24.555
chartqa,1792,256,chartqa_val_382,approximated,355.974,415.681,418.16,236.852,655.012,21.532,0.543462,155.732,222.887,225.6,462.452,21.532,156.145,222.626,225.114,461.966,21.532
chartqa,1792,256,chartqa_val_383,approximated,387.65,447.254,449.6,1484.401,1934.001,22.491,0.200439,154.395,220.707,222.997,1707.398,22.491,156.473,222.98,225.728,1710.129,22.491
chartqa,1792,256,chartqa_val_384,approximated,397.586,457.462,459.954,254.763,714.717,25.476,0.556284,155.069,221.289,223.547,478.31,25.476,156.089,222.427,224.892,479.655,25.476
chartqa,1792,256,chartqa_val_385,approximated,400.586,460.445,463.02,4693.556,5156.576,23.705,0.077685,156.351,222.543,224.86,4918.416,23.705,156.034,222.187,224.51,4918.066,23.705
chartqa,1792,256,chartqa_val_386,approximated,393.311,453.879,456.485,263.666,720.151,21.972,0.54615,154.636,220.875,223.074,486.74,21.972,156.005,222.191,224.529,488.195,21.972
chartqa,1792,256,chartqa_val_387,approximated,431.365,491.64,494.528,583.918,1078.446,22.458,0.399988,154.191,220.42,222.624,806.542,22.458,158.466,225.047,227.346,811.264,22.458
chartqa,1792,256,chartqa_val_388,approximated,401.175,461.088,463.9,703.885,1167.785,23.463,0.343535,155.249,221.321,223.458,927.343,23.463,155.992,224.183,226.498,930.383,23.463
chartqa,1792,256,chartqa_val_389,approximated,379.187,439.399,443.083,1249.821,1692.904,24.035,0.223986,172.803,238.951,242.009,1491.83,24.035,156.146,222.337,224.595,1474.416,24.035
chartqa,1792,256,chartqa_val_390,approximated,379.409,439.379,441.861,655.792,1097.653,24.289,0.345655,154.68,220.769,223.129,878.921,24.289,156.169,225.336,227.952,883.744,24.289
chartqa,1792,256,chartqa_val_391,approximated,405.073,465.69,468.224,346.888,815.112,24.778,0.496954,156.155,222.361,224.552,571.44,24.778,156.111,222.301,224.58,571.468,24.778
chartqa,1792,256,chartqa_val_392,approximated,427.013,487.912,490.344,47.051,537.395,23.526,0.794598,154.79,221.013,223.301,270.352,23.526,155.965,222.062,224.281,271.332,23.526
chartqa,1792,256,chartqa_val_393,approximated,358.742,418.52,421.157,940.912,1362.069,23.523,0.263381,159.005,225.478,227.78,1168.692,23.523,156.167,222.436,225.027,1165.939,23.523
chartqa,1792,256,chartqa_val_394,approximated,395.838,455.908,458.179,677.556,1135.735,23.364,0.34853,154.913,221.186,223.417,900.973,23.364,156.045,222.321,224.585,902.141,23.364
chartqa,1792,256,chartqa_val_395,approximated,401.788,461.962,464.594,5776.728,6241.322,22.654,0.064375,155.262,222.121,224.317,6001.045,22.654,156.063,222.628,224.945,6001.673,22.654
chartqa,1792,256,chartqa_val_396,approximated,401.309,461.342,463.816,672.419,1136.235,24.015,0.353192,154.954,221.055,223.289,895.708,24.015,156.203,222.804,225.273,897.692,24.015
chartqa,1792,256,chartqa_val_397,approximated,361.892,421.894,424.426,449.796,874.222,24.989,0.413958,155.519,227.541,229.794,679.59,24.989,156.08,222.38,224.786,674.582,24.989
chartqa,1792,256,chartqa_val_398,approximated,372.512,432.682,435.283,499.498,934.781,23.786,0.398502,156.847,222.968,225.182,724.68,23.786,156.005,224.94,227.275,726.773,23.786
chartqa,1792,256,chartqa_val_399,approximated,381.319,441.12,443.691,808.604,1252.295,23.782,0.304496,157.222,223.294,225.558,1034.162,23.782,156.105,222.317,224.59,1033.194,23.782
chartqa,1792,256,chartqa_val_400,approximated,367.602,427.281,430.036,874.516,1304.552,22.423,0.281784,158.194,224.394,227.565,1102.081,22.423,156.835,223.322,227.294,1101.81,22.423
chartqa,1792,256,chartqa_val_401,approximated,361.163,420.887,423.291,2434.063,2857.354,23.632,0.126398,154.866,221.066,223.325,2657.388,23.632,156.079,222.125,224.44,2658.503,23.632
chartqa,1792,256,chartqa_val_402,approximated,372.161,432.125,434.566,268.757,703.323,22.396,0.529146,155.446,221.713,224.158,492.915,22.396,156.139,222.089,224.732,493.489,22.396
chartqa,1792,256,chartqa_val_403,approximated,389.374,449.545,452.308,1028.653,1480.961,22.859,0.26292,155.684,222.022,224.183,1252.836,22.859,156.208,222.588,225.094,1253.747,22.859
chartqa,1792,256,chartqa_val_404,approximated,363.651,423.914,426.735,685.445,1112.18,22.848,0.326972,157.162,223.653,225.846,911.291,22.848,155.986,222.286,224.59,910.035,22.848
chartqa,1792,256,chartqa_val_405,approximated,389.968,449.814,452.08,4566.88,5018.96,23.182,0.077699,155.346,221.982,224.429,4791.309,23.182,155.99,222.099,224.357,4791.237,23.182
chartqa,1792,256,chartqa_val_406,approximated,420.866,481.161,484.119,414.522,898.641,23.029,0.468336,155.907,225.055,227.513,642.035,23.029,156.127,222.435,224.713,639.235,23.029
chartqa,1792,256,chartqa_val_407,approximated,368.311,428.414,431.04,1668.938,2099.978,23.506,0.175388,157.286,223.662,226.185,1895.123,23.506,156.044,222.137,224.347,1893.285,23.506
chartqa,1792,256,chartqa_val_408,approximated,368.924,429.037,431.433,759.286,1190.719,25.31,0.309833,161.023,227.338,230.001,989.287,25.31,155.888,221.909,224.122,983.408,25.31
chartqa,1792,256,chartqa_val_409,approximated,368.473,428.827,431.241,3870.596,4301.837,24.191,0.085655,157.845,232.107,234.445,4105.041,24.191,156.333,222.477,225.902,4096.498,24.191
chartqa,1792,256,chartqa_val_410,approximated,394.795,455.114,457.662,606.416,1064.078,24.257,0.371021,157.937,224.337,226.916,833.332,24.257,156.037,222.347,224.74,831.156,24.257
chartqa,1792,256,chartqa_val_411,approximated,433.219,493.267,495.65,5606.184,6101.834,23.958,0.070998,158.509,224.659,226.767,5832.951,23.958,156.072,222.124,224.37,5830.554,23.958
chartqa,1792,256,chartqa_val_412,approximated,377.274,437.142,440.098,198.453,638.551,28.35,0.590829,156.4,222.878,225.109,423.562,28.35,156.003,222.002,224.24,422.693,28.35
chartqa,1792,256,chartqa_val_413,approximated,418.719,478.711,481.299,3048.735,3530.034,25.196,0.118616,158.109,224.722,227.112,3275.847,25.196,156.025,222.491,224.697,3273.432,25.196
chartqa,1792,256,chartqa_val_414,approximated,358.641,418.429,420.821,500.564,921.385,22.753,0.38924,154.526,220.82,223.199,723.763,22.753,156.21,222.488,225.056,725.62,22.753
chartqa,1792,256,chartqa_val_415,approximated,468.232,528.281,531.747,3424.069,3955.816,24.634,0.118365,156.956,223.289,225.554,3649.623,24.634,156.214,229.658,232.315,3656.384,24.634
chartqa,1792,256,chartqa_val_416,approximated,402.462,462.532,465.005,575.646,1040.651,23.985,0.386741,156.655,222.928,225.527,801.173,23.985,156.03,222.331,225.152,800.798,23.985
chartqa,1792,256,chartqa_val_417,approximated,516.993,577.545,580.07,4066.996,4647.066,23.924,0.111251,160.025,226.254,228.429,4295.425,23.924,156.083,222.973,225.19,4292.186,23.924
chartqa,1792,256,chartqa_val_418,approximated,441.701,501.982,504.635,990.868,1495.503,23.592,0.295353,157.081,227.538,229.881,1220.749,23.592,155.93,222.428,225.036,1215.904,23.592
chartqa,1792,256,chartqa_val_419,approximated,362.623,422.502,425.172,3445.971,3871.143,25.153,0.093673,156.608,222.971,225.346,3671.317,25.153,155.85,222.172,224.612,3670.583,25.153
chartqa,1792,256,chartqa_val_420,approximated,381.325,441.338,444.722,1025.481,1470.203,23.848,0.259369,155.093,234.0,236.631,1262.112,23.848,156.183,223.033,225.343,1250.824,23.848
chartqa,1792,256,chartqa_val_421,approximated,376.628,436.582,439.338,3847.597,4286.935,24.823,0.087855,155.083,221.459,223.612,4071.209,24.823,156.198,222.535,225.243,4072.84,24.823
chartqa,1792,256,chartqa_val_422,approximated,403.291,463.236,465.949,2235.28,2701.229,24.297,0.149299,155.561,222.203,224.639,2459.919,24.297,156.175,222.437,224.774,2460.054,24.297
chartqa,1792,256,chartqa_val_423,approximated,407.445,467.442,470.072,2160.073,2630.145,24.27,0.154914,157.619,223.767,226.077,2386.15,24.27,156.311,223.111,226.068,2386.141,24.27
chartqa,1792,256,chartqa_val_424,approximated,414.541,474.761,478.572,328.145,806.717,23.439,0.513862,154.741,220.844,223.021,551.166,23.439,156.263,222.815,225.364,553.509,23.439
chartqa,1792,256,chartqa_val_425,approximated,411.621,472.022,474.717,4323.231,4797.948,24.564,0.085791,154.195,220.699,222.844,4546.075,24.564,155.905,222.134,224.684,4547.915,24.564
chartqa,1792,256,chartqa_val_426,approximated,363.978,424.768,427.239,745.509,1172.748,24.049,0.310363,154.76,220.968,223.247,968.756,24.049,156.127,222.241,224.853,970.362,24.049
chartqa,1792,256,chartqa_val_427,approximated,402.326,462.85,465.178,740.765,1205.943,22.447,0.33362,172.672,239.098,242.174,982.939,22.447,156.397,222.6,226.098,966.863,22.447
chartqa,1792,256,chartqa_val_428,approximated,398.027,457.977,460.742,648.619,1109.361,23.165,0.358789,155.294,221.894,224.581,873.2,23.165,155.944,224.258,226.573,875.192,23.165
chartqa,1792,256,chartqa_val_429,approximated,461.852,521.982,524.381,957.75,1482.131,23.944,0.311613,155.121,221.491,223.929,1181.679,23.944,156.034,222.258,224.906,1182.656,23.944
chartqa,1792,256,chartqa_val_430,approximated,378.419,438.399,441.164,273.567,714.731,27.357,0.529457,155.283,223.249,225.848,499.415,27.357,156.149,222.794,225.303,498.87,27.357
chartqa,1792,256,chartqa_val_431,approximated,360.907,420.787,423.212,463.662,886.874,24.403,0.406943,156.452,222.699,225.105,688.767,24.403,156.105,222.687,225.056,688.718,24.403
chartqa,1792,256,chartqa_val_432,approximated,396.073,455.882,458.311,302.078,760.389,25.173,0.520883,155.224,221.57,223.922,526.0,25.173,156.169,225.126,227.69,529.768,25.173
chartqa,1792,256,chartqa_val_433,approximated,401.333,461.48,465.046,1149.724,1614.77,22.994,0.248539,157.431,227.322,229.989,1379.713,22.994,156.3,222.9,225.362,1375.086,22.994
chartqa,1792,256,chartqa_val_434,approximated,403.746,463.716,466.086,500.635,966.721,22.756,0.417645,157.848,224.313,226.836,727.471,22.756,156.035,222.325,224.71,725.345,22.756
chartqa,1792,256,chartqa_val_435,approximated,380.44,441.167,443.686,365.965,809.651,21.527,0.469882,155.739,222.486,224.797,590.762,21.527,155.984,222.334,224.905,590.87,21.527
chartqa,1792,256,chartqa_val_436,approximated,379.375,439.205,441.886,199.13,641.016,28.447,0.591833,154.797,221.124,223.641,422.771,28.447,156.08,222.132,224.558,423.688,28.447
chartqa,1792,256,chartqa_val_437,approximated,402.865,462.627,465.136,22.187,487.323,22.188,0.82669,155.189,221.548,224.224,246.411,22.188,155.958,222.239,224.714,246.901,22.188
chartqa,1792,256,chartqa_val_438,approximated,405.523,466.115,468.925,469.094,938.019,24.689,0.432318,155.707,222.689,225.474,694.568,24.689,156.595,222.834,225.057,694.151,24.689
chartqa,1792,256,chartqa_val_439,approximated,408.209,468.523,471.115,403.222,874.337,23.719,0.466878,161.084,227.862,230.479,633.701,23.719,156.017,222.062,224.3,627.522,23.719
chartqa,1792,256,chartqa_val_440,approximated,414.3,474.366,476.852,329.406,806.258,23.529,0.513855,155.781,225.166,227.746,557.152,23.529,155.819,222.128,224.374,553.78,23.529
chartqa,1792,256,chartqa_val_441,approximated,415.63,475.594,478.785,1444.321,1923.106,22.926,0.216124,155.034,221.457,223.87,1668.191,22.926,156.205,222.653,225.292,1669.613,22.926
chartqa,1792,256,chartqa_val_442,approximated,403.143,463.203,466.14,355.464,821.604,25.39,0.490678,156.294,222.737,225.631,581.095,25.39,156.182,223.298,226.044,581.508,25.39
chartqa,1792,256,chartqa_val_443,approximated,403.094,463.35,465.903,723.701,1189.604,24.955,0.338847,154.958,221.682,224.294,947.995,24.955,155.961,222.192,224.588,948.289,24.955
chartqa,1792,256,chartqa_val_444,approximated,372.1,432.166,434.702,1401.589,1836.291,26.445,0.202637,156.64,222.839,225.278,1626.867,26.445,156.288,222.478,224.909,1626.498,26.445
chartqa,1792,256,chartqa_val_445,approximated,377.956,437.85,440.527,1524.88,1965.407,23.826,0.192304,173.549,239.892,244.037,1768.917,23.826,156.651,223.192,225.941,1750.821,23.826
chartqa,1792,256,chartqa_val_446,approximated,389.01,449.044,453.33,570.098,1023.428,23.754,0.380105,158.098,225.299,228.449,798.547,23.754,156.074,222.654,225.07,795.168,23.754
chartqa,1792,256,chartqa_val_447,approximated,359.059,418.887,421.755,5882.897,6304.652,23.07,0.056951,154.694,221.362,223.794,6106.691,23.07,155.998,222.242,224.842,6107.739,23.07
chartqa,1792,256,chartqa_val_448,approximated,396.034,456.033,458.894,128.155,587.049,21.359,0.674618,155.794,222.45,224.972,353.127,21.359,156.034,222.159,224.463,352.618,21.359
chartqa,1792,256,chartqa_val_449,approximated,401.927,462.197,465.751,458.305,924.056,25.461,0.434959,156.979,224.617,226.912,685.217,25.461,156.205,222.614,225.277,683.582,25.461
chartqa,1792,256,chartqa_val_450,approximated,400.755,460.645,463.147,868.337,1331.484,24.81,0.300984,155.508,222.1,224.388,1092.725,24.81,155.806,221.92,224.525,1092.862,24.81
chartqa,1792,256,chartqa_val_451,approximated,365.855,425.623,428.068,459.864,887.932,24.203,0.41203,162.549,228.946,231.296,691.16,24.203,155.984,222.207,224.767,684.631,24.203
chartqa,1792,256,chartqa_val_452,approximated,370.081,430.411,432.868,170.102,602.97,28.35,0.613764,154.957,225.124,227.479,397.581,28.35,156.226,222.397,224.778,394.88,28.35
chartqa,1792,256,chartqa_val_453,approximated,372.032,431.925,434.298,6189.343,6623.641,24.272,0.056167,155.689,222.123,224.356,6413.699,24.272,156.06,222.13,224.565,6413.908,24.272
chartqa,1792,256,chartqa_val_454,approximated,509.321,569.244,571.626,1234.849,1806.475,25.201,0.281942,154.66,231.406,234.155,1469.004,25.201,156.066,222.19,224.718,1459.567,25.201
chartqa,1792,256,chartqa_val_455,approximated,411.66,471.638,475.052,563.422,1038.474,25.61,0.396409,156.552,223.455,225.72,789.142,25.61,156.076,222.282,224.694,788.116,25.61
chartqa,1792,256,chartqa_val_456,approximated,377.276,436.961,439.535,221.627,661.162,27.703,0.570625,154.666,225.753,228.087,449.714,27.703,156.044,222.233,224.522,446.149,27.703
chartqa,1792,256,chartqa_val_457,approximated,359.383,419.355,421.981,2716.198,3138.179,22.264,0.11452,156.154,222.633,225.212,2941.41,22.264,158.505,224.692,227.846,2944.044,22.264
chartqa,1792,256,chartqa_val_458,approximated,389.294,448.872,451.261,187.975,639.236,26.854,0.608998,156.686,222.977,225.161,413.136,26.854,156.025,222.091,224.571,412.546,26.854
chartqa,1792,256,chartqa_val_459,approximated,360.557,420.205,422.596,4813.377,5235.973,24.31,0.068861,154.932,221.334,223.922,5037.299,24.31,155.978,222.129,224.343,5037.72,24.31
chartqa,1792,256,chartqa_val_460,approximated,377.498,437.713,440.108,270.862,710.97,27.086,0.530963,155.608,224.631,227.181,498.043,27.086,156.171,222.468,224.857,495.719,27.086
chartqa,1792,256,chartqa_val_461,approximated,403.032,463.307,466.795,3613.463,4080.258,24.92,0.098776,155.06,221.428,223.86,3837.323,24.92,155.799,221.691,223.94,3837.403,24.92
chartqa,1792,256,chartqa_val_462,approximated,387.837,448.387,450.949,171.526,622.475,24.504,0.623057,154.906,221.259,223.635,395.161,24.504,155.925,221.973,224.422,395.948,24.504
chartqa,1792,256,chartqa_val_463,approximated,369.961,430.004,432.497,5384.954,5817.451,24.257,0.063595,154.801,224.542,226.988,5611.942,24.257,156.086,222.306,224.788,5609.742,24.257
chartqa,1792,256,chartqa_val_464,approximated,409.01,469.497,472.853,414.319,887.172,21.806,0.461026,155.065,223.825,226.203,640.522,21.806,155.962,222.248,224.627,638.946,21.806
chartqa,1792,256,chartqa_val_465,approximated,428.484,489.216,491.911,1455.112,1947.023,24.663,0.220071,154.616,221.069,223.271,1678.383,24.663,155.952,225.863,228.175,1683.287,24.663
chartqa,1792,256,chartqa_val_466,approximated,435.056,494.903,497.359,2766.83,3264.189,23.648,0.133282,155.244,221.799,224.072,2990.902,23.648,155.962,222.322,224.757,2991.587,23.648
chartqa,1792,256,chartqa_val_467,approximated,400.707,460.663,463.025,4635.397,5098.422,24.143,0.078594,156.497,227.346,229.588,4864.985,24.143,155.994,222.813,225.209,4860.606,24.143
chartqa,1792,256,chartqa_val_468,approximated,378.03,437.928,440.418,501.809,942.227,25.09,0.401209,154.868,220.961,223.177,724.986,25.09,155.899,221.983,224.313,726.122,25.09
chartqa,1792,256,chartqa_val_469,approximated,363.384,423.316,425.774,3027.501,3453.275,22.936,0.105229,154.807,221.848,224.087,3251.588,22.936,155.95,222.222,224.522,3252.023,22.936
chartqa,1792,256,chartqa_val_470,approximated,388.765,449.092,451.509,1428.342,1879.851,21.642,0.206806,155.246,221.495,223.706,1652.048,21.642,156.019,222.301,224.667,1653.009,21.642
chartqa,1792,256,chartqa_val_471,approximated,396.885,456.667,459.944,2329.441,2789.385,21.77,0.142284,155.507,221.882,224.031,2553.472,21.77,156.051,222.259,224.682,2554.123,21.77
chartqa,1792,256,chartqa_val_472,approximated,400.564,462.04,464.69,621.068,1085.758,22.181,0.368926,155.162,221.199,223.443,844.511,22.181,155.955,222.034,224.4,845.468,22.181
chartqa,1792,256,chartqa_val_473,approximated,400.617,461.181,463.676,1111.486,1575.162,23.649,0.254334,155.023,221.281,223.577,1335.063,23.649,155.873,221.997,224.38,1335.866,23.649
chartqa,1792,256,chartqa_val_474,approximated,353.014,412.871,415.379,442.817,858.196,23.306,0.411344,154.813,221.221,223.518,666.335,23.306,155.789,222.727,225.33,668.147,23.306
chartqa,1792,256,chartqa_val_475,approximated,364.437,424.408,426.943,3454.238,3881.181,23.339,0.093898,156.451,222.978,225.226,3679.464,23.339,155.907,222.229,224.471,3678.709,23.339
chartqa,1792,256,chartqa_val_476,approximated,372.199,432.945,436.185,543.946,980.131,21.758,0.379744,154.352,220.793,223.052,766.998,21.758,155.982,222.287,224.595,768.541,21.758
chartqa,1792,256,chartqa_val_477,approximated,368.131,428.341,430.873,1787.282,2218.155,23.211,0.165963,155.584,221.697,223.903,2011.185,23.211,155.907,221.942,224.233,2011.515,23.211
chartqa,1792,256,chartqa_val_478,approximated,388.745,448.663,451.113,246.275,697.388,22.389,0.55743,154.289,220.326,222.752,469.027,22.389,155.98,221.987,224.301,470.576,22.389
chartqa,1792,256,chartqa_val_479,approximated,392.648,452.525,454.99,870.83,1325.82,22.329,0.296155,155.374,222.299,225.121,1095.951,22.329,156.092,222.22,224.486,1095.316,22.329
chartqa,1792,256,chartqa_val_480,approximated,354.787,414.472,416.855,750.622,1167.477,24.214,0.303892,155.798,223.048,225.641,976.263,24.214,156.092,222.083,224.453,975.075,24.214
chartqa,1792,256,chartqa_val_481,approximated,360.481,420.367,422.746,550.343,973.089,25.016,0.37045,156.214,222.68,225.279,775.622,25.016,156.032,222.137,224.443,774.786,25.016
chartqa,1792,256,chartqa_val_482,approximated,363.423,423.595,425.811,699.79,1125.601,24.131,0.32287,155.248,221.541,223.918,923.708,24.131,156.258,225.017,227.337,927.127,24.131
chartqa,1792,256,chartqa_val_483,approximated,360.496,420.446,422.757,6065.21,6487.967,23.785,0.055564,155.447,221.822,224.167,6289.377,23.785,156.032,222.125,224.425,6289.635,23.785
chartqa,1792,256,chartqa_val_484,approximated,383.285,443.162,446.696,781.104,1227.8,22.317,0.312172,155.206,221.664,224.004,1005.108,22.317,156.051,225.598,228.07,1009.174,22.317
chartqa,1792,256,chartqa_val_485,approximated,362.921,423.224,425.478,240.52,665.998,21.865,0.544927,162.646,230.309,233.777,474.297,21.865,156.074,222.135,224.652,465.172,21.865
chartqa,1792,256,chartqa_val_486,approximated,361.105,421.273,423.598,576.274,999.872,23.051,0.361151,158.262,225.177,227.846,804.12,23.051,156.273,222.693,225.134,801.408,23.051
chartqa,1792,256,chartqa_val_487,approximated,360.298,420.285,422.516,1147.152,1569.668,23.899,0.229538,158.355,228.558,231.085,1378.237,23.899,156.025,222.284,224.537,1371.689,23.899
chartqa,1792,256,chartqa_val_488,approximated,408.203,468.601,470.884,481.007,951.891,21.864,0.428833,156.32,223.281,226.002,707.009,21.864,155.923,222.036,224.256,705.263,21.864
chartqa,1792,256,chartqa_val_489,approximated,368.709,428.821,431.495,1820.901,2252.396,26.013,0.163696,156.244,222.566,225.04,2045.941,26.013,156.169,222.285,224.918,2045.819,26.013
chartqa,1792,256,chartqa_val_490,approximated,361.688,421.387,423.717,289.421,713.138,22.263,0.507178,154.636,220.957,223.257,512.678,22.263,156.234,222.399,224.875,514.296,22.263
chartqa,1792,256,chartqa_val_491,approximated,514.524,574.188,576.452,4653.147,5229.599,23.62,0.098387,154.92,223.972,226.251,4879.398,23.62,155.923,221.898,224.191,4877.338,23.62
chartqa,1792,256,chartqa_val_492,approximated,431.448,491.423,494.011,2891.762,3385.773,23.134,0.12743,158.233,224.462,226.966,3118.728,23.134,155.976,222.212,224.442,3116.204,23.134
chartqa,1792,256,chartqa_val_493,approximated,416.05,476.661,480.299,1830.278,2310.577,24.083,0.180063,157.344,223.698,226.279,2056.557,24.083,156.051,222.138,224.333,2054.611,24.083
chartqa,1792,256,chartqa_val_494,approximated,374.499,434.772,437.529,751.192,1188.721,25.903,0.315044,157.183,223.656,226.066,977.258,25.903,155.871,222.123,224.291,975.483,25.903
chartqa,1792,256,chartqa_val_495,approximated,364.763,855.86,858.314,860.222,1718.536,24.578,0.212252,158.542,227.339,230.203,1090.425,24.578,155.944,223.858,226.137,1086.359,24.578
chartqa,1792,256,chartqa_val_496,approximated,375.09,436.04,438.764,636.614,1075.378,24.485,0.348798,155.08,221.391,223.855,860.469,24.485,156.03,222.282,225.306,861.92,24.485
chartqa,1792,256,chartqa_val_497,approximated,397.263,457.191,460.065,2152.799,2612.864,22.902,0.152041,155.872,222.204,224.409,2377.208,22.902,155.778,222.02,224.296,2377.095,22.902
chartqa,1792,256,chartqa_val_498,approximated,361.571,421.328,423.744,1247.531,1671.275,24.461,0.216345,157.743,224.629,227.586,1475.117,24.461,156.025,222.061,224.403,1471.934,24.461
chartqa,1792,256,chartqa_val_499,approximated,371.329,431.003,433.636,5725.671,6159.307,23.857,0.060288,156.219,222.82,225.495,5951.166,23.857,156.03,222.193,224.516,5950.187,23.857
chartqa,1792,32,chartqa_val_0,approximated,362.784,422.762,425.418,347.265,772.683,21.704,0.469513,155.577,223.328,225.773,573.038,21.704,156.262,222.847,225.423,572.688,21.704
chartqa,1792,32,chartqa_val_1,approximated,351.904,411.846,414.591,651.492,1066.083,21.016,0.330091,156.021,222.845,225.376,876.868,21.016,156.057,222.342,224.646,876.138,21.016
chartqa,1792,32,chartqa_val_2,approximated,365.505,814.663,817.626,3594.897,4412.523,115.964,0.082834,154.863,222.737,225.191,3820.088,115.964,155.889,223.645,225.937,3820.834,115.964
chartqa,1792,32,chartqa_val_3,approximated,393.337,854.822,857.185,708.317,1565.502,22.849,0.251253,155.737,223.7,226.185,934.502,22.849,156.026,223.743,226.416,934.733,22.849
chartqa,1792,32,chartqa_val_4,approximated,391.343,801.946,804.33,6015.887,6820.217,200.53,0.05738,155.115,223.071,225.881,6241.768,200.53,156.642,224.369,226.797,6242.684,200.53
chartqa,1792,32,chartqa_val_5,approximated,546.408,973.273,976.55,403.345,1379.895,25.209,0.395978,163.85,231.848,234.185,637.53,25.209,156.08,224.322,226.753,630.098,25.209
chartqa,1792,32,chartqa_val_6,approximated,397.173,826.639,829.245,490.505,1319.75,24.525,0.300946,154.654,222.682,345.848,836.353,24.525,156.14,226.438,229.206,719.711,24.525
chartqa,1792,32,chartqa_val_7,approximated,363.694,423.979,426.402,632.706,1059.108,23.434,0.343397,159.558,226.21,228.921,861.627,23.434,156.117,222.595,224.815,857.521,23.434
chartqa,1792,32,chartqa_val_8,approximated,358.97,786.867,789.356,768.24,1557.596,24.782,0.230464,154.934,227.709,230.395,998.635,24.782,156.053,228.563,230.835,999.075,24.782
chartqa,1792,32,chartqa_val_9,approximated,365.384,425.32,427.969,725.844,1153.813,23.414,0.316675,159.36,225.508,227.772,953.616,23.414,155.953,222.051,224.258,950.102,23.414
chartqa,1792,32,chartqa_val_10,approximated,398.366,877.639,880.203,738.852,1619.055,23.834,0.246048,155.538,223.384,225.725,964.577,23.834,156.123,224.043,226.354,965.206,23.834
chartqa,1792,32,chartqa_val_11,approximated,365.922,822.25,825.018,2682.982,3508.0,86.548,0.104311,157.316,224.984,227.206,2910.188,86.548,156.624,231.824,234.33,2917.312,86.548
chartqa,1792,32,chartqa_val_12,approximated,361.833,422.426,425.131,516.865,941.996,22.472,0.384113,156.866,223.293,225.696,742.561,22.472,156.042,223.786,226.038,742.903,22.472
chartqa,1792,32,chartqa_val_13,approximated,352.623,412.852,415.274,665.053,1080.327,21.453,0.326404,160.254,226.708,230.522,895.575,21.453,155.865,221.78,223.978,889.031,21.453
chartqa,1792,32,chartqa_val_14,approximated,356.102,415.879,418.322,689.135,1107.457,22.23,0.321549,169.244,236.013,239.212,928.347,22.23,156.146,222.394,224.78,913.915,22.23
chartqa,1792,32,chartqa_val_15,approximated,360.651,420.881,423.151,704.883,1128.034,22.738,0.319716,156.947,223.289,225.596,930.479,22.738,156.181,222.616,224.989,929.872,22.738
chartqa,1792,32,chartqa_val_16,approximated,390.867,451.313,453.765,695.79,1149.555,22.445,0.340016,157.789,224.185,226.376,922.166,22.445,156.307,223.099,225.968,921.758,22.445
chartqa,1792,32,chartqa_val_17,approximated,393.325,826.27,829.377,734.428,1563.805,23.691,0.251518,156.483,227.382,229.642,964.07,23.691,156.082,226.381,228.803,963.231,23.691
chartqa,1792,32,chartqa_val_18,approximated,390.639,847.477,849.855,286.249,1136.104,22.019,0.343841,159.347,227.692,230.053,516.302,22.019,155.991,225.401,227.621,513.87,22.019
chartqa,1792,32,chartqa_val_19,approximated,389.692,450.709,453.069,712.502,1165.571,22.984,0.334336,154.345,220.526,222.837,935.339,22.984,156.075,222.196,224.41,936.912,22.984
chartqa,1792,32,chartqa_val_20,approximated,413.85,473.697,476.077,353.328,829.405,20.784,0.498973,155.722,222.364,225.795,579.123,20.784,156.582,222.614,225.0,578.328,20.784
chartqa,1792,32,chartqa_val_21,approximated,366.091,901.644,904.656,740.22,1644.876,23.878,0.222564,155.212,223.103,225.55,965.77,23.878,155.938,223.794,225.917,966.137,23.878
chartqa,1792,32,chartqa_val_22,approximated,366.235,426.531,430.058,754.455,1184.513,24.337,0.309186,162.041,228.195,230.437,984.892,24.337,156.069,222.339,224.714,979.169,24.337
chartqa,1792,32,chartqa_val_23,approximated,364.316,424.214,426.643,762.568,1189.211,24.599,0.306351,155.94,222.328,224.516,987.084,24.599,156.012,222.168,224.481,987.049,24.599
chartqa,1792,32,chartqa_val_24,approximated,373.163,432.979,435.523,661.776,1097.299,26.471,0.340074,155.296,221.814,224.643,886.419,26.471,156.088,222.269,224.653,886.429,26.471
chartqa,1792,32,chartqa_val_25,approximated,399.448,459.758,462.253,733.217,1195.47,23.652,0.334134,158.775,225.485,227.667,960.884,23.652,156.192,222.542,224.833,958.05,23.652
chartqa,1792,32,chartqa_val_26,approximated,401.972,461.787,464.244,782.844,1247.088,25.253,0.322328,157.455,224.002,226.432,1009.276,25.253,156.239,234.731,237.474,1020.318,25.253
chartqa,1792,32,chartqa_val_27,approximated,356.948,417.183,419.646,717.519,1137.165,23.146,0.313893,157.233,229.612,231.94,949.459,23.146,155.906,221.855,224.206,941.725,23.146
chartqa,1792,32,chartqa_val_28,approximated,401.559,871.96,874.344,677.102,1551.446,25.078,0.258829,155.299,223.164,225.459,902.561,25.078,156.038,223.875,226.445,903.547,25.078
chartqa,1792,32,chartqa_val_29,approximated,411.288,471.445,474.632,760.359,1234.991,24.528,0.333029,154.646,220.948,223.204,983.563,24.528,156.151,222.604,224.908,985.267,24.528
chartqa,1792,32,chartqa_val_30,approximated,388.542,448.726,452.153,728.594,1180.747,23.503,0.329065,156.281,222.981,225.5,954.094,23.503,156.138,222.396,225.022,953.616,23.503
chartqa,1792,32,chartqa_val_31,approximated,391.315,452.014,454.552,682.401,1136.953,22.013,0.344178,157.539,224.238,226.754,909.155,22.013,156.036,222.243,224.782,907.183,22.013
chartqa,1792,32,chartqa_val_32,approximated,392.664,874.237,876.632,1132.24,2008.872,39.043,0.195465,155.081,223.424,225.753,1357.993,39.043,156.065,223.906,226.304,1358.544,39.043
chartqa,1792,32,chartqa_val_33,approximated,371.135,431.143,434.758,752.216,1186.974,24.265,0.312673,157.263,223.58,226.049,978.265,24.265,156.173,222.735,224.993,977.209,24.265
chartqa,1792,32,chartqa_val_34,approximated,365.339,425.782,428.372,375.332,803.704,23.458,0.454569,154.995,221.318,223.635,598.967,23.458,156.045,222.205,224.524,599.856,23.458
chartqa,1792,32,chartqa_val_35,approximated,428.877,488.748,491.564,643.187,1134.751,20.748,0.377948,154.723,221.07,223.409,866.596,20.748,157.107,226.988,229.316,872.503,20.748
chartqa,1792,32,chartqa_val_36,approximated,419.87,480.035,483.273,771.797,1255.07,24.897,0.334539,156.912,223.341,225.703,997.5,24.897,155.951,222.758,225.117,996.914,24.897
chartqa,1792,32,chartqa_val_37,approximated,365.142,425.405,427.885,701.866,1129.751,22.641,0.323206,155.796,222.229,224.672,926.538,22.641,156.349,222.965,225.521,927.387,22.641
chartqa,1792,32,chartqa_val_38,approximated,419.283,479.601,484.628,660.56,1145.188,21.308,0.366126,155.661,222.098,224.726,885.286,21.308,156.06,222.413,225.11,885.67,21.308
chartqa,1792,32,chartqa_val_39,approximated,418.643,478.88,481.261,725.084,1206.345,23.39,0.347035,158.806,225.312,227.78,952.864,23.39,156.006,222.015,224.311,949.395,23.39
chartqa,1792,32,chartqa_val_40,approximated,366.331,426.473,429.139,761.277,1190.416,24.557,0.307734,154.576,220.771,223.067,984.344,24.557,155.946,222.172,224.429,985.706,24.557
chartqa,1792,32,chartqa_val_41,approximated,391.987,451.821,454.275,581.56,1035.835,23.262,0.378426,154.793,220.973,223.191,804.751,23.262,156.014,222.2,224.56,806.12,23.262
chartqa,1792,32,chartqa_val_42,approximated,389.171,449.275,451.696,204.273,655.969,25.534,0.593277,154.731,220.823,222.976,427.249,25.534,156.335,222.538,225.081,429.354,25.534
chartqa,1792,32,chartqa_val_43,approximated,466.742,526.87,529.174,680.34,1209.514,21.946,0.385892,156.562,222.606,224.783,905.123,21.946,156.132,222.611,225.04,905.38,21.946
chartqa,1792,32,chartqa_val_44,approximated,420.633,480.941,483.726,285.822,769.548,21.986,0.546597,156.16,222.761,225.656,511.478,21.986,156.349,231.466,234.381,520.203,21.986
chartqa,1792,32,chartqa_val_45,approximated,431.748,491.557,494.061,695.552,1189.613,22.437,0.362931,154.62,220.842,223.223,918.775,22.437,156.117,222.456,224.857,920.409,22.437
chartqa,1792,32,chartqa_val_46,approximated,371.13,430.962,433.808,780.922,1214.73,25.191,0.305525,157.013,223.416,225.698,1006.62,25.191,155.992,222.264,224.607,1005.529,25.191
chartqa,1792,32,chartqa_val_47,approximated,381.701,442.713,445.243,739.138,1184.381,23.843,0.322279,155.131,221.385,223.82,962.958,23.843,156.638,224.829,228.37,967.508,23.843
chartqa,1792,32,chartqa_val_48,approximated,398.434,458.391,461.817,756.887,1218.704,24.416,0.326932,158.305,224.618,227.149,984.036,24.416,156.097,222.671,225.131,982.018,24.416
chartqa,1792,32,chartqa_val_49,approximated,395.184,455.254,457.627,745.65,1203.277,24.053,0.328423,155.799,222.548,225.336,970.986,24.053,156.209,226.213,229.102,974.752,24.053
chartqa,1792,32,chartqa_val_50,approximated,365.132,424.744,427.112,730.207,1157.319,23.555,0.315498,158.482,224.851,228.94,959.147,23.555,155.959,227.907,230.196,960.403,23.555
chartqa,1792,32,chartqa_val_51,approximated,355.037,414.962,417.363,660.766,1078.129,21.315,0.329309,162.44,228.822,231.095,891.861,21.315,155.839,222.177,224.39,885.156,21.315
chartqa,1792,32,chartqa_val_52,approximated,366.317,426.622,429.48,181.199,610.679,22.65,0.599852,155.032,221.232,223.684,404.883,22.65,155.903,222.011,224.389,405.588,22.65
chartqa,1792,32,chartqa_val_53,approximated,357.072,417.146,419.578,728.373,1147.951,23.496,0.311052,157.643,225.076,227.303,955.676,23.496,155.97,222.24,224.5,952.873,23.496
chartqa,1792,32,chartqa_val_54,approximated,403.897,464.225,466.957,733.09,1200.047,23.648,0.336567,154.885,221.039,223.421,956.511,23.648,156.036,222.473,224.841,957.931,23.648
chartqa,1792,32,chartqa_val_55,approximated,419.033,478.899,481.311,711.869,1193.18,22.964,0.35119,159.485,225.805,228.094,939.963,22.964,155.912,221.895,224.101,935.97,22.964
chartqa,1792,32,chartqa_val_56,approximated,399.064,459.416,461.699,713.562,1175.261,23.018,0.339553,156.26,222.742,225.048,938.61,23.018,156.143,222.638,225.517,939.079,23.018
chartqa,1792,32,chartqa_val_57,approximated,399.67,459.836,462.194,437.675,899.869,21.884,0.444143,155.217,221.53,223.888,661.563,21.884,156.18,222.397,224.73,662.405,21.884
chartqa,1792,32,chartqa_val_58,approximated,385.23,445.789,448.167,614.232,1062.399,21.937,0.362604,154.918,220.962,223.233,837.465,21.937,156.035,222.322,224.86,839.092,21.937
chartqa,1792,32,chartqa_val_59,approximated,368.568,428.591,431.107,730.874,1161.981,23.577,0.31719,156.483,222.859,225.239,956.113,23.577,156.037,222.379,224.914,955.788,23.577
chartqa,1792,32,chartqa_val_60,approximated,380.332,440.496,443.087,656.167,1099.254,23.435,0.345991,154.83,221.341,223.831,879.998,23.435,156.366,222.844,225.804,881.971,23.435
chartqa,1792,32,chartqa_val_61,approximated,399.839,459.743,462.095,738.552,1200.647,23.824,0.33302,159.019,225.898,228.335,966.887,23.824,156.079,222.292,224.666,963.218,23.824
chartqa,1792,32,chartqa_val_62,approximated,401.828,461.784,465.422,490.857,956.279,22.312,0.4202,154.672,220.925,223.437,714.294,22.312,156.147,222.551,224.91,715.767,22.312
chartqa,1792,32,chartqa_val_63,approximated,396.926,456.67,460.109,719.702,1179.811,23.216,0.336431,154.889,221.283,223.636,943.338,23.216,155.971,221.94,224.219,943.921,23.216
chartqa,1792,32,chartqa_val_64,approximated,409.716,469.675,472.954,342.973,815.927,22.865,0.502147,158.482,224.848,227.506,570.479,22.865,155.894,222.186,224.451,567.424,22.865
chartqa,1792,32,chartqa_val_65,approximated,399.281,459.656,462.387,811.067,1273.454,26.163,0.313542,154.907,221.453,223.76,1034.827,26.163,155.97,222.351,224.623,1035.69,26.163
chartqa,1792,32,chartqa_val_66,approximated,361.212,420.895,423.136,722.633,1145.769,24.918,0.315258,154.917,221.045,223.392,946.025,24.918,156.69,223.29,227.224,949.857,24.918
chartqa,1792,32,chartqa_val_67,approximated,399.259,459.636,461.95,726.29,1188.24,23.429,0.336009,155.419,231.157,233.666,959.956,23.429,156.041,222.383,225.047,951.337,23.429
chartqa,1792,32,chartqa_val_68,approximated,412.045,473.14,475.487,210.544,686.031,23.394,0.600622,158.412,224.671,227.609,438.153,23.394,156.054,222.522,225.023,435.567,23.394
chartqa,1792,32,chartqa_val_69,approximated,366.393,426.361,428.835,770.164,1198.999,24.844,0.305583,157.062,223.483,225.701,995.865,24.844,156.141,222.655,225.053,995.217,24.844
chartqa,1792,32,chartqa_val_70,approximated,364.133,424.263,426.653,736.915,1163.568,23.771,0.312945,154.967,221.369,223.822,960.737,23.771,156.037,225.39,227.852,964.767,23.771
chartqa,1792,32,chartqa_val_71,approximated,394.173,875.232,877.561,754.698,1632.259,24.345,0.241489,155.571,223.443,226.031,980.729,24.345,156.66,230.874,233.757,988.455,24.345
chartqa,1792,32,chartqa_val_72,approximated,380.75,440.374,442.825,324.233,767.058,20.265,0.496377,155.448,221.934,224.381,548.614,20.265,156.21,222.894,225.426,549.659,20.265
chartqa,1792,32,chartqa_val_73,approximated,476.624,536.995,539.254,730.215,1269.469,23.555,0.375451,154.636,221.231,223.843,954.058,23.555,156.115,222.995,225.48,955.695,23.555
chartqa,1792,32,chartqa_val_74,approximated,392.117,451.716,454.081,417.067,871.148,24.533,0.450115,155.445,221.673,224.196,641.263,24.533,156.005,222.308,224.801,641.868,24.533
chartqa,1792,32,chartqa_val_75,approximated,382.077,441.841,444.226,788.014,1232.24,25.42,0.310067,155.305,225.337,227.675,1015.689,25.42,155.924,222.023,224.317,1012.331,25.42
chartqa,1792,32,chartqa_val_76,approximated,389.033,448.875,451.289,308.281,759.57,23.714,0.512176,156.111,222.845,226.489,534.77,23.714,156.208,222.544,225.216,533.497,23.714
chartqa,1792,32,chartqa_val_77,approximated,354.422,414.134,416.576,693.295,1109.871,22.364,0.319336,154.739,220.954,223.357,916.652,22.364,156.145,224.184,226.648,919.943,22.364
chartqa,1792,32,chartqa_val_78,approximated,377.576,438.341,441.188,636.027,1077.215,25.441,0.350511,156.161,222.704,225.133,861.16,25.441,157.429,223.596,227.066,863.093,25.441
chartqa,1792,32,chartqa_val_79,approximated,379.1,439.497,441.96,606.249,1048.209,24.25,0.361665,155.721,222.045,225.045,831.294,24.25,156.301,222.469,225.329,831.578,24.25
chartqa,1792,32,chartqa_val_80,approximated,510.337,570.481,572.961,512.183,1085.144,25.609,0.470295,160.89,227.794,230.113,742.296,25.609,156.38,222.581,224.882,737.065,25.609
chartqa,1792,32,chartqa_val_81,approximated,353.524,413.408,415.953,780.416,1196.369,25.175,0.295497,155.106,221.629,224.017,1004.433,25.175,156.149,222.566,225.215,1005.631,25.175
chartqa,1792,32,chartqa_val_82,approximated,404.799,464.915,467.489,283.995,751.484,21.846,0.538666,155.973,222.394,224.782,508.777,21.846,156.008,222.221,224.512,508.507,21.846
chartqa,1792,32,chartqa_val_83,approximated,432.776,492.756,495.43,696.528,1191.958,22.469,0.36308,175.438,241.921,246.82,943.348,22.469,156.088,222.33,225.084,921.612,22.469
chartqa,1792,32,chartqa_val_84,approximated,370.15,430.024,432.563,526.622,959.185,22.897,0.3859,156.783,223.404,225.825,752.447,22.897,156.09,222.349,224.783,751.405,22.897
chartqa,1792,32,chartqa_val_85,approximated,382.043,442.208,445.449,731.475,1176.924,23.596,0.324611,154.521,220.92,223.311,954.786,23.596,155.943,227.032,229.294,960.769,23.596
chartqa,1792,32,chartqa_val_86,approximated,395.961,455.874,458.596,611.43,1070.026,27.792,0.370048,156.444,222.785,225.407,836.837,27.792,156.034,222.302,224.787,836.217,27.792
chartqa,1792,32,chartqa_val_87,approximated,376.966,436.764,439.562,781.104,1220.666,25.197,0.30882,158.75,225.025,227.338,1008.442,25.197,155.909,221.926,224.239,1005.343,25.197
chartqa,1792,32,chartqa_val_88,approximated,387.726,447.753,450.368,735.73,1186.098,23.733,0.326892,159.387,225.817,228.139,963.869,23.733,156.152,222.213,224.507,960.237,23.733
chartqa,1792,32,chartqa_val_89,approximated,365.181,425.504,427.855,749.768,1177.623,24.186,0.3101,156.345,222.899,225.19,974.958,24.186,156.187,225.1,227.306,977.074,24.186
chartqa,1792,32,chartqa_val_90,approximated,405.457,465.301,467.685,821.305,1288.99,26.494,0.314554,155.066,221.262,223.704,1045.009,26.494,156.036,221.922,224.191,1045.496,26.494
chartqa,1792,32,chartqa_val_91,approximated,414.777,474.95,477.537,768.027,1245.564,24.775,0.333004,155.236,221.657,224.017,992.044,24.775,155.978,221.955,224.256,992.283,24.775
chartqa,1792,32,chartqa_val_92,approximated,408.539,469.316,472.07,373.283,845.353,28.714,0.483276,155.983,222.36,224.798,598.081,28.714,155.926,223.584,225.937,599.22,28.714
chartqa,1792,32,chartqa_val_93,approximated,398.172,458.106,460.542,718.516,1179.058,23.178,0.337703,154.993,221.515,224.216,942.732,23.178,156.057,222.152,224.672,943.188,23.178
chartqa,1792,32,chartqa_val_94,approximated,420.911,481.58,484.913,706.933,1191.846,22.804,0.353159,156.464,222.721,225.148,932.081,22.804,156.391,222.683,225.915,932.848,22.804
chartqa,1792,32,chartqa_val_95,approximated,404.891,464.724,468.094,731.091,1199.185,23.584,0.337638,157.279,223.653,225.984,957.075,23.584,155.862,221.892,224.164,955.255,23.584
chartqa,1792,32,chartqa_val_96,approximated,367.762,428.061,430.304,694.965,1125.269,22.418,0.326821,159.182,225.956,228.431,923.396,22.418,156.261,222.606,225.99,920.955,22.418
chartqa,1792,32,chartqa_val_97,approximated,432.575,497.068,503.652,753.949,1257.601,24.321,0.343968,155.072,221.196,223.417,977.366,24.321,156.006,222.208,224.585,978.534,24.321
chartqa,1792,32,chartqa_val_98,approximated,353.718,413.512,415.798,779.44,1195.238,25.143,0.29594,155.916,222.07,224.292,1003.732,25.143,156.051,222.063,224.413,1003.853,25.143
chartqa,1792,32,chartqa_val_99,approximated,401.774,461.824,464.12,768.073,1232.193,24.777,0.326065,156.611,222.985,225.219,993.292,24.777,156.123,222.345,224.772,992.845,24.777
chartqa,1792,32,chartqa_val_100,approximated,393.865,453.905,456.17,729.423,1185.593,23.53,0.332209,154.579,220.873,223.249,952.672,23.53,156.067,222.367,224.826,954.249,23.53
chartqa,1792,32,chartqa_val_101,approximated,398.705,459.098,461.893,700.112,1162.005,22.584,0.343119,155.322,221.945,224.288,924.4,22.584,155.965,224.098,226.488,926.6,22.584
chartqa,1792,32,chartqa_val_102,approximated,402.765,463.321,465.901,194.056,659.957,21.562,0.610289,155.447,221.816,224.29,418.346,21.562,156.078,222.261,224.7,418.756,21.562
chartqa,1792,32,chartqa_val_103,approximated,425.307,485.226,488.202,722.243,1210.445,23.298,0.351364,155.651,221.869,224.263,946.506,23.298,155.954,222.08,224.384,946.627,23.298
chartqa,1792,32,chartqa_val_104,approximated,359.416,419.333,421.87,244.681,666.551,24.468,0.539218,160.428,226.829,229.389,474.07,24.468,155.94,222.006,224.302,468.983,24.468
chartqa,1792,32,chartqa_val_105,approximated,447.675,507.809,510.132,760.104,1270.236,24.519,0.352435,159.415,225.92,228.192,988.296,24.519,156.038,234.26,236.483,996.587,24.519
chartqa,1792,32,chartqa_val_106,approximated,389.671,450.164,452.503,631.571,1084.074,23.392,0.35945,154.597,220.967,223.242,854.813,23.392,156.034,222.127,224.506,856.077,23.392
chartqa,1792,32,chartqa_val_107,approximated,431.567,491.891,494.339,752.173,1246.512,24.264,0.34622,154.333,220.491,222.689,974.862,24.264,156.056,222.531,225.246,977.419,24.264
chartqa,1792,32,chartqa_val_108,approximated,374.055,434.209,436.96,308.952,745.912,25.746,0.501473,156.126,222.496,224.791,533.743,25.746,156.295,222.862,226.001,534.953,25.746
chartqa,1792,32,chartqa_val_109,approximated,357.032,416.906,419.38,740.425,1159.805,23.885,0.307838,157.659,224.327,227.02,967.445,23.885,156.096,223.512,225.972,966.397,23.885
chartqa,1792,32,chartqa_val_110,approximated,398.04,457.83,460.197,429.11,889.307,23.839,0.447585,154.887,221.118,223.566,652.676,23.839,156.237,223.733,226.254,655.364,23.839
chartqa,1792,32,chartqa_val_111,approximated,400.021,460.055,462.488,761.044,1223.532,24.55,0.32694,155.332,221.832,224.186,985.23,24.55,156.014,222.122,224.489,985.533,24.55
chartqa,1792,32,chartqa_val_112,approximated,411.81,472.812,476.239,328.827,805.066,25.294,0.511524,157.67,223.954,226.269,555.096,25.294,156.025,222.084,224.491,553.318,25.294
chartqa,1792,32,chartqa_val_113,approximated,417.368,478.319,480.649,739.824,1220.473,23.865,0.341972,155.813,222.094,224.506,964.33,23.865,156.027,222.173,224.854,964.678,23.865
chartqa,1792,32,chartqa_val_114,approximated,402.912,463.479,466.147,287.968,754.115,23.997,0.534285,157.657,223.721,226.083,514.051,23.997,156.111,222.63,225.042,513.01,23.997
chartqa,1792,32,chartqa_val_115,approximated,359.838,420.194,422.735,716.775,1139.51,23.122,0.315783,154.553,220.659,222.92,939.695,23.122,156.047,223.081,225.425,942.2,23.122
chartqa,1792,32,chartqa_val_116,approximated,417.858,477.715,480.034,122.021,602.055,20.337,0.694054,156.797,223.077,225.438,347.459,20.337,156.14,222.404,224.758,346.779,20.337
chartqa,1792,32,chartqa_val_117,approximated,398.236,458.441,461.153,802.827,1263.98,25.898,0.315065,155.689,222.115,224.542,1027.369,25.898,155.959,222.256,224.537,1027.364,25.898
chartqa,1792,32,chartqa_val_118,approximated,511.759,571.435,573.787,789.814,1363.601,25.478,0.3753,157.982,228.347,230.813,1020.627,25.478,156.31,222.998,225.888,1015.702,25.478
chartqa,1792,32,chartqa_val_119,approximated,395.503,455.211,457.631,723.805,1181.436,23.349,0.334765,157.921,224.049,226.879,950.684,23.349,156.094,222.345,224.623,948.428,23.349
chartqa,1792,32,chartqa_val_120,approximated,360.067,420.273,422.764,710.476,1133.24,22.919,0.317732,156.049,222.246,224.546,935.022,22.919,156.172,222.303,224.96,935.436,22.919
chartqa,1792,32,chartqa_val_121,approximated,398.006,458.228,461.161,529.932,991.093,24.088,0.401583,157.96,224.355,226.614,756.546,24.088,156.55,223.01,227.015,756.947,24.088
chartqa,1792,32,chartqa_val_122,approximated,431.833,492.304,495.189,635.423,1130.612,24.439,0.381946,155.558,221.896,224.262,859.685,24.439,156.123,222.578,225.408,860.831,24.439
chartqa,1792,32,chartqa_val_123,approximated,392.085,836.962,839.599,759.389,1598.988,24.496,0.245208,156.731,224.758,227.076,986.465,24.496,156.095,224.235,226.872,986.261,24.496
chartqa,1792,32,chartqa_val_124,approximated,400.307,881.834,885.2,667.607,1552.807,24.726,0.257796,155.192,222.893,225.35,892.957,24.726,156.093,224.189,227.118,894.725,24.726
chartqa,1792,32,chartqa_val_125,approximated,426.638,486.498,488.878,749.318,1238.196,24.172,0.344565,155.002,221.584,224.232,973.55,24.172,156.543,222.845,226.159,975.477,24.172
chartqa,1792,32,chartqa_val_126,approximated,370.217,429.8,432.31,384.759,817.069,25.651,0.453103,159.018,225.23,227.536,612.295,25.651,155.859,221.806,224.15,608.909,25.651
chartqa,1792,32,chartqa_val_127,approximated,391.873,452.003,454.336,697.451,1151.787,22.498,0.34023,156.258,222.812,225.052,922.503,22.498,155.886,222.216,224.527,921.978,22.498
chartqa,1792,32,chartqa_val_128,approximated,440.259,500.178,503.701,425.75,929.451,22.408,0.473676,155.483,221.798,224.04,649.79,22.408,156.014,222.183,224.472,650.222,22.408
chartqa,1792,32,chartqa_val_129,approximated,457.464,517.282,519.66,772.236,1291.896,24.911,0.354102,156.969,223.041,225.253,997.489,24.911,155.99,222.919,225.254,997.49,24.911
chartqa,1792,32,chartqa_val_130,approximated,365.835,426.299,428.984,756.195,1185.179,24.393,0.308675,154.753,220.904,223.199,979.394,24.393,156.005,222.065,224.406,980.601,24.393
chartqa,1792,32,chartqa_val_131,approximated,388.18,448.441,450.923,744.335,1195.258,24.011,0.324767,156.68,223.047,225.351,969.686,24.011,156.055,222.244,224.59,968.925,24.011
chartqa,1792,32,chartqa_val_132,approximated,430.026,490.051,493.508,792.843,1286.351,25.576,0.334299,155.079,221.45,223.787,1016.63,25.576,156.017,221.946,224.443,1017.286,25.576
chartqa,1792,32,chartqa_val_133,approximated,393.806,453.549,455.831,780.344,1236.175,25.172,0.318568,155.225,221.365,223.677,1004.021,25.172,155.98,224.309,226.699,1007.043,25.172
chartqa,1792,32,chartqa_val_134,approximated,406.782,467.073,469.37,693.599,1162.969,25.689,0.349779,156.159,222.549,224.872,918.471,25.689,155.924,223.35,225.751,919.35,25.689
chartqa,1792,32,chartqa_val_135,approximated,423.157,482.854,486.237,709.901,1196.138,22.9,0.353769,156.427,222.886,225.423,935.324,22.9,155.884,222.383,224.759,934.66,22.9
chartqa,1792,32,chartqa_val_136,approximated,356.311,416.222,418.823,477.565,896.388,22.741,0.397497,157.961,224.222,226.759,704.324,22.741,156.063,222.197,224.551,702.116,22.741
chartqa,1792,32,chartqa_val_137,approximated,416.096,857.239,860.073,633.146,1493.219,25.326,0.278657,161.22,228.803,231.11,864.256,25.326,156.218,224.354,226.844,859.99,25.326
chartqa,1792,32,chartqa_val_138,approximated,376.675,436.646,439.845,634.768,1074.613,23.51,0.350521,158.137,224.431,226.949,861.717,23.51,156.002,221.971,224.345,859.113,23.51
chartqa,1792,32,chartqa_val_139,approximated,374.49,435.563,438.994,622.165,1061.159,21.454,0.352906,154.857,221.201,223.598,845.763,21.454,156.065,227.098,229.468,851.633,21.454
chartqa,1792,32,chartqa_val_140,approximated,412.167,472.139,475.105,660.435,1135.54,23.587,0.36297,155.972,222.472,224.683,885.118,23.587,155.988,222.469,224.819,885.254,23.587
chartqa,1792,32,chartqa_val_141,approximated,369.585,429.826,432.576,771.409,1203.985,24.884,0.306968,155.135,221.462,223.799,995.208,24.884,155.971,222.076,224.401,995.81,24.884
chartqa,1792,32,chartqa_val_142,approximated,370.474,430.674,433.086,803.041,1236.127,25.905,0.299706,154.646,221.059,223.658,1026.699,25.905,155.933,222.901,225.229,1028.27,25.905
chartqa,1792,32,chartqa_val_143,approximated,435.908,496.087,498.482,716.563,1215.045,23.115,0.358759,156.59,223.684,226.477,943.04,23.115,155.989,222.309,224.612,941.175,23.115
chartqa,1792,32,chartqa_val_144,approximated,419.291,479.793,483.577,646.568,1130.145,24.868,0.371007,155.789,222.159,224.633,871.201,24.868,155.942,222.253,224.522,871.09,24.868
chartqa,1792,32,chartqa_val_145,approximated,355.777,416.248,418.782,765.84,1184.622,24.705,0.30033,155.507,221.603,224.089,989.929,24.705,156.384,222.714,226.127,991.967,24.705
chartqa,1792,32,chartqa_val_146,approximated,386.93,447.143,449.952,749.174,1199.126,24.167,0.322677,158.301,224.901,227.358,976.532,24.167,155.965,222.151,224.699,973.873,24.167
chartqa,1792,32,chartqa_val_147,approximated,396.022,456.164,459.669,724.296,1183.965,23.364,0.334488,155.312,221.855,224.182,948.478,23.364,156.006,222.699,225.079,949.375,23.364
chartqa,1792,32,chartqa_val_148,approximated,368.812,429.266,431.865,670.284,1102.149,23.939,0.33463,154.412,220.813,223.176,893.46,23.939,155.9,222.119,224.367,894.651,23.939
chartqa,1792,32,chartqa_val_149,approximated,393.786,453.519,455.898,750.114,1206.012,24.197,0.326519,156.724,222.87,225.116,975.23,24.197,155.881,221.927,224.168,974.282,24.197
chartqa,1792,32,chartqa_val_150,approximated,400.241,460.119,462.936,540.014,1002.95,25.715,0.399063,154.811,221.159,223.923,763.937,25.715,156.067,222.087,224.616,764.63,25.715
chartqa,1792,32,chartqa_val_151,approximated,412.016,472.486,475.155,763.838,1238.993,24.64,0.332541,155.378,221.624,223.92,987.758,24.64,156.053,222.466,225.149,988.987,24.64
chartqa,1792,32,chartqa_val_152,approximated,363.699,423.724,426.373,194.585,620.958,21.621,0.585705,156.495,222.751,225.546,420.131,21.621,156.194,222.785,225.278,419.863,21.621
chartqa,1792,32,chartqa_val_153,approximated,379.649,439.835,442.914,218.669,661.583,21.867,0.57385,156.123,223.133,225.697,444.366,21.867,155.926,221.863,224.114,442.783,21.867
chartqa,1792,32,chartqa_val_154,approximated,403.826,463.807,466.303,704.268,1170.571,22.718,0.344982,158.847,225.527,228.121,932.389,22.718,155.939,222.331,225.009,929.277,22.718
chartqa,1792,32,chartqa_val_155,approximated,519.042,579.148,582.029,365.973,948.002,26.141,0.547511,155.796,222.262,224.774,590.747,26.141,156.012,222.265,224.558,590.531,26.141
chartqa,1792,32,chartqa_val_156,approximated,370.928,431.016,433.615,778.303,1211.918,25.107,0.306067,157.165,223.521,225.987,1004.29,25.107,156.247,222.551,224.853,1003.156,25.107
chartqa,1792,32,chartqa_val_157,approximated,388.091,447.802,450.515,743.904,1194.419,23.997,0.32492,155.103,221.372,223.693,967.597,23.997,156.041,222.283,224.642,968.546,23.997
chartqa,1792,32,chartqa_val_158,approximated,398.454,458.107,460.695,690.231,1150.926,22.266,0.346203,155.025,221.142,223.443,913.674,22.266,155.949,222.235,224.588,914.819,22.266
chartqa,1792,32,chartqa_val_159,approximated,406.469,467.465,470.932,359.289,830.221,22.456,0.489591,155.502,221.463,223.686,582.975,22.456,156.423,399.146,401.375,760.664,22.456
chartqa,1792,32,chartqa_val_160,approximated,422.471,482.371,485.831,632.696,1118.527,26.362,0.377703,155.138,221.689,224.392,857.088,26.362,155.873,221.861,224.127,856.823,26.362
chartqa,1792,32,chartqa_val_161,approximated,372.4,432.245,434.844,796.393,1231.237,25.69,0.30246,157.071,223.796,226.211,1022.604,25.69,156.27,223.019,226.106,1022.499,25.69
chartqa,1792,32,chartqa_val_162,approximated,383.373,443.869,446.442,764.302,1210.744,24.655,0.316643,155.972,222.241,224.892,989.194,24.655,155.856,221.665,223.963,988.265,24.655
chartqa,1792,32,chartqa_val_163,approximated,433.827,494.201,496.594,765.235,1261.829,24.685,0.343808,155.598,221.827,224.275,989.51,24.685,156.062,222.117,224.413,989.648,24.685
chartqa,1792,32,chartqa_val_164,approximated,379.256,439.277,441.815,781.783,1223.598,25.219,0.309951,154.288,220.277,222.544,1004.327,25.219,156.524,222.615,226.018,1007.801,25.219
chartqa,1792,32,chartqa_val_165,approximated,391.858,452.583,455.109,784.745,1239.854,25.314,0.316052,157.173,223.784,226.224,1010.969,25.314,156.08,222.421,225.473,1010.218,25.314
chartqa,1792,32,chartqa_val_166,approximated,434.099,494.599,497.764,729.294,1227.058,25.148,0.353772,156.142,222.271,224.458,953.752,25.148,155.979,223.82,226.314,955.608,25.148
chartqa,1792,32,chartqa_val_167,approximated,371.998,875.454,878.097,1324.025,2202.122,42.71,0.168927,154.666,222.966,225.627,1549.652,42.71,156.035,224.614,227.506,1551.531,42.71
chartqa,1792,32,chartqa_val_168,approximated,369.033,429.4,431.863,265.006,696.869,26.501,0.529558,163.003,229.211,233.091,498.097,26.501,156.557,222.704,226.81,491.816,26.501
chartqa,1792,32,chartqa_val_169,approximated,375.794,435.959,438.363,831.622,1269.985,26.826,0.295905,155.783,222.15,224.26,1055.882,26.826,156.095,223.482,225.681,1057.303,26.826
chartqa,1792,32,chartqa_val_170,approximated,394.963,454.915,457.292,796.811,1254.103,25.704,0.314937,157.626,223.967,226.362,1023.173,25.704,155.907,221.988,224.299,1021.11,25.704
chartqa,1792,32,chartqa_val_171,approximated,402.422,462.872,465.35,730.34,1195.69,23.559,0.336561,155.059,221.41,223.859,954.199,23.559,155.92,222.388,224.795,955.135,23.559
chartqa,1792,32,chartqa_val_172,approximated,391.468,451.605,454.158,720.137,1174.295,23.23,0.333364,160.327,226.785,229.273,949.41,23.23,156.196,222.423,225.169,945.306,23.23
chartqa,1792,32,chartqa_val_173,approximated,433.136,925.053,927.891,774.448,1702.339,24.982,0.254435,158.988,227.525,229.928,1004.376,24.982,155.988,223.758,226.158,1000.606,24.982
chartqa,1792,32,chartqa_val_174,approximated,392.574,453.136,455.71,699.757,1155.467,22.573,0.339753,156.715,223.239,225.758,925.515,22.573,156.063,222.047,224.432,924.189,22.573
chartqa,1792,32,chartqa_val_175,approximated,393.933,454.301,458.444,797.24,1255.684,25.717,0.31372,157.158,223.646,225.913,1023.153,25.717,156.061,222.291,224.571,1021.811,25.717
chartqa,1792,32,chartqa_val_176,approximated,355.882,415.599,417.999,733.843,1151.842,23.672,0.308967,155.889,222.161,224.658,958.501,23.672,156.022,222.196,224.602,958.445,23.672
chartqa,1792,32,chartqa_val_177,approximated,395.223,455.392,457.775,719.777,1177.552,23.219,0.335631,159.096,225.468,227.833,947.61,23.219,156.093,222.386,224.777,944.554,23.219
chartqa,1792,32,chartqa_val_178,approximated,355.319,415.807,418.326,737.699,1156.025,23.797,0.307363,158.102,225.357,228.235,965.934,23.797,156.07,222.373,225.192,962.891,23.797
chartqa,1792,32,chartqa_val_179,approximated,440.317,501.176,503.736,695.33,1199.066,22.43,0.367217,154.915,221.021,223.372,918.702,22.43,156.051,222.329,225.285,920.615,22.43
chartqa,1792,32,chartqa_val_180,approximated,432.678,493.694,496.315,380.489,876.804,22.382,0.493471,154.877,221.393,224.0,604.489,22.382,156.063,222.685,225.081,605.57,22.382
chartqa,1792,32,chartqa_val_181,approximated,421.408,481.607,484.176,677.266,1161.442,21.847,0.362831,155.261,221.513,223.709,900.975,21.847,155.96,222.029,224.325,901.591,21.847
chartqa,1792,32,chartqa_val_182,approximated,414.84,886.06,889.874,806.848,1696.722,26.027,0.244495,157.739,225.893,228.145,1034.993,26.027,155.945,224.037,226.4,1033.248,26.027
chartqa,1792,32,chartqa_val_183,approximated,357.887,417.822,420.381,795.882,1216.263,25.674,0.294252,154.467,220.795,223.169,1019.051,25.674,156.031,222.327,224.743,1020.625,25.674
chartqa,1792,32,chartqa_val_184,approximated,430.865,491.558,493.922,409.505,903.427,21.553,0.476923,154.762,221.189,223.473,632.978,21.553,155.965,222.111,224.453,633.958,21.553
chartqa,1792,32,chartqa_val_185,approximated,430.372,490.582,492.93,22.001,514.931,22.002,0.835786,156.239,222.824,224.983,246.984,22.002,155.879,222.191,224.499,246.5,22.002
chartqa,1792,32,chartqa_val_186,approximated,368.237,428.321,430.652,769.158,1199.81,24.812,0.306913,156.565,222.901,225.304,994.462,24.812,155.875,221.797,223.969,993.127,24.812
chartqa,1792,32,chartqa_val_187,approximated,408.835,468.814,471.339,767.805,1239.144,24.768,0.329934,154.614,220.815,223.135,990.94,24.768,156.105,223.154,225.43,993.235,24.768
chartqa,1792,32,chartqa_val_188,approximated,400.352,460.501,462.837,802.82,1265.657,25.897,0.31632,155.09,221.351,223.611,1026.431,25.897,156.028,222.314,224.639,1027.459,25.897
chartqa,1792,32,chartqa_val_189,approximated,429.824,489.959,492.469,734.692,1227.161,23.7,0.350258,156.074,224.258,227.084,961.776,23.7,156.127,222.677,225.577,960.269,23.7
chartqa,1792,32,chartqa_val_190,approximated,401.341,461.516,464.106,768.318,1232.424,24.784,0.325652,155.876,222.543,225.071,993.389,24.784,156.121,222.537,224.987,993.305,24.784
chartqa,1792,32,chartqa_val_191,approximated,432.012,492.828,495.302,396.204,891.506,23.306,0.484587,157.037,223.264,225.624,621.828,23.306,155.927,222.243,224.518,620.722,23.306
chartqa,1792,32,chartqa_val_192,approximated,426.8,487.258,489.597,760.988,1250.585,24.548,0.34128,155.048,221.503,224.07,985.058,24.548,155.938,222.454,224.762,985.75,24.548
chartqa,1792,32,chartqa_val_193,approximated,527.373,966.257,969.009,52.458,1021.467,26.229,0.516289,160.348,228.45,232.301,284.759,26.229,156.053,223.887,226.238,278.696,26.229
chartqa,1792,32,chartqa_val_194,approximated,399.658,460.414,463.44,692.647,1156.087,23.884,0.345699,154.885,220.937,223.115,915.762,23.884,156.584,222.837,225.471,918.118,23.884
chartqa,1792,32,chartqa_val_195,approximated,376.835,437.234,439.81,69.675,509.485,34.837,0.739639,155.501,221.963,224.496,294.171,34.837,156.035,222.258,224.817,294.492,34.837
chartqa,1792,32,chartqa_val_196,approximated,371.433,431.659,434.313,444.419,878.732,24.69,0.422692,180.98,247.357,249.88,694.299,24.69,156.447,223.165,225.393,669.812,24.69
chartqa,1792,32,chartqa_val_197,approximated,454.324,514.447,517.364,826.522,1343.886,26.662,0.338067,154.926,221.556,224.36,1050.882,26.662,156.119,222.267,224.904,1051.426,26.662
chartqa,1792,32,chartqa_val_198,approximated,393.198,454.614,457.093,357.022,814.115,22.314,0.482976,156.026,222.518,224.998,582.02,22.314,156.116,222.241,224.721,581.743,22.314
chartqa,1792,32,chartqa_val_199,approximated,414.607,474.985,477.405,735.343,1212.748,23.721,0.341874,157.469,224.229,226.513,961.856,23.721,155.825,222.247,224.522,959.865,23.721
chartqa,1792,32,chartqa_val_200,approximated,442.831,503.061,505.584,669.33,1174.914,21.591,0.376905,160.319,226.619,229.215,898.545,21.591,155.973,222.278,224.679,894.009,21.591
chartqa,1792,32,chartqa_val_201,approximated,440.481,500.371,503.075,665.862,1168.937,21.479,0.376822,155.903,222.305,224.813,890.675,21.479,156.05,222.259,224.848,890.71,21.479
chartqa,1792,32,chartqa_val_202,approximated,400.678,460.616,463.026,179.86,642.886,22.483,0.623249,155.143,221.716,224.338,404.198,22.483,157.608,223.993,226.497,406.357,22.483
chartqa,1792,32,chartqa_val_203,approximated,359.129,419.178,421.589,700.206,1121.795,22.587,0.320137,155.842,222.347,224.795,925.001,22.587,156.096,222.442,224.797,925.003,22.587
chartqa,1792,32,chartqa_val_204,approximated,372.041,432.257,434.545,726.518,1161.063,23.436,0.320431,157.703,224.06,226.719,953.237,23.436,156.014,222.173,224.471,950.989,23.436
chartqa,1792,32,chartqa_val_205,approximated,378.973,438.856,441.311,758.344,1199.655,24.463,0.315902,161.694,228.454,230.725,989.069,24.463,156.521,222.754,226.193,984.537,24.463
chartqa,1792,32,chartqa_val_206,approximated,369.719,429.474,431.881,762.691,1194.572,24.603,0.309499,154.67,220.845,223.238,985.929,24.603,156.596,223.171,227.005,989.696,24.603
chartqa,1792,32,chartqa_val_207,approximated,357.782,418.797,421.11,715.342,1136.452,23.076,0.314824,155.782,222.122,224.385,939.727,23.076,156.002,222.55,225.056,940.398,23.076
chartqa,1792,32,chartqa_val_208,approximated,369.791,429.854,432.476,154.857,587.333,22.122,0.629611,158.778,225.136,227.58,382.437,22.122,156.148,224.243,226.61,381.467,22.122
chartqa,1792,32,chartqa_val_209,approximated,413.683,473.36,475.74,203.812,679.552,29.116,0.608758,154.883,220.981,223.222,427.034,29.116,155.969,222.187,224.507,428.319,29.116
chartqa,1792,32,chartqa_val_210,approximated,366.787,427.062,429.468,790.061,1219.529,25.486,0.300761,154.892,220.937,223.079,1013.14,25.486,156.004,222.378,224.648,1014.709,25.486
chartqa,1792,32,chartqa_val_211,approximated,398.342,458.504,461.092,733.991,1195.083,23.677,0.333318,155.1,221.395,223.788,957.779,23.677,155.945,223.247,225.652,959.643,23.677
chartqa,1792,32,chartqa_val_212,approximated,423.075,482.904,486.052,272.592,758.644,24.781,0.557672,155.419,222.01,224.308,496.9,24.781,156.087,222.466,224.92,497.512,24.781
chartqa,1792,32,chartqa_val_213,approximated,403.139,463.167,465.437,680.836,1146.273,21.962,0.351695,154.448,220.904,223.124,903.96,21.962,156.112,224.058,226.753,907.589,21.962
chartqa,1792,32,chartqa_val_214,approximated,413.048,472.908,476.361,268.619,744.98,22.385,0.554441,155.063,221.381,223.775,492.394,22.385,155.865,221.795,224.115,492.734,22.385
chartqa,1792,32,chartqa_val_215,approximated,372.843,432.68,435.384,780.272,1215.656,25.17,0.306702,155.393,221.597,224.272,1004.544,25.17,155.789,222.955,225.215,1005.487,25.17
chartqa,1792,32,chartqa_val_216,approximated,398.236,458.488,460.878,128.648,589.526,21.441,0.675519,156.623,223.007,226.553,355.201,21.441,156.158,222.435,224.915,353.563,21.441
chartqa,1792,32,chartqa_val_217,approximated,389.97,450.369,452.689,691.735,1144.424,22.314,0.340757,157.979,224.521,228.051,919.786,22.314,155.748,221.762,224.099,915.834,22.314
chartqa,1792,32,chartqa_val_218,approximated,397.564,458.179,460.465,130.983,591.448,21.83,0.672188,155.423,221.765,224.163,355.146,21.83,155.793,222.655,225.156,356.139,21.83
chartqa,1792,32,chartqa_val_219,approximated,396.788,456.916,459.133,764.346,1223.479,24.656,0.324311,155.392,221.778,224.077,988.423,24.656,156.157,222.74,225.199,989.545,24.656
chartqa,1792,32,chartqa_val_220,approximated,366.062,426.158,429.023,734.023,1163.046,23.678,0.314744,155.779,222.112,224.755,958.778,23.678,156.187,222.162,224.555,958.578,23.678
chartqa,1792,32,chartqa_val_221,approximated,376.697,436.809,439.709,737.434,1177.143,23.788,0.32001,155.031,221.371,224.128,961.562,23.788,156.004,222.047,224.44,961.874,23.788
chartqa,1792,32,chartqa_val_222,approximated,376.351,436.511,439.233,775.144,1214.377,25.005,0.309913,158.036,224.397,227.274,1002.418,25.005,156.615,224.178,227.007,1002.151,25.005
chartqa,1792,32,chartqa_val_223,approximated,388.665,449.161,451.737,359.299,811.036,22.456,0.47922,186.441,252.931,256.585,615.884,22.456,156.707,222.905,226.918,586.217,22.456
chartqa,1792,32,chartqa_val_224,approximated,371.27,431.908,434.196,218.936,653.132,24.326,0.568445,159.349,225.758,228.046,446.982,24.326,156.021,222.383,224.941,443.877,24.326
chartqa,1792,32,chartqa_val_225,approximated,368.889,428.727,431.151,431.377,862.528,23.965,0.427684,155.103,221.322,223.5,654.877,23.965,156.07,222.175,224.648,656.025,23.965
chartqa,1792,32,chartqa_val_226,approximated,402.772,462.619,464.938,721.278,1186.216,23.267,0.339544,154.453,220.574,222.852,944.13,23.267,155.833,222.04,224.349,945.627,23.267
chartqa,1792,32,chartqa_val_227,approximated,370.945,430.681,433.003,723.742,1156.745,23.347,0.32068,154.988,221.269,223.584,947.326,23.347,156.01,222.13,224.438,948.18,23.347
chartqa,1792,32,chartqa_val_228,approximated,389.686,449.645,452.0,146.229,598.229,20.89,0.651399,154.395,220.876,223.281,369.51,20.89,155.925,222.136,224.453,370.682,20.89
chartqa,1792,32,chartqa_val_229,approximated,359.287,419.26,421.507,486.329,907.836,23.158,0.395762,155.204,221.755,224.393,710.722,23.158,156.041,222.322,224.93,711.259,23.158
chartqa,1792,32,chartqa_val_230,approximated,500.856,561.209,563.438,722.531,1285.969,23.307,0.389477,155.435,222.034,224.595,947.126,23.307,156.148,222.136,224.502,947.033,23.307
chartqa,1792,32,chartqa_val_231,approximated,446.696,507.135,509.489,445.456,954.945,22.273,0.467771,155.886,223.844,226.503,671.959,22.273,156.071,222.301,224.743,670.199,22.273
chartqa,1792,32,chartqa_val_232,approximated,400.488,460.547,464.262,720.648,1184.91,23.247,0.33799,157.221,223.605,225.834,946.482,23.247,156.014,222.208,224.47,945.118,23.247
chartqa,1792,32,chartqa_val_233,approximated,374.817,435.203,437.692,759.354,1197.046,24.495,0.313119,154.811,221.46,223.893,983.247,24.495,155.929,222.11,224.375,983.729,24.495
chartqa,1792,32,chartqa_val_234,approximated,393.646,454.36,456.829,727.529,1184.358,23.469,0.332371,159.172,225.396,227.762,955.291,23.469,156.041,222.153,224.665,952.194,23.469
chartqa,1792,32,chartqa_val_235,approximated,392.203,451.991,454.448,730.653,1185.101,23.569,0.330945,157.046,225.393,227.851,958.504,23.569,156.451,222.658,225.696,956.349,23.569
chartqa,1792,32,chartqa_val_236,approximated,369.433,428.923,431.469,173.418,604.887,21.677,0.610747,155.587,222.039,224.663,398.081,21.677,156.101,222.627,225.004,398.422,21.677
chartqa,1792,32,chartqa_val_237,approximated,410.941,470.835,473.565,534.641,1008.206,23.245,0.407596,155.532,221.715,224.093,758.734,23.245,156.086,222.209,224.512,759.153,23.245
chartqa,1792,32,chartqa_val_238,approximated,393.536,453.153,455.684,562.32,1018.004,20.827,0.386576,156.614,225.171,227.423,789.743,20.827,155.904,222.246,224.614,786.934,20.827
chartqa,1792,32,chartqa_val_239,approximated,425.263,485.509,489.354,724.436,1213.79,23.369,0.350359,155.39,221.995,224.532,948.968,23.369,155.871,222.065,224.312,948.748,23.369
chartqa,1792,32,chartqa_val_240,approximated,386.09,446.805,449.39,748.495,1197.885,24.145,0.322309,170.785,237.322,240.932,989.427,24.145,156.188,222.374,225.052,973.547,24.145
chartqa,1792,32,chartqa_val_241,approximated,381.074,441.422,444.091,749.986,1194.077,24.193,0.319137,154.565,221.074,223.479,973.465,24.193,155.808,222.04,224.362,974.348,24.193
chartqa,1792,32,chartqa_val_242,approximated,354.539,414.405,416.732,623.981,1040.713,23.11,0.34067,157.191,225.279,227.919,851.9,23.11,155.801,221.927,224.19,848.171,23.11
chartqa,1792,32,chartqa_val_243,approximated,364.088,423.962,426.353,755.9,1182.253,24.384,0.307962,156.469,223.048,225.3,981.2,24.384,155.943,222.146,224.479,980.379,24.384
chartqa,1792,32,chartqa_val_244,approximated,375.615,435.276,437.679,755.327,1193.006,24.365,0.314848,154.492,223.261,225.474,980.801,24.365,155.718,221.785,224.032,979.359,24.365
chartqa,1792,32,chartqa_val_245,approximated,404.312,464.389,466.793,532.904,999.697,24.223,0.404434,160.363,226.408,228.758,761.662,24.223,155.875,221.844,224.102,757.006,24.223
chartqa,1792,32,chartqa_val_246,approximated,432.611,493.113,495.789,751.615,1247.404,24.246,0.346809,160.291,226.368,228.673,980.288,24.246,156.019,222.054,224.353,975.968,24.246
chartqa,1792,32,chartqa_val_247,approximated,407.151,467.455,470.859,699.512,1170.371,22.565,0.347882,157.132,223.514,225.829,925.341,22.565,155.761,221.681,223.915,923.427,22.565
chartqa,1792,32,chartqa_val_248,approximated,366.859,427.049,429.668,678.251,1107.919,21.879,0.331124,156.256,222.733,225.327,903.578,21.879,156.645,223.123,226.576,904.827,21.879
chartqa,1792,32,chartqa_val_249,approximated,438.757,499.223,501.813,742.792,1244.605,23.961,0.352527,154.561,221.08,223.35,966.142,23.961,156.083,222.896,225.121,967.913,23.961
chartqa,1792,32,chartqa_val_250,approximated,373.88,434.17,436.543,382.518,819.061,23.907,0.456474,157.04,223.7,226.148,608.666,23.907,155.929,222.004,224.221,606.739,23.907
chartqa,1792,32,chartqa_val_251,approximated,408.704,468.892,478.306,739.077,1217.383,23.841,0.335724,155.237,222.406,224.631,963.708,23.841,155.868,222.051,224.444,963.521,23.841
chartqa,1792,32,chartqa_val_252,approximated,372.558,432.934,435.422,157.81,593.232,22.544,0.628013,154.528,220.926,223.495,381.305,22.544,156.097,222.45,225.008,382.818,22.544
chartqa,1792,32,chartqa_val_253,approximated,395.921,456.074,458.571,574.268,1032.839,23.928,0.383333,159.112,380.836,383.612,957.88,23.928,156.024,222.129,224.488,798.756,23.928
chartqa,1792,32,chartqa_val_254,approximated,406.751,467.097,470.512,791.049,1261.561,25.518,0.322419,158.11,224.25,231.346,1022.395,25.518,156.559,223.086,226.805,1017.854,25.518
chartqa,1792,32,chartqa_val_255,approximated,367.499,427.36,429.717,717.663,1147.38,23.15,0.320294,158.387,224.984,228.212,945.875,23.15,155.949,222.057,224.377,942.04,23.15
chartqa,1792,32,chartqa_val_256,approximated,369.744,429.435,431.782,505.082,936.864,24.052,0.394661,154.998,221.14,223.679,728.761,24.052,156.059,222.061,224.374,729.456,24.052
chartqa,1792,32,chartqa_val_257,approximated,408.808,469.087,471.43,689.596,1161.026,22.245,0.352109,157.173,223.813,226.776,916.372,22.245,155.964,222.36,224.637,914.233,22.245
chartqa,1792,32,chartqa_val_258,approximated,396.001,455.956,458.25,301.324,759.574,21.523,0.521346,155.783,222.125,224.802,526.126,21.523,156.02,221.998,224.272,525.596,21.523
chartqa,1792,32,chartqa_val_259,approximated,389.073,448.837,451.357,705.199,1156.556,22.748,0.336406,159.277,225.527,228.23,933.429,22.748,155.958,221.913,224.16,929.359,22.748
chartqa,1792,32,chartqa_val_260,approximated,436.257,496.363,499.812,744.886,1244.698,24.029,0.350492,157.49,223.98,226.905,971.791,24.029,156.18,222.337,224.652,969.538,24.029
chartqa,1792,32,chartqa_val_261,approximated,368.89,428.758,431.14,768.518,1199.658,24.791,0.307496,163.498,231.481,234.181,1002.699,24.791,156.057,222.133,224.382,992.9,24.791
chartqa,1792,32,chartqa_val_262,approximated,402.371,462.221,465.447,768.397,1233.844,24.787,0.326112,155.598,222.328,225.235,993.632,24.787,156.16,222.288,224.558,992.955,24.787
chartqa,1792,32,chartqa_val_263,approximated,397.689,457.515,459.93,802.044,1261.974,25.872,0.315133,165.14,231.858,236.007,1038.051,25.872,155.987,221.963,224.315,1026.359,25.872
chartqa,1792,32,chartqa_val_264,approximated,367.75,427.569,429.958,783.922,1213.88,25.288,0.302954,158.499,225.099,228.186,1012.108,25.288,156.055,222.155,224.464,1008.386,25.288
chartqa,1792,32,chartqa_val_265,approximated,360.8,420.518,423.125,751.334,1174.459,24.237,0.307205,157.99,224.534,227.391,978.725,24.237,156.137,222.283,224.645,975.979,24.237
chartqa,1792,32,chartqa_val_266,approximated,412.172,472.431,475.122,683.55,1158.672,22.05,0.355728,155.5,221.611,224.085,907.635,22.05,156.59,222.592,226.381,909.931,22.05
chartqa,1792,32,chartqa_val_267,approximated,387.824,447.551,449.858,745.349,1195.207,24.044,0.324482,157.357,223.558,226.055,971.404,24.044,155.901,221.656,224.192,969.541,24.044
chartqa,1792,32,chartqa_val_268,approximated,548.211,608.483,610.952,500.334,1111.286,26.333,0.493312,154.9,221.116,223.672,724.006,26.333,155.923,222.594,224.9,725.234,26.333
chartqa,1792,32,chartqa_val_269,approximated,399.038,459.346,462.13,727.836,1189.966,23.479,0.335335,156.614,222.889,225.174,953.01,23.479,156.107,222.777,225.026,952.862,23.479
chartqa,1792,32,chartqa_val_270,approximated,460.212,520.116,522.82,416.0,938.82,21.895,0.490202,155.269,221.865,224.754,640.754,21.895,156.231,225.521,228.412,644.412,21.895
chartqa,1792,32,chartqa_val_271,approximated,414.749,475.358,477.94,741.046,1218.986,23.905,0.340241,155.164,223.082,225.56,966.606,23.905,156.146,223.829,226.215,967.261,23.905
chartqa,1792,32,chartqa_val_272,approximated,419.031,479.242,481.788,667.579,1149.367,21.535,0.364575,155.457,222.248,224.806,892.385,21.535,155.821,221.823,224.259,891.838,21.535
chartqa,1792,32,chartqa_val_273,approximated,401.55,461.356,465.137,730.183,1195.32,23.554,0.335935,155.731,221.982,224.489,954.672,23.554,155.76,222.525,224.857,955.04,23.554
chartqa,1792,32,chartqa_val_274,approximated,444.961,504.932,507.505,718.25,1225.755,23.169,0.363009,154.916,221.305,223.687,941.937,23.169,156.053,222.02,224.312,942.562,23.169
chartqa,1792,32,chartqa_val_275,approximated,409.635,469.437,471.8,817.698,1289.498,26.377,0.31767,155.662,222.282,224.766,1042.464,26.377,156.139,222.73,225.107,1042.805,26.377
chartqa,1792,32,chartqa_val_276,approximated,408.309,468.372,471.162,317.558,788.72,22.683,0.517686,155.598,222.103,224.679,542.237,22.683,156.161,222.367,224.723,542.281,22.683
chartqa,1792,32,chartqa_val_277,approximated,443.664,503.769,506.324,710.656,1216.98,25.381,0.364562,155.39,225.319,227.762,938.418,25.381,155.983,223.168,225.45,936.106,25.381
chartqa,1792,32,chartqa_val_278,approximated,361.463,421.175,423.629,320.336,743.965,24.641,0.48586,155.585,221.699,224.226,544.562,24.641,155.974,223.502,225.721,546.057,24.641
chartqa,1792,32,chartqa_val_279,approximated,410.128,470.38,474.011,785.801,1259.812,25.348,0.325547,155.444,221.92,224.535,1010.336,25.348,156.041,222.109,224.445,1010.246,25.348
chartqa,1792,32,chartqa_val_280,approximated,410.368,470.456,473.018,669.454,1142.472,21.595,0.359193,155.293,221.786,224.463,893.917,21.595,156.234,222.634,224.94,894.394,21.595
chartqa,1792,32,chartqa_val_281,approximated,371.192,431.479,433.918,709.049,1142.967,22.873,0.324762,155.632,222.051,224.617,933.666,22.873,156.284,224.254,226.812,935.861,22.873
chartqa,1792,32,chartqa_val_282,approximated,366.785,426.918,429.5,491.756,921.256,25.882,0.398136,157.316,223.781,226.259,718.015,25.882,155.967,221.98,224.646,716.402,25.882
chartqa,1792,32,chartqa_val_283,approximated,365.331,425.503,427.819,715.388,1143.207,23.077,0.319567,154.609,221.023,223.495,938.883,23.077,155.986,222.153,224.398,939.786,23.077
chartqa,1792,32,chartqa_val_284,approximated,397.622,457.873,460.172,536.539,996.711,22.356,0.398934,165.058,232.149,235.419,771.958,22.356,156.207,222.45,225.068,761.607,22.356
chartqa,1792,32,chartqa_val_285,approximated,412.839,473.097,475.42,330.619,806.039,20.664,0.512182,156.092,222.44,224.781,555.4,20.664,156.082,222.083,224.409,555.028,20.664
chartqa,1792,32,chartqa_val_286,approximated,441.653,501.663,504.02,613.678,1117.698,22.729,0.395145,154.944,221.219,223.561,837.239,22.729,156.065,222.996,225.49,839.168,22.729
chartqa,1792,32,chartqa_val_287,approximated,376.908,436.751,439.408,795.937,1235.345,26.531,0.305103,155.755,222.154,224.433,1020.37,26.531,155.955,221.757,223.936,1019.873,26.531
chartqa,1792,32,chartqa_val_288,approximated,357.95,418.174,420.762,780.68,1201.442,25.183,0.297933,157.52,223.888,226.555,1007.235,25.183,156.232,222.653,225.09,1005.77,25.183
chartqa,1792,32,chartqa_val_289,approximated,405.263,465.339,468.033,450.11,918.143,25.006,0.441395,155.381,221.879,224.547,674.657,25.006,156.199,222.425,224.767,674.877,25.006
chartqa,1792,32,chartqa_val_290,approximated,400.366,460.289,462.597,682.794,1145.391,22.026,0.349545,155.333,221.925,224.421,907.215,22.026,156.01,223.216,225.736,908.53,22.026
chartqa,1792,32,chartqa_val_291,approximated,404.216,844.451,847.481,46.41,893.891,23.205,0.452198,155.325,225.096,227.428,273.838,23.205,156.03,223.731,226.05,272.46,23.205
chartqa,1792,32,chartqa_val_292,approximated,439.322,499.126,501.507,614.857,1116.364,21.959,0.393529,157.881,224.209,226.402,841.259,21.959,156.655,222.997,225.287,840.144,21.959
chartqa,1792,32,chartqa_val_293,approximated,358.588,418.481,421.872,717.795,1139.667,23.155,0.314643,154.454,220.679,222.893,940.688,23.155,156.041,222.167,224.693,942.488,23.155
chartqa,1792,32,chartqa_val_294,approximated,404.807,464.853,467.246,245.903,713.149,22.355,0.567633,154.985,221.133,223.484,469.387,22.355,156.006,221.753,223.974,469.877,22.355
chartqa,1792,32,chartqa_val_295,approximated,371.296,880.429,882.728,2245.492,3128.22,72.435,0.118692,155.221,223.307,225.518,2471.01,72.435,156.421,224.272,228.181,2473.673,72.435
chartqa,1792,32,chartqa_val_296,approximated,391.193,451.021,453.487,471.955,925.442,21.453,0.422709,156.04,223.149,225.351,697.306,21.453,156.133,222.378,224.736,696.691,21.453
chartqa,1792,32,chartqa_val_297,approximated,401.02,460.888,463.244,765.312,1228.556,24.687,0.326416,158.37,225.167,228.988,994.3,24.687,156.789,223.068,225.298,990.61,24.687
chartqa,1792,32,chartqa_val_298,approximated,350.223,410.451,413.059,373.78,786.839,26.699,0.445101,155.484,221.816,224.445,598.225,26.699,155.975,222.259,224.775,598.555,26.699
chartqa,1792,32,chartqa_val_299,approximated,402.538,462.324,464.741,714.6,1179.341,23.052,0.341324,155.317,221.603,223.961,938.561,23.052,156.092,224.18,226.552,941.152,23.052
chartqa,1792,32,chartqa_val_300,approximated,368.414,428.268,430.922,519.426,950.348,22.584,0.387662,155.017,223.644,226.246,745.672,22.584,156.211,222.482,225.378,744.804,22.584
chartqa,1792,32,chartqa_val_301,approximated,380.992,440.811,443.254,676.593,1119.847,21.826,0.340217,155.664,221.909,224.277,900.87,21.826,155.868,221.809,224.075,900.668,21.826
chartqa,1792,32,chartqa_val_302,approximated,412.98,848.62,852.226,728.26,1580.486,80.918,0.261299,157.862,226.229,229.306,957.566,80.918,156.2,224.063,226.768,955.028,80.918
chartqa,1792,32,chartqa_val_303,approximated,401.586,462.011,466.441,772.931,1239.372,24.933,0.324024,154.762,221.362,223.782,996.713,24.933,156.256,222.691,225.713,998.644,24.933
chartqa,1792,32,chartqa_val_304,approximated,355.205,415.083,417.516,668.375,1085.891,23.871,0.327109,159.253,225.424,228.057,896.432,23.871,156.004,222.517,225.009,893.384,23.871
chartqa,1792,32,chartqa_val_305,approximated,352.721,412.885,415.408,681.241,1096.649,21.976,0.321636,157.476,223.936,226.455,907.696,21.976,156.081,222.424,224.873,906.114,21.976
chartqa,1792,32,chartqa_val_306,approximated,534.441,594.866,597.168,715.108,1312.276,23.068,0.407263,154.764,221.275,223.938,939.046,23.068,156.359,224.155,226.582,941.69,23.068
chartqa,1792,32,chartqa_val_307,approximated,453.897,513.795,516.49,697.322,1213.812,22.494,0.373943,155.585,221.769,224.264,921.586,22.494,155.981,222.173,224.504,921.826,22.494
chartqa,1792,32,chartqa_val_308,approximated,397.461,457.762,462.062,682.597,1144.659,22.019,0.347231,155.353,221.918,224.639,907.236,22.019,155.954,222.023,224.352,906.949,22.019
chartqa,1792,32,chartqa_val_309,approximated,398.581,458.983,461.576,526.51,988.086,21.938,0.403387,154.447,220.608,223.35,749.86,21.938,156.182,222.532,225.383,751.893,21.938
chartqa,1792,32,chartqa_val_310,approximated,415.008,475.148,478.621,774.951,1253.572,24.998,0.331061,156.166,222.34,224.442,999.393,24.998,156.328,222.519,224.836,999.787,24.998
chartqa,1792,32,chartqa_val_311,approximated,393.29,453.689,456.153,731.154,1187.307,23.586,0.331246,155.086,221.415,224.152,955.306,23.586,156.205,222.728,225.573,956.727,23.586
chartqa,1792,32,chartqa_val_312,approximated,408.158,468.082,471.563,797.283,1268.846,25.719,0.321677,154.551,220.794,223.001,1020.284,25.719,156.081,222.187,224.558,1021.841,25.719
chartqa,1792,32,chartqa_val_313,approximated,375.036,435.163,437.874,786.68,1224.554,25.377,0.306263,155.37,221.765,223.979,1010.659,25.377,156.098,222.448,224.757,1011.437,25.377
chartqa,1792,32,chartqa_val_314,approximated,393.985,453.772,456.288,541.145,997.433,24.597,0.394999,157.358,224.669,227.049,768.194,24.597,156.105,222.421,224.796,765.941,24.597
chartqa,1792,32,chartqa_val_315,approximated,417.146,477.311,479.702,674.532,1154.234,21.759,0.361405,155.791,222.396,224.729,899.261,21.759,156.133,222.32,224.68,899.212,21.759
chartqa,1792,32,chartqa_val_316,approximated,413.536,473.939,476.219,711.812,1188.031,22.962,0.348085,166.603,232.832,235.909,947.721,22.962,156.064,222.119,224.442,936.254,22.962
chartqa,1792,32,chartqa_val_317,approximated,402.237,462.143,466.037,678.685,1144.722,21.893,0.351384,155.192,221.564,223.877,902.562,21.893,156.151,222.522,224.926,903.611,21.893
chartqa,1792,32,chartqa_val_318,approximated,403.404,463.292,466.591,318.783,785.374,24.522,0.513646,154.703,221.034,223.284,542.067,24.522,156.117,222.664,225.007,543.79,24.522
chartqa,1792,32,chartqa_val_319,approximated,386.673,446.609,449.731,738.693,1188.424,23.829,0.325366,154.431,221.203,223.369,962.062,23.829,156.125,222.395,224.903,963.596,23.829
chartqa,1792,32,chartqa_val_320,approximated,392.573,452.646,455.363,340.682,796.045,24.334,0.493155,154.85,221.398,223.727,564.409,24.334,156.085,222.49,224.87,565.552,24.334
chartqa,1792,32,chartqa_val_321,approximated,408.197,468.442,471.214,779.601,1250.815,25.148,0.326345,161.059,227.335,229.534,1009.135,25.148,156.047,222.293,224.665,1004.266,25.148
chartqa,1792,32,chartqa_val_322,approximated,403.695,463.702,467.196,584.821,1052.017,22.493,0.383735,155.853,221.926,224.166,808.987,22.493,156.111,222.61,224.997,809.818,22.493
chartqa,1792,32,chartqa_val_323,approximated,397.806,457.845,460.163,731.525,1191.688,23.598,0.333817,155.589,221.722,223.916,955.441,23.598,156.191,222.433,224.839,956.364,23.598
chartqa,1792,32,chartqa_val_324,approximated,377.001,436.869,439.314,810.711,1250.025,26.152,0.301595,154.863,220.828,223.029,1033.74,26.152,156.214,222.357,224.604,1035.315,26.152
chartqa,1792,32,chartqa_val_325,approximated,394.292,454.693,456.978,762.937,1219.915,24.611,0.323213,156.833,223.286,225.45,988.387,24.611,156.268,222.273,224.528,987.465,24.611
chartqa,1792,32,chartqa_val_326,approximated,404.31,464.275,467.069,766.064,1233.133,24.712,0.327872,157.227,224.142,226.323,992.387,24.712,156.159,222.331,225.003,991.067,24.712
chartqa,1792,32,chartqa_val_327,approximated,368.287,429.717,432.527,761.038,1193.565,24.55,0.308561,154.735,220.877,223.12,984.158,24.55,156.03,222.481,224.937,985.975,24.55
chartqa,1792,32,chartqa_val_328,approximated,406.485,467.17,470.074,774.778,1244.852,24.993,0.326533,159.856,226.08,228.335,1003.113,24.993,156.014,222.0,224.39,999.168,24.993
chartqa,1792,32,chartqa_val_329,approximated,440.172,500.535,503.05,835.9,1338.95,26.965,0.328744,177.181,243.699,246.777,1082.677,26.965,156.024,222.25,224.562,1060.462,26.965
chartqa,1792,32,chartqa_val_330,approximated,374.458,435.054,437.464,745.945,1183.409,24.865,0.316423,155.291,221.577,224.055,970.0,24.865,155.966,222.088,224.411,970.356,24.865
chartqa,1792,32,chartqa_val_331,approximated,355.796,415.898,418.288,782.288,1200.576,25.235,0.296354,155.498,221.965,224.231,1006.519,25.235,156.131,222.713,225.247,1007.535,25.235
chartqa,1792,32,chartqa_val_332,approximated,401.601,461.852,464.157,792.251,1256.408,25.556,0.319642,155.928,222.22,224.623,1016.874,25.556,156.259,222.586,225.228,1017.479,25.556
chartqa,1792,32,chartqa_val_333,approximated,398.788,458.938,461.592,666.913,1128.505,24.7,0.353377,156.832,223.324,226.02,892.933,24.7,156.025,222.277,224.63,891.543,24.7
chartqa,1792,32,chartqa_val_334,approximated,368.358,428.305,430.637,796.297,1226.934,25.687,0.300226,155.192,221.494,224.074,1020.371,25.687,155.871,221.778,224.071,1020.368,25.687
chartqa,1792,32,chartqa_val_335,approximated,368.603,428.969,431.48,772.075,1203.555,24.906,0.306261,156.463,222.809,225.141,997.216,24.906,156.099,222.062,224.475,996.55,24.906
chartqa,1792,32,chartqa_val_336,approximated,414.415,474.703,477.444,694.124,1171.568,25.708,0.353727,154.975,221.28,223.653,917.777,25.708,155.955,222.229,224.908,919.032,25.708
chartqa,1792,32,chartqa_val_337,approximated,403.28,463.806,466.265,754.359,1220.624,24.334,0.330388,154.076,220.218,222.456,976.815,24.334,156.322,222.842,225.132,979.491,24.334
chartqa,1792,32,chartqa_val_338,approximated,394.967,455.127,458.618,760.017,1218.635,24.517,0.324106,158.109,224.264,226.679,986.696,24.517,156.424,225.052,227.601,987.618,24.517
chartqa,1792,32,chartqa_val_339,approximated,392.398,452.53,454.805,644.51,1099.315,20.791,0.356947,160.003,226.5,228.944,873.454,20.791,156.108,222.35,224.618,869.128,20.791
chartqa,1792,32,chartqa_val_340,approximated,422.215,482.414,484.616,320.401,805.017,24.646,0.524479,156.516,224.253,226.583,546.984,24.646,156.142,222.598,224.898,545.299,24.646
chartqa,1792,32,chartqa_val_341,approximated,368.455,429.281,431.569,739.89,1171.459,23.867,0.314527,156.039,222.403,224.693,964.583,23.867,156.375,222.426,224.83,964.72,23.867
chartqa,1792,32,chartqa_val_342,approximated,423.883,484.106,486.498,471.793,958.291,24.831,0.442333,155.508,221.637,223.918,695.711,24.831,156.238,222.355,224.836,696.629,24.831
chartqa,1792,32,chartqa_val_343,approximated,571.048,631.611,639.669,798.94,1438.609,25.772,0.396944,156.251,222.609,224.871,1023.811,25.772,155.979,222.182,224.444,1023.384,25.772
chartqa,1792,32,chartqa_val_344,approximated,352.938,412.493,415.075,795.434,1210.509,25.659,0.291561,158.525,225.001,227.836,1023.27,25.659,156.524,222.747,225.142,1020.576,25.659
chartqa,1792,32,chartqa_val_345,approximated,357.938,417.689,420.255,742.052,1162.307,23.937,0.307955,154.405,220.739,222.937,964.989,23.937,156.018,225.033,227.314,969.366,23.937
chartqa,1792,32,chartqa_val_346,approximated,375.119,434.845,437.155,732.905,1170.06,23.642,0.320599,156.696,222.896,225.16,958.065,23.642,156.178,222.294,224.726,957.631,23.642
chartqa,1792,32,chartqa_val_347,approximated,360.427,420.018,422.34,731.693,1154.033,23.603,0.31232,155.272,221.334,223.54,955.233,23.603,156.193,222.297,224.585,956.278,23.603
chartqa,1792,32,chartqa_val_348,approximated,387.088,446.767,450.782,535.97,986.752,24.362,0.392285,158.419,224.648,228.18,764.15,24.362,156.868,223.907,226.815,762.785,24.362
chartqa,1792,32,chartqa_val_349,approximated,360.791,421.697,424.015,751.725,1175.74,24.249,0.306863,155.18,221.56,224.191,975.916,24.249,156.02,222.18,224.697,976.422,24.249
chartqa,1792,32,chartqa_val_350,approximated,356.53,416.318,418.753,700.045,1118.798,22.582,0.318673,155.663,222.139,224.646,924.691,22.582,156.131,222.185,224.483,924.528,22.582
chartqa,1792,32,chartqa_val_351,approximated,423.159,483.092,485.771,698.242,1184.013,22.524,0.357394,155.908,222.238,224.653,922.895,22.524,156.192,222.64,224.942,923.184,22.524
chartqa,1792,32,chartqa_val_352,approximated,460.922,520.933,524.402,709.773,1234.175,22.896,0.373466,156.235,222.571,224.827,934.6,22.896,156.117,222.427,225.044,934.817,22.896
chartqa,1792,32,chartqa_val_353,approximated,391.966,452.357,454.602,717.043,1171.645,23.13,0.334544,156.625,223.445,225.657,942.7,23.13,156.391,222.933,225.516,942.559,23.13
chartqa,1792,32,chartqa_val_354,approximated,398.128,457.757,460.08,402.006,862.086,25.125,0.46182,156.386,222.811,225.052,627.058,25.125,156.25,222.483,225.135,627.141,25.125
chartqa,1792,32,chartqa_val_355,approximated,428.494,488.586,490.96,702.587,1193.547,22.664,0.359008,158.263,224.589,226.985,929.572,22.664,156.245,222.334,224.622,927.209,22.664
chartqa,1792,32,chartqa_val_356,approximated,394.124,454.548,456.868,675.598,1132.466,25.022,0.348023,154.589,221.178,223.626,899.224,25.022,156.146,222.664,225.088,900.686,25.022
chartqa,1792,32,chartqa_val_357,approximated,394.597,454.82,457.278,711.595,1168.873,22.955,0.337588,155.256,221.881,224.382,935.977,22.955,156.243,222.618,224.924,936.519,22.955
chartqa,1792,32,chartqa_val_358,approximated,382.603,443.567,446.902,736.997,1183.899,23.774,0.323172,154.533,220.977,223.359,960.356,23.774,156.069,222.016,224.521,961.518,23.774
chartqa,1792,32,chartqa_val_359,approximated,420.721,481.649,484.27,747.941,1232.211,24.127,0.341436,184.609,251.152,254.815,1002.756,24.127,156.152,222.383,224.725,972.666,24.127
chartqa,1792,32,chartqa_val_360,approximated,452.783,513.277,515.581,199.923,715.504,22.214,0.632817,154.501,220.702,222.947,422.87,22.214,156.042,222.103,224.515,424.438,22.214
chartqa,1792,32,chartqa_val_361,approximated,366.711,426.891,429.134,725.506,1154.64,23.403,0.317598,155.722,221.855,223.964,949.47,23.403,156.153,222.68,225.305,950.811,23.403
chartqa,1792,32,chartqa_val_362,approximated,385.249,445.537,448.004,732.972,1180.976,23.644,0.326213,154.387,220.517,222.755,955.727,23.644,155.949,221.944,224.273,957.245,23.644
chartqa,1792,32,chartqa_val_363,approximated,393.084,453.423,455.666,775.925,1231.591,25.03,0.319168,154.882,221.17,223.331,999.256,25.03,155.979,222.378,224.783,1000.708,25.03
chartqa,1792,32,chartqa_val_364,approximated,358.048,418.159,420.481,762.558,1183.039,25.419,0.302652,154.754,220.793,223.025,985.583,25.419,156.162,226.659,229.008,991.566,25.419
chartqa,1792,32,chartqa_val_365,approximated,393.332,453.772,456.077,704.147,1160.224,22.714,0.339014,154.254,220.64,222.892,927.039,22.714,156.1,222.183,224.518,928.665,22.714
chartqa,1792,32,chartqa_val_366,approximated,415.378,475.408,478.412,604.998,1083.41,22.407,0.383399,164.738,231.058,234.419,839.417,22.407,156.281,222.492,224.898,829.896,22.407
chartqa,1792,32,chartqa_val_367,approximated,403.436,463.475,465.968,761.563,1227.531,24.567,0.328657,161.903,228.847,231.232,992.795,24.567,155.925,222.225,224.581,986.144,24.567
chartqa,1792,32,chartqa_val_368,approximated,391.581,451.705,454.346,599.367,1053.713,24.974,0.37162,154.893,221.3,223.569,822.936,24.974,155.997,222.008,224.25,823.617,24.974
chartqa,1792,32,chartqa_val_369,approximated,401.114,462.076,464.537,682.162,1146.699,22.005,0.349799,159.449,225.656,227.92,910.082,22.005,156.487,223.135,227.548,909.71,22.005
chartqa,1792,32,chartqa_val_370,approximated,357.306,417.012,419.252,438.388,857.64,24.355,0.416616,155.713,222.081,224.559,662.947,24.355,156.013,222.117,224.364,662.752,24.355
chartqa,1792,32,chartqa_val_371,approximated,386.953,447.165,449.633,738.179,1187.812,23.812,0.32577,154.786,221.048,223.34,961.519,23.812,156.07,222.149,224.315,962.494,23.812
chartqa,1792,32,chartqa_val_372,approximated,391.719,452.112,454.82,150.546,605.366,25.091,0.647079,155.167,221.461,223.626,374.172,25.091,156.134,222.328,224.94,375.486,25.091
chartqa,1792,32,chartqa_val_373,approximated,395.411,455.289,457.62,365.203,822.823,21.483,0.480554,157.717,224.477,226.749,591.952,21.483,156.118,228.538,230.799,596.002,21.483
chartqa,1792,32,chartqa_val_374,approximated,402.656,462.851,465.583,307.563,773.146,25.63,0.520802,156.001,222.401,224.559,532.122,25.63,156.229,222.521,224.81,532.373,25.63
chartqa,1792,32,chartqa_val_375,approximated,355.632,415.757,418.38,745.271,1163.651,24.041,0.305617,155.744,222.585,225.292,970.563,24.041,156.03,222.239,224.534,969.805,24.041
chartqa,1792,32,chartqa_val_376,approximated,359.667,419.469,421.741,432.394,854.135,27.025,0.42109,156.364,222.802,225.394,657.788,27.025,156.842,223.16,226.37,658.764,27.025
chartqa,1792,32,chartqa_val_377,approximated,387.989,447.729,449.979,728.589,1178.568,23.503,0.329204,155.187,224.56,226.825,955.414,23.503,156.076,222.139,224.443,953.032,23.503
chartqa,1792,32,chartqa_val_378,approximated,414.98,475.684,477.889,759.471,1237.36,25.316,0.335375,155.319,221.559,223.777,983.248,25.316,155.955,222.071,224.403,983.874,25.316
chartqa,1792,32,chartqa_val_379,approximated,409.445,470.043,472.358,339.104,811.462,22.607,0.504577,156.175,222.717,224.907,564.011,22.607,156.547,222.641,225.768,564.872,22.607
chartqa,1792,32,chartqa_val_380,approximated,415.086,475.493,479.748,386.85,866.598,24.178,0.478983,155.462,221.751,224.072,610.922,24.178,156.072,222.048,224.399,611.249,24.178
chartqa,1792,32,chartqa_val_381,approximated,511.716,571.935,574.568,725.743,1300.311,23.411,0.393534,155.785,222.131,224.263,950.006,23.411,156.319,222.729,225.511,951.254,23.411
chartqa,1792,32,chartqa_val_382,approximated,394.358,454.45,457.346,234.867,692.213,21.352,0.569706,155.732,222.887,225.6,460.467,21.352,156.145,222.626,225.114,459.981,21.352
chartqa,1792,32,chartqa_val_383,approximated,445.056,505.382,507.878,751.532,1259.41,24.243,0.353384,154.395,220.707,222.997,974.529,24.243,156.473,222.98,225.728,977.26,24.243
chartqa,1792,32,chartqa_val_384,approximated,368.123,427.92,430.491,257.893,688.384,25.789,0.534764,155.069,221.289,223.547,481.44,25.789,156.089,222.427,224.892,482.785,25.789
chartqa,1792,32,chartqa_val_385,approximated,407.061,466.663,470.162,740.075,1210.237,23.873,0.336349,156.351,222.543,224.86,964.935,23.873,156.034,222.187,224.51,964.585,23.873
chartqa,1792,32,chartqa_val_386,approximated,355.735,415.442,417.973,332.186,750.159,27.682,0.474213,154.636,220.875,223.074,555.26,27.682,156.005,222.191,224.529,556.715,27.682
chartqa,1792,32,chartqa_val_387,approximated,369.319,429.045,431.793,625.052,1056.845,24.04,0.349454,154.191,220.42,222.624,847.676,24.04,158.466,225.047,227.346,852.398,24.04
chartqa,1792,32,chartqa_val_388,approximated,366.997,427.175,429.694,706.407,1136.101,23.547,0.323032,155.249,221.321,223.458,929.865,23.547,155.992,224.183,226.498,932.905,23.547
chartqa,1792,32,chartqa_val_389,approximated,366.384,426.065,428.423,731.902,1160.325,23.61,0.31576,172.803,238.951,242.009,973.911,23.61,156.146,222.337,224.595,956.497,23.61
chartqa,1792,32,chartqa_val_390,approximated,367.709,427.69,430.182,644.42,1074.602,23.867,0.342182,154.68,220.769,223.129,867.549,23.867,156.169,225.336,227.952,872.372,23.867
chartqa,1792,32,chartqa_val_391,approximated,355.603,415.71,417.985,341.23,759.215,24.374,0.468383,156.155,222.361,224.552,565.782,24.374,156.111,222.301,224.58,565.81,24.374
chartqa,1792,32,chartqa_val_392,approximated,376.959,437.417,439.855,48.559,488.414,24.279,0.771803,154.79,221.013,223.301,271.86,24.279,155.965,222.062,224.281,272.84,24.279
chartqa,1792,32,chartqa_val_393,approximated,407.725,468.225,471.279,696.878,1168.157,22.48,0.349032,159.005,225.478,227.78,924.658,22.48,156.167,222.436,225.027,921.905,22.48
chartqa,1792,32,chartqa_val_394,approximated,428.053,488.368,491.158,652.275,1143.433,22.492,0.374357,154.913,221.186,223.417,875.692,22.492,156.045,222.321,224.585,876.86,22.492
chartqa,1792,32,chartqa_val_395,approximated,402.258,462.496,465.074,749.404,1214.478,24.174,0.331219,155.262,222.121,224.317,973.721,24.174,156.063,222.628,224.945,974.349,24.174
chartqa,1792,32,chartqa_val_396,approximated,371.177,431.414,434.091,660.553,1094.644,23.591,0.339084,154.954,221.055,223.289,883.842,23.591,156.203,222.804,225.273,885.826,23.591
chartqa,1792,32,chartqa_val_397,approximated,363.73,423.673,426.343,437.747,864.09,24.319,0.42094,155.519,227.541,229.794,667.541,24.319,156.08,222.38,224.786,662.533,24.319
chartqa,1792,32,chartqa_val_398,approximated,408.557,468.596,471.362,588.607,1059.969,28.029,0.385442,156.847,222.968,225.182,813.789,28.029,156.005,224.94,227.275,815.882,28.029
chartqa,1792,32,chartqa_val_399,approximated,402.961,463.991,466.678,749.152,1215.83,24.166,0.331429,157.222,223.294,225.558,974.71,24.166,156.105,222.317,224.59,973.742,24.166
chartqa,1792,32,chartqa_val_400,approximated,393.373,453.785,456.316,760.098,1216.414,24.519,0.323387,158.194,224.394,227.565,987.663,24.519,156.835,223.322,227.294,987.392,24.519
chartqa,1792,32,chartqa_val_401,approximated,386.121,446.524,448.954,690.804,1139.758,22.284,0.338775,154.866,221.066,223.325,914.129,22.284,156.079,222.125,224.44,915.244,22.284
chartqa,1792,32,chartqa_val_402,approximated,463.672,524.3,526.808,273.575,800.383,22.798,0.579312,155.446,221.713,224.158,497.733,22.798,156.139,222.089,224.732,498.307,22.798
chartqa,1792,32,chartqa_val_403,approximated,371.37,431.956,434.504,782.126,1216.63,25.23,0.305245,155.684,222.022,224.183,1006.309,25.23,156.208,222.588,225.094,1007.22,25.23
chartqa,1792,32,chartqa_val_404,approximated,446.15,506.169,508.658,733.389,1242.047,24.446,0.359205,157.162,223.653,225.846,959.235,24.446,155.986,222.286,224.59,957.979,24.446
chartqa,1792,32,chartqa_val_405,approximated,406.05,465.92,469.808,769.068,1238.876,24.809,0.327757,155.346,221.982,224.429,993.497,24.809,155.99,222.099,224.357,993.425,24.809
chartqa,1792,32,chartqa_val_406,approximated,352.558,412.204,414.683,443.789,858.472,24.655,0.410681,155.907,225.055,227.513,671.302,24.655,156.127,222.435,224.713,668.502,24.655
chartqa,1792,32,chartqa_val_407,approximated,382.479,443.567,446.033,807.873,1253.906,26.06,0.30503,157.286,223.662,226.185,1034.058,26.06,156.044,222.137,224.347,1032.22,26.06
chartqa,1792,32,chartqa_val_408,approximated,433.172,493.681,496.289,722.902,1219.191,24.097,0.355295,161.023,227.338,230.001,952.903,24.097,155.888,221.909,224.122,947.024,24.097
chartqa,1792,32,chartqa_val_409,approximated,387.41,447.367,449.758,696.979,1146.737,22.483,0.337837,157.845,232.107,234.445,931.424,22.483,156.333,222.477,225.902,922.881,22.483
chartqa,1792,32,chartqa_val_410,approximated,413.04,473.356,477.011,556.999,1034.01,22.28,0.399455,157.937,224.337,226.916,783.915,22.28,156.037,222.347,224.74,781.739,22.28
chartqa,1792,32,chartqa_val_411,approximated,362.005,422.456,424.672,749.343,1174.015,24.172,0.308348,158.509,224.659,226.767,976.11,24.172,156.072,222.124,224.37,973.713,24.172
chartqa,1792,32,chartqa_val_412,approximated,393.559,453.701,456.132,148.125,604.257,21.161,0.651311,156.4,222.878,225.109,373.234,21.161,156.003,222.002,224.24,372.365,21.161
chartqa,1792,32,chartqa_val_413,approximated,424.935,485.295,488.847,702.481,1191.328,22.661,0.35669,158.109,224.722,227.112,929.593,22.661,156.025,222.491,224.697,927.178,22.661
chartqa,1792,32,chartqa_val_414,approximated,394.659,454.568,457.639,506.207,963.846,23.009,0.409463,154.526,220.82,223.199,729.406,23.009,156.21,222.488,225.056,731.263,23.009
chartqa,1792,32,chartqa_val_415,approximated,394.255,454.719,457.438,752.27,1209.708,24.267,0.325909,156.956,223.289,225.554,977.824,24.267,156.214,229.658,232.315,984.585,24.267
chartqa,1792,32,chartqa_val_416,approximated,398.942,459.063,462.557,546.843,1009.4,22.785,0.395227,156.655,222.928,225.527,772.37,22.785,156.03,222.331,225.152,771.995,22.785
chartqa,1792,32,chartqa_val_417,approximated,392.305,452.357,454.614,743.433,1198.047,23.982,0.327454,160.025,226.254,228.429,971.862,23.982,156.083,222.973,225.19,968.623,23.982
chartqa,1792,32,chartqa_val_418,approximated,505.38,565.524,567.805,668.846,1236.651,21.576,0.408668,157.081,227.538,229.881,898.727,21.576,155.93,222.428,225.036,893.882,21.576
chartqa,1792,32,chartqa_val_419,approximated,391.303,451.633,454.032,717.79,1171.822,23.155,0.333927,156.608,222.971,225.346,943.136,23.155,155.85,222.172,224.612,942.402,23.155
chartqa,1792,32,chartqa_val_420,approximated,408.365,468.381,470.968,806.479,1277.447,26.015,0.319673,155.093,234.0,236.631,1043.11,26.015,156.183,223.033,225.343,1031.822,26.015
chartqa,1792,32,chartqa_val_421,approximated,368.662,429.013,431.668,749.529,1181.197,24.178,0.312109,155.083,221.459,223.612,973.141,24.178,156.198,222.535,225.243,974.772,24.178
chartqa,1792,32,chartqa_val_422,approximated,395.755,455.804,458.349,721.815,1180.164,23.284,0.335339,155.561,222.203,224.639,946.454,23.284,156.175,222.437,224.774,946.589,23.284
chartqa,1792,32,chartqa_val_423,approximated,452.47,512.648,516.438,765.075,1281.513,24.68,0.353075,157.619,223.767,226.077,991.152,24.68,156.311,223.111,226.068,991.143,24.68
chartqa,1792,32,chartqa_val_424,approximated,399.797,460.111,462.588,347.083,809.671,24.792,0.493777,154.741,220.844,223.021,570.104,24.792,156.263,222.815,225.364,572.447,24.792
chartqa,1792,32,chartqa_val_425,approximated,367.638,427.463,429.934,819.541,1249.475,26.437,0.294234,154.195,220.699,222.844,1042.385,26.437,155.905,222.134,224.684,1044.225,26.437
chartqa,1792,32,chartqa_val_426,approximated,360.726,420.441,422.927,722.563,1145.49,23.308,0.31491,154.76,220.968,223.247,945.81,23.308,156.127,222.241,224.853,947.416,23.308
chartqa,1792,32,chartqa_val_427,approximated,404.53,464.694,467.664,672.595,1140.259,21.697,0.354771,172.672,239.098,242.174,914.769,21.697,156.397,222.6,226.098,898.693,21.697
chartqa,1792,32,chartqa_val_428,approximated,389.688,449.869,453.934,658.477,1112.411,23.517,0.350309,155.294,221.894,224.581,883.058,23.517,155.944,224.258,226.573,885.05,23.517
chartqa,1792,32,chartqa_val_429,approximated,382.257,442.369,445.054,747.145,1192.199,24.101,0.320632,155.121,221.491,223.929,971.074,24.101,156.034,222.258,224.906,972.051,24.101
chartqa,1792,32,chartqa_val_430,approximated,389.581,449.855,452.524,251.417,703.941,25.142,0.553429,155.283,223.249,225.848,477.265,25.142,156.149,222.794,225.303,476.72,25.142
chartqa,1792,32,chartqa_val_431,approximated,419.471,479.769,482.504,529.57,1012.074,27.872,0.414467,156.452,222.699,225.105,754.675,27.872,156.105,222.687,225.056,754.626,27.872
chartqa,1792,32,chartqa_val_432,approximated,406.145,466.515,469.184,300.662,769.846,25.055,0.527567,155.224,221.57,223.922,524.584,25.055,156.169,225.126,227.69,528.352,25.055
chartqa,1792,32,chartqa_val_433,approximated,371.237,431.268,433.625,776.781,1210.406,25.057,0.306704,157.431,227.322,229.989,1006.77,25.057,156.3,222.9,225.362,1002.143,25.057
chartqa,1792,32,chartqa_val_434,approximated,405.884,466.699,469.311,488.084,957.395,22.186,0.423946,157.848,224.313,226.836,714.92,22.186,156.035,222.325,224.71,712.794,22.186
chartqa,1792,32,chartqa_val_435,approximated,419.62,480.285,482.742,409.211,891.953,24.071,0.47045,155.739,222.486,224.797,634.008,24.071,155.984,222.334,224.905,634.116,24.071
chartqa,1792,32,chartqa_val_436,approximated,439.823,500.642,503.509,158.216,661.725,22.602,0.664661,154.797,221.124,223.641,381.857,22.602,156.08,222.132,224.558,382.774,22.602
chartqa,1792,32,chartqa_val_437,approximated,417.374,477.306,479.77,36.936,516.706,36.936,0.807759,155.189,221.548,224.224,261.16,36.936,155.958,222.239,224.714,261.65,36.936
chartqa,1792,32,chartqa_val_438,approximated,380.864,440.993,443.767,498.515,942.282,26.238,0.404193,155.707,222.689,225.474,723.989,26.238,156.595,222.834,225.057,723.572,26.238
chartqa,1792,32,chartqa_val_439,approximated,367.084,426.958,429.429,410.893,840.322,24.17,0.436837,161.084,227.862,230.479,641.372,24.17,156.017,222.062,224.3,635.193,24.17
chartqa,1792,32,chartqa_val_440,approximated,388.175,447.874,451.43,345.202,796.632,24.657,0.48727,155.781,225.166,227.746,572.948,24.657,155.819,222.128,224.374,569.576,24.657
chartqa,1792,32,chartqa_val_441,approximated,388.843,449.28,452.157,729.969,1182.126,23.547,0.328936,155.034,221.457,223.87,953.839,23.547,156.205,222.653,225.292,955.261,23.547
chartqa,1792,32,chartqa_val_442,approximated,373.094,433.254,435.8,398.608,834.408,28.472,0.447136,156.294,222.737,225.631,624.239,28.472,156.182,223.298,226.044,624.652,28.472
chartqa,1792,32,chartqa_val_443,approximated,394.324,454.37,456.682,751.515,1208.197,25.914,0.326374,154.958,221.682,224.294,975.809,25.914,155.961,222.192,224.588,976.103,25.914
chartqa,1792,32,chartqa_val_444,approximated,405.181,465.361,467.983,818.364,1286.347,26.399,0.314985,156.64,222.839,225.278,1043.642,26.399,156.288,222.478,224.909,1043.273,26.399
chartqa,1792,32,chartqa_val_445,approximated,387.004,447.584,451.137,737.305,1188.442,23.784,0.32564,173.549,239.892,244.037,981.342,23.784,156.651,223.192,225.941,963.246,23.784
chartqa,1792,32,chartqa_val_446,approximated,389.823,450.869,453.677,621.971,1075.648,25.915,0.362407,158.098,225.299,228.449,850.42,25.915,156.074,222.654,225.07,847.041,25.915
chartqa,1792,32,chartqa_val_447,approximated,441.811,502.003,504.439,792.254,1296.693,25.557,0.340722,154.694,221.362,223.794,1016.048,25.557,155.998,222.242,224.842,1017.096,25.557
chartqa,1792,32,chartqa_val_448,approximated,360.517,420.587,423.066,144.613,567.679,24.102,0.635072,155.794,222.45,224.972,369.585,24.102,156.034,222.159,224.463,369.076,24.102
chartqa,1792,32,chartqa_val_449,approximated,355.433,415.672,418.01,416.521,834.531,23.14,0.425908,156.979,224.617,226.912,643.433,23.14,156.205,222.614,225.277,641.798,23.14
chartqa,1792,32,chartqa_val_450,approximated,438.961,499.167,501.447,652.511,1153.958,21.049,0.380396,155.508,222.1,224.388,876.899,21.049,155.806,221.92,224.525,877.036,21.049
chartqa,1792,32,chartqa_val_451,approximated,452.856,513.07,515.242,395.006,910.248,20.79,0.497508,162.549,228.946,231.296,626.302,20.79,155.984,222.207,224.767,619.773,20.79
chartqa,1792,32,chartqa_val_452,approximated,460.433,521.232,523.471,139.081,662.552,23.18,0.694939,154.957,225.124,227.479,366.56,23.18,156.226,222.397,224.778,363.859,23.18
chartqa,1792,32,chartqa_val_453,approximated,367.375,427.311,429.713,773.197,1202.91,24.942,0.305406,155.689,222.123,224.356,997.553,24.942,156.06,222.13,224.565,997.762,24.942
chartqa,1792,32,chartqa_val_454,approximated,398.229,458.434,460.899,752.349,1213.248,24.269,0.328234,154.66,231.406,234.155,986.504,24.269,156.066,222.19,224.718,977.067,24.269
chartqa,1792,32,chartqa_val_455,approximated,357.184,417.095,419.662,549.11,968.772,24.96,0.368698,156.552,223.455,225.72,774.83,24.96,156.076,222.282,224.694,773.804,24.96
chartqa,1792,32,chartqa_val_456,approximated,498.733,558.84,561.12,205.863,766.983,25.733,0.650253,154.666,225.753,228.087,433.95,25.733,156.044,222.233,224.522,430.385,25.733
chartqa,1792,32,chartqa_val_457,approximated,375.459,435.871,438.964,739.794,1178.758,23.864,0.318521,156.154,222.633,225.212,965.006,23.864,158.505,224.692,227.846,967.64,23.864
chartqa,1792,32,chartqa_val_458,approximated,420.585,480.437,484.14,153.54,637.68,21.934,0.659555,156.686,222.977,225.161,378.701,21.934,156.025,222.091,224.571,378.111,21.934
chartqa,1792,32,chartqa_val_459,approximated,428.158,488.401,491.109,727.812,1218.921,23.478,0.35126,154.932,221.334,223.922,951.734,23.478,155.978,222.129,224.343,952.155,23.478
chartqa,1792,32,chartqa_val_460,approximated,363.176,422.972,425.682,214.81,640.492,21.481,0.567026,155.608,224.631,227.181,441.991,21.481,156.171,222.468,224.857,439.667,21.481
chartqa,1792,32,chartqa_val_461,approximated,398.018,458.12,460.752,694.968,1155.72,22.418,0.34439,155.06,221.428,223.86,918.828,22.418,155.799,221.691,223.94,918.908,22.418
chartqa,1792,32,chartqa_val_462,approximated,373.859,434.225,438.004,177.954,615.958,25.422,0.606956,154.906,221.259,223.635,401.589,25.422,155.925,221.973,224.422,402.376,25.422
chartqa,1792,32,chartqa_val_463,approximated,375.974,436.17,440.055,755.354,1195.409,24.366,0.314515,154.801,224.542,226.988,982.342,24.366,156.086,222.306,224.788,980.142,24.366
chartqa,1792,32,chartqa_val_464,approximated,370.185,429.833,432.502,408.795,841.297,21.516,0.440017,155.065,223.825,226.203,634.998,21.516,155.962,222.248,224.627,633.422,21.516
chartqa,1792,32,chartqa_val_465,approximated,439.955,500.021,502.376,747.355,1249.731,24.108,0.35204,154.616,221.069,223.271,970.626,24.108,155.952,225.863,228.175,975.53,24.108
chartqa,1792,32,chartqa_val_466,approximated,403.231,463.656,466.074,660.497,1126.571,21.306,0.357927,155.244,221.799,224.072,884.569,21.306,155.962,222.322,224.757,885.254,21.306
chartqa,1792,32,chartqa_val_467,approximated,395.227,455.541,458.269,703.85,1162.119,22.705,0.340092,156.497,227.346,229.588,933.438,22.705,155.994,222.813,225.209,929.059,22.705
chartqa,1792,32,chartqa_val_468,approximated,377.363,437.036,441.001,412.873,853.874,20.644,0.441942,154.868,220.961,223.177,636.05,20.644,155.899,221.983,224.313,637.186,20.644
chartqa,1792,32,chartqa_val_469,approximated,401.909,462.331,464.696,726.908,1191.604,23.449,0.337284,154.807,221.848,224.087,950.995,23.449,155.95,222.222,224.522,951.43,23.449
chartqa,1792,32,chartqa_val_470,approximated,375.375,436.249,438.883,667.597,1106.48,21.535,0.339251,155.246,221.495,223.706,891.303,21.535,156.019,222.301,224.667,892.264,21.535
chartqa,1792,32,chartqa_val_471,approximated,367.258,427.134,430.451,737.464,1167.915,23.789,0.314456,155.507,221.882,224.031,961.495,23.789,156.051,222.259,224.682,962.146,23.789
chartqa,1792,32,chartqa_val_472,approximated,365.183,425.054,427.544,645.199,1072.743,23.043,0.34042,155.162,221.199,223.443,868.642,23.043,155.955,222.034,224.4,869.599,23.043
chartqa,1792,32,chartqa_val_473,approximated,398.452,458.711,461.108,669.307,1130.415,21.591,0.352483,155.023,221.281,223.577,892.884,21.591,155.873,221.997,224.38,893.687,21.591
chartqa,1792,32,chartqa_val_474,approximated,373.933,434.059,437.515,429.981,867.496,22.631,0.431048,154.813,221.221,223.518,653.499,22.631,155.789,222.727,225.33,655.311,22.631
chartqa,1792,32,chartqa_val_475,approximated,368.716,428.952,431.694,692.654,1124.348,22.344,0.327938,156.451,222.978,225.226,917.88,22.344,155.907,222.229,224.471,917.125,22.344
chartqa,1792,32,chartqa_val_476,approximated,370.082,430.089,432.821,588.431,1021.252,23.537,0.362381,154.352,220.793,223.052,811.483,23.537,155.982,222.287,224.595,813.026,23.537
chartqa,1792,32,chartqa_val_477,approximated,372.134,432.093,434.592,689.836,1124.428,22.253,0.330954,155.584,221.697,223.903,913.739,22.253,155.907,221.942,224.233,914.069,22.253
chartqa,1792,32,chartqa_val_478,approximated,374.631,434.366,436.719,289.496,726.215,26.318,0.515869,154.289,220.326,222.752,512.248,26.318,155.98,221.987,224.301,513.797,26.318
chartqa,1792,32,chartqa_val_479,approximated,358.909,418.735,421.229,698.456,1119.685,22.531,0.320544,155.374,222.299,225.121,923.577,22.531,156.092,222.22,224.486,922.942,22.531
chartqa,1792,32,chartqa_val_480,approximated,429.34,489.251,491.595,648.499,1140.094,20.919,0.376583,155.798,223.048,225.641,874.14,20.919,156.092,222.083,224.453,872.952,20.919
chartqa,1792,32,chartqa_val_481,approximated,401.748,461.612,463.956,479.008,942.964,21.773,0.426048,156.214,222.68,225.279,704.287,21.773,156.032,222.137,224.443,703.451,21.773
chartqa,1792,32,chartqa_val_482,approximated,372.581,432.377,434.856,723.924,1158.78,24.963,0.321528,155.248,221.541,223.918,947.842,24.963,156.258,225.017,227.337,951.261,24.963
chartqa,1792,32,chartqa_val_483,approximated,360.627,420.962,423.304,665.042,1088.346,21.453,0.331353,155.447,221.822,224.167,889.209,21.453,156.032,222.125,224.425,889.467,21.453
chartqa,1792,32,chartqa_val_484,approximated,373.169,433.102,435.476,749.28,1184.756,24.17,0.314975,155.206,221.664,224.004,973.284,24.17,156.051,225.598,228.07,977.35,24.17
chartqa,1792,32,chartqa_val_485,approximated,380.567,441.047,443.516,241.723,685.239,21.975,0.555378,162.646,230.309,233.777,475.5,21.975,156.074,222.135,224.652,466.375,21.975
chartqa,1792,32,chartqa_val_486,approximated,402.824,463.692,466.957,607.371,1074.328,24.295,0.374954,158.262,225.177,227.846,835.217,24.295,156.273,222.693,225.134,832.505,24.295
chartqa,1792,32,chartqa_val_487,approximated,450.913,512.013,515.477,775.127,1290.604,25.004,0.349381,158.355,228.558,231.085,1006.212,25.004,156.025,222.284,224.537,999.664,25.004
chartqa,1792,32,chartqa_val_488,approximated,425.402,486.481,489.159,597.826,1086.985,27.174,0.39136,156.32,223.281,226.002,823.828,27.174,155.923,222.036,224.256,822.082,27.174
chartqa,1792,32,chartqa_val_489,approximated,412.146,472.456,475.205,834.048,1309.253,26.905,0.314795,156.244,222.566,225.04,1059.088,26.905,156.169,222.285,224.918,1058.966,26.905
chartqa,1792,32,chartqa_val_490,approximated,420.408,480.748,483.328,318.554,801.882,24.504,0.524277,154.636,220.957,223.257,541.811,24.504,156.234,222.399,224.875,543.429,24.504
chartqa,1792,32,chartqa_val_491,approximated,445.883,506.47,518.016,759.697,1277.713,24.506,0.348969,154.92,223.972,226.251,985.948,24.506,155.923,221.898,224.191,983.888,24.506
chartqa,1792,32,chartqa_val_492,approximated,393.681,453.848,456.256,735.341,1191.597,23.721,0.330381,158.233,224.462,226.966,962.307,23.721,155.976,222.212,224.442,959.783,23.721
chartqa,1792,32,chartqa_val_493,approximated,563.789,623.793,627.21,773.271,1400.481,24.944,0.402568,157.344,223.698,226.279,999.55,24.944,156.051,222.138,224.333,997.604,24.944
chartqa,1792,32,chartqa_val_494,approximated,369.539,429.812,433.25,760.067,1193.317,26.209,0.309674,157.183,223.656,226.066,986.133,26.209,155.871,222.123,224.291,984.358,26.209
chartqa,1792,32,chartqa_val_495,approximated,403.281,855.227,857.916,1234.464,2092.38,39.821,0.192738,158.542,227.339,230.203,1464.667,39.821,155.944,223.858,226.137,1460.601,39.821
chartqa,1792,32,chartqa_val_496,approximated,414.223,474.92,477.513,607.066,1084.579,23.349,0.381921,155.08,221.391,223.855,830.921,23.349,156.03,222.282,225.306,832.372,23.349
chartqa,1792,32,chartqa_val_497,approximated,372.816,432.841,435.516,708.942,1144.458,22.869,0.325758,155.872,222.204,224.409,933.351,22.869,155.778,222.02,224.296,933.238,22.869
chartqa,1792,32,chartqa_val_498,approximated,422.089,482.24,484.732,765.496,1250.228,24.693,0.33761,157.743,224.629,227.586,993.082,24.693,156.025,222.061,224.403,989.899,24.693
chartqa,1792,32,chartqa_val_499,approximated,397.869,458.005,461.356,698.301,1159.657,22.526,0.343092,156.219,222.82,225.495,923.796,22.526,156.03,222.193,224.516,922.817,22.526
chartqa,1792,64,chartqa_val_0,measured,362.646,422.736,425.66,432.899,858.559,27.056,0.422389,155.577,223.328,225.773,658.672,27.056,156.262,222.847,225.423,658.322,27.056
chartqa,1792,64,chartqa_val_1,measured,344.771,405.007,407.696,1433.842,1841.538,22.759,0.187219,156.021,222.845,225.376,1659.218,22.759,156.057,222.342,224.646,1658.488,22.759
chartqa,1792,64,chartqa_val_2,measured,426.816,866.318,869.264,4641.218,5510.482,73.67,0.077455,154.863,222.737,225.191,4866.409,73.67,155.889,223.645,225.937,4867.155,73.67
chartqa,1792,64,chartqa_val_3,measured,360.193,781.385,784.195,1241.417,2025.612,23.873,0.177819,155.737,223.7,226.185,1467.602,23.873,156.026,223.743,226.416,1467.833,23.873
chartqa,1792,64,chartqa_val_4,measured,384.535,879.162,881.676,665.006,1546.682,22.167,0.248619,155.115,223.071,225.881,890.887,22.167,156.642,224.369,226.797,891.803,22.167
chartqa,1792,64,chartqa_val_5,measured,571.342,1039.599,1043.329,348.727,1392.056,21.795,0.41043,163.85,231.848,234.185,582.912,21.795,156.08,224.322,226.753,575.48,21.795
chartqa,1792,64,chartqa_val_6,measured,427.132,918.571,921.254,456.019,1377.273,22.801,0.310129,154.654,222.682,345.848,801.867,22.801,156.14,226.438,229.206,685.225,22.801
chartqa,1792,64,chartqa_val_7,measured,389.291,449.079,451.516,643.992,1095.508,23.852,0.355352,159.558,226.21,228.921,872.913,23.852,156.117,222.595,224.815,868.807,23.852
chartqa,1792,64,chartqa_val_8,measured,386.481,832.448,834.827,724.145,1558.972,23.36,0.247908,154.934,227.709,230.395,954.54,23.36,156.053,228.563,230.835,954.98,23.36
chartqa,1792,64,chartqa_val_9,measured,366.126,426.238,428.99,2590.61,3019.6,41.121,0.12125,159.36,225.508,227.772,2818.382,41.121,155.953,222.051,224.258,2814.868,41.121
chartqa,1792,64,chartqa_val_10,measured,391.9,861.066,864.008,5628.307,6492.315,89.338,0.060364,155.538,223.384,225.725,5854.032,89.338,156.123,224.043,226.354,5854.661,89.338
chartqa,1792,64,chartqa_val_11,measured,345.924,801.97,804.655,4015.405,4820.06,63.737,0.071768,157.316,224.984,227.206,4242.611,63.737,156.624,231.824,234.33,4249.735,63.737
chartqa,1792,64,chartqa_val_12,measured,398.56,459.079,461.837,534.178,996.015,23.225,0.400154,156.866,223.293,225.696,759.874,23.225,156.042,223.786,226.038,760.216,23.225
chartqa,1792,64,chartqa_val_13,measured,424.73,484.919,487.578,1491.664,1979.242,23.677,0.214592,160.254,226.708,230.522,1722.186,23.677,155.865,221.78,223.978,1715.642,23.677
chartqa,1792,64,chartqa_val_14,measured,349.074,409.049,411.399,781.783,1193.182,23.69,0.292557,169.244,236.013,239.212,1020.995,23.69,156.146,222.394,224.78,1006.563,23.69
chartqa,1792,64,chartqa_val_15,measured,354.805,415.085,417.37,1529.425,1946.795,24.277,0.182251,156.947,223.289,225.596,1755.021,24.277,156.181,222.616,224.989,1754.414,24.277
chartqa,1792,64,chartqa_val_16,measured,352.858,413.115,415.607,762.482,1178.089,23.828,0.299518,157.789,224.185,226.376,988.858,23.828,156.307,223.099,225.968,988.45,23.828
chartqa,1792,64,chartqa_val_17,measured,392.778,915.484,917.842,1415.59,2333.432,22.47,0.168326,156.483,227.382,229.642,1645.232,22.47,156.082,226.381,228.803,1644.393,22.47
chartqa,1792,64,chartqa_val_18,measured,371.034,853.571,856.385,300.515,1156.9,23.117,0.320714,159.347,227.692,230.053,530.568,23.117,155.991,225.401,227.621,528.136,23.117
chartqa,1792,64,chartqa_val_19,measured,398.065,458.524,461.068,1104.707,1565.775,23.015,0.254229,154.345,220.526,222.837,1327.544,23.015,156.075,222.196,224.41,1329.117,23.015
chartqa,1792,64,chartqa_val_20,measured,417.1,477.949,480.261,381.669,861.93,22.451,0.483914,155.722,222.364,225.795,607.464,22.451,156.582,222.614,225.0,606.669,22.451
chartqa,1792,64,chartqa_val_21,measured,397.43,870.466,872.899,1491.569,2364.468,23.676,0.168084,155.212,223.103,225.55,1717.119,23.676,155.938,223.794,225.917,1717.486,23.676
chartqa,1792,64,chartqa_val_22,measured,423.665,484.327,486.85,898.628,1385.478,23.042,0.305789,162.041,228.195,230.437,1129.065,23.042,156.069,222.339,224.714,1123.342,23.042
chartqa,1792,64,chartqa_val_23,measured,416.31,477.018,479.619,1465.288,1944.907,23.259,0.214051,155.94,222.328,224.516,1689.804,23.259,156.012,222.168,224.481,1689.769,23.259
chartqa,1792,64,chartqa_val_24,measured,392.739,453.018,455.527,565.364,1020.891,22.615,0.384702,155.296,221.814,224.643,790.007,22.615,156.088,222.269,224.653,790.017,22.615
chartqa,1792,64,chartqa_val_25,measured,383.758,444.765,447.103,853.965,1301.068,23.721,0.294957,158.775,225.485,227.667,1081.632,23.721,156.192,222.542,224.833,1078.798,23.721
chartqa,1792,64,chartqa_val_26,measured,384.936,445.012,447.871,825.046,1272.917,25.783,0.302405,157.455,224.002,226.432,1051.478,25.783,156.239,234.731,237.474,1062.52,25.783
chartqa,1792,64,chartqa_val_27,measured,361.114,420.993,423.333,1474.46,1897.793,23.404,0.190281,157.233,229.612,231.94,1706.4,23.404,155.906,221.855,224.206,1698.666,23.404
chartqa,1792,64,chartqa_val_28,measured,361.046,847.487,850.187,608.526,1458.713,22.538,0.24751,155.299,223.164,225.459,833.985,22.538,156.038,223.875,226.445,834.971,22.538
chartqa,1792,64,chartqa_val_29,measured,387.632,447.975,451.404,1386.654,1838.058,22.01,0.210892,154.646,220.948,223.204,1609.858,22.01,156.151,222.604,224.908,1611.562,22.01
chartqa,1792,64,chartqa_val_30,measured,427.177,487.728,490.483,891.916,1382.399,21.236,0.309011,156.281,222.981,225.5,1117.416,21.236,156.138,222.396,225.022,1116.938,21.236
chartqa,1792,64,chartqa_val_31,measured,361.811,422.353,425.047,881.017,1306.064,20.977,0.277024,157.539,224.238,226.754,1107.771,20.977,156.036,222.243,224.782,1105.799,20.977
chartqa,1792,64,chartqa_val_32,measured,374.49,812.447,814.873,1264.252,2079.125,43.595,0.180119,155.081,223.424,225.753,1490.005,43.595,156.065,223.906,226.304,1490.556,43.595
chartqa,1792,64,chartqa_val_33,measured,372.046,431.926,434.538,879.527,1314.065,23.145,0.283126,157.263,223.58,226.049,1105.576,23.145,156.173,222.735,224.993,1104.52,23.145
chartqa,1792,64,chartqa_val_34,measured,365.496,425.621,428.146,398.309,826.455,24.894,0.442245,154.995,221.318,223.635,621.944,24.894,156.045,222.205,224.524,622.833,24.894
chartqa,1792,64,chartqa_val_35,measured,369.759,430.012,432.443,1546.452,1978.895,24.547,0.186851,154.723,221.07,223.409,1769.861,24.547,157.107,226.988,229.316,1775.768,24.547
chartqa,1792,64,chartqa_val_36,measured,361.479,421.391,424.022,794.03,1218.052,22.687,0.296768,156.912,223.341,225.703,1019.733,22.687,155.951,222.758,225.117,1019.147,22.687
chartqa,1792,64,chartqa_val_37,measured,393.717,454.222,456.604,1395.305,1851.909,22.148,0.212601,155.796,222.229,224.672,1619.977,22.148,156.349,222.965,225.521,1620.826,22.148
chartqa,1792,64,chartqa_val_38,measured,387.421,447.453,450.448,819.358,1269.806,21.562,0.305103,155.661,222.098,224.726,1044.084,21.562,156.06,222.413,225.11,1044.468,21.562
chartqa,1792,64,chartqa_val_39,measured,404.125,464.47,466.758,1514.123,1980.881,24.034,0.204013,158.806,225.312,227.78,1741.903,24.034,156.006,222.015,224.311,1738.434,24.034
chartqa,1792,64,chartqa_val_40,measured,371.171,431.621,434.301,874.276,1308.577,24.979,0.283645,154.576,220.771,223.067,1097.343,24.979,155.946,222.172,224.429,1098.705,24.979
chartqa,1792,64,chartqa_val_41,measured,409.97,470.09,472.419,593.62,1066.039,23.745,0.384573,154.793,220.973,223.191,816.811,23.745,156.014,222.2,224.56,818.18,23.745
chartqa,1792,64,chartqa_val_42,measured,362.801,422.823,425.148,173.034,598.182,21.629,0.606506,154.731,220.823,222.976,396.01,21.629,156.335,222.538,225.081,398.115,21.629
chartqa,1792,64,chartqa_val_43,measured,527.013,587.206,589.526,1535.211,2124.737,24.368,0.248037,156.562,222.606,224.783,1759.994,24.368,156.132,222.611,225.04,1760.251,24.368
chartqa,1792,64,chartqa_val_44,measured,390.748,451.197,453.85,309.99,763.84,23.845,0.511558,156.16,222.761,225.656,535.646,23.845,156.349,231.466,234.381,544.371,23.845
chartqa,1792,64,chartqa_val_45,measured,363.578,423.78,426.207,1521.489,1947.696,24.151,0.186671,154.62,220.842,223.223,1744.712,24.151,156.117,222.456,224.857,1746.346,24.151
chartqa,1792,64,chartqa_val_46,measured,404.243,464.403,468.301,703.969,1172.27,22.709,0.344838,157.013,223.416,225.698,929.667,22.709,155.992,222.264,224.607,928.576,22.709
chartqa,1792,64,chartqa_val_47,measured,358.87,419.097,421.591,1353.925,1775.516,21.491,0.202122,155.131,221.385,223.82,1577.745,21.491,156.638,224.829,228.37,1582.295,21.491
chartqa,1792,64,chartqa_val_48,measured,420.299,481.344,484.481,1536.712,2021.193,24.392,0.207946,158.305,224.618,227.149,1763.861,24.392,156.097,222.671,225.131,1761.843,24.392
chartqa,1792,64,chartqa_val_49,measured,368.374,428.321,430.934,1407.734,1838.668,23.078,0.200348,155.799,222.548,225.336,1633.07,23.078,156.209,226.213,229.102,1636.836,23.078
chartqa,1792,64,chartqa_val_50,measured,384.308,444.392,446.936,1052.964,1499.9,23.931,0.256222,158.482,224.851,228.94,1281.904,23.931,155.959,227.907,230.196,1283.16,23.931
chartqa,1792,64,chartqa_val_51,measured,367.945,428.378,430.737,1511.652,1942.389,23.994,0.189429,162.44,228.822,231.095,1742.747,23.994,155.839,222.177,224.39,1736.042,23.994
chartqa,1792,64,chartqa_val_52,measured,393.717,454.384,456.949,217.997,674.946,27.25,0.583331,155.032,221.232,223.684,441.681,27.25,155.903,222.011,224.389,442.386,27.25
chartqa,1792,64,chartqa_val_53,measured,371.579,432.131,434.6,1334.906,1769.506,24.271,0.20999,157.643,225.076,227.303,1562.209,24.271,155.97,222.24,224.5,1559.406,24.271
chartqa,1792,64,chartqa_val_54,measured,398.274,458.088,460.394,1129.352,1589.746,22.144,0.250527,154.885,221.039,223.421,1352.773,22.144,156.036,222.473,224.841,1354.193,22.144
chartqa,1792,64,chartqa_val_55,measured,388.738,448.934,451.272,1430.787,1882.059,22.711,0.206549,159.485,225.805,228.094,1658.881,22.711,155.912,221.895,224.101,1654.888,22.711
chartqa,1792,64,chartqa_val_56,measured,353.235,413.515,415.685,1286.909,1702.594,26.263,0.207469,156.26,222.742,225.048,1511.957,26.263,156.143,222.638,225.517,1512.426,26.263
chartqa,1792,64,chartqa_val_57,measured,363.847,424.606,426.951,526.37,953.321,26.318,0.381662,155.217,221.53,223.888,750.258,26.318,156.18,222.397,224.73,751.1,26.318
chartqa,1792,64,chartqa_val_58,measured,363.685,424.024,426.364,720.651,1147.015,25.738,0.317071,154.918,220.962,223.233,943.884,25.738,156.035,222.322,224.86,945.511,25.738
chartqa,1792,64,chartqa_val_59,measured,403.979,464.111,466.348,1451.246,1917.594,23.036,0.21067,156.483,222.859,225.239,1676.485,23.036,156.037,222.379,224.914,1676.16,23.036
chartqa,1792,64,chartqa_val_60,measured,386.522,446.894,449.288,660.015,1109.303,23.572,0.348437,154.83,221.341,223.831,883.846,23.572,156.366,222.844,225.804,885.819,23.572
chartqa,1792,64,chartqa_val_61,measured,395.818,456.37,458.689,1563.2,2021.889,24.813,0.195766,159.019,225.898,228.335,1791.535,24.813,156.079,222.292,224.666,1787.866,24.813
chartqa,1792,64,chartqa_val_62,measured,383.476,443.512,445.992,474.849,920.841,21.584,0.416441,154.672,220.925,223.437,698.286,21.584,156.147,222.551,224.91,699.759,21.584
chartqa,1792,64,chartqa_val_63,measured,393.133,453.341,456.012,750.795,1206.807,23.462,0.325763,154.889,221.283,223.636,974.431,23.462,155.971,221.94,224.219,975.014,23.462
chartqa,1792,64,chartqa_val_64,measured,395.103,455.606,458.38,334.324,792.704,22.288,0.498424,158.482,224.848,227.506,561.83,22.288,155.894,222.186,224.451,558.775,22.288
chartqa,1792,64,chartqa_val_65,measured,406.186,466.485,470.157,1406.933,1877.09,22.332,0.216392,154.907,221.453,223.76,1630.693,22.332,155.97,222.351,224.623,1631.556,22.332
chartqa,1792,64,chartqa_val_66,measured,412.192,472.187,474.72,637.105,1111.825,21.969,0.370735,154.917,221.045,223.392,860.497,21.969,156.69,223.29,227.224,864.329,21.969
chartqa,1792,64,chartqa_val_67,measured,415.682,476.137,479.368,1476.744,1956.112,23.44,0.212504,155.419,231.157,233.666,1710.41,23.44,156.041,222.383,225.047,1701.791,23.44
chartqa,1792,64,chartqa_val_68,measured,389.43,449.703,452.165,215.4,667.565,23.933,0.583359,158.412,224.671,227.609,443.009,23.933,156.054,222.522,225.023,440.423,23.933
chartqa,1792,64,chartqa_val_69,measured,358.858,418.889,421.172,1482.048,1903.22,23.525,0.188553,157.062,223.483,225.701,1707.749,23.525,156.141,222.655,225.053,1707.101,23.525
chartqa,1792,64,chartqa_val_70,measured,393.568,453.959,456.258,1455.415,1911.673,23.102,0.205876,154.967,221.369,223.822,1679.237,23.102,156.037,225.39,227.852,1683.267,23.102
chartqa,1792,64,chartqa_val_71,measured,378.283,903.374,906.174,1551.976,2458.15,24.635,0.153889,155.571,223.443,226.031,1778.007,24.635,156.66,230.874,233.757,1785.733,24.635
chartqa,1792,64,chartqa_val_72,measured,389.874,450.356,452.816,430.509,883.325,26.907,0.441371,155.448,221.934,224.381,654.89,26.907,156.21,222.894,225.426,655.935,26.907
chartqa,1792,64,chartqa_val_73,measured,352.133,412.485,414.899,1433.386,1848.285,22.752,0.190519,154.636,221.231,223.843,1657.229,22.752,156.115,222.995,225.48,1658.866,22.752
chartqa,1792,64,chartqa_val_74,measured,365.113,425.26,427.727,392.819,820.546,23.107,0.444964,155.445,221.673,224.196,617.015,23.107,156.005,222.308,224.801,617.62,23.107
chartqa,1792,64,chartqa_val_75,measured,424.122,484.584,486.851,1619.372,2106.223,25.704,0.201366,155.305,225.337,227.675,1847.047,25.704,155.924,222.023,224.317,1843.689,25.704
chartqa,1792,64,chartqa_val_76,measured,401.338,461.458,464.086,333.861,797.947,25.682,0.502963,156.111,222.845,226.489,560.35,25.682,156.208,222.544,225.216,559.077,25.682
chartqa,1792,64,chartqa_val_77,measured,359.865,420.574,423.124,1447.006,1870.13,22.968,0.192428,154.739,220.954,223.357,1670.363,22.968,156.145,224.184,226.648,1673.654,22.968
chartqa,1792,64,chartqa_val_78,measured,358.855,419.678,422.693,570.442,993.135,22.818,0.361336,156.161,222.704,225.133,795.575,22.818,157.429,223.596,227.066,797.508,22.818
chartqa,1792,64,chartqa_val_79,measured,424.186,484.422,486.719,594.904,1081.623,23.796,0.392175,155.721,222.045,225.045,819.949,23.796,156.301,222.469,225.329,820.233,23.796
chartqa,1792,64,chartqa_val_80,measured,553.892,614.047,616.539,465.518,1082.057,23.276,0.511888,160.89,227.794,230.113,695.631,23.276,156.38,222.581,224.882,690.4,23.276
chartqa,1792,64,chartqa_val_81,measured,394.923,455.054,461.571,1412.848,1874.419,22.426,0.210691,155.106,221.629,224.017,1636.865,22.426,156.149,222.566,225.215,1638.063,22.426
chartqa,1792,64,chartqa_val_82,measured,389.227,449.213,451.605,351.236,802.841,27.018,0.484813,155.973,222.394,224.782,576.018,27.018,156.008,222.221,224.512,575.748,27.018
chartqa,1792,64,chartqa_val_83,measured,406.113,466.45,469.373,1501.597,1970.97,23.835,0.206047,175.438,241.921,246.82,1748.417,23.835,156.088,222.33,225.084,1726.681,23.835
chartqa,1792,64,chartqa_val_84,measured,415.47,475.9,479.034,616.18,1095.214,26.79,0.37935,156.783,223.404,225.825,842.005,26.79,156.09,222.349,224.783,840.963,26.79
chartqa,1792,64,chartqa_val_85,measured,395.434,456.22,458.742,1505.406,1964.148,23.895,0.201326,154.521,220.92,223.311,1728.717,23.895,155.943,227.032,229.294,1734.7,23.895
chartqa,1792,64,chartqa_val_86,measured,382.156,442.628,445.473,547.061,992.534,24.866,0.385031,156.444,222.785,225.407,772.468,24.866,156.034,222.302,224.787,771.848,24.866
chartqa,1792,64,chartqa_val_87,measured,390.329,450.56,454.646,916.948,1371.594,24.13,0.284581,158.75,225.025,227.338,1144.286,24.13,155.909,221.926,224.239,1141.187,24.13
chartqa,1792,64,chartqa_val_88,measured,432.806,492.9,495.411,1265.862,1761.273,23.442,0.245735,159.387,225.817,228.139,1494.001,23.442,156.152,222.213,224.507,1490.369,23.442
chartqa,1792,64,chartqa_val_89,measured,362.041,422.24,424.765,1553.406,1978.171,24.657,0.183018,156.345,222.899,225.19,1778.596,24.657,156.187,225.1,227.306,1780.712,24.657
chartqa,1792,64,chartqa_val_90,measured,397.184,457.403,459.76,1074.33,1534.09,24.417,0.258905,155.066,221.262,223.704,1298.034,24.417,156.036,221.922,224.191,1298.521,24.417
chartqa,1792,64,chartqa_val_91,measured,382.508,442.858,448.879,1563.038,2011.917,25.21,0.190121,155.236,221.657,224.017,1787.055,25.21,155.978,221.955,224.256,1787.294,25.21
chartqa,1792,64,chartqa_val_92,measured,394.484,454.34,456.723,328.162,784.885,25.243,0.502601,155.983,222.36,224.798,552.96,25.243,155.926,223.584,225.937,554.099,25.243
chartqa,1792,64,chartqa_val_93,measured,361.504,421.417,423.812,1031.368,1455.18,23.985,0.248426,154.993,221.515,224.216,1255.584,23.985,156.057,222.152,224.672,1256.04,23.985
chartqa,1792,64,chartqa_val_94,measured,371.428,432.445,434.957,1449.345,1884.302,24.156,0.197117,156.464,222.721,225.148,1674.493,24.156,156.391,222.683,225.915,1675.26,24.156
chartqa,1792,64,chartqa_val_95,measured,367.686,427.676,430.211,1515.168,1945.379,24.05,0.189005,157.279,223.653,225.984,1741.152,24.05,155.862,221.892,224.164,1739.332,24.05
chartqa,1792,64,chartqa_val_96,measured,391.72,451.957,454.337,750.694,1205.031,22.748,0.32507,159.182,225.956,228.431,979.125,22.748,156.261,222.606,225.99,976.684,22.748
chartqa,1792,64,chartqa_val_97,measured,366.908,427.027,430.284,1427.032,1857.316,22.651,0.197547,155.072,221.196,223.417,1650.449,22.651,156.006,222.208,224.585,1651.617,22.651
chartqa,1792,64,chartqa_val_98,measured,410.433,470.867,474.286,1433.819,1908.105,22.759,0.2151,155.916,222.07,224.292,1658.111,22.759,156.051,222.063,224.413,1658.232,22.759
chartqa,1792,64,chartqa_val_99,measured,427.784,487.956,490.342,1352.056,1842.398,21.461,0.232189,156.611,222.985,225.219,1577.275,21.461,156.123,222.345,224.772,1576.828,21.461
chartqa,1792,64,chartqa_val_100,measured,383.122,443.403,446.186,1192.341,1638.527,22.08,0.233821,154.579,220.873,223.249,1415.59,22.08,156.067,222.367,224.826,1417.167,22.08
chartqa,1792,64,chartqa_val_101,measured,399.662,459.967,463.721,1439.377,1903.098,22.847,0.210006,155.322,221.945,224.288,1663.665,22.847,155.965,224.098,226.488,1665.865,22.847
chartqa,1792,64,chartqa_val_102,measured,399.198,459.831,462.837,191.857,654.694,21.317,0.609747,155.447,221.816,224.29,416.147,21.317,156.078,222.261,224.7,416.557,21.317
chartqa,1792,64,chartqa_val_103,measured,388.884,449.489,451.76,1355.127,1806.887,21.51,0.215223,155.651,221.869,224.263,1579.39,21.51,155.954,222.08,224.384,1579.511,21.51
chartqa,1792,64,chartqa_val_104,measured,394.185,454.533,456.835,261.394,718.229,26.139,0.54883,160.428,226.829,229.389,490.783,26.139,155.94,222.006,224.302,485.696,26.139
chartqa,1792,64,chartqa_val_105,measured,362.25,422.382,425.016,1453.245,1878.261,23.067,0.192865,159.415,225.92,228.192,1681.437,23.067,156.038,234.26,236.483,1689.728,23.067
chartqa,1792,64,chartqa_val_106,measured,395.112,455.579,459.11,626.658,1085.768,23.21,0.363901,154.597,220.967,223.242,849.9,23.21,156.034,222.127,224.506,851.164,23.21
chartqa,1792,64,chartqa_val_107,measured,391.073,451.589,454.506,1493.34,1947.846,23.704,0.200772,154.333,220.491,222.689,1716.029,23.704,156.056,222.531,225.246,1718.586,23.704
chartqa,1792,64,chartqa_val_108,measured,389.814,449.938,452.433,262.482,714.915,21.874,0.545259,156.126,222.496,224.791,487.273,21.874,156.295,222.862,226.001,488.483,21.874
chartqa,1792,64,chartqa_val_109,measured,442.888,503.23,506.137,1054.411,1560.548,23.431,0.283803,157.659,224.327,227.02,1281.431,23.431,156.096,223.512,225.972,1280.383,23.431
chartqa,1792,64,chartqa_val_110,measured,388.739,449.008,451.489,370.357,821.846,20.575,0.473007,154.887,221.118,223.566,593.923,20.575,156.237,223.733,226.254,596.611,20.575
chartqa,1792,64,chartqa_val_111,measured,404.412,465.092,467.807,1414.664,1882.471,22.455,0.21483,155.332,221.832,224.186,1638.85,22.455,156.014,222.122,224.489,1639.153,22.455
chartqa,1792,64,chartqa_val_112,measured,389.718,450.577,452.978,333.258,786.236,25.635,0.495676,157.67,223.954,226.269,559.527,25.635,156.025,222.084,224.491,557.749,25.635
chartqa,1792,64,chartqa_val_113,measured,400.115,460.44,462.999,1507.943,1970.942,23.936,0.203007,155.813,222.094,224.506,1732.449,23.936,156.027,222.173,224.854,1732.797,23.936
chartqa,1792,64,chartqa_val_114,measured,371.73,431.749,434.443,308.155,742.598,25.68,0.500581,157.657,223.721,226.083,534.238,25.68,156.111,222.63,225.042,533.197,25.68
chartqa,1792,64,chartqa_val_115,measured,374.338,434.413,437.619,1501.414,1939.033,23.832,0.193054,154.553,220.659,222.92,1724.334,23.832,156.047,223.081,225.425,1726.839,23.832
chartqa,1792,64,chartqa_val_116,measured,363.07,423.344,426.13,129.567,555.697,21.595,0.653358,156.797,223.077,225.438,355.005,21.595,156.14,222.404,224.758,354.325,21.595
chartqa,1792,64,chartqa_val_117,measured,444.424,504.674,508.307,833.486,1341.793,21.934,0.331217,155.689,222.115,224.542,1058.028,21.934,155.959,222.256,224.537,1058.023,21.934
chartqa,1792,64,chartqa_val_118,measured,559.189,619.632,622.09,706.794,1328.884,22.087,0.420796,157.982,228.347,230.813,937.607,22.087,156.31,222.998,225.888,932.682,22.087
chartqa,1792,64,chartqa_val_119,measured,437.692,498.321,500.846,1571.183,2072.029,24.939,0.211238,157.921,224.049,226.879,1798.062,24.939,156.094,222.345,224.623,1795.806,24.939
chartqa,1792,64,chartqa_val_120,measured,408.562,468.829,472.817,848.353,1321.17,22.928,0.309242,156.049,222.246,224.546,1072.899,22.928,156.172,222.303,224.96,1073.313,22.928
chartqa,1792,64,chartqa_val_121,measured,360.059,420.31,423.243,517.01,940.253,23.5,0.382939,157.96,224.355,226.614,743.624,23.5,156.55,223.01,227.015,744.025,23.5
chartqa,1792,64,chartqa_val_122,measured,393.648,453.594,457.257,532.536,989.793,20.482,0.397708,155.558,221.896,224.262,756.798,20.482,156.123,222.578,225.408,757.944,20.482
chartqa,1792,64,chartqa_val_123,measured,418.225,912.669,917.1,1511.162,2428.262,23.987,0.172232,156.731,224.758,227.076,1738.238,23.987,156.095,224.235,226.872,1738.034,23.987
chartqa,1792,64,chartqa_val_124,measured,371.274,860.365,863.176,641.778,1504.954,23.77,0.246701,155.192,222.893,225.35,867.128,23.77,156.093,224.189,227.118,868.896,23.77
chartqa,1792,64,chartqa_val_125,measured,392.751,452.888,455.555,1528.014,1983.569,24.254,0.198002,155.002,221.584,224.232,1752.246,24.254,156.543,222.845,226.159,1754.173,24.254
chartqa,1792,64,chartqa_val_126,measured,430.127,490.217,492.746,327.529,820.275,21.835,0.52437,159.018,225.23,227.536,555.065,21.835,155.859,221.806,224.15,551.679,21.835
chartqa,1792,64,chartqa_val_127,measured,377.908,438.531,440.877,834.522,1275.399,23.843,0.296306,156.258,222.812,225.052,1059.574,23.843,155.886,222.216,224.527,1059.049,23.843
chartqa,1792,64,chartqa_val_128,measured,390.78,450.833,453.377,397.047,850.424,20.897,0.459512,155.483,221.798,224.04,621.087,20.897,156.014,222.183,224.472,621.519,20.897
chartqa,1792,64,chartqa_val_129,measured,390.648,450.697,452.995,900.125,1353.12,23.687,0.288702,156.969,223.041,225.253,1125.378,23.687,155.99,222.919,225.254,1125.379,23.687
chartqa,1792,64,chartqa_val_130,measured,363.445,423.55,425.874,870.961,1296.835,25.617,0.280256,154.753,220.904,223.199,1094.16,25.617,156.005,222.065,224.406,1095.367,25.617
chartqa,1792,64,chartqa_val_131,measured,394.156,454.559,456.956,1349.95,1806.906,21.428,0.218139,156.68,223.047,225.351,1575.301,21.428,156.055,222.244,224.59,1574.54,21.428
chartqa,1792,64,chartqa_val_132,measured,396.04,456.462,460.23,1454.786,1915.016,23.464,0.206808,155.079,221.45,223.787,1678.573,23.464,156.017,221.946,224.443,1679.229,23.464
chartqa,1792,64,chartqa_val_133,measured,398.543,458.757,461.383,1594.88,2056.263,25.316,0.193819,155.225,221.365,223.677,1818.557,25.316,155.98,224.309,226.699,1821.579,25.316
chartqa,1792,64,chartqa_val_134,measured,414.523,475.107,478.805,638.619,1117.424,23.653,0.370963,156.159,222.549,224.872,863.491,23.653,155.924,223.35,225.751,864.37,23.653
chartqa,1792,64,chartqa_val_135,measured,389.739,450.206,453.047,1438.722,1891.769,22.837,0.206018,156.427,222.886,225.423,1664.145,22.837,155.884,222.383,224.759,1663.481,22.837
chartqa,1792,64,chartqa_val_136,measured,398.561,459.245,462.082,509.819,971.901,24.277,0.410084,157.961,224.222,226.759,736.578,24.277,156.063,222.197,224.551,734.37,24.277
chartqa,1792,64,chartqa_val_137,measured,404.907,908.073,910.591,644.195,1554.786,25.768,0.260426,161.22,228.803,231.11,875.305,25.768,156.218,224.354,226.844,871.039,25.768
chartqa,1792,64,chartqa_val_138,measured,394.568,454.639,457.058,608.748,1065.806,22.546,0.370206,158.137,224.431,226.949,835.697,22.546,156.002,221.971,224.345,833.093,22.546
chartqa,1792,64,chartqa_val_139,measured,425.403,485.621,487.922,663.095,1151.017,22.865,0.369589,154.857,221.201,223.598,886.693,22.865,156.065,227.098,229.468,892.563,22.865
chartqa,1792,64,chartqa_val_140,measured,361.327,421.614,424.006,697.093,1121.099,24.896,0.322297,155.972,222.472,224.683,921.776,24.896,155.988,222.469,224.819,921.912,24.896
chartqa,1792,64,chartqa_val_141,measured,374.269,435.017,437.484,1606.614,2044.098,25.502,0.183097,155.135,221.462,223.799,1830.413,25.502,155.971,222.076,224.401,1831.015,25.502
chartqa,1792,64,chartqa_val_142,measured,363.152,423.928,426.523,788.939,1215.462,22.541,0.298777,154.646,221.059,223.658,1012.597,22.541,155.933,222.901,225.229,1014.168,22.541
chartqa,1792,64,chartqa_val_143,measured,403.458,463.827,466.237,1441.469,1907.706,22.88,0.211489,156.59,223.684,226.477,1667.946,22.88,155.989,222.309,224.612,1666.081,22.88
chartqa,1792,64,chartqa_val_144,measured,365.394,425.533,427.904,587.765,1015.669,22.606,0.359757,155.789,222.159,224.633,812.398,22.606,155.942,222.253,224.522,812.287,22.606
chartqa,1792,64,chartqa_val_145,measured,393.224,454.226,457.702,1157.25,1614.952,24.109,0.24349,155.507,221.603,224.089,1381.339,24.109,156.384,222.714,226.127,1383.377,24.109
chartqa,1792,64,chartqa_val_146,measured,384.19,444.311,446.777,1438.757,1885.534,22.837,0.203756,158.301,224.901,227.358,1666.115,22.837,155.965,222.151,224.699,1663.456,22.837
chartqa,1792,64,chartqa_val_147,measured,386.901,447.304,449.61,1501.367,1950.977,23.831,0.198311,155.312,221.855,224.182,1725.549,23.831,156.006,222.699,225.079,1726.446,23.831
chartqa,1792,64,chartqa_val_148,measured,397.72,457.747,460.083,671.633,1131.716,23.987,0.351431,154.412,220.813,223.176,894.809,23.987,155.9,222.119,224.367,896.0,23.987
chartqa,1792,64,chartqa_val_149,measured,383.079,443.608,446.775,1441.939,1888.714,22.888,0.202825,156.724,222.87,225.116,1667.055,22.888,155.881,221.927,224.168,1666.107,22.888
chartqa,1792,64,chartqa_val_150,measured,400.094,460.225,463.065,486.323,949.388,23.158,0.421423,154.811,221.159,223.923,710.246,23.158,156.067,222.087,224.616,710.939,23.158
chartqa,1792,64,chartqa_val_151,measured,392.358,452.674,456.183,1483.276,1939.459,23.544,0.202303,155.378,221.624,223.92,1707.196,23.544,156.053,222.466,225.149,1708.425,23.544
chartqa,1792,64,chartqa_val_152,measured,402.058,462.346,466.119,187.944,654.063,20.883,0.614709,156.495,222.751,225.546,413.49,20.883,156.194,222.785,225.278,413.222,20.883
chartqa,1792,64,chartqa_val_153,measured,395.687,456.358,458.566,298.061,756.627,29.806,0.522963,156.123,223.133,225.697,523.758,29.806,155.926,221.863,224.114,522.175,29.806
chartqa,1792,64,chartqa_val_154,measured,354.378,414.264,416.689,1000.864,1417.553,22.747,0.249993,158.847,225.527,228.121,1228.985,22.747,155.939,222.331,225.009,1225.873,22.747
chartqa,1792,64,chartqa_val_155,measured,573.206,634.141,636.38,311.161,947.541,22.226,0.60494,155.796,222.262,224.774,535.935,22.226,156.012,222.265,224.558,535.719,22.226
chartqa,1792,64,chartqa_val_156,measured,439.738,500.48,503.242,806.519,1309.761,26.017,0.335739,157.165,223.521,225.987,1032.506,26.017,156.247,222.551,224.853,1031.372,26.017
chartqa,1792,64,chartqa_val_157,measured,377.892,437.875,440.416,1537.065,1977.481,24.398,0.191097,155.103,221.372,223.693,1760.758,24.398,156.041,222.283,224.642,1761.707,24.398
chartqa,1792,64,chartqa_val_158,measured,366.463,426.469,429.046,777.398,1206.444,24.294,0.303755,155.025,221.142,223.443,1000.841,24.294,155.949,222.235,224.588,1001.986,24.294
chartqa,1792,64,chartqa_val_159,measured,417.149,477.571,480.003,350.349,830.352,21.897,0.502376,155.502,221.463,223.686,574.035,21.897,156.423,399.146,401.375,751.724,21.897
chartqa,1792,64,chartqa_val_160,measured,398.989,458.958,461.371,575.468,1036.839,23.978,0.384813,155.138,221.689,224.392,799.86,23.978,155.873,221.861,224.127,799.595,23.978
chartqa,1792,64,chartqa_val_161,measured,434.252,494.669,497.083,1507.541,2004.624,23.929,0.216625,157.071,223.796,226.211,1733.752,23.929,156.27,223.019,226.106,1733.647,23.929
chartqa,1792,64,chartqa_val_162,measured,359.414,419.387,422.115,1279.077,1701.192,21.679,0.211272,155.972,222.241,224.892,1503.969,21.679,155.856,221.665,223.963,1503.04,21.679
chartqa,1792,64,chartqa_val_163,measured,365.854,425.736,428.846,1441.155,1870.001,22.875,0.195644,155.598,221.827,224.275,1665.43,22.875,156.062,222.117,224.413,1665.568,22.875
chartqa,1792,64,chartqa_val_164,measured,369.072,429.419,431.949,1108.275,1540.224,23.58,0.239622,154.288,220.277,222.544,1330.819,23.58,156.524,222.615,226.018,1334.293,23.58
chartqa,1792,64,chartqa_val_165,measured,370.781,430.79,433.223,1050.553,1483.776,23.346,0.24989,157.173,223.784,226.224,1276.777,23.346,156.08,222.421,225.473,1276.026,23.346
chartqa,1792,64,chartqa_val_166,measured,390.53,450.807,453.247,606.114,1059.361,20.9,0.368647,156.142,222.271,224.458,830.572,20.9,155.979,223.82,226.314,832.428,20.9
chartqa,1792,64,chartqa_val_167,measured,358.035,827.187,829.529,1086.928,1916.457,22.644,0.186822,154.666,222.966,225.627,1312.555,22.644,156.035,224.614,227.506,1314.434,22.644
chartqa,1792,64,chartqa_val_168,measured,378.513,438.945,441.306,258.869,700.175,25.887,0.540598,163.003,229.211,233.091,491.96,25.887,156.557,222.704,226.81,485.679,25.887
chartqa,1792,64,chartqa_val_169,measured,393.771,454.001,456.308,909.463,1365.771,23.933,0.288314,155.783,222.15,224.26,1133.723,23.933,156.095,223.482,225.681,1135.144,23.933
chartqa,1792,64,chartqa_val_170,measured,390.671,450.508,452.858,1441.852,1894.71,22.887,0.20619,157.626,223.967,226.362,1668.214,22.887,155.907,221.988,224.299,1666.151,22.887
chartqa,1792,64,chartqa_val_171,measured,411.937,472.337,474.636,1451.302,1925.938,23.037,0.213889,155.059,221.41,223.859,1675.161,23.037,155.92,222.388,224.795,1676.097,23.037
chartqa,1792,64,chartqa_val_172,measured,364.91,425.054,427.554,1527.218,1954.772,26.331,0.186676,160.327,226.785,229.273,1756.491,26.331,156.196,222.423,225.169,1752.387,26.331
chartqa,1792,64,chartqa_val_173,measured,402.099,887.413,890.268,1553.146,2443.414,24.653,0.164564,158.988,227.525,229.928,1783.074,24.653,155.988,223.758,226.158,1779.304,24.653
chartqa,1792,64,chartqa_val_174,measured,358.039,418.107,420.646,786.539,1207.185,24.579,0.29659,156.715,223.239,225.758,1012.297,24.579,156.063,222.047,224.432,1010.971,24.579
chartqa,1792,64,chartqa_val_175,measured,357.193,417.593,419.966,1458.518,1878.484,23.151,0.19015,157.158,223.646,225.913,1684.431,23.151,156.061,222.291,224.571,1683.089,23.151
chartqa,1792,64,chartqa_val_176,measured,404.614,465.221,467.515,1470.215,1937.73,23.337,0.208808,155.889,222.161,224.658,1694.873,23.337,156.022,222.196,224.602,1694.817,23.337
chartqa,1792,64,chartqa_val_177,measured,391.992,452.472,454.825,1415.164,1869.989,22.463,0.209622,159.096,225.468,227.833,1642.997,22.463,156.093,222.386,224.777,1639.941,22.463
chartqa,1792,64,chartqa_val_178,measured,365.026,425.25,427.644,712.754,1140.398,21.599,0.320087,158.102,225.357,228.235,940.989,21.599,156.07,222.373,225.192,937.946,21.599
chartqa,1792,64,chartqa_val_179,measured,438.296,498.669,501.321,727.407,1228.728,22.731,0.356708,154.915,221.021,223.372,950.779,22.731,156.051,222.329,225.285,952.692,22.731
chartqa,1792,64,chartqa_val_180,measured,369.895,430.076,432.595,428.279,860.874,25.193,0.429674,154.877,221.393,224.0,652.279,25.193,156.063,222.685,225.081,653.36,25.193
chartqa,1792,64,chartqa_val_181,measured,377.386,437.704,440.145,1618.832,2058.977,25.696,0.183288,155.261,221.513,223.709,1842.541,25.696,155.96,222.029,224.325,1843.157,25.696
chartqa,1792,64,chartqa_val_182,measured,367.475,802.113,804.545,1601.067,2405.612,25.414,0.152757,157.739,225.893,228.145,1829.212,25.414,155.945,224.037,226.4,1827.467,25.414
chartqa,1792,64,chartqa_val_183,measured,400.542,461.016,463.5,1405.492,1868.992,22.309,0.214309,154.467,220.795,223.169,1628.661,22.309,156.031,222.327,224.743,1630.235,22.309
chartqa,1792,64,chartqa_val_184,measured,393.9,454.013,456.515,410.327,866.842,21.596,0.454408,154.762,221.189,223.473,633.8,21.596,155.965,222.111,224.453,634.78,21.596
chartqa,1792,64,chartqa_val_185,measured,368.789,429.469,431.781,30.281,462.062,30.281,0.798137,156.239,222.824,224.983,255.264,30.281,155.879,222.191,224.499,254.78,30.281
chartqa,1792,64,chartqa_val_186,measured,369.175,429.506,431.848,765.107,1196.955,24.681,0.308429,156.565,222.901,225.304,990.411,24.681,155.875,221.797,223.969,989.076,24.681
chartqa,1792,64,chartqa_val_187,measured,362.532,422.97,425.288,1091.898,1517.186,22.284,0.23895,154.614,220.815,223.135,1315.033,22.284,156.105,223.154,225.43,1317.328,22.284
chartqa,1792,64,chartqa_val_188,measured,358.629,418.78,421.265,767.936,1189.201,23.998,0.301571,155.09,221.351,223.611,991.547,23.998,156.028,222.314,224.639,992.575,23.998
chartqa,1792,64,chartqa_val_189,measured,353.554,414.424,416.715,1259.051,1675.766,22.483,0.21098,156.074,224.258,227.084,1486.135,22.483,156.127,222.677,225.577,1484.628,22.483
chartqa,1792,64,chartqa_val_190,measured,382.66,442.83,446.166,1286.58,1732.746,24.275,0.22084,155.876,222.543,225.071,1511.651,24.275,156.121,222.537,224.987,1511.567,24.275
chartqa,1792,64,chartqa_val_191,measured,382.633,442.648,444.919,353.943,798.862,20.82,0.478973,157.037,223.264,225.624,579.567,20.82,155.927,222.243,224.518,578.461,20.82
chartqa,1792,64,chartqa_val_192,measured,430.391,491.176,493.867,1465.898,1959.765,23.268,0.219613,155.048,221.503,224.07,1689.968,23.268,155.938,222.454,224.762,1690.66,23.268
chartqa,1792,64,chartqa_val_193,measured,544.858,977.751,980.195,44.152,1024.347,22.076,0.531907,160.348,228.45,232.301,276.453,22.076,156.053,223.887,226.238,270.39,22.076
chartqa,1792,64,chartqa_val_194,measured,509.591,570.07,574.01,728.977,1302.987,25.137,0.391095,154.885,220.937,223.115,952.092,25.137,156.584,222.837,225.471,954.448,25.137
chartqa,1792,64,chartqa_val_195,measured,399.896,460.449,462.891,44.19,507.081,22.095,0.788624,155.501,221.963,224.496,268.686,22.095,156.035,222.258,224.817,269.007,22.095
chartqa,1792,64,chartqa_val_196,measured,408.656,468.705,471.01,449.868,920.878,24.993,0.443768,180.98,247.357,249.88,699.748,24.993,156.447,223.165,225.393,675.261,24.993
chartqa,1792,64,chartqa_val_197,measured,429.036,489.206,492.216,1563.281,2055.497,24.814,0.208726,154.926,221.556,224.36,1787.641,24.814,156.119,222.267,224.904,1788.185,24.814
chartqa,1792,64,chartqa_val_198,measured,386.188,446.689,450.165,381.909,832.074,23.869,0.464127,156.026,222.518,224.998,606.907,23.869,156.116,222.241,224.721,606.63,23.869
chartqa,1792,64,chartqa_val_199,measured,399.661,460.105,463.005,1223.754,1686.759,22.25,0.23694,157.469,224.229,226.513,1450.267,22.25,155.825,222.247,224.522,1448.276,22.25
chartqa,1792,64,chartqa_val_200,measured,396.202,456.122,458.522,1524.671,1983.193,24.201,0.19978,160.319,226.619,229.215,1753.886,24.201,155.973,222.278,224.679,1749.35,24.201
chartqa,1792,64,chartqa_val_201,measured,382.616,442.724,445.046,777.953,1222.999,22.881,0.31285,155.903,222.305,224.813,1002.766,22.881,156.05,222.259,224.848,1002.801,22.881
chartqa,1792,64,chartqa_val_202,measured,395.116,455.396,457.865,173.467,631.332,21.683,0.625845,155.143,221.716,224.338,397.805,21.683,157.608,223.993,226.497,399.964,21.683
chartqa,1792,64,chartqa_val_203,measured,397.418,458.23,460.855,1528.365,1989.22,24.26,0.199786,155.842,222.347,224.795,1753.16,24.26,156.096,222.442,224.797,1753.162,24.26
chartqa,1792,64,chartqa_val_204,measured,361.61,421.67,428.291,1068.999,1497.29,23.756,0.24151,157.703,224.06,226.719,1295.718,23.756,156.014,222.173,224.471,1293.47,23.756
chartqa,1792,64,chartqa_val_205,measured,385.805,446.527,449.877,1359.558,1809.435,21.58,0.213219,161.694,228.454,230.725,1590.283,21.58,156.521,222.754,226.193,1585.751,21.58
chartqa,1792,64,chartqa_val_206,measured,427.211,487.547,489.871,1495.625,1985.496,23.74,0.215166,154.67,220.845,223.238,1718.863,23.74,156.596,223.171,227.005,1722.63,23.74
chartqa,1792,64,chartqa_val_207,measured,387.823,448.821,451.241,1199.081,1650.322,22.205,0.234998,155.782,222.122,224.385,1423.466,22.205,156.002,222.55,225.056,1424.137,22.205
chartqa,1792,64,chartqa_val_208,measured,363.165,423.443,425.747,149.001,574.748,21.286,0.631869,158.778,225.136,227.58,376.581,21.286,156.148,224.243,226.61,375.611,21.286
chartqa,1792,64,chartqa_val_209,measured,421.045,481.281,487.51,161.805,649.315,23.115,0.648444,154.883,220.981,223.222,385.027,23.115,155.969,222.187,224.507,386.312,23.115
chartqa,1792,64,chartqa_val_210,measured,398.569,459.045,461.7,927.066,1388.766,22.611,0.286995,154.892,220.937,223.079,1150.145,22.611,156.004,222.378,224.648,1151.714,22.611
chartqa,1792,64,chartqa_val_211,measured,408.224,469.289,471.753,1072.8,1544.553,23.84,0.264299,155.1,221.395,223.788,1296.588,23.84,155.945,223.247,225.652,1298.452,23.84
chartqa,1792,64,chartqa_val_212,measured,365.393,425.413,427.914,269.487,697.401,24.499,0.523936,155.419,222.01,224.308,493.795,24.499,156.087,222.466,224.92,494.407,24.499
chartqa,1792,64,chartqa_val_213,measured,430.585,491.357,493.677,896.656,1390.333,23.596,0.309699,154.448,220.904,223.124,1119.78,23.596,156.112,224.058,226.753,1123.409,23.596
chartqa,1792,64,chartqa_val_214,measured,364.811,424.955,427.354,283.699,711.053,23.642,0.513057,155.063,221.381,223.775,507.474,23.642,155.865,221.795,224.115,507.814,23.642
chartqa,1792,64,chartqa_val_215,measured,405.491,466.028,469.701,1450.714,1920.415,23.027,0.211148,155.393,221.597,224.272,1674.986,23.027,155.789,222.955,225.215,1675.929,23.027
chartqa,1792,64,chartqa_val_216,measured,406.533,467.063,469.563,198.82,668.383,33.137,0.608233,156.623,223.007,226.553,425.373,33.137,156.158,222.435,224.915,423.735,33.137
chartqa,1792,64,chartqa_val_217,measured,359.065,419.199,421.708,1191.619,1613.327,23.365,0.222562,157.979,224.521,228.051,1419.67,23.365,155.748,221.762,224.099,1415.718,23.365
chartqa,1792,64,chartqa_val_218,measured,370.897,431.207,436.531,132.495,569.026,22.082,0.65181,155.423,221.765,224.163,356.658,22.082,155.793,222.655,225.156,357.651,22.082
chartqa,1792,64,chartqa_val_219,measured,388.25,448.474,451.943,1347.33,1799.273,21.386,0.215782,155.392,221.778,224.077,1571.407,21.386,156.157,222.74,225.199,1572.529,21.386
chartqa,1792,64,chartqa_val_220,measured,388.823,449.05,451.4,1443.392,1894.792,22.911,0.205206,155.779,222.112,224.755,1668.147,22.911,156.187,222.162,224.555,1667.947,22.911
chartqa,1792,64,chartqa_val_221,measured,382.125,443.134,445.494,1376.903,1822.397,23.337,0.209683,155.031,221.371,224.128,1601.031,23.337,156.004,222.047,224.44,1601.343,23.337
chartqa,1792,64,chartqa_val_222,measured,397.988,459.434,462.472,1546.315,2008.787,24.545,0.198123,158.036,224.397,227.274,1773.589,24.545,156.615,224.178,227.007,1773.322,24.545
chartqa,1792,64,chartqa_val_223,measured,394.321,455.486,458.275,422.758,881.033,26.422,0.447567,186.441,252.931,256.585,679.343,26.422,156.707,222.905,226.918,649.676,26.422
chartqa,1792,64,chartqa_val_224,measured,371.218,431.559,434.079,243.873,677.952,27.097,0.547558,159.349,225.758,228.046,471.919,27.097,156.021,222.383,224.941,468.814,27.097
chartqa,1792,64,chartqa_val_225,measured,374.075,434.476,436.942,419.592,856.534,23.311,0.436732,155.103,221.322,223.5,643.092,23.311,156.07,222.175,224.648,644.24,23.311
chartqa,1792,64,chartqa_val_226,measured,400.595,461.017,464.615,908.092,1372.707,23.284,0.291828,154.453,220.574,222.852,1130.944,23.284,155.833,222.04,224.349,1132.441,23.284
chartqa,1792,64,chartqa_val_227,measured,359.209,419.397,423.331,1450.29,1873.621,23.02,0.191719,154.988,221.269,223.584,1673.874,23.02,156.01,222.13,224.438,1674.728,23.02
chartqa,1792,64,chartqa_val_228,measured,395.666,456.32,458.592,146.671,605.263,20.953,0.653709,154.395,220.876,223.281,369.952,20.953,155.925,222.136,224.453,371.124,20.953
chartqa,1792,64,chartqa_val_229,measured,407.612,467.96,470.746,479.586,950.332,22.837,0.428915,155.204,221.755,224.393,703.979,22.837,156.041,222.322,224.93,704.516,22.837
chartqa,1792,64,chartqa_val_230,measured,534.255,594.596,597.394,1484.964,2082.358,23.571,0.256562,155.435,222.034,224.595,1709.559,23.571,156.148,222.136,224.502,1709.466,23.571
chartqa,1792,64,chartqa_val_231,measured,363.922,423.962,426.788,476.368,903.156,23.818,0.402945,155.886,223.844,226.503,702.871,23.818,156.071,222.301,224.743,701.111,23.818
chartqa,1792,64,chartqa_val_232,measured,410.491,470.655,473.609,892.064,1365.673,24.11,0.300578,157.221,223.605,225.834,1117.898,24.11,156.014,222.208,224.47,1116.534,24.11
chartqa,1792,64,chartqa_val_233,measured,404.759,464.978,467.42,1526.197,1993.617,24.225,0.203027,154.811,221.46,223.893,1750.09,24.225,155.929,222.11,224.375,1750.572,24.225
chartqa,1792,64,chartqa_val_234,measured,434.094,494.559,498.367,1371.923,1870.29,21.777,0.2321,159.172,225.396,227.762,1599.685,21.777,156.041,222.153,224.665,1596.588,21.777
chartqa,1792,64,chartqa_val_235,measured,399.828,460.421,464.35,1182.997,1647.347,24.143,0.24271,157.046,225.393,227.851,1410.848,24.143,156.451,222.658,225.696,1408.693,24.143
chartqa,1792,64,chartqa_val_236,measured,390.825,451.437,454.529,178.248,632.777,22.281,0.617634,155.587,222.039,224.663,402.911,22.281,156.101,222.627,225.004,403.252,22.281
chartqa,1792,64,chartqa_val_237,measured,404.325,464.833,468.499,535.142,1003.641,23.267,0.402858,155.532,221.715,224.093,759.235,23.267,156.086,222.209,224.512,759.654,23.267
chartqa,1792,64,chartqa_val_238,measured,367.474,427.597,430.051,668.26,1098.311,24.75,0.334581,156.614,225.171,227.423,895.683,24.75,155.904,222.246,224.614,892.874,24.75
chartqa,1792,64,chartqa_val_239,measured,365.669,425.696,428.003,1466.832,1894.835,23.283,0.192982,155.39,221.995,224.532,1691.364,23.283,155.871,222.065,224.312,1691.144,23.283
chartqa,1792,64,chartqa_val_240,measured,368.328,428.711,431.12,1383.869,1814.989,23.064,0.202937,170.785,237.322,240.932,1624.801,23.064,156.188,222.374,225.052,1608.921,23.064
chartqa,1792,64,chartqa_val_241,measured,370.726,430.956,433.441,1414.724,1848.165,22.456,0.200591,154.565,221.074,223.479,1638.203,22.456,155.808,222.04,224.362,1639.086,22.456
chartqa,1792,64,chartqa_val_242,measured,392.412,452.564,456.014,599.957,1055.971,22.221,0.371612,157.191,225.279,227.919,827.876,22.221,155.801,221.927,224.19,824.147,22.221
chartqa,1792,64,chartqa_val_243,measured,368.141,428.397,431.26,1509.017,1940.277,23.953,0.189736,156.469,223.048,225.3,1734.317,23.953,155.943,222.146,224.479,1733.496,23.953
chartqa,1792,64,chartqa_val_244,measured,366.237,426.605,429.146,1497.07,1926.216,23.763,0.190133,154.492,223.261,225.474,1722.544,23.763,155.718,221.785,224.032,1721.102,23.763
chartqa,1792,64,chartqa_val_245,measured,375.968,436.76,439.431,556.783,996.214,25.308,0.377397,160.363,226.408,228.758,785.541,25.308,155.875,221.844,224.102,780.885,25.308
chartqa,1792,64,chartqa_val_246,measured,371.613,432.029,434.438,1084.326,1518.764,24.644,0.244681,160.291,226.368,228.673,1312.999,24.644,156.019,222.054,224.353,1308.679,24.644
chartqa,1792,64,chartqa_val_247,measured,378.036,438.461,440.92,1571.282,2012.202,24.941,0.187872,157.132,223.514,225.829,1797.111,24.941,155.761,221.681,223.915,1795.197,24.941
chartqa,1792,64,chartqa_val_248,measured,433.448,493.625,496.329,1018.838,1515.167,24.258,0.286073,156.256,222.733,225.327,1244.165,24.258,156.645,223.123,226.576,1245.414,24.258
chartqa,1792,64,chartqa_val_249,measured,390.602,451.356,454.592,1537.317,1991.909,24.402,0.196094,154.561,221.08,223.35,1760.667,24.402,156.083,222.896,225.121,1762.438,24.402
chartqa,1792,64,chartqa_val_250,measured,423.223,483.613,486.964,342.38,829.344,21.399,0.51031,157.04,223.7,226.148,568.528,21.399,155.929,222.004,224.221,566.601,21.399
chartqa,1792,64,chartqa_val_251,measured,356.705,416.6,418.878,1383.934,1802.812,21.967,0.19786,155.237,222.406,224.631,1608.565,21.967,155.868,222.051,224.444,1608.378,21.967
chartqa,1792,64,chartqa_val_252,measured,387.227,447.889,450.237,145.065,595.302,20.724,0.650471,154.528,220.926,223.495,368.56,20.724,156.097,222.45,225.008,370.073,20.724
chartqa,1792,64,chartqa_val_253,measured,362.891,422.948,425.336,543.906,969.242,22.663,0.374407,159.112,380.836,383.612,927.518,22.663,156.024,222.129,224.488,768.394,22.663
chartqa,1792,64,chartqa_val_254,measured,360.518,420.794,423.153,1074.118,1497.271,23.35,0.240783,158.11,224.25,231.346,1305.464,23.35,156.559,223.086,226.805,1300.923,23.35
chartqa,1792,64,chartqa_val_255,measured,368.542,429.063,431.993,1455.249,1887.242,23.099,0.195281,158.387,224.984,228.212,1683.461,23.099,155.949,222.057,224.377,1679.626,23.099
chartqa,1792,64,chartqa_val_256,measured,404.233,464.348,466.688,465.008,931.696,22.143,0.433868,154.998,221.14,223.679,688.687,22.143,156.059,222.061,224.374,689.382,22.143
chartqa,1792,64,chartqa_val_257,measured,422.623,483.004,486.32,1375.176,1861.496,21.828,0.227034,157.173,223.813,226.776,1601.952,21.828,155.964,222.36,224.637,1599.813,21.828
chartqa,1792,64,chartqa_val_258,measured,399.909,460.01,462.424,306.508,768.932,21.893,0.520084,155.783,222.125,224.802,531.31,21.893,156.02,221.998,224.272,530.78,21.893
chartqa,1792,64,chartqa_val_259,measured,417.655,477.719,480.325,1524.478,2004.803,24.198,0.208327,159.277,225.527,228.23,1752.708,24.198,155.958,221.913,224.16,1748.638,24.198
chartqa,1792,64,chartqa_val_260,measured,412.12,472.807,475.373,1134.894,1610.267,25.793,0.255933,157.49,223.98,226.905,1361.799,25.793,156.18,222.337,224.652,1359.546,25.793
chartqa,1792,64,chartqa_val_261,measured,399.018,459.413,461.969,1464.628,1926.597,23.248,0.20711,163.498,231.481,234.181,1698.809,23.248,156.057,222.133,224.382,1689.01,23.248
chartqa,1792,64,chartqa_val_262,measured,418.918,479.625,481.999,1579.796,2061.795,25.076,0.203181,155.598,222.328,225.235,1805.031,25.076,156.16,222.288,224.558,1804.354,25.076
chartqa,1792,64,chartqa_val_263,measured,353.554,413.8,416.201,1543.797,1959.998,24.505,0.180385,165.14,231.858,236.007,1779.804,24.505,155.987,221.963,224.315,1768.112,24.505
chartqa,1792,64,chartqa_val_264,measured,366.831,426.93,429.72,980.523,1410.243,23.915,0.260119,158.499,225.099,228.186,1208.709,23.915,156.055,222.155,224.464,1204.987,23.915
chartqa,1792,64,chartqa_val_265,measured,390.749,451.31,453.71,745.871,1199.581,21.311,0.325738,157.99,224.534,227.391,973.262,21.311,156.137,222.283,224.645,970.516,21.311
chartqa,1792,64,chartqa_val_266,measured,432.465,492.723,495.047,1129.396,1624.443,22.145,0.266224,155.5,221.611,224.085,1353.481,22.145,156.59,222.592,226.381,1355.777,22.145
chartqa,1792,64,chartqa_val_267,measured,356.784,416.728,420.599,1472.453,1893.052,23.372,0.18847,157.357,223.558,226.055,1698.508,23.372,155.901,221.656,224.192,1696.645,23.372
chartqa,1792,64,chartqa_val_268,measured,512.725,572.74,575.098,405.785,980.883,21.357,0.522718,154.9,221.116,223.672,629.457,21.357,155.923,222.594,224.9,630.685,21.357
chartqa,1792,64,chartqa_val_269,measured,394.827,455.006,458.008,1551.411,2009.419,24.626,0.196488,156.614,222.889,225.174,1776.585,24.626,156.107,222.777,225.026,1776.437,24.626
chartqa,1792,64,chartqa_val_270,measured,394.383,454.583,457.268,442.33,899.598,23.28,0.438399,155.269,221.865,224.754,667.084,23.28,156.231,225.521,228.412,670.742,23.28
chartqa,1792,64,chartqa_val_271,measured,359.121,419.087,422.168,1424.687,1846.855,22.614,0.19445,155.164,223.082,225.56,1650.247,22.614,156.146,223.829,226.215,1650.902,22.614
chartqa,1792,64,chartqa_val_272,measured,371.591,431.798,434.15,920.136,1354.286,24.214,0.274382,155.457,222.248,224.806,1144.942,24.214,155.821,221.823,224.259,1144.395,24.214
chartqa,1792,64,chartqa_val_273,measured,415.798,475.748,478.265,1449.444,1927.709,23.007,0.215696,155.731,221.982,224.489,1673.933,23.007,155.76,222.525,224.857,1674.301,23.007
chartqa,1792,64,chartqa_val_274,measured,424.546,484.601,487.604,904.441,1392.045,22.611,0.30498,154.916,221.305,223.687,1128.128,22.611,156.053,222.02,224.312,1128.753,22.611
chartqa,1792,64,chartqa_val_275,measured,353.213,413.247,415.687,1451.614,1867.301,23.041,0.189157,155.662,222.282,224.766,1676.38,23.041,156.139,222.73,225.107,1676.721,23.041
chartqa,1792,64,chartqa_val_276,measured,372.931,433.056,436.454,315.517,751.971,22.537,0.495938,155.598,222.103,224.679,540.196,22.537,156.161,222.367,224.723,540.24,22.537
chartqa,1792,64,chartqa_val_277,measured,360.634,421.681,424.091,671.844,1095.935,23.994,0.329065,155.39,225.319,227.762,899.606,23.994,155.983,223.168,225.45,897.294,23.994
chartqa,1792,64,chartqa_val_278,measured,407.208,467.505,470.371,298.175,768.546,22.937,0.529843,155.585,221.699,224.226,522.401,22.937,155.974,223.502,225.721,523.896,22.937
chartqa,1792,64,chartqa_val_279,measured,383.622,444.191,446.596,1273.46,1720.056,21.956,0.223029,155.444,221.92,224.535,1497.995,21.956,156.041,222.109,224.445,1497.905,21.956
chartqa,1792,64,chartqa_val_280,measured,407.896,467.879,470.242,1480.931,1951.173,23.507,0.209052,155.293,221.786,224.463,1705.394,23.507,156.234,222.634,224.94,1705.871,23.507
chartqa,1792,64,chartqa_val_281,measured,394.287,454.634,456.925,1421.531,1878.456,22.564,0.209899,155.632,222.051,224.617,1646.148,22.564,156.284,224.254,226.812,1648.343,22.564
chartqa,1792,64,chartqa_val_282,measured,354.313,414.093,416.325,402.806,819.131,21.2,0.432547,157.316,223.781,226.259,629.065,21.2,155.967,221.98,224.646,627.452,21.2
chartqa,1792,64,chartqa_val_283,measured,391.563,451.507,453.828,1244.58,1698.408,23.048,0.230547,154.609,221.023,223.495,1468.075,23.048,155.986,222.153,224.398,1468.978,23.048
chartqa,1792,64,chartqa_val_284,measured,370.01,430.23,432.569,610.024,1042.593,25.418,0.354894,165.058,232.149,235.419,845.443,25.418,156.207,222.45,225.068,835.092,25.418
chartqa,1792,64,chartqa_val_285,measured,357.565,417.507,420.064,366.464,786.528,22.904,0.454612,156.092,222.44,224.781,591.245,22.904,156.082,222.083,224.409,590.873,22.904
chartqa,1792,64,chartqa_val_286,measured,370.292,430.543,433.309,644.693,1078.002,23.878,0.343499,154.944,221.219,223.561,868.254,23.878,156.065,222.996,225.49,870.183,23.878
chartqa,1792,64,chartqa_val_287,measured,377.803,438.072,440.501,708.324,1148.825,23.611,0.328861,155.755,222.154,224.433,932.757,23.611,155.955,221.757,223.936,932.26,23.611
chartqa,1792,64,chartqa_val_288,measured,367.372,427.882,430.315,922.69,1353.005,24.281,0.271523,157.52,223.888,226.555,1149.245,24.281,156.232,222.653,225.09,1147.78,24.281
chartqa,1792,64,chartqa_val_289,measured,352.887,412.776,415.143,450.985,866.128,25.055,0.40743,155.381,221.879,224.547,675.532,25.055,156.199,222.425,224.767,675.752,25.055
chartqa,1792,64,chartqa_val_290,measured,365.045,425.554,427.839,858.718,1286.557,24.535,0.283738,155.333,221.925,224.421,1083.139,24.535,156.01,223.216,225.736,1084.454,24.535
chartqa,1792,64,chartqa_val_291,measured,358.007,878.533,880.987,43.613,924.6,21.807,0.387202,155.325,225.096,227.428,271.041,21.807,156.03,223.731,226.05,269.663,21.807
chartqa,1792,64,chartqa_val_292,measured,367.09,427.272,429.675,647.341,1077.016,23.119,0.34084,157.881,224.209,226.402,873.743,23.119,156.655,222.997,225.287,872.628,23.119
chartqa,1792,64,chartqa_val_293,measured,369.35,429.705,432.505,1638.781,2071.286,26.012,0.178319,154.454,220.679,222.893,1861.674,26.012,156.041,222.167,224.693,1863.474,26.012
chartqa,1792,64,chartqa_val_294,measured,384.141,444.6,447.181,279.003,726.184,25.364,0.528987,154.985,221.133,223.484,502.487,25.364,156.006,221.753,223.974,502.977,25.364
chartqa,1792,64,chartqa_val_295,measured,372.207,864.828,867.463,3695.28,4562.743,58.655,0.081575,155.221,223.307,225.518,3920.798,58.655,156.421,224.272,228.181,3923.461,58.655
chartqa,1792,64,chartqa_val_296,measured,418.819,479.529,482.499,538.593,1021.092,24.481,0.410168,156.04,223.149,225.351,763.944,24.481,156.133,222.378,224.736,763.329,24.481
chartqa,1792,64,chartqa_val_297,measured,435.245,495.481,498.051,1511.164,2009.215,23.987,0.216624,158.37,225.167,228.988,1740.152,23.987,156.789,223.068,225.298,1736.462,23.987
chartqa,1792,64,chartqa_val_298,measured,441.104,501.404,504.6,300.892,805.492,21.492,0.547621,155.484,221.816,224.445,525.337,21.492,155.975,222.259,224.775,525.667,21.492
chartqa,1792,64,chartqa_val_299,measured,378.597,439.1,441.347,1231.726,1673.073,24.635,0.226288,155.317,221.603,223.961,1455.687,24.635,156.092,224.18,226.552,1458.278,24.635
chartqa,1792,64,chartqa_val_300,measured,390.213,450.425,453.005,534.162,987.167,23.224,0.395286,155.017,223.644,226.246,760.408,23.224,156.211,222.482,225.378,759.54,23.224
chartqa,1792,64,chartqa_val_301,measured,355.018,415.055,417.863,1441.797,1859.66,22.886,0.190905,155.664,221.909,224.277,1666.074,22.886,155.868,221.809,224.075,1665.872,22.886
chartqa,1792,64,chartqa_val_302,measured,378.418,913.815,916.618,743.381,1659.999,82.598,0.227963,157.862,226.229,229.306,972.687,82.598,156.2,224.063,226.768,970.149,82.598
chartqa,1792,64,chartqa_val_303,measured,356.409,416.674,419.329,1323.984,1743.313,22.827,0.204443,154.762,221.362,223.782,1547.766,22.827,156.256,222.691,225.713,1549.697,22.827
chartqa,1792,64,chartqa_val_304,measured,423.086,483.49,485.855,629.596,1115.451,22.486,0.379296,159.253,225.424,228.057,857.653,22.486,156.004,222.517,225.009,854.605,22.486
chartqa,1792,64,chartqa_val_305,measured,356.818,416.924,419.139,1394.692,1813.831,22.138,0.196721,157.476,223.936,226.455,1621.147,22.138,156.081,222.424,224.873,1619.565,22.138
chartqa,1792,64,chartqa_val_306,measured,465.34,525.46,527.816,903.491,1431.307,22.587,0.325115,154.764,221.275,223.938,1127.429,22.587,156.359,224.155,226.582,1130.073,22.587
chartqa,1792,64,chartqa_val_307,measured,388.92,449.781,452.372,1467.016,1919.388,23.286,0.202627,155.585,221.769,224.264,1691.28,23.286,155.981,222.173,224.504,1691.52,23.286
chartqa,1792,64,chartqa_val_308,measured,379.055,439.953,442.639,891.465,1334.104,22.858,0.284127,155.353,221.918,224.639,1116.104,22.858,155.954,222.023,224.352,1115.817,22.858
chartqa,1792,64,chartqa_val_309,measured,428.409,488.572,491.07,510.703,1001.773,21.279,0.427651,154.447,220.608,223.35,734.053,21.279,156.182,222.532,225.383,736.086,21.279
chartqa,1792,64,chartqa_val_310,measured,405.382,465.733,468.168,870.962,1339.13,22.92,0.30272,156.166,222.34,224.442,1095.404,22.92,156.328,222.519,224.836,1095.798,22.92
chartqa,1792,64,chartqa_val_311,measured,381.905,441.708,444.538,1448.891,1893.429,24.981,0.2017,155.086,221.415,224.152,1673.043,24.981,156.205,222.728,225.573,1674.464,24.981
chartqa,1792,64,chartqa_val_312,measured,365.22,425.207,427.786,1184.149,1611.935,22.772,0.226572,154.551,220.794,223.001,1407.15,22.772,156.081,222.187,224.558,1408.707,22.772
chartqa,1792,64,chartqa_val_313,measured,368.301,428.346,430.932,1420.991,1851.923,22.555,0.198875,155.37,221.765,223.979,1644.97,22.555,156.098,222.448,224.757,1645.748,22.555
chartqa,1792,64,chartqa_val_314,measured,366.758,427.059,429.862,471.183,901.045,21.417,0.407037,157.358,224.669,227.049,698.232,21.417,156.105,222.421,224.796,695.979,21.417
chartqa,1792,64,chartqa_val_315,measured,391.53,452.63,455.173,758.974,1214.147,23.718,0.322473,155.791,222.396,224.729,983.703,23.718,156.133,222.32,224.68,983.654,23.718
chartqa,1792,64,chartqa_val_316,measured,362.931,422.931,425.276,1189.046,1614.322,25.849,0.224819,166.603,232.832,235.909,1424.955,25.849,156.064,222.119,224.442,1413.488,25.849
chartqa,1792,64,chartqa_val_317,measured,368.68,429.134,431.446,754.324,1185.77,24.333,0.31092,155.192,221.564,223.877,978.201,24.333,156.151,222.522,224.926,979.25,24.333
chartqa,1792,64,chartqa_val_318,measured,377.181,437.242,439.608,282.597,722.205,21.738,0.522263,154.703,221.034,223.284,505.881,21.738,156.117,222.664,225.007,507.604,21.738
chartqa,1792,64,chartqa_val_319,measured,370.509,430.903,433.235,1451.312,1884.547,23.037,0.196604,154.431,221.203,223.369,1674.681,23.037,156.125,222.395,224.903,1676.215,23.037
chartqa,1792,64,chartqa_val_320,measured,405.267,465.559,467.943,354.92,822.863,25.351,0.492509,154.85,221.398,223.727,578.647,25.351,156.085,222.49,224.87,579.79,25.351
chartqa,1792,64,chartqa_val_321,measured,396.36,456.776,459.454,1015.193,1474.647,22.56,0.268783,161.059,227.335,229.534,1244.727,22.56,156.047,222.293,224.665,1239.858,22.56
chartqa,1792,64,chartqa_val_322,measured,396.208,456.453,459.176,570.683,1029.859,21.949,0.384721,155.853,221.926,224.166,794.849,21.949,156.111,222.61,224.997,795.68,21.949
chartqa,1792,64,chartqa_val_323,measured,391.407,451.546,454.064,745.365,1199.429,22.587,0.326328,155.589,221.722,223.916,969.281,22.587,156.191,222.433,224.839,970.204,22.587
chartqa,1792,64,chartqa_val_324,measured,357.022,417.1,419.384,1472.745,1892.129,23.377,0.188688,154.863,220.828,223.029,1695.774,23.377,156.214,222.357,224.604,1697.349,23.377
chartqa,1792,64,chartqa_val_325,measured,453.118,513.871,516.127,1427.955,1944.082,22.666,0.233075,156.833,223.286,225.45,1653.405,22.666,156.268,222.273,224.528,1652.483,22.666
chartqa,1792,64,chartqa_val_326,measured,418.943,479.615,483.152,1032.362,1515.514,22.941,0.276436,157.227,224.142,226.323,1258.685,22.941,156.159,222.331,225.003,1257.365,22.941
chartqa,1792,64,chartqa_val_327,measured,424.958,485.618,488.112,1562.638,2050.75,24.804,0.207221,154.735,220.877,223.12,1785.758,24.804,156.03,222.481,224.937,1787.575,24.804
chartqa,1792,64,chartqa_val_328,measured,367.006,427.34,430.1,1464.999,1895.099,23.254,0.19366,159.856,226.08,228.335,1693.334,23.254,156.014,222.0,224.39,1689.389,23.254
chartqa,1792,64,chartqa_val_329,measured,469.25,529.508,531.91,1513.881,2045.791,24.03,0.229373,177.181,243.699,246.777,1760.658,24.03,156.024,222.25,224.562,1738.443,24.03
chartqa,1792,64,chartqa_val_330,measured,395.981,456.321,458.908,735.272,1194.18,24.509,0.331592,155.291,221.577,224.055,959.327,24.509,155.966,222.088,224.411,959.683,24.509
chartqa,1792,64,chartqa_val_331,measured,397.538,457.922,460.361,941.392,1401.753,25.443,0.283601,155.498,221.965,224.231,1165.623,25.443,156.131,222.713,225.247,1166.639,25.443
chartqa,1792,64,chartqa_val_332,measured,365.536,425.611,427.882,969.465,1397.347,25.512,0.261593,155.928,222.22,224.623,1194.088,25.512,156.259,222.586,225.228,1194.693,25.512
chartqa,1792,64,chartqa_val_333,measured,361.69,421.639,424.391,592.732,1017.123,21.953,0.355601,156.832,223.324,226.02,818.752,21.953,156.025,222.277,224.63,817.362,21.953
chartqa,1792,64,chartqa_val_334,measured,366.839,427.017,429.499,1473.12,1902.619,23.383,0.192807,155.192,221.494,224.074,1697.194,23.383,155.871,221.778,224.071,1697.191,23.383
chartqa,1792,64,chartqa_val_335,measured,382.543,443.197,445.653,1510.748,1956.401,23.98,0.195534,156.463,222.809,225.141,1735.889,23.98,156.099,222.062,224.475,1735.223,23.98
chartqa,1792,64,chartqa_val_336,measured,398.262,458.519,461.118,627.901,1089.019,23.256,0.365707,154.975,221.28,223.653,851.554,23.256,155.955,222.229,224.908,852.809,23.256
chartqa,1792,64,chartqa_val_337,measured,371.903,432.419,435.226,1485.089,1920.315,23.573,0.193668,154.076,220.218,222.456,1707.545,23.573,156.322,222.842,225.132,1710.221,23.573
chartqa,1792,64,chartqa_val_338,measured,370.976,431.094,433.791,895.548,1329.339,24.204,0.279068,158.109,224.264,226.679,1122.227,24.204,156.424,225.052,227.601,1123.149,24.204
chartqa,1792,64,chartqa_val_339,measured,398.69,458.907,461.465,1426.661,1888.126,22.645,0.211157,160.003,226.5,228.944,1655.605,22.645,156.108,222.35,224.618,1651.279,22.645
chartqa,1792,64,chartqa_val_340,measured,361.577,421.872,424.212,370.437,794.649,28.495,0.455014,156.516,224.253,226.583,597.02,28.495,156.142,222.598,224.898,595.335,28.495
chartqa,1792,64,chartqa_val_341,measured,372.112,432.507,434.796,1497.901,1932.697,23.776,0.192535,156.039,222.403,224.693,1722.594,23.776,156.375,222.426,224.83,1722.731,23.776
chartqa,1792,64,chartqa_val_342,measured,360.608,421.055,423.444,404.101,827.545,21.268,0.435757,155.508,221.637,223.918,628.019,21.268,156.238,222.355,224.836,628.937,21.268
chartqa,1792,64,chartqa_val_343,measured,497.471,557.562,560.736,1394.063,1954.799,22.128,0.254487,156.251,222.609,224.871,1618.934,22.128,155.979,222.182,224.444,1618.507,22.128
chartqa,1792,64,chartqa_val_344,measured,394.903,454.878,457.386,1366.774,1824.16,23.565,0.216485,158.525,225.001,227.836,1594.61,23.565,156.524,222.747,225.142,1591.916,23.565
chartqa,1792,64,chartqa_val_345,measured,388.716,449.051,451.555,1604.565,2056.12,25.469,0.189053,154.405,220.739,222.937,1827.502,25.469,156.018,225.033,227.314,1831.879,25.469
chartqa,1792,64,chartqa_val_346,measured,399.34,459.701,462.341,944.57,1406.911,23.614,0.283842,156.696,222.896,225.16,1169.73,23.614,156.178,222.294,224.726,1169.296,23.614
chartqa,1792,64,chartqa_val_347,measured,358.677,418.99,421.395,1406.829,1828.224,22.331,0.196189,155.272,221.334,223.54,1630.369,22.331,156.193,222.297,224.585,1631.414,22.331
chartqa,1792,64,chartqa_val_348,measured,426.625,486.804,489.409,480.617,970.026,21.846,0.439808,158.419,224.648,228.18,708.797,21.846,156.868,223.907,226.815,707.432,21.846
chartqa,1792,64,chartqa_val_349,measured,374.594,434.974,437.542,1380.523,1818.065,21.913,0.20604,155.18,221.56,224.191,1604.714,21.913,156.02,222.18,224.697,1605.22,21.913
chartqa,1792,64,chartqa_val_350,measured,394.539,454.694,457.204,781.246,1238.45,23.674,0.318575,155.663,222.139,224.646,1005.892,23.674,156.131,222.185,224.483,1005.729,23.674
chartqa,1792,64,chartqa_val_351,measured,366.905,427.216,429.598,1469.066,1898.664,23.319,0.193244,155.908,222.238,224.653,1693.719,23.319,156.192,222.64,224.942,1694.008,23.319
chartqa,1792,64,chartqa_val_352,measured,404.35,464.68,467.044,966.492,1433.536,26.121,0.282065,156.235,222.571,224.827,1191.319,26.121,156.117,222.427,225.044,1191.536,26.121
chartqa,1792,64,chartqa_val_353,measured,394.079,454.468,456.88,1456.334,1913.214,23.116,0.205978,156.625,223.445,225.657,1681.991,23.116,156.391,222.933,225.516,1681.85,23.116
chartqa,1792,64,chartqa_val_354,measured,383.088,443.559,446.305,374.292,820.597,23.393,0.466841,156.386,222.811,225.052,599.344,23.393,156.25,222.483,225.135,599.427,23.393
chartqa,1792,64,chartqa_val_355,measured,373.006,433.517,437.002,1050.988,1487.99,22.848,0.250678,158.263,224.589,226.985,1277.973,22.848,156.245,222.334,224.622,1275.61,22.848
chartqa,1792,64,chartqa_val_356,measured,369.759,430.443,433.005,639.572,1072.577,23.688,0.344739,154.589,221.178,223.626,863.198,23.688,156.146,222.664,225.088,864.66,23.688
chartqa,1792,64,chartqa_val_357,measured,371.06,431.231,433.628,1487.237,1920.865,23.607,0.193173,155.256,221.881,224.382,1711.619,23.607,156.243,222.618,224.924,1712.161,23.607
chartqa,1792,64,chartqa_val_358,measured,362.561,422.667,425.116,1126.758,1551.874,22.995,0.233628,154.533,220.977,223.359,1350.117,22.995,156.069,222.016,224.521,1351.279,22.995
chartqa,1792,64,chartqa_val_359,measured,391.287,451.799,454.037,1399.796,1853.833,22.219,0.211069,184.609,251.152,254.815,1654.611,22.219,156.152,222.383,224.725,1624.521,22.219
chartqa,1792,64,chartqa_val_360,measured,380.416,440.645,443.549,230.6,674.149,25.622,0.564291,154.501,220.702,222.947,453.547,25.622,156.042,222.103,224.515,455.115,25.622
chartqa,1792,64,chartqa_val_361,measured,394.48,454.498,456.969,1471.987,1928.956,23.365,0.204504,155.722,221.855,223.964,1695.951,23.365,156.153,222.68,225.305,1697.292,23.365
chartqa,1792,64,chartqa_val_362,measured,407.775,468.75,471.127,875.671,1346.798,23.667,0.302774,154.387,220.517,222.755,1098.426,23.667,155.949,221.944,224.273,1099.944,23.667
chartqa,1792,64,chartqa_val_363,measured,405.93,466.281,468.697,1498.272,1966.969,23.782,0.206373,154.882,221.17,223.331,1721.603,23.782,155.979,222.378,224.783,1723.055,23.782
chartqa,1792,64,chartqa_val_364,measured,393.107,453.568,456.024,664.319,1120.343,22.144,0.350881,154.754,220.793,223.025,887.344,22.144,156.162,226.659,229.008,893.327,22.144
chartqa,1792,64,chartqa_val_365,measured,400.02,460.083,462.438,1468.736,1931.174,23.313,0.207138,154.254,220.64,222.892,1691.628,23.313,156.1,222.183,224.518,1693.254,23.313
chartqa,1792,64,chartqa_val_366,measured,398.946,459.278,461.896,629.102,1090.998,23.3,0.365671,164.738,231.058,234.419,863.521,23.3,156.281,222.492,224.898,854.0,23.3
chartqa,1792,64,chartqa_val_367,measured,400.375,460.325,462.667,1397.0,1859.667,22.175,0.215294,161.903,228.847,231.232,1628.232,22.175,155.925,222.225,224.581,1621.581,22.175
chartqa,1792,64,chartqa_val_368,measured,386.418,446.834,450.168,580.42,1030.588,24.184,0.374949,154.893,221.3,223.569,803.989,24.184,155.997,222.008,224.25,804.67,24.184
chartqa,1792,64,chartqa_val_369,measured,363.387,423.449,426.202,1446.749,1872.951,22.964,0.194018,159.449,225.656,227.92,1674.669,22.964,156.487,223.135,227.548,1674.297,22.964
chartqa,1792,64,chartqa_val_370,measured,401.708,462.097,464.985,383.684,848.669,21.316,0.473339,155.713,222.081,224.559,608.243,21.316,156.013,222.117,224.364,608.048,21.316
chartqa,1792,64,chartqa_val_371,measured,380.175,441.025,443.5,1455.933,1899.433,23.11,0.200152,154.786,221.048,223.34,1679.273,23.11,156.07,222.149,224.315,1680.248,23.11
chartqa,1792,64,chartqa_val_372,measured,437.286,497.298,499.705,128.921,628.626,21.487,0.695622,155.167,221.461,223.626,352.547,21.487,156.134,222.328,224.94,353.861,21.487
chartqa,1792,64,chartqa_val_373,measured,362.11,422.179,424.635,436.515,861.15,25.677,0.420496,157.717,224.477,226.749,663.264,25.677,156.118,228.538,230.799,667.314,25.677
chartqa,1792,64,chartqa_val_374,measured,369.507,429.713,432.057,265.523,697.58,22.127,0.529699,156.001,222.401,224.559,490.082,22.127,156.229,222.521,224.81,490.333,22.127
chartqa,1792,64,chartqa_val_375,measured,366.037,426.27,428.698,1438.284,1866.982,22.83,0.196058,155.744,222.585,225.292,1663.576,22.83,156.03,222.239,224.534,1662.818,22.83
chartqa,1792,64,chartqa_val_376,measured,382.12,442.545,445.569,370.446,816.015,23.153,0.468276,156.364,222.802,225.394,595.84,23.153,156.842,223.16,226.37,596.816,23.153
chartqa,1792,64,chartqa_val_377,measured,402.922,463.248,465.66,764.809,1230.469,21.852,0.327454,155.187,224.56,226.825,991.634,21.852,156.076,222.139,224.443,989.252,21.852
chartqa,1792,64,chartqa_val_378,measured,399.81,460.014,462.503,646.241,1108.744,21.541,0.360597,155.319,221.559,223.777,870.018,21.541,155.955,222.071,224.403,870.644,21.541
chartqa,1792,64,chartqa_val_379,measured,371.304,431.699,434.377,324.169,758.546,21.611,0.489494,156.175,222.717,224.907,549.076,21.611,156.547,222.641,225.768,549.937,21.611
chartqa,1792,64,chartqa_val_380,measured,380.437,440.755,443.607,362.146,805.753,22.634,0.47215,155.462,221.751,224.072,586.218,22.634,156.072,222.048,224.399,586.545,22.634
chartqa,1792,64,chartqa_val_381,measured,529.492,589.904,592.438,1473.693,2066.131,23.392,0.256272,155.785,222.131,224.263,1697.956,23.392,156.319,222.729,225.511,1699.204,23.392
chartqa,1792,64,chartqa_val_382,measured,381.521,442.123,445.578,244.07,689.648,22.188,0.553211,155.732,222.887,225.6,469.67,22.188,156.145,222.626,225.114,469.184,22.188
chartqa,1792,64,chartqa_val_383,measured,406.43,466.819,473.836,1429.982,1903.818,22.698,0.213482,154.395,220.707,222.997,1652.979,22.698,156.473,222.98,225.728,1655.71,22.698
chartqa,1792,64,chartqa_val_384,measured,361.892,422.109,424.551,213.553,638.104,21.355,0.567136,155.069,221.289,223.547,437.1,21.355,156.089,222.427,224.892,438.445,21.355
chartqa,1792,64,chartqa_val_385,measured,375.707,435.771,438.133,1492.254,1930.387,23.687,0.194628,156.351,222.543,224.86,1717.114,23.687,156.034,222.187,224.51,1716.764,23.687
chartqa,1792,64,chartqa_val_386,measured,379.876,440.343,443.141,274.87,718.011,22.906,0.529067,154.636,220.875,223.074,497.944,22.906,156.005,222.191,224.529,499.399,22.906
chartqa,1792,64,chartqa_val_387,measured,375.525,435.745,438.639,560.471,999.11,21.557,0.375859,154.191,220.42,222.624,783.095,21.557,158.466,225.047,227.346,787.817,21.557
chartqa,1792,64,chartqa_val_388,measured,364.259,424.489,426.916,702.265,1129.181,23.409,0.322587,155.249,221.321,223.458,925.723,23.409,155.992,224.183,226.498,928.763,23.409
chartqa,1792,64,chartqa_val_389,measured,372.763,432.661,435.082,1119.477,1554.559,21.528,0.239787,172.803,238.951,242.009,1361.486,21.528,156.146,222.337,224.595,1344.072,21.528
chartqa,1792,64,chartqa_val_390,measured,364.787,424.746,427.221,579.105,1006.326,21.448,0.362494,154.68,220.769,223.129,802.234,21.448,156.169,225.336,227.952,807.057,21.448
chartqa,1792,64,chartqa_val_391,measured,372.667,432.876,435.662,313.641,749.303,22.403,0.497352,156.155,222.361,224.552,538.193,22.403,156.111,222.301,224.58,538.221,22.403
chartqa,1792,64,chartqa_val_392,measured,373.159,433.776,436.116,45.745,481.861,22.873,0.774412,154.79,221.013,223.301,269.046,22.873,155.965,222.062,224.281,270.026,22.873
chartqa,1792,64,chartqa_val_393,measured,358.143,418.243,420.719,836.819,1257.538,20.92,0.284797,159.005,225.478,227.78,1064.599,20.92,156.167,222.436,225.027,1061.846,20.92
chartqa,1792,64,chartqa_val_394,measured,374.387,434.835,437.433,634.908,1072.341,21.893,0.34913,154.913,221.186,223.417,858.325,21.893,156.045,222.321,224.585,859.493,21.893
chartqa,1792,64,chartqa_val_395,measured,375.076,435.439,438.159,1421.689,1859.848,22.566,0.20167,155.262,222.121,224.317,1646.006,22.566,156.063,222.628,224.945,1646.634,22.566
chartqa,1792,64,chartqa_val_396,measured,382.856,443.529,446.353,704.286,1150.639,25.153,0.332733,154.954,221.055,223.289,927.575,25.153,156.203,222.804,225.273,929.559,25.153
chartqa,1792,64,chartqa_val_397,measured,362.779,422.865,425.39,430.825,856.215,23.935,0.423701,155.519,227.541,229.794,660.619,23.935,156.08,222.38,224.786,655.611,23.935
chartqa,1792,64,chartqa_val_398,measured,360.333,420.509,422.782,442.254,865.036,21.06,0.416553,156.847,222.968,225.182,667.436,21.06,156.005,224.94,227.275,669.529,21.06
chartqa,1792,64,chartqa_val_399,measured,357.518,417.436,419.749,717.196,1136.945,21.094,0.314455,157.222,223.294,225.558,942.754,21.094,156.105,222.317,224.59,941.786,21.094
chartqa,1792,64,chartqa_val_400,measured,367.206,427.272,429.927,885.272,1315.199,22.699,0.279202,158.194,224.394,227.565,1112.837,22.699,156.835,223.322,227.294,1112.566,22.699
chartqa,1792,64,chartqa_val_401,measured,367.524,427.796,430.214,1370.234,1800.448,21.75,0.204129,154.866,221.066,223.325,1593.559,21.75,156.079,222.125,224.44,1594.674,21.75
chartqa,1792,64,chartqa_val_402,measured,367.715,427.768,430.299,268.254,698.553,22.355,0.526394,155.446,221.713,224.158,492.412,22.355,156.139,222.089,224.732,492.986,22.355
chartqa,1792,64,chartqa_val_403,measured,355.651,415.543,417.914,952.81,1370.724,21.174,0.259462,155.684,222.022,224.183,1176.993,21.174,156.208,222.588,225.094,1177.904,21.174
chartqa,1792,64,chartqa_val_404,measured,368.003,428.587,431.466,689.091,1120.557,22.97,0.32841,157.162,223.653,225.846,914.937,22.97,155.986,222.286,224.59,913.681,22.97
chartqa,1792,64,chartqa_val_405,measured,358.833,419.228,421.908,1339.095,1761.003,21.255,0.203767,155.346,221.982,224.429,1563.524,21.255,155.99,222.099,224.357,1563.452,21.255
chartqa,1792,64,chartqa_val_406,measured,363.713,423.954,426.379,391.271,817.65,21.737,0.444828,155.907,225.055,227.513,618.784,21.737,156.127,222.435,224.713,615.984,21.737
chartqa,1792,64,chartqa_val_407,measured,373.315,433.848,436.235,1494.079,1930.314,23.716,0.193396,157.286,223.662,226.185,1720.264,23.716,156.044,222.137,224.347,1718.426,23.716
chartqa,1792,64,chartqa_val_408,measured,360.207,420.142,422.877,630.114,1052.991,21.004,0.34208,161.023,227.338,230.001,860.115,21.004,155.888,221.909,224.122,854.236,21.004
chartqa,1792,64,chartqa_val_409,measured,392.654,453.53,456.466,1435.21,1891.676,22.781,0.207569,157.845,232.107,234.445,1669.655,22.781,156.333,222.477,225.902,1661.112,22.781
chartqa,1792,64,chartqa_val_410,measured,429.542,489.951,492.655,565.299,1057.954,22.612,0.406012,157.937,224.337,226.916,792.215,22.612,156.037,222.347,224.74,790.039,22.612
chartqa,1792,64,chartqa_val_411,measured,369.656,429.75,432.105,1393.938,1826.043,22.126,0.202436,158.509,224.659,226.767,1620.705,22.126,156.072,222.124,224.37,1618.308,22.126
chartqa,1792,64,chartqa_val_412,measured,371.426,431.74,434.436,159.095,593.531,22.728,0.62579,156.4,222.878,225.109,384.204,22.728,156.003,222.002,224.24,383.335,22.728
chartqa,1792,64,chartqa_val_413,measured,365.344,425.309,427.714,1369.639,1797.353,21.74,0.203267,158.109,224.722,227.112,1596.751,21.74,156.025,222.491,224.697,1594.336,21.74
chartqa,1792,64,chartqa_val_414,measured,372.318,432.856,435.232,498.275,933.507,22.649,0.398837,154.526,220.82,223.199,721.474,22.649,156.21,222.488,225.056,723.331,22.649
chartqa,1792,64,chartqa_val_415,measured,374.348,434.77,437.485,1401.299,1838.784,22.243,0.203584,156.956,223.289,225.554,1626.853,22.243,156.214,229.658,232.315,1633.614,22.243
chartqa,1792,64,chartqa_val_416,measured,374.085,434.721,437.678,540.663,978.341,22.528,0.382367,156.655,222.928,225.527,766.19,22.528,156.03,222.331,225.152,765.815,22.528
chartqa,1792,64,chartqa_val_417,measured,366.608,426.783,429.346,1365.824,1795.17,21.68,0.204219,160.025,226.254,228.429,1594.253,21.68,156.083,222.973,225.19,1591.014,21.68
chartqa,1792,64,chartqa_val_418,measured,506.28,566.298,568.66,984.177,1552.837,23.433,0.326035,157.081,227.538,229.881,1214.058,23.433,155.93,222.428,225.036,1209.213,23.433
chartqa,1792,64,chartqa_val_419,measured,377.582,437.436,439.868,1403.279,1843.147,22.274,0.204857,156.608,222.971,225.346,1628.625,22.274,155.85,222.172,224.612,1627.891,22.274
chartqa,1792,64,chartqa_val_420,measured,367.586,427.712,430.074,959.812,1389.886,22.321,0.264472,155.093,234.0,236.631,1196.443,22.321,156.183,223.033,225.343,1185.155,22.321
chartqa,1792,64,chartqa_val_421,measured,383.377,443.608,446.06,1415.921,1861.981,22.475,0.205897,155.083,221.459,223.612,1639.533,22.475,156.198,222.535,225.243,1641.164,22.475
chartqa,1792,64,chartqa_val_422,measured,382.411,442.783,445.643,1426.665,1872.308,22.645,0.204246,155.561,222.203,224.639,1651.304,22.645,156.175,222.437,224.774,1651.439,22.645
chartqa,1792,64,chartqa_val_423,measured,373.676,433.938,436.837,1439.2,1876.037,22.844,0.199183,157.619,223.767,226.077,1665.277,22.844,156.311,223.111,226.068,1665.268,22.844
chartqa,1792,64,chartqa_val_424,measured,368.598,428.869,431.357,317.714,749.071,22.694,0.492074,154.741,220.844,223.021,540.735,22.694,156.263,222.815,225.364,543.078,22.694
chartqa,1792,64,chartqa_val_425,measured,357.347,417.719,420.216,1312.202,1732.418,20.829,0.206271,154.195,220.699,222.844,1535.046,20.829,155.905,222.134,224.684,1536.886,20.829
chartqa,1792,64,chartqa_val_426,measured,359.619,419.929,422.36,652.788,1075.148,21.058,0.334483,154.76,220.968,223.247,876.035,21.058,156.127,222.241,224.853,877.641,21.058
chartqa,1792,64,chartqa_val_427,measured,357.537,417.572,419.896,732.201,1152.097,22.188,0.310335,172.672,239.098,242.174,974.375,22.188,156.397,222.6,226.098,958.299,22.188
chartqa,1792,64,chartqa_val_428,measured,365.686,425.746,428.105,587.668,1015.773,20.988,0.360008,155.294,221.894,224.581,812.249,20.988,155.944,224.258,226.573,814.241,20.988
chartqa,1792,64,chartqa_val_429,measured,361.081,421.136,423.527,859.128,1282.655,21.478,0.28151,155.121,221.491,223.929,1083.057,21.478,156.034,222.258,224.906,1084.034,21.478
chartqa,1792,64,chartqa_val_430,measured,372.436,432.863,435.343,221.336,656.679,22.134,0.567152,155.283,223.249,225.848,447.184,22.134,156.149,222.794,225.303,446.639,22.134
chartqa,1792,64,chartqa_val_431,measured,361.627,421.822,424.614,402.595,827.209,21.189,0.437166,156.452,222.699,225.105,627.7,21.189,156.105,222.687,225.056,627.651,21.189
chartqa,1792,64,chartqa_val_432,measured,369.756,430.294,432.866,264.351,697.217,22.029,0.530331,155.224,221.57,223.922,488.273,22.029,156.169,225.126,227.69,492.041,22.029
chartqa,1792,64,chartqa_val_433,measured,376.061,436.046,438.43,1190.014,1628.444,23.8,0.230933,157.431,227.322,229.989,1420.003,23.8,156.3,222.9,225.362,1415.376,23.8
chartqa,1792,64,chartqa_val_434,measured,360.535,420.705,423.168,465.664,888.832,21.167,0.405628,157.848,224.313,226.836,692.5,21.167,156.035,222.325,224.71,690.374,21.167
chartqa,1792,64,chartqa_val_435,measured,357.304,417.215,419.539,352.476,772.015,20.734,0.46282,155.739,222.486,224.797,577.273,20.734,155.984,222.334,224.905,577.381,20.734
chartqa,1792,64,chartqa_val_436,measured,376.399,436.606,438.877,161.218,600.095,23.031,0.627233,154.797,221.124,223.641,384.859,23.031,156.08,222.132,224.558,385.776,23.031
chartqa,1792,64,chartqa_val_437,measured,361.683,421.933,424.327,21.847,446.174,21.847,0.810631,155.189,221.548,224.224,246.071,21.847,155.958,222.239,224.714,246.561,21.847
chartqa,1792,64,chartqa_val_438,measured,370.637,431.24,433.59,437.702,871.292,23.037,0.425388,155.707,222.689,225.474,663.176,23.037,156.595,222.834,225.057,662.759,23.037
chartqa,1792,64,chartqa_val_439,measured,384.043,444.512,447.716,402.848,850.564,23.697,0.451515,161.084,227.862,230.479,633.327,23.697,156.017,222.062,224.3,627.148,23.697
chartqa,1792,64,chartqa_val_440,measured,389.831,449.931,452.281,311.998,764.279,22.286,0.510064,155.781,225.166,227.746,539.744,22.286,155.819,222.128,224.374,536.372,22.286
chartqa,1792,64,chartqa_val_441,measured,362.844,423.38,425.834,1359.304,1785.138,21.576,0.203258,155.034,221.457,223.87,1583.174,21.576,156.205,222.653,225.292,1584.596,21.576
chartqa,1792,64,chartqa_val_442,measured,360.386,420.785,423.166,303.84,727.006,21.703,0.495713,156.294,222.737,225.631,529.471,21.703,156.182,223.298,226.044,529.884,21.703
chartqa,1792,64,chartqa_val_443,measured,362.128,422.709,425.075,625.944,1051.019,21.584,0.344549,154.958,221.682,224.294,850.238,21.584,155.961,222.192,224.588,850.532,21.584
chartqa,1792,64,chartqa_val_444,measured,367.521,428.124,430.457,1183.934,1614.391,22.338,0.227653,156.64,222.839,225.278,1409.212,22.338,156.288,222.478,224.909,1408.843,22.338
chartqa,1792,64,chartqa_val_445,measured,370.932,431.401,434.005,1378.156,1812.161,21.875,0.20469,173.549,239.892,244.037,1622.193,21.875,156.651,223.192,225.941,1604.097,21.875
chartqa,1792,64,chartqa_val_446,measured,384.236,444.642,447.068,505.855,952.923,21.077,0.403218,158.098,225.299,228.449,734.304,21.077,156.074,222.654,225.07,730.925,21.077
chartqa,1792,64,chartqa_val_447,measured,376.949,437.202,439.558,1432.195,1871.753,22.733,0.201388,154.694,221.362,223.794,1655.989,22.733,155.998,222.242,224.842,1657.037,22.733
chartqa,1792,64,chartqa_val_448,measured,375.586,436.044,438.473,136.061,574.534,22.677,0.653722,155.794,222.45,224.972,361.033,22.677,156.034,222.159,224.463,360.524,22.677
chartqa,1792,64,chartqa_val_449,measured,371.189,431.332,433.654,403.115,836.769,22.395,0.443597,156.979,224.617,226.912,630.027,22.395,156.205,222.614,225.277,628.392,22.395
chartqa,1792,64,chartqa_val_450,measured,377.407,437.813,440.178,810.401,1250.579,23.154,0.301786,155.508,222.1,224.388,1034.789,23.154,155.806,221.92,224.525,1034.926,23.154
chartqa,1792,64,chartqa_val_451,measured,371.556,431.901,434.256,443.108,877.364,23.321,0.423491,162.549,228.946,231.296,674.404,23.321,155.984,222.207,224.767,667.875,23.321
chartqa,1792,64,chartqa_val_452,measured,370.108,430.567,433.294,136.123,569.417,22.687,0.649976,154.957,225.124,227.479,363.602,22.687,156.226,222.397,224.778,360.901,22.687
chartqa,1792,64,chartqa_val_453,measured,355.185,415.7,418.118,1304.675,1722.793,20.709,0.206168,155.689,222.123,224.356,1529.031,20.709,156.06,222.13,224.565,1529.24,20.709
chartqa,1792,64,chartqa_val_454,measured,360.541,420.984,423.407,1005.015,1428.422,20.511,0.252405,154.66,231.406,234.155,1239.17,20.511,156.066,222.19,224.718,1229.733,20.511
chartqa,1792,64,chartqa_val_455,measured,356.722,416.659,418.941,471.331,890.272,21.424,0.400689,156.552,223.455,225.72,697.051,21.424,156.076,222.282,224.694,696.025,21.424
chartqa,1792,64,chartqa_val_456,measured,466.281,526.501,528.83,169.257,698.087,21.157,0.667941,154.666,225.753,228.087,397.344,21.157,156.044,222.233,224.522,393.779,21.157
chartqa,1792,64,chartqa_val_457,measured,417.457,477.913,480.268,1326.472,1806.74,21.055,0.231055,156.154,222.633,225.212,1551.684,21.055,158.505,224.692,227.846,1554.318,21.055
chartqa,1792,64,chartqa_val_458,measured,369.59,429.591,432.148,152.356,584.504,21.765,0.632314,156.686,222.977,225.161,377.517,21.765,156.025,222.091,224.571,376.927,21.765
chartqa,1792,64,chartqa_val_459,measured,368.129,428.465,430.873,1424.522,1855.395,22.611,0.19841,154.932,221.334,223.922,1648.444,22.611,155.978,222.129,224.343,1648.865,22.611
chartqa,1792,64,chartqa_val_460,measured,377.918,438.456,441.04,226.614,667.654,22.661,0.56604,155.608,224.631,227.181,453.795,22.661,156.171,222.468,224.857,451.471,22.661
chartqa,1792,64,chartqa_val_461,measured,396.188,456.32,459.915,1410.516,1870.431,22.389,0.211816,155.06,221.428,223.86,1634.376,22.389,155.799,221.691,223.94,1634.456,22.389
chartqa,1792,64,chartqa_val_462,measured,386.045,446.254,448.897,157.075,605.972,22.439,0.637067,154.906,221.259,223.635,380.71,22.439,155.925,221.973,224.422,381.497,22.439
chartqa,1792,64,chartqa_val_463,measured,371.697,431.62,433.959,1407.41,1841.369,22.34,0.201859,154.801,224.542,226.988,1634.398,22.34,156.086,222.306,224.788,1632.198,22.34
chartqa,1792,64,chartqa_val_464,measured,369.547,429.52,431.966,388.914,820.88,20.469,0.450183,155.065,223.825,226.203,615.117,20.469,155.962,222.248,224.627,613.541,20.469
chartqa,1792,64,chartqa_val_465,measured,375.947,436.114,438.419,1357.972,1796.391,23.016,0.209279,154.616,221.069,223.271,1581.243,23.016,155.952,225.863,228.175,1586.147,23.016
chartqa,1792,64,chartqa_val_466,measured,372.032,432.29,434.594,1407.733,1842.327,22.345,0.201936,155.244,221.799,224.072,1631.805,22.345,155.962,222.322,224.757,1632.49,22.345
chartqa,1792,64,chartqa_val_467,measured,371.629,431.962,434.745,1449.472,1884.217,23.007,0.197233,156.497,227.346,229.588,1679.06,23.007,155.994,222.813,225.209,1674.681,23.007
chartqa,1792,64,chartqa_val_468,measured,379.495,439.748,442.186,456.568,898.754,22.828,0.422245,154.868,220.961,223.177,679.745,22.828,155.899,221.983,224.313,680.881,22.828
chartqa,1792,64,chartqa_val_469,measured,380.836,440.946,443.216,1446.747,1889.963,22.964,0.201505,154.807,221.848,224.087,1670.834,22.964,155.95,222.222,224.522,1671.269,22.964
chartqa,1792,64,chartqa_val_470,measured,365.81,426.113,428.642,1368.244,1796.886,21.718,0.20358,155.246,221.495,223.706,1591.95,21.718,156.019,222.301,224.667,1592.911,21.718
chartqa,1792,64,chartqa_val_471,measured,377.974,438.297,440.912,1409.123,1850.035,22.367,0.204307,155.507,221.882,224.031,1633.154,22.367,156.051,222.259,224.682,1633.805,22.367
chartqa,1792,64,chartqa_val_472,measured,370.105,430.625,433.132,617.143,1050.275,22.041,0.352389,155.162,221.199,223.443,840.586,22.041,155.955,222.034,224.4,841.543,22.041
chartqa,1792,64,chartqa_val_473,measured,367.745,427.934,430.494,1041.145,1471.639,22.152,0.249888,155.023,221.281,223.577,1264.722,22.152,155.873,221.997,224.38,1265.525,22.152
chartqa,1792,64,chartqa_val_474,measured,373.199,433.481,435.923,428.527,864.45,22.554,0.431718,154.813,221.221,223.518,652.045,22.554,155.789,222.727,225.33,653.857,22.554
chartqa,1792,64,chartqa_val_475,measured,378.654,438.961,441.382,1492.337,1933.719,23.688,0.195816,156.451,222.978,225.226,1717.563,23.688,155.907,222.229,224.471,1716.808,23.688
chartqa,1792,64,chartqa_val_476,measured,359.158,419.551,421.89,558.562,980.452,22.342,0.366319,154.352,220.793,223.052,781.614,22.342,155.982,222.287,224.595,783.157,22.342
chartqa,1792,64,chartqa_val_477,measured,366.699,426.87,429.362,1429.983,1859.345,22.698,0.19722,155.584,221.697,223.903,1653.886,22.698,155.907,221.942,224.233,1654.216,22.698
chartqa,1792,64,chartqa_val_478,measured,370.71,431.261,433.915,243.903,677.818,22.173,0.546917,154.289,220.326,222.752,466.655,22.173,155.98,221.987,224.301,468.204,22.173
chartqa,1792,64,chartqa_val_479,measured,363.53,423.932,426.424,847.051,1273.475,21.719,0.285463,155.374,222.299,225.121,1072.172,21.719,156.092,222.22,224.486,1071.537,21.719
chartqa,1792,64,chartqa_val_480,measured,385.147,445.466,447.952,730.573,1178.525,23.567,0.326805,155.798,223.048,225.641,956.214,23.567,156.092,222.083,224.453,955.026,23.567
chartqa,1792,64,chartqa_val_481,measured,358.568,418.94,421.568,458.115,879.683,20.823,0.407611,156.214,222.68,225.279,683.394,20.823,156.032,222.137,224.443,682.558,20.823
chartqa,1792,64,chartqa_val_482,measured,366.047,426.022,428.351,637.956,1066.307,21.998,0.343285,155.248,221.541,223.918,861.874,21.998,156.258,225.017,227.337,865.293,21.998
chartqa,1792,64,chartqa_val_483,measured,369.579,429.714,432.087,1413.571,1845.658,22.438,0.200243,155.447,221.822,224.167,1637.738,22.438,156.032,222.125,224.425,1637.996,22.438
chartqa,1792,64,chartqa_val_484,measured,369.84,430.228,432.598,786.66,1219.258,22.476,0.303332,155.206,221.664,224.004,1010.664,22.476,156.051,225.598,228.07,1014.73,22.476
chartqa,1792,64,chartqa_val_485,measured,368.42,429.189,431.61,244.805,676.415,22.255,0.544666,162.646,230.309,233.777,478.582,22.255,156.074,222.135,224.652,469.457,22.255
chartqa,1792,64,chartqa_val_486,measured,369.984,430.86,433.529,562.373,995.902,22.495,0.371507,158.262,225.177,227.846,790.219,22.495,156.273,222.693,225.134,787.507,22.495
chartqa,1792,64,chartqa_val_487,measured,361.177,421.402,423.908,1063.343,1487.251,22.153,0.242849,158.355,228.558,231.085,1294.428,22.153,156.025,222.284,224.537,1287.88,22.153
chartqa,1792,64,chartqa_val_488,measured,371.494,431.932,434.536,489.773,924.309,22.262,0.401915,156.32,223.281,226.002,715.775,22.262,155.923,222.036,224.256,714.029,22.262
chartqa,1792,64,chartqa_val_489,measured,374.8,435.185,437.586,1414.622,1852.208,22.454,0.202353,156.244,222.566,225.04,1639.662,22.454,156.169,222.285,224.918,1639.54,22.454
chartqa,1792,64,chartqa_val_490,measured,372.527,432.889,435.503,293.175,728.678,22.552,0.511236,154.636,220.957,223.257,516.432,22.552,156.234,222.399,224.875,518.05,22.552
chartqa,1792,64,chartqa_val_491,measured,362.634,422.962,425.501,1382.155,1807.656,21.939,0.20061,154.92,223.972,226.251,1608.406,21.939,155.923,221.898,224.191,1606.346,21.939
chartqa,1792,64,chartqa_val_492,measured,363.033,423.28,425.772,1354.072,1779.844,21.493,0.203969,158.233,224.462,226.966,1581.038,21.493,155.976,222.212,224.442,1578.514,21.493
chartqa,1792,64,chartqa_val_493,measured,489.437,549.616,552.129,1452.282,2004.411,23.052,0.24418,157.344,223.698,226.279,1678.561,23.052,156.051,222.138,224.333,1676.615,23.052
chartqa,1792,64,chartqa_val_494,measured,372.727,432.919,435.44,635.651,1071.091,21.919,0.347988,157.183,223.656,226.066,861.717,21.919,155.871,222.123,224.291,859.942,21.919
chartqa,1792,64,chartqa_val_495,measured,361.693,800.842,803.282,746.526,1549.808,21.329,0.233379,158.542,227.339,230.203,976.729,21.329,155.944,223.858,226.137,972.663,21.329
chartqa,1792,64,chartqa_val_496,measured,369.373,429.341,431.777,557.717,989.494,21.451,0.373295,155.08,221.391,223.855,781.572,21.451,156.03,222.282,225.306,783.023,21.451
chartqa,1792,64,chartqa_val_497,measured,371.492,431.788,434.249,1364.241,1798.49,21.655,0.206558,155.872,222.204,224.409,1588.65,21.655,155.778,222.02,224.296,1588.537,21.655
chartqa,1792,64,chartqa_val_498,measured,373.053,433.137,435.583,1131.649,1567.232,22.189,0.238033,157.743,224.629,227.586,1359.235,22.189,156.025,222.061,224.403,1356.052,22.189
chartqa,1792,64,chartqa_val_499,measured,379.555,439.83,442.757,1398.652,1841.409,22.201,0.206122,156.219,222.82,225.495,1624.147,22.201,156.03,222.193,224.516,1623.168,22.201
docvqa,1792,1024,docvqa_49153,approximated,414.18,474.393,477.919,768.204,1246.123,25.607,0.332375,159.129,228.293,230.608,998.812,25.607,157.222,223.652,227.598,995.802,25.607
docvqa,1792,1024,docvqa_24580,approximated,433.067,492.524,494.973,298.4,793.373,19.893,0.545856,155.524,221.95,224.648,523.048,19.893,156.707,223.132,225.785,524.185,19.893
docvqa,1792,1024,docvqa_57349,approximated,400.842,828.246,830.549,224.715,1055.264,22.471,0.37985,155.305,224.141,226.671,451.386,22.471,156.503,224.866,227.208,451.923,22.471
docvqa,1792,1024,docvqa_24581,approximated,399.049,458.703,461.124,228.408,689.532,28.551,0.578724,154.96,221.272,223.764,452.172,28.551,157.263,223.631,227.467,455.875,28.551
docvqa,1792,1024,docvqa_24582,approximated,396.92,913.305,915.906,207.409,1123.315,23.046,0.353347,166.498,234.263,237.725,445.134,23.046,156.833,224.456,227.318,434.727,23.046
docvqa,1792,1024,docvqa_39079,approximated,513.821,573.649,576.434,1786.803,2363.237,49.633,0.217423,155.766,227.471,229.766,2016.569,49.633,156.686,223.106,225.254,2012.057,49.633
docvqa,1792,1024,docvqa_57357,approximated,339.289,826.615,829.003,532.387,1361.39,22.183,0.249223,155.492,224.206,226.937,759.324,22.183,156.656,224.761,227.452,759.839,22.183
docvqa,1792,1024,docvqa_24426,approximated,383.274,443.159,445.705,393.793,839.498,21.877,0.456552,157.898,228.03,230.304,624.097,21.877,156.585,227.662,230.005,623.798,21.877
docvqa,1792,1024,docvqa_49168,approximated,362.403,864.36,867.084,567.99,1435.074,24.695,0.252532,156.31,224.466,226.848,794.838,24.695,156.712,224.722,227.214,795.204,24.695
docvqa,1792,1024,docvqa_24423,approximated,401.981,861.443,864.204,563.458,1427.662,25.612,0.281566,157.281,225.577,228.237,791.695,25.612,156.544,224.76,227.592,791.05,25.612
docvqa,1792,1024,docvqa_49172,approximated,405.096,868.748,871.549,743.692,1615.241,23.99,0.250796,157.4,225.645,228.323,972.015,23.99,156.575,224.341,226.639,970.331,23.99
docvqa,1792,1024,docvqa_57364,approximated,424.377,879.137,881.803,396.664,1278.467,24.792,0.331942,159.224,231.982,234.334,630.998,24.792,156.408,230.078,232.562,629.226,24.792
docvqa,1792,1024,docvqa_57366,approximated,398.267,864.669,867.101,362.46,1229.561,22.654,0.32391,169.84,238.54,240.867,603.327,22.654,156.737,226.457,228.882,591.342,22.654
docvqa,1792,1024,docvqa_57368,approximated,381.788,873.895,876.539,378.891,1255.43,23.681,0.304109,155.183,222.958,225.233,604.124,23.681,156.547,224.815,227.313,606.204,23.681
docvqa,1792,1024,docvqa_49177,approximated,358.558,826.982,829.602,586.296,1415.898,22.55,0.253237,156.593,224.362,226.931,813.227,22.55,157.688,226.399,228.877,815.173,22.55
docvqa,1792,1024,docvqa_57370,approximated,430.17,490.131,492.548,620.617,1113.165,23.87,0.386439,154.977,221.209,223.836,844.453,23.87,157.298,224.26,227.972,848.589,23.87
docvqa,1792,1024,docvqa_57371,approximated,425.736,854.151,857.821,2806.973,3664.794,96.792,0.116169,158.223,226.185,228.597,3035.57,96.792,156.613,227.642,230.05,3037.023,96.792
docvqa,1792,1024,docvqa_57372,approximated,396.863,456.638,459.316,567.568,1026.884,23.649,0.386473,156.789,225.131,227.488,795.056,23.649,159.158,225.297,228.976,796.544,23.649
docvqa,1792,1024,docvqa_49181,approximated,380.051,881.63,884.084,876.31,1760.394,22.469,0.21589,155.179,223.052,225.355,1101.665,22.469,156.634,227.422,229.693,1106.003,22.469
docvqa,1792,1024,docvqa_57373,approximated,383.745,443.695,446.835,447.835,894.67,20.356,0.428923,159.242,225.667,228.431,676.266,20.356,156.65,223.469,225.737,673.572,20.356
docvqa,1792,1024,docvqa_57374,approximated,390.144,449.829,452.093,433.029,885.122,25.472,0.440779,156.7,224.15,226.635,659.664,25.472,156.671,231.835,234.364,667.393,25.472
docvqa,1792,1024,docvqa_57375,approximated,365.955,425.955,428.569,742.168,1170.737,23.941,0.312585,155.606,222.046,224.703,966.871,23.941,156.717,236.807,239.399,981.567,23.941
docvqa,1792,1024,docvqa_57376,approximated,353.172,413.034,415.801,450.991,866.792,25.055,0.407447,156.53,222.535,224.954,675.945,25.055,156.705,223.281,225.85,676.841,25.055
docvqa,1792,1024,docvqa_49187,approximated,349.208,408.94,411.295,685.854,1097.149,23.65,0.318287,172.226,238.232,242.295,928.149,23.65,157.286,224.342,227.031,912.885,23.65
docvqa,1792,1024,docvqa_16424,approximated,397.537,457.475,459.795,516.334,976.129,27.175,0.407259,155.08,221.039,223.307,739.641,27.175,156.36,222.713,224.956,741.29,27.175
docvqa,1792,1024,docvqa_57386,approximated,380.416,440.169,442.56,431.525,874.085,23.974,0.435216,155.028,221.149,223.634,655.159,23.974,157.139,223.729,227.469,658.994,23.974
docvqa,1792,1024,docvqa_57387,approximated,372.263,432.173,434.481,477.024,911.505,25.107,0.408405,158.365,226.77,229.063,706.087,25.107,156.989,223.19,227.987,705.011,25.107
docvqa,1792,1024,docvqa_57388,approximated,375.823,435.466,438.087,488.808,926.895,25.727,0.405465,156.818,223.188,225.748,714.556,25.727,156.504,222.714,224.986,713.794,25.727
docvqa,1792,1024,docvqa_16429,approximated,397.879,458.024,460.413,256.507,716.92,21.376,0.554983,154.797,221.098,223.796,480.303,21.376,156.613,222.859,225.247,481.754,21.376
docvqa,1792,1024,docvqa_16430,approximated,454.115,514.424,517.335,245.916,763.251,20.493,0.594975,166.426,232.532,234.88,480.796,20.493,156.475,222.92,225.367,471.283,20.493
docvqa,1792,1024,docvqa_57391,approximated,386.382,446.874,449.644,232.466,682.11,23.247,0.56645,172.164,241.139,244.065,476.531,23.247,156.702,222.975,225.564,458.03,23.247
docvqa,1792,1024,docvqa_57395,approximated,398.441,458.455,461.046,360.433,821.479,25.745,0.485029,158.563,225.548,229.445,589.878,25.745,156.652,223.212,225.812,586.245,25.745
docvqa,1792,1024,docvqa_16437,approximated,340.723,400.143,402.564,418.387,820.951,22.02,0.415034,163.616,230.079,232.359,650.746,22.02,156.626,223.173,225.702,644.089,22.02
docvqa,1792,1024,docvqa_16440,approximated,400.222,459.955,462.834,452.015,914.849,25.112,0.437473,165.834,232.661,236.429,688.444,25.112,156.83,226.424,229.033,681.048,25.112
docvqa,1792,1024,docvqa_57402,approximated,377.538,437.234,439.648,712.245,1151.893,22.976,0.327755,160.609,227.159,229.892,942.137,22.976,157.144,223.736,227.34,939.585,22.976
docvqa,1792,1024,docvqa_57403,approximated,440.414,501.259,503.732,701.388,1205.12,22.625,0.365453,166.303,232.936,238.06,939.448,22.625,156.566,223.791,226.1,927.488,22.625
docvqa,1792,1024,docvqa_57404,approximated,497.014,924.686,927.1,615.583,1542.683,22.799,0.322175,156.203,227.157,229.723,845.306,22.799,157.006,227.799,231.218,846.801,22.799
docvqa,1792,1024,docvqa_16444,approximated,379.335,439.311,442.234,607.004,1049.238,26.391,0.361534,157.295,224.183,226.832,833.836,26.391,157.067,223.811,227.36,834.364,26.391
docvqa,1792,1024,docvqa_57407,approximated,402.751,462.409,464.997,487.491,952.488,24.375,0.422841,156.093,222.895,225.627,713.118,24.375,156.685,223.446,225.934,713.425,24.375
docvqa,1792,1024,docvqa_16447,approximated,401.675,461.482,465.303,601.989,1067.292,24.08,0.37635,157.565,223.965,226.594,828.583,24.08,156.736,224.248,226.917,828.906,24.08
docvqa,1792,1024,docvqa_57409,approximated,368.031,427.933,430.549,266.693,697.242,26.669,0.527839,156.467,222.627,225.146,491.839,26.669,156.683,222.807,225.384,492.077,26.669
docvqa,1792,1024,docvqa_16450,approximated,423.186,483.068,485.42,268.7,754.12,26.87,0.561165,155.554,223.187,225.485,494.185,26.87,156.742,223.303,226.901,495.601,26.87
docvqa,1792,1024,docvqa_57410,approximated,414.006,473.838,476.254,385.881,862.135,24.118,0.48021,155.412,221.676,224.392,610.273,24.118,156.607,223.575,225.99,611.871,24.118
docvqa,1792,1024,docvqa_57411,approximated,560.235,620.199,622.939,717.078,1340.017,25.61,0.418081,154.396,220.609,223.124,940.202,25.61,156.426,222.982,225.488,942.566,25.61
docvqa,1792,1024,docvqa_57413,approximated,371.925,431.571,434.195,1064.361,1498.556,25.96,0.248189,158.836,225.133,227.814,1292.175,25.96,156.48,223.763,226.033,1290.394,25.96
docvqa,1792,1024,docvqa_57414,approximated,377.679,437.269,440.983,407.716,848.699,22.651,0.445009,155.241,221.61,223.963,631.679,22.651,156.54,225.098,227.365,635.081,22.651
docvqa,1792,1024,docvqa_57415,approximated,381.519,441.025,443.655,541.418,985.073,21.657,0.387301,163.842,230.107,232.658,774.076,21.657,156.715,223.812,226.447,767.865,21.657
docvqa,1792,1024,docvqa_57416,approximated,383.686,443.073,447.592,365.806,813.398,21.518,0.471708,156.934,229.078,231.521,597.327,21.518,156.704,222.994,225.44,591.246,21.518
docvqa,1792,1024,docvqa_57417,approximated,404.924,465.357,468.38,354.709,823.089,25.336,0.491956,154.826,221.388,224.05,578.759,25.336,156.559,223.469,226.408,581.117,25.336
docvqa,1792,1024,docvqa_57418,approximated,344.23,403.768,406.259,336.971,743.23,22.465,0.463154,159.335,225.7,228.252,565.223,22.465,156.677,223.185,225.871,562.842,22.465
docvqa,1792,1024,docvqa_24437,approximated,356.336,416.045,418.528,390.595,809.123,26.04,0.440398,155.285,222.913,225.326,615.921,26.04,156.662,223.032,225.626,616.221,26.04
docvqa,1792,1024,docvqa_24438,approximated,367.487,427.266,429.87,266.363,696.233,22.197,0.527821,156.691,229.379,231.692,498.055,22.197,156.533,225.413,228.866,495.229,22.197
docvqa,1792,1024,docvqa_16455,approximated,438.565,884.74,887.161,624.299,1511.46,24.012,0.29016,156.121,223.936,226.356,850.655,24.012,156.551,224.52,227.016,851.315,24.012
docvqa,1792,1024,docvqa_16456,approximated,397.02,456.648,459.166,268.486,727.652,22.374,0.545618,155.112,223.215,225.624,494.11,22.374,156.9,223.114,226.581,495.067,22.374
docvqa,1792,1024,docvqa_16463,approximated,391.458,451.31,453.905,305.268,759.173,25.439,0.515638,156.778,222.966,225.47,530.738,25.439,156.645,222.96,225.244,530.512,25.439
docvqa,1792,1024,docvqa_49234,approximated,370.335,429.941,432.316,360.985,793.301,25.785,0.466828,173.5,248.014,252.052,613.037,25.785,156.756,225.445,227.649,588.634,25.785
docvqa,1792,1024,docvqa_57428,approximated,402.32,462.488,465.097,400.68,865.777,25.043,0.464692,155.606,222.077,224.684,625.364,25.043,156.647,223.012,225.208,625.888,25.043
docvqa,1792,1024,docvqa_24440,approximated,371.537,858.5,861.066,1443.614,2304.68,84.918,0.16121,158.316,227.526,230.191,1673.805,84.918,156.606,224.465,227.093,1670.707,84.918
docvqa,1792,1024,docvqa_16468,approximated,472.474,532.752,535.86,581.082,1116.942,23.243,0.423006,168.265,234.802,238.391,819.473,23.243,156.255,222.372,224.763,805.845,23.243
docvqa,1792,1024,docvqa_57431,approximated,375.57,435.22,437.676,391.97,829.646,19.599,0.452687,155.953,222.339,224.733,616.703,19.599,156.899,223.23,225.788,617.758,19.599
docvqa,1792,1024,docvqa_16473,approximated,418.598,478.217,481.796,263.506,745.302,21.959,0.561649,155.99,222.175,224.67,488.176,21.959,156.63,224.362,226.933,490.439,21.959
docvqa,1792,1024,docvqa_49242,approximated,370.781,813.058,815.373,239.568,1054.941,21.779,0.35147,157.575,225.214,227.628,467.196,21.779,156.104,226.487,228.787,468.355,21.779
docvqa,1792,1024,docvqa_57439,approximated,401.301,461.046,463.445,5368.396,5831.841,103.238,0.068812,159.233,225.819,228.307,5596.703,103.238,156.802,223.31,226.181,5594.577,103.238
docvqa,1792,1024,docvqa_57440,approximated,375.269,434.87,437.256,359.361,796.617,22.46,0.471079,172.264,238.822,245.066,604.427,22.46,156.633,222.981,225.588,584.949,22.46
docvqa,1792,1024,docvqa_32870,approximated,376.129,435.925,438.75,1022.07,1460.82,24.335,0.257478,158.842,225.641,228.05,1250.12,24.335,156.729,222.909,225.256,1247.326,24.335
docvqa,1792,1024,docvqa_32871,approximated,397.071,885.592,888.004,664.388,1552.392,23.728,0.25578,157.09,225.431,227.828,892.216,23.728,157.251,225.39,228.861,893.249,23.728
docvqa,1792,1024,docvqa_32872,approximated,345.561,405.089,407.654,338.393,746.047,21.15,0.463189,157.896,225.495,227.983,566.376,21.15,156.507,224.026,226.494,564.887,21.15
docvqa,1792,1024,docvqa_32873,approximated,371.87,431.908,434.289,515.899,950.188,24.567,0.391365,158.685,224.947,227.793,743.692,24.567,156.732,223.195,225.959,741.858,24.567
docvqa,1792,1024,docvqa_32874,approximated,344.439,404.005,406.575,291.498,698.073,24.292,0.493414,156.222,222.106,224.318,515.816,24.292,156.643,222.792,225.39,516.888,24.292
docvqa,1792,1024,docvqa_32875,approximated,372.171,432.102,434.604,594.979,1029.583,29.749,0.361478,157.298,224.414,227.011,821.99,29.749,156.724,224.041,226.701,821.68,29.749
docvqa,1792,1024,docvqa_32876,approximated,341.206,400.615,403.001,526.532,929.533,25.073,0.367073,155.992,223.586,226.109,752.641,25.073,156.632,223.306,225.865,752.397,25.073
docvqa,1792,1024,docvqa_32877,approximated,350.234,409.922,412.277,626.829,1039.106,23.216,0.337053,154.574,221.018,223.375,850.204,23.216,157.087,223.379,227.125,853.954,23.216
docvqa,1792,1024,docvqa_32878,approximated,398.784,458.429,462.241,251.942,714.183,22.904,0.558377,158.583,224.749,227.077,479.019,22.904,156.887,223.139,225.761,477.703,22.904
docvqa,1792,1024,docvqa_32879,approximated,429.139,489.89,492.568,396.002,888.57,23.294,0.482955,157.786,224.088,226.602,622.604,23.294,156.791,224.294,226.564,622.566,23.294
docvqa,1792,1024,docvqa_57449,approximated,408.092,467.964,470.58,254.606,725.186,25.461,0.562741,155.222,221.367,223.659,478.265,25.461,156.599,222.84,225.205,479.811,25.461
docvqa,1792,1024,docvqa_32881,approximated,426.975,487.294,490.839,633.174,1124.013,26.382,0.379867,155.274,221.996,224.599,857.773,26.382,156.8,223.914,226.419,859.593,26.382
docvqa,1792,1024,docvqa_32882,approximated,384.65,444.486,447.388,632.579,1079.967,24.33,0.356169,178.533,245.636,249.006,881.585,24.33,156.841,224.139,226.652,859.231,24.33
docvqa,1792,1024,docvqa_32883,approximated,446.042,506.601,509.16,510.214,1019.374,23.192,0.437565,158.545,224.731,227.351,737.565,23.192,156.731,223.093,225.612,735.826,23.192
docvqa,1792,1024,docvqa_57452,approximated,447.362,507.671,510.164,303.374,813.538,20.225,0.549897,163.007,229.409,232.003,535.377,20.225,156.838,223.183,225.751,529.125,20.225
docvqa,1792,1024,docvqa_32885,approximated,352.292,412.137,414.531,383.622,798.153,22.566,0.441384,157.613,224.651,227.004,610.626,22.566,156.671,222.979,225.557,609.179,22.566
docvqa,1792,1024,docvqa_32886,approximated,486.184,545.768,548.178,509.813,1057.991,23.173,0.459535,155.32,221.827,224.009,733.822,23.173,156.55,222.601,224.811,734.624,23.173
docvqa,1792,1024,docvqa_57454,approximated,351.796,411.464,414.174,3395.62,3809.794,60.636,0.09234,189.34,255.865,258.217,3653.837,60.636,156.492,222.825,225.389,3621.009,60.636
docvqa,1792,1024,docvqa_49263,approximated,354.695,414.338,417.12,743.777,1160.897,25.647,0.305535,156.351,222.771,225.266,969.043,25.647,156.478,222.594,224.898,968.675,25.647
docvqa,1792,1024,docvqa_32889,approximated,351.052,410.547,412.987,541.311,954.298,22.555,0.367864,154.809,221.189,223.782,765.093,22.555,156.816,223.463,225.944,767.255,22.555
docvqa,1792,1024,docvqa_32890,approximated,373.816,433.584,436.742,376.724,813.466,25.115,0.459535,154.71,220.939,223.273,599.997,25.115,156.952,223.413,226.333,603.057,25.115
docvqa,1792,1024,docvqa_32891,approximated,498.855,558.897,561.903,843.63,1405.533,24.813,0.354922,157.786,224.029,226.446,1070.076,24.813,158.928,228.851,232.019,1075.649,24.813
docvqa,1792,1024,docvqa_32892,approximated,410.824,470.31,472.9,405.303,878.203,25.331,0.467801,176.156,243.64,247.417,652.72,25.331,156.723,223.02,225.688,630.991,25.331
docvqa,1792,1024,docvqa_32893,approximated,353.314,412.984,415.761,428.937,844.698,21.447,0.418272,155.206,222.729,225.115,654.052,21.447,156.576,223.808,226.206,655.143,21.447
docvqa,1792,1024,docvqa_32894,approximated,377.65,437.571,441.428,487.523,928.951,25.659,0.406534,154.67,221.086,223.499,711.022,25.659,156.522,222.969,225.304,712.827,25.659
docvqa,1792,1024,docvqa_49274,approximated,377.394,437.272,439.973,474.939,914.912,26.385,0.412492,156.403,226.688,229.304,704.243,26.385,156.559,223.578,225.862,700.801,26.385
docvqa,1792,1024,docvqa_32896,approximated,342.107,401.828,404.206,237.698,641.904,19.808,0.532956,158.411,224.423,226.971,464.669,19.808,157.022,223.22,225.686,463.384,19.808
docvqa,1792,1024,docvqa_32897,approximated,380.734,440.254,442.501,303.127,745.628,23.317,0.510622,181.219,248.33,250.761,553.888,23.317,156.484,222.671,224.772,527.899,23.317
docvqa,1792,1024,docvqa_32898,approximated,373.979,434.107,436.503,614.767,1051.27,27.944,0.355741,158.06,227.349,230.056,844.823,27.944,157.212,224.319,227.79,842.557,27.944
docvqa,1792,1024,docvqa_57475,approximated,368.921,428.416,430.874,375.123,805.997,25.008,0.457719,156.882,223.234,225.733,600.856,25.008,157.127,223.444,226.939,602.062,25.008
docvqa,1792,1024,docvqa_32900,approximated,344.562,404.189,406.589,413.771,820.36,21.777,0.420013,157.683,224.8,227.103,640.874,21.777,156.713,224.404,226.927,640.698,21.777
docvqa,1792,1024,docvqa_57476,approximated,344.261,403.681,405.98,475.418,881.398,21.61,0.390585,155.922,223.608,226.247,701.665,21.61,156.74,223.216,226.76,702.178,21.61
docvqa,1792,1024,docvqa_49279,approximated,390.031,449.676,453.082,205.004,658.086,20.5,0.592675,155.155,221.872,224.291,429.295,20.5,157.014,223.379,226.658,431.662,20.5
docvqa,1792,1024,docvqa_49285,approximated,411.871,472.015,474.781,293.281,768.062,26.662,0.536247,157.074,223.261,225.603,518.884,26.662,156.664,222.921,225.208,518.489,26.662
docvqa,1792,1024,docvqa_49292,approximated,370.122,429.892,432.613,1046.132,1478.745,23.247,0.250294,156.126,222.437,224.793,1270.925,23.247,156.712,222.808,224.967,1271.099,23.247
docvqa,1792,1024,docvqa_16529,approximated,395.371,455.081,457.621,307.007,764.628,21.929,0.517076,155.493,221.899,224.615,531.622,21.929,156.599,222.856,225.15,532.157,21.929
docvqa,1792,1024,docvqa_49297,approximated,393.195,453.086,455.502,448.657,904.159,24.925,0.434874,157.442,223.815,226.466,675.123,24.925,157.351,223.837,227.945,676.602,24.925
docvqa,1792,1024,docvqa_16533,approximated,367.781,427.274,429.849,565.925,995.774,25.724,0.369342,157.727,224.228,227.053,792.978,25.724,156.837,223.254,225.66,791.585,25.724
docvqa,1792,1024,docvqa_49304,approximated,402.745,462.329,464.714,341.059,805.773,24.361,0.499824,155.638,221.955,224.459,565.518,24.361,156.749,223.047,225.816,566.875,24.361
docvqa,1792,1024,docvqa_16539,approximated,346.105,405.4,407.926,485.277,893.203,22.058,0.387488,155.041,221.112,223.559,708.836,22.058,156.76,223.161,225.787,711.064,22.058
docvqa,1792,1024,docvqa_16553,approximated,420.286,479.929,482.746,464.475,947.221,24.446,0.443704,155.236,221.803,224.437,688.912,24.446,156.636,223.18,225.793,690.268,24.446
docvqa,1792,1024,docvqa_49322,approximated,403.942,464.45,467.216,399.793,867.009,24.987,0.465903,157.97,224.193,226.635,626.428,24.987,156.518,225.25,227.77,627.563,24.987
docvqa,1792,1024,docvqa_57515,approximated,380.44,440.256,442.786,463.264,906.05,27.251,0.419888,166.949,233.136,236.216,699.48,27.251,156.648,223.243,225.543,688.807,27.251
docvqa,1792,1024,docvqa_49323,approximated,405.217,465.144,467.675,286.542,754.217,23.878,0.537268,162.151,229.269,234.049,520.591,23.878,157.001,223.386,226.441,512.983,23.878
docvqa,1792,1024,docvqa_57517,approximated,398.865,458.59,461.905,229.991,691.896,25.555,0.576482,173.929,241.314,244.812,474.803,25.555,157.02,223.205,226.483,456.474,25.555
docvqa,1792,1024,docvqa_49324,approximated,363.351,422.984,425.39,334.117,759.507,25.701,0.478404,157.602,223.772,226.203,560.32,25.701,156.948,223.329,226.438,560.555,25.701
docvqa,1792,1024,docvqa_57519,approximated,352.476,412.039,414.482,220.525,635.007,22.052,0.555074,156.829,222.74,225.094,445.619,22.052,156.642,222.92,225.914,446.439,22.052
docvqa,1792,1024,docvqa_49325,approximated,382.156,441.627,443.841,264.566,708.407,20.351,0.539459,160.065,226.576,230.094,494.66,20.351,156.68,222.853,225.236,489.802,20.351
docvqa,1792,1024,docvqa_57521,approximated,374.942,435.45,438.129,276.412,714.541,21.262,0.524731,155.658,223.167,225.553,501.965,21.262,156.879,223.046,225.25,501.662,21.262
docvqa,1792,1024,docvqa_49326,approximated,411.334,471.152,474.016,380.732,854.748,22.396,0.481235,167.762,233.954,236.253,616.985,22.396,156.504,222.575,224.799,605.531,22.396
docvqa,1792,1024,docvqa_57523,approximated,407.251,466.919,469.416,334.635,804.051,22.309,0.506499,155.83,222.416,224.54,559.175,22.309,156.457,223.058,225.223,559.858,22.309
docvqa,1792,1024,docvqa_57524,approximated,377.171,437.068,439.898,364.784,804.682,26.056,0.46872,157.533,223.548,225.713,590.497,26.056,156.649,223.09,225.784,590.568,26.056
docvqa,1792,1024,docvqa_57525,approximated,375.434,832.392,835.208,544.291,1379.499,22.679,0.272153,171.47,239.198,242.474,786.765,22.679,156.678,224.361,226.813,771.104,22.679
docvqa,1792,1024,docvqa_57526,approximated,431.145,491.295,493.754,205.669,699.423,20.567,0.61643,156.003,222.407,224.639,430.308,20.567,156.531,222.824,225.193,430.862,20.567
docvqa,1792,1024,docvqa_57527,approximated,493.96,553.713,556.018,473.348,1029.366,27.844,0.479868,156.802,223.067,225.363,698.711,27.844,156.491,222.628,224.925,698.273,27.844
docvqa,1792,1024,docvqa_57528,approximated,371.893,431.738,434.342,643.738,1078.08,23.842,0.344958,158.86,225.038,227.342,871.08,23.842,156.559,223.695,226.024,869.762,23.842
docvqa,1792,1024,docvqa_57529,approximated,391.111,450.818,453.833,608.099,1061.932,20.969,0.368301,155.39,221.712,223.957,832.056,20.969,156.871,223.403,225.721,833.82,20.969
docvqa,1792,1024,docvqa_57530,approximated,409.839,469.665,473.538,264.136,737.674,26.414,0.555582,156.822,223.005,225.608,489.744,26.414,156.93,228.958,233.17,497.306,26.414
docvqa,1792,1024,docvqa_57531,approximated,402.632,462.58,465.27,383.576,848.846,25.572,0.474329,156.38,222.897,225.508,609.084,25.572,156.732,223.545,226.348,609.924,25.572
docvqa,1792,1024,docvqa_57532,approximated,419.058,923.232,926.211,611.012,1537.223,27.773,0.272607,154.887,222.948,225.515,836.527,27.773,156.567,224.634,227.043,838.055,27.773
docvqa,1792,1024,docvqa_57533,approximated,446.603,507.45,510.336,419.434,929.77,23.302,0.480337,155.831,225.909,228.281,647.715,23.302,156.611,222.827,225.776,645.21,23.302
docvqa,1792,1024,docvqa_16568,approximated,414.981,474.926,477.68,237.57,715.25,23.757,0.580191,155.422,222.793,225.426,462.996,23.757,156.642,222.901,225.158,462.728,23.757
docvqa,1792,1024,docvqa_16574,approximated,400.067,460.048,462.528,639.903,1102.431,25.596,0.362895,157.326,223.977,226.349,866.252,25.596,156.768,224.888,227.803,867.706,25.596
docvqa,1792,1024,docvqa_57537,approximated,447.08,507.014,510.592,430.305,940.897,22.648,0.475164,156.93,223.254,225.828,656.133,22.648,156.648,223.042,225.466,655.771,22.648
docvqa,1792,1024,docvqa_57539,approximated,415.999,476.022,478.412,433.969,912.381,22.84,0.455949,160.069,226.474,229.116,663.085,22.84,156.62,223.589,225.909,659.878,22.84
docvqa,1792,1024,docvqa_57540,approximated,405.549,465.669,468.449,459.73,928.179,24.196,0.436929,155.626,223.211,225.902,685.632,24.196,156.814,223.088,225.853,685.583,24.196
docvqa,1792,1024,docvqa_57543,approximated,429.3,489.416,495.765,451.906,947.671,23.785,0.453006,155.437,223.047,225.682,677.588,23.785,156.734,227.301,229.776,681.682,23.785
docvqa,1792,1024,docvqa_57550,approximated,383.605,443.403,446.749,209.267,656.016,26.158,0.584749,155.395,222.022,225.09,434.357,26.158,157.061,223.674,227.255,436.522,26.158
docvqa,1792,1024,docvqa_49361,approximated,384.754,445.212,447.542,282.923,730.465,28.292,0.526725,161.976,230.166,232.66,515.583,28.292,156.74,223.098,225.567,508.49,28.292
docvqa,1792,1024,docvqa_49362,approximated,411.9,471.751,474.298,468.531,942.829,27.561,0.436876,155.377,222.107,224.489,693.02,27.561,156.635,223.037,225.274,693.805,27.561
docvqa,1792,1024,docvqa_57557,approximated,400.689,460.366,463.528,597.363,1060.891,23.895,0.377691,166.093,238.749,242.888,840.251,23.895,156.518,223.122,225.481,822.844,23.895
docvqa,1792,1024,docvqa_49366,approximated,432.22,492.047,494.441,311.674,806.115,22.262,0.536177,174.92,243.842,246.629,558.303,22.262,156.612,227.613,229.86,541.534,22.262
docvqa,1792,1024,docvqa_32984,approximated,373.672,433.72,436.11,431.673,867.783,25.393,0.430606,155.444,223.147,225.83,657.503,25.393,156.659,222.916,225.065,656.738,25.393
docvqa,1792,1024,docvqa_49369,approximated,370.855,430.879,433.501,282.882,716.383,25.717,0.517677,154.973,221.203,223.493,506.375,25.717,156.65,227.721,229.805,512.687,25.717
docvqa,1792,1024,docvqa_57562,approximated,410.252,470.122,472.465,258.403,730.868,25.84,0.561321,157.335,223.729,226.433,484.836,25.84,157.013,223.06,226.045,484.448,25.84
docvqa,1792,1024,docvqa_32986,approximated,363.118,422.684,426.249,393.691,819.94,23.158,0.442859,159.422,227.064,229.39,623.081,23.158,156.56,223.069,225.654,619.345,23.158
docvqa,1792,1024,docvqa_57564,approximated,368.694,428.58,430.908,10212.004,10642.912,127.65,0.034642,155.534,221.72,224.455,10436.459,127.65,156.789,223.081,225.549,10437.553,127.65
docvqa,1792,1024,docvqa_49373,approximated,407.152,467.217,469.916,351.354,821.27,25.097,0.49576,159.167,225.684,227.944,579.298,25.097,157.785,224.204,227.621,578.975,25.097
docvqa,1792,1024,docvqa_16606,approximated,434.192,494.582,497.452,282.773,780.225,28.277,0.556496,158.659,224.75,228.27,511.043,28.277,157.159,224.431,227.997,510.77,28.277
docvqa,1792,1024,docvqa_223,approximated,412.324,472.173,474.823,366.262,841.085,28.174,0.490229,155.166,221.196,223.489,589.751,28.174,157.022,225.004,227.582,593.844,28.174
docvqa,1792,1024,docvqa_224,approximated,379.968,439.587,442.307,394.387,836.694,26.293,0.45413,156.439,222.581,224.805,619.192,26.293,156.317,222.767,225.365,619.752,26.293
docvqa,1792,1024,docvqa_16609,approximated,396.554,456.418,459.878,454.698,914.576,26.747,0.433594,154.866,221.618,224.11,678.808,26.747,157.015,223.489,225.85,680.548,26.747
docvqa,1792,1024,docvqa_57566,approximated,347.75,407.264,409.586,376.309,785.895,23.519,0.44249,155.922,222.294,224.605,600.914,23.519,156.69,225.857,228.16,604.469,23.519
docvqa,1792,1024,docvqa_16611,approximated,383.725,443.884,446.317,574.67,1020.987,30.246,0.375837,155.561,221.67,224.091,798.761,30.246,158.95,228.668,231.143,805.813,30.246
docvqa,1792,1024,docvqa_49376,approximated,348.386,407.914,410.358,316.174,726.532,26.348,0.479519,156.01,222.438,224.763,540.937,26.348,156.724,223.336,226.172,542.346,26.348
docvqa,1792,1024,docvqa_49381,approximated,350.378,410.152,412.556,371.011,783.567,23.188,0.447157,157.833,224.744,227.307,598.318,23.188,157.262,223.772,226.178,597.189,23.188
docvqa,1792,1024,docvqa_32989,approximated,355.005,414.761,417.236,399.998,817.234,25.0,0.434399,155.786,222.178,224.605,624.603,25.0,156.613,223.27,225.534,625.532,25.0
docvqa,1792,1024,docvqa_231,approximated,350.509,410.223,412.557,364.114,776.671,24.274,0.451296,155.48,221.789,224.51,588.624,24.274,156.053,222.431,225.183,589.297,24.274
docvqa,1792,1024,docvqa_232,approximated,416.024,475.911,478.188,372.633,850.821,23.29,0.488968,159.716,225.988,228.272,600.905,23.29,156.92,224.0,227.094,599.727,23.29
docvqa,1792,1024,docvqa_32994,approximated,386.453,446.079,448.545,326.145,774.69,20.384,0.498849,163.556,229.927,233.253,559.398,20.384,156.541,223.21,225.737,551.882,20.384
docvqa,1792,1024,docvqa_234,approximated,380.473,440.311,442.896,6251.104,6694.0,76.233,0.056838,155.093,221.31,223.651,6474.755,76.233,156.388,222.683,225.127,6476.231,76.233
docvqa,1792,1024,docvqa_4931,approximated,513.382,573.08,576.937,415.018,991.955,20.751,0.517545,158.277,224.458,226.717,641.735,20.751,156.684,223.19,225.71,640.728,20.751
docvqa,1792,1024,docvqa_32995,approximated,479.934,539.605,543.03,355.548,898.578,22.222,0.534104,155.574,222.234,224.45,579.998,22.222,156.546,222.902,225.37,580.918,22.222
docvqa,1792,1024,docvqa_237,approximated,405.501,465.349,469.003,451.208,920.211,26.542,0.440661,158.302,227.614,230.239,681.447,26.542,156.732,223.008,225.688,676.896,26.542
docvqa,1792,1024,docvqa_49390,approximated,373.964,433.552,436.097,198.67,634.767,28.381,0.589135,187.345,254.427,257.317,455.987,28.381,156.879,223.667,226.488,425.158,28.381
docvqa,1792,1024,docvqa_49391,approximated,428.434,487.972,490.361,502.083,992.444,22.822,0.431696,156.468,222.819,225.665,727.748,22.822,157.556,505.493,509.303,1011.386,22.822
docvqa,1792,1024,docvqa_49392,approximated,410.089,469.381,472.021,241.299,713.32,20.108,0.574902,157.076,231.342,233.792,475.091,20.108,156.622,222.609,225.213,466.512,20.108
docvqa,1792,1024,docvqa_49393,approximated,412.383,472.034,474.936,480.028,954.964,28.237,0.431831,155.75,223.83,226.221,706.249,28.237,156.691,223.407,226.14,706.168,28.237
docvqa,1792,1024,docvqa_49394,approximated,352.885,412.3,414.945,307.965,722.91,20.531,0.488145,154.527,220.461,222.666,530.631,20.531,157.696,223.92,226.682,534.647,20.531
docvqa,1792,1024,docvqa_49395,approximated,376.671,436.285,439.335,498.455,937.79,26.234,0.401658,160.243,226.279,229.474,727.929,26.234,156.698,223.007,225.413,723.868,26.234
docvqa,1792,1024,docvqa_49396,approximated,380.725,440.77,443.35,515.676,959.026,24.556,0.396991,185.354,257.763,261.259,776.935,24.556,157.006,224.251,227.447,743.123,24.556
docvqa,1792,1024,docvqa_49397,approximated,419.073,478.736,481.244,385.621,866.865,25.708,0.483435,155.508,224.345,226.828,612.449,25.708,156.789,229.358,231.956,617.577,25.708
docvqa,1792,1024,docvqa_49398,approximated,392.326,452.517,454.937,301.375,756.312,23.183,0.518735,176.993,245.543,248.392,549.767,23.183,156.366,229.357,231.587,532.962,23.183
docvqa,1792,1024,docvqa_49399,approximated,356.001,415.704,418.046,207.392,625.438,20.739,0.569203,157.837,225.074,227.871,435.263,20.739,156.464,222.467,224.761,432.153,20.739
docvqa,1792,1024,docvqa_49400,approximated,387.622,447.302,449.888,515.912,965.8,20.636,0.401348,154.931,221.614,224.464,740.376,20.636,156.348,222.577,224.747,740.659,20.636
docvqa,1792,1024,docvqa_49401,approximated,388.889,448.777,451.051,352.495,803.546,22.031,0.483967,157.468,231.212,233.892,586.387,22.031,156.559,230.617,232.932,585.427,22.031
docvqa,1792,1024,docvqa_49402,approximated,403.794,463.441,466.093,722.1,1188.193,24.07,0.339839,157.696,228.15,231.082,953.182,24.07,156.678,222.571,224.709,946.809,24.07
docvqa,1792,1024,docvqa_49403,approximated,348.818,408.079,410.872,184.836,595.708,20.537,0.585552,155.477,221.762,224.175,409.011,20.537,156.661,223.342,225.578,410.414,20.537
docvqa,1792,1024,docvqa_49404,approximated,408.584,468.53,470.886,622.471,1093.357,25.936,0.373697,158.492,224.889,227.515,849.986,25.936,156.579,223.016,225.415,847.886,25.936
docvqa,1792,1024,docvqa_254,approximated,360.53,420.241,422.698,450.446,873.144,26.497,0.412911,154.858,221.056,223.482,673.928,26.497,156.414,223.172,225.463,675.909,26.497
docvqa,1792,1024,docvqa_255,approximated,344.739,404.279,406.494,317.729,724.223,21.182,0.476012,159.192,225.497,227.818,545.547,21.182,156.526,222.766,224.952,542.681,21.182
docvqa,1792,1024,docvqa_256,approximated,377.78,437.821,440.154,448.867,889.021,24.937,0.424939,163.058,229.471,232.642,681.509,24.937,156.564,223.986,226.132,674.999,24.937
docvqa,1792,1024,docvqa_49406,approximated,386.363,446.511,449.42,382.429,831.849,25.495,0.464463,157.51,223.469,225.731,608.16,25.495,156.591,223.05,225.205,607.634,25.495
docvqa,1792,1024,docvqa_265,approximated,353.823,413.322,416.12,864.805,1280.925,24.709,0.276225,156.715,224.515,226.738,1091.543,24.709,156.557,222.651,224.876,1089.681,24.709
docvqa,1792,1024,docvqa_266,approximated,386.959,446.77,449.357,366.693,816.05,22.918,0.474185,154.886,221.356,223.873,590.566,22.918,156.552,224.673,226.901,593.594,22.918
docvqa,1792,1024,docvqa_267,approximated,396.165,456.055,458.352,584.944,1043.296,22.498,0.379724,165.517,234.152,236.929,821.873,22.498,156.608,222.826,225.121,810.065,22.498
docvqa,1792,1024,docvqa_271,approximated,393.823,453.24,455.592,376.861,832.453,23.554,0.473087,172.182,238.64,242.545,619.406,23.554,157.191,223.556,226.448,603.309,23.554
docvqa,1792,1024,docvqa_49432,approximated,447.558,507.193,509.613,949.212,1458.825,25.654,0.306794,156.073,222.12,224.471,1173.683,25.654,156.731,223.257,225.489,1174.701,25.654
docvqa,1792,1024,docvqa_283,approximated,371.427,431.223,433.582,517.057,950.639,24.622,0.390713,170.582,236.946,240.315,757.372,24.622,156.684,222.947,225.584,742.641,24.622
docvqa,1792,1024,docvqa_284,approximated,380.6,442.425,445.06,630.475,1075.535,22.517,0.35387,157.641,223.805,226.25,856.725,22.517,156.639,223.885,226.14,856.615,22.517
docvqa,1792,1024,docvqa_285,approximated,349.842,409.472,411.828,384.693,796.521,25.646,0.439213,159.875,226.196,228.568,613.261,25.646,156.941,224.624,227.018,611.711,25.646
docvqa,1792,1024,docvqa_49437,approximated,408.731,468.661,470.843,351.679,822.522,25.12,0.496924,156.373,222.941,225.532,577.211,25.12,156.543,222.942,225.398,577.077,25.12
docvqa,1792,1024,docvqa_49442,approximated,400.445,460.294,462.679,388.071,850.75,27.719,0.470697,157.76,226.367,228.944,617.015,27.719,158.455,230.088,232.389,620.46,27.719
docvqa,1792,1024,docvqa_292,approximated,371.683,431.871,434.164,620.539,1054.703,22.162,0.352405,158.526,225.085,227.805,848.344,22.162,156.401,222.875,225.359,845.898,22.162
docvqa,1792,1024,docvqa_296,approximated,420.648,480.666,483.683,372.297,855.98,26.593,0.491423,154.943,221.197,223.703,596.0,26.593,156.577,224.657,227.16,599.457,26.593
docvqa,1792,1024,docvqa_297,approximated,442.736,502.545,505.304,357.916,863.22,22.37,0.512888,163.048,238.293,240.693,598.609,22.37,156.436,222.886,225.44,583.356,22.37
docvqa,1792,1024,docvqa_298,approximated,383.468,443.006,446.332,232.776,679.108,21.161,0.564664,155.677,221.768,223.955,456.731,21.161,156.616,224.127,226.618,459.394,21.161
docvqa,1792,1024,docvqa_49449,approximated,402.658,463.028,465.863,359.819,825.682,22.489,0.487667,158.116,224.209,226.67,586.489,22.489,156.706,223.487,225.986,585.805,22.489
docvqa,1792,1024,docvqa_300,approximated,403.077,462.597,464.888,469.814,934.702,24.727,0.431235,158.277,224.544,226.923,696.737,24.727,156.542,223.31,225.637,695.451,24.727
docvqa,1792,1024,docvqa_49454,approximated,482.688,542.439,545.101,382.522,927.623,20.133,0.520349,155.812,222.315,224.485,607.007,20.133,156.636,223.091,225.363,607.885,20.133
docvqa,1792,1024,docvqa_303,approximated,414.215,473.684,476.965,387.098,864.063,24.194,0.47938,170.052,236.746,239.904,627.002,24.194,156.625,223.673,226.003,613.101,24.194
docvqa,1792,1024,docvqa_304,approximated,385.543,445.385,447.751,594.684,1042.435,22.025,0.369849,156.092,222.996,225.54,820.224,22.025,155.987,222.287,224.803,819.487,22.025
docvqa,1792,1024,docvqa_305,approximated,398.346,458.031,460.655,373.84,834.495,20.769,0.47735,163.308,229.691,233.285,607.125,20.769,156.573,222.904,225.425,599.265,20.769
docvqa,1792,1024,docvqa_49455,approximated,380.396,440.063,444.39,1027.495,1471.885,26.346,0.258441,155.93,222.178,224.616,1252.111,26.346,156.775,223.169,225.857,1253.352,26.346
docvqa,1792,1024,docvqa_307,approximated,383.509,443.294,446.102,423.326,869.428,28.222,0.441105,157.518,224.18,226.427,649.753,28.222,156.626,223.678,226.468,649.794,28.222
docvqa,1792,1024,docvqa_49461,approximated,371.27,430.892,433.382,463.539,896.921,24.397,0.413938,156.601,222.767,224.925,688.464,24.397,156.481,222.689,225.109,688.648,24.397
docvqa,1792,1024,docvqa_49465,approximated,398.487,458.315,461.629,560.365,1021.994,26.684,0.389911,156.887,224.939,227.217,787.582,26.684,156.602,231.107,233.675,794.04,26.684
docvqa,1792,1024,docvqa_317,approximated,429.502,489.234,491.907,230.228,722.135,23.023,0.594767,158.192,231.118,233.467,463.695,23.023,156.702,225.092,228.466,458.694,23.023
docvqa,1792,1024,docvqa_319,approximated,404.324,464.17,466.564,467.783,934.347,22.275,0.432735,157.249,223.497,225.91,693.693,22.275,156.507,222.564,224.835,692.618,22.275
docvqa,1792,1024,docvqa_320,approximated,420.086,480.069,483.459,1761.352,2244.811,22.581,0.187136,158.155,224.317,226.603,1987.955,22.581,156.772,223.557,226.035,1987.387,22.581
docvqa,1792,1024,docvqa_321,approximated,431.512,491.074,493.521,70515.213,71008.734,337.393,0.006077,155.269,221.602,223.983,70739.196,337.393,156.847,226.52,228.88,70744.093,337.393
docvqa,1792,1024,docvqa_345,approximated,389.209,448.742,451.303,295.588,746.891,24.632,0.521105,155.86,221.807,224.146,519.734,24.632,156.537,222.771,225.662,521.25,24.632
docvqa,1792,1024,docvqa_346,approximated,405.874,465.473,468.508,594.889,1063.397,22.88,0.381676,155.784,222.488,225.034,819.923,22.88,156.685,226.98,229.479,824.368,22.88
docvqa,1792,1024,docvqa_347,approximated,406.566,466.352,468.706,552.433,1021.139,23.018,0.398149,157.344,225.688,228.17,780.603,23.018,156.727,222.837,225.095,777.528,23.018
docvqa,1792,1024,docvqa_348,approximated,381.939,441.689,444.042,499.877,943.919,24.994,0.40463,159.991,226.505,228.934,728.811,24.994,157.007,223.156,226.685,726.562,24.994
docvqa,1792,1024,docvqa_6943,approximated,417.845,477.392,479.821,401.283,881.104,25.08,0.474229,157.907,224.146,226.579,627.862,25.08,156.472,222.749,225.077,626.36,25.08
docvqa,1792,1024,docvqa_357,approximated,410.617,470.283,472.661,314.305,786.966,26.192,0.521771,157.823,224.302,226.508,540.813,26.192,156.624,222.664,224.963,539.268,26.192
docvqa,1792,1024,docvqa_358,approximated,395.396,455.127,460.497,378.146,838.643,25.21,0.47147,158.473,225.964,228.376,606.522,25.21,156.451,223.644,225.845,603.991,25.21
docvqa,1792,1024,docvqa_359,approximated,396.514,457.018,459.806,470.095,929.901,29.381,0.426405,155.877,222.422,224.63,694.725,29.381,156.414,222.749,225.446,695.541,29.381
docvqa,1792,1024,docvqa_360,approximated,354.462,413.956,416.508,479.713,896.221,23.986,0.395508,160.072,227.079,229.594,709.307,23.986,156.665,222.998,225.286,704.999,23.986
docvqa,1792,1024,docvqa_361,approximated,394.54,454.78,457.64,719.649,1177.289,22.489,0.335126,155.005,221.154,223.478,943.127,22.489,156.581,222.874,225.628,945.277,22.489
docvqa,1792,1024,docvqa_362,approximated,352.568,412.398,415.185,461.815,877.0,21.991,0.402016,155.945,222.299,224.49,686.305,21.991,156.656,223.04,225.716,687.531,21.991
docvqa,1792,1024,docvqa_363,approximated,379.501,439.277,441.985,508.809,950.794,28.267,0.399142,157.923,224.368,226.72,735.529,28.267,157.374,224.395,228.062,736.871,28.267
docvqa,1792,1024,docvqa_364,approximated,367.269,426.659,428.989,775.56,1204.549,23.502,0.304901,157.884,226.213,228.423,1003.983,23.502,160.22,226.904,230.369,1005.929,23.502
docvqa,1792,1024,docvqa_365,approximated,430.57,490.22,492.503,564.588,1057.091,22.583,0.407317,156.548,225.751,228.629,793.217,22.583,156.656,223.547,226.034,790.622,22.583
docvqa,1792,1024,docvqa_8560,approximated,436.942,497.947,500.372,472.936,973.308,24.891,0.448925,156.316,224.532,226.939,699.875,24.891,156.903,223.216,226.094,699.03,24.891
docvqa,1792,1024,docvqa_4958,approximated,381.814,441.701,444.159,321.406,765.565,20.088,0.498735,156.77,230.112,232.903,554.309,20.088,156.547,222.78,225.227,546.633,20.088
docvqa,1792,1024,docvqa_8565,approximated,379.257,438.951,441.877,635.064,1076.941,24.426,0.352161,155.095,225.359,227.659,862.723,24.426,156.79,223.328,225.801,860.865,24.426
docvqa,1792,1024,docvqa_4959,approximated,405.013,464.905,467.333,113.749,581.082,22.75,0.696998,157.725,224.447,227.246,340.995,22.75,156.705,222.993,225.507,339.256,22.75
docvqa,1792,1024,docvqa_375,approximated,347.572,407.294,409.699,571.075,980.774,24.829,0.354385,177.994,244.701,248.661,819.736,24.829,156.73,223.083,225.604,796.679,24.829
docvqa,1792,1024,docvqa_376,approximated,345.066,404.375,406.682,485.733,892.415,22.079,0.386666,158.227,224.609,227.261,712.994,22.079,156.341,222.503,225.245,710.978,22.079
docvqa,1792,1024,docvqa_377,approximated,363.237,422.716,426.467,304.439,730.906,27.676,0.496967,169.528,235.716,239.293,543.732,27.676,156.631,222.703,225.102,529.541,27.676
docvqa,1792,1024,docvqa_49528,approximated,348.338,407.862,410.069,158.4,568.469,19.8,0.612765,157.113,223.446,226.046,384.446,19.8,156.517,222.853,225.317,383.717,19.8
docvqa,1792,1024,docvqa_49530,approximated,420.474,479.856,482.079,165.746,647.825,20.718,0.649054,157.209,223.807,226.156,391.902,20.718,156.566,223.025,225.512,391.258,20.718
docvqa,1792,1024,docvqa_49532,approximated,353.051,412.894,415.145,381.611,796.756,22.448,0.443111,157.153,225.393,227.67,609.281,22.448,156.711,222.658,224.965,606.576,22.448
docvqa,1792,1024,docvqa_24499,approximated,390.082,450.448,452.67,77185.955,77638.625,229.038,0.005024,160.44,226.943,229.319,77415.274,229.038,156.524,222.536,224.833,77410.788,229.038
docvqa,1792,1024,docvqa_49534,approximated,394.411,454.075,456.677,397.43,854.107,20.917,0.461782,155.492,221.767,224.499,621.929,20.917,156.674,222.878,225.582,623.012,20.917
docvqa,1792,1024,docvqa_383,approximated,560.82,620.539,623.433,992.234,1615.667,24.806,0.347114,157.925,224.227,226.827,1219.061,24.806,156.674,223.616,225.911,1218.145,24.806
docvqa,1792,1024,docvqa_384,approximated,382.327,442.003,445.108,1202.762,1647.87,25.058,0.232013,155.442,221.748,224.342,1427.104,25.058,156.55,222.747,225.338,1428.1,25.058
docvqa,1792,1024,docvqa_385,approximated,400.033,459.917,462.475,1743.307,2205.782,22.938,0.181356,168.637,235.623,238.558,1981.865,22.938,157.121,223.721,226.407,1969.714,22.938
docvqa,1792,1024,docvqa_49536,approximated,396.599,456.331,459.918,974.871,1434.789,22.156,0.276416,155.323,221.902,224.315,1199.186,22.156,156.541,222.701,225.397,1200.268,22.156
docvqa,1792,1024,docvqa_24500,approximated,358.842,418.662,421.019,995.703,1416.722,22.63,0.253291,158.956,227.324,230.039,1225.742,22.63,156.659,222.671,224.985,1220.688,22.63
docvqa,1792,1024,docvqa_33153,approximated,422.183,481.736,484.322,498.141,982.463,20.756,0.429719,166.787,233.192,236.67,734.811,20.756,156.542,222.628,225.277,723.418,20.756
docvqa,1792,1024,docvqa_57733,approximated,420.842,481.461,484.498,583.532,1068.03,25.371,0.394035,160.284,227.028,229.409,812.941,25.371,156.52,223.101,225.601,809.133,25.371
docvqa,1792,1024,docvqa_49542,approximated,417.603,477.607,480.281,352.314,832.595,20.724,0.501568,156.391,222.494,224.812,577.126,20.724,156.71,222.977,225.17,577.484,20.724
docvqa,1792,1024,docvqa_33158,approximated,382.743,442.324,444.688,203.958,648.646,20.396,0.590064,156.727,223.393,225.688,429.646,20.396,156.352,222.418,224.568,428.526,20.396
docvqa,1792,1024,docvqa_49544,approximated,381.798,441.837,446.293,637.753,1084.046,21.258,0.352197,161.779,235.084,237.365,875.118,21.258,158.109,225.006,228.053,865.806,21.258
docvqa,1792,1024,docvqa_58694,approximated,358.801,418.331,420.785,408.025,828.81,21.475,0.432911,157.834,223.837,226.06,634.085,21.475,156.497,222.939,225.095,633.12,21.475
docvqa,1792,1024,docvqa_49546,approximated,346.972,406.688,408.86,1343.862,1752.722,22.031,0.197962,159.109,225.441,228.027,1571.889,22.031,156.545,223.204,225.5,1569.362,22.031
docvqa,1792,1024,docvqa_395,approximated,347.327,407.103,409.294,225.01,634.304,20.455,0.547572,168.643,235.499,240.69,465.7,20.455,156.631,224.628,226.953,451.963,20.455
docvqa,1792,1024,docvqa_396,approximated,394.893,454.786,457.529,511.882,969.411,24.375,0.407353,155.524,221.566,223.821,735.703,24.375,156.4,224.117,226.401,738.283,24.375
docvqa,1792,1024,docvqa_397,approximated,380.088,440.244,442.919,483.213,926.132,23.01,0.410404,156.923,223.2,225.411,708.624,23.01,158.513,225.284,229.558,712.771,23.01
docvqa,1792,1024,docvqa_49550,approximated,397.313,457.021,459.562,1302.979,1762.541,25.549,0.22542,156.745,223.666,226.317,1529.296,25.549,158.719,230.833,233.164,1536.143,25.549
docvqa,1792,1024,docvqa_58695,approximated,354.097,413.834,417.601,511.4,929.001,22.235,0.381159,157.093,225.664,228.112,739.512,22.235,156.626,224.005,226.289,737.689,22.235
docvqa,1792,1024,docvqa_398,approximated,373.816,433.644,436.291,289.744,726.035,22.288,0.514874,155.866,222.23,224.807,514.551,22.288,156.425,222.823,225.057,514.801,22.288
docvqa,1792,1024,docvqa_49555,approximated,391.397,451.04,453.327,793.55,1246.877,24.047,0.313902,159.734,229.642,232.173,1025.723,24.047,156.757,223.238,226.431,1019.981,24.047
docvqa,1792,1024,docvqa_16789,approximated,423.48,483.08,486.54,535.488,1022.028,22.312,0.414352,155.375,221.696,223.988,759.476,22.312,156.61,230.027,232.512,768.0,22.312
docvqa,1792,1024,docvqa_407,approximated,349.504,409.016,411.404,262.621,674.025,20.202,0.518533,157.374,223.981,226.482,489.103,20.202,156.417,222.764,225.216,487.837,20.202
docvqa,1792,1024,docvqa_49560,approximated,382.632,442.165,445.456,540.804,986.26,20.03,0.387963,160.011,226.24,228.745,769.549,20.03,156.661,223.355,226.352,767.156,20.03
docvqa,1792,1024,docvqa_408,approximated,350.21,409.867,412.237,285.536,697.773,20.395,0.501897,155.48,492.037,494.337,779.873,20.395,156.548,223.924,226.637,512.173,20.395
docvqa,1792,1024,docvqa_409,approximated,384.747,444.641,447.54,521.33,968.87,24.825,0.397109,157.533,223.673,225.903,747.233,24.825,156.439,224.177,226.721,748.051,24.825
docvqa,1792,1024,docvqa_24505,approximated,378.965,438.664,441.45,406.559,848.009,25.41,0.446888,166.433,232.534,235.894,642.453,25.41,156.707,223.771,226.179,632.738,25.41
docvqa,1792,1024,docvqa_410,approximated,400.649,460.645,463.177,648.325,1111.502,24.936,0.360458,155.467,221.624,223.997,872.322,24.936,156.699,223.318,231.21,879.535,24.936
docvqa,1792,1024,docvqa_49565,approximated,392.037,451.637,455.106,243.008,698.114,20.251,0.561566,156.044,222.216,224.748,467.756,20.251,158.138,224.28,226.719,469.727,20.251
docvqa,1792,1024,docvqa_16801,approximated,399.972,459.781,462.481,232.545,695.026,25.838,0.575477,165.039,231.009,233.616,466.161,25.838,156.516,225.403,227.815,460.36,25.838
docvqa,1792,1024,docvqa_49569,approximated,374.349,433.939,436.363,294.731,731.094,22.672,0.51204,157.034,229.861,233.309,528.04,22.672,156.545,222.756,225.151,519.882,22.672
docvqa,1792,1024,docvqa_57765,approximated,395.727,456.829,459.327,447.936,907.263,22.397,0.436177,155.753,221.907,224.246,672.182,22.397,156.672,222.924,225.177,673.113,22.397
docvqa,1792,1024,docvqa_57766,approximated,348.603,408.097,410.397,329.777,740.174,20.611,0.470974,156.411,225.265,227.846,557.623,20.611,156.865,223.188,225.997,555.774,20.611
docvqa,1792,1024,docvqa_57767,approximated,396.333,457.455,459.731,279.308,739.039,21.485,0.536281,155.705,222.499,224.754,504.062,21.485,156.529,222.772,225.245,504.553,21.485
docvqa,1792,1024,docvqa_58700,approximated,377.73,437.746,439.978,557.433,997.411,26.544,0.378711,156.587,222.755,225.046,782.479,26.544,156.979,223.287,225.891,783.324,26.544
docvqa,1792,1024,docvqa_49574,approximated,385.053,445.175,447.633,439.148,886.781,23.113,0.434214,156.97,224.676,227.291,666.439,23.113,156.565,222.698,225.063,664.211,23.113
docvqa,1792,1024,docvqa_57770,approximated,376.808,436.782,439.257,327.499,766.756,23.393,0.491432,156.869,223.093,225.519,553.018,23.393,156.683,223.038,225.553,553.052,23.393
docvqa,1792,1024,docvqa_57771,approximated,373.852,433.389,435.679,1390.416,1826.095,23.566,0.204728,167.93,234.871,238.117,1628.533,23.566,156.821,223.351,225.521,1615.937,23.566
docvqa,1792,1024,docvqa_49579,approximated,405.69,465.608,469.379,388.793,858.172,25.92,0.472737,176.288,242.578,253.172,641.965,25.92,156.863,223.162,225.903,614.696,25.92
docvqa,1792,1024,docvqa_49577,approximated,508.169,567.809,570.096,229.387,799.483,20.853,0.635621,160.881,227.223,229.388,458.775,20.853,156.878,222.789,225.915,455.302,20.853
docvqa,1792,1024,docvqa_49583,approximated,404.297,464.577,467.336,449.737,917.073,23.67,0.440856,157.181,223.714,226.087,675.824,23.67,156.571,223.219,225.438,675.175,23.67
docvqa,1792,1024,docvqa_431,approximated,377.836,437.712,440.7,658.947,1099.647,24.405,0.343597,156.479,226.461,228.641,887.588,24.405,156.79,223.2,225.61,884.557,24.405
docvqa,1792,1024,docvqa_58702,approximated,379.424,438.943,442.388,375.675,818.063,20.871,0.463808,169.667,236.104,242.224,617.899,20.871,156.242,222.572,224.936,600.611,20.871
docvqa,1792,1024,docvqa_49586,approximated,379.918,439.518,442.555,2057.935,2500.49,23.654,0.151937,155.292,221.587,224.28,2282.215,23.654,156.762,230.166,232.696,2290.631,23.654
docvqa,1792,1024,docvqa_432,approximated,395.874,455.304,457.896,402.728,860.624,21.196,0.459985,158.728,225.141,227.745,630.473,21.196,157.053,223.311,225.756,628.484,21.196
docvqa,1792,1024,docvqa_57780,approximated,393.569,453.633,456.358,382.49,838.848,23.906,0.469178,155.358,227.05,229.28,611.77,23.906,156.453,222.836,225.215,607.705,23.906
docvqa,1792,1024,docvqa_57781,approximated,426.913,486.63,490.376,325.144,815.52,23.225,0.523485,157.262,229.962,232.193,557.337,23.225,156.677,223.431,225.95,551.094,23.225
docvqa,1792,1024,docvqa_57782,approximated,380.319,439.971,442.47,2742.856,3185.326,22.482,0.119397,154.608,220.663,222.815,2965.671,22.482,158.111,228.122,232.662,2975.518,22.482
docvqa,1792,1024,docvqa_57783,approximated,379.915,439.391,441.598,386.713,828.311,22.748,0.458663,157.087,223.734,226.594,613.307,22.748,156.527,222.615,224.871,611.584,22.748
docvqa,1792,1024,docvqa_57784,approximated,385.59,445.292,447.542,1129.73,1577.272,25.105,0.244466,159.434,225.641,228.142,1357.872,25.105,156.758,222.812,224.956,1354.686,25.105
docvqa,1792,1024,docvqa_433,approximated,353.898,413.531,416.01,404.865,820.875,22.493,0.431122,157.438,223.765,226.382,631.247,22.493,157.03,224.682,227.069,631.934,22.493
docvqa,1792,1024,docvqa_16826,approximated,439.613,499.188,501.993,886.603,1388.596,21.11,0.316588,155.188,221.33,223.604,1110.207,21.11,157.096,223.377,228.788,1115.391,21.11
docvqa,1792,1024,docvqa_57786,approximated,344.878,404.251,406.459,368.134,774.593,23.008,0.445238,157.719,224.098,227.001,595.135,23.008,156.936,224.552,227.565,595.699,23.008
docvqa,1792,1024,docvqa_49595,approximated,349.101,408.479,410.627,521.118,931.745,20.845,0.374675,155.208,221.569,223.989,745.107,20.845,156.648,226.749,229.956,751.074,20.845
docvqa,1792,1024,docvqa_444,approximated,351.936,411.879,414.216,354.007,768.223,20.824,0.458116,154.342,220.497,222.748,576.755,20.824,156.597,222.962,225.234,579.241,20.824
docvqa,1792,1024,docvqa_16830,approximated,380.708,440.432,443.232,545.47,988.702,24.794,0.385058,158.302,226.081,228.537,774.007,24.794,156.759,223.435,226.134,771.604,24.794
docvqa,1792,1024,docvqa_16831,approximated,377.479,436.942,439.701,571.928,1011.629,25.997,0.37314,173.035,239.686,243.17,815.098,25.997,157.11,223.191,226.469,798.397,25.997
docvqa,1792,1024,docvqa_16832,approximated,353.063,412.86,415.546,322.011,737.557,21.467,0.478693,158.445,224.814,227.225,549.236,21.467,156.686,223.27,225.594,547.605,21.467
docvqa,1792,1024,docvqa_57790,approximated,386.87,446.579,449.299,182.047,631.346,22.756,0.61277,157.498,223.463,225.971,408.018,22.756,156.608,222.841,225.069,407.116,22.756
docvqa,1792,1024,docvqa_57791,approximated,379.989,440.014,442.42,587.012,1029.432,22.577,0.369125,155.99,228.297,230.555,817.567,22.577,156.829,223.368,226.13,813.142,22.577
docvqa,1792,1024,docvqa_16835,approximated,352.329,412.0,415.761,415.803,831.564,21.884,0.423694,179.239,245.713,248.281,664.084,21.884,156.758,222.999,225.896,641.699,21.884
docvqa,1792,1024,docvqa_450,approximated,396.561,456.429,458.723,346.455,805.178,24.747,0.492514,158.275,233.006,235.726,582.181,24.747,156.571,222.912,225.421,571.876,24.747
docvqa,1792,1024,docvqa_16837,approximated,387.196,446.605,449.311,327.204,776.515,20.45,0.498633,156.543,222.727,225.21,552.414,20.45,156.577,226.655,229.059,556.263,20.45
docvqa,1792,1024,docvqa_57798,approximated,388.828,448.573,452.322,609.039,1061.361,22.557,0.366348,167.085,233.374,236.491,845.53,22.557,156.947,223.37,226.51,835.549,22.557
docvqa,1792,1024,docvqa_16839,approximated,361.112,420.825,423.379,423.246,846.625,23.514,0.426532,156.171,222.943,225.483,648.729,23.514,156.768,223.3,225.931,649.177,23.514
docvqa,1792,1024,docvqa_57799,approximated,396.364,456.251,460.699,448.104,908.803,22.405,0.436139,172.416,240.31,242.958,691.062,22.405,156.793,223.251,225.676,673.78,22.405
docvqa,1792,1024,docvqa_57800,approximated,398.91,459.608,462.604,727.313,1189.917,23.462,0.335242,156.41,228.585,230.9,958.213,23.462,156.735,226.406,228.747,956.06,23.462
docvqa,1792,1024,docvqa_57801,approximated,356.858,416.472,420.087,398.989,819.076,20.999,0.435684,172.189,238.596,241.029,640.018,20.999,156.047,223.426,225.865,624.854,20.999
docvqa,1792,1024,docvqa_57803,approximated,400.196,460.849,463.783,397.055,860.838,24.816,0.464891,172.642,238.689,242.058,639.113,24.816,160.101,232.502,234.948,632.003,24.816
docvqa,1792,1024,docvqa_57804,approximated,386.635,446.194,448.806,215.484,664.29,23.943,0.582028,168.162,235.469,237.985,453.469,23.943,155.902,222.322,224.739,440.223,23.943
docvqa,1792,1024,docvqa_57805,approximated,456.944,516.718,520.081,1065.965,1586.046,24.226,0.288103,158.754,225.028,227.397,1293.362,24.226,156.014,222.45,225.287,1291.252,24.226
docvqa,1792,1024,docvqa_49605,approximated,358.671,418.169,420.766,419.406,840.172,20.97,0.426903,158.913,225.232,227.967,647.373,20.97,156.471,223.418,225.731,645.137,20.97
docvqa,1792,1024,docvqa_57807,approximated,381.431,441.555,444.848,323.46,768.308,23.104,0.496456,155.336,223.825,226.348,549.808,23.104,159.9,226.909,230.179,553.639,23.104
docvqa,1792,1024,docvqa_57808,approximated,363.312,423.065,425.512,339.079,764.591,21.192,0.475172,157.633,223.839,226.432,565.511,21.192,156.552,222.816,225.095,564.174,21.192
docvqa,1792,1024,docvqa_49617,approximated,359.45,419.283,423.18,518.532,941.712,20.741,0.381698,157.442,226.068,228.787,747.319,20.741,156.528,222.606,224.855,743.387,20.741
docvqa,1792,1024,docvqa_57810,approximated,352.736,412.263,414.569,459.184,873.753,20.872,0.403702,186.647,252.711,254.998,714.182,20.872,156.501,222.632,224.991,684.175,20.872
docvqa,1792,1024,docvqa_41421,approximated,357.303,417.249,419.855,337.165,757.02,21.073,0.471986,155.73,221.93,224.221,561.386,21.073,157.38,223.959,227.592,564.757,21.073
docvqa,1792,1024,docvqa_461,approximated,461.74,521.448,524.665,187197.538,187722.203,274.483,0.00246,158.265,225.262,227.937,187425.475,274.483,156.538,223.513,226.138,187423.676,274.483
docvqa,1792,1024,docvqa_463,approximated,356.944,416.504,419.368,13217.443,13636.811,20.149,0.026175,158.832,229.257,231.898,13449.341,20.149,156.444,228.243,230.647,13448.09,20.149
docvqa,1792,1024,docvqa_4977,approximated,346.497,406.023,408.63,222.766,631.396,20.251,0.548778,158.108,224.418,226.76,449.526,20.251,163.963,231.453,234.84,457.606,20.251
docvqa,1792,1024,docvqa_57815,approximated,373.542,433.342,436.174,390.499,826.673,22.971,0.451862,165.395,231.813,233.998,624.497,22.971,156.744,223.209,225.501,616.0,22.971
docvqa,1792,1024,docvqa_4978,approximated,380.869,440.712,443.217,365.788,809.005,22.862,0.470788,156.707,222.969,225.151,590.939,22.862,156.54,222.925,225.207,590.995,22.862
docvqa,1792,1024,docvqa_57817,approximated,376.664,810.049,812.832,656.262,1469.094,22.63,0.256392,156.647,224.964,227.367,883.629,22.63,156.537,229.347,231.827,888.089,22.63
docvqa,1792,1024,docvqa_41434,approximated,362.215,421.758,424.461,280.94,705.401,21.611,0.513489,169.591,235.984,239.488,520.428,21.611,157.161,236.506,238.881,519.821,21.611
docvqa,1792,1024,docvqa_57819,approximated,357.495,417.233,419.65,467.931,887.581,21.27,0.402774,160.176,227.654,230.36,698.291,21.27,156.549,222.887,225.132,693.063,21.27
docvqa,1792,1024,docvqa_57820,approximated,382.557,442.371,445.305,304.987,750.292,23.46,0.509877,156.819,223.226,225.703,530.69,23.46,156.797,224.638,227.328,532.315,23.46
docvqa,1792,1024,docvqa_57821,approximated,386.381,445.99,448.715,303.796,752.511,23.369,0.513456,154.975,221.274,223.597,527.393,23.369,156.636,223.767,226.26,530.056,23.369
docvqa,1792,1024,docvqa_57822,approximated,383.793,443.648,446.156,511.038,957.194,23.229,0.400956,155.257,221.607,223.949,734.987,23.229,156.467,222.786,225.226,736.264,23.229
docvqa,1792,1024,docvqa_57823,approximated,377.367,436.923,439.462,374.527,813.989,23.408,0.463602,155.828,222.114,224.842,599.369,23.408,156.597,224.609,227.188,601.715,23.408
docvqa,1792,1024,docvqa_49629,approximated,371.268,431.125,433.608,335.206,768.814,22.347,0.482911,157.906,224.712,227.195,562.401,22.347,156.845,223.652,226.208,561.414,22.347
docvqa,1792,1024,docvqa_57825,approximated,360.328,420.022,422.595,311.625,734.22,22.259,0.490764,156.008,222.472,224.962,536.587,22.259,156.787,225.032,227.497,539.122,22.259
docvqa,1792,1024,docvqa_57826,approximated,372.833,432.253,434.994,338.724,773.718,22.582,0.481872,159.269,228.092,230.923,569.647,22.582,157.124,223.45,227.555,566.279,22.582
docvqa,1792,1024,docvqa_57827,approximated,370.896,430.457,432.936,445.448,878.384,22.272,0.422249,158.144,224.484,227.002,672.45,22.272,157.212,223.633,227.008,672.456,22.272
docvqa,1792,1024,docvqa_476,approximated,387.496,447.517,450.004,219.943,669.947,24.438,0.578398,156.568,222.622,225.156,445.099,24.438,156.7,223.342,225.806,445.749,24.438
docvqa,1792,1024,docvqa_4980,approximated,382.374,442.179,444.81,626.296,1071.106,23.196,0.35699,178.264,246.259,249.717,876.013,23.196,156.681,224.143,226.729,853.025,23.196
docvqa,1792,1024,docvqa_57833,approximated,374.981,434.909,437.402,179.869,617.271,22.484,0.607482,156.303,222.571,224.852,404.721,22.484,156.697,224.088,226.391,406.26,22.484
docvqa,1792,1024,docvqa_41449,approximated,349.611,409.068,411.551,349.515,761.066,21.845,0.459371,158.897,226.543,228.975,578.49,21.845,156.636,223.888,226.518,576.033,21.845
docvqa,1792,1024,docvqa_57835,approximated,372.295,431.984,434.26,353.608,787.868,22.101,0.472535,166.818,233.522,236.766,590.374,22.101,156.699,229.389,232.066,585.674,22.101
docvqa,1792,1024,docvqa_57836,approximated,371.655,431.317,433.678,246.443,680.121,22.404,0.546454,156.798,224.056,226.493,472.936,22.404,156.8,223.008,225.845,472.288,22.404
docvqa,1792,1024,docvqa_57837,approximated,370.599,430.105,432.471,244.769,677.24,22.252,0.54722,156.401,224.224,227.213,471.982,22.252,156.61,224.316,227.14,471.909,22.252
docvqa,1792,1024,docvqa_57838,approximated,370.49,429.92,432.284,202.111,634.395,22.457,0.584006,158.826,225.336,228.013,430.124,22.457,156.766,225.109,227.719,429.83,22.457
docvqa,1792,1024,docvqa_49643,approximated,372.096,431.697,434.012,527.474,961.486,22.934,0.387001,157.991,224.264,226.797,754.271,22.934,156.579,222.619,224.953,752.427,22.934
docvqa,1792,1024,docvqa_57841,approximated,377.051,436.559,439.41,211.102,650.512,23.456,0.579623,157.062,223.639,226.34,437.442,23.456,156.592,223.055,225.835,436.937,23.456
docvqa,1792,1024,docvqa_57843,approximated,382.375,442.067,444.724,206.532,651.256,22.948,0.587134,156.795,222.857,225.173,431.705,22.948,156.756,223.269,225.92,432.452,22.948
docvqa,1792,1024,docvqa_57844,approximated,372.667,432.277,435.18,562.951,998.131,22.518,0.373365,158.595,225.06,227.257,790.208,22.518,157.046,223.762,226.872,789.823,22.518
docvqa,1792,1024,docvqa_57845,approximated,372.67,432.533,435.151,400.268,835.419,22.237,0.446087,159.896,227.457,229.991,630.259,22.237,156.59,223.474,225.995,626.263,22.237
docvqa,1792,1024,docvqa_57853,approximated,368.319,428.025,430.584,371.783,802.367,23.236,0.459041,171.999,238.051,243.134,614.917,23.236,157.117,223.366,226.636,598.419,23.236
docvqa,1792,1024,docvqa_57854,approximated,373.398,432.916,435.302,472.241,907.543,22.488,0.411439,172.739,239.009,242.911,715.152,22.488,158.435,233.936,236.139,708.38,22.488
docvqa,1792,1024,docvqa_57855,approximated,376.565,436.308,439.104,437.383,876.487,23.02,0.42963,177.223,243.341,246.352,683.735,23.02,156.617,231.775,234.01,671.393,23.02
docvqa,1792,1024,docvqa_57857,approximated,373.773,433.603,436.213,719.412,1155.625,22.482,0.323438,157.257,224.254,226.716,946.128,22.482,156.516,222.438,224.639,944.051,22.482
docvqa,1792,1024,docvqa_57858,approximated,350.665,410.254,412.815,469.793,882.608,20.426,0.397305,157.577,223.604,226.292,696.085,20.426,156.727,223.414,225.654,695.447,20.426
docvqa,1792,1024,docvqa_45694,approximated,403.759,463.599,466.012,540.464,1006.476,23.498,0.401161,169.814,236.425,239.896,780.36,23.498,156.488,222.723,224.904,765.368,23.498
docvqa,1792,1024,docvqa_55464,approximated,381.424,826.826,829.335,892.096,1721.431,22.874,0.221574,155.392,228.929,231.392,1123.488,22.874,155.999,224.175,226.437,1118.533,22.874
docvqa,1792,1024,docvqa_57880,approximated,382.813,442.609,445.285,510.702,955.987,23.214,0.400437,157.307,223.723,226.254,736.956,23.214,157.19,223.457,228.357,739.059,23.214
docvqa,1792,1024,docvqa_57881,approximated,508.687,568.726,571.089,398.639,969.728,23.449,0.524567,158.236,225.121,227.409,626.048,23.449,157.106,223.506,225.884,624.523,23.449
docvqa,1792,1024,docvqa_57882,approximated,390.776,450.557,453.169,799.62,1252.789,22.846,0.311925,169.034,235.506,238.906,1038.526,22.846,156.505,223.203,226.826,1026.446,22.846
docvqa,1792,1024,docvqa_57883,approximated,357.428,417.357,419.913,781.253,1201.166,22.322,0.297568,157.482,223.775,226.377,1007.63,22.322,156.392,223.93,226.3,1007.553,22.322
docvqa,1792,1024,docvqa_57884,approximated,366.871,426.869,429.698,312.652,742.35,22.332,0.494202,156.687,227.031,229.409,542.061,22.332,156.726,223.096,225.519,538.171,22.332
docvqa,1792,1024,docvqa_57885,approximated,377.326,437.062,439.609,311.126,750.735,23.933,0.502609,155.774,222.091,224.285,535.411,23.933,158.577,227.884,231.282,542.408,23.933
docvqa,1792,1024,docvqa_57886,approximated,398.114,457.76,460.837,432.124,892.961,24.007,0.445836,161.687,227.843,230.265,662.389,24.007,156.503,222.801,225.048,657.172,24.007
docvqa,1792,1024,docvqa_57887,approximated,391.689,451.632,454.47,437.78,892.25,24.321,0.43899,160.29,226.859,230.338,668.118,24.321,157.87,230.359,233.46,671.24,24.321
docvqa,1792,1024,docvqa_57888,approximated,389.085,448.916,451.746,573.713,1025.459,24.944,0.379425,158.193,224.589,227.047,800.76,24.944,157.183,232.036,235.248,808.961,24.944
docvqa,1792,1024,docvqa_57889,approximated,378.214,437.822,440.395,297.96,738.355,22.92,0.512239,157.588,223.849,226.443,524.403,22.92,156.639,226.227,228.447,526.407,22.92
docvqa,1792,1024,docvqa_57890,approximated,375.631,435.382,437.79,395.418,833.208,23.26,0.450825,158.208,224.524,226.711,622.129,23.26,156.746,223.077,225.302,620.72,23.26
docvqa,1792,1024,docvqa_57891,approximated,373.649,433.747,436.196,590.534,1026.73,24.606,0.363922,156.418,222.899,225.339,815.873,24.606,156.663,223.025,225.339,815.873,24.606
docvqa,1792,1024,docvqa_553,approximated,371.877,431.31,433.642,316.106,749.748,24.316,0.496003,157.697,224.618,227.256,543.362,24.316,156.622,222.887,225.161,541.267,24.316
docvqa,1792,1024,docvqa_554,approximated,373.294,432.882,435.206,621.567,1056.773,23.021,0.35324,155.724,222.175,224.683,846.25,23.021,156.536,223.088,225.41,846.977,23.021
docvqa,1792,1024,docvqa_555,approximated,366.878,426.518,429.358,472.706,902.064,21.487,0.406709,155.168,221.408,223.976,696.682,21.487,157.154,223.904,226.902,699.608,21.487
docvqa,1792,1024,docvqa_57899,approximated,378.38,438.352,441.427,419.353,860.78,23.297,0.439578,163.848,231.308,233.814,653.167,23.297,157.295,224.192,227.742,647.095,23.297
docvqa,1792,1024,docvqa_57900,approximated,381.043,440.98,443.938,322.722,766.66,23.052,0.497017,157.919,224.195,226.437,549.159,23.052,156.591,227.808,230.037,552.759,23.052
docvqa,1792,1024,docvqa_57901,approximated,354.098,413.788,416.872,707.753,1124.625,21.447,0.314858,154.829,221.127,223.612,931.365,21.447,156.331,222.66,224.881,932.634,21.447
docvqa,1792,1024,docvqa_57902,approximated,360.599,420.009,422.366,217.532,639.898,21.753,0.563526,156.256,222.337,224.742,442.274,21.753,156.307,222.872,225.091,442.623,21.753
docvqa,1792,1024,docvqa_57903,approximated,378.736,438.67,441.009,536.529,977.538,24.388,0.387439,157.137,223.293,225.877,762.406,24.388,156.431,222.689,224.888,761.417,24.388
docvqa,1792,1024,docvqa_57904,approximated,382.702,442.347,444.978,2224.915,2669.893,22.703,0.14334,154.706,223.071,225.284,2450.199,22.703,156.966,223.769,226.502,2451.417,22.703
docvqa,1792,1024,docvqa_57905,approximated,351.881,411.384,414.012,396.311,810.323,20.858,0.434248,160.73,228.698,230.931,627.242,20.858,156.539,222.794,225.207,621.518,20.858
docvqa,1792,1024,docvqa_581,approximated,376.379,436.135,438.953,275.249,714.202,22.937,0.526992,179.437,245.973,249.824,525.073,22.937,157.88,233.681,236.171,511.42,22.937
docvqa,1792,1024,docvqa_582,approximated,380.729,440.515,443.005,450.309,893.314,23.701,0.426198,154.765,220.825,223.337,673.646,23.701,156.742,223.285,225.817,676.126,23.701
docvqa,1792,1024,docvqa_583,approximated,386.545,447.24,450.187,326.135,776.322,23.295,0.497919,162.014,229.911,232.086,558.221,23.295,156.303,222.457,224.723,550.858,23.295
docvqa,1792,1024,docvqa_57928,approximated,384.075,443.783,446.686,211.646,658.332,23.516,0.583407,158.409,225.851,228.417,440.063,23.516,156.444,224.926,227.989,439.635,23.516
docvqa,1792,1024,docvqa_57929,approximated,383.742,443.757,446.417,1087.479,1533.896,23.138,0.250174,157.7,224.036,226.418,1313.897,23.138,156.55,223.083,225.8,1313.279,23.138
docvqa,1792,1024,docvqa_584,approximated,378.883,438.813,441.401,343.251,784.652,22.883,0.482867,159.363,225.651,227.94,571.191,22.883,156.548,222.814,225.187,568.438,22.883
docvqa,1792,1024,docvqa_57931,approximated,373.617,433.297,435.708,137.602,573.31,22.934,0.651683,155.777,223.722,225.864,363.466,22.934,156.466,224.456,226.999,364.601,22.934
docvqa,1792,1024,docvqa_57933,approximated,353.477,412.895,415.581,262.819,678.4,20.217,0.521045,155.459,222.503,224.743,487.562,20.217,156.5,222.753,225.093,487.912,20.217
docvqa,1792,1024,docvqa_57934,approximated,348.419,407.94,410.211,368.714,778.925,20.484,0.447308,155.485,223.653,226.116,594.83,20.484,156.702,223.905,226.606,595.32,20.484
docvqa,1792,1024,docvqa_596,approximated,354.523,414.115,416.289,510.855,927.144,20.434,0.382381,155.52,223.73,226.433,737.288,20.434,156.698,223.373,225.698,736.553,20.434
docvqa,1792,1024,docvqa_597,approximated,352.208,411.951,414.194,297.26,711.454,21.233,0.495053,158.567,225.386,228.091,525.351,21.233,156.612,222.867,225.134,522.394,21.233
docvqa,1792,1024,docvqa_598,approximated,377.084,437.215,440.062,1042.645,1482.707,23.17,0.254322,158.7,226.072,228.517,1271.162,23.17,156.404,222.773,225.209,1267.854,23.17
docvqa,1792,1024,docvqa_599,approximated,382.971,442.788,445.315,1468.333,1913.648,24.887,0.200126,158.911,226.674,229.249,1697.582,24.887,156.75,223.287,225.943,1694.276,24.887
docvqa,1792,1024,docvqa_600,approximated,354.866,414.266,416.734,207.356,624.09,20.736,0.568612,188.449,254.73,258.2,465.556,20.736,156.914,223.411,227.386,434.742,20.736
docvqa,1792,1024,docvqa_601,approximated,370.082,429.852,432.066,1094.889,1526.955,22.345,0.242366,159.666,228.313,230.805,1325.694,22.345,156.678,225.847,227.98,1322.869,22.345
docvqa,1792,1024,docvqa_16981,approximated,378.213,438.011,440.607,400.073,840.68,25.005,0.44989,167.285,233.76,237.32,637.393,25.005,156.619,223.09,225.757,625.83,25.005
docvqa,1792,1024,docvqa_16990,approximated,376.344,436.423,439.204,419.59,858.794,22.084,0.438224,156.246,222.845,225.407,644.997,22.084,156.596,223.018,225.438,645.028,22.084
docvqa,1792,1024,docvqa_57951,approximated,554.996,615.233,617.842,190.812,808.654,23.851,0.68632,158.285,226.214,228.695,419.507,23.851,156.753,224.608,227.506,418.318,23.851
docvqa,1792,1024,docvqa_57952,approximated,381.341,441.193,443.923,352.346,796.269,23.49,0.47891,155.146,221.993,224.425,576.771,23.49,156.443,222.708,225.237,577.583,23.49
docvqa,1792,1024,docvqa_57954,approximated,367.601,427.06,429.706,343.489,773.195,21.468,0.475431,158.541,225.001,227.485,570.974,21.468,156.904,224.546,228.15,571.639,21.468
docvqa,1792,1024,docvqa_57955,approximated,395.549,455.565,458.015,385.412,843.427,29.647,0.468978,156.392,222.628,225.199,610.611,29.647,156.533,231.714,234.499,619.911,29.647
docvqa,1792,1024,docvqa_610,approximated,381.487,441.302,443.823,1456.56,1900.383,23.493,0.200742,157.408,223.69,226.037,1682.597,23.493,156.554,222.847,225.36,1681.92,23.493
docvqa,1792,1024,docvqa_611,approximated,375.461,435.154,437.628,629.859,1067.487,22.495,0.351724,158.839,225.089,227.788,857.647,22.495,156.497,222.785,225.162,855.021,22.495
docvqa,1792,1024,docvqa_612,approximated,375.408,434.8,437.315,655.004,1092.319,22.586,0.34368,158.122,224.999,227.193,882.197,22.586,156.506,223.648,225.921,880.925,22.586
docvqa,1792,1024,docvqa_613,approximated,349.846,409.493,412.099,1017.861,1429.96,20.357,0.244655,156.665,222.778,225.34,1243.201,20.357,156.629,223.311,225.772,1243.633,20.357
docvqa,1792,1024,docvqa_16999,approximated,361.092,420.677,423.102,402.886,825.988,21.205,0.437164,155.415,221.545,223.947,626.833,21.205,156.372,222.425,224.837,627.723,21.205
docvqa,1792,1024,docvqa_17000,approximated,351.018,410.395,412.791,250.231,663.022,20.853,0.529421,157.225,223.246,225.704,475.935,20.853,156.696,223.086,225.695,475.926,20.853
docvqa,1792,1024,docvqa_17001,approximated,351.497,410.781,413.154,165.97,579.124,20.746,0.606947,157.393,223.578,226.099,392.069,20.746,156.757,223.146,226.924,392.894,20.746
docvqa,1792,1024,docvqa_57963,approximated,361.95,421.402,423.913,874.291,1298.204,21.324,0.278808,157.143,223.23,225.818,1100.109,21.324,156.877,223.11,226.398,1100.689,21.324
docvqa,1792,1024,docvqa_57964,approximated,380.775,440.602,443.894,1143.472,1587.366,24.329,0.239878,159.054,226.175,228.844,1372.316,24.329,156.239,222.099,224.527,1367.999,24.329
docvqa,1792,1024,docvqa_57965,approximated,352.904,412.484,415.178,1352.913,1768.091,21.475,0.199596,155.617,221.922,224.181,1577.094,21.475,156.303,222.47,224.818,1577.731,21.475
docvqa,1792,1024,docvqa_17002,approximated,349.712,409.041,411.47,270.834,682.304,20.833,0.512546,154.917,221.047,223.466,494.3,20.833,156.252,222.4,224.742,495.576,20.833
docvqa,1792,1024,docvqa_17003,approximated,351.154,410.353,412.662,491.837,904.499,20.493,0.388231,157.331,223.397,225.817,717.654,20.493,157.022,223.406,226.69,718.527,20.493
docvqa,1792,1024,docvqa_17004,approximated,386.459,446.426,448.873,453.962,902.835,23.893,0.428051,160.93,227.146,229.953,683.915,23.893,156.564,222.938,225.269,679.231,23.893
docvqa,1792,1024,docvqa_57969,approximated,393.192,453.129,455.848,215.074,670.922,23.897,0.586048,157.324,223.326,225.595,440.669,23.897,158.387,233.652,238.528,453.602,23.897
docvqa,1792,1024,docvqa_17005,approximated,387.877,447.502,450.073,354.123,804.196,23.608,0.482317,156.655,223.276,225.677,579.8,23.608,156.191,222.619,224.873,578.996,23.608
docvqa,1792,1024,docvqa_57971,approximated,375.116,434.866,437.331,478.635,915.966,22.792,0.40953,157.429,224.032,226.833,705.468,22.792,156.534,224.027,226.66,705.295,22.792
docvqa,1792,1024,docvqa_17007,approximated,381.329,441.157,443.643,603.225,1046.868,23.201,0.364257,160.551,227.223,230.02,833.245,23.201,156.576,224.413,226.648,829.873,23.201
docvqa,1792,1024,docvqa_57973,approximated,382.11,441.888,444.388,300.65,745.038,23.127,0.512873,154.633,220.842,223.192,523.842,23.127,156.82,223.614,226.129,526.779,23.127
docvqa,1792,1024,docvqa_57974,approximated,375.309,435.131,437.594,384.794,822.388,22.635,0.456365,163.402,229.376,232.096,616.89,22.635,156.628,223.778,226.338,611.132,22.635
docvqa,1792,1024,docvqa_57975,approximated,363.915,423.519,425.94,403.904,829.844,21.258,0.438534,157.355,223.48,225.701,629.605,21.258,156.34,224.735,227.199,631.103,21.258
docvqa,1792,1024,docvqa_57976,approximated,375.227,434.826,437.728,385.242,822.97,22.661,0.455943,155.072,221.301,223.466,608.708,22.661,156.459,222.852,225.124,610.366,22.661
docvqa,1792,1024,docvqa_57977,approximated,372.902,432.867,435.735,450.016,885.751,22.501,0.421001,157.546,223.518,225.759,675.775,22.501,156.645,223.127,225.373,675.389,22.501
docvqa,1792,1024,docvqa_57978,approximated,368.777,429.021,431.907,519.788,951.695,22.599,0.387495,157.752,223.607,225.796,745.584,22.599,156.449,222.826,225.042,744.83,22.599
docvqa,1792,1024,docvqa_636,approximated,374.341,433.933,436.401,1506.847,1943.248,23.182,0.192637,156.816,223.049,225.282,1732.129,23.182,156.464,223.017,225.229,1732.076,23.182
docvqa,1792,1024,docvqa_637,approximated,399.442,459.541,462.629,522.547,985.176,24.883,0.405453,179.689,245.918,248.69,771.237,24.883,156.551,222.745,225.246,747.793,24.883
docvqa,1792,1024,docvqa_639,approximated,388.214,447.811,450.226,1322.002,1772.228,23.607,0.219054,157.999,232.907,235.105,1557.107,23.607,156.98,225.277,227.943,1549.945,23.607
docvqa,1792,1024,docvqa_57985,approximated,377.752,437.688,440.651,458.406,899.057,22.92,0.420165,158.277,227.288,230.012,688.418,22.92,156.851,223.726,226.217,684.623,22.92
docvqa,1792,1024,docvqa_57986,approximated,375.131,434.927,437.95,1499.84,1937.79,24.191,0.193587,155.781,222.723,225.121,1724.961,24.191,156.338,222.907,225.436,1725.276,24.191
docvqa,1792,1024,docvqa_57987,approximated,355.716,415.636,418.329,1331.105,1749.434,20.799,0.203332,156.473,222.803,225.173,1556.278,20.799,156.699,225.366,227.678,1558.783,20.799
docvqa,1792,1024,docvqa_57989,approximated,375.31,435.409,437.769,448.343,886.112,22.417,0.423547,157.288,223.582,226.026,674.369,22.417,156.752,223.425,226.885,675.228,22.417
docvqa,1792,1024,docvqa_650,approximated,346.96,406.423,408.836,303.969,712.805,20.265,0.486753,158.641,226.45,228.975,532.944,20.265,156.446,223.047,225.407,529.376,20.265
docvqa,1792,1024,docvqa_651,approximated,382.711,442.701,445.23,489.874,935.104,23.327,0.409271,154.752,221.608,224.112,713.986,23.327,156.406,223.057,225.334,715.208,23.327
docvqa,1792,1024,docvqa_58007,approximated,381.089,441.046,443.546,547.883,991.429,24.904,0.384383,155.689,221.857,224.193,772.076,24.904,156.36,222.264,224.515,772.398,24.904
docvqa,1792,1024,docvqa_58009,approximated,471.074,530.483,533.075,171.53,704.605,21.441,0.668565,155.26,221.189,223.551,395.081,21.441,156.476,223.426,225.796,397.326,21.441
docvqa,1792,1024,docvqa_58018,approximated,353.494,412.89,415.301,945.936,1361.237,20.564,0.259686,167.163,233.678,236.699,1182.635,20.564,156.541,227.678,230.768,1176.704,20.564
docvqa,1792,1024,docvqa_674,approximated,378.372,438.02,440.892,296.745,737.637,22.827,0.512951,156.871,224.36,226.791,523.536,22.827,156.521,222.659,224.906,521.651,22.827
docvqa,1792,1024,docvqa_57122,approximated,377.28,437.058,439.67,299.204,738.874,23.016,0.510615,156.51,222.568,224.957,524.161,23.016,160.679,229.336,233.547,532.751,23.016
docvqa,1792,1024,docvqa_58020,approximated,348.37,408.124,410.504,203.355,613.859,20.336,0.567508,156.367,222.562,225.098,428.453,20.336,156.462,222.636,224.988,428.343,20.336
docvqa,1792,1024,docvqa_58021,approximated,351.159,410.346,412.633,211.602,624.235,21.16,0.562543,154.652,220.62,223.122,434.724,21.16,156.53,222.734,225.014,436.616,21.16
docvqa,1792,1024,docvqa_58022,approximated,354.403,413.709,415.998,410.406,826.404,20.52,0.428849,167.54,235.397,238.377,648.783,20.52,156.401,222.703,225.007,635.413,20.52
docvqa,1792,1024,docvqa_58023,approximated,386.191,445.605,449.497,402.161,851.658,20.108,0.453458,159.087,225.28,228.132,630.293,20.108,156.62,227.011,229.398,631.559,20.108
docvqa,1792,1024,docvqa_58024,approximated,352.503,411.815,414.092,436.043,850.135,20.764,0.414643,157.402,223.769,226.588,662.631,20.764,159.792,226.193,232.575,668.618,20.764
docvqa,1792,1024,docvqa_675,approximated,371.533,431.522,434.233,2689.725,3123.958,22.229,0.11893,154.659,220.815,223.2,2912.925,22.229,156.568,222.728,225.228,2914.953,22.229
docvqa,1792,1024,docvqa_676,approximated,413.986,474.356,476.857,275.503,752.36,25.046,0.55025,160.255,227.617,230.026,505.529,25.046,156.634,228.314,230.851,506.354,25.046
docvqa,1792,1024,docvqa_677,approximated,379.495,439.386,442.216,640.064,1082.28,22.859,0.350644,164.939,231.399,234.688,874.752,22.859,156.358,224.211,226.49,866.554,22.859
docvqa,1792,1024,docvqa_58029,approximated,391.17,451.304,454.066,277.324,731.39,23.11,0.53483,156.19,222.668,225.26,502.584,23.11,156.688,223.233,226.351,503.675,23.11
docvqa,1792,1024,docvqa_678,approximated,414.046,473.812,476.227,452.096,928.323,22.605,0.446015,157.728,224.918,227.119,679.215,22.605,156.68,223.135,225.529,677.625,22.605
docvqa,1792,1024,docvqa_58054,approximated,377.45,437.154,439.496,944.188,1383.684,23.605,0.272787,156.601,222.883,225.723,1169.911,23.605,156.54,224.287,226.654,1170.842,23.605
docvqa,1792,1024,docvqa_58056,approximated,353.799,413.315,415.669,682.728,1098.397,22.023,0.322105,155.554,221.605,224.319,907.047,22.023,156.51,226.218,228.584,911.312,22.023
docvqa,1792,1024,docvqa_58059,approximated,386.931,446.631,449.057,354.626,803.683,20.86,0.481447,157.861,224.739,227.057,581.683,20.86,156.649,223.052,225.526,580.152,20.86
docvqa,1792,1024,docvqa_58061,approximated,379.915,439.654,442.031,992.672,1434.703,23.635,0.264804,154.695,220.871,223.019,1215.691,23.635,156.661,222.875,225.261,1217.933,23.635
docvqa,1792,1024,docvqa_58064,approximated,378.609,438.386,440.786,367.987,808.773,22.999,0.468127,155.335,221.408,223.597,591.584,22.999,156.453,224.461,226.714,594.701,22.999
docvqa,1792,1024,docvqa_41686,approximated,358.782,418.389,420.761,227.257,648.018,20.66,0.55366,158.957,227.033,229.613,456.87,20.66,156.415,222.302,224.585,451.842,20.66
docvqa,1792,1024,docvqa_41687,approximated,392.903,452.676,455.159,599.979,1055.138,24.999,0.372371,178.048,245.234,249.257,849.236,24.999,156.919,223.211,225.398,825.377,24.999
docvqa,1792,1024,docvqa_41688,approximated,379.65,439.338,441.727,327.601,769.328,23.4,0.493483,163.562,229.801,233.149,560.75,23.4,156.395,225.011,227.343,554.944,23.4
docvqa,1792,1024,docvqa_41689,approximated,375.353,435.082,437.401,369.342,806.743,23.084,0.46527,155.473,221.362,223.594,592.936,23.084,156.494,222.621,224.835,594.177,23.084
docvqa,1792,1024,docvqa_41690,approximated,378.385,438.322,440.62,563.967,1004.587,23.499,0.376657,158.688,226.349,230.003,793.97,23.499,156.562,222.986,225.326,789.293,23.499
docvqa,1792,1024,docvqa_41691,approximated,384.266,444.015,446.496,419.005,865.501,23.278,0.44398,157.887,225.755,228.118,647.123,23.278,156.694,223.628,225.98,644.985,23.278
docvqa,1792,1024,docvqa_41693,approximated,382.763,442.784,445.545,549.806,995.351,23.905,0.384551,154.751,221.785,224.222,774.028,23.905,157.374,223.938,227.065,776.871,23.905
docvqa,1792,1024,docvqa_41694,approximated,388.299,448.189,451.146,500.655,951.801,26.35,0.407963,162.046,228.239,230.535,731.19,26.35,156.59,223.553,225.918,726.573,26.35
docvqa,1792,1024,docvqa_41695,approximated,405.893,465.732,468.297,460.129,928.426,23.006,0.437183,156.877,224.733,227.028,687.157,23.006,156.759,223.298,226.05,686.179,23.006
docvqa,1792,1024,docvqa_41705,approximated,383.32,443.096,445.494,324.987,770.481,23.213,0.497507,155.159,222.582,226.29,551.277,23.213,156.776,223.454,226.056,551.043,23.213
docvqa,1792,1024,docvqa_17132,approximated,418.605,478.267,481.042,357.249,838.291,23.817,0.499356,158.413,224.872,227.552,584.801,23.817,157.897,224.147,227.598,584.847,23.817
docvqa,1792,1024,docvqa_17133,approximated,376.865,436.383,438.855,342.444,781.299,22.83,0.482357,157.212,223.532,226.289,568.733,22.83,156.55,222.988,225.7,568.144,22.83
docvqa,1792,1024,docvqa_17134,approximated,374.98,434.525,436.886,601.098,1037.984,22.263,0.361258,157.122,224.198,226.696,827.794,22.263,156.427,222.828,225.329,826.427,22.263
docvqa,1792,1024,docvqa_17135,approximated,373.647,433.052,435.441,407.674,843.115,22.649,0.443175,163.051,229.267,232.363,640.037,22.649,156.578,222.853,225.17,632.844,22.649
docvqa,1792,1024,docvqa_47368,approximated,359.427,419.125,421.644,272.1,693.744,22.675,0.518098,158.475,224.844,227.211,499.311,22.675,156.886,223.647,225.886,497.986,22.675
docvqa,1792,1024,docvqa_41715,approximated,364.45,423.863,426.319,353.41,779.729,25.244,0.467407,157.146,228.154,230.569,583.979,25.244,156.509,222.758,224.966,578.376,25.244
docvqa,1792,1024,docvqa_41716,approximated,373.81,433.655,436.373,295.753,732.126,22.75,0.510581,154.987,223.061,228.181,523.934,22.75,156.622,223.094,225.342,521.095,22.75
docvqa,1792,1024,docvqa_41717,approximated,357.175,416.889,419.358,264.154,683.512,20.32,0.522558,155.262,221.452,223.836,487.99,20.32,156.489,224.433,226.669,490.823,20.32
docvqa,1792,1024,docvqa_17139,approximated,358.34,417.58,420.068,324.919,744.987,21.661,0.481002,154.778,220.777,223.069,547.988,21.661,157.463,224.014,226.438,551.357,21.661
docvqa,1792,1024,docvqa_41719,approximated,471.324,530.992,533.207,448.904,982.111,21.376,0.479909,155.428,222.836,225.205,674.109,21.376,157.016,223.256,226.706,675.61,21.376
docvqa,1792,1024,docvqa_17140,approximated,357.537,417.106,419.607,297.913,717.52,21.28,0.498295,155.91,222.129,224.797,522.71,21.28,156.803,223.606,225.988,523.901,21.28
docvqa,1792,1024,docvqa_58105,approximated,386.2,446.096,448.496,211.851,660.347,21.185,0.584844,156.359,222.73,225.229,437.08,21.185,156.492,222.774,225.402,437.253,21.185
docvqa,1792,1024,docvqa_58106,approximated,352.951,412.409,414.634,331.932,746.566,20.746,0.472766,177.23,243.651,247.202,579.134,20.746,156.585,222.997,225.262,557.194,20.746
docvqa,1792,1024,docvqa_58107,approximated,346.425,405.771,408.19,308.439,716.629,22.031,0.483408,155.0,221.478,224.174,532.613,22.031,156.449,222.529,224.914,533.353,22.031
docvqa,1792,1024,docvqa_58108,approximated,358.886,418.604,420.91,506.901,927.811,21.121,0.386809,155.131,221.314,223.801,730.702,21.121,156.705,224.011,226.942,733.843,21.121
docvqa,1792,1024,docvqa_41721,approximated,349.471,408.878,411.249,430.641,841.89,20.507,0.415103,157.699,223.64,225.81,656.451,20.507,156.733,223.259,226.152,656.793,20.507
docvqa,1792,1024,docvqa_41723,approximated,353.165,412.84,415.21,335.053,750.263,20.941,0.470721,160.258,227.353,229.512,564.565,20.941,156.603,223.791,226.197,561.25,20.941
docvqa,1792,1024,docvqa_17143,approximated,391.594,451.164,453.523,331.333,784.856,20.708,0.498938,170.298,241.605,244.187,575.52,20.708,156.679,223.433,225.957,557.29,20.708
docvqa,1792,1024,docvqa_41728,approximated,346.997,406.726,409.049,487.766,896.815,22.171,0.386922,155.364,221.989,224.52,712.286,22.171,156.698,222.948,225.133,712.899,22.171
docvqa,1792,1024,docvqa_41729,approximated,357.97,417.603,419.841,358.23,778.071,21.072,0.460074,157.384,223.613,226.219,584.449,21.072,156.427,223.657,225.872,584.102,21.072
docvqa,1792,1024,docvqa_17147,approximated,345.366,405.106,408.354,438.084,846.438,19.913,0.408023,162.914,231.668,233.834,671.918,19.913,156.512,224.035,226.276,664.36,19.913
docvqa,1792,1024,docvqa_17149,approximated,343.126,402.398,404.725,321.355,726.08,22.954,0.472573,174.488,241.072,244.706,566.061,22.954,156.534,222.764,224.994,546.349,22.954
docvqa,1792,1024,docvqa_17150,approximated,374.763,434.509,437.358,270.359,707.717,22.53,0.529539,156.953,223.654,226.139,496.498,22.53,156.523,223.18,225.97,496.329,22.53
docvqa,1792,1024,docvqa_45744,approximated,372.726,806.716,810.143,916.26,1726.403,23.494,0.215897,157.514,225.259,227.972,1144.232,23.494,156.077,224.014,226.471,1142.731,23.494
docvqa,1792,1024,docvqa_45745,approximated,389.36,449.37,452.157,827.908,1280.065,25.872,0.304172,155.298,221.595,223.888,1051.796,25.872,156.743,223.283,225.914,1053.822,25.872
docvqa,1792,1024,docvqa_782,approximated,388.884,448.504,451.067,451.205,902.272,23.748,0.431005,156.039,223.284,225.566,676.771,23.748,156.493,222.723,225.024,676.229,23.748
docvqa,1792,1024,docvqa_783,approximated,380.438,440.175,442.62,367.388,810.008,22.962,0.469673,158.547,225.671,228.632,596.02,22.962,156.536,224.216,226.45,593.838,22.962
docvqa,1792,1024,docvqa_784,approximated,382.805,442.546,444.936,573.777,1018.713,22.951,0.375774,158.336,225.004,227.396,801.173,22.951,156.54,222.933,225.406,799.183,22.951
docvqa,1792,1024,docvqa_785,approximated,345.893,405.728,407.986,304.953,712.939,20.33,0.485165,158.204,224.753,227.124,532.077,20.33,157.162,224.031,227.336,532.289,20.33
docvqa,1792,1024,docvqa_786,approximated,374.484,435.653,437.964,241.358,679.322,24.136,0.551262,156.238,222.446,224.745,466.103,24.136,156.663,224.991,227.66,469.018,24.136
docvqa,1792,1024,docvqa_788,approximated,375.155,434.873,437.269,566.179,1003.448,22.647,0.373866,155.404,221.931,224.891,791.07,22.647,156.55,222.91,226.288,792.467,22.647
docvqa,1792,1024,docvqa_789,approximated,377.251,813.429,815.802,826.124,1641.926,22.948,0.229761,168.574,237.841,241.508,1067.632,22.948,155.769,226.494,228.734,1054.858,22.948
docvqa,1792,1024,docvqa_790,approximated,380.532,440.492,442.884,557.086,999.97,25.322,0.380543,155.43,221.476,223.884,780.97,25.322,156.591,223.053,225.306,782.392,25.322
docvqa,1792,1024,docvqa_60401,approximated,372.685,432.42,435.171,362.096,797.267,24.14,0.467453,155.391,221.548,223.825,585.921,24.14,157.305,223.349,226.874,588.97,24.14
docvqa,1792,1024,docvqa_792,approximated,388.762,448.715,451.627,659.752,1111.379,24.435,0.349802,158.354,224.868,227.132,886.884,24.435,156.517,222.728,224.99,884.742,24.435
docvqa,1792,1024,docvqa_793,approximated,392.423,452.237,454.844,319.202,774.046,24.554,0.506976,155.979,222.388,224.817,544.019,24.554,156.587,222.949,225.334,544.536,24.554
docvqa,1792,1024,docvqa_794,approximated,420.833,480.559,482.924,378.964,861.888,23.685,0.488269,156.648,223.601,226.099,605.063,23.685,156.733,223.102,225.455,604.419,23.685
docvqa,1792,1024,docvqa_41749,approximated,378.485,438.254,440.771,437.271,878.042,23.014,0.431056,171.12,237.347,239.885,677.156,23.014,157.453,224.635,227.39,664.661,23.014
docvqa,1792,1024,docvqa_41750,approximated,368.491,428.29,430.604,299.747,730.351,19.983,0.504539,159.014,225.913,228.857,528.604,19.983,157.021,224.043,226.976,526.723,19.983
docvqa,1792,1024,docvqa_45747,approximated,346.149,405.59,407.907,771.803,1179.71,20.311,0.293419,158.341,224.791,227.364,999.167,20.311,156.425,222.904,225.191,996.994,20.311
docvqa,1792,1024,docvqa_60403,approximated,404.625,464.417,466.62,313.539,780.159,22.396,0.518644,155.911,222.49,225.353,538.892,22.396,156.985,223.62,226.347,539.886,22.396
docvqa,1792,1024,docvqa_60404,approximated,377.951,437.653,440.032,1025.713,1465.745,23.854,0.257856,159.747,226.14,228.572,1254.285,23.854,156.54,223.388,225.95,1251.663,23.854
docvqa,1792,1024,docvqa_809,approximated,385.0,445.118,447.794,329.943,777.737,23.567,0.495026,159.935,225.929,228.282,558.225,23.567,156.549,222.944,225.341,555.284,23.567
docvqa,1792,1024,docvqa_25385,approximated,412.599,472.447,475.002,228.912,703.914,22.891,0.586149,157.033,223.104,225.323,454.235,22.891,156.664,222.956,225.548,454.46,22.891
docvqa,1792,1024,docvqa_25386,approximated,404.133,464.008,466.519,234.784,701.303,23.478,0.576261,174.626,240.711,243.857,478.641,23.478,157.097,223.412,226.454,461.238,23.478
docvqa,1792,1024,docvqa_25387,approximated,366.727,426.612,429.972,230.125,660.097,20.92,0.555566,156.856,223.036,225.35,455.475,20.92,156.772,223.298,225.572,455.697,20.92
docvqa,1792,1024,docvqa_60406,approximated,461.934,521.242,523.549,557.531,1081.08,22.301,0.427289,157.858,224.61,227.35,784.881,22.301,157.054,223.053,225.536,783.067,22.301
docvqa,1792,1024,docvqa_815,approximated,356.535,416.281,418.617,411.895,830.512,21.679,0.429296,163.291,229.588,232.862,644.757,21.679,157.542,228.007,231.95,643.845,21.679
docvqa,1792,1024,docvqa_60407,approximated,347.156,406.621,409.359,355.884,765.243,23.726,0.453655,154.771,221.271,224.086,579.97,23.726,156.552,223.188,225.6,581.484,23.726
docvqa,1792,1024,docvqa_25396,approximated,346.824,406.003,408.27,714.231,1122.501,21.643,0.308974,157.665,224.031,226.596,940.827,21.643,156.688,223.0,225.469,939.7,21.643
docvqa,1792,1024,docvqa_822,approximated,349.191,408.778,411.067,268.086,679.153,20.622,0.514156,154.544,220.66,223.115,491.201,20.622,157.155,223.21,226.575,494.661,20.622
docvqa,1792,1024,docvqa_824,approximated,377.784,437.601,440.667,507.157,947.824,23.053,0.39858,157.735,224.994,227.132,734.289,23.053,156.889,223.769,226.473,733.63,23.053
docvqa,1792,1024,docvqa_826,approximated,378.513,438.432,441.037,280.452,721.489,23.371,0.524628,157.449,225.164,227.576,508.028,23.371,156.695,222.964,225.363,505.815,23.371
docvqa,1792,256,docvqa_49153,approximated,377.805,437.715,440.628,624.482,1065.11,20.816,0.35471,159.129,228.293,230.608,855.09,20.816,157.222,223.652,227.598,852.08,20.816
docvqa,1792,256,docvqa_24580,approximated,424.897,484.725,487.134,334.675,821.809,22.312,0.517027,155.524,221.95,224.648,559.323,22.312,156.707,223.132,225.785,560.46,22.312
docvqa,1792,256,docvqa_57349,approximated,384.449,801.438,804.923,200.524,1005.447,20.052,0.382366,155.305,224.141,226.671,427.195,20.052,156.503,224.866,227.208,427.732,20.052
docvqa,1792,256,docvqa_24581,approximated,382.696,442.539,444.852,166.191,611.043,20.774,0.6263,154.96,221.272,223.764,389.955,20.774,157.263,223.631,227.467,393.658,20.774
docvqa,1792,256,docvqa_24582,approximated,345.963,761.141,763.86,182.788,946.648,20.31,0.365461,166.498,234.263,237.725,420.513,20.31,156.833,224.456,227.318,410.106,20.31
docvqa,1792,256,docvqa_39079,approximated,570.044,630.065,632.764,1853.528,2486.292,51.487,0.229275,155.766,227.471,229.766,2083.294,51.487,156.686,223.106,225.254,2078.782,51.487
docvqa,1792,256,docvqa_57357,approximated,396.482,875.646,878.227,505.338,1383.565,21.056,0.286565,155.492,224.206,226.937,732.275,21.056,156.656,224.761,227.452,732.79,21.056
docvqa,1792,256,docvqa_24426,approximated,402.028,461.861,464.759,450.577,915.336,25.032,0.439214,157.898,228.03,230.304,680.881,25.032,156.585,227.662,230.005,680.582,25.032
docvqa,1792,256,docvqa_49168,approximated,346.075,816.063,818.889,501.386,1320.275,21.799,0.262124,156.31,224.466,226.848,728.234,21.799,156.712,224.722,227.214,728.6,21.799
docvqa,1792,256,docvqa_24423,approximated,398.542,816.205,818.685,521.599,1340.284,23.709,0.297356,157.281,225.577,228.237,749.836,23.709,156.544,224.76,227.592,749.191,23.709
docvqa,1792,256,docvqa_49172,approximated,394.62,823.248,825.722,758.234,1583.956,24.459,0.249136,157.4,225.645,228.323,986.557,24.459,156.575,224.341,226.639,984.873,24.459
docvqa,1792,256,docvqa_57364,approximated,372.545,845.984,848.702,366.744,1215.446,22.922,0.306509,159.224,231.982,234.334,601.078,22.922,156.408,230.078,232.562,599.306,22.922
docvqa,1792,256,docvqa_57366,approximated,376.814,838.073,840.818,318.885,1159.703,19.93,0.324923,169.84,238.54,240.867,559.752,19.93,156.737,226.457,228.882,547.767,19.93
docvqa,1792,256,docvqa_57368,approximated,362.016,780.973,783.408,397.429,1180.837,24.839,0.306576,155.183,222.958,225.233,622.662,24.839,156.547,224.815,227.313,624.742,24.839
docvqa,1792,256,docvqa_49177,approximated,364.904,783.662,785.999,634.039,1420.038,24.386,0.256968,156.593,224.362,226.931,860.97,24.386,157.688,226.399,228.877,862.916,24.386
docvqa,1792,256,docvqa_57370,approximated,362.704,422.52,424.875,624.985,1049.86,24.038,0.345478,154.977,221.209,223.836,848.821,24.038,157.298,224.26,227.972,852.957,24.038
docvqa,1792,256,docvqa_57371,approximated,354.986,823.604,825.956,2617.596,3443.552,90.262,0.103087,158.223,226.185,228.597,2846.193,90.262,156.613,227.642,230.05,2847.646,90.262
docvqa,1792,256,docvqa_57372,approximated,376.312,436.066,439.072,578.266,1017.338,24.094,0.369898,156.789,225.131,227.488,805.754,24.094,159.158,225.297,228.976,807.242,24.094
docvqa,1792,256,docvqa_49181,approximated,372.759,822.157,824.542,921.827,1746.369,23.637,0.213448,155.179,223.052,225.355,1147.182,23.637,156.634,227.422,229.693,1151.52,23.637
docvqa,1792,256,docvqa_57373,approximated,367.155,427.223,429.645,540.205,969.85,24.555,0.378569,159.242,225.667,228.431,768.636,24.555,156.65,223.469,225.737,765.942,24.555
docvqa,1792,256,docvqa_57374,approximated,409.695,469.628,473.707,394.521,868.228,23.207,0.471874,156.7,224.15,226.635,621.156,23.207,156.671,231.835,234.364,628.885,23.207
docvqa,1792,256,docvqa_57375,approximated,396.046,456.175,459.633,729.264,1188.897,23.525,0.333121,155.606,222.046,224.703,953.967,23.525,156.717,236.807,239.399,968.663,23.525
docvqa,1792,256,docvqa_57376,approximated,372.243,431.906,434.886,403.243,838.129,22.402,0.444135,156.53,222.535,224.954,628.197,22.402,156.705,223.281,225.85,629.093,22.402
docvqa,1792,256,docvqa_49187,approximated,464.005,524.021,526.367,664.472,1190.839,22.913,0.389645,172.226,238.232,242.295,906.767,22.913,157.286,224.342,227.031,891.503,22.913
docvqa,1792,256,docvqa_16424,approximated,386.971,446.846,449.316,470.356,919.672,24.756,0.42077,155.08,221.039,223.307,693.663,24.756,156.36,222.713,224.956,695.312,24.756
docvqa,1792,256,docvqa_57386,approximated,392.031,452.621,455.385,400.989,856.374,22.277,0.457781,155.028,221.149,223.634,624.623,22.277,157.139,223.729,227.469,628.458,22.277
docvqa,1792,256,docvqa_57387,approximated,375.362,435.374,438.08,513.759,951.839,27.04,0.394354,158.365,226.77,229.063,742.822,27.04,156.989,223.19,227.987,741.746,27.04
docvqa,1792,256,docvqa_57388,approximated,366.24,426.13,428.939,517.492,946.431,27.236,0.38697,156.818,223.188,225.748,743.24,27.236,156.504,222.714,224.986,742.478,27.236
docvqa,1792,256,docvqa_16429,approximated,376.336,436.46,439.844,295.587,735.431,24.632,0.511722,154.797,221.098,223.796,519.383,24.632,156.613,222.859,225.247,520.834,24.632
docvqa,1792,256,docvqa_16430,approximated,399.625,459.598,462.048,318.593,780.641,26.549,0.511919,166.426,232.532,234.88,553.473,26.549,156.475,222.92,225.367,543.96,26.549
docvqa,1792,256,docvqa_57391,approximated,384.021,444.924,447.726,234.154,681.88,23.415,0.56318,172.164,241.139,244.065,478.219,23.415,156.702,222.975,225.564,459.718,23.415
docvqa,1792,256,docvqa_57395,approximated,356.173,416.113,418.903,314.838,733.741,22.488,0.485421,158.563,225.548,229.445,544.283,22.488,156.652,223.212,225.812,540.65,22.488
docvqa,1792,256,docvqa_16437,approximated,421.519,481.841,484.766,451.211,935.977,23.748,0.450352,163.616,230.079,232.359,683.57,23.748,156.626,223.173,225.702,676.913,23.748
docvqa,1792,256,docvqa_16440,approximated,383.363,443.646,446.168,373.048,819.216,20.725,0.467964,165.834,232.661,236.429,609.477,20.725,156.83,226.424,229.033,602.081,20.725
docvqa,1792,256,docvqa_57402,approximated,343.689,403.633,406.362,713.966,1120.328,23.031,0.306776,160.609,227.159,229.892,943.858,23.031,157.144,223.736,227.34,941.306,23.031
docvqa,1792,256,docvqa_57403,approximated,346.354,405.966,408.302,673.677,1081.979,21.732,0.320111,166.303,232.936,238.06,911.737,21.732,156.566,223.791,226.1,899.777,21.732
docvqa,1792,256,docvqa_57404,approximated,366.518,794.449,796.818,649.793,1446.611,24.066,0.253364,156.203,227.157,229.723,879.516,24.066,157.006,227.799,231.218,881.011,24.066
docvqa,1792,256,docvqa_16444,approximated,375.755,435.821,438.761,590.362,1029.123,25.668,0.365122,157.295,224.183,226.832,817.194,25.668,157.067,223.811,227.36,817.722,25.668
docvqa,1792,256,docvqa_57407,approximated,392.788,452.641,455.14,497.122,952.262,24.856,0.412479,156.093,222.895,225.627,722.749,24.856,156.685,223.446,225.934,723.056,24.856
docvqa,1792,256,docvqa_16447,approximated,411.188,471.149,473.654,564.713,1038.367,22.588,0.395995,157.565,223.965,226.594,791.307,22.588,156.736,224.248,226.917,791.63,22.588
docvqa,1792,256,docvqa_57409,approximated,374.129,434.267,437.557,228.034,665.591,22.803,0.5621,156.467,222.627,225.146,453.18,22.803,156.683,222.807,225.384,453.418,22.803
docvqa,1792,256,docvqa_16450,approximated,427.315,487.667,490.341,222.675,713.016,22.268,0.599306,155.554,223.187,225.485,448.16,22.268,156.742,223.303,226.901,449.576,22.268
docvqa,1792,256,docvqa_57410,approximated,343.118,402.954,405.356,376.961,782.317,23.56,0.438592,155.412,221.676,224.392,601.353,23.56,156.607,223.575,225.99,602.951,23.56
docvqa,1792,256,docvqa_57411,approximated,489.107,549.054,551.497,694.862,1246.359,24.816,0.392429,154.396,220.609,223.124,917.986,24.816,156.426,222.982,225.488,920.35,24.816
docvqa,1792,256,docvqa_57413,approximated,348.762,408.49,411.089,944.859,1355.948,23.045,0.257209,158.836,225.133,227.814,1172.673,23.045,156.48,223.763,226.033,1170.892,23.045
docvqa,1792,256,docvqa_57414,approximated,347.059,406.963,409.478,457.519,866.997,25.418,0.4003,155.241,221.61,223.963,681.482,25.418,156.54,225.098,227.365,684.884,25.418
docvqa,1792,256,docvqa_57415,approximated,352.92,412.631,416.509,594.735,1011.244,23.789,0.348996,163.842,230.107,232.658,827.393,23.789,156.715,223.812,226.447,821.182,23.789
docvqa,1792,256,docvqa_57416,approximated,407.984,468.458,471.683,386.345,858.028,22.726,0.47549,156.934,229.078,231.521,617.866,22.726,156.704,222.994,225.44,611.785,22.726
docvqa,1792,256,docvqa_57417,approximated,396.232,456.074,458.48,358.502,816.982,25.607,0.484994,154.826,221.388,224.05,582.552,25.607,156.559,223.469,226.408,584.91,25.607
docvqa,1792,256,docvqa_57418,approximated,388.714,448.381,450.926,368.063,818.989,24.538,0.474627,159.335,225.7,228.252,596.315,24.538,156.677,223.185,225.871,593.934,24.538
docvqa,1792,256,docvqa_24437,approximated,380.113,439.746,442.152,307.575,749.727,20.505,0.507002,155.285,222.913,225.326,532.901,20.505,156.662,223.032,225.626,533.201,20.505
docvqa,1792,256,docvqa_24438,approximated,397.734,457.609,459.983,272.257,732.24,22.688,0.543174,156.691,229.379,231.692,503.949,22.688,156.533,225.413,228.866,501.123,22.688
docvqa,1792,256,docvqa_16455,approximated,359.505,830.308,832.714,573.39,1406.104,22.053,0.255675,156.121,223.936,226.356,799.746,22.053,156.551,224.52,227.016,800.406,22.053
docvqa,1792,256,docvqa_16456,approximated,413.89,473.618,476.323,242.38,718.703,20.198,0.575885,155.112,223.215,225.624,468.004,20.198,156.9,223.114,226.581,468.961,20.198
docvqa,1792,256,docvqa_16463,approximated,345.31,405.733,408.148,293.997,702.145,24.5,0.491793,156.778,222.966,225.47,519.467,24.5,156.645,222.96,225.244,519.241,24.5
docvqa,1792,256,docvqa_49234,approximated,372.959,433.246,436.068,355.602,791.67,25.4,0.471104,173.5,248.014,252.052,607.654,25.4,156.756,225.445,227.649,583.251,25.4
docvqa,1792,256,docvqa_57428,approximated,395.035,454.806,457.547,359.076,816.623,22.442,0.483742,155.606,222.077,224.684,583.76,22.442,156.647,223.012,225.208,584.284,22.442
docvqa,1792,256,docvqa_24440,approximated,364.877,837.136,839.418,1475.095,2314.513,86.77,0.157647,158.316,227.526,230.191,1705.286,86.77,156.606,224.465,227.093,1702.188,86.77
docvqa,1792,256,docvqa_16468,approximated,363.205,423.014,425.543,567.141,992.684,22.686,0.365882,168.265,234.802,238.391,805.532,22.686,156.255,222.372,224.763,791.904,22.686
docvqa,1792,256,docvqa_57431,approximated,459.717,519.656,523.761,415.724,939.485,20.786,0.489329,155.953,222.339,224.733,640.457,20.786,156.899,223.23,225.788,641.512,20.786
docvqa,1792,256,docvqa_16473,approximated,388.775,448.668,451.066,300.06,751.126,25.005,0.51759,155.99,222.175,224.67,524.73,25.005,156.63,224.362,226.933,526.993,25.005
docvqa,1792,256,docvqa_49242,approximated,357.276,820.565,822.951,271.573,1094.524,24.688,0.326421,157.575,225.214,227.628,499.201,24.688,156.104,226.487,228.787,500.36,24.688
docvqa,1792,256,docvqa_57439,approximated,372.707,432.969,435.967,5358.673,5794.64,103.051,0.064319,159.233,225.819,228.307,5586.98,103.051,156.802,223.31,226.181,5584.854,103.051
docvqa,1792,256,docvqa_57440,approximated,408.442,468.558,471.103,360.876,831.979,22.555,0.490928,172.264,238.822,245.066,605.942,22.555,156.633,222.981,225.588,586.464,22.555
docvqa,1792,256,docvqa_32870,approximated,387.605,447.658,451.051,983.202,1434.253,23.41,0.270249,158.842,225.641,228.05,1211.252,23.41,156.729,222.909,225.256,1208.458,23.41
docvqa,1792,256,docvqa_32871,approximated,359.363,848.854,851.698,607.376,1459.074,21.692,0.246295,157.09,225.431,227.828,835.204,21.692,157.251,225.39,228.861,836.237,21.692
docvqa,1792,256,docvqa_32872,approximated,417.898,478.413,482.141,362.235,844.376,22.64,0.49492,157.896,225.495,227.983,590.218,22.64,156.507,224.026,226.494,588.729,22.64
docvqa,1792,256,docvqa_32873,approximated,432.931,493.188,495.628,433.947,929.575,20.664,0.46573,158.685,224.947,227.793,661.74,20.664,156.732,223.195,225.959,659.906,20.664
docvqa,1792,256,docvqa_32874,approximated,385.958,445.613,447.932,295.135,743.067,24.595,0.519412,156.222,222.106,224.318,519.453,24.595,156.643,222.792,225.39,520.525,24.595
docvqa,1792,256,docvqa_32875,approximated,378.83,438.515,441.087,421.911,862.998,21.096,0.43897,157.298,224.414,227.011,648.922,21.096,156.724,224.041,226.701,648.612,21.096
docvqa,1792,256,docvqa_32876,approximated,412.686,472.725,475.193,515.447,990.64,24.545,0.416586,155.992,223.586,226.109,741.556,24.545,156.632,223.306,225.865,741.312,24.545
docvqa,1792,256,docvqa_32877,approximated,382.985,443.428,446.125,671.354,1117.479,24.865,0.342722,154.574,221.018,223.375,894.729,24.865,157.087,223.379,227.125,898.479,24.865
docvqa,1792,256,docvqa_32878,approximated,404.048,464.314,466.768,287.888,754.656,26.172,0.535406,158.583,224.749,227.077,514.965,26.172,156.887,223.139,225.761,513.649,26.172
docvqa,1792,256,docvqa_32879,approximated,382.1,442.69,445.109,360.144,805.253,21.185,0.474509,157.786,224.088,226.602,586.746,21.185,156.791,224.294,226.564,586.708,21.185
docvqa,1792,256,docvqa_57449,approximated,402.389,462.402,464.75,249.01,713.76,24.901,0.56376,155.222,221.367,223.659,472.669,24.901,156.599,222.84,225.205,474.215,24.901
docvqa,1792,256,docvqa_32881,approximated,376.732,436.683,439.236,716.052,1155.288,29.836,0.326094,155.274,221.996,224.599,940.651,29.836,156.8,223.914,226.419,942.471,29.836
docvqa,1792,256,docvqa_32882,approximated,342.19,402.1,404.647,623.417,1028.064,23.978,0.332848,178.533,245.636,249.006,872.423,23.978,156.841,224.139,226.652,850.069,23.978
docvqa,1792,256,docvqa_32883,approximated,385.92,446.28,448.664,459.137,907.801,20.87,0.425115,158.545,224.731,227.351,686.488,20.87,156.731,223.093,225.612,684.749,20.87
docvqa,1792,256,docvqa_57452,approximated,345.773,405.894,408.25,349.186,757.436,23.279,0.456505,163.007,229.409,232.003,581.189,23.279,156.838,223.183,225.751,574.937,23.279
docvqa,1792,256,docvqa_32885,approximated,390.775,450.676,453.052,379.298,832.35,22.312,0.469483,157.613,224.651,227.004,606.302,22.312,156.671,222.979,225.557,604.855,22.312
docvqa,1792,256,docvqa_32886,approximated,514.967,574.814,577.178,499.936,1077.114,22.724,0.478099,155.32,221.827,224.009,723.945,22.724,156.55,222.601,224.811,724.747,22.724
docvqa,1792,256,docvqa_57454,approximated,413.254,473.321,475.75,3497.679,3973.429,62.459,0.104004,189.34,255.865,258.217,3755.896,62.459,156.492,222.825,225.389,3723.068,62.459
docvqa,1792,256,docvqa_49263,approximated,400.613,460.488,463.19,680.314,1143.504,23.459,0.350338,156.351,222.771,225.266,905.58,23.459,156.478,222.594,224.898,905.212,23.459
docvqa,1792,256,docvqa_32889,approximated,391.79,451.623,454.099,492.448,946.547,20.519,0.413915,154.809,221.189,223.782,716.23,20.519,156.816,223.463,225.944,718.392,20.519
docvqa,1792,256,docvqa_32890,approximated,393.377,453.6,457.61,360.237,817.847,24.016,0.480992,154.71,220.939,223.273,583.51,24.016,156.952,223.413,226.333,586.57,24.016
docvqa,1792,256,docvqa_32891,approximated,463.801,523.808,528.147,737.507,1265.654,21.691,0.366451,157.786,224.029,226.446,963.953,21.691,158.928,228.851,232.019,969.526,21.691
docvqa,1792,256,docvqa_32892,approximated,409.265,469.624,474.225,444.251,918.476,27.766,0.445591,176.156,243.64,247.417,691.668,27.766,156.723,223.02,225.688,669.939,27.766
docvqa,1792,256,docvqa_32893,approximated,408.706,468.578,471.129,495.015,966.144,24.751,0.423027,155.206,222.729,225.115,720.13,24.751,156.576,223.808,226.206,721.221,24.751
docvqa,1792,256,docvqa_32894,approximated,369.461,429.626,432.112,431.124,863.236,22.691,0.427996,154.67,221.086,223.499,654.623,22.691,156.522,222.969,225.304,656.428,22.691
docvqa,1792,256,docvqa_49274,approximated,406.468,466.434,469.224,446.915,916.139,24.829,0.443675,156.403,226.688,229.304,676.219,24.829,156.559,223.578,225.862,672.777,24.829
docvqa,1792,256,docvqa_32896,approximated,367.314,426.945,429.203,333.782,762.985,27.815,0.481417,158.411,224.423,226.971,560.753,27.815,157.022,223.22,225.686,559.468,27.815
docvqa,1792,256,docvqa_32897,approximated,367.042,426.975,429.453,327.766,757.219,25.213,0.484724,181.219,248.33,250.761,578.527,25.213,156.484,222.671,224.772,552.538,25.213
docvqa,1792,256,docvqa_32898,approximated,413.269,473.408,477.314,490.376,967.69,22.29,0.427068,158.06,227.349,230.056,720.432,22.29,157.212,224.319,227.79,718.166,22.29
docvqa,1792,256,docvqa_57475,approximated,351.415,411.275,413.557,390.264,803.821,26.018,0.437181,156.882,223.234,225.733,615.997,26.018,157.127,223.444,226.939,617.203,26.018
docvqa,1792,256,docvqa_32900,approximated,401.993,462.825,465.784,491.198,956.982,25.853,0.420063,157.683,224.8,227.103,718.301,25.853,156.713,224.404,226.927,718.125,25.853
docvqa,1792,256,docvqa_57476,approximated,347.959,407.887,410.364,600.955,1011.319,27.316,0.344065,155.922,223.608,226.247,827.202,27.316,156.74,223.216,226.76,827.715,27.316
docvqa,1792,256,docvqa_49279,approximated,376.422,436.457,439.222,270.143,709.365,27.014,0.530646,155.155,221.872,224.291,494.434,27.014,157.014,223.379,226.658,496.801,27.014
docvqa,1792,256,docvqa_49285,approximated,377.286,437.193,439.808,263.13,702.938,23.921,0.536728,157.074,223.261,225.603,488.733,23.921,156.664,222.921,225.208,488.338,23.921
docvqa,1792,256,docvqa_49292,approximated,396.835,456.742,459.385,1047.482,1506.867,23.277,0.263351,156.126,222.437,224.793,1272.275,23.277,156.712,222.808,224.967,1272.449,23.277
docvqa,1792,256,docvqa_16529,approximated,404.8,464.932,469.012,289.913,758.925,20.708,0.533386,155.493,221.899,224.615,514.528,20.708,156.599,222.856,225.15,515.063,20.708
docvqa,1792,256,docvqa_49297,approximated,406.777,466.952,469.66,447.894,917.554,24.883,0.443327,157.442,223.815,226.466,674.36,24.883,157.351,223.837,227.945,675.839,24.883
docvqa,1792,256,docvqa_16533,approximated,395.065,455.269,458.386,508.758,967.144,23.125,0.408486,157.727,224.228,227.053,735.811,23.125,156.837,223.254,225.66,734.418,23.125
docvqa,1792,256,docvqa_49304,approximated,374.502,434.767,437.29,323.061,760.351,23.076,0.492538,155.638,221.955,224.459,547.52,23.076,156.749,223.047,225.816,548.877,23.076
docvqa,1792,256,docvqa_16539,approximated,403.35,464.702,467.226,528.377,995.603,24.017,0.405131,155.041,221.112,223.559,751.936,24.017,156.76,223.161,225.787,754.164,24.017
docvqa,1792,256,docvqa_16553,approximated,409.4,469.119,472.084,431.904,903.988,22.732,0.452882,155.236,221.803,224.437,656.341,22.732,156.636,223.18,225.793,657.697,22.732
docvqa,1792,256,docvqa_49322,approximated,388.761,448.934,451.477,382.696,834.173,23.918,0.466044,157.97,224.193,226.635,609.331,23.918,156.518,225.25,227.77,610.466,23.918
docvqa,1792,256,docvqa_57515,approximated,400.783,460.692,463.11,409.853,872.963,24.109,0.459106,166.949,233.136,236.216,646.069,24.109,156.648,223.243,225.543,635.396,24.109
docvqa,1792,256,docvqa_49323,approximated,377.888,438.19,441.699,305.708,747.407,25.476,0.505598,162.151,229.269,234.049,539.757,25.476,157.001,223.386,226.441,532.149,25.476
docvqa,1792,256,docvqa_57517,approximated,402.588,462.905,465.504,191.49,656.994,21.277,0.612774,173.929,241.314,244.812,436.302,21.277,157.02,223.205,226.483,417.973,21.277
docvqa,1792,256,docvqa_49324,approximated,361.445,422.107,424.491,269.718,694.209,20.748,0.520657,157.602,223.772,226.203,495.921,20.748,156.948,223.329,226.438,496.156,20.748
docvqa,1792,256,docvqa_57519,approximated,371.735,431.871,434.504,268.932,703.436,26.893,0.528456,156.829,222.74,225.094,494.026,26.893,156.642,222.92,225.914,494.846,26.893
docvqa,1792,256,docvqa_49325,approximated,436.718,496.596,499.144,303.108,802.252,23.316,0.544365,160.065,226.576,230.094,533.202,23.316,156.68,222.853,225.236,528.344,23.316
docvqa,1792,256,docvqa_57521,approximated,381.739,442.071,444.935,328.3,773.235,25.254,0.493691,155.658,223.167,225.553,553.853,25.254,156.879,223.046,225.25,553.55,25.254
docvqa,1792,256,docvqa_49326,approximated,409.217,469.343,472.616,420.389,893.005,24.729,0.458247,167.762,233.954,236.253,656.642,24.729,156.504,222.575,224.799,645.188,24.729
docvqa,1792,256,docvqa_57523,approximated,390.748,450.61,452.9,370.24,823.14,24.683,0.474705,155.83,222.416,224.54,594.78,24.683,156.457,223.058,225.223,595.463,24.683
docvqa,1792,256,docvqa_57524,approximated,388.8,448.717,451.077,287.151,738.228,20.511,0.526667,157.533,223.548,225.713,512.864,20.511,156.649,223.09,225.784,512.935,20.511
docvqa,1792,256,docvqa_57525,approximated,382.079,843.295,845.695,578.911,1424.606,24.121,0.2682,171.47,239.198,242.474,821.385,24.121,156.678,224.361,226.813,805.724,24.121
docvqa,1792,256,docvqa_57526,approximated,392.546,452.605,455.428,293.919,749.347,29.392,0.523851,156.003,222.407,224.639,518.558,29.392,156.531,222.824,225.193,519.112,29.392
docvqa,1792,256,docvqa_57527,approximated,483.541,543.561,546.032,420.761,966.793,24.751,0.500149,156.802,223.067,225.363,646.124,24.751,156.491,222.628,224.925,645.686,24.751
docvqa,1792,256,docvqa_57528,approximated,402.568,462.827,465.296,656.057,1121.353,24.298,0.359002,158.86,225.038,227.342,883.399,24.298,156.559,223.695,226.024,882.081,24.298
docvqa,1792,256,docvqa_57529,approximated,416.845,476.962,479.496,766.717,1246.213,26.438,0.33449,155.39,221.712,223.957,990.674,26.438,156.871,223.403,225.721,992.438,26.438
docvqa,1792,256,docvqa_57530,approximated,412.341,472.955,475.638,237.702,713.34,23.77,0.578043,156.822,223.005,225.608,463.31,23.77,156.93,228.958,233.17,470.872,23.77
docvqa,1792,256,docvqa_57531,approximated,402.845,462.822,465.339,385.41,850.749,25.694,0.473518,156.38,222.897,225.508,610.918,25.694,156.732,223.545,226.348,611.758,25.694
docvqa,1792,256,docvqa_57532,approximated,386.092,847.475,849.95,519.377,1369.327,23.608,0.281958,154.887,222.948,225.515,744.892,23.608,156.567,224.634,227.043,746.42,23.608
docvqa,1792,256,docvqa_57533,approximated,420.787,481.376,483.83,407.81,891.64,22.656,0.471925,155.831,225.909,228.281,636.091,22.656,156.611,222.827,225.776,633.586,22.656
docvqa,1792,256,docvqa_16568,approximated,371.952,431.674,434.227,290.075,724.302,29.008,0.513532,155.422,222.793,225.426,515.501,29.008,156.642,222.901,225.158,515.233,29.008
docvqa,1792,256,docvqa_16574,approximated,377.242,437.088,439.514,683.374,1122.888,27.335,0.335957,157.326,223.977,226.349,909.723,27.335,156.768,224.888,227.803,911.177,27.335
docvqa,1792,256,docvqa_57537,approximated,347.422,407.347,409.823,492.372,902.195,25.914,0.385086,156.93,223.254,225.828,718.2,25.914,156.648,223.042,225.466,717.838,25.914
docvqa,1792,256,docvqa_57539,approximated,343.283,403.323,405.682,430.627,836.309,22.665,0.410474,160.069,226.474,229.116,659.743,22.665,156.62,223.589,225.909,656.536,22.665
docvqa,1792,256,docvqa_57540,approximated,351.069,410.655,412.92,467.083,880.003,24.583,0.39894,155.626,223.211,225.902,692.985,24.583,156.814,223.088,225.853,692.936,24.583
docvqa,1792,256,docvqa_57543,approximated,345.542,405.646,407.971,441.339,849.31,23.228,0.40685,155.437,223.047,225.682,667.021,23.228,156.734,227.301,229.776,671.115,23.228
docvqa,1792,256,docvqa_57550,approximated,380.452,440.122,444.219,218.739,662.958,27.342,0.57387,155.395,222.022,225.09,443.829,27.342,157.061,223.674,227.255,445.994,27.342
docvqa,1792,256,docvqa_49361,approximated,420.71,480.563,483.022,266.289,749.311,26.629,0.561462,161.976,230.166,232.66,498.949,26.629,156.74,223.098,225.567,491.856,26.629
docvqa,1792,256,docvqa_49362,approximated,422.914,483.348,485.698,429.53,915.228,25.266,0.462085,155.377,222.107,224.489,654.019,25.266,156.635,223.037,225.274,654.804,25.266
docvqa,1792,256,docvqa_57557,approximated,350.032,409.742,412.299,564.987,977.286,22.599,0.358168,166.093,238.749,242.888,807.875,22.599,156.518,223.122,225.481,790.468,22.599
docvqa,1792,256,docvqa_49366,approximated,371.934,431.795,434.134,358.433,792.567,25.602,0.469278,174.92,243.842,246.629,605.062,25.602,156.612,227.613,229.86,588.293,25.602
docvqa,1792,256,docvqa_32984,approximated,410.837,470.728,473.248,439.311,912.559,25.842,0.450203,155.444,223.147,225.83,665.141,25.842,156.659,222.916,225.065,664.376,25.842
docvqa,1792,256,docvqa_49369,approximated,398.998,459.173,461.794,282.064,743.858,25.642,0.53639,154.973,221.203,223.493,505.557,25.642,156.65,227.721,229.805,511.869,25.642
docvqa,1792,256,docvqa_57562,approximated,373.863,433.729,436.133,276.341,712.474,27.634,0.524738,157.335,223.729,226.433,502.774,27.634,157.013,223.06,226.045,502.386,27.634
docvqa,1792,256,docvqa_32986,approximated,345.483,405.099,407.473,404.935,812.408,23.82,0.425258,159.422,227.064,229.39,634.325,23.82,156.56,223.069,225.654,630.589,23.82
docvqa,1792,256,docvqa_57564,approximated,376.176,435.773,438.166,10182.855,10621.021,127.286,0.035418,155.534,221.72,224.455,10407.31,127.286,156.789,223.081,225.549,10408.404,127.286
docvqa,1792,256,docvqa_49373,approximated,404.803,464.722,468.455,323.176,791.631,23.084,0.511354,159.167,225.684,227.944,551.12,23.084,157.785,224.204,227.621,550.797,23.084
docvqa,1792,256,docvqa_16606,approximated,422.874,483.02,485.455,233.78,719.235,23.378,0.587949,158.659,224.75,228.27,462.05,23.378,157.159,224.431,227.997,461.777,23.378
docvqa,1792,256,docvqa_223,approximated,386.072,445.96,448.476,370.744,819.22,28.519,0.471268,155.166,221.196,223.489,594.233,28.519,157.022,225.004,227.582,598.326,28.519
docvqa,1792,256,docvqa_224,approximated,371.03,430.958,433.458,371.871,805.329,24.791,0.460719,156.439,222.581,224.805,596.676,24.791,156.317,222.767,225.365,597.236,24.791
docvqa,1792,256,docvqa_16609,approximated,413.375,473.358,477.238,422.671,899.909,24.863,0.459351,154.866,221.618,224.11,646.781,24.863,157.015,223.489,225.85,648.521,24.863
docvqa,1792,256,docvqa_57566,approximated,383.97,443.957,446.353,361.048,807.401,22.566,0.475563,155.922,222.294,224.605,585.653,22.566,156.69,225.857,228.16,589.208,22.566
docvqa,1792,256,docvqa_16611,approximated,405.214,465.82,469.81,468.361,938.171,24.651,0.43192,155.561,221.67,224.091,692.452,24.651,158.95,228.668,231.143,699.504,24.651
docvqa,1792,256,docvqa_49376,approximated,387.212,447.704,450.299,359.614,809.913,29.968,0.478091,156.01,222.438,224.763,584.377,29.968,156.724,223.336,226.172,585.786,29.968
docvqa,1792,256,docvqa_49381,approximated,391.421,451.371,453.81,392.647,846.457,24.54,0.462423,157.833,224.744,227.307,619.954,24.54,157.262,223.772,226.178,618.825,24.54
docvqa,1792,256,docvqa_32989,approximated,381.283,441.06,443.489,388.27,831.759,24.267,0.458405,155.786,222.178,224.605,612.875,24.267,156.613,223.27,225.534,613.804,24.267
docvqa,1792,256,docvqa_231,approximated,395.676,455.491,457.802,350.785,808.587,23.386,0.489342,155.48,221.789,224.51,575.295,23.386,156.053,222.431,225.183,575.968,23.386
docvqa,1792,256,docvqa_232,approximated,366.412,426.841,429.279,380.009,809.288,23.751,0.452758,159.716,225.988,228.272,608.281,23.751,156.92,224.0,227.094,607.103,23.751
docvqa,1792,256,docvqa_32994,approximated,358.168,418.456,420.746,429.522,850.268,26.845,0.421241,163.556,229.927,233.253,662.775,26.845,156.541,223.21,225.737,655.259,26.845
docvqa,1792,256,docvqa_234,approximated,405.616,466.194,468.994,6369.452,6838.446,77.676,0.059314,155.093,221.31,223.651,6593.103,77.676,156.388,222.683,225.127,6594.579,77.676
docvqa,1792,256,docvqa_4931,approximated,565.813,625.899,628.589,492.061,1120.65,24.603,0.504898,158.277,224.458,226.717,718.778,24.603,156.684,223.19,225.71,717.771,24.603
docvqa,1792,256,docvqa_32995,approximated,396.451,456.503,458.97,361.851,820.821,22.616,0.482993,155.574,222.234,224.45,586.301,22.616,156.546,222.902,225.37,587.221,22.616
docvqa,1792,256,docvqa_237,approximated,387.757,447.56,450.341,343.867,794.208,20.227,0.488231,158.302,227.614,230.239,574.106,20.227,156.732,223.008,225.688,569.555,20.227
docvqa,1792,256,docvqa_49390,approximated,347.9,407.784,410.319,142.231,552.55,20.319,0.629626,187.345,254.427,257.317,399.548,20.319,156.879,223.667,226.488,368.719,20.319
docvqa,1792,256,docvqa_49391,approximated,406.534,466.567,469.511,532.781,1002.292,24.217,0.405605,156.468,222.819,225.665,758.446,24.217,157.556,505.493,509.303,1042.084,24.217
docvqa,1792,256,docvqa_49392,approximated,387.187,447.507,450.039,283.904,733.943,23.659,0.527544,157.076,231.342,233.792,517.696,23.659,156.622,222.609,225.213,509.117,23.659
docvqa,1792,256,docvqa_49393,approximated,383.162,442.913,445.319,431.302,876.621,25.371,0.437089,155.75,223.83,226.221,657.523,25.371,156.691,223.407,226.14,657.442,25.371
docvqa,1792,256,docvqa_49394,approximated,399.607,459.209,461.56,333.049,794.609,22.203,0.502897,154.527,220.461,222.666,555.715,22.203,157.696,223.92,226.682,559.731,22.203
docvqa,1792,256,docvqa_49395,approximated,490.163,549.809,552.219,400.496,952.715,21.079,0.51449,160.243,226.279,229.474,629.97,21.079,156.698,223.007,225.413,625.909,21.079
docvqa,1792,256,docvqa_49396,approximated,381.935,441.927,444.375,479.638,924.013,22.84,0.413344,185.354,257.763,261.259,740.897,22.84,157.006,224.251,227.447,707.085,22.84
docvqa,1792,256,docvqa_49397,approximated,405.774,465.514,468.268,385.791,854.059,25.719,0.475113,155.508,224.345,226.828,612.619,25.719,156.789,229.358,231.956,617.747,25.719
docvqa,1792,256,docvqa_49398,approximated,403.096,463.092,465.744,291.041,756.785,22.388,0.532643,176.993,245.543,248.392,539.433,22.388,156.366,229.357,231.587,522.628,22.388
docvqa,1792,256,docvqa_49399,approximated,468.338,528.452,530.918,222.372,753.29,22.237,0.621723,157.837,225.074,227.871,450.243,22.237,156.464,222.467,224.761,447.133,22.237
docvqa,1792,256,docvqa_49400,approximated,387.653,447.599,450.084,573.441,1023.525,22.938,0.378743,154.931,221.614,224.464,797.905,22.938,156.348,222.577,224.747,798.188,22.938
docvqa,1792,256,docvqa_49401,approximated,429.328,489.253,492.538,369.286,861.824,23.08,0.498162,157.468,231.212,233.892,603.178,23.08,156.559,230.617,232.932,602.218,23.08
docvqa,1792,256,docvqa_49402,approximated,410.189,470.23,472.935,605.281,1078.216,20.176,0.380433,157.696,228.15,231.082,836.363,20.176,156.678,222.571,224.709,829.99,20.176
docvqa,1792,256,docvqa_49403,approximated,429.032,489.157,491.81,232.302,724.112,25.811,0.592494,155.477,221.762,224.175,456.477,25.811,156.661,223.342,225.578,457.88,25.811
docvqa,1792,256,docvqa_49404,approximated,417.128,477.087,479.653,512.11,991.763,21.338,0.420593,158.492,224.889,227.515,739.625,21.338,156.579,223.016,225.415,737.525,21.338
docvqa,1792,256,docvqa_254,approximated,386.505,446.305,448.586,348.599,797.185,20.506,0.484837,154.858,221.056,223.482,572.081,20.506,156.414,223.172,225.463,574.062,20.506
docvqa,1792,256,docvqa_255,approximated,411.13,471.301,473.622,336.56,810.182,22.437,0.507454,159.192,225.497,227.818,564.378,22.437,156.526,222.766,224.952,561.512,22.437
docvqa,1792,256,docvqa_256,approximated,378.655,438.59,441.311,540.513,981.824,30.028,0.385664,163.058,229.471,232.642,773.155,30.028,156.564,223.986,226.132,766.645,30.028
docvqa,1792,256,docvqa_49406,approximated,349.091,408.766,411.203,352.8,764.003,23.52,0.456924,157.51,223.469,225.731,578.531,23.52,156.591,223.05,225.205,578.005,23.52
docvqa,1792,256,docvqa_265,approximated,429.765,489.938,492.232,857.148,1349.38,24.49,0.318491,156.715,224.515,226.738,1083.886,24.49,156.557,222.651,224.876,1082.024,24.49
docvqa,1792,256,docvqa_266,approximated,413.982,473.715,476.086,335.228,811.314,20.952,0.510262,154.886,221.356,223.873,559.101,20.952,156.552,224.673,226.901,562.129,20.952
docvqa,1792,256,docvqa_267,approximated,424.712,484.897,487.304,628.119,1115.423,24.158,0.380763,165.517,234.152,236.929,865.048,24.158,156.608,222.826,225.121,853.24,24.158
docvqa,1792,256,docvqa_271,approximated,353.231,413.046,415.481,371.562,787.043,23.223,0.448807,172.182,238.64,242.545,614.107,23.223,157.191,223.556,226.448,598.01,23.223
docvqa,1792,256,docvqa_49432,approximated,383.537,443.835,446.07,794.947,1241.017,21.485,0.309051,156.073,222.12,224.471,1019.418,21.485,156.731,223.257,225.489,1020.436,21.485
docvqa,1792,256,docvqa_283,approximated,432.411,492.451,494.75,526.552,1021.302,25.074,0.423392,170.582,236.946,240.315,766.867,25.074,156.684,222.947,225.584,752.136,25.074
docvqa,1792,256,docvqa_284,approximated,376.612,436.532,439.166,666.489,1105.655,23.803,0.340624,157.641,223.805,226.25,892.739,23.803,156.639,223.885,226.14,892.629,23.803
docvqa,1792,256,docvqa_285,approximated,352.032,412.11,414.52,360.993,775.513,24.066,0.453934,159.875,226.196,228.568,589.561,24.066,156.941,224.624,227.018,588.011,24.066
docvqa,1792,256,docvqa_49437,approximated,387.859,447.71,450.073,287.013,737.086,20.501,0.526206,156.373,222.941,225.532,512.545,20.501,156.543,222.942,225.398,512.411,20.501
docvqa,1792,256,docvqa_49442,approximated,383.384,443.263,445.607,284.303,729.91,20.307,0.525248,157.76,226.367,228.944,513.247,20.307,158.455,230.088,232.389,516.692,20.307
docvqa,1792,256,docvqa_292,approximated,411.368,471.794,476.984,684.098,1161.082,24.432,0.354297,158.526,225.085,227.805,911.903,24.432,156.401,222.875,225.359,909.457,24.432
docvqa,1792,256,docvqa_296,approximated,406.094,466.448,469.577,360.395,829.972,25.743,0.489287,154.943,221.197,223.703,584.098,25.743,156.577,224.657,227.16,587.555,25.743
docvqa,1792,256,docvqa_297,approximated,349.752,409.368,411.722,372.674,784.396,23.292,0.445887,163.048,238.293,240.693,613.367,23.292,156.436,222.886,225.44,598.114,23.292
docvqa,1792,256,docvqa_298,approximated,406.522,466.452,469.142,260.85,729.992,23.714,0.556886,155.677,221.768,223.955,484.805,23.714,156.616,224.127,226.618,487.468,23.714
docvqa,1792,256,docvqa_49449,approximated,382.783,442.69,445.055,372.324,817.379,23.27,0.468305,158.116,224.209,226.67,598.994,23.27,156.706,223.487,225.986,598.31,23.27
docvqa,1792,256,docvqa_300,approximated,353.781,413.436,415.7,439.315,855.015,23.122,0.413771,158.277,224.544,226.923,666.238,23.122,156.542,223.31,225.637,664.952,23.122
docvqa,1792,256,docvqa_49454,approximated,563.192,623.172,625.361,512.497,1137.858,26.974,0.494958,155.812,222.315,224.485,736.982,26.974,156.636,223.091,225.363,737.86,26.974
docvqa,1792,256,docvqa_303,approximated,431.626,492.474,495.343,410.294,905.637,25.643,0.4766,170.052,236.746,239.904,650.198,25.643,156.625,223.673,226.003,636.297,25.643
docvqa,1792,256,docvqa_304,approximated,353.478,413.225,415.867,662.838,1078.705,24.55,0.327688,156.092,222.996,225.54,888.378,24.55,155.987,222.287,224.803,887.641,24.55
docvqa,1792,256,docvqa_305,approximated,405.107,465.355,467.842,503.213,971.055,27.956,0.417183,163.308,229.691,233.285,736.498,27.956,156.573,222.904,225.425,728.638,27.956
docvqa,1792,256,docvqa_49455,approximated,379.39,439.285,441.893,1008.851,1450.744,25.868,0.261514,155.93,222.178,224.616,1233.467,25.868,156.775,223.169,225.857,1234.708,25.868
docvqa,1792,256,docvqa_307,approximated,446.404,506.401,509.09,305.843,814.933,20.39,0.54778,157.518,224.18,226.427,532.27,20.39,156.626,223.678,226.468,532.311,20.39
docvqa,1792,256,docvqa_49461,approximated,376.734,436.747,439.686,517.813,957.499,27.253,0.393456,156.601,222.767,224.925,742.738,27.253,156.481,222.689,225.109,742.922,27.253
docvqa,1792,256,docvqa_49465,approximated,535.291,595.505,598.175,543.03,1141.205,25.859,0.469057,156.887,224.939,227.217,770.247,25.859,156.602,231.107,233.675,776.705,25.859
docvqa,1792,256,docvqa_317,approximated,439.897,499.991,503.899,239.425,743.324,23.943,0.591796,158.192,231.118,233.467,472.892,23.943,156.702,225.092,228.466,467.891,23.943
docvqa,1792,256,docvqa_319,approximated,445.197,505.674,508.569,561.823,1070.392,26.753,0.41592,157.249,223.497,225.91,787.733,26.753,156.507,222.564,224.835,786.658,26.753
docvqa,1792,256,docvqa_320,approximated,437.47,497.625,504.184,1948.764,2452.948,24.984,0.178345,158.155,224.317,226.603,2175.367,24.984,156.772,223.557,226.035,2174.799,24.984
docvqa,1792,256,docvqa_321,approximated,443.216,503.979,506.358,71171.83,71678.188,340.535,0.006183,155.269,221.602,223.983,71395.813,340.535,156.847,226.52,228.88,71400.71,340.535
docvqa,1792,256,docvqa_345,approximated,383.103,443.622,446.645,242.839,689.484,20.237,0.555638,155.86,221.807,224.146,466.985,20.237,156.537,222.771,225.662,468.501,20.237
docvqa,1792,256,docvqa_346,approximated,410.261,470.682,472.903,648.967,1121.87,24.96,0.365694,155.784,222.488,225.034,874.001,24.96,156.685,226.98,229.479,878.446,24.96
docvqa,1792,256,docvqa_347,approximated,459.788,522.061,524.828,599.83,1124.658,24.993,0.408825,157.344,225.688,228.17,828.0,24.993,156.727,222.837,225.095,824.925,24.993
docvqa,1792,256,docvqa_348,approximated,408.466,468.717,471.16,542.923,1014.083,27.146,0.402793,159.991,226.505,228.934,771.857,27.146,157.007,223.156,226.685,769.608,27.146
docvqa,1792,256,docvqa_6943,approximated,410.268,470.221,472.926,408.429,881.355,25.527,0.465497,157.907,224.146,226.579,635.008,25.527,156.472,222.749,225.077,633.506,25.527
docvqa,1792,256,docvqa_357,approximated,413.03,472.843,475.324,250.219,725.543,20.852,0.56927,157.823,224.302,226.508,476.727,20.852,156.624,222.664,224.963,475.182,20.852
docvqa,1792,256,docvqa_358,approximated,417.136,477.318,480.073,356.167,836.24,23.744,0.498823,158.473,225.964,228.376,584.543,23.744,156.451,223.644,225.845,582.012,23.744
docvqa,1792,256,docvqa_359,approximated,415.736,476.752,479.387,383.194,862.581,23.95,0.481968,155.877,222.422,224.63,607.824,23.95,156.414,222.749,225.446,608.64,23.95
docvqa,1792,256,docvqa_360,approximated,365.835,425.975,428.848,512.083,940.931,25.604,0.388801,160.072,227.079,229.594,741.677,25.604,156.665,222.998,225.286,737.369,25.604
docvqa,1792,256,docvqa_361,approximated,384.459,444.643,447.391,845.788,1293.179,26.431,0.297298,155.005,221.154,223.478,1069.266,26.431,156.581,222.874,225.628,1071.416,26.431
docvqa,1792,256,docvqa_362,approximated,375.681,435.672,438.169,538.778,976.947,25.656,0.384546,155.945,222.299,224.49,763.268,25.656,156.656,223.04,225.716,764.494,25.656
docvqa,1792,256,docvqa_363,approximated,413.915,473.915,476.551,470.468,947.019,26.137,0.437072,157.923,224.368,226.72,697.188,26.137,157.374,224.395,228.062,698.53,26.137
docvqa,1792,256,docvqa_364,approximated,403.615,463.75,466.308,848.263,1314.571,25.705,0.307032,157.884,226.213,228.423,1076.686,25.705,160.22,226.904,230.369,1078.632,25.705
docvqa,1792,256,docvqa_365,approximated,378.267,438.227,440.82,714.262,1155.082,28.57,0.327481,156.548,225.751,228.629,942.891,28.57,156.656,223.547,226.034,940.296,28.57
docvqa,1792,256,docvqa_8560,approximated,382.147,442.122,444.798,503.268,948.066,26.488,0.403081,156.316,224.532,226.939,730.207,26.488,156.903,223.216,226.094,729.362,26.488
docvqa,1792,256,docvqa_4958,approximated,385.262,445.481,448.009,458.183,906.192,28.636,0.425144,156.77,230.112,232.903,691.086,28.636,156.547,222.78,225.227,683.41,28.636
docvqa,1792,256,docvqa_8565,approximated,352.636,412.31,415.115,567.431,982.546,21.824,0.3589,155.095,225.359,227.659,795.09,21.824,156.79,223.328,225.801,793.232,21.824
docvqa,1792,256,docvqa_4959,approximated,377.008,436.581,438.961,104.472,543.433,20.894,0.693752,157.725,224.447,227.246,331.718,20.894,156.705,222.993,225.507,329.979,20.894
docvqa,1792,256,docvqa_375,approximated,355.516,415.343,417.623,555.568,973.191,24.155,0.36531,177.994,244.701,248.661,804.229,24.155,156.73,223.083,225.604,781.172,24.155
docvqa,1792,256,docvqa_376,approximated,353.182,412.824,415.087,560.182,975.269,25.463,0.362138,158.227,224.609,227.261,787.443,25.463,156.341,222.503,225.245,785.427,25.463
docvqa,1792,256,docvqa_377,approximated,376.237,436.025,438.749,350.391,789.14,31.854,0.476768,169.528,235.716,239.293,589.684,31.854,156.631,222.703,225.102,575.493,31.854
docvqa,1792,256,docvqa_49528,approximated,376.234,436.02,438.949,216.966,655.915,27.121,0.573602,157.113,223.446,226.046,443.012,27.121,156.517,222.853,225.317,442.283,27.121
docvqa,1792,256,docvqa_49530,approximated,390.352,450.182,452.812,164.795,617.607,20.599,0.63204,157.209,223.807,226.156,390.951,20.599,156.566,223.025,225.512,390.307,20.599
docvqa,1792,256,docvqa_49532,approximated,419.404,479.437,482.368,433.973,916.341,25.528,0.457694,157.153,225.393,227.67,661.643,25.528,156.711,222.658,224.965,658.938,25.528
docvqa,1792,256,docvqa_24499,approximated,370.134,429.797,433.11,31824.992,32258.102,124.804,0.011474,160.44,226.943,229.319,32054.311,124.804,156.524,222.536,224.833,32049.825,124.804
docvqa,1792,256,docvqa_49534,approximated,410.94,471.237,474.257,465.979,940.236,24.525,0.43706,155.492,221.767,224.499,690.478,24.525,156.674,222.878,225.582,691.561,24.525
docvqa,1792,256,docvqa_383,approximated,515.417,575.685,578.226,960.006,1538.232,24.0,0.335071,157.925,224.227,226.827,1186.833,24.0,156.674,223.616,225.911,1185.917,24.0
docvqa,1792,256,docvqa_384,approximated,427.67,487.563,490.329,1230.769,1721.098,25.641,0.248487,155.442,221.748,224.342,1455.111,25.641,156.55,222.747,225.338,1456.107,25.641
docvqa,1792,256,docvqa_385,approximated,414.619,474.862,478.701,1939.465,2418.166,25.519,0.17146,168.637,235.623,238.558,2178.023,25.519,157.121,223.721,226.407,2165.872,25.519
docvqa,1792,256,docvqa_49536,approximated,388.429,448.239,451.02,1170.617,1621.637,26.605,0.239529,155.323,221.902,224.315,1394.932,26.605,156.541,222.701,225.397,1396.014,26.605
docvqa,1792,256,docvqa_24500,approximated,417.303,477.068,479.756,1106.532,1586.288,25.148,0.263069,158.956,227.324,230.039,1336.571,25.148,156.659,222.671,224.985,1331.517,25.148
docvqa,1792,256,docvqa_33153,approximated,420.461,480.237,482.709,488.348,971.057,20.348,0.432993,166.787,233.192,236.67,725.018,20.348,156.542,222.628,225.277,713.625,20.348
docvqa,1792,256,docvqa_57733,approximated,417.538,477.467,480.834,459.253,940.087,19.968,0.444148,160.284,227.028,229.409,688.662,19.968,156.52,223.101,225.601,684.854,19.968
docvqa,1792,256,docvqa_49542,approximated,391.045,450.536,452.81,387.938,840.748,22.82,0.465116,156.391,222.494,224.812,612.75,22.82,156.71,222.977,225.17,613.108,22.82
docvqa,1792,256,docvqa_33158,approximated,442.126,502.121,504.482,265.837,770.319,26.584,0.573952,156.727,223.393,225.688,491.525,26.584,156.352,222.418,224.568,490.405,26.584
docvqa,1792,256,docvqa_49544,approximated,382.957,442.673,445.061,671.483,1116.544,22.383,0.342985,161.779,235.084,237.365,908.848,22.383,158.109,225.006,228.053,899.536,22.383
docvqa,1792,256,docvqa_58694,approximated,407.067,466.914,469.86,474.239,944.099,24.96,0.431169,157.834,223.837,226.06,700.299,24.96,156.497,222.939,225.095,699.334,24.96
docvqa,1792,256,docvqa_49546,approximated,387.515,447.508,450.958,1399.498,1850.456,22.943,0.209416,159.109,225.441,228.027,1627.525,22.943,156.545,223.204,225.5,1624.998,22.943
docvqa,1792,256,docvqa_395,approximated,434.93,495.314,497.635,271.492,769.127,24.681,0.565485,168.643,235.499,240.69,512.182,24.681,156.631,224.628,226.953,498.445,24.681
docvqa,1792,256,docvqa_396,approximated,375.609,435.435,437.955,556.644,994.599,26.507,0.377648,155.524,221.566,223.821,780.465,26.507,156.4,224.117,226.401,783.045,26.507
docvqa,1792,256,docvqa_397,approximated,438.981,498.871,501.357,527.179,1028.536,25.104,0.426802,156.923,223.2,225.411,752.59,25.104,158.513,225.284,229.558,756.737,25.104
docvqa,1792,256,docvqa_49550,approximated,422.501,482.386,484.893,1369.283,1854.176,26.849,0.227864,156.745,223.666,226.317,1595.6,26.849,158.719,230.833,233.164,1602.447,26.849
docvqa,1792,256,docvqa_58695,approximated,384.305,444.347,446.93,575.13,1022.06,25.006,0.376011,157.093,225.664,228.112,803.242,25.006,156.626,224.005,226.289,801.419,25.006
docvqa,1792,256,docvqa_398,approximated,362.198,421.869,424.408,320.082,744.49,24.622,0.486505,155.866,222.23,224.807,544.889,24.622,156.425,222.823,225.057,545.139,24.622
docvqa,1792,256,docvqa_49555,approximated,400.856,461.014,464.583,794.355,1258.938,24.071,0.318408,159.734,229.642,232.173,1026.528,24.071,156.757,223.238,226.431,1020.786,24.071
docvqa,1792,256,docvqa_16789,approximated,446.049,506.005,508.642,591.799,1100.441,24.658,0.405337,155.375,221.696,223.988,815.787,24.658,156.61,230.027,232.512,824.311,24.658
docvqa,1792,256,docvqa_407,approximated,390.582,454.542,456.928,370.856,827.784,28.527,0.471841,157.374,223.981,226.482,597.338,28.527,156.417,222.764,225.216,596.072,28.527
docvqa,1792,256,docvqa_49560,approximated,409.447,469.496,471.879,731.459,1203.338,27.091,0.340259,160.011,226.24,228.745,960.204,27.091,156.661,223.355,226.352,957.811,27.091
docvqa,1792,256,docvqa_408,approximated,440.634,500.763,503.17,340.317,843.487,24.308,0.522395,155.48,492.037,494.337,834.654,24.308,156.548,223.924,226.637,566.954,24.308
docvqa,1792,256,docvqa_409,approximated,419.517,479.525,482.198,567.556,1049.754,27.026,0.399634,157.533,223.673,225.903,793.459,27.026,156.439,224.177,226.721,794.277,27.026
docvqa,1792,256,docvqa_24505,approximated,409.62,469.546,473.262,404.56,877.822,25.285,0.466633,166.433,232.534,235.894,640.454,25.285,156.707,223.771,226.179,630.739,25.285
docvqa,1792,256,docvqa_410,approximated,444.206,504.316,506.676,665.797,1172.473,25.608,0.378863,155.467,221.624,223.997,889.794,25.608,156.699,223.318,231.21,897.007,25.608
docvqa,1792,256,docvqa_49565,approximated,403.082,463.002,465.467,310.36,775.827,25.863,0.519551,156.044,222.216,224.748,535.108,25.863,158.138,224.28,226.719,537.079,25.863
docvqa,1792,256,docvqa_16801,approximated,375.271,434.908,437.463,250.95,688.413,27.883,0.545125,165.039,231.009,233.616,484.566,27.883,156.516,225.403,227.815,478.765,27.883
docvqa,1792,256,docvqa_49569,approximated,376.209,436.038,438.346,310.76,749.106,23.905,0.50221,157.034,229.861,233.309,544.069,23.905,156.545,222.756,225.151,535.911,23.905
docvqa,1792,256,docvqa_57765,approximated,375.073,435.039,437.551,455.496,893.047,22.775,0.419992,155.753,221.907,224.246,679.742,22.775,156.672,222.924,225.177,680.673,22.775
docvqa,1792,256,docvqa_57766,approximated,440.556,501.015,504.846,377.085,881.931,23.568,0.499536,156.411,225.265,227.846,604.931,23.568,156.865,223.188,225.997,603.082,23.568
docvqa,1792,256,docvqa_57767,approximated,373.342,433.32,435.677,369.99,805.667,28.461,0.463396,155.705,222.499,224.754,594.744,28.461,156.529,222.772,225.245,595.235,28.461
docvqa,1792,256,docvqa_58700,approximated,411.782,472.125,474.801,532.547,1007.348,25.359,0.408778,156.587,222.755,225.046,757.593,25.359,156.979,223.287,225.891,758.438,25.359
docvqa,1792,256,docvqa_49574,approximated,374.219,433.984,436.547,501.568,938.115,26.398,0.398905,156.97,224.676,227.291,728.859,26.398,156.565,222.698,225.063,726.631,26.398
docvqa,1792,256,docvqa_57770,approximated,393.902,453.56,456.108,294.211,750.319,21.015,0.52498,156.869,223.093,225.519,519.73,21.015,156.683,223.038,225.553,519.764,21.015
docvqa,1792,256,docvqa_57771,approximated,375.805,435.707,438.117,1307.056,1745.173,22.153,0.21534,167.93,234.871,238.117,1545.173,22.153,156.821,223.351,225.521,1532.577,22.153
docvqa,1792,256,docvqa_49579,approximated,414.442,474.726,478.247,329.28,807.527,21.952,0.513224,176.288,242.578,253.172,582.452,21.952,156.863,223.162,225.903,555.183,21.952
docvqa,1792,256,docvqa_49577,approximated,528.267,588.227,590.609,255.571,846.18,23.234,0.624296,160.881,227.223,229.388,484.959,23.234,156.878,222.789,225.915,481.486,23.234
docvqa,1792,256,docvqa_49583,approximated,351.512,411.201,413.604,457.485,871.089,24.078,0.403532,157.181,223.714,226.087,683.572,24.078,156.571,223.219,225.438,682.923,24.078
docvqa,1792,256,docvqa_431,approximated,383.554,443.877,447.053,681.781,1128.834,25.251,0.339779,156.479,226.461,228.641,910.422,25.251,156.79,223.2,225.61,907.391,25.251
docvqa,1792,256,docvqa_58702,approximated,389.61,449.326,452.747,384.658,837.405,21.37,0.465259,169.667,236.104,242.224,626.882,21.37,156.242,222.572,224.936,609.594,21.37
docvqa,1792,256,docvqa_49586,approximated,419.15,479.18,484.443,2008.129,2492.572,23.082,0.16816,155.292,221.587,224.28,2232.409,23.082,156.762,230.166,232.696,2240.825,23.082
docvqa,1792,256,docvqa_432,approximated,399.513,459.465,461.916,472.906,934.822,24.89,0.427368,158.728,225.141,227.745,700.651,24.89,157.053,223.311,225.756,698.662,24.89
docvqa,1792,256,docvqa_57780,approximated,413.058,472.985,475.61,404.764,880.374,25.298,0.469185,155.358,227.05,229.28,634.044,25.298,156.453,222.836,225.215,629.979,25.298
docvqa,1792,256,docvqa_57781,approximated,405.302,465.159,467.756,327.947,795.703,23.425,0.509363,157.262,229.962,232.193,560.14,23.425,156.677,223.431,225.95,553.897,23.425
docvqa,1792,256,docvqa_57782,approximated,378.229,437.927,440.586,2756.238,3196.824,22.592,0.118314,154.608,220.663,222.815,2979.053,22.592,158.111,228.122,232.662,2988.9,22.592
docvqa,1792,256,docvqa_57783,approximated,419.579,479.496,483.416,358.541,841.957,21.091,0.498338,157.087,223.734,226.594,585.135,21.091,156.527,222.615,224.871,583.412,21.091
docvqa,1792,256,docvqa_57784,approximated,399.291,459.17,461.48,1126.625,1588.105,25.036,0.251426,159.434,225.641,228.142,1354.767,25.036,156.758,222.812,224.956,1351.581,25.036
docvqa,1792,256,docvqa_433,approximated,357.111,416.898,419.283,463.319,882.602,25.74,0.404611,157.438,223.765,226.382,689.701,25.74,157.03,224.682,227.069,690.388,25.74
docvqa,1792,256,docvqa_16826,approximated,381.234,441.183,443.697,1082.32,1526.017,25.77,0.249823,155.188,221.33,223.604,1305.924,25.77,157.096,223.377,228.788,1311.108,25.77
docvqa,1792,256,docvqa_57786,approximated,365.398,425.89,428.395,390.607,819.002,24.413,0.446151,157.719,224.098,227.001,617.608,24.413,156.936,224.552,227.565,618.172,24.413
docvqa,1792,256,docvqa_49595,approximated,380.572,440.646,443.572,660.152,1103.724,26.406,0.344808,155.208,221.569,223.989,884.141,26.406,156.648,226.749,229.956,890.108,26.406
docvqa,1792,256,docvqa_444,approximated,381.233,441.746,444.477,474.221,918.698,27.895,0.414971,154.342,220.497,222.748,696.969,27.895,156.597,222.962,225.234,699.455,27.895
docvqa,1792,256,docvqa_16830,approximated,442.479,503.458,506.206,520.264,1026.47,23.648,0.431068,158.302,226.081,228.537,748.801,23.648,156.759,223.435,226.134,746.398,23.648
docvqa,1792,256,docvqa_16831,approximated,424.107,484.094,486.636,532.328,1018.964,24.197,0.416214,173.035,239.686,243.17,775.498,24.197,157.11,223.191,226.469,758.797,24.197
docvqa,1792,256,docvqa_16832,approximated,384.755,444.414,447.722,333.816,781.538,22.254,0.492304,158.445,224.814,227.225,561.041,22.254,156.686,223.27,225.594,559.41,22.254
docvqa,1792,256,docvqa_57790,approximated,399.629,460.14,462.78,177.743,640.523,22.218,0.62391,157.498,223.463,225.971,403.714,22.218,156.608,222.841,225.069,402.812,22.218
docvqa,1792,256,docvqa_57791,approximated,443.69,504.022,506.314,580.938,1087.252,22.344,0.408084,155.99,228.297,230.555,811.493,22.344,156.829,223.368,226.13,807.068,22.344
docvqa,1792,256,docvqa_16835,approximated,411.053,470.562,472.971,378.877,851.848,19.941,0.482542,179.239,245.713,248.281,627.158,19.941,156.758,222.999,225.896,604.773,19.941
docvqa,1792,256,docvqa_450,approximated,385.484,445.243,447.514,330.32,777.834,23.594,0.495587,158.275,233.006,235.726,566.046,23.594,156.571,222.912,225.421,555.741,23.594
docvqa,1792,256,docvqa_16837,approximated,382.103,441.759,444.732,328.574,773.306,20.536,0.494116,156.543,222.727,225.21,553.784,20.536,156.577,226.655,229.059,557.633,20.536
docvqa,1792,256,docvqa_57798,approximated,376.619,437.146,440.367,543.39,983.757,20.126,0.382837,167.085,233.374,236.491,779.881,20.126,156.947,223.37,226.51,769.9,20.126
docvqa,1792,256,docvqa_16839,approximated,441.033,501.016,504.381,402.262,906.643,22.348,0.486446,156.171,222.943,225.483,627.745,22.348,156.768,223.3,225.931,628.193,22.348
docvqa,1792,256,docvqa_57799,approximated,437.876,497.693,500.987,527.319,1028.306,26.366,0.425822,172.416,240.31,242.958,770.277,26.366,156.793,223.251,225.676,752.995,26.366
docvqa,1792,256,docvqa_57800,approximated,402.605,462.441,464.921,774.085,1239.006,24.97,0.324942,156.41,228.585,230.9,1004.985,24.97,156.735,226.406,228.747,1002.832,24.97
docvqa,1792,256,docvqa_57801,approximated,411.873,471.69,474.155,441.924,916.079,23.259,0.449604,172.189,238.596,241.029,682.953,23.259,156.047,223.426,225.865,667.789,23.259
docvqa,1792,256,docvqa_57803,approximated,415.467,475.43,478.901,341.925,820.826,21.37,0.506157,172.642,238.689,242.058,583.983,21.37,160.101,232.502,234.948,576.873,21.37
docvqa,1792,256,docvqa_57804,approximated,405.043,465.233,467.8,219.033,686.833,24.337,0.589726,168.162,235.469,237.985,457.018,24.337,155.902,222.322,224.739,443.772,24.337
docvqa,1792,256,docvqa_57805,approximated,475.538,535.467,538.055,1113.245,1651.3,25.301,0.287978,158.754,225.028,227.397,1340.642,25.301,156.014,222.45,225.287,1338.532,25.301
docvqa,1792,256,docvqa_49605,approximated,405.392,465.597,468.154,504.871,973.025,25.244,0.41663,158.913,225.232,227.967,732.838,25.244,156.471,223.418,225.731,730.602,25.244
docvqa,1792,256,docvqa_57807,approximated,400.611,461.34,463.789,332.21,795.999,23.729,0.503281,155.336,223.825,226.348,558.558,23.729,159.9,226.909,230.179,562.389,23.729
docvqa,1792,256,docvqa_57808,approximated,390.238,450.618,452.987,345.856,798.843,21.616,0.488505,157.633,223.839,226.432,572.288,21.616,156.552,222.816,225.095,570.951,21.616
docvqa,1792,256,docvqa_49617,approximated,387.648,447.746,451.285,605.861,1057.146,24.234,0.366693,157.442,226.068,228.787,834.648,24.234,156.528,222.606,224.855,830.716,24.234
docvqa,1792,256,docvqa_57810,approximated,354.949,414.858,418.431,540.654,959.085,24.575,0.370091,186.647,252.711,254.998,795.652,24.575,156.501,222.632,224.991,765.645,24.575
docvqa,1792,256,docvqa_41421,approximated,416.116,476.216,479.812,454.795,934.607,28.425,0.445232,155.73,221.93,224.221,679.016,28.425,157.38,223.959,227.592,682.387,28.425
docvqa,1792,256,docvqa_461,approximated,532.118,592.186,594.574,10922.146,11516.72,42.832,0.046204,158.265,225.262,227.937,11150.083,42.832,156.538,223.513,226.138,11148.284,42.832
docvqa,1792,256,docvqa_463,approximated,376.748,437.25,440.307,7845.25,8285.557,30.766,0.04547,158.832,229.257,231.898,8077.148,30.766,156.444,228.243,230.647,8075.897,30.766
docvqa,1792,256,docvqa_4977,approximated,437.365,497.521,500.052,257.253,757.305,23.387,0.577528,158.108,224.418,226.76,484.013,23.387,163.963,231.453,234.84,492.093,23.387
docvqa,1792,256,docvqa_57815,approximated,382.714,442.346,445.47,421.412,866.882,24.789,0.441483,165.395,231.813,233.998,655.41,24.789,156.744,223.209,225.501,646.913,24.789
docvqa,1792,256,docvqa_4978,approximated,405.729,465.416,467.747,393.75,861.497,24.609,0.470958,156.707,222.969,225.151,618.901,24.609,156.54,222.925,225.207,618.957,24.609
docvqa,1792,256,docvqa_57817,approximated,430.077,879.042,881.891,697.826,1579.717,24.063,0.272249,156.647,224.964,227.367,925.193,24.063,156.537,229.347,231.827,929.653,24.063
docvqa,1792,256,docvqa_41434,approximated,383.321,443.052,445.603,325.342,770.945,25.026,0.497209,169.591,235.984,239.488,564.83,25.026,157.161,236.506,238.881,564.223,25.026
docvqa,1792,256,docvqa_57819,approximated,380.745,440.387,443.341,564.996,1008.337,25.682,0.377597,160.176,227.654,230.36,795.356,25.682,156.549,222.887,225.132,790.128,25.682
docvqa,1792,256,docvqa_57820,approximated,381.153,441.049,443.509,345.937,789.446,26.611,0.482811,156.819,223.226,225.703,571.64,26.611,156.797,224.638,227.328,573.265,26.611
docvqa,1792,256,docvqa_57821,approximated,378.298,437.947,441.248,261.907,703.155,20.147,0.538001,154.975,221.274,223.597,485.504,20.147,156.636,223.767,226.26,488.167,20.147
docvqa,1792,256,docvqa_57822,approximated,432.582,492.478,494.883,440.959,935.842,20.044,0.462238,155.257,221.607,223.949,664.908,20.044,156.467,222.786,225.226,666.185,20.044
docvqa,1792,256,docvqa_57823,approximated,415.789,476.123,479.046,394.191,873.237,24.637,0.476146,155.828,222.114,224.842,619.033,24.637,156.597,224.609,227.188,621.379,24.637
docvqa,1792,256,docvqa_49629,approximated,420.382,481.286,483.871,359.882,843.753,23.992,0.498228,157.906,224.712,227.195,587.077,23.992,156.845,223.652,226.208,586.09,23.992
docvqa,1792,256,docvqa_57825,approximated,457.123,517.221,519.85,367.582,887.432,26.256,0.515108,156.008,222.472,224.962,592.544,26.256,156.787,225.032,227.497,595.079,26.256
docvqa,1792,256,docvqa_57826,approximated,416.16,475.779,478.428,312.876,791.304,20.858,0.525917,159.269,228.092,230.923,543.799,20.858,157.124,223.45,227.555,540.431,20.858
docvqa,1792,256,docvqa_57827,approximated,470.887,531.388,533.95,418.807,952.757,20.94,0.494236,158.144,224.484,227.002,645.809,20.94,157.212,223.633,227.008,645.815,20.94
docvqa,1792,256,docvqa_476,approximated,375.644,436.361,438.767,215.434,654.201,23.937,0.574202,156.568,222.622,225.156,440.59,23.937,156.7,223.342,225.806,441.24,23.937
docvqa,1792,256,docvqa_4980,approximated,359.695,419.643,421.947,647.795,1069.742,23.992,0.336245,178.264,246.259,249.717,897.512,23.992,156.681,224.143,226.729,874.524,23.992
docvqa,1792,256,docvqa_57833,approximated,445.06,505.448,508.291,190.093,698.384,23.762,0.637272,156.303,222.571,224.852,414.945,23.762,156.697,224.088,226.391,416.484,23.762
docvqa,1792,256,docvqa_41449,approximated,402.828,463.545,466.1,441.292,907.392,27.581,0.443941,158.897,226.543,228.975,670.267,27.581,156.636,223.888,226.518,667.81,27.581
docvqa,1792,256,docvqa_57835,approximated,398.157,458.222,460.87,331.349,792.219,20.709,0.502584,166.818,233.522,236.766,568.115,20.709,156.699,229.389,232.066,563.415,20.709
docvqa,1792,256,docvqa_57836,approximated,395.272,455.243,460.789,237.439,698.228,21.585,0.566108,156.798,224.056,226.493,463.932,21.585,156.8,223.008,225.845,463.284,21.585
docvqa,1792,256,docvqa_57837,approximated,422.381,482.546,485.352,325.548,810.9,29.595,0.520879,156.401,224.224,227.213,552.761,29.595,156.61,224.316,227.14,552.688,29.595
docvqa,1792,256,docvqa_57838,approximated,380.039,440.244,443.049,261.274,704.323,29.03,0.539581,158.826,225.336,228.013,489.287,29.03,156.766,225.109,227.719,488.993,29.03
docvqa,1792,256,docvqa_49643,approximated,350.868,410.536,413.004,561.164,974.168,24.398,0.360172,157.991,224.264,226.797,787.961,24.398,156.579,222.619,224.953,786.117,24.398
docvqa,1792,256,docvqa_57841,approximated,381.032,441.268,443.642,256.302,699.944,28.478,0.544375,157.062,223.639,226.34,482.642,28.478,156.592,223.055,225.835,482.137,28.478
docvqa,1792,256,docvqa_57843,approximated,413.468,473.325,476.054,220.413,696.467,24.49,0.593665,156.795,222.857,225.173,445.586,24.49,156.756,223.269,225.92,446.333,24.49
docvqa,1792,256,docvqa_57844,approximated,359.551,419.326,421.831,619.995,1041.826,24.8,0.345116,158.595,225.06,227.257,847.252,24.8,157.046,223.762,226.872,846.867,24.8
docvqa,1792,256,docvqa_57845,approximated,380.344,440.081,442.61,464.029,906.639,25.779,0.41951,159.896,227.457,229.991,694.02,25.779,156.59,223.474,225.995,690.024,25.779
docvqa,1792,256,docvqa_57853,approximated,345.604,405.337,407.809,372.282,780.091,23.268,0.44303,171.999,238.051,243.134,615.416,23.268,157.117,223.366,226.636,598.918,23.268
docvqa,1792,256,docvqa_57854,approximated,409.009,468.785,471.59,508.905,980.495,24.234,0.417146,172.739,239.009,242.911,751.816,24.234,158.435,233.936,236.139,745.044,24.234
docvqa,1792,256,docvqa_57855,approximated,378.158,437.938,440.592,430.464,871.056,22.656,0.434137,177.223,243.341,246.352,676.816,22.656,156.617,231.775,234.01,664.474,22.656
docvqa,1792,256,docvqa_57857,approximated,349.663,409.508,412.439,785.163,1197.602,24.536,0.291969,157.257,224.254,226.716,1011.879,24.536,156.516,222.438,224.639,1009.802,24.536
docvqa,1792,256,docvqa_57858,approximated,386.236,447.077,450.101,555.031,1005.132,24.132,0.384264,157.577,223.604,226.292,781.323,24.132,156.727,223.414,225.654,780.685,24.132
docvqa,1792,256,docvqa_45694,approximated,414.647,475.467,478.048,520.862,998.91,22.646,0.415099,169.814,236.425,239.896,760.758,22.646,156.488,222.723,224.904,745.766,22.646
docvqa,1792,256,docvqa_55464,approximated,438.816,929.696,936.128,1001.404,1937.532,25.677,0.226482,155.392,228.929,231.392,1232.796,25.677,155.999,224.175,226.437,1227.841,25.677
docvqa,1792,256,docvqa_57880,approximated,396.994,456.803,459.399,493.976,953.375,22.453,0.416409,157.307,223.723,226.254,720.23,22.453,157.19,223.457,228.357,722.333,22.453
docvqa,1792,256,docvqa_57881,approximated,524.153,584.493,587.572,424.175,1011.747,24.951,0.518067,158.236,225.121,227.409,651.584,24.951,157.106,223.506,225.884,650.059,24.951
docvqa,1792,256,docvqa_57882,approximated,377.448,437.581,441.558,863.533,1305.091,24.672,0.289212,169.034,235.506,238.906,1102.439,24.672,156.505,223.203,226.826,1090.359,24.672
docvqa,1792,256,docvqa_57883,approximated,391.307,451.212,454.429,768.281,1222.71,21.951,0.320033,157.482,223.775,226.377,994.658,21.951,156.392,223.93,226.3,994.581,21.951
docvqa,1792,256,docvqa_57884,approximated,405.016,465.519,468.459,359.886,828.345,25.706,0.488946,156.687,227.031,229.409,589.295,25.706,156.726,223.096,225.519,585.405,25.706
docvqa,1792,256,docvqa_57885,approximated,377.484,437.379,439.932,260.611,700.543,20.047,0.538845,155.774,222.091,224.285,484.896,20.047,158.577,227.884,231.282,491.893,20.047
docvqa,1792,256,docvqa_57886,approximated,354.865,414.758,417.64,413.841,831.481,22.991,0.426786,161.687,227.843,230.265,644.106,22.991,156.503,222.801,225.048,638.889,22.991
docvqa,1792,256,docvqa_57887,approximated,352.197,412.132,415.127,490.413,905.54,27.245,0.388936,160.29,226.859,230.338,720.751,27.245,157.87,230.359,233.46,723.873,27.245
docvqa,1792,256,docvqa_57888,approximated,375.988,435.866,438.357,615.395,1053.752,26.756,0.356809,158.193,224.589,227.047,842.442,26.756,157.183,232.036,235.248,850.643,26.756
docvqa,1792,256,docvqa_57889,approximated,376.821,436.54,439.204,302.126,741.33,23.24,0.508304,157.588,223.849,226.443,528.569,23.24,156.639,226.227,228.447,530.573,23.24
docvqa,1792,256,docvqa_57890,approximated,395.215,454.905,458.022,346.368,804.39,20.375,0.491323,158.208,224.524,226.711,573.079,20.375,156.746,223.077,225.302,571.67,20.375
docvqa,1792,256,docvqa_57891,approximated,454.337,514.499,517.489,587.301,1104.79,24.471,0.411243,156.418,222.899,225.339,812.64,24.471,156.663,223.025,225.339,812.64,24.471
docvqa,1792,256,docvqa_553,approximated,374.963,435.124,437.813,320.712,758.525,24.67,0.494332,157.697,224.618,227.256,547.968,24.67,156.622,222.887,225.161,545.873,24.67
docvqa,1792,256,docvqa_554,approximated,377.051,437.044,439.793,653.634,1093.427,24.209,0.344834,155.724,222.175,224.683,878.317,24.209,156.536,223.088,225.41,879.044,24.209
docvqa,1792,256,docvqa_555,approximated,363.447,423.379,426.689,562.562,989.251,25.571,0.367396,155.168,221.408,223.976,786.538,25.571,157.154,223.904,226.902,789.464,25.571
docvqa,1792,256,docvqa_57899,approximated,342.989,402.78,405.349,402.073,807.422,22.337,0.424796,163.848,231.308,233.814,635.887,22.337,157.295,224.192,227.742,629.815,22.337
docvqa,1792,256,docvqa_57900,approximated,475.404,535.575,538.011,311.758,849.769,22.268,0.559451,157.919,224.195,226.437,538.195,22.268,156.591,227.808,230.037,541.795,22.268
docvqa,1792,256,docvqa_57901,approximated,358.545,418.652,422.119,718.493,1140.612,21.773,0.314345,154.829,221.127,223.612,942.105,21.773,156.331,222.66,224.881,943.374,21.773
docvqa,1792,256,docvqa_57902,approximated,382.975,442.732,445.339,207.767,653.106,20.777,0.58639,156.256,222.337,224.742,432.509,20.777,156.307,222.872,225.091,432.858,20.777
docvqa,1792,256,docvqa_57903,approximated,417.427,477.406,480.717,522.729,1003.446,23.76,0.415993,157.137,223.293,225.877,748.606,23.76,156.431,222.689,224.888,747.617,23.76
docvqa,1792,256,docvqa_57904,approximated,406.778,466.836,469.906,2493.072,2962.978,25.44,0.137287,154.706,223.071,225.284,2718.356,25.44,156.966,223.769,226.502,2719.574,25.44
docvqa,1792,256,docvqa_57905,approximated,374.612,434.43,437.121,472.759,909.88,24.882,0.411716,160.73,228.698,230.931,703.69,24.882,156.539,222.794,225.207,697.966,24.882
docvqa,1792,256,docvqa_581,approximated,357.836,418.117,420.868,288.101,708.969,24.008,0.504727,179.437,245.973,249.824,537.925,24.008,157.88,233.681,236.171,524.272,24.008
docvqa,1792,256,docvqa_582,approximated,420.492,481.111,484.426,381.476,865.902,20.078,0.485611,154.765,220.825,223.337,604.813,20.078,156.742,223.285,225.817,607.293,20.078
docvqa,1792,256,docvqa_583,approximated,379.174,439.876,442.154,370.283,812.437,26.449,0.466712,162.014,229.911,232.086,602.369,26.449,156.303,222.457,224.723,595.006,26.449
docvqa,1792,256,docvqa_57928,approximated,379.781,440.269,442.942,209.169,652.111,23.241,0.582387,158.409,225.851,228.417,437.586,23.241,156.444,224.926,227.989,437.158,23.241
docvqa,1792,256,docvqa_57929,approximated,401.705,461.528,464.119,1172.015,1636.134,24.936,0.245521,157.7,224.036,226.418,1398.433,24.936,156.55,223.083,225.8,1397.815,24.936
docvqa,1792,256,docvqa_584,approximated,409.85,470.751,473.296,365.549,838.845,24.37,0.488589,159.363,225.651,227.94,593.489,24.37,156.548,222.814,225.187,590.736,24.37
docvqa,1792,256,docvqa_57931,approximated,376.366,436.262,439.093,173.634,612.727,28.939,0.614248,155.777,223.722,225.864,399.498,28.939,156.466,224.456,226.999,400.633,28.939
docvqa,1792,256,docvqa_57933,approximated,431.405,491.438,494.332,336.104,830.436,25.854,0.519492,155.459,222.503,224.743,560.847,25.854,156.5,222.753,225.093,561.197,25.854
docvqa,1792,256,docvqa_57934,approximated,407.93,467.708,470.26,400.347,870.607,22.241,0.468559,155.485,223.653,226.116,626.463,22.241,156.702,223.905,226.606,626.953,22.241
docvqa,1792,256,docvqa_596,approximated,376.348,436.37,438.932,583.566,1022.498,23.343,0.368067,155.52,223.73,226.433,809.999,23.343,156.698,223.373,225.698,809.264,23.343
docvqa,1792,256,docvqa_597,approximated,357.31,417.312,419.736,313.957,733.693,22.426,0.487002,158.567,225.386,228.091,542.048,22.426,156.612,222.867,225.134,539.091,22.426
docvqa,1792,256,docvqa_598,approximated,347.554,407.379,409.781,985.667,1395.448,21.904,0.249063,158.7,226.072,228.517,1214.184,21.904,156.404,222.773,225.209,1210.876,21.904
docvqa,1792,256,docvqa_599,approximated,351.974,411.92,414.292,1292.846,1707.138,21.913,0.206178,158.911,226.674,229.249,1522.095,21.913,156.75,223.287,225.943,1518.789,21.913
docvqa,1792,256,docvqa_600,approximated,383.598,443.305,445.647,211.4,657.047,21.14,0.583821,188.449,254.73,258.2,469.6,21.14,156.914,223.411,227.386,438.786,21.14
docvqa,1792,256,docvqa_601,approximated,408.859,470.296,473.144,1154.384,1627.528,23.559,0.251215,159.666,228.313,230.805,1385.189,23.559,156.678,225.847,227.98,1382.364,23.559
docvqa,1792,256,docvqa_16981,approximated,346.341,405.839,408.341,369.165,777.506,23.073,0.445451,167.285,233.76,237.32,606.485,23.073,156.619,223.09,225.757,594.922,23.073
docvqa,1792,256,docvqa_16990,approximated,342.431,402.252,404.64,378.405,783.045,19.916,0.437306,156.246,222.845,225.407,603.812,19.916,156.596,223.018,225.438,603.843,19.916
docvqa,1792,256,docvqa_57951,approximated,518.528,578.487,581.02,202.187,783.207,25.273,0.662057,158.285,226.214,228.695,430.882,25.273,156.753,224.608,227.506,429.693,25.273
docvqa,1792,256,docvqa_57952,approximated,353.096,413.116,415.84,323.809,739.649,21.587,0.477383,155.146,221.993,224.425,548.234,21.587,156.443,222.708,225.237,549.046,21.587
docvqa,1792,256,docvqa_57954,approximated,384.154,443.917,446.426,366.601,813.027,22.913,0.472499,158.541,225.001,227.485,594.086,22.913,156.904,224.546,228.15,594.751,22.913
docvqa,1792,256,docvqa_57955,approximated,353.681,413.516,416.195,321.452,737.647,24.727,0.479472,156.392,222.628,225.199,546.651,24.727,156.533,231.714,234.499,555.951,24.727
docvqa,1792,256,docvqa_610,approximated,381.057,441.112,444.188,1471.593,1915.781,23.735,0.198904,157.408,223.69,226.037,1697.63,23.735,156.554,222.847,225.36,1696.953,23.735
docvqa,1792,256,docvqa_611,approximated,356.513,416.255,419.093,625.649,1044.742,22.345,0.341245,158.839,225.089,227.788,853.437,22.345,156.497,222.785,225.162,850.811,22.345
docvqa,1792,256,docvqa_612,approximated,376.711,436.616,440.097,598.003,1038.1,20.621,0.362885,158.122,224.999,227.193,825.196,20.621,156.506,223.648,225.921,823.924,20.621
docvqa,1792,256,docvqa_613,approximated,382.49,442.441,445.69,1183.088,1628.778,23.662,0.234833,156.665,222.778,225.34,1408.428,23.662,156.629,223.311,225.772,1408.86,23.662
docvqa,1792,256,docvqa_16999,approximated,370.087,430.145,432.762,392.109,824.871,20.637,0.44866,155.415,221.545,223.947,616.056,20.637,156.372,222.425,224.837,616.946,20.637
docvqa,1792,256,docvqa_17000,approximated,348.207,408.099,410.506,290.754,701.26,24.229,0.496544,157.225,223.246,225.704,516.458,24.229,156.696,223.086,225.695,516.449,24.229
docvqa,1792,256,docvqa_17001,approximated,347.455,407.229,409.729,163.068,572.797,20.383,0.606594,157.393,223.578,226.099,389.167,20.383,156.757,223.146,226.924,389.992,20.383
docvqa,1792,256,docvqa_57963,approximated,377.943,437.975,440.627,1028.34,1468.967,25.081,0.257285,157.143,223.23,225.818,1254.158,25.081,156.877,223.11,226.398,1254.738,25.081
docvqa,1792,256,docvqa_57964,approximated,374.664,434.349,437.079,986.145,1423.224,20.982,0.26325,159.054,226.175,228.844,1214.989,20.982,156.239,222.099,224.527,1210.672,20.982
docvqa,1792,256,docvqa_57965,approximated,347.437,407.297,409.922,1408.23,1818.152,22.353,0.191093,155.617,221.922,224.181,1632.411,22.353,156.303,222.47,224.818,1633.048,22.353
docvqa,1792,256,docvqa_17002,approximated,351.762,411.402,413.951,316.863,730.814,24.374,0.48133,154.917,221.047,223.466,540.329,24.374,156.252,222.4,224.742,541.605,24.374
docvqa,1792,256,docvqa_17003,approximated,374.709,435.105,437.656,516.06,953.716,21.503,0.392893,157.331,223.397,225.817,741.877,21.503,157.022,223.406,226.69,742.75,21.503
docvqa,1792,256,docvqa_17004,approximated,465.604,525.55,528.185,489.622,1017.807,25.77,0.457458,160.93,227.146,229.953,719.575,25.77,156.564,222.938,225.269,714.891,25.77
docvqa,1792,256,docvqa_57969,approximated,474.316,534.76,537.701,217.443,755.144,24.16,0.628113,157.324,223.326,225.595,443.038,24.16,158.387,233.652,238.528,455.971,24.16
docvqa,1792,256,docvqa_17005,approximated,377.227,437.402,440.098,393.382,833.48,26.225,0.452593,156.655,223.276,225.677,619.059,26.225,156.191,222.619,224.873,618.255,26.225
docvqa,1792,256,docvqa_57971,approximated,370.036,430.26,433.403,534.674,968.077,25.461,0.382238,157.429,224.032,226.833,761.507,25.461,156.534,224.027,226.66,761.334,25.461
docvqa,1792,256,docvqa_17007,approximated,378.394,438.384,441.328,670.336,1111.664,25.782,0.340386,160.551,227.223,230.02,900.356,25.782,156.576,224.413,226.648,896.984,25.782
docvqa,1792,256,docvqa_57973,approximated,414.257,474.393,477.418,280.241,757.659,21.557,0.546759,154.633,220.842,223.192,503.433,21.557,156.82,223.614,226.129,506.37,21.557
docvqa,1792,256,docvqa_57974,approximated,385.484,445.164,451.64,369.705,821.345,21.747,0.469332,163.402,229.376,232.096,601.801,21.747,156.628,223.778,226.338,596.043,21.747
docvqa,1792,256,docvqa_57975,approximated,386.671,447.248,450.31,456.489,906.799,24.026,0.426413,157.355,223.48,225.701,682.19,24.026,156.34,224.735,227.199,683.688,24.026
docvqa,1792,256,docvqa_57976,approximated,392.428,452.312,454.893,443.9,898.793,26.112,0.436616,155.072,221.301,223.466,667.366,26.112,156.459,222.852,225.124,669.024,26.112
docvqa,1792,256,docvqa_57977,approximated,386.034,446.189,449.151,523.216,972.367,26.161,0.397005,157.546,223.518,225.759,748.975,26.161,156.645,223.127,225.373,748.589,26.161
docvqa,1792,256,docvqa_57978,approximated,376.157,435.932,438.676,610.994,1049.67,26.565,0.358357,157.752,223.607,225.796,836.79,26.565,156.449,222.826,225.042,836.036,26.565
docvqa,1792,256,docvqa_636,approximated,374.458,434.548,437.059,1570.39,2007.449,24.16,0.186534,156.816,223.049,225.282,1795.672,24.16,156.464,223.017,225.229,1795.619,24.16
docvqa,1792,256,docvqa_637,approximated,345.318,405.073,407.487,522.04,929.527,24.859,0.371499,179.689,245.918,248.69,770.73,24.859,156.551,222.745,225.246,747.286,24.859
docvqa,1792,256,docvqa_639,approximated,377.649,437.482,440.265,1210.306,1650.571,21.613,0.228799,157.999,232.907,235.105,1445.411,21.613,156.98,225.277,227.943,1438.249,21.613
docvqa,1792,256,docvqa_57985,approximated,357.958,417.774,421.196,404.807,826.003,20.24,0.433361,158.277,227.288,230.012,634.819,20.24,156.851,223.726,226.217,631.024,20.24
docvqa,1792,256,docvqa_57986,approximated,395.456,455.242,458.325,1334.574,1792.899,21.525,0.220568,155.781,222.723,225.121,1559.695,21.525,156.338,222.907,225.436,1560.01,21.525
docvqa,1792,256,docvqa_57987,approximated,376.778,436.712,439.687,1597.285,2036.972,24.958,0.184969,156.473,222.803,225.173,1822.458,24.958,156.699,225.366,227.678,1824.963,24.958
docvqa,1792,256,docvqa_57989,approximated,375.769,435.767,438.345,498.776,937.121,24.939,0.400982,157.288,223.582,226.026,724.802,24.939,156.752,223.425,226.885,725.661,24.939
docvqa,1792,256,docvqa_650,approximated,374.12,433.947,436.38,338.586,774.966,22.572,0.482757,158.641,226.45,228.975,567.561,22.572,156.446,223.047,225.407,563.993,22.572
docvqa,1792,256,docvqa_651,approximated,376.339,436.325,438.928,511.429,950.357,24.354,0.395997,154.752,221.608,224.112,735.541,24.354,156.406,223.057,225.334,736.763,24.354
docvqa,1792,256,docvqa_58007,approximated,373.844,433.717,437.165,457.187,894.352,20.781,0.418005,155.689,221.857,224.193,681.38,20.781,156.36,222.264,224.515,681.702,20.781
docvqa,1792,256,docvqa_58009,approximated,348.889,408.552,411.039,184.429,595.468,23.054,0.585907,155.26,221.189,223.551,407.98,23.054,156.476,223.426,225.796,410.225,23.054
docvqa,1792,256,docvqa_58018,approximated,544.557,604.621,608.673,1123.3,1731.973,24.42,0.314415,167.163,233.678,236.699,1359.999,24.42,156.541,227.678,230.768,1354.068,24.42
docvqa,1792,256,docvqa_674,approximated,396.493,456.405,459.049,312.245,771.294,24.019,0.514063,156.871,224.36,226.791,539.036,24.019,156.521,222.659,224.906,537.151,24.019
docvqa,1792,256,docvqa_57122,approximated,374.408,434.374,436.922,330.644,767.566,25.434,0.487785,156.51,222.568,224.957,555.601,25.434,160.679,229.336,233.547,564.191,25.434
docvqa,1792,256,docvqa_58020,approximated,375.742,435.476,437.995,263.047,701.042,26.305,0.535976,156.367,222.562,225.098,488.145,26.305,156.462,222.636,224.988,488.035,26.305
docvqa,1792,256,docvqa_58021,approximated,372.565,432.119,434.668,220.291,654.959,22.029,0.568836,154.652,220.62,223.122,443.413,22.029,156.53,222.734,225.014,445.305,22.029
docvqa,1792,256,docvqa_58022,approximated,421.327,482.129,484.526,464.904,949.43,23.245,0.443769,167.54,235.397,238.377,703.281,23.245,156.401,222.703,225.007,689.911,23.245
docvqa,1792,256,docvqa_58023,approximated,448.914,508.584,512.054,450.889,962.943,22.544,0.46619,159.087,225.28,228.132,679.021,22.544,156.62,227.011,229.398,680.287,22.544
docvqa,1792,256,docvqa_58024,approximated,444.648,504.933,507.607,475.005,982.612,22.619,0.452516,157.402,223.769,226.588,701.593,22.619,159.792,226.193,232.575,707.58,22.619
docvqa,1792,256,docvqa_675,approximated,409.389,469.369,472.101,2767.055,3239.156,22.868,0.126388,154.659,220.815,223.2,2990.255,22.868,156.568,222.728,225.228,2992.283,22.868
docvqa,1792,256,docvqa_676,approximated,371.057,431.083,433.582,310.809,744.391,28.255,0.498471,160.255,227.617,230.026,540.835,28.255,156.634,228.314,230.851,541.66,28.255
docvqa,1792,256,docvqa_677,approximated,351.592,411.667,414.035,688.24,1102.275,24.58,0.318969,164.939,231.399,234.688,922.928,24.58,156.358,224.211,226.49,914.73,24.58
docvqa,1792,256,docvqa_58029,approximated,360.874,420.493,423.123,264.057,687.18,22.005,0.525152,156.19,222.668,225.26,489.317,22.005,156.688,223.233,226.351,490.408,22.005
docvqa,1792,256,docvqa_678,approximated,362.676,422.728,429.178,409.928,839.106,20.496,0.432217,157.728,224.918,227.119,637.047,20.496,156.68,223.135,225.529,635.457,20.496
docvqa,1792,256,docvqa_58054,approximated,382.61,442.407,444.734,819.713,1264.447,20.493,0.302591,156.601,222.883,225.723,1045.436,20.493,156.54,224.287,226.654,1046.367,20.493
docvqa,1792,256,docvqa_58056,approximated,384.023,443.736,446.201,635.551,1081.752,20.502,0.355001,155.554,221.605,224.319,859.87,20.502,156.51,226.218,228.584,864.135,20.502
docvqa,1792,256,docvqa_58059,approximated,408.937,468.9,471.784,411.861,883.645,24.227,0.462784,157.861,224.739,227.057,638.918,24.227,156.649,223.052,225.526,637.387,24.227
docvqa,1792,256,docvqa_58061,approximated,393.084,452.914,455.651,1017.65,1473.301,24.23,0.266805,154.695,220.871,223.019,1240.669,24.23,156.661,222.875,225.261,1242.911,24.23
docvqa,1792,256,docvqa_58064,approximated,375.387,435.133,438.085,358.623,796.708,22.414,0.471173,155.335,221.408,223.597,582.22,22.414,156.453,224.461,226.714,585.337,22.414
docvqa,1792,256,docvqa_41686,approximated,397.707,457.779,460.269,294.006,754.275,26.728,0.527271,158.957,227.033,229.613,523.619,26.728,156.415,222.302,224.585,518.591,26.728
docvqa,1792,256,docvqa_41687,approximated,381.379,441.139,443.44,537.978,981.418,22.416,0.3886,178.048,245.234,249.257,787.235,22.416,156.919,223.211,225.398,763.376,22.416
docvqa,1792,256,docvqa_41688,approximated,346.272,405.892,408.305,326.601,734.906,23.329,0.471179,163.562,229.801,233.149,559.75,23.329,156.395,225.011,227.343,553.944,23.329
docvqa,1792,256,docvqa_41689,approximated,359.419,419.278,421.617,369.214,790.831,23.076,0.454483,155.473,221.362,223.594,592.808,23.076,156.494,222.621,224.835,594.049,23.076
docvqa,1792,256,docvqa_41690,approximated,355.02,414.671,417.074,541.746,958.82,22.573,0.370267,158.688,226.349,230.003,771.749,22.573,156.562,222.986,225.326,767.072,22.573
docvqa,1792,256,docvqa_41691,approximated,382.527,442.655,444.944,415.886,860.83,23.105,0.44437,157.887,225.755,228.118,644.004,23.105,156.694,223.628,225.98,641.866,23.105
docvqa,1792,256,docvqa_41693,approximated,386.726,446.784,449.202,609.837,1059.039,26.515,0.365167,154.751,221.785,224.222,834.059,26.515,157.374,223.938,227.065,836.902,26.515
docvqa,1792,256,docvqa_41694,approximated,377.681,437.506,439.982,439.72,879.702,23.143,0.429329,162.046,228.239,230.535,670.255,23.143,156.59,223.553,225.918,665.638,23.143
docvqa,1792,256,docvqa_41695,approximated,375.674,435.698,438.446,501.444,939.89,25.072,0.3997,156.877,224.733,227.028,728.472,25.072,156.759,223.298,226.05,727.494,25.072
docvqa,1792,256,docvqa_41705,approximated,385.516,445.972,448.429,414.611,863.04,29.615,0.446695,155.159,222.582,226.29,640.901,29.615,156.776,223.454,226.056,640.667,29.615
docvqa,1792,256,docvqa_17132,approximated,354.294,414.004,416.576,356.885,773.461,23.792,0.458063,158.413,224.872,227.552,584.437,23.792,157.897,224.147,227.598,584.483,23.792
docvqa,1792,256,docvqa_17133,approximated,379.58,439.26,443.032,396.546,839.578,26.436,0.452108,157.212,223.532,226.289,622.835,26.436,156.55,222.988,225.7,622.246,26.436
docvqa,1792,256,docvqa_17134,approximated,393.589,453.658,457.23,599.487,1056.717,22.203,0.372464,157.122,224.198,226.696,826.183,22.203,156.427,222.828,225.329,824.816,22.203
docvqa,1792,256,docvqa_17135,approximated,369.358,429.363,432.457,450.367,882.824,25.02,0.418382,163.051,229.267,232.363,682.73,25.02,156.578,222.853,225.17,675.537,25.02
docvqa,1792,256,docvqa_47368,approximated,416.379,476.44,478.928,306.095,785.023,25.508,0.530404,158.475,224.844,227.211,533.306,25.508,156.886,223.647,225.886,531.981,25.508
docvqa,1792,256,docvqa_41715,approximated,375.027,435.379,438.095,355.615,793.71,25.401,0.472499,157.146,228.154,230.569,586.184,25.401,156.509,222.758,224.966,580.581,25.401
docvqa,1792,256,docvqa_41716,approximated,350.108,409.912,412.585,338.273,750.858,26.021,0.466277,154.987,223.061,228.181,566.454,26.021,156.622,223.094,225.342,563.615,26.021
docvqa,1792,256,docvqa_41717,approximated,384.328,444.308,446.741,278.715,725.456,21.44,0.529774,155.262,221.452,223.836,502.551,21.44,156.489,224.433,226.669,505.384,21.44
docvqa,1792,256,docvqa_17139,approximated,385.312,445.142,447.735,329.001,776.736,21.933,0.496066,154.778,220.777,223.069,552.07,21.933,157.463,224.014,226.438,555.439,21.933
docvqa,1792,256,docvqa_41719,approximated,552.469,612.428,615.455,473.801,1089.256,22.562,0.507199,155.428,222.836,225.205,699.006,22.562,157.016,223.256,226.706,700.507,22.562
docvqa,1792,256,docvqa_17140,approximated,378.981,438.725,441.303,284.545,725.848,20.325,0.522122,155.91,222.129,224.797,509.342,20.325,156.803,223.606,225.988,510.533,20.325
docvqa,1792,256,docvqa_58105,approximated,436.579,497.561,499.798,243.568,743.366,24.357,0.587301,156.359,222.73,225.229,468.797,24.357,156.492,222.774,225.402,468.97,24.357
docvqa,1792,256,docvqa_58106,approximated,382.17,442.073,445.574,405.441,851.015,25.34,0.449075,177.23,243.651,247.202,652.643,25.34,156.585,222.997,225.262,630.703,25.34
docvqa,1792,256,docvqa_58107,approximated,390.357,450.85,453.312,331.812,785.124,23.701,0.497192,155.0,221.478,224.174,555.986,23.701,156.449,222.529,224.914,556.726,23.701
docvqa,1792,256,docvqa_58108,approximated,400.793,460.785,464.276,656.654,1120.93,27.361,0.357554,155.131,221.314,223.801,880.455,27.361,156.705,224.011,226.942,883.596,27.361
docvqa,1792,256,docvqa_41721,approximated,375.794,435.834,438.505,537.839,976.344,25.611,0.384899,157.699,223.64,225.81,763.649,25.611,156.733,223.259,226.152,763.991,25.611
docvqa,1792,256,docvqa_41723,approximated,379.443,439.385,442.172,442.843,885.015,27.678,0.428741,160.258,227.353,229.512,672.355,27.678,156.603,223.791,226.197,669.04,27.678
docvqa,1792,256,docvqa_17143,approximated,378.096,437.726,440.35,438.333,878.683,27.396,0.430298,170.298,241.605,244.187,682.52,27.396,156.679,223.433,225.957,664.29,27.396
docvqa,1792,256,docvqa_41728,approximated,405.796,465.681,468.24,514.697,982.937,23.395,0.41284,155.364,221.989,224.52,739.217,23.395,156.698,222.948,225.133,739.83,23.395
docvqa,1792,256,docvqa_41729,approximated,352.658,412.503,415.02,351.638,766.658,20.685,0.459994,157.384,223.613,226.219,577.857,20.685,156.427,223.657,225.872,577.51,20.685
docvqa,1792,256,docvqa_17147,approximated,353.519,412.994,415.603,490.348,905.951,22.289,0.390219,162.914,231.668,233.834,724.182,22.289,156.512,224.035,226.276,716.624,22.289
docvqa,1792,256,docvqa_17149,approximated,393.729,453.571,455.932,300.416,756.348,21.458,0.520565,174.488,241.072,244.706,545.122,21.458,156.534,222.764,224.994,525.41,21.458
docvqa,1792,256,docvqa_17150,approximated,347.437,407.815,410.569,262.658,673.227,21.888,0.516076,156.953,223.654,226.139,488.797,21.888,156.523,223.18,225.97,488.628,21.888
docvqa,1792,256,docvqa_45744,approximated,374.593,813.746,816.077,969.565,1785.642,24.861,0.209781,157.514,225.259,227.972,1197.537,24.861,156.077,224.014,226.471,1196.036,24.861
docvqa,1792,256,docvqa_45745,approximated,386.571,446.522,449.059,733.405,1182.464,22.919,0.32692,155.298,221.595,223.888,957.293,22.919,156.743,223.283,225.914,959.319,22.919
docvqa,1792,256,docvqa_782,approximated,403.451,463.306,466.003,431.853,897.856,22.729,0.449349,156.039,223.284,225.566,657.419,22.729,156.493,222.723,225.024,656.877,22.729
docvqa,1792,256,docvqa_783,approximated,405.249,465.722,468.289,324.107,792.396,20.257,0.511422,158.547,225.671,228.632,552.739,20.257,156.536,224.216,226.45,550.557,20.257
docvqa,1792,256,docvqa_784,approximated,379.536,439.729,442.027,516.313,958.34,20.653,0.396035,158.336,225.004,227.396,743.709,20.653,156.54,222.933,225.406,741.719,20.653
docvqa,1792,256,docvqa_785,approximated,378.147,438.059,440.3,309.593,749.893,20.64,0.504268,158.204,224.753,227.124,536.717,20.64,157.162,224.031,227.336,536.929,20.64
docvqa,1792,256,docvqa_786,approximated,375.086,434.917,437.219,209.036,646.255,20.904,0.5804,156.238,222.446,224.745,433.781,20.904,156.663,224.991,227.66,436.696,20.904
docvqa,1792,256,docvqa_788,approximated,349.919,409.491,411.832,554.058,965.89,22.162,0.362276,155.404,221.931,224.891,778.949,22.162,156.55,222.91,226.288,780.346,22.162
docvqa,1792,256,docvqa_789,approximated,406.596,964.986,967.949,979.235,1947.184,27.201,0.208812,168.574,237.841,241.508,1220.743,27.201,155.769,226.494,228.734,1207.969,27.201
docvqa,1792,256,docvqa_790,approximated,393.796,453.622,456.182,615.017,1071.199,27.955,0.367622,155.43,221.476,223.884,838.901,27.955,156.591,223.053,225.306,840.323,27.955
docvqa,1792,256,docvqa_60401,approximated,410.13,470.177,472.509,372.636,845.145,24.842,0.485277,155.391,221.548,223.825,596.461,24.842,157.305,223.349,226.874,599.51,24.842
docvqa,1792,256,docvqa_792,approximated,382.624,443.07,445.534,664.781,1110.315,24.622,0.344608,158.354,224.868,227.132,891.913,24.622,156.517,222.728,224.99,889.771,24.622
docvqa,1792,256,docvqa_793,approximated,346.409,406.156,408.578,290.048,698.626,22.311,0.495843,155.979,222.388,224.817,514.865,22.311,156.587,222.949,225.334,515.382,22.311
docvqa,1792,256,docvqa_794,approximated,399.094,459.075,461.39,354.86,816.25,22.179,0.488936,156.648,223.601,226.099,580.959,22.179,156.733,223.102,225.455,580.315,22.179
docvqa,1792,256,docvqa_41749,approximated,350.125,410.158,412.798,487.233,900.031,25.644,0.389014,171.12,237.347,239.885,727.118,25.644,157.453,224.635,227.39,714.623,25.644
docvqa,1792,256,docvqa_41750,approximated,415.141,475.524,477.855,314.435,792.29,20.962,0.523977,159.014,225.913,228.857,543.292,20.962,157.021,224.043,226.976,541.411,20.962
docvqa,1792,256,docvqa_45747,approximated,370.02,430.06,432.393,929.162,1361.555,24.452,0.271763,158.341,224.791,227.364,1156.526,24.452,156.425,222.904,225.191,1154.353,24.452
docvqa,1792,256,docvqa_60403,approximated,381.992,441.827,444.306,386.619,830.925,27.616,0.459719,155.911,222.49,225.353,611.972,27.616,156.985,223.62,226.347,612.966,27.616
docvqa,1792,256,docvqa_60404,approximated,381.874,441.906,444.377,1115.581,1559.958,25.944,0.244798,159.747,226.14,228.572,1344.153,25.944,156.54,223.388,225.95,1341.531,25.944
docvqa,1792,256,docvqa_809,approximated,398.024,458.148,460.586,343.96,804.546,24.569,0.494719,159.935,225.929,228.282,572.242,24.569,156.549,222.944,225.341,569.301,24.569
docvqa,1792,256,docvqa_25385,approximated,363.778,423.425,425.799,244.143,669.942,24.414,0.542999,157.033,223.104,225.323,469.466,24.414,156.664,222.956,225.548,469.691,24.414
docvqa,1792,256,docvqa_25386,approximated,372.107,432.077,434.297,245.476,679.773,24.548,0.547399,174.626,240.711,243.857,489.333,24.548,157.097,223.412,226.454,471.93,24.548
docvqa,1792,256,docvqa_25387,approximated,381.15,441.054,443.417,298.849,742.266,27.168,0.513495,156.856,223.036,225.35,524.199,27.168,156.772,223.298,225.572,524.421,27.168
docvqa,1792,256,docvqa_60406,approximated,417.82,478.478,481.085,571.222,1052.307,22.849,0.397051,157.858,224.61,227.35,798.572,22.849,157.054,223.053,225.536,796.758,22.849
docvqa,1792,256,docvqa_815,approximated,547.045,607.082,609.872,401.246,1011.118,21.118,0.54103,163.291,229.588,232.862,634.108,21.118,157.542,228.007,231.95,633.196,21.118
docvqa,1792,256,docvqa_60407,approximated,409.468,469.16,472.113,393.634,865.747,26.242,0.472965,154.771,221.271,224.086,617.72,26.242,156.552,223.188,225.6,619.234,26.242
docvqa,1792,256,docvqa_25396,approximated,406.936,466.919,469.428,798.792,1268.22,24.206,0.320872,157.665,224.031,226.596,1025.388,24.206,156.688,223.0,225.469,1024.261,24.206
docvqa,1792,256,docvqa_822,approximated,362.568,422.525,425.64,271.417,697.057,20.878,0.520141,154.544,220.66,223.115,494.532,20.878,157.155,223.21,226.575,497.992,20.878
docvqa,1792,256,docvqa_824,approximated,412.41,472.344,476.236,544.446,1020.682,24.748,0.404053,157.735,224.994,227.132,771.578,24.748,156.889,223.769,226.473,770.919,24.748
docvqa,1792,256,docvqa_826,approximated,411.044,471.245,473.559,275.01,748.569,22.917,0.549106,157.449,225.164,227.576,502.586,22.917,156.695,222.964,225.363,500.373,22.917
docvqa,1792,32,docvqa_49153,approximated,342.964,402.89,405.771,616.996,1022.767,20.567,0.33533,159.129,228.293,230.608,847.604,20.567,157.222,223.652,227.598,844.594,20.567
docvqa,1792,32,docvqa_24580,approximated,379.899,439.423,441.78,360.642,802.422,24.043,0.473441,155.524,221.95,224.648,585.29,24.043,156.707,223.132,225.785,586.427,24.043
docvqa,1792,32,docvqa_57349,approximated,347.878,766.941,769.334,300.164,1069.498,30.016,0.325272,155.305,224.141,226.671,526.835,30.016,156.503,224.866,227.208,527.372,30.016
docvqa,1792,32,docvqa_24581,approximated,362.498,422.185,425.193,188.458,613.651,23.557,0.590724,154.96,221.272,223.764,412.222,23.557,157.263,223.631,227.467,415.925,23.557
docvqa,1792,32,docvqa_24582,approximated,342.927,765.314,767.963,216.79,984.753,24.088,0.348237,166.498,234.263,237.725,454.515,24.088,156.833,224.456,227.318,444.108,24.088
docvqa,1792,32,docvqa_39079,approximated,509.514,569.117,571.51,1793.041,2364.551,57.84,0.21548,155.766,227.471,229.766,2022.807,57.84,156.686,223.106,225.254,2018.295,57.84
docvqa,1792,32,docvqa_57357,approximated,345.524,763.995,766.723,496.684,1263.407,20.695,0.273486,155.492,224.206,226.937,723.621,20.695,156.656,224.761,227.452,724.136,20.695
docvqa,1792,32,docvqa_24426,approximated,348.69,408.171,411.126,438.43,849.556,24.357,0.410438,157.898,228.03,230.304,668.734,24.357,156.585,227.662,230.005,668.435,24.357
docvqa,1792,32,docvqa_49168,approximated,348.784,767.281,769.753,568.244,1337.997,24.706,0.260676,156.31,224.466,226.848,795.092,24.706,156.712,224.722,227.214,795.458,24.706
docvqa,1792,32,docvqa_24423,approximated,365.468,853.041,855.846,536.337,1392.183,24.379,0.262514,157.281,225.577,228.237,764.574,24.379,156.544,224.76,227.592,763.929,24.379
docvqa,1792,32,docvqa_49172,approximated,362.281,909.392,912.161,702.693,1614.854,22.668,0.224343,157.4,225.645,228.323,931.016,22.668,156.575,224.341,226.639,929.332,22.668
docvqa,1792,32,docvqa_57364,approximated,377.558,847.323,849.893,327.35,1177.243,20.459,0.320714,159.224,231.982,234.334,561.684,20.459,156.408,230.078,232.562,559.912,20.459
docvqa,1792,32,docvqa_57366,approximated,351.157,858.165,860.648,329.428,1190.076,20.589,0.295071,169.84,238.54,240.867,570.295,20.589,156.737,226.457,228.882,558.31,20.589
docvqa,1792,32,docvqa_57368,approximated,364.406,829.666,832.624,405.197,1237.821,25.325,0.294393,155.183,222.958,225.233,630.43,25.325,156.547,224.815,227.313,632.51,25.325
docvqa,1792,32,docvqa_49177,approximated,372.644,846.225,848.901,598.908,1447.809,23.035,0.257385,156.593,224.362,226.931,825.839,23.035,157.688,226.399,228.877,827.785,23.035
docvqa,1792,32,docvqa_57370,approximated,384.766,444.369,446.909,577.806,1024.715,22.223,0.375486,154.977,221.209,223.836,801.642,22.223,157.298,224.26,227.972,805.778,22.223
docvqa,1792,32,docvqa_57371,approximated,372.409,821.067,823.586,2570.032,3393.618,88.622,0.109738,158.223,226.185,228.597,2798.629,88.622,156.613,227.642,230.05,2800.082,88.622
docvqa,1792,32,docvqa_57372,approximated,405.006,465.034,467.48,547.052,1014.532,22.794,0.399205,156.789,225.131,227.488,774.54,22.794,159.158,225.297,228.976,776.028,22.794
docvqa,1792,32,docvqa_49181,approximated,366.287,827.266,829.725,633.697,1463.422,20.442,0.250295,155.179,223.052,225.355,859.052,20.442,156.634,227.422,229.693,863.39,20.442
docvqa,1792,32,docvqa_57373,approximated,429.663,489.214,492.618,472.715,965.333,21.487,0.445093,159.242,225.667,228.431,701.146,21.487,156.65,223.469,225.737,698.452,21.487
docvqa,1792,32,docvqa_57374,approximated,347.014,406.623,409.12,415.978,825.098,24.469,0.420573,156.7,224.15,226.635,642.613,24.469,156.671,231.835,234.364,650.342,24.469
docvqa,1792,32,docvqa_57375,approximated,384.007,443.653,447.151,720.165,1167.316,23.231,0.328966,155.606,222.046,224.703,944.868,23.231,156.717,236.807,239.399,959.564,23.231
docvqa,1792,32,docvqa_57376,approximated,349.189,408.882,411.356,425.87,837.226,23.659,0.417078,156.53,222.535,224.954,650.824,23.659,156.705,223.281,225.85,651.72,23.659
docvqa,1792,32,docvqa_49187,approximated,348.019,407.68,410.065,678.971,1089.036,23.413,0.319567,172.226,238.232,242.295,921.266,23.413,157.286,224.342,227.031,906.002,23.413
docvqa,1792,32,docvqa_16424,approximated,366.789,426.392,429.194,448.031,877.225,23.581,0.418124,155.08,221.039,223.307,671.338,23.581,156.36,222.713,224.956,672.987,23.581
docvqa,1792,32,docvqa_57386,approximated,347.14,406.626,409.597,371.728,781.325,20.652,0.444297,155.028,221.149,223.634,595.362,20.652,157.139,223.729,227.469,599.197,20.652
docvqa,1792,32,docvqa_57387,approximated,431.63,491.409,493.804,446.375,940.179,23.493,0.459094,158.365,226.77,229.063,675.438,23.493,156.989,223.19,227.987,674.362,23.493
docvqa,1792,32,docvqa_57388,approximated,395.546,455.505,458.406,486.137,944.543,25.586,0.418769,156.818,223.188,225.748,711.885,25.586,156.504,222.714,224.986,711.123,25.586
docvqa,1792,32,docvqa_16429,approximated,364.999,424.861,428.743,300.649,729.392,25.054,0.500415,154.797,221.098,223.796,524.445,25.054,156.613,222.859,225.247,525.896,25.054
docvqa,1792,32,docvqa_16430,approximated,401.657,461.939,464.353,279.666,744.019,23.306,0.539848,166.426,232.532,234.88,514.546,23.306,156.475,222.92,225.367,505.033,23.306
docvqa,1792,32,docvqa_57391,approximated,407.26,467.396,471.367,230.162,701.529,23.016,0.580532,172.164,241.139,244.065,474.227,23.016,156.702,222.975,225.564,455.726,23.016
docvqa,1792,32,docvqa_57395,approximated,393.573,453.684,456.098,344.172,800.27,24.584,0.491801,158.563,225.548,229.445,573.617,24.584,156.652,223.212,225.812,569.984,24.584
docvqa,1792,32,docvqa_16437,approximated,403.374,463.344,466.015,479.123,945.138,25.217,0.426789,163.616,230.079,232.359,711.482,25.217,156.626,223.173,225.702,704.825,25.217
docvqa,1792,32,docvqa_16440,approximated,400.948,460.916,463.717,422.906,886.623,23.495,0.452219,165.834,232.661,236.429,659.335,23.495,156.83,226.424,229.033,651.939,23.495
docvqa,1792,32,docvqa_57402,approximated,460.517,520.468,526.755,759.847,1286.602,24.511,0.357933,160.609,227.159,229.892,989.739,24.511,157.144,223.736,227.34,987.187,24.511
docvqa,1792,32,docvqa_57403,approximated,402.103,461.884,466.001,742.609,1208.61,23.955,0.332699,166.303,232.936,238.06,980.669,23.955,156.566,223.791,226.1,968.709,23.955
docvqa,1792,32,docvqa_57404,approximated,383.267,848.997,851.796,671.038,1522.834,24.853,0.25168,156.203,227.157,229.723,900.761,24.853,157.006,227.799,231.218,902.256,24.853
docvqa,1792,32,docvqa_16444,approximated,358.712,418.287,420.938,524.391,945.329,22.8,0.379457,157.295,224.183,226.832,751.223,22.8,157.067,223.811,227.36,751.751,22.8
docvqa,1792,32,docvqa_57407,approximated,351.371,411.478,414.271,510.501,924.772,25.525,0.379954,156.093,222.895,225.627,736.128,25.525,156.685,223.446,225.934,736.435,25.525
docvqa,1792,32,docvqa_16447,approximated,380.615,440.393,442.827,666.7,1109.527,26.668,0.343043,157.565,223.965,226.594,893.294,26.668,156.736,224.248,226.917,893.617,26.668
docvqa,1792,32,docvqa_57409,approximated,348.569,409.298,411.792,259.342,671.134,25.934,0.519373,156.467,222.627,225.146,484.488,25.934,156.683,222.807,225.384,484.726,25.934
docvqa,1792,32,docvqa_16450,approximated,366.356,426.403,429.218,227.46,656.678,22.746,0.557893,155.554,223.187,225.485,452.945,22.746,156.742,223.303,226.901,454.361,22.746
docvqa,1792,32,docvqa_57410,approximated,351.345,410.764,413.357,332.381,745.738,20.774,0.471137,155.412,221.676,224.392,556.773,20.774,156.607,223.575,225.99,558.371,20.774
docvqa,1792,32,docvqa_57411,approximated,606.958,666.765,669.705,696.771,1366.476,24.885,0.444178,154.396,220.609,223.124,919.895,24.885,156.426,222.982,225.488,922.259,24.885
docvqa,1792,32,docvqa_57413,approximated,407.199,466.734,469.573,647.212,1116.785,20.878,0.364617,158.836,225.133,227.814,875.026,20.878,156.48,223.763,226.033,873.245,20.878
docvqa,1792,32,docvqa_57414,approximated,399.879,459.433,462.48,405.478,867.958,22.527,0.460712,155.241,221.61,223.963,629.441,22.527,156.54,225.098,227.365,632.843,22.527
docvqa,1792,32,docvqa_57415,approximated,389.824,449.341,451.691,562.669,1014.36,22.507,0.384305,163.842,230.107,232.658,795.327,22.507,156.715,223.812,226.447,789.116,22.507
docvqa,1792,32,docvqa_57416,approximated,401.25,460.836,463.589,412.603,876.192,24.271,0.457947,156.934,229.078,231.521,644.124,24.271,156.704,222.994,225.44,638.043,24.271
docvqa,1792,32,docvqa_57417,approximated,404.218,464.045,466.468,339.903,806.371,24.279,0.50128,154.826,221.388,224.05,563.953,24.279,156.559,223.469,226.408,566.311,24.279
docvqa,1792,32,docvqa_57418,approximated,384.517,444.128,446.584,346.708,793.292,23.114,0.484711,159.335,225.7,228.252,574.96,23.114,156.677,223.185,225.871,572.579,23.114
docvqa,1792,32,docvqa_24437,approximated,349.164,408.705,411.004,399.0,810.004,26.6,0.431064,155.285,222.913,225.326,624.326,26.6,156.662,223.032,225.626,624.626,26.6
docvqa,1792,32,docvqa_24438,approximated,351.537,411.344,413.842,318.068,731.91,26.506,0.480301,156.691,229.379,231.692,549.76,26.506,156.533,225.413,228.866,546.934,26.506
docvqa,1792,32,docvqa_16455,approximated,374.786,867.859,870.744,620.691,1491.435,23.873,0.251293,156.121,223.936,226.356,847.047,23.873,156.551,224.52,227.016,847.707,23.873
docvqa,1792,32,docvqa_16456,approximated,383.472,443.877,446.724,290.835,737.559,24.236,0.51992,155.112,223.215,225.624,516.459,24.236,156.9,223.114,226.581,517.416,24.236
docvqa,1792,32,docvqa_16463,approximated,373.981,433.768,436.367,309.313,745.68,25.776,0.50153,156.778,222.966,225.47,534.783,25.776,156.645,222.96,225.244,534.557,25.776
docvqa,1792,32,docvqa_49234,approximated,370.675,430.484,433.076,339.563,772.639,24.255,0.479752,173.5,248.014,252.052,591.615,24.255,156.756,225.445,227.649,567.212,24.255
docvqa,1792,32,docvqa_57428,approximated,411.668,472.602,475.03,376.649,851.679,23.541,0.483361,155.606,222.077,224.684,601.333,23.541,156.647,223.012,225.208,601.857,23.541
docvqa,1792,32,docvqa_24440,approximated,372.254,843.679,846.15,1354.859,2201.009,79.698,0.169129,158.316,227.526,230.191,1585.05,79.698,156.606,224.465,227.093,1581.952,79.698
docvqa,1792,32,docvqa_16468,approximated,368.437,428.352,431.077,583.227,1014.304,23.329,0.363241,168.265,234.802,238.391,821.618,23.329,156.255,222.372,224.763,807.99,23.329
docvqa,1792,32,docvqa_57431,approximated,434.403,494.218,496.642,418.763,915.405,20.938,0.474547,155.953,222.339,224.733,643.496,20.938,156.899,223.23,225.788,644.551,20.938
docvqa,1792,32,docvqa_16473,approximated,350.144,410.228,412.582,309.913,722.495,25.826,0.484632,155.99,222.175,224.67,534.583,25.826,156.63,224.362,226.933,536.846,25.826
docvqa,1792,32,docvqa_49242,approximated,347.679,825.099,827.383,272.413,1099.796,24.765,0.31613,157.575,225.214,227.628,500.041,24.765,156.104,226.487,228.787,501.2,24.765
docvqa,1792,32,docvqa_57439,approximated,407.828,467.751,470.081,806.116,1276.197,26.004,0.319565,159.233,225.819,228.307,1034.423,26.004,156.802,223.31,226.181,1032.297,26.004
docvqa,1792,32,docvqa_57440,approximated,411.242,470.871,473.336,388.941,862.277,24.309,0.476926,172.264,238.822,245.066,634.007,24.309,156.633,222.981,225.588,614.529,24.309
docvqa,1792,32,docvqa_32870,approximated,352.167,411.865,414.576,688.165,1102.741,22.199,0.319356,158.842,225.641,228.05,916.215,22.199,156.729,222.909,225.256,913.421,22.199
docvqa,1792,32,docvqa_32871,approximated,375.664,866.401,868.736,639.345,1508.081,22.834,0.249101,157.09,225.431,227.828,867.173,22.834,157.251,225.39,228.861,868.206,22.834
docvqa,1792,32,docvqa_32872,approximated,413.695,473.417,476.144,373.247,849.391,23.328,0.487048,157.896,225.495,227.983,601.23,23.328,156.507,224.026,226.494,599.741,23.328
docvqa,1792,32,docvqa_32873,approximated,374.964,434.922,437.425,557.247,994.672,26.536,0.376973,158.685,224.947,227.793,785.04,26.536,156.732,223.195,225.959,783.206,26.536
docvqa,1792,32,docvqa_32874,approximated,373.557,433.228,435.672,357.097,792.769,29.758,0.471205,156.222,222.106,224.318,581.415,29.758,156.643,222.792,225.39,582.487,29.758
docvqa,1792,32,docvqa_32875,approximated,359.651,419.678,422.225,473.775,896.0,23.689,0.401396,157.298,224.414,227.011,700.786,23.689,156.724,224.041,226.701,700.476,23.689
docvqa,1792,32,docvqa_32876,approximated,396.869,456.505,458.836,487.5,946.336,23.214,0.419374,155.992,223.586,226.109,713.609,23.214,156.632,223.306,225.865,713.365,23.214
docvqa,1792,32,docvqa_32877,approximated,346.883,406.678,409.056,651.78,1060.836,24.14,0.32699,154.574,221.018,223.375,875.155,24.14,157.087,223.379,227.125,878.905,24.14
docvqa,1792,32,docvqa_32878,approximated,351.482,411.125,413.423,278.535,691.958,25.321,0.507953,158.583,224.749,227.077,505.612,25.321,156.887,223.139,225.761,504.296,25.321
docvqa,1792,32,docvqa_32879,approximated,375.422,434.949,437.67,360.85,798.52,21.226,0.470148,157.786,224.088,226.602,587.452,21.226,156.791,224.294,226.564,587.414,21.226
docvqa,1792,32,docvqa_57449,approximated,405.563,465.555,468.449,231.296,699.745,23.13,0.579587,155.222,221.367,223.659,454.955,23.13,156.599,222.84,225.205,456.501,23.13
docvqa,1792,32,docvqa_32881,approximated,376.353,436.385,438.977,640.421,1079.398,26.684,0.34867,155.274,221.996,224.599,865.02,26.684,156.8,223.914,226.419,866.84,26.684
docvqa,1792,32,docvqa_32882,approximated,404.695,464.709,467.255,642.066,1109.321,24.695,0.364814,178.533,245.636,249.006,891.072,24.695,156.841,224.139,226.652,868.718,24.695
docvqa,1792,32,docvqa_32883,approximated,430.323,490.046,492.557,542.26,1034.817,24.648,0.415845,158.545,224.731,227.351,769.611,24.648,156.731,223.093,225.612,767.872,24.648
docvqa,1792,32,docvqa_57452,approximated,396.475,457.373,459.727,397.432,857.159,26.495,0.462545,163.007,229.409,232.003,629.435,26.495,156.838,223.183,225.751,623.183,26.495
docvqa,1792,32,docvqa_32885,approximated,355.626,415.576,417.929,407.802,825.731,23.988,0.430681,157.613,224.651,227.004,634.806,23.988,156.671,222.979,225.557,633.359,23.988
docvqa,1792,32,docvqa_32886,approximated,575.621,635.538,638.127,538.06,1176.187,24.457,0.489396,155.32,221.827,224.009,762.069,24.457,156.55,222.601,224.811,762.871,24.457
docvqa,1792,32,docvqa_57454,approximated,374.287,434.071,436.512,787.908,1224.42,25.416,0.305685,189.34,255.865,258.217,1046.125,25.416,156.492,222.825,225.389,1013.297,25.416
docvqa,1792,32,docvqa_49263,approximated,387.492,446.951,449.562,649.25,1098.812,22.388,0.352646,156.351,222.771,225.266,874.516,22.388,156.478,222.594,224.898,874.148,22.388
docvqa,1792,32,docvqa_32889,approximated,394.631,454.219,457.127,545.82,1002.947,22.742,0.393471,154.809,221.189,223.782,769.602,22.742,156.816,223.463,225.944,771.764,22.742
docvqa,1792,32,docvqa_32890,approximated,391.911,451.672,454.148,323.294,777.442,21.553,0.504104,154.71,220.939,223.273,546.567,21.553,156.952,223.413,226.333,549.627,21.553
docvqa,1792,32,docvqa_32891,approximated,354.199,413.966,417.119,740.521,1157.64,23.888,0.305966,157.786,224.029,226.446,966.967,23.888,158.928,228.851,232.019,972.54,23.888
docvqa,1792,32,docvqa_32892,approximated,405.726,465.53,468.051,368.695,836.746,23.043,0.484886,176.156,243.64,247.417,616.112,23.043,156.723,223.02,225.688,594.383,23.043
docvqa,1792,32,docvqa_32893,approximated,377.693,437.239,439.767,486.542,926.309,24.327,0.40774,155.206,222.729,225.115,711.657,24.327,156.576,223.808,226.206,712.748,24.327
docvqa,1792,32,docvqa_32894,approximated,383.289,442.988,445.648,446.99,892.638,23.526,0.429389,154.67,221.086,223.499,670.489,23.526,156.522,222.969,225.304,672.294,23.526
docvqa,1792,32,docvqa_49274,approximated,402.226,462.367,464.708,422.809,887.517,23.489,0.453204,156.403,226.688,229.304,652.113,23.489,156.559,223.578,225.862,648.671,23.489
docvqa,1792,32,docvqa_32896,approximated,376.46,436.233,438.498,354.015,792.513,29.501,0.475021,158.411,224.423,226.971,580.986,29.501,157.022,223.22,225.686,579.701,29.501
docvqa,1792,32,docvqa_32897,approximated,349.851,409.56,411.908,307.366,719.274,23.644,0.486394,181.219,248.33,250.761,558.127,23.644,156.484,222.671,224.772,532.138,23.644
docvqa,1792,32,docvqa_32898,approximated,380.424,440.463,442.901,496.097,938.998,22.55,0.405138,158.06,227.349,230.056,726.153,22.55,157.212,224.319,227.79,723.887,22.55
docvqa,1792,32,docvqa_57475,approximated,388.836,448.905,451.797,348.417,800.214,23.228,0.485915,156.882,223.234,225.733,574.15,23.228,157.127,223.444,226.939,575.356,23.228
docvqa,1792,32,docvqa_32900,approximated,436.603,496.448,498.873,433.563,932.436,22.819,0.468238,157.683,224.8,227.103,660.666,22.819,156.713,224.404,226.927,660.49,22.819
docvqa,1792,32,docvqa_57476,approximated,403.706,464.103,466.501,448.859,915.36,20.403,0.441036,155.922,223.608,226.247,675.106,20.403,156.74,223.216,226.76,675.619,20.403
docvqa,1792,32,docvqa_49279,approximated,383.43,443.161,445.653,254.557,700.21,25.456,0.547592,155.155,221.872,224.291,478.848,25.456,157.014,223.379,226.658,481.215,25.456
docvqa,1792,32,docvqa_49285,approximated,349.029,408.493,410.874,271.636,682.51,24.694,0.51139,157.074,223.261,225.603,497.239,24.694,156.664,222.921,225.208,496.844,24.694
docvqa,1792,32,docvqa_49292,approximated,387.719,447.449,449.718,678.744,1128.462,21.895,0.343582,156.126,222.437,224.793,903.537,21.895,156.712,222.808,224.967,903.711,21.895
docvqa,1792,32,docvqa_16529,approximated,415.034,474.485,477.328,281.121,758.449,20.08,0.547213,155.493,221.899,224.615,505.736,20.08,156.599,222.856,225.15,506.271,20.08
docvqa,1792,32,docvqa_49297,approximated,371.54,431.578,433.937,448.868,882.805,24.937,0.420863,157.442,223.815,226.466,675.334,24.937,157.351,223.837,227.945,676.813,24.937
docvqa,1792,32,docvqa_16533,approximated,375.593,435.323,437.677,564.461,1002.138,25.657,0.374792,157.727,224.228,227.053,791.514,25.657,156.837,223.254,225.66,790.121,25.657
docvqa,1792,32,docvqa_49304,approximated,399.621,459.292,461.726,381.983,843.709,27.285,0.473647,155.638,221.955,224.459,606.442,27.285,156.749,223.047,225.816,607.799,27.285
docvqa,1792,32,docvqa_16539,approximated,372.61,432.792,435.218,456.746,891.964,20.761,0.417741,155.041,221.112,223.559,680.305,20.761,156.76,223.161,225.787,682.533,20.761
docvqa,1792,32,docvqa_16553,approximated,434.296,494.923,498.524,457.283,955.807,24.068,0.454376,155.236,221.803,224.437,681.72,24.068,156.636,223.18,225.793,683.076,24.068
docvqa,1792,32,docvqa_49322,approximated,417.132,476.768,479.24,370.474,849.714,23.155,0.490908,157.97,224.193,226.635,597.109,23.155,156.518,225.25,227.77,598.244,23.155
docvqa,1792,32,docvqa_57515,approximated,384.375,443.79,446.032,388.358,834.39,22.845,0.460666,166.949,233.136,236.216,624.574,22.845,156.648,223.243,225.543,613.901,22.845
docvqa,1792,32,docvqa_49323,approximated,411.595,471.238,474.287,310.385,784.672,25.865,0.524544,162.151,229.269,234.049,544.434,25.865,157.001,223.386,226.441,536.826,25.865
docvqa,1792,32,docvqa_57517,approximated,378.737,438.125,440.663,180.184,620.847,20.02,0.610033,173.929,241.314,244.812,424.996,20.02,157.02,223.205,226.483,406.667,20.02
docvqa,1792,32,docvqa_49324,approximated,387.471,447.379,449.95,260.734,710.684,20.056,0.545208,157.602,223.772,226.203,486.937,20.056,156.948,223.329,226.438,487.172,20.056
docvqa,1792,32,docvqa_57519,approximated,424.673,484.111,486.653,252.297,738.95,25.23,0.574698,156.829,222.74,225.094,477.391,25.23,156.642,222.92,225.914,478.211,25.23
docvqa,1792,32,docvqa_49325,approximated,353.734,413.383,415.577,332.905,748.482,25.608,0.472602,160.065,226.576,230.094,562.999,25.608,156.68,222.853,225.236,558.141,25.608
docvqa,1792,32,docvqa_57521,approximated,418.734,478.725,481.543,343.258,824.801,26.404,0.507679,155.658,223.167,225.553,568.811,26.404,156.879,223.046,225.25,568.508,26.404
docvqa,1792,32,docvqa_49326,approximated,390.05,450.368,452.886,437.613,890.499,25.742,0.438013,167.762,233.954,236.253,673.866,25.742,156.504,222.575,224.799,662.412,25.742
docvqa,1792,32,docvqa_57523,approximated,349.395,409.094,411.588,395.34,806.928,26.356,0.432994,155.83,222.416,224.54,619.88,26.356,156.457,223.058,225.223,620.563,26.356
docvqa,1792,32,docvqa_57524,approximated,353.065,412.592,415.005,358.366,773.371,25.598,0.456528,157.533,223.548,225.713,584.079,25.598,156.649,223.09,225.784,584.15,25.598
docvqa,1792,32,docvqa_57525,approximated,349.311,783.241,785.682,600.053,1385.735,25.002,0.252076,171.47,239.198,242.474,842.527,25.002,156.678,224.361,226.813,826.866,25.002
docvqa,1792,32,docvqa_57526,approximated,416.212,475.756,478.056,248.913,726.969,24.891,0.572531,156.003,222.407,224.639,473.552,24.891,156.531,222.824,225.193,474.106,24.891
docvqa,1792,32,docvqa_57527,approximated,528.436,588.166,590.916,428.29,1019.206,25.194,0.518478,156.802,223.067,225.363,653.653,25.194,156.491,222.628,224.925,653.215,25.194
docvqa,1792,32,docvqa_57528,approximated,411.517,471.398,475.104,733.191,1208.295,27.155,0.340577,158.86,225.038,227.342,960.533,27.155,156.559,223.695,226.024,959.215,27.155
docvqa,1792,32,docvqa_57529,approximated,351.23,410.553,412.945,697.183,1110.128,24.041,0.316387,155.39,221.712,223.957,921.14,24.041,156.871,223.403,225.721,922.904,24.041
docvqa,1792,32,docvqa_57530,approximated,434.182,494.595,497.556,235.64,733.196,23.564,0.592178,156.822,223.005,225.608,461.248,23.564,156.93,228.958,233.17,468.81,23.564
docvqa,1792,32,docvqa_57531,approximated,389.612,449.838,452.469,390.962,843.431,26.064,0.461938,156.38,222.897,225.508,616.47,26.064,156.732,223.545,226.348,617.31,26.064
docvqa,1792,32,docvqa_57532,approximated,396.423,890.48,892.888,501.494,1394.382,22.795,0.2843,154.887,222.948,225.515,727.009,22.795,156.567,224.634,227.043,728.537,22.795
docvqa,1792,32,docvqa_57533,approximated,354.748,414.236,416.623,482.931,899.554,26.829,0.39436,155.831,225.909,228.281,711.212,26.829,156.611,222.827,225.776,708.707,26.829
docvqa,1792,32,docvqa_16568,approximated,388.376,448.365,450.759,222.642,673.401,22.264,0.576737,155.422,222.793,225.426,448.068,22.264,156.642,222.901,225.158,447.8,22.264
docvqa,1792,32,docvqa_16574,approximated,398.59,458.175,460.631,557.699,1018.33,22.308,0.391415,157.326,223.977,226.349,784.048,22.308,156.768,224.888,227.803,785.502,22.308
docvqa,1792,32,docvqa_57537,approximated,381.116,440.692,442.905,448.497,891.402,23.605,0.427547,156.93,223.254,225.828,674.325,23.605,156.648,223.042,225.466,673.963,23.605
docvqa,1792,32,docvqa_57539,approximated,400.67,460.386,462.657,475.222,937.879,25.012,0.427209,160.069,226.474,229.116,704.338,25.012,156.62,223.589,225.909,701.131,25.012
docvqa,1792,32,docvqa_57540,approximated,401.298,461.048,463.483,472.069,935.552,24.846,0.428942,155.626,223.211,225.902,697.971,24.846,156.814,223.088,225.853,697.922,24.846
docvqa,1792,32,docvqa_57543,approximated,401.409,461.37,463.823,472.84,936.663,24.886,0.428552,155.437,223.047,225.682,698.522,24.886,156.734,227.301,229.776,702.616,24.886
docvqa,1792,32,docvqa_57550,approximated,373.061,432.548,435.41,211.148,646.558,26.393,0.576996,155.395,222.022,225.09,436.238,26.393,157.061,223.674,227.255,438.403,26.393
docvqa,1792,32,docvqa_49361,approximated,369.829,429.235,431.583,271.977,703.56,27.198,0.525654,161.976,230.166,232.66,504.637,27.198,156.74,223.098,225.567,497.544,27.198
docvqa,1792,32,docvqa_49362,approximated,362.587,422.443,425.641,396.269,821.91,23.31,0.441152,155.377,222.107,224.489,620.758,23.31,156.635,223.037,225.274,621.543,23.31
docvqa,1792,32,docvqa_57557,approximated,390.806,450.454,453.04,609.628,1062.668,24.385,0.367759,166.093,238.749,242.888,852.516,24.385,156.518,223.122,225.481,835.109,24.385
docvqa,1792,32,docvqa_49366,approximated,394.952,454.509,456.989,346.882,803.871,24.777,0.491313,174.92,243.842,246.629,593.511,24.777,156.612,227.613,229.86,576.742,24.777
docvqa,1792,32,docvqa_32984,approximated,442.386,502.002,505.533,364.741,870.274,21.455,0.50833,155.444,223.147,225.83,590.571,21.455,156.659,222.916,225.065,589.806,21.455
docvqa,1792,32,docvqa_49369,approximated,383.195,442.711,445.497,232.536,678.033,21.14,0.565156,154.973,221.203,223.493,456.029,21.14,156.65,227.721,229.805,462.341,21.14
docvqa,1792,32,docvqa_57562,approximated,380.023,439.799,442.175,212.031,654.206,21.203,0.580893,157.335,223.729,226.433,438.464,21.203,157.013,223.06,226.045,438.076,21.203
docvqa,1792,32,docvqa_32986,approximated,375.875,435.508,437.914,393.901,831.815,23.171,0.451873,159.422,227.064,229.39,623.291,23.171,156.56,223.069,225.654,619.555,23.171
docvqa,1792,32,docvqa_57564,approximated,367.795,427.393,430.212,815.123,1245.335,26.294,0.295338,155.534,221.72,224.455,1039.578,26.294,156.789,223.081,225.549,1040.672,26.294
docvqa,1792,32,docvqa_49373,approximated,406.975,467.469,469.883,358.484,828.367,25.606,0.491298,159.167,225.684,227.944,586.428,25.606,157.785,224.204,227.621,586.105,25.606
docvqa,1792,32,docvqa_16606,approximated,351.739,410.989,413.553,204.57,618.123,20.457,0.569043,158.659,224.75,228.27,432.84,20.457,157.159,224.431,227.997,432.567,20.457
docvqa,1792,32,docvqa_223,approximated,352.844,412.53,414.824,273.107,687.931,21.008,0.512905,155.166,221.196,223.489,496.596,21.008,157.022,225.004,227.582,500.689,21.008
docvqa,1792,32,docvqa_224,approximated,380.809,440.358,442.735,308.305,751.04,20.554,0.507041,156.439,222.581,224.805,533.11,20.554,156.317,222.767,225.365,533.67,20.554
docvqa,1792,32,docvqa_16609,approximated,421.361,481.031,483.464,359.184,842.648,21.128,0.500044,154.866,221.618,224.11,583.294,21.128,157.015,223.489,225.85,585.034,21.128
docvqa,1792,32,docvqa_57566,approximated,383.585,443.223,445.672,371.689,817.361,23.231,0.469296,155.922,222.294,224.605,596.294,23.231,156.69,225.857,228.16,599.849,23.231
docvqa,1792,32,docvqa_16611,approximated,386.05,445.501,447.953,385.136,833.089,20.27,0.463395,155.561,221.67,224.091,609.227,20.27,158.95,228.668,231.143,616.279,20.27
docvqa,1792,32,docvqa_49376,approximated,378.221,437.949,440.379,248.279,688.658,20.69,0.549216,156.01,222.438,224.763,473.042,20.69,156.724,223.336,226.172,474.451,20.69
docvqa,1792,32,docvqa_49381,approximated,423.431,483.531,485.926,361.286,847.212,22.58,0.499793,157.833,224.744,227.307,588.593,22.58,157.262,223.772,226.178,587.464,22.58
docvqa,1792,32,docvqa_32989,approximated,385.391,445.841,448.296,412.823,861.119,25.801,0.447547,155.786,222.178,224.605,637.428,25.801,156.613,223.27,225.534,638.357,25.801
docvqa,1792,32,docvqa_231,approximated,375.846,435.654,438.17,344.167,782.337,22.944,0.480415,155.48,221.789,224.51,568.677,22.944,156.053,222.431,225.183,569.35,22.944
docvqa,1792,32,docvqa_232,approximated,350.072,410.052,412.917,322.007,734.924,20.125,0.476338,159.716,225.988,228.272,550.279,20.125,156.92,224.0,227.094,549.101,20.125
docvqa,1792,32,docvqa_32994,approximated,445.669,505.763,508.215,369.056,877.271,23.066,0.508018,163.556,229.927,233.253,602.309,23.066,156.541,223.21,225.737,594.793,23.066
docvqa,1792,32,docvqa_234,approximated,454.142,514.462,517.436,727.085,1244.521,23.454,0.364913,155.093,221.31,223.651,950.736,23.454,156.388,222.683,225.127,952.212,23.454
docvqa,1792,32,docvqa_4931,approximated,626.226,686.574,689.207,446.911,1136.118,22.346,0.551198,158.277,224.458,226.717,673.628,22.346,156.684,223.19,225.71,672.621,22.346
docvqa,1792,32,docvqa_32995,approximated,396.993,457.86,460.437,416.244,876.681,26.015,0.452837,155.574,222.234,224.45,640.694,26.015,156.546,222.902,225.37,641.614,26.015
docvqa,1792,32,docvqa_237,approximated,359.204,418.555,421.258,387.213,808.471,22.777,0.444301,158.302,227.614,230.239,617.452,22.777,156.732,223.008,225.688,612.901,22.777
docvqa,1792,32,docvqa_49390,approximated,352.147,411.994,414.38,146.296,560.676,20.899,0.628076,187.345,254.427,257.317,403.613,20.899,156.879,223.667,226.488,372.784,20.899
docvqa,1792,32,docvqa_49391,approximated,419.209,478.885,481.801,473.364,955.165,21.517,0.438886,156.468,222.819,225.665,699.029,21.517,157.556,505.493,509.303,982.667,21.517
docvqa,1792,32,docvqa_49392,approximated,385.051,444.545,447.218,248.35,695.568,20.696,0.553578,157.076,231.342,233.792,482.142,20.696,156.622,222.609,225.213,473.563,20.696
docvqa,1792,32,docvqa_49393,approximated,354.738,414.335,417.349,436.329,853.678,25.666,0.41554,155.75,223.83,226.221,662.55,25.666,156.691,223.407,226.14,662.469,25.666
docvqa,1792,32,docvqa_49394,approximated,376.899,436.403,440.528,307.337,747.865,20.489,0.503967,154.527,220.461,222.666,530.003,20.489,157.696,223.92,226.682,534.019,20.489
docvqa,1792,32,docvqa_49395,approximated,446.128,505.802,508.063,382.64,890.703,20.139,0.500871,160.243,226.279,229.474,612.114,20.139,156.698,223.007,225.413,608.053,20.139
docvqa,1792,32,docvqa_49396,approximated,427.08,487.828,490.599,468.561,959.16,22.312,0.445264,185.354,257.763,261.259,729.82,22.312,157.006,224.251,227.447,696.008,22.312
docvqa,1792,32,docvqa_49397,approximated,419.486,479.032,481.648,388.839,870.487,25.923,0.481898,155.508,224.345,226.828,615.667,25.923,156.789,229.358,231.956,620.795,25.923
docvqa,1792,32,docvqa_49398,approximated,394.984,454.582,457.02,327.811,784.831,25.216,0.503273,176.993,245.543,248.392,576.203,25.216,156.366,229.357,231.587,559.398,25.216
docvqa,1792,32,docvqa_49399,approximated,398.274,458.258,460.729,221.547,682.276,22.155,0.583744,157.837,225.074,227.871,449.418,22.155,156.464,222.467,224.761,446.308,22.155
docvqa,1792,32,docvqa_49400,approximated,384.8,445.1,447.404,636.437,1083.841,25.457,0.355033,154.931,221.614,224.464,860.901,25.457,156.348,222.577,224.747,861.184,25.457
docvqa,1792,32,docvqa_49401,approximated,382.439,442.949,445.213,412.522,857.735,25.783,0.445871,157.468,231.212,233.892,646.414,25.783,156.559,230.617,232.932,645.454,25.783
docvqa,1792,32,docvqa_49402,approximated,354.743,414.782,417.265,733.728,1150.993,24.458,0.308206,157.696,228.15,231.082,964.81,24.458,156.678,222.571,224.709,958.437,24.458
docvqa,1792,32,docvqa_49403,approximated,374.858,434.397,436.77,213.13,649.9,23.681,0.576793,155.477,221.762,224.175,437.305,23.681,156.661,223.342,225.578,438.708,23.681
docvqa,1792,32,docvqa_49404,approximated,414.57,474.52,477.454,584.234,1061.688,24.343,0.390482,158.492,224.889,227.515,811.749,24.343,156.579,223.016,225.415,809.649,24.343
docvqa,1792,32,docvqa_254,approximated,377.338,436.793,439.437,346.617,786.054,20.389,0.480041,154.858,221.056,223.482,570.099,20.389,156.414,223.172,225.463,572.08,20.389
docvqa,1792,32,docvqa_255,approximated,348.505,408.01,410.992,331.514,742.506,22.101,0.469363,159.192,225.497,227.818,559.332,22.101,156.526,222.766,224.952,556.466,22.101
docvqa,1792,32,docvqa_256,approximated,374.367,434.137,436.394,413.113,849.507,22.951,0.440688,163.058,229.471,232.642,645.755,22.951,156.564,223.986,226.132,639.245,22.951
docvqa,1792,32,docvqa_49406,approximated,393.793,453.161,455.502,316.318,771.82,21.088,0.510214,157.51,223.469,225.731,542.049,21.088,156.591,223.05,225.205,541.523,21.088
docvqa,1792,32,docvqa_265,approximated,406.601,466.469,468.802,750.037,1218.839,24.195,0.333597,156.715,224.515,226.738,976.775,24.195,156.557,222.651,224.876,974.913,24.195
docvqa,1792,32,docvqa_266,approximated,403.83,463.466,466.108,452.611,918.719,28.288,0.439557,154.886,221.356,223.873,676.484,28.288,156.552,224.673,226.901,679.512,28.288
docvqa,1792,32,docvqa_267,approximated,352.586,413.071,415.716,604.43,1020.146,23.247,0.345623,165.517,234.152,236.929,841.359,23.247,156.608,222.826,225.121,829.551,23.247
docvqa,1792,32,docvqa_271,approximated,344.718,404.358,406.661,429.03,835.691,26.814,0.412495,172.182,238.64,242.545,671.575,26.814,157.191,223.556,226.448,655.478,26.814
docvqa,1792,32,docvqa_49432,approximated,373.581,433.734,436.527,793.357,1229.884,25.592,0.303753,156.073,222.12,224.471,1017.828,25.592,156.731,223.257,225.489,1018.846,25.592
docvqa,1792,32,docvqa_283,approximated,385.89,445.544,449.109,424.957,874.066,20.236,0.441489,170.582,236.946,240.315,665.272,20.236,156.684,222.947,225.584,650.541,20.236
docvqa,1792,32,docvqa_284,approximated,370.678,430.341,432.591,652.404,1084.995,23.3,0.341641,157.641,223.805,226.25,878.654,23.3,156.639,223.885,226.14,878.544,23.3
docvqa,1792,32,docvqa_285,approximated,347.763,408.148,410.378,364.541,774.919,24.303,0.448774,159.875,226.196,228.568,593.109,24.303,156.941,224.624,227.018,591.559,24.303
docvqa,1792,32,docvqa_49437,approximated,342.421,402.288,404.569,289.067,693.636,20.648,0.493661,156.373,222.941,225.532,514.599,20.648,156.543,222.942,225.398,514.465,20.648
docvqa,1792,32,docvqa_49442,approximated,363.121,422.968,429.762,296.644,726.406,21.189,0.499887,157.76,226.367,228.944,525.588,21.189,158.455,230.088,232.389,529.033,21.189
docvqa,1792,32,docvqa_292,approximated,343.569,403.138,405.507,658.11,1063.617,23.504,0.323019,158.526,225.085,227.805,885.915,23.504,156.401,222.875,225.359,883.469,23.504
docvqa,1792,32,docvqa_296,approximated,384.072,444.125,446.336,400.412,846.748,28.601,0.453585,154.943,221.197,223.703,624.115,28.601,156.577,224.657,227.16,627.572,28.601
docvqa,1792,32,docvqa_297,approximated,368.932,428.933,431.639,446.15,877.789,27.884,0.420297,163.048,238.293,240.693,686.843,27.884,156.436,222.886,225.44,671.59,27.884
docvqa,1792,32,docvqa_298,approximated,343.8,403.567,406.834,261.053,667.887,23.732,0.514757,155.677,221.768,223.955,485.008,23.732,156.616,224.127,226.618,487.671,23.732
docvqa,1792,32,docvqa_49449,approximated,379.525,439.319,441.594,331.574,773.168,20.723,0.490871,158.116,224.209,226.67,558.244,20.723,156.706,223.487,225.986,557.56,20.723
docvqa,1792,32,docvqa_300,approximated,406.124,466.544,468.986,451.889,920.875,23.784,0.441019,158.277,224.544,226.923,678.812,23.784,156.542,223.31,225.637,677.526,23.784
docvqa,1792,32,docvqa_49454,approximated,524.598,584.437,586.787,482.109,1068.896,25.374,0.490785,155.812,222.315,224.485,706.594,25.374,156.636,223.091,225.363,707.472,25.374
docvqa,1792,32,docvqa_303,approximated,414.39,474.143,476.737,378.538,855.275,23.659,0.484511,170.052,236.746,239.904,618.442,23.659,156.625,223.673,226.003,604.541,23.659
docvqa,1792,32,docvqa_304,approximated,356.098,415.749,419.037,661.052,1080.089,24.483,0.329693,156.092,222.996,225.54,886.592,24.483,155.987,222.287,224.803,885.855,24.483
docvqa,1792,32,docvqa_305,approximated,366.753,426.549,428.914,486.082,914.996,27.005,0.400825,163.308,229.691,233.285,719.367,27.005,156.573,222.904,225.425,711.507,27.005
docvqa,1792,32,docvqa_49455,approximated,341.094,400.714,403.134,726.125,1129.259,23.423,0.302051,155.93,222.178,224.616,950.741,23.423,156.775,223.169,225.857,951.982,23.423
docvqa,1792,32,docvqa_307,approximated,426.912,486.681,489.628,304.203,793.831,20.28,0.537787,157.518,224.18,226.427,530.63,20.28,156.626,223.678,226.468,530.671,20.28
docvqa,1792,32,docvqa_49461,approximated,378.447,438.981,441.308,484.224,925.532,25.485,0.408896,156.601,222.767,224.925,709.149,25.485,156.481,222.689,225.109,709.333,25.485
docvqa,1792,32,docvqa_49465,approximated,348.433,407.823,410.2,476.982,887.182,22.713,0.392741,156.887,224.939,227.217,704.199,22.713,156.602,231.107,233.675,710.657,22.713
docvqa,1792,32,docvqa_317,approximated,341.275,400.595,402.94,204.834,607.774,20.483,0.561516,158.192,231.118,233.467,438.301,20.483,156.702,225.092,228.466,433.3,20.483
docvqa,1792,32,docvqa_319,approximated,363.959,423.643,425.972,500.833,926.805,23.849,0.392703,157.249,223.497,225.91,726.743,23.849,156.507,222.564,224.835,725.668,23.849
docvqa,1792,32,docvqa_320,approximated,445.632,505.225,509.124,762.113,1271.237,24.584,0.35055,158.155,224.317,226.603,988.716,24.584,156.772,223.557,226.035,988.148,24.584
docvqa,1792,32,docvqa_321,approximated,343.383,403.041,405.43,732.26,1137.69,23.621,0.301825,155.269,221.602,223.983,956.243,23.621,156.847,226.52,228.88,961.14,23.621
docvqa,1792,32,docvqa_345,approximated,391.641,451.306,453.584,325.176,778.76,27.098,0.502904,155.86,221.807,224.146,549.322,27.098,156.537,222.771,225.662,550.838,27.098
docvqa,1792,32,docvqa_346,approximated,376.352,436.119,438.853,630.73,1069.583,24.259,0.351868,155.784,222.488,225.034,855.764,24.259,156.685,226.98,229.479,860.209,24.259
docvqa,1792,32,docvqa_347,approximated,375.389,435.312,438.836,674.477,1113.313,28.103,0.337182,157.344,225.688,228.17,902.647,28.103,156.727,222.837,225.095,899.572,28.103
docvqa,1792,32,docvqa_348,approximated,358.962,418.53,420.981,542.375,963.356,27.119,0.372616,159.991,226.505,228.934,771.309,27.119,157.007,223.156,226.685,769.06,27.119
docvqa,1792,32,docvqa_6943,approximated,351.382,410.824,413.119,427.354,840.473,26.71,0.418076,157.907,224.146,226.579,653.933,26.71,156.472,222.749,225.077,652.431,26.71
docvqa,1792,32,docvqa_357,approximated,404.013,463.909,466.802,272.744,739.546,22.729,0.546298,157.823,224.302,226.508,499.252,22.729,156.624,222.664,224.963,497.707,22.729
docvqa,1792,32,docvqa_358,approximated,387.429,447.149,449.77,351.713,801.483,23.447,0.483391,158.473,225.964,228.376,580.089,23.447,156.451,223.644,225.845,577.558,23.447
docvqa,1792,32,docvqa_359,approximated,352.504,412.102,415.25,373.724,788.974,23.358,0.446788,155.877,222.422,224.63,598.354,23.358,156.414,222.749,225.446,599.17,23.358
docvqa,1792,32,docvqa_360,approximated,387.663,447.626,450.039,452.022,902.061,22.601,0.429753,160.072,227.079,229.594,681.616,22.601,156.665,222.998,225.286,677.308,22.601
docvqa,1792,32,docvqa_361,approximated,374.718,434.867,437.28,793.835,1231.115,25.608,0.304373,155.005,221.154,223.478,1017.313,25.608,156.581,222.874,225.628,1019.463,25.608
docvqa,1792,32,docvqa_362,approximated,411.194,471.515,474.076,527.753,1001.829,25.131,0.410443,155.945,222.299,224.49,752.243,25.131,156.656,223.04,225.716,753.469,25.131
docvqa,1792,32,docvqa_363,approximated,400.62,460.741,463.238,513.178,976.416,28.51,0.410296,157.923,224.368,226.72,739.898,28.51,157.374,224.395,228.062,741.24,28.51
docvqa,1792,32,docvqa_364,approximated,342.493,402.896,405.359,779.616,1184.975,25.149,0.289029,157.884,226.213,228.423,1008.039,25.149,160.22,226.904,230.369,1009.985,25.149
docvqa,1792,32,docvqa_365,approximated,403.803,463.685,466.345,640.979,1107.324,25.639,0.364666,156.548,225.751,228.629,869.608,25.639,156.656,223.547,226.034,867.013,25.639
docvqa,1792,32,docvqa_8560,approximated,400.066,459.864,462.309,478.855,941.164,25.203,0.425076,156.316,224.532,226.939,705.794,25.203,156.903,223.216,226.094,704.949,25.203
docvqa,1792,32,docvqa_4958,approximated,369.924,429.967,433.413,379.278,812.691,23.705,0.455183,156.77,230.112,232.903,612.181,23.705,156.547,222.78,225.227,604.505,23.705
docvqa,1792,32,docvqa_8565,approximated,393.901,453.617,456.7,596.081,1052.781,22.926,0.374153,155.095,225.359,227.659,823.74,22.926,156.79,223.328,225.801,821.882,22.926
docvqa,1792,32,docvqa_4959,approximated,403.259,463.118,466.371,139.633,606.004,27.927,0.665439,157.725,224.447,227.246,366.879,27.927,156.705,222.993,225.507,365.14,27.927
docvqa,1792,32,docvqa_375,approximated,349.167,408.889,411.272,532.694,943.966,23.161,0.369894,177.994,244.701,248.661,781.355,23.161,156.73,223.083,225.604,758.298,23.161
docvqa,1792,32,docvqa_376,approximated,408.214,468.074,471.81,549.933,1021.743,24.997,0.399527,158.227,224.609,227.261,777.194,24.997,156.341,222.503,225.245,775.178,24.997
docvqa,1792,32,docvqa_377,approximated,352.826,412.11,414.533,234.57,649.103,21.325,0.543559,169.528,235.716,239.293,473.863,21.325,156.631,222.703,225.102,459.672,21.325
docvqa,1792,32,docvqa_49528,approximated,383.905,443.553,445.922,164.324,610.246,20.541,0.629098,157.113,223.446,226.046,390.37,20.541,156.517,222.853,225.317,389.641,20.541
docvqa,1792,32,docvqa_49530,approximated,372.336,432.436,435.486,223.615,659.101,27.952,0.564915,157.209,223.807,226.156,449.771,27.952,156.566,223.025,225.512,449.127,27.952
docvqa,1792,32,docvqa_49532,approximated,400.543,460.345,468.906,461.879,930.785,27.169,0.430328,157.153,225.393,227.67,689.549,27.169,156.711,222.658,224.965,686.844,27.169
docvqa,1792,32,docvqa_24499,approximated,392.723,452.759,456.191,745.12,1201.311,24.036,0.326912,160.44,226.943,229.319,974.439,24.036,156.524,222.536,224.833,969.953,24.036
docvqa,1792,32,docvqa_49534,approximated,519.325,578.927,581.296,467.883,1049.179,24.625,0.494983,155.492,221.767,224.499,692.382,24.625,156.674,222.878,225.582,693.465,24.625
docvqa,1792,32,docvqa_383,approximated,370.894,430.61,433.099,765.091,1198.19,24.68,0.309545,157.925,224.227,226.827,991.918,24.68,156.674,223.616,225.911,991.002,24.68
docvqa,1792,32,docvqa_384,approximated,351.053,411.191,414.016,651.43,1065.446,21.014,0.329489,155.442,221.748,224.342,875.772,21.014,156.55,222.747,225.338,876.768,21.014
docvqa,1792,32,docvqa_385,approximated,373.097,432.639,434.99,750.626,1185.616,24.214,0.314686,168.637,235.623,238.558,989.184,24.214,157.121,223.721,226.407,977.033,24.214
docvqa,1792,32,docvqa_49536,approximated,387.138,447.976,450.688,781.103,1231.791,25.197,0.314288,155.323,221.902,224.315,1005.418,25.197,156.541,222.701,225.397,1006.5,25.197
docvqa,1792,32,docvqa_24500,approximated,405.633,465.519,468.397,736.23,1204.627,23.749,0.336729,158.956,227.324,230.039,966.269,23.749,156.659,222.671,224.985,961.215,23.749
docvqa,1792,32,docvqa_33153,approximated,407.935,467.571,470.165,571.062,1041.227,23.794,0.391783,166.787,233.192,236.67,807.732,23.794,156.542,222.628,225.277,796.339,23.794
docvqa,1792,32,docvqa_57733,approximated,365.298,425.408,427.965,527.604,955.569,22.939,0.382283,160.284,227.028,229.409,757.013,22.939,156.52,223.101,225.601,753.205,22.939
docvqa,1792,32,docvqa_49542,approximated,396.906,457.06,459.347,423.106,882.453,24.889,0.449776,156.391,222.494,224.812,647.918,24.889,156.71,222.977,225.17,648.276,24.889
docvqa,1792,32,docvqa_33158,approximated,371.37,431.316,434.078,275.212,709.29,27.521,0.52358,156.727,223.393,225.688,500.9,27.521,156.352,222.418,224.568,499.78,27.521
docvqa,1792,32,docvqa_49544,approximated,454.943,514.529,517.152,729.679,1246.831,24.323,0.36488,161.779,235.084,237.365,967.044,24.323,158.109,225.006,228.053,957.732,24.323
docvqa,1792,32,docvqa_58694,approximated,343.782,403.28,405.604,390.202,795.806,20.537,0.431992,157.834,223.837,226.06,616.262,20.537,156.497,222.939,225.095,615.297,20.537
docvqa,1792,32,docvqa_49546,approximated,379.237,439.661,442.281,783.478,1225.759,25.273,0.30939,159.109,225.441,228.027,1011.505,25.273,156.545,223.204,225.5,1008.978,25.273
docvqa,1792,32,docvqa_395,approximated,387.499,447.296,449.866,291.222,741.088,26.475,0.522879,168.643,235.499,240.69,531.912,26.475,156.631,224.628,226.953,518.175,26.475
docvqa,1792,32,docvqa_396,approximated,357.96,417.663,419.944,555.849,975.793,26.469,0.36684,155.524,221.566,223.821,779.67,26.469,156.4,224.117,226.401,782.25,26.469
docvqa,1792,32,docvqa_397,approximated,357.972,417.674,419.947,505.124,925.071,24.054,0.386967,156.923,223.2,225.411,730.535,24.054,158.513,225.284,229.558,734.682,24.054
docvqa,1792,32,docvqa_49550,approximated,398.981,458.519,460.847,730.638,1191.485,23.569,0.33486,156.745,223.666,226.317,956.955,23.569,158.719,230.833,233.164,963.802,23.569
docvqa,1792,32,docvqa_58695,approximated,401.972,461.925,464.294,517.89,982.184,22.517,0.409263,157.093,225.664,228.112,746.002,22.517,156.626,224.005,226.289,744.179,22.517
docvqa,1792,32,docvqa_398,approximated,399.208,459.01,461.457,297.248,758.705,22.865,0.52617,155.866,222.23,224.807,522.055,22.865,156.425,222.823,225.057,522.305,22.865
docvqa,1792,32,docvqa_49555,approximated,371.342,431.259,433.787,748.621,1182.408,24.149,0.314055,159.734,229.642,232.173,980.794,24.149,156.757,223.238,226.431,975.052,24.149
docvqa,1792,32,docvqa_16789,approximated,353.547,412.961,415.605,551.908,967.513,22.996,0.365418,155.375,221.696,223.988,775.896,22.996,156.61,230.027,232.512,784.42,22.996
docvqa,1792,32,docvqa_407,approximated,369.484,429.447,432.195,319.8,751.995,24.6,0.491338,157.374,223.981,226.482,546.282,24.6,156.417,222.764,225.216,545.016,24.6
docvqa,1792,32,docvqa_49560,approximated,374.27,434.306,436.775,550.317,987.092,20.382,0.379165,160.011,226.24,228.745,779.062,20.382,156.661,223.355,226.352,776.669,20.382
docvqa,1792,32,docvqa_408,approximated,413.995,473.881,476.209,349.743,825.952,24.982,0.501234,155.48,492.037,494.337,844.08,24.982,156.548,223.924,226.637,576.38,24.982
docvqa,1792,32,docvqa_409,approximated,356.382,416.594,419.173,447.491,866.664,21.309,0.411212,157.533,223.673,225.903,673.394,21.309,156.439,224.177,226.721,674.212,21.309
docvqa,1792,32,docvqa_24505,approximated,379.133,438.915,441.271,405.253,846.524,25.328,0.447871,166.433,232.534,235.894,641.147,25.328,156.707,223.771,226.179,631.432,25.328
docvqa,1792,32,docvqa_410,approximated,395.794,455.614,458.113,579.821,1037.934,22.301,0.381328,155.467,221.624,223.997,803.818,22.301,156.699,223.318,231.21,811.031,22.301
docvqa,1792,32,docvqa_49565,approximated,398.936,459.054,461.736,306.736,768.472,25.561,0.519129,156.044,222.216,224.748,531.484,25.561,158.138,224.28,226.719,533.455,25.561
docvqa,1792,32,docvqa_16801,approximated,348.416,407.809,410.647,222.404,633.051,24.712,0.550375,165.039,231.009,233.616,456.02,24.712,156.516,225.403,227.815,450.219,24.712
docvqa,1792,32,docvqa_49569,approximated,345.169,404.754,407.12,265.668,672.788,20.436,0.513042,157.034,229.861,233.309,498.977,20.436,156.545,222.756,225.151,490.819,20.436
docvqa,1792,32,docvqa_57765,approximated,371.962,431.787,434.599,454.1,888.699,22.705,0.418546,155.753,221.907,224.246,678.346,22.705,156.672,222.924,225.177,679.277,22.705
docvqa,1792,32,docvqa_57766,approximated,387.18,446.881,449.378,359.099,808.477,22.444,0.478901,156.411,225.265,227.846,586.945,22.444,156.865,223.188,225.997,585.096,22.444
docvqa,1792,32,docvqa_57767,approximated,384.821,445.152,447.494,282.577,730.071,21.737,0.527101,155.705,222.499,224.754,507.331,21.737,156.529,222.772,225.245,507.822,21.737
docvqa,1792,32,docvqa_58700,approximated,374.435,434.427,436.744,493.462,930.206,23.498,0.402529,156.587,222.755,225.046,718.508,23.498,156.979,223.287,225.891,719.353,23.498
docvqa,1792,32,docvqa_49574,approximated,357.977,417.471,419.816,407.215,827.031,21.432,0.432846,156.97,224.676,227.291,634.506,21.432,156.565,222.698,225.063,632.278,21.432
docvqa,1792,32,docvqa_57770,approximated,400.284,460.129,463.831,323.628,787.459,23.116,0.508323,156.869,223.093,225.519,549.147,23.116,156.683,223.038,225.553,549.181,23.116
docvqa,1792,32,docvqa_57771,approximated,373.85,433.549,436.109,767.766,1203.875,24.767,0.310539,167.93,234.871,238.117,1005.883,24.767,156.821,223.351,225.521,993.287,24.767
docvqa,1792,32,docvqa_49579,approximated,371.819,431.713,434.564,390.571,825.135,26.038,0.450616,176.288,242.578,253.172,643.743,26.038,156.863,223.162,225.903,616.474,26.038
docvqa,1792,32,docvqa_49577,approximated,575.171,635.294,638.181,285.71,923.891,25.974,0.622552,160.881,227.223,229.388,515.098,25.974,156.878,222.789,225.915,511.625,25.974
docvqa,1792,32,docvqa_49583,approximated,385.417,445.038,449.198,403.046,852.244,21.213,0.452238,157.181,223.714,226.087,629.133,21.213,156.571,223.219,225.438,628.484,21.213
docvqa,1792,32,docvqa_431,approximated,393.832,454.367,457.142,609.317,1066.459,22.567,0.36929,156.479,226.461,228.641,837.958,22.567,156.79,223.2,225.61,834.927,22.567
docvqa,1792,32,docvqa_58702,approximated,372.058,431.626,434.165,449.696,883.861,24.983,0.420946,169.667,236.104,242.224,691.92,24.983,156.242,222.572,224.936,674.632,24.983
docvqa,1792,32,docvqa_49586,approximated,360.92,420.585,423.164,752.67,1175.834,24.28,0.306948,155.292,221.587,224.28,976.95,24.28,156.762,230.166,232.696,985.366,24.28
docvqa,1792,32,docvqa_432,approximated,350.84,410.708,413.37,442.997,856.367,23.316,0.409684,158.728,225.141,227.745,670.742,23.316,157.053,223.311,225.756,668.753,23.316
docvqa,1792,32,docvqa_57780,approximated,356.333,415.958,418.465,376.198,794.663,23.512,0.448408,155.358,227.05,229.28,605.478,23.512,156.453,222.836,225.215,601.413,23.512
docvqa,1792,32,docvqa_57781,approximated,377.624,437.376,440.487,303.017,743.504,21.644,0.507898,157.262,229.962,232.193,535.21,21.644,156.677,223.431,225.95,528.967,21.644
docvqa,1792,32,docvqa_57782,approximated,360.864,421.361,423.908,690.919,1114.827,22.288,0.323695,154.608,220.663,222.815,913.734,22.288,158.111,228.122,232.662,923.581,22.288
docvqa,1792,32,docvqa_57783,approximated,381.632,441.701,444.715,407.834,852.549,23.99,0.447637,157.087,223.734,226.594,634.428,23.99,156.527,222.615,224.871,632.705,23.99
docvqa,1792,32,docvqa_57784,approximated,426.142,485.864,488.643,722.451,1211.094,23.305,0.351866,159.434,225.641,228.142,950.593,23.305,156.758,222.812,224.956,947.407,23.305
docvqa,1792,32,docvqa_433,approximated,390.979,450.653,453.171,364.082,817.253,20.227,0.478407,157.438,223.765,226.382,590.464,20.227,157.03,224.682,227.069,591.151,20.227
docvqa,1792,32,docvqa_16826,approximated,403.074,462.727,465.785,674.487,1140.272,21.758,0.35349,155.188,221.33,223.604,898.091,21.758,157.096,223.377,228.788,903.275,21.758
docvqa,1792,32,docvqa_57786,approximated,348.262,407.767,410.179,326.146,736.325,20.384,0.472973,157.719,224.098,227.001,553.147,20.384,156.936,224.552,227.565,553.711,20.384
docvqa,1792,32,docvqa_49595,approximated,382.517,442.229,444.572,557.582,1002.154,22.303,0.381694,155.208,221.569,223.989,781.571,22.303,156.648,226.749,229.956,787.538,22.303
docvqa,1792,32,docvqa_444,approximated,383.709,443.837,446.218,449.095,895.313,26.417,0.428575,154.342,220.497,222.748,671.843,26.417,156.597,222.962,225.234,674.329,26.417
docvqa,1792,32,docvqa_16830,approximated,343.306,402.88,405.574,490.549,896.123,22.298,0.383102,158.302,226.081,228.537,719.086,22.298,156.759,223.435,226.134,716.683,22.298
docvqa,1792,32,docvqa_16831,approximated,379.661,439.046,441.488,491.634,933.122,22.347,0.406872,173.035,239.686,243.17,734.804,22.347,157.11,223.191,226.469,718.103,22.347
docvqa,1792,32,docvqa_16832,approximated,387.734,447.576,450.159,321.582,771.741,21.439,0.502415,158.445,224.814,227.225,548.807,21.439,156.686,223.27,225.594,547.176,21.439
docvqa,1792,32,docvqa_57790,approximated,354.335,413.828,416.664,207.294,623.958,25.912,0.567883,157.498,223.463,225.971,433.265,25.912,156.608,222.841,225.069,432.363,25.912
docvqa,1792,32,docvqa_57791,approximated,375.311,435.059,437.76,639.425,1077.185,24.593,0.348419,155.99,228.297,230.555,869.98,24.593,156.829,223.368,226.13,865.555,24.593
docvqa,1792,32,docvqa_16835,approximated,372.87,432.682,435.129,533.713,968.842,28.09,0.384862,179.239,245.713,248.281,781.994,28.09,156.758,222.999,225.896,759.609,28.09
docvqa,1792,32,docvqa_450,approximated,381.625,441.413,443.817,358.602,802.419,25.614,0.475593,158.275,233.006,235.726,594.328,25.614,156.571,222.912,225.421,584.023,25.614
docvqa,1792,32,docvqa_16837,approximated,349.121,408.789,412.257,373.522,785.779,23.345,0.444299,156.543,222.727,225.21,598.732,23.345,156.577,226.655,229.059,602.581,23.345
docvqa,1792,32,docvqa_57798,approximated,500.741,560.615,562.87,671.15,1234.02,24.857,0.40578,167.085,233.374,236.491,907.641,24.857,156.947,223.37,226.51,897.66,24.857
docvqa,1792,32,docvqa_16839,approximated,435.589,495.267,498.055,456.337,954.392,25.352,0.456404,156.171,222.943,225.483,681.82,25.352,156.768,223.3,225.931,682.268,25.352
docvqa,1792,32,docvqa_57799,approximated,405.384,465.099,467.571,514.443,982.014,25.722,0.412809,172.416,240.31,242.958,757.401,25.722,156.793,223.251,225.676,740.119,25.722
docvqa,1792,32,docvqa_57800,approximated,406.071,466.542,469.097,761.052,1230.149,24.55,0.330099,156.41,228.585,230.9,991.952,24.55,156.735,226.406,228.747,989.799,24.55
docvqa,1792,32,docvqa_57801,approximated,404.399,464.41,466.819,484.346,951.165,25.492,0.425162,172.189,238.596,241.029,725.375,25.492,156.047,223.426,225.865,710.211,25.492
docvqa,1792,32,docvqa_57803,approximated,438.192,498.195,501.348,416.011,917.359,26.001,0.477667,172.642,238.689,242.058,658.069,26.001,160.101,232.502,234.948,650.959,26.001
docvqa,1792,32,docvqa_57804,approximated,382.105,441.919,444.239,182.85,627.089,20.317,0.609332,168.162,235.469,237.985,420.835,20.317,155.902,222.322,224.739,407.589,20.317
docvqa,1792,32,docvqa_57805,approximated,382.856,442.588,444.886,726.406,1171.292,23.432,0.326866,158.754,225.028,227.397,953.803,23.432,156.014,222.45,225.287,951.693,23.432
docvqa,1792,32,docvqa_49605,approximated,403.374,463.048,465.823,536.383,1002.206,26.819,0.402486,158.913,225.232,227.967,764.35,26.819,156.471,223.418,225.731,762.114,26.819
docvqa,1792,32,docvqa_57807,approximated,396.156,455.915,458.492,343.7,802.192,24.55,0.493842,155.336,223.825,226.348,570.048,24.55,159.9,226.909,230.179,573.879,24.55
docvqa,1792,32,docvqa_57808,approximated,358.569,418.071,420.308,394.59,814.898,24.662,0.440017,157.633,223.839,226.432,621.022,24.662,156.552,222.816,225.095,619.685,24.662
docvqa,1792,32,docvqa_49617,approximated,400.753,460.69,463.26,627.202,1090.462,25.088,0.367507,157.442,226.068,228.787,855.989,25.088,156.528,222.606,224.855,852.057,25.088
docvqa,1792,32,docvqa_57810,approximated,405.295,465.16,467.45,535.529,1002.979,24.342,0.404091,186.647,252.711,254.998,790.527,24.342,156.501,222.632,224.991,760.52,24.342
docvqa,1792,32,docvqa_41421,approximated,407.393,467.05,470.358,321.122,791.48,20.07,0.514722,155.73,221.93,224.221,545.343,20.07,157.38,223.959,227.592,548.714,20.07
docvqa,1792,32,docvqa_461,approximated,635.794,695.698,698.191,826.016,1524.207,26.646,0.417131,158.265,225.262,227.937,1053.953,26.646,156.538,223.513,226.138,1052.154,26.646
docvqa,1792,32,docvqa_463,approximated,372.37,432.146,434.629,768.257,1202.886,24.782,0.309564,158.832,229.257,231.898,1000.155,24.782,156.444,228.243,230.647,998.904,24.782
docvqa,1792,32,docvqa_4977,approximated,380.263,440.143,442.611,238.736,681.347,21.703,0.558105,158.108,224.418,226.76,465.496,21.703,163.963,231.453,234.84,473.576,21.703
docvqa,1792,32,docvqa_57815,approximated,376.874,436.579,439.003,426.082,865.085,25.064,0.43565,165.395,231.813,233.998,660.08,25.064,156.744,223.209,225.501,651.583,25.064
docvqa,1792,32,docvqa_4978,approximated,447.382,507.698,511.141,374.717,885.858,23.42,0.505026,156.707,222.969,225.151,599.868,23.42,156.54,222.925,225.207,599.924,23.42
docvqa,1792,32,docvqa_57817,approximated,426.549,864.365,867.049,758.499,1625.548,26.155,0.262403,156.647,224.964,227.367,985.866,26.155,156.537,229.347,231.827,990.326,26.155
docvqa,1792,32,docvqa_41434,approximated,428.427,488.597,491.545,308.393,799.938,23.723,0.535575,169.591,235.984,239.488,547.881,23.723,157.161,236.506,238.881,547.274,23.723
docvqa,1792,32,docvqa_57819,approximated,375.666,435.265,437.898,507.866,945.764,23.085,0.397209,160.176,227.654,230.36,738.226,23.085,156.549,222.887,225.132,732.998,23.085
docvqa,1792,32,docvqa_57820,approximated,381.481,441.264,443.932,298.892,742.824,22.992,0.513555,156.819,223.226,225.703,524.595,22.992,156.797,224.638,227.328,526.22,22.992
docvqa,1792,32,docvqa_57821,approximated,407.597,467.951,470.617,300.469,771.086,23.113,0.528601,154.975,221.274,223.597,524.066,23.113,156.636,223.767,226.26,526.729,23.113
docvqa,1792,32,docvqa_57822,approximated,417.798,478.386,481.15,515.114,996.264,23.414,0.419365,155.257,221.607,223.949,739.063,23.414,156.467,222.786,225.226,740.34,23.414
docvqa,1792,32,docvqa_57823,approximated,375.714,435.669,439.134,412.491,851.625,25.781,0.441173,155.828,222.114,224.842,637.333,25.781,156.597,224.609,227.188,639.679,25.781
docvqa,1792,32,docvqa_49629,approximated,381.893,442.128,445.015,379.464,824.479,25.298,0.463193,157.906,224.712,227.195,606.659,25.298,156.845,223.652,226.208,605.672,25.298
docvqa,1792,32,docvqa_57825,approximated,355.6,415.231,417.753,361.44,779.193,25.817,0.456369,156.008,222.472,224.962,586.402,25.817,156.787,225.032,227.497,588.937,25.817
docvqa,1792,32,docvqa_57826,approximated,362.095,421.778,424.523,329.788,754.311,21.986,0.480034,159.269,228.092,230.923,560.711,21.986,157.124,223.45,227.555,557.343,21.986
docvqa,1792,32,docvqa_57827,approximated,388.252,447.936,451.692,458.691,910.383,22.935,0.426471,158.144,224.484,227.002,685.693,22.935,157.212,223.633,227.008,685.699,22.935
docvqa,1792,32,docvqa_476,approximated,401.247,460.937,463.378,204.901,668.279,22.767,0.600419,156.568,222.622,225.156,430.057,22.767,156.7,223.342,225.806,430.707,22.767
docvqa,1792,32,docvqa_4980,approximated,380.334,440.005,442.35,707.363,1149.713,26.199,0.330808,178.264,246.259,249.717,957.08,26.199,156.681,224.143,226.729,934.092,26.199
docvqa,1792,32,docvqa_57833,approximated,372.457,431.975,434.476,205.912,640.388,25.739,0.581612,156.303,222.571,224.852,430.764,25.739,156.697,224.088,226.391,432.303,25.739
docvqa,1792,32,docvqa_41449,approximated,353.127,412.732,415.175,342.206,757.381,21.388,0.466247,158.897,226.543,228.975,571.181,21.388,156.636,223.888,226.518,568.724,21.388
docvqa,1792,32,docvqa_57835,approximated,381.652,441.691,444.831,392.527,837.358,24.533,0.455781,166.818,233.522,236.766,629.293,24.533,156.699,229.389,232.066,624.593,24.533
docvqa,1792,32,docvqa_57836,approximated,410.842,470.676,473.554,253.981,727.535,23.089,0.564705,156.798,224.056,226.493,480.474,23.089,156.8,223.008,225.845,479.826,23.089
docvqa,1792,32,docvqa_57837,approximated,434.752,494.477,497.288,252.615,749.903,22.965,0.579745,156.401,224.224,227.213,479.828,22.965,156.61,224.316,227.14,479.755,22.965
docvqa,1792,32,docvqa_57838,approximated,349.117,408.786,411.274,234.307,645.581,26.034,0.540779,158.826,225.336,228.013,462.32,26.034,156.766,225.109,227.719,462.026,26.034
docvqa,1792,32,docvqa_49643,approximated,348.2,407.925,410.775,525.216,935.991,22.835,0.372012,157.991,224.264,226.797,752.013,22.835,156.579,222.619,224.953,750.169,22.835
docvqa,1792,32,docvqa_57841,approximated,353.207,412.867,415.535,181.926,597.461,20.214,0.591181,157.062,223.639,226.34,408.266,20.214,156.592,223.055,225.835,407.761,20.214
docvqa,1792,32,docvqa_57843,approximated,355.326,415.037,418.054,183.669,601.723,20.408,0.590514,156.795,222.857,225.173,408.842,20.408,156.756,223.269,225.92,409.589,20.408
docvqa,1792,32,docvqa_57844,approximated,370.479,430.162,432.801,615.454,1048.255,24.618,0.353425,158.595,225.06,227.257,842.711,24.618,157.046,223.762,226.872,842.326,24.618
docvqa,1792,32,docvqa_57845,approximated,370.118,429.511,432.049,440.911,872.96,24.495,0.42398,159.896,227.457,229.991,670.902,24.495,156.59,223.474,225.995,666.906,24.495
docvqa,1792,32,docvqa_57853,approximated,403.798,463.363,465.96,370.602,836.562,23.163,0.482688,171.999,238.051,243.134,613.736,23.163,157.117,223.366,226.636,597.238,23.163
docvqa,1792,32,docvqa_57854,approximated,384.824,444.606,447.449,529.691,977.14,25.223,0.393827,172.739,239.009,242.911,772.602,25.223,158.435,233.936,236.139,765.83,25.223
docvqa,1792,32,docvqa_57855,approximated,383.218,442.926,445.985,495.639,941.624,26.086,0.406976,177.223,243.341,246.352,741.991,26.086,156.617,231.775,234.01,729.649,26.086
docvqa,1792,32,docvqa_57857,approximated,379.397,439.273,442.602,759.093,1201.695,24.487,0.315718,157.257,224.254,226.716,985.809,24.487,156.516,222.438,224.639,983.732,24.487
docvqa,1792,32,docvqa_57858,approximated,382.025,441.73,444.306,475.728,920.034,20.684,0.415229,157.577,223.604,226.292,702.02,20.684,156.727,223.414,225.654,701.382,20.684
docvqa,1792,32,docvqa_45694,approximated,392.639,452.259,454.892,507.734,962.626,22.075,0.407884,169.814,236.425,239.896,747.63,22.075,156.488,222.723,224.904,732.638,22.075
docvqa,1792,32,docvqa_55464,approximated,393.703,940.157,942.563,5005.069,5947.632,161.454,0.066195,155.392,228.929,231.392,5236.461,161.454,155.999,224.175,226.437,5231.506,161.454
docvqa,1792,32,docvqa_57880,approximated,392.573,452.091,462.91,449.788,912.698,20.445,0.430124,157.307,223.723,226.254,676.042,20.445,157.19,223.457,228.357,678.145,20.445
docvqa,1792,32,docvqa_57881,approximated,517.511,577.539,579.947,383.751,963.698,22.574,0.537005,158.236,225.121,227.409,611.16,22.574,157.106,223.506,225.884,609.635,22.574
docvqa,1792,32,docvqa_57882,approximated,409.387,469.057,471.685,813.12,1284.805,26.23,0.318638,169.034,235.506,238.906,1052.026,26.23,156.505,223.203,226.826,1039.946,26.23
docvqa,1792,32,docvqa_57883,approximated,380.618,440.857,443.443,815.424,1258.867,26.304,0.302349,157.482,223.775,226.377,1041.801,26.304,156.392,223.93,226.3,1041.724,26.304
docvqa,1792,32,docvqa_57884,approximated,378.268,437.913,440.418,358.018,798.436,25.573,0.473761,156.687,227.031,229.409,587.427,25.573,156.726,223.096,225.519,583.537,25.573
docvqa,1792,32,docvqa_57885,approximated,373.029,432.494,435.146,298.564,733.71,22.966,0.508414,155.774,222.091,224.285,522.849,22.966,158.577,227.884,231.282,529.846,22.966
docvqa,1792,32,docvqa_57886,approximated,409.949,469.926,472.732,422.278,895.01,23.46,0.458038,161.687,227.843,230.265,652.543,23.46,156.503,222.801,225.048,647.326,23.46
docvqa,1792,32,docvqa_57887,approximated,349.064,408.696,411.239,420.672,831.911,23.371,0.419593,160.29,226.859,230.338,651.01,23.371,157.87,230.359,233.46,654.132,23.371
docvqa,1792,32,docvqa_57888,approximated,408.825,468.665,471.872,645.161,1117.033,28.05,0.365992,158.193,224.589,227.047,872.208,28.05,157.183,232.036,235.248,880.409,28.05
docvqa,1792,32,docvqa_57889,approximated,377.935,437.856,441.385,379.664,821.049,29.205,0.460307,157.588,223.849,226.443,606.107,29.205,156.639,226.227,228.447,608.111,29.205
docvqa,1792,32,docvqa_57890,approximated,403.216,463.2,465.601,414.155,879.756,24.362,0.458327,158.208,224.524,226.711,640.866,24.362,156.746,223.077,225.302,639.457,24.362
docvqa,1792,32,docvqa_57891,approximated,379.984,440.218,442.898,531.113,974.011,22.13,0.390122,156.418,222.899,225.339,756.452,22.13,156.663,223.025,225.339,756.452,22.13
docvqa,1792,32,docvqa_553,approximated,370.784,430.473,433.158,372.693,805.851,28.669,0.460114,157.697,224.618,227.256,599.949,28.669,156.622,222.887,225.161,597.854,28.669
docvqa,1792,32,docvqa_554,approximated,424.999,484.996,487.416,706.305,1193.721,26.159,0.356029,155.724,222.175,224.683,930.988,26.159,156.536,223.088,225.41,931.715,26.159
docvqa,1792,32,docvqa_555,approximated,384.372,444.221,446.696,547.761,994.457,24.898,0.386515,155.168,221.408,223.976,771.737,24.898,157.154,223.904,226.902,774.663,24.898
docvqa,1792,32,docvqa_57899,approximated,405.356,465.259,468.202,470.773,938.975,26.154,0.4317,163.848,231.308,233.814,704.587,26.154,157.295,224.192,227.742,698.515,26.154
docvqa,1792,32,docvqa_57900,approximated,377.892,437.826,440.674,367.204,807.878,26.229,0.467759,157.919,224.195,226.437,593.641,26.229,156.591,227.808,230.037,597.241,26.229
docvqa,1792,32,docvqa_57901,approximated,410.782,470.582,474.086,650.949,1125.035,20.998,0.365128,154.829,221.127,223.612,874.561,20.998,156.331,222.66,224.881,875.83,20.998
docvqa,1792,32,docvqa_57902,approximated,439.504,498.939,501.862,205.953,707.815,20.595,0.62093,156.256,222.337,224.742,430.695,20.595,156.307,222.872,225.091,431.044,20.595
docvqa,1792,32,docvqa_57903,approximated,430.436,489.923,492.83,498.349,991.179,22.652,0.434267,157.137,223.293,225.877,724.226,22.652,156.431,222.689,224.888,723.237,22.652
docvqa,1792,32,docvqa_57904,approximated,347.993,407.636,410.048,783.896,1193.944,25.287,0.291465,154.706,223.071,225.284,1009.18,25.287,156.966,223.769,226.502,1010.398,25.287
docvqa,1792,32,docvqa_57905,approximated,353.02,412.438,414.844,444.596,859.44,23.4,0.410756,160.73,228.698,230.931,675.527,23.4,156.539,222.794,225.207,669.803,23.4
docvqa,1792,32,docvqa_581,approximated,396.074,456.228,459.438,296.697,756.135,24.725,0.523814,179.437,245.973,249.824,546.521,24.725,157.88,233.681,236.171,532.868,24.725
docvqa,1792,32,docvqa_582,approximated,423.302,483.845,486.193,485.319,971.512,25.543,0.435715,154.765,220.825,223.337,708.656,25.543,156.742,223.285,225.817,711.136,25.543
docvqa,1792,32,docvqa_583,approximated,444.289,504.17,507.668,386.911,894.579,27.637,0.496646,162.014,229.911,232.086,618.997,27.637,156.303,222.457,224.723,611.634,27.637
docvqa,1792,32,docvqa_57928,approximated,374.787,434.479,437.194,243.914,681.108,27.102,0.55026,158.409,225.851,228.417,472.331,27.102,156.444,224.926,227.989,471.903,27.102
docvqa,1792,32,docvqa_57929,approximated,439.912,499.69,502.412,786.179,1288.591,25.361,0.34139,157.7,224.036,226.418,1012.597,25.361,156.55,223.083,225.8,1011.979,25.361
docvqa,1792,32,docvqa_584,approximated,403.114,463.052,465.417,380.243,845.66,25.35,0.476686,159.363,225.651,227.94,608.183,25.35,156.548,222.814,225.187,605.43,25.35
docvqa,1792,32,docvqa_57931,approximated,430.249,489.972,492.61,135.76,628.37,22.627,0.684707,155.777,223.722,225.864,361.624,22.627,156.466,224.456,226.999,362.759,22.627
docvqa,1792,32,docvqa_57933,approximated,389.558,449.159,451.598,286.207,737.805,22.016,0.527996,155.459,222.503,224.743,510.95,22.016,156.5,222.753,225.093,511.3,22.016
docvqa,1792,32,docvqa_57934,approximated,438.767,498.438,500.896,404.54,905.436,22.474,0.484592,155.485,223.653,226.116,630.656,22.474,156.702,223.905,226.606,631.146,22.474
docvqa,1792,32,docvqa_596,approximated,423.694,483.643,485.977,610.604,1096.581,24.424,0.386377,155.52,223.73,226.433,837.037,24.424,156.698,223.373,225.698,836.302,24.424
docvqa,1792,32,docvqa_597,approximated,380.631,440.546,442.951,288.976,731.927,20.641,0.52004,158.567,225.386,228.091,517.067,20.641,156.612,222.867,225.134,514.11,20.641
docvqa,1792,32,docvqa_598,approximated,394.659,454.507,457.837,849.672,1307.509,27.409,0.301841,158.7,226.072,228.517,1078.189,27.409,156.404,222.773,225.209,1074.881,27.409
docvqa,1792,32,docvqa_599,approximated,369.942,429.726,432.194,779.341,1211.535,25.14,0.305349,158.911,226.674,229.249,1008.59,25.14,156.75,223.287,225.943,1005.284,25.14
docvqa,1792,32,docvqa_600,approximated,402.222,462.487,464.923,280.751,745.674,28.075,0.539407,188.449,254.73,258.2,538.951,28.075,156.914,223.411,227.386,508.137,28.075
docvqa,1792,32,docvqa_601,approximated,346.774,406.385,408.769,776.555,1185.324,25.05,0.292556,159.666,228.313,230.805,1007.36,25.05,156.678,225.847,227.98,1004.535,25.05
docvqa,1792,32,docvqa_16981,approximated,375.803,435.483,438.303,367.91,806.213,22.994,0.466134,167.285,233.76,237.32,605.23,22.994,156.619,223.09,225.757,593.667,22.994
docvqa,1792,32,docvqa_16990,approximated,489.875,549.47,551.952,441.178,993.13,23.22,0.493264,156.246,222.845,225.407,666.585,23.22,156.596,223.018,225.438,666.616,23.22
docvqa,1792,32,docvqa_57951,approximated,488.811,548.594,551.096,207.341,758.437,25.918,0.644499,158.285,226.214,228.695,436.036,25.918,156.753,224.608,227.506,434.847,25.918
docvqa,1792,32,docvqa_57952,approximated,454.814,515.043,518.314,349.457,867.771,23.297,0.524118,155.146,221.993,224.425,573.882,23.297,156.443,222.708,225.237,574.694,23.297
docvqa,1792,32,docvqa_57954,approximated,433.254,493.945,496.939,385.842,882.781,24.115,0.490783,158.541,225.001,227.485,613.327,24.115,156.904,224.546,228.15,613.992,24.115
docvqa,1792,32,docvqa_57955,approximated,475.632,536.176,540.511,299.093,839.604,23.007,0.566496,156.392,222.628,225.199,524.292,23.007,156.533,231.714,234.499,533.592,23.007
docvqa,1792,32,docvqa_610,approximated,343.196,402.506,405.084,727.116,1132.2,23.455,0.303123,157.408,223.69,226.037,953.153,23.455,156.554,222.847,225.36,952.476,23.455
docvqa,1792,32,docvqa_611,approximated,354.093,414.116,416.58,650.998,1067.578,23.25,0.331679,158.839,225.089,227.788,878.786,23.25,156.497,222.785,225.162,876.16,23.25
docvqa,1792,32,docvqa_612,approximated,386.913,446.361,448.667,691.038,1139.705,23.829,0.339485,158.122,224.999,227.193,918.231,23.829,156.506,223.648,225.921,916.959,23.829
docvqa,1792,32,docvqa_613,approximated,395.066,454.438,456.856,815.032,1271.888,26.291,0.310614,156.665,222.778,225.34,1040.372,26.291,156.629,223.311,225.772,1040.804,26.291
docvqa,1792,32,docvqa_16999,approximated,371.111,431.069,433.504,422.581,856.085,22.241,0.433498,155.415,221.545,223.947,646.528,22.241,156.372,222.425,224.837,647.418,22.241
docvqa,1792,32,docvqa_17000,approximated,368.75,428.461,431.376,316.24,747.616,26.353,0.493235,157.225,223.246,225.704,541.944,26.353,156.696,223.086,225.695,541.935,26.353
docvqa,1792,32,docvqa_17001,approximated,378.092,437.777,440.507,184.524,625.031,23.066,0.604918,157.393,223.578,226.099,410.623,23.066,156.757,223.146,226.924,411.448,23.066
docvqa,1792,32,docvqa_57963,approximated,414.808,474.753,477.721,797.03,1274.751,25.711,0.325403,157.143,223.23,225.818,1022.848,25.711,156.877,223.11,226.398,1023.428,25.711
docvqa,1792,32,docvqa_57964,approximated,369.76,429.608,433.207,774.251,1207.458,24.976,0.30623,159.054,226.175,228.844,1003.095,24.976,156.239,222.099,224.527,998.778,24.976
docvqa,1792,32,docvqa_57965,approximated,373.271,433.011,435.968,747.062,1183.03,24.099,0.315521,155.617,221.922,224.181,971.243,24.099,156.303,222.47,224.818,971.88,24.099
docvqa,1792,32,docvqa_17002,approximated,437.872,497.553,499.967,333.31,833.277,25.639,0.525482,154.917,221.047,223.466,556.776,25.639,156.252,222.4,224.742,558.052,25.639
docvqa,1792,32,docvqa_17003,approximated,401.115,460.74,463.488,535.597,999.085,22.317,0.401482,157.331,223.397,225.817,761.414,22.317,157.022,223.406,226.69,762.287,22.317
docvqa,1792,32,docvqa_17004,approximated,390.835,451.524,454.069,431.669,885.738,22.719,0.441254,160.93,227.146,229.953,661.622,22.719,156.564,222.938,225.269,656.938,22.719
docvqa,1792,32,docvqa_57969,approximated,395.666,456.051,458.563,243.099,701.662,27.011,0.563898,157.324,223.326,225.595,468.694,27.011,158.387,233.652,238.528,481.627,27.011
docvqa,1792,32,docvqa_17005,approximated,346.826,406.425,408.754,386.504,795.258,25.767,0.436118,156.655,223.276,225.677,612.181,25.767,156.191,222.619,224.873,611.377,25.767
docvqa,1792,32,docvqa_57971,approximated,381.696,441.642,444.143,468.288,912.431,22.299,0.418329,157.429,224.032,226.833,695.121,22.299,156.534,224.027,226.66,694.948,22.299
docvqa,1792,32,docvqa_17007,approximated,357.21,416.839,419.331,625.635,1044.966,24.063,0.341839,160.551,227.223,230.02,855.655,24.063,156.576,224.413,226.648,852.283,24.063
docvqa,1792,32,docvqa_57973,approximated,350.799,411.581,413.947,295.71,709.657,22.747,0.494323,154.633,220.842,223.192,518.902,22.747,156.82,223.614,226.129,521.839,22.747
docvqa,1792,32,docvqa_57974,approximated,370.094,430.064,432.454,468.388,900.842,27.552,0.410831,163.402,229.376,232.096,700.484,27.552,156.628,223.778,226.338,694.726,27.552
docvqa,1792,32,docvqa_57975,approximated,392.364,452.288,454.878,472.941,927.819,24.892,0.422888,157.355,223.48,225.701,698.642,24.892,156.34,224.735,227.199,700.14,24.892
docvqa,1792,32,docvqa_57976,approximated,381.991,441.476,443.836,413.044,856.88,24.297,0.445792,155.072,221.301,223.466,636.51,24.297,156.459,222.852,225.124,638.168,24.297
docvqa,1792,32,docvqa_57977,approximated,347.008,406.596,409.039,501.736,910.775,25.087,0.381003,157.546,223.518,225.759,727.495,25.087,156.645,223.127,225.373,727.109,25.087
docvqa,1792,32,docvqa_57978,approximated,345.855,405.538,408.478,556.436,964.914,24.193,0.358431,157.752,223.607,225.796,782.232,24.193,156.449,222.826,225.042,781.478,24.193
docvqa,1792,32,docvqa_636,approximated,372.22,432.065,434.377,820.623,1255.0,26.472,0.29659,156.816,223.049,225.282,1045.905,26.472,156.464,223.017,225.229,1045.852,26.472
docvqa,1792,32,docvqa_637,approximated,427.149,487.911,490.433,522.219,1012.652,24.868,0.421812,179.689,245.918,248.69,770.909,24.868,156.551,222.745,225.246,747.465,24.868
docvqa,1792,32,docvqa_639,approximated,375.956,435.955,438.341,844.055,1282.396,27.228,0.293167,157.999,232.907,235.105,1079.16,27.228,156.98,225.277,227.943,1071.998,27.228
docvqa,1792,32,docvqa_57985,approximated,350.989,410.479,413.425,505.009,918.434,25.25,0.38216,158.277,227.288,230.012,735.021,25.25,156.851,223.726,226.217,731.226,25.25
docvqa,1792,32,docvqa_57986,approximated,452.451,512.999,516.681,732.598,1249.279,23.632,0.36217,155.781,222.723,225.121,957.719,23.632,156.338,222.907,225.436,958.034,23.632
docvqa,1792,32,docvqa_57987,approximated,369.915,429.86,432.56,763.627,1196.187,24.633,0.309245,156.473,222.803,225.173,988.8,24.633,156.699,225.366,227.678,991.305,24.633
docvqa,1792,32,docvqa_57989,approximated,407.449,467.529,470.165,497.11,967.275,24.856,0.421233,157.288,223.582,226.026,723.136,24.856,156.752,223.425,226.885,723.995,24.856
docvqa,1792,32,docvqa_650,approximated,424.722,485.502,488.779,354.625,843.404,23.642,0.50358,158.641,226.45,228.975,583.6,23.642,156.446,223.047,225.407,580.032,23.642
docvqa,1792,32,docvqa_651,approximated,351.476,411.238,413.834,527.484,941.318,25.118,0.373387,154.752,221.608,224.112,751.596,25.118,156.406,223.057,225.334,752.818,25.118
docvqa,1792,32,docvqa_58007,approximated,360.335,420.135,423.088,570.413,993.501,25.928,0.362692,155.689,221.857,224.193,794.606,25.928,156.36,222.264,224.515,794.928,25.928
docvqa,1792,32,docvqa_58009,approximated,515.39,575.964,578.565,194.202,772.767,24.275,0.666941,155.26,221.189,223.551,417.753,24.275,156.476,223.426,225.796,419.998,24.275
docvqa,1792,32,docvqa_58018,approximated,398.042,457.614,460.891,712.887,1173.778,22.996,0.339112,167.163,233.678,236.699,949.586,22.996,156.541,227.678,230.768,943.655,22.996
docvqa,1792,32,docvqa_674,approximated,377.66,437.759,440.296,345.582,785.878,26.583,0.480558,156.871,224.36,226.791,572.373,26.583,156.521,222.659,224.906,570.488,26.583
docvqa,1792,32,docvqa_57122,approximated,378.749,438.618,441.253,342.87,784.123,26.375,0.483022,156.51,222.568,224.957,567.827,26.375,160.679,229.336,233.547,576.417,26.375
docvqa,1792,32,docvqa_58020,approximated,360.683,420.57,423.311,216.157,639.468,21.616,0.564036,156.367,222.562,225.098,441.255,21.616,156.462,222.636,224.988,441.145,21.616
docvqa,1792,32,docvqa_58021,approximated,388.823,448.156,450.571,213.456,664.027,21.346,0.585553,154.652,220.62,223.122,436.578,21.346,156.53,222.734,225.014,438.47,21.346
docvqa,1792,32,docvqa_58022,approximated,426.04,485.445,487.887,415.044,902.931,20.752,0.471842,167.54,235.397,238.377,653.421,20.752,156.401,222.703,225.007,640.051,20.752
docvqa,1792,32,docvqa_58023,approximated,374.54,434.425,436.742,430.096,866.838,21.505,0.432077,159.087,225.28,228.132,658.228,21.505,156.62,227.011,229.398,659.494,21.505
docvqa,1792,32,docvqa_58024,approximated,449.662,509.596,513.195,487.593,1000.788,23.219,0.449308,157.402,223.769,226.588,714.181,23.219,159.792,226.193,232.575,720.168,23.219
docvqa,1792,32,docvqa_675,approximated,388.048,447.935,450.956,654.361,1105.317,21.108,0.351074,154.659,220.815,223.2,877.561,21.108,156.568,222.728,225.228,879.589,21.108
docvqa,1792,32,docvqa_676,approximated,382.566,442.089,444.425,235.014,679.439,21.365,0.563062,160.255,227.617,230.026,465.04,21.365,156.634,228.314,230.851,465.865,21.365
docvqa,1792,32,docvqa_677,approximated,355.544,415.325,417.61,640.241,1057.851,22.866,0.336101,164.939,231.399,234.688,874.929,22.866,156.358,224.211,226.49,866.731,22.866
docvqa,1792,32,docvqa_58029,approximated,391.391,451.353,454.043,251.686,705.729,20.974,0.554591,156.19,222.668,225.26,476.946,20.974,156.688,223.233,226.351,478.037,20.974
docvqa,1792,32,docvqa_678,approximated,414.574,474.56,476.88,552.537,1029.417,27.627,0.402727,157.728,224.918,227.119,779.656,27.627,156.68,223.135,225.529,778.066,27.627
docvqa,1792,32,docvqa_58054,approximated,351.094,410.582,413.267,702.844,1116.111,22.672,0.314569,156.601,222.883,225.723,928.567,22.672,156.54,224.287,226.654,929.498,22.672
docvqa,1792,32,docvqa_58056,approximated,388.41,448.207,450.908,686.883,1137.791,22.158,0.341372,155.554,221.605,224.319,911.202,22.158,156.51,226.218,228.584,915.467,22.158
docvqa,1792,32,docvqa_58059,approximated,372.497,432.228,434.585,436.114,870.699,25.654,0.427814,157.861,224.739,227.057,663.171,25.654,156.649,223.052,225.526,661.64,25.654
docvqa,1792,32,docvqa_58061,approximated,395.186,454.891,457.498,703.013,1160.511,22.678,0.340528,154.695,220.871,223.019,926.032,22.678,156.661,222.875,225.261,928.274,22.678
docvqa,1792,32,docvqa_58064,approximated,406.703,466.368,470.365,404.09,874.455,25.256,0.465093,155.335,221.408,223.597,627.687,25.256,156.453,224.461,226.714,630.804,25.256
docvqa,1792,32,docvqa_41686,approximated,387.902,447.647,450.864,325.741,776.605,29.613,0.499484,158.957,227.033,229.613,555.354,29.613,156.415,222.302,224.585,550.326,29.613
docvqa,1792,32,docvqa_41687,approximated,392.754,452.509,454.864,598.12,1052.984,24.922,0.372991,178.048,245.234,249.257,847.377,24.922,156.919,223.211,225.398,823.518,24.922
docvqa,1792,32,docvqa_41688,approximated,381.458,442.582,445.317,363.051,808.368,25.932,0.471886,163.562,229.801,233.149,596.2,25.932,156.395,225.011,227.343,590.394,25.932
docvqa,1792,32,docvqa_41689,approximated,383.932,443.763,447.178,424.351,871.529,26.522,0.440527,155.473,221.362,223.594,647.945,26.522,156.494,222.621,224.835,649.186,26.522
docvqa,1792,32,docvqa_41690,approximated,418.608,478.351,480.934,635.757,1116.691,26.49,0.374865,158.688,226.349,230.003,865.76,26.49,156.562,222.986,225.326,861.083,26.49
docvqa,1792,32,docvqa_41691,approximated,343.791,403.382,406.588,408.621,815.209,22.701,0.421722,157.887,225.755,228.118,636.739,22.701,156.694,223.628,225.98,634.601,22.701
docvqa,1792,32,docvqa_41693,approximated,407.144,466.954,469.645,575.504,1045.149,25.022,0.389557,154.751,221.785,224.222,799.726,25.022,157.374,223.938,227.065,802.569,25.022
docvqa,1792,32,docvqa_41694,approximated,370.443,430.058,432.487,472.034,904.521,24.844,0.409546,162.046,228.239,230.535,702.569,24.844,156.59,223.553,225.918,697.952,24.844
docvqa,1792,32,docvqa_41695,approximated,372.471,432.059,434.393,498.307,932.7,24.915,0.399347,156.877,224.733,227.028,725.335,24.915,156.759,223.298,226.05,724.357,24.915
docvqa,1792,32,docvqa_41705,approximated,404.613,464.457,466.924,360.78,827.704,25.77,0.488838,155.159,222.582,226.29,587.07,25.77,156.776,223.454,226.056,586.836,25.77
docvqa,1792,32,docvqa_17132,approximated,381.47,441.019,443.53,369.527,813.057,24.635,0.469179,158.413,224.872,227.552,597.079,24.635,157.897,224.147,227.598,597.125,24.635
docvqa,1792,32,docvqa_17133,approximated,343.568,403.039,405.43,388.819,794.249,25.921,0.43257,157.212,223.532,226.289,615.108,25.921,156.55,222.988,225.7,614.519,25.921
docvqa,1792,32,docvqa_17134,approximated,344.883,404.621,407.266,691.79,1099.056,25.622,0.3138,157.122,224.198,226.696,918.486,25.622,156.427,222.828,225.329,917.119,25.622
docvqa,1792,32,docvqa_17135,approximated,368.583,428.322,430.675,447.446,878.121,24.858,0.41974,163.051,229.267,232.363,679.809,24.858,156.578,222.853,225.17,672.616,24.858
docvqa,1792,32,docvqa_47368,approximated,407.481,467.318,469.81,271.752,741.562,22.646,0.54949,158.475,224.844,227.211,498.963,22.646,156.886,223.647,225.886,497.638,22.646
docvqa,1792,32,docvqa_41715,approximated,406.904,466.77,469.04,356.218,825.258,25.444,0.493062,157.146,228.154,230.569,586.787,25.444,156.509,222.758,224.966,581.184,25.444
docvqa,1792,32,docvqa_41716,approximated,370.436,430.832,433.242,319.426,752.668,24.571,0.492163,154.987,223.061,228.181,547.607,24.571,156.622,223.094,225.342,544.768,24.571
docvqa,1792,32,docvqa_41717,approximated,418.543,478.822,481.567,349.827,831.394,26.91,0.503423,155.262,221.452,223.836,573.663,26.91,156.489,224.433,226.669,576.496,26.91
docvqa,1792,32,docvqa_17139,approximated,358.347,417.802,420.405,407.141,827.546,27.143,0.433023,154.778,220.777,223.069,630.21,27.143,157.463,224.014,226.438,633.579,27.143
docvqa,1792,32,docvqa_41719,approximated,580.46,640.218,642.997,503.807,1146.804,23.991,0.506154,155.428,222.836,225.205,729.012,23.991,157.016,223.256,226.706,730.513,23.991
docvqa,1792,32,docvqa_17140,approximated,414.966,474.533,477.011,288.726,765.737,20.623,0.541917,155.91,222.129,224.797,513.523,20.623,156.803,223.606,225.988,514.714,20.623
docvqa,1792,32,docvqa_58105,approximated,401.55,461.149,464.177,204.963,669.14,20.496,0.600098,156.359,222.73,225.229,430.192,20.496,156.492,222.774,225.402,430.365,20.496
docvqa,1792,32,docvqa_58106,approximated,393.17,453.299,455.7,343.05,798.75,21.441,0.492232,177.23,243.651,247.202,590.252,21.441,156.585,222.997,225.262,568.312,21.441
docvqa,1792,32,docvqa_58107,approximated,378.925,438.289,440.632,334.215,774.847,23.872,0.489032,155.0,221.478,224.174,558.389,23.872,156.449,222.529,224.914,559.129,23.872
docvqa,1792,32,docvqa_58108,approximated,392.47,452.131,454.522,499.745,954.267,20.823,0.411279,155.131,221.314,223.801,723.546,20.823,156.705,224.011,226.942,726.687,20.823
docvqa,1792,32,docvqa_41721,approximated,389.734,449.677,452.582,494.162,946.744,23.532,0.411657,157.699,223.64,225.81,719.972,23.532,156.733,223.259,226.152,720.314,23.532
docvqa,1792,32,docvqa_41723,approximated,416.412,475.911,480.472,352.403,832.875,22.025,0.499969,160.258,227.353,229.512,581.915,22.025,156.603,223.791,226.197,578.6,22.025
docvqa,1792,32,docvqa_17143,approximated,391.857,452.835,455.235,346.115,801.35,21.632,0.488996,170.298,241.605,244.187,590.302,21.632,156.679,223.433,225.957,572.072,21.632
docvqa,1792,32,docvqa_41728,approximated,365.04,425.892,428.176,578.325,1006.501,26.288,0.362683,155.364,221.989,224.52,802.845,26.288,156.698,222.948,225.133,803.458,26.288
docvqa,1792,32,docvqa_41729,approximated,415.985,475.865,478.466,397.866,876.332,23.404,0.474688,157.384,223.613,226.219,624.085,23.404,156.427,223.657,225.872,623.738,23.404
docvqa,1792,32,docvqa_17147,approximated,385.305,444.701,447.264,503.034,950.298,22.865,0.405457,162.914,231.668,233.834,736.868,22.865,156.512,224.035,226.276,729.31,22.865
docvqa,1792,32,docvqa_17149,approximated,418.88,478.555,480.958,385.952,866.91,27.568,0.483187,174.488,241.072,244.706,630.658,27.568,156.534,222.764,224.994,610.946,27.568
docvqa,1792,32,docvqa_17150,approximated,399.182,458.854,461.335,271.548,732.883,22.629,0.544674,156.953,223.654,226.139,497.687,22.629,156.523,223.18,225.97,497.518,22.629
docvqa,1792,32,docvqa_45744,approximated,432.064,864.653,867.519,718.797,1586.316,23.187,0.27237,157.514,225.259,227.972,946.769,23.187,156.077,224.014,226.471,945.268,23.187
docvqa,1792,32,docvqa_45745,approximated,376.012,435.475,439.256,661.562,1100.818,21.341,0.341575,155.298,221.595,223.888,885.45,21.341,156.743,223.283,225.914,887.476,21.341
docvqa,1792,32,docvqa_782,approximated,361.769,421.268,423.709,393.808,817.517,20.727,0.442522,156.039,223.284,225.566,619.374,20.727,156.493,222.723,225.024,618.832,20.727
docvqa,1792,32,docvqa_783,approximated,410.153,469.922,472.226,324.891,797.117,20.306,0.514545,158.547,225.671,228.632,553.523,20.306,156.536,224.216,226.45,551.341,20.306
docvqa,1792,32,docvqa_784,approximated,352.115,411.633,413.964,615.618,1029.582,24.625,0.341999,158.336,225.004,227.396,843.014,24.625,156.54,222.933,225.406,841.024,24.625
docvqa,1792,32,docvqa_785,approximated,404.961,464.96,467.975,306.941,774.916,20.463,0.522587,158.204,224.753,227.124,534.065,20.463,157.162,224.031,227.336,534.277,20.463
docvqa,1792,32,docvqa_786,approximated,374.623,434.343,437.219,244.447,681.666,24.445,0.54957,156.238,222.446,224.745,469.192,24.445,156.663,224.991,227.66,472.107,24.445
docvqa,1792,32,docvqa_788,approximated,385.488,445.029,447.323,583.438,1030.761,23.338,0.373984,155.404,221.931,224.891,808.329,23.338,156.55,222.91,226.288,809.726,23.338
docvqa,1792,32,docvqa_789,approximated,355.593,836.648,839.519,735.593,1575.112,23.729,0.225758,168.574,237.841,241.508,977.101,23.729,155.769,226.494,228.734,964.327,23.729
docvqa,1792,32,docvqa_790,approximated,411.72,471.536,474.71,552.011,1026.721,25.091,0.401004,155.43,221.476,223.884,775.895,25.091,156.591,223.053,225.306,777.317,25.091
docvqa,1792,32,docvqa_60401,approximated,388.842,448.745,451.348,375.186,826.534,25.012,0.470449,155.391,221.548,223.825,599.011,25.012,157.305,223.349,226.874,602.06,25.012
docvqa,1792,32,docvqa_792,approximated,418.484,478.197,480.695,586.288,1066.983,21.714,0.392212,158.354,224.868,227.132,813.42,21.714,156.517,222.728,224.99,811.278,21.714
docvqa,1792,32,docvqa_793,approximated,377.141,437.018,440.36,271.136,711.496,20.857,0.530068,155.979,222.388,224.817,495.953,20.857,156.587,222.949,225.334,496.47,20.857
docvqa,1792,32,docvqa_794,approximated,484.833,545.072,548.026,429.086,977.112,26.818,0.49619,156.648,223.601,226.099,655.185,26.818,156.733,223.102,225.455,654.541,26.818
docvqa,1792,32,docvqa_41749,approximated,379.11,439.046,442.136,408.561,850.697,21.503,0.445647,171.12,237.347,239.885,648.446,21.503,157.453,224.635,227.39,635.951,21.503
docvqa,1792,32,docvqa_41750,approximated,441.981,502.349,504.795,344.724,849.519,22.982,0.520273,159.014,225.913,228.857,573.581,22.982,157.021,224.043,226.976,571.7,22.982
docvqa,1792,32,docvqa_45747,approximated,459.781,519.648,523.314,763.093,1286.407,24.616,0.357415,158.341,224.791,227.364,990.457,24.616,156.425,222.904,225.191,988.284,24.616
docvqa,1792,32,docvqa_60403,approximated,458.426,518.161,520.753,308.153,828.906,22.011,0.55305,155.911,222.49,225.353,533.506,22.011,156.985,223.62,226.347,534.5,22.011
docvqa,1792,32,docvqa_60404,approximated,362.432,422.633,425.186,684.913,1110.099,22.094,0.326486,159.747,226.14,228.572,913.485,22.094,156.54,223.388,225.95,910.863,22.094
docvqa,1792,32,docvqa_809,approximated,372.721,432.828,436.157,294.614,730.771,21.044,0.510038,159.935,225.929,228.282,522.896,21.044,156.549,222.944,225.341,519.955,21.044
docvqa,1792,32,docvqa_25385,approximated,412.183,472.36,476.144,278.109,754.253,27.811,0.546479,157.033,223.104,225.323,503.432,27.811,156.664,222.956,225.548,503.657,27.811
docvqa,1792,32,docvqa_25386,approximated,403.668,464.258,466.885,230.47,697.355,23.047,0.578855,174.626,240.711,243.857,474.327,23.047,157.097,223.412,226.454,456.924,23.047
docvqa,1792,32,docvqa_25387,approximated,394.031,453.758,456.171,235.181,691.352,21.38,0.569943,156.856,223.036,225.35,460.531,21.38,156.772,223.298,225.572,460.753,21.38
docvqa,1792,32,docvqa_60406,approximated,560.427,620.951,624.547,619.464,1244.011,24.779,0.4505,157.858,224.61,227.35,846.814,24.779,157.054,223.053,225.536,845.0,24.779
docvqa,1792,32,docvqa_815,approximated,381.53,441.093,443.813,479.479,923.292,25.236,0.413228,163.291,229.588,232.862,712.341,25.236,157.542,228.007,231.95,711.429,25.236
docvqa,1792,32,docvqa_60407,approximated,394.139,453.736,456.422,432.259,888.681,28.817,0.443511,154.771,221.271,224.086,656.345,28.817,156.552,223.188,225.6,657.859,28.817
docvqa,1792,32,docvqa_25396,approximated,391.146,450.749,453.382,710.175,1163.557,22.909,0.336164,157.665,224.031,226.596,936.771,22.909,156.688,223.0,225.469,935.644,22.909
docvqa,1792,32,docvqa_822,approximated,413.931,474.298,477.234,325.842,803.076,25.065,0.515432,154.544,220.66,223.115,548.957,25.065,157.155,223.21,226.575,552.417,25.065
docvqa,1792,32,docvqa_824,approximated,381.08,441.123,443.658,525.364,969.022,23.88,0.393263,157.735,224.994,227.132,752.496,23.88,156.889,223.769,226.473,751.837,23.88
docvqa,1792,32,docvqa_826,approximated,404.653,464.429,467.677,311.797,779.474,25.983,0.519136,157.449,225.164,227.576,539.373,25.983,156.695,222.964,225.363,537.16,25.983
docvqa,1792,64,docvqa_49153,measured,366.825,426.952,429.704,830.368,1260.072,27.679,0.291114,159.129,228.293,230.608,1060.976,27.679,157.222,223.652,227.598,1057.966,27.679
docvqa,1792,64,docvqa_24580,measured,402.491,462.456,464.98,442.421,907.401,29.495,0.443565,155.524,221.95,224.648,667.069,29.495,156.707,223.132,225.785,668.206,29.495
docvqa,1792,64,docvqa_57349,measured,382.11,907.537,910.608,275.863,1186.471,27.586,0.322056,155.305,224.141,226.671,502.534,27.586,156.503,224.866,227.208,503.071,27.586
docvqa,1792,64,docvqa_24581,measured,380.207,440.164,442.711,177.865,620.576,22.233,0.612669,154.96,221.272,223.764,401.629,22.233,157.263,223.631,227.467,405.332,22.233
docvqa,1792,64,docvqa_24582,measured,436.336,898.354,901.827,191.455,1093.282,21.273,0.399107,166.498,234.263,237.725,429.18,21.273,156.833,224.456,227.318,418.773,21.273
docvqa,1792,64,docvqa_39079,measured,572.639,633.12,635.646,1963.029,2598.675,54.529,0.220358,155.766,227.471,229.766,2192.795,54.529,156.686,223.106,225.254,2188.283,54.529
docvqa,1792,64,docvqa_57357,measured,400.951,888.802,891.666,641.656,1533.322,26.736,0.261491,155.492,224.206,226.937,868.593,26.736,156.656,224.761,227.452,869.108,26.736
docvqa,1792,64,docvqa_24426,measured,395.664,456.06,458.644,470.249,928.893,26.125,0.425952,157.898,228.03,230.304,700.553,26.125,156.585,227.662,230.005,700.254,26.125
docvqa,1792,64,docvqa_49168,measured,389.8,855.524,858.061,533.203,1391.264,23.183,0.280177,156.31,224.466,226.848,760.051,23.183,156.712,224.722,227.214,760.417,23.183
docvqa,1792,64,docvqa_24423,measured,398.316,820.544,823.485,525.579,1349.064,23.89,0.295254,157.281,225.577,228.237,753.816,23.89,156.544,224.76,227.592,753.171,23.89
docvqa,1792,64,docvqa_49172,measured,362.734,813.073,815.632,790.885,1606.517,25.512,0.225789,157.4,225.645,228.323,1019.208,25.512,156.575,224.341,226.639,1017.524,25.512
docvqa,1792,64,docvqa_57364,measured,407.552,860.366,863.56,347.703,1211.263,21.731,0.336468,159.224,231.982,234.334,582.037,21.731,156.408,230.078,232.562,580.265,21.731
docvqa,1792,64,docvqa_57366,measured,379.337,798.904,801.294,383.247,1184.541,23.953,0.320239,169.84,238.54,240.867,624.114,23.953,156.737,226.457,228.882,612.129,23.953
docvqa,1792,64,docvqa_57368,measured,367.9,798.178,801.528,380.981,1182.509,23.811,0.311118,155.183,222.958,225.233,606.214,23.811,156.547,224.815,227.313,608.294,23.811
docvqa,1792,64,docvqa_49177,measured,390.492,816.211,820.197,524.826,1345.023,20.186,0.290324,156.593,224.362,226.931,751.757,20.186,157.688,226.399,228.877,753.703,20.186
docvqa,1792,64,docvqa_57370,measured,365.139,425.054,427.484,639.978,1067.462,24.615,0.342063,154.977,221.209,223.836,863.814,24.615,157.298,224.26,227.972,867.95,24.615
docvqa,1792,64,docvqa_57371,measured,391.512,840.629,843.235,2651.973,3495.208,91.447,0.112014,158.223,226.185,228.597,2880.57,91.447,156.613,227.642,230.05,2882.023,91.447
docvqa,1792,64,docvqa_57372,measured,368.634,428.653,431.478,595.012,1026.49,24.792,0.359121,156.789,225.131,227.488,822.5,24.792,159.158,225.297,228.976,823.988,24.792
docvqa,1792,64,docvqa_49181,measured,348.041,778.349,780.799,931.492,1712.291,23.884,0.203261,155.179,223.052,225.355,1156.847,23.884,156.634,227.422,229.693,1161.185,23.884
docvqa,1792,64,docvqa_57373,measured,345.605,405.366,408.182,501.649,909.831,22.802,0.379856,159.242,225.667,228.431,730.08,22.802,156.65,223.469,225.737,727.386,22.802
docvqa,1792,64,docvqa_57374,measured,344.788,404.505,406.918,406.988,813.906,23.94,0.423621,156.7,224.15,226.635,633.623,23.94,156.671,231.835,234.364,641.352,23.94
docvqa,1792,64,docvqa_57375,measured,383.265,443.203,445.659,689.218,1134.877,22.233,0.337715,155.606,222.046,224.703,913.921,22.233,156.717,236.807,239.399,928.617,22.233
docvqa,1792,64,docvqa_57376,measured,413.058,472.77,475.158,379.513,854.671,21.084,0.483294,156.53,222.535,224.954,604.467,21.084,156.705,223.281,225.85,605.363,21.084
docvqa,1792,64,docvqa_49187,measured,405.765,465.608,468.128,685.278,1153.406,23.63,0.351797,172.226,238.232,242.295,927.573,23.63,157.286,224.342,227.031,912.309,23.63
docvqa,1792,64,docvqa_16424,measured,393.214,453.331,455.721,492.43,948.151,25.917,0.414717,155.08,221.039,223.307,715.737,25.917,156.36,222.713,224.956,717.386,25.917
docvqa,1792,64,docvqa_57386,measured,368.52,428.324,430.801,449.405,880.206,24.967,0.418675,155.028,221.149,223.634,673.039,24.967,157.139,223.729,227.469,676.874,24.967
docvqa,1792,64,docvqa_57387,measured,350.905,410.839,413.415,436.506,849.921,22.974,0.412868,158.365,226.77,229.063,665.569,22.974,156.989,223.19,227.987,664.493,22.974
docvqa,1792,64,docvqa_57388,measured,344.489,404.394,406.868,409.017,815.885,21.527,0.422228,156.818,223.188,225.748,634.765,21.527,156.504,222.714,224.986,634.003,21.527
docvqa,1792,64,docvqa_16429,measured,408.264,468.325,471.329,272.15,743.479,22.679,0.549126,154.797,221.098,223.796,495.946,22.679,156.613,222.859,225.247,497.397,22.679
docvqa,1792,64,docvqa_16430,measured,342.633,402.633,405.096,270.015,675.111,22.501,0.507521,166.426,232.532,234.88,504.895,22.501,156.475,222.92,225.367,495.382,22.501
docvqa,1792,64,docvqa_57391,measured,412.859,473.176,475.475,233.645,709.12,23.364,0.582214,172.164,241.139,244.065,477.71,23.364,156.702,222.975,225.564,459.209,23.364
docvqa,1792,64,docvqa_57395,measured,430.661,491.114,493.636,317.129,810.765,22.652,0.531178,158.563,225.548,229.445,546.574,22.652,156.652,223.212,225.812,542.941,22.652
docvqa,1792,64,docvqa_16437,measured,368.962,429.195,431.643,452.673,884.316,23.825,0.417229,163.616,230.079,232.359,685.032,23.825,156.626,223.173,225.702,678.375,23.825
docvqa,1792,64,docvqa_16440,measured,354.808,414.918,418.36,371.881,790.241,20.66,0.448987,165.834,232.661,236.429,608.31,20.66,156.83,226.424,229.033,600.914,20.66
docvqa,1792,64,docvqa_57402,measured,346.018,405.793,408.135,683.181,1091.316,22.038,0.317065,160.609,227.159,229.892,913.073,22.038,157.144,223.736,227.34,910.521,22.038
docvqa,1792,64,docvqa_57403,measured,340.378,400.33,402.604,664.187,1066.791,21.425,0.319067,166.303,232.936,238.06,902.247,21.425,156.566,223.791,226.1,890.287,21.425
docvqa,1792,64,docvqa_57404,measured,346.777,773.58,776.002,647.029,1423.031,23.964,0.243689,156.203,227.157,229.723,876.752,23.964,157.006,227.799,231.218,878.247,23.964
docvqa,1792,64,docvqa_16444,measured,350.632,410.571,413.362,525.657,939.019,22.855,0.373402,157.295,224.183,226.832,752.489,22.855,157.067,223.811,227.36,753.017,22.855
docvqa,1792,64,docvqa_57407,measured,364.362,424.119,426.839,447.311,874.15,22.366,0.416818,156.093,222.895,225.627,672.938,22.366,156.685,223.446,225.934,673.245,22.366
docvqa,1792,64,docvqa_16447,measured,367.502,427.904,431.308,606.004,1037.312,24.24,0.354283,157.565,223.965,226.594,832.598,24.24,156.736,224.248,226.917,832.921,24.24
docvqa,1792,64,docvqa_57409,measured,346.884,407.289,410.024,262.395,672.419,26.24,0.515875,156.467,222.627,225.146,487.541,26.24,156.683,222.807,225.384,487.779,26.24
docvqa,1792,64,docvqa_16450,measured,398.329,458.669,461.483,233.077,694.56,23.308,0.573499,155.554,223.187,225.485,458.562,23.308,156.742,223.303,226.901,459.978,23.308
docvqa,1792,64,docvqa_57410,measured,406.27,466.396,469.798,393.064,862.862,24.567,0.470841,155.412,221.676,224.392,617.456,24.567,156.607,223.575,225.99,619.054,24.567
docvqa,1792,64,docvqa_57411,measured,537.726,597.98,600.454,748.122,1348.576,26.719,0.398736,154.396,220.609,223.124,971.246,26.719,156.426,222.982,225.488,973.61,26.719
docvqa,1792,64,docvqa_57413,measured,381.125,441.462,444.623,979.321,1423.944,23.886,0.267654,158.836,225.133,227.814,1207.135,23.886,156.48,223.763,226.033,1205.354,23.886
docvqa,1792,64,docvqa_57414,measured,354.715,414.716,417.392,363.581,780.973,20.199,0.454196,155.241,221.61,223.963,587.544,20.199,156.54,225.098,227.365,590.946,20.199
docvqa,1792,64,docvqa_57415,measured,404.394,464.251,466.708,550.026,1016.734,22.001,0.397738,163.842,230.107,232.658,782.684,22.001,156.715,223.812,226.447,776.473,22.001
docvqa,1792,64,docvqa_57416,measured,418.251,478.038,480.592,380.397,860.989,22.376,0.485779,156.934,229.078,231.521,611.918,22.376,156.704,222.994,225.44,605.837,22.376
docvqa,1792,64,docvqa_57417,measured,397.253,457.167,459.669,317.59,777.259,22.685,0.511095,154.826,221.388,224.05,541.64,22.685,156.559,223.469,226.408,543.998,22.685
docvqa,1792,64,docvqa_57418,measured,399.559,459.533,463.291,331.26,794.551,22.084,0.502874,159.335,225.7,228.252,559.512,22.084,156.677,223.185,225.871,557.131,22.084
docvqa,1792,64,docvqa_24437,measured,425.386,485.17,487.813,333.003,820.816,22.2,0.518248,155.285,222.913,225.326,558.329,22.2,156.662,223.032,225.626,558.629,22.2
docvqa,1792,64,docvqa_24438,measured,416.922,476.58,479.432,251.643,731.075,20.97,0.570286,156.691,229.379,231.692,483.335,20.97,156.533,225.413,228.866,480.509,20.97
docvqa,1792,64,docvqa_16455,measured,358.924,854.949,857.2,584.727,1441.927,22.49,0.248919,156.121,223.936,226.356,811.083,22.49,156.551,224.52,227.016,811.743,22.49
docvqa,1792,64,docvqa_16456,measured,362.839,422.605,425.943,248.833,674.776,20.736,0.537717,155.112,223.215,225.624,474.457,20.736,156.9,223.114,226.581,475.414,20.736
docvqa,1792,64,docvqa_16463,measured,417.033,477.327,480.329,274.371,754.7,22.864,0.552582,156.778,222.966,225.47,499.841,22.864,156.645,222.96,225.244,499.615,22.864
docvqa,1792,64,docvqa_49234,measured,382.386,442.379,444.89,288.217,733.107,20.587,0.521596,173.5,248.014,252.052,540.269,20.587,156.756,225.445,227.649,515.866,20.587
docvqa,1792,64,docvqa_57428,measured,408.722,469.191,472.041,368.709,840.75,23.044,0.486139,155.606,222.077,224.684,593.393,23.044,156.647,223.012,225.208,593.917,23.044
docvqa,1792,64,docvqa_24440,measured,436.053,871.066,874.555,1468.33,2342.885,86.372,0.186118,158.316,227.526,230.191,1698.521,86.372,156.606,224.465,227.093,1695.423,86.372
docvqa,1792,64,docvqa_16468,measured,371.671,431.705,434.34,620.691,1055.031,24.828,0.352284,168.265,234.802,238.391,859.082,24.828,156.255,222.372,224.763,845.454,24.828
docvqa,1792,64,docvqa_57431,measured,417.229,478.073,480.467,466.93,947.397,23.346,0.440395,155.953,222.339,224.733,691.663,23.346,156.899,223.23,225.788,692.718,23.346
docvqa,1792,64,docvqa_16473,measured,417.331,478.141,480.686,285.858,766.544,23.821,0.544432,155.99,222.175,224.67,510.528,23.821,156.63,224.362,226.933,512.791,23.821
docvqa,1792,64,docvqa_49242,measured,379.291,866.888,869.655,323.044,1192.699,29.368,0.318011,157.575,225.214,227.628,550.672,29.368,156.104,226.487,228.787,551.831,29.368
docvqa,1792,64,docvqa_57439,measured,397.625,458.616,461.069,5345.494,5806.563,102.798,0.068479,159.233,225.819,228.307,5573.801,102.798,156.802,223.31,226.181,5571.675,102.798
docvqa,1792,64,docvqa_57440,measured,407.814,468.064,470.632,366.47,837.102,22.904,0.487174,172.264,238.822,245.066,611.536,22.904,156.633,222.981,225.588,592.058,22.904
docvqa,1792,64,docvqa_32870,measured,408.193,468.126,470.856,905.609,1376.465,21.562,0.296552,158.842,225.641,228.05,1133.659,21.562,156.729,222.909,225.256,1130.865,21.562
docvqa,1792,64,docvqa_32871,measured,379.064,815.43,817.905,569.587,1387.492,20.342,0.273201,157.09,225.431,227.828,797.415,20.342,157.251,225.39,228.861,798.448,20.342
docvqa,1792,64,docvqa_32872,measured,408.516,468.78,472.882,425.038,897.92,26.565,0.454958,157.896,225.495,227.983,653.021,26.565,156.507,224.026,226.494,651.532,26.565
docvqa,1792,64,docvqa_32873,measured,380.6,440.52,443.003,575.582,1018.585,27.409,0.373656,158.685,224.947,227.793,803.375,27.409,156.732,223.195,225.959,801.541,27.409
docvqa,1792,64,docvqa_32874,measured,385.297,445.18,447.848,289.125,736.973,24.094,0.52281,156.222,222.106,224.318,513.443,24.094,156.643,222.792,225.39,514.515,24.094
docvqa,1792,64,docvqa_32875,measured,406.171,466.279,468.91,488.022,956.932,24.401,0.424452,157.298,224.414,227.011,715.033,24.401,156.724,224.041,226.701,714.723,24.401
docvqa,1792,64,docvqa_32876,measured,368.518,428.336,430.759,522.507,953.266,24.881,0.386585,155.992,223.586,226.109,748.616,24.881,156.632,223.306,225.865,748.372,24.881
docvqa,1792,64,docvqa_32877,measured,380.61,441.047,443.507,654.317,1097.824,24.234,0.346695,154.574,221.018,223.375,877.692,24.234,157.087,223.379,227.125,881.442,24.234
docvqa,1792,64,docvqa_32878,measured,382.761,442.79,446.347,243.413,689.76,22.128,0.554919,158.583,224.749,227.077,470.49,22.128,156.887,223.139,225.761,469.174,22.128
docvqa,1792,64,docvqa_32879,measured,382.797,442.786,445.767,385.831,831.598,22.696,0.460315,157.786,224.088,226.602,612.433,22.696,156.791,224.294,226.564,612.395,22.696
docvqa,1792,64,docvqa_57449,measured,382.17,442.2,444.596,279.074,723.67,27.907,0.528099,155.222,221.367,223.659,502.733,27.907,156.599,222.84,225.205,504.279,27.907
docvqa,1792,64,docvqa_32881,measured,397.157,457.918,460.512,561.262,1021.774,23.386,0.388693,155.274,221.996,224.599,785.861,23.386,156.8,223.914,226.419,787.681,23.386
docvqa,1792,64,docvqa_32882,measured,379.199,439.387,442.01,588.5,1030.51,22.635,0.367972,178.533,245.636,249.006,837.506,22.635,156.841,224.139,226.652,815.152,22.635
docvqa,1792,64,docvqa_32883,measured,405.59,465.685,468.025,529.321,997.346,24.06,0.40667,158.545,224.731,227.351,756.672,24.06,156.731,223.093,225.612,754.933,24.06
docvqa,1792,64,docvqa_57452,measured,417.287,477.432,479.898,351.676,831.574,23.445,0.501804,163.007,229.409,232.003,583.679,23.445,156.838,223.183,225.751,577.427,23.445
docvqa,1792,64,docvqa_32885,measured,429.945,491.183,493.563,396.968,890.531,23.351,0.482796,157.613,224.651,227.004,623.972,23.351,156.671,222.979,225.557,622.525,23.351
docvqa,1792,64,docvqa_32886,measured,509.363,569.172,573.126,543.339,1116.465,24.697,0.456229,155.32,221.827,224.009,767.348,24.697,156.55,222.601,224.811,768.15,24.697
docvqa,1792,64,docvqa_57454,measured,393.17,453.331,455.799,3378.931,3834.73,60.338,0.102529,189.34,255.865,258.217,3637.148,60.338,156.492,222.825,225.389,3604.32,60.338
docvqa,1792,64,docvqa_49263,measured,375.287,435.458,438.106,731.842,1169.948,25.236,0.320773,156.351,222.771,225.266,957.108,25.236,156.478,222.594,224.898,956.74,25.236
docvqa,1792,64,docvqa_32889,measured,377.0,437.068,439.511,622.762,1062.273,25.948,0.354899,154.809,221.189,223.782,846.544,25.948,156.816,223.463,225.944,848.706,25.948
docvqa,1792,64,docvqa_32890,measured,378.012,437.902,440.515,308.373,748.888,20.558,0.504765,154.71,220.939,223.273,531.646,20.558,156.952,223.413,226.333,534.706,20.558
docvqa,1792,64,docvqa_32891,measured,404.437,464.491,466.906,892.095,1359.001,26.238,0.297599,157.786,224.029,226.446,1118.541,26.238,158.928,228.851,232.019,1124.114,26.238
docvqa,1792,64,docvqa_32892,measured,377.006,437.07,439.839,473.611,913.45,29.601,0.412727,176.156,243.64,247.417,721.028,29.601,156.723,223.02,225.688,699.299,29.601
docvqa,1792,64,docvqa_32893,measured,379.389,439.337,442.76,418.713,861.473,20.936,0.440395,155.206,222.729,225.115,643.828,20.936,156.576,223.808,226.206,644.919,20.936
docvqa,1792,64,docvqa_32894,measured,373.663,433.786,436.298,522.125,958.423,27.48,0.389873,154.67,221.086,223.499,745.624,27.48,156.522,222.969,225.304,747.429,27.48
docvqa,1792,64,docvqa_49274,measured,371.43,431.575,433.962,444.161,878.123,24.676,0.422982,156.403,226.688,229.304,673.465,24.676,156.559,223.578,225.862,670.023,24.676
docvqa,1792,64,docvqa_32896,measured,378.103,438.342,440.909,260.036,700.945,21.67,0.539419,158.411,224.423,226.971,487.007,21.67,157.022,223.22,225.686,485.722,21.67
docvqa,1792,64,docvqa_32897,measured,398.113,458.085,460.666,316.863,777.529,24.374,0.512024,181.219,248.33,250.761,567.624,24.374,156.484,222.671,224.772,541.635,24.374
docvqa,1792,64,docvqa_32898,measured,434.607,494.436,496.84,467.175,964.015,21.235,0.450831,158.06,227.349,230.056,697.231,21.235,157.212,224.319,227.79,694.965,21.235
docvqa,1792,64,docvqa_57475,measured,364.198,424.079,426.462,312.064,738.526,20.804,0.493142,156.882,223.234,225.733,537.797,20.804,157.127,223.444,226.939,539.003,20.804
docvqa,1792,64,docvqa_32900,measured,384.864,444.974,447.613,377.511,825.124,19.869,0.466432,157.683,224.8,227.103,604.614,19.869,156.713,224.404,226.927,604.438,19.869
docvqa,1792,64,docvqa_57476,measured,345.901,405.743,408.033,501.865,909.898,22.812,0.380153,155.922,223.608,226.247,728.112,22.812,156.74,223.216,226.76,728.625,22.812
docvqa,1792,64,docvqa_49279,measured,407.737,468.166,470.424,227.378,697.802,22.738,0.584317,155.155,221.872,224.291,451.669,22.738,157.014,223.379,226.658,454.036,22.738
docvqa,1792,64,docvqa_49285,measured,375.494,435.559,438.132,270.211,708.343,24.565,0.530102,157.074,223.261,225.603,495.814,24.565,156.664,222.921,225.208,495.419,24.565
docvqa,1792,64,docvqa_49292,measured,381.126,441.45,444.312,1056.866,1501.178,23.486,0.253885,156.126,222.437,224.793,1281.659,23.486,156.712,222.808,224.967,1281.833,23.486
docvqa,1792,64,docvqa_16529,measured,372.394,432.354,435.051,315.613,750.664,22.544,0.496086,155.493,221.899,224.615,540.228,22.544,156.599,222.856,225.15,540.763,22.544
docvqa,1792,64,docvqa_49297,measured,376.557,436.979,440.132,408.515,848.647,22.695,0.443715,157.442,223.815,226.466,634.981,22.695,157.351,223.837,227.945,636.46,22.695
docvqa,1792,64,docvqa_16533,measured,349.335,409.159,411.873,530.956,942.829,24.134,0.370518,157.727,224.228,227.053,758.009,24.134,156.837,223.254,225.66,756.616,24.134
docvqa,1792,64,docvqa_49304,measured,351.694,411.511,414.754,285.27,700.024,20.376,0.502402,155.638,221.955,224.459,509.729,20.376,156.749,223.047,225.816,511.086,20.376
docvqa,1792,64,docvqa_16539,measured,374.172,434.018,436.351,533.878,970.229,24.267,0.385654,155.041,221.112,223.559,757.437,24.267,156.76,223.161,225.787,759.665,24.267
docvqa,1792,64,docvqa_16553,measured,377.742,437.391,439.866,382.07,821.936,20.109,0.459575,155.236,221.803,224.437,606.507,20.109,156.636,223.18,225.793,607.863,20.109
docvqa,1792,64,docvqa_49322,measured,375.956,435.932,438.326,357.929,796.255,22.371,0.472155,157.97,224.193,226.635,584.564,22.371,156.518,225.25,227.77,585.699,22.371
docvqa,1792,64,docvqa_57515,measured,408.909,469.068,471.59,379.859,851.449,22.345,0.480251,166.949,233.136,236.216,616.075,22.345,156.648,223.243,225.543,605.402,22.345
docvqa,1792,64,docvqa_49323,measured,369.966,429.764,432.128,306.192,738.32,25.516,0.501091,162.151,229.269,234.049,540.241,25.516,157.001,223.386,226.441,532.633,25.516
docvqa,1792,64,docvqa_57517,measured,374.088,434.289,436.744,205.049,641.793,22.783,0.582879,173.929,241.314,244.812,449.861,22.783,157.02,223.205,226.483,431.532,22.783
docvqa,1792,64,docvqa_49324,measured,370.802,430.824,433.343,372.272,805.615,28.636,0.460272,157.602,223.772,226.203,598.475,28.636,156.948,223.329,226.438,598.71,28.636
docvqa,1792,64,docvqa_57519,measured,350.547,410.515,412.999,208.347,621.346,20.835,0.564174,156.829,222.74,225.094,433.441,20.835,156.642,222.92,225.914,434.261,20.835
docvqa,1792,64,docvqa_49325,measured,399.238,460.01,462.259,281.586,743.845,21.66,0.536722,160.065,226.576,230.094,511.68,21.66,156.68,222.853,225.236,506.822,21.66
docvqa,1792,64,docvqa_57521,measured,373.277,433.321,436.032,293.854,729.886,22.604,0.511419,155.658,223.167,225.553,519.407,22.604,156.879,223.046,225.25,519.104,22.604
docvqa,1792,64,docvqa_49326,measured,401.453,462.194,464.793,403.781,868.574,23.752,0.462198,167.762,233.954,236.253,640.034,23.752,156.504,222.575,224.799,628.58,23.752
docvqa,1792,64,docvqa_57523,measured,347.687,407.704,410.171,346.773,756.944,23.118,0.459329,155.83,222.416,224.54,571.313,23.118,156.457,223.058,225.223,571.996,23.118
docvqa,1792,64,docvqa_57524,measured,346.696,406.625,409.172,284.907,694.079,20.351,0.499504,157.533,223.548,225.713,510.62,20.351,156.649,223.09,225.784,510.691,20.351
docvqa,1792,64,docvqa_57525,measured,389.984,823.947,826.355,532.471,1358.826,22.186,0.287,171.47,239.198,242.474,774.945,22.186,156.678,224.361,226.813,759.284,22.186
docvqa,1792,64,docvqa_57526,measured,355.572,415.294,417.677,206.237,623.914,20.624,0.569906,156.003,222.407,224.639,430.876,20.624,156.531,222.824,225.193,431.43,20.624
docvqa,1792,64,docvqa_57527,measured,569.499,629.609,631.873,433.458,1065.331,25.498,0.534575,156.802,223.067,225.363,658.821,25.498,156.491,222.628,224.925,658.383,25.498
docvqa,1792,64,docvqa_57528,measured,378.891,438.541,441.423,574.053,1015.476,21.261,0.373117,158.86,225.038,227.342,801.395,21.261,156.559,223.695,226.024,800.077,21.261
docvqa,1792,64,docvqa_57529,measured,388.589,448.407,450.848,649.495,1100.343,22.396,0.353153,155.39,221.712,223.957,873.452,22.396,156.871,223.403,225.721,875.216,22.396
docvqa,1792,64,docvqa_57530,measured,351.612,411.426,413.929,206.927,620.856,20.693,0.566335,156.822,223.005,225.608,432.535,20.693,156.93,228.958,233.17,440.097,20.693
docvqa,1792,64,docvqa_57531,measured,413.076,473.43,476.483,353.35,829.833,23.557,0.497782,156.38,222.897,225.508,578.858,23.557,156.732,223.545,226.348,579.698,23.557
docvqa,1792,64,docvqa_57532,measured,385.189,837.387,840.614,607.371,1447.985,27.608,0.266017,154.887,222.948,225.515,832.886,27.608,156.567,224.634,227.043,834.414,27.608
docvqa,1792,64,docvqa_57533,measured,349.978,409.848,412.522,431.556,844.078,23.975,0.414627,155.831,225.909,228.281,659.837,23.975,156.611,222.827,225.776,657.332,23.975
docvqa,1792,64,docvqa_16568,measured,358.369,418.32,420.775,214.226,635.001,21.423,0.56436,155.422,222.793,225.426,439.652,21.423,156.642,222.901,225.158,439.384,21.423
docvqa,1792,64,docvqa_16574,measured,351.359,411.228,414.511,557.714,972.225,22.309,0.361397,157.326,223.977,226.349,784.063,22.309,156.768,224.888,227.803,785.517,22.309
docvqa,1792,64,docvqa_57537,measured,400.742,460.816,463.521,510.58,974.101,26.873,0.411397,156.93,223.254,225.828,736.408,26.873,156.648,223.042,225.466,736.046,26.873
docvqa,1792,64,docvqa_57539,measured,349.464,409.243,411.618,440.362,851.98,23.177,0.410179,160.069,226.474,229.116,669.478,23.177,156.62,223.589,225.909,666.271,23.177
docvqa,1792,64,docvqa_57540,measured,379.597,439.734,442.304,432.735,875.039,22.776,0.433806,155.626,223.211,225.902,658.637,22.776,156.814,223.088,225.853,658.588,22.776
docvqa,1792,64,docvqa_57543,measured,376.034,436.435,438.715,467.023,905.738,24.58,0.415168,155.437,223.047,225.682,692.705,24.58,156.734,227.301,229.776,696.799,24.58
docvqa,1792,64,docvqa_57550,measured,431.827,491.909,495.009,172.263,667.272,21.533,0.647153,155.395,222.022,225.09,397.353,21.533,157.061,223.674,227.255,399.518,21.533
docvqa,1792,64,docvqa_49361,measured,420.394,480.766,483.775,267.737,751.512,26.774,0.559398,161.976,230.166,232.66,500.397,26.774,156.74,223.098,225.567,493.304,26.774
docvqa,1792,64,docvqa_49362,measured,423.069,483.371,487.036,402.58,889.616,23.681,0.475564,155.377,222.107,224.489,627.069,23.681,156.635,223.037,225.274,627.854,23.681
docvqa,1792,64,docvqa_57557,measured,376.751,437.186,440.148,661.782,1101.93,26.471,0.341901,166.093,238.749,242.888,904.67,26.471,156.518,223.122,225.481,887.263,26.471
docvqa,1792,64,docvqa_49366,measured,361.233,421.212,423.832,302.943,726.775,21.639,0.497035,174.92,243.842,246.629,549.572,21.639,156.612,227.613,229.86,532.803,21.639
docvqa,1792,64,docvqa_32984,measured,417.67,477.696,480.777,351.129,831.906,20.655,0.502064,155.444,223.147,225.83,576.959,20.655,156.659,222.916,225.065,576.194,20.655
docvqa,1792,64,docvqa_49369,measured,391.642,451.921,455.131,288.147,743.278,26.195,0.526912,154.973,221.203,223.493,511.64,26.195,156.65,227.721,229.805,517.952,26.195
docvqa,1792,64,docvqa_57562,measured,408.014,468.276,471.469,269.648,741.117,26.965,0.550539,157.335,223.729,226.433,496.081,26.965,157.013,223.06,226.045,495.693,26.965
docvqa,1792,64,docvqa_32986,measured,406.021,466.092,469.32,377.813,847.133,22.224,0.479289,159.422,227.064,229.39,607.203,22.224,156.56,223.069,225.654,603.467,22.224
docvqa,1792,64,docvqa_57564,measured,400.984,461.139,463.831,1541.914,2005.745,24.475,0.199918,155.534,221.72,224.455,1766.369,24.475,156.789,223.081,225.549,1767.463,24.475
docvqa,1792,64,docvqa_49373,measured,396.945,457.17,460.221,321.304,781.525,22.95,0.507911,159.167,225.684,227.944,549.248,22.95,157.785,224.204,227.621,548.925,22.95
docvqa,1792,64,docvqa_16606,measured,374.84,435.059,437.886,276.411,714.297,27.641,0.524768,158.659,224.75,228.27,504.681,27.641,157.159,224.431,227.997,504.408,27.641
docvqa,1792,64,docvqa_223,measured,372.924,433.026,435.371,293.545,728.916,22.58,0.511615,155.166,221.196,223.489,517.034,22.58,157.022,225.004,227.582,521.127,22.58
docvqa,1792,64,docvqa_224,measured,400.763,461.011,463.624,403.699,867.323,26.913,0.462068,156.439,222.581,224.805,628.504,26.913,156.317,222.767,225.365,629.064,26.913
docvqa,1792,64,docvqa_16609,measured,376.514,436.516,439.343,378.187,817.53,22.246,0.46055,154.866,221.618,224.11,602.297,22.246,157.015,223.489,225.85,604.037,22.246
docvqa,1792,64,docvqa_57566,measured,344.519,404.15,406.356,364.012,770.368,22.751,0.447213,155.922,222.294,224.605,588.617,22.751,156.69,225.857,228.16,592.172,22.751
docvqa,1792,64,docvqa_16611,measured,417.233,477.617,481.598,397.654,879.252,20.929,0.474531,155.561,221.67,224.091,621.745,20.929,158.95,228.668,231.143,628.797,20.929
docvqa,1792,64,docvqa_49376,measured,405.584,466.114,469.087,269.152,738.239,22.429,0.549395,156.01,222.438,224.763,493.915,22.429,156.724,223.336,226.172,495.324,22.429
docvqa,1792,64,docvqa_49381,measured,354.491,414.508,417.056,330.943,747.999,20.684,0.473919,157.833,224.744,227.307,558.25,20.684,157.262,223.772,226.178,557.121,20.684
docvqa,1792,64,docvqa_32989,measured,424.36,484.233,487.278,355.257,842.535,22.204,0.50367,155.786,222.178,224.605,579.862,22.204,156.613,223.27,225.534,580.791,22.204
docvqa,1792,64,docvqa_231,measured,405.04,464.776,467.172,349.162,816.334,23.277,0.49617,155.48,221.789,224.51,573.672,23.277,156.053,222.431,225.183,574.345,23.277
docvqa,1792,64,docvqa_232,measured,397.101,457.222,459.896,394.539,854.435,24.659,0.464753,159.716,225.988,228.272,622.811,24.659,156.92,224.0,227.094,621.633,24.659
docvqa,1792,64,docvqa_32994,measured,395.719,455.496,457.899,398.324,856.223,24.895,0.462168,163.556,229.927,233.253,631.577,24.895,156.541,223.21,225.737,624.061,24.895
docvqa,1792,64,docvqa_234,measured,399.353,459.201,462.468,4327.906,4790.374,68.697,0.083366,155.093,221.31,223.651,4551.557,68.697,156.388,222.683,225.127,4553.033,68.697
docvqa,1792,64,docvqa_4931,measured,551.701,612.055,615.841,415.379,1031.22,20.769,0.534998,158.277,224.458,226.717,642.096,20.769,156.684,223.19,225.71,641.089,20.769
docvqa,1792,64,docvqa_32995,measured,401.177,461.191,464.244,394.753,858.997,24.672,0.467029,155.574,222.234,224.45,619.203,24.672,156.546,222.902,225.37,620.123,24.672
docvqa,1792,64,docvqa_237,measured,431.453,492.097,494.741,470.784,965.525,27.693,0.446859,158.302,227.614,230.239,701.023,27.693,156.732,223.008,225.688,696.472,27.693
docvqa,1792,64,docvqa_49390,measured,401.984,461.986,464.817,160.085,624.902,22.869,0.643276,187.345,254.427,257.317,417.402,22.869,156.879,223.667,226.488,386.573,22.869
docvqa,1792,64,docvqa_49391,measured,375.279,435.424,438.02,575.862,1013.882,26.176,0.370141,156.468,222.819,225.665,801.527,26.176,157.556,505.493,509.303,1085.165,26.176
docvqa,1792,64,docvqa_49392,measured,351.342,412.304,414.747,307.896,722.643,25.658,0.48619,157.076,231.342,233.792,541.688,25.658,156.622,222.609,225.213,533.109,25.658
docvqa,1792,64,docvqa_49393,measured,386.069,445.671,447.984,405.597,853.581,23.859,0.452294,155.75,223.83,226.221,631.818,23.859,156.691,223.407,226.14,631.737,23.859
docvqa,1792,64,docvqa_49394,measured,352.543,412.517,415.334,367.269,782.603,24.485,0.450475,154.527,220.461,222.666,589.935,24.485,157.696,223.92,226.682,593.951,24.485
docvqa,1792,64,docvqa_49395,measured,406.099,466.042,468.442,468.927,937.369,24.68,0.433233,160.243,226.279,229.474,698.401,24.68,156.698,223.007,225.413,694.34,24.68
docvqa,1792,64,docvqa_49396,measured,387.764,447.627,450.134,440.108,890.242,20.958,0.435572,185.354,257.763,261.259,701.367,20.958,157.006,224.251,227.447,667.555,20.958
docvqa,1792,64,docvqa_49397,measured,386.835,446.725,449.085,334.076,783.161,22.272,0.493941,155.508,224.345,226.828,560.904,22.272,156.789,229.358,231.956,566.032,22.272
docvqa,1792,64,docvqa_49398,measured,403.169,463.473,465.696,335.697,801.393,25.823,0.503086,176.993,245.543,248.392,584.089,25.823,156.366,229.357,231.587,567.284,25.823
docvqa,1792,64,docvqa_49399,measured,387.824,447.964,450.765,267.911,718.676,26.791,0.539637,157.837,225.074,227.871,495.782,26.791,156.464,222.467,224.761,492.672,26.791
docvqa,1792,64,docvqa_49400,measured,413.161,473.33,475.765,592.192,1067.957,23.688,0.386871,154.931,221.614,224.464,816.656,23.688,156.348,222.577,224.747,816.939,23.688
docvqa,1792,64,docvqa_49401,measured,392.384,452.537,456.128,331.166,787.294,20.698,0.498395,157.468,231.212,233.892,565.058,20.698,156.559,230.617,232.932,564.098,20.698
docvqa,1792,64,docvqa_49402,measured,382.619,443.344,446.05,759.048,1205.098,25.302,0.3175,157.696,228.15,231.082,990.13,25.302,156.678,222.571,224.709,983.757,25.302
docvqa,1792,64,docvqa_49403,measured,412.786,472.845,475.285,266.28,741.565,29.587,0.556642,155.477,221.762,224.175,490.455,29.587,156.661,223.342,225.578,491.858,29.587
docvqa,1792,64,docvqa_49404,measured,378.915,439.211,441.928,692.542,1134.47,28.856,0.334002,158.492,224.889,227.515,920.057,28.856,156.579,223.016,225.415,917.957,28.856
docvqa,1792,64,docvqa_254,measured,428.206,488.462,490.986,431.992,922.978,25.411,0.46394,154.858,221.056,223.482,655.474,25.411,156.414,223.172,225.463,657.455,25.411
docvqa,1792,64,docvqa_255,measured,405.398,465.313,468.059,419.09,887.149,27.939,0.456967,159.192,225.497,227.818,646.908,27.939,156.526,222.766,224.952,644.042,27.939
docvqa,1792,64,docvqa_256,measured,409.81,469.984,472.388,452.252,924.64,25.125,0.44321,163.058,229.471,232.642,684.894,25.125,156.564,223.986,226.132,678.384,25.125
docvqa,1792,64,docvqa_49406,measured,378.5,438.432,440.917,332.982,773.899,22.199,0.489081,157.51,223.469,225.731,558.713,22.199,156.591,223.05,225.205,558.187,22.199
docvqa,1792,64,docvqa_265,measured,383.841,444.498,447.201,847.727,1294.928,24.221,0.296419,156.715,224.515,226.738,1074.465,24.221,156.557,222.651,224.876,1072.603,24.221
docvqa,1792,64,docvqa_266,measured,385.388,445.074,447.432,368.448,815.88,23.028,0.472359,154.886,221.356,223.873,592.321,23.028,156.552,224.673,226.901,595.349,23.028
docvqa,1792,64,docvqa_267,measured,387.664,447.942,450.746,661.442,1112.188,25.44,0.34856,165.517,234.152,236.929,898.371,25.44,156.608,222.826,225.121,886.563,25.44
docvqa,1792,64,docvqa_271,measured,382.758,442.576,445.002,326.345,771.347,20.397,0.49622,172.182,238.64,242.545,568.89,20.397,157.191,223.556,226.448,552.793,20.397
docvqa,1792,64,docvqa_49432,measured,345.687,405.59,408.034,879.037,1287.071,23.758,0.268585,156.073,222.12,224.471,1103.508,23.758,156.731,223.257,225.489,1104.526,23.758
docvqa,1792,64,docvqa_283,measured,389.464,449.678,452.188,469.981,922.169,22.38,0.422335,170.582,236.946,240.315,710.296,22.38,156.684,222.947,225.584,695.565,22.38
docvqa,1792,64,docvqa_284,measured,391.567,452.169,454.426,584.839,1039.265,20.887,0.376773,157.641,223.805,226.25,811.089,20.887,156.639,223.885,226.14,810.979,20.887
docvqa,1792,64,docvqa_285,measured,432.06,492.414,496.203,342.032,838.235,22.802,0.51544,159.875,226.196,228.568,570.6,22.802,156.941,224.624,227.018,569.05,22.802
docvqa,1792,64,docvqa_49437,measured,440.953,501.64,505.163,286.615,791.778,20.473,0.556915,156.373,222.941,225.532,512.147,20.473,156.543,222.942,225.398,512.013,20.473
docvqa,1792,64,docvqa_49442,measured,404.468,464.43,466.762,349.214,815.976,24.944,0.495686,157.76,226.367,228.944,578.158,24.944,158.455,230.088,232.389,581.603,24.944
docvqa,1792,64,docvqa_292,measured,370.625,430.79,433.209,714.896,1148.105,25.532,0.322815,158.526,225.085,227.805,942.701,25.532,156.401,222.875,225.359,940.255,25.532
docvqa,1792,64,docvqa_296,measured,417.01,477.104,479.646,331.084,810.73,23.649,0.514364,154.943,221.197,223.703,554.787,23.649,156.577,224.657,227.16,558.244,23.649
docvqa,1792,64,docvqa_297,measured,422.405,483.021,485.681,365.111,850.792,22.819,0.496485,163.048,238.293,240.693,605.804,22.819,156.436,222.886,225.44,590.551,22.819
docvqa,1792,64,docvqa_298,measured,381.927,442.111,444.543,220.28,664.823,20.026,0.574479,155.677,221.768,223.955,444.235,20.026,156.616,224.127,226.618,446.898,20.026
docvqa,1792,64,docvqa_49449,measured,345.462,405.363,407.597,400.77,808.367,25.048,0.427358,158.116,224.209,226.67,627.44,25.048,156.706,223.487,225.986,626.756,25.048
docvqa,1792,64,docvqa_300,measured,349.235,409.312,411.922,409.537,821.459,21.555,0.42514,158.277,224.544,226.923,636.46,21.555,156.542,223.31,225.637,635.174,21.555
docvqa,1792,64,docvqa_49454,measured,624.534,684.456,688.096,439.726,1127.822,23.143,0.553752,155.812,222.315,224.485,664.211,23.143,156.636,223.091,225.363,665.089,23.143
docvqa,1792,64,docvqa_303,measured,370.217,429.95,432.568,360.423,792.991,22.526,0.466861,170.052,236.746,239.904,600.327,22.526,156.625,223.673,226.003,586.426,22.526
docvqa,1792,64,docvqa_304,measured,373.159,432.947,435.672,659.116,1094.788,24.412,0.34085,156.092,222.996,225.54,884.656,24.412,155.987,222.287,224.803,883.919,24.412
docvqa,1792,64,docvqa_305,measured,378.85,439.182,441.715,482.864,924.579,26.826,0.409754,163.308,229.691,233.285,716.149,26.826,156.573,222.904,225.425,708.289,26.826
docvqa,1792,64,docvqa_49455,measured,374.155,433.907,436.648,910.039,1346.687,23.334,0.277834,155.93,222.178,224.616,1134.655,23.334,156.775,223.169,225.857,1135.896,23.334
docvqa,1792,64,docvqa_307,measured,406.598,466.599,470.499,314.092,784.591,20.939,0.518229,157.518,224.18,226.427,540.519,20.939,156.626,223.678,226.468,540.56,20.939
docvqa,1792,64,docvqa_49461,measured,360.898,420.947,423.923,468.96,892.883,24.682,0.404194,156.601,222.767,224.925,693.885,24.682,156.481,222.689,225.109,694.069,24.682
docvqa,1792,64,docvqa_49465,measured,352.939,412.713,415.246,476.145,891.391,22.674,0.395942,156.887,224.939,227.217,703.362,22.674,156.602,231.107,233.675,709.82,22.674
docvqa,1792,64,docvqa_317,measured,372.377,432.348,434.84,222.961,657.801,22.296,0.566094,158.192,231.118,233.467,456.428,22.296,156.702,225.092,228.466,451.427,22.296
docvqa,1792,64,docvqa_319,measured,419.904,479.915,482.313,462.993,945.306,22.047,0.444199,157.249,223.497,225.91,688.903,22.047,156.507,222.564,224.835,687.828,22.047
docvqa,1792,64,docvqa_320,measured,378.952,438.848,441.239,1526.519,1967.758,24.23,0.192581,158.155,224.317,226.603,1753.122,24.23,156.772,223.557,226.035,1752.554,24.23
docvqa,1792,64,docvqa_321,measured,421.592,482.149,484.853,1531.236,2016.089,24.305,0.209114,155.269,221.602,223.983,1755.219,24.305,156.847,226.52,228.88,1760.116,24.305
docvqa,1792,64,docvqa_345,measured,402.077,461.965,465.853,246.954,712.807,20.58,0.564075,155.86,221.807,224.146,471.1,20.58,156.537,222.771,225.662,472.616,20.58
docvqa,1792,64,docvqa_346,measured,369.911,430.07,432.374,581.441,1013.815,22.363,0.36487,155.784,222.488,225.034,806.475,22.363,156.685,226.98,229.479,810.92,22.363
docvqa,1792,64,docvqa_347,measured,385.955,445.803,448.176,484.438,932.614,20.185,0.413843,157.344,225.688,228.17,712.608,20.185,156.727,222.837,225.095,709.533,20.185
docvqa,1792,64,docvqa_348,measured,500.386,560.522,562.819,447.209,1010.028,22.36,0.495418,159.991,226.505,228.934,676.143,22.36,157.007,223.156,226.685,673.894,22.36
docvqa,1792,64,docvqa_6943,measured,440.306,500.367,502.981,378.399,881.38,23.65,0.499564,157.907,224.146,226.579,604.978,23.65,156.472,222.749,225.077,603.476,23.65
docvqa,1792,64,docvqa_357,measured,406.79,467.246,469.679,334.653,804.332,27.888,0.50575,157.823,224.302,226.508,561.161,27.888,156.624,222.664,224.963,559.616,27.888
docvqa,1792,64,docvqa_358,measured,372.128,432.044,434.375,426.434,860.809,28.429,0.4323,158.473,225.964,228.376,654.81,28.429,156.451,223.644,225.845,652.279,28.429
docvqa,1792,64,docvqa_359,measured,399.244,459.528,461.831,396.976,858.807,24.811,0.464882,155.877,222.422,224.63,621.606,24.811,156.414,222.749,225.446,622.422,24.811
docvqa,1792,64,docvqa_360,measured,379.532,440.174,442.822,549.17,991.992,27.458,0.382595,160.072,227.079,229.594,778.764,27.458,156.665,222.998,225.286,774.456,27.458
docvqa,1792,64,docvqa_361,measured,408.329,468.41,471.045,786.02,1257.065,24.563,0.324827,155.005,221.154,223.478,1009.498,24.563,156.581,222.874,225.628,1011.648,24.563
docvqa,1792,64,docvqa_362,measured,350.388,410.432,412.937,482.804,895.741,22.991,0.391171,155.945,222.299,224.49,707.294,22.991,156.656,223.04,225.716,708.52,22.991
docvqa,1792,64,docvqa_363,measured,377.132,437.249,441.37,409.983,851.353,22.777,0.44298,157.923,224.368,226.72,636.703,22.777,157.374,224.395,228.062,638.045,22.777
docvqa,1792,64,docvqa_364,measured,377.052,437.376,440.352,787.821,1228.173,23.873,0.307002,157.884,226.213,228.423,1016.244,23.873,160.22,226.904,230.369,1018.19,23.873
docvqa,1792,64,docvqa_365,measured,448.419,508.555,511.028,588.17,1099.198,23.527,0.407951,156.548,225.751,228.629,816.799,23.527,156.656,223.547,226.034,814.204,23.527
docvqa,1792,64,docvqa_8560,measured,465.595,525.844,529.038,421.767,950.805,22.198,0.489685,156.316,224.532,226.939,648.706,22.198,156.903,223.216,226.094,647.861,22.198
docvqa,1792,64,docvqa_4958,measured,386.81,447.831,450.276,419.163,869.439,26.198,0.444896,156.77,230.112,232.903,652.066,26.198,156.547,222.78,225.227,644.39,26.198
docvqa,1792,64,docvqa_8565,measured,374.787,434.904,437.64,625.454,1063.094,24.056,0.352544,155.095,225.359,227.659,853.113,24.056,156.79,223.328,225.801,851.255,24.056
docvqa,1792,64,docvqa_4959,measured,381.002,441.246,443.734,119.838,563.572,23.968,0.676048,157.725,224.447,227.246,347.084,23.968,156.705,222.993,225.507,345.345,23.968
docvqa,1792,64,docvqa_375,measured,417.01,476.98,479.482,565.96,1045.442,24.607,0.398884,177.994,244.701,248.661,814.621,24.607,156.73,223.083,225.604,791.564,24.607
docvqa,1792,64,docvqa_376,measured,402.794,462.767,465.235,489.851,955.086,22.266,0.421736,158.227,224.609,227.261,717.112,22.266,156.341,222.503,225.245,715.096,22.266
docvqa,1792,64,docvqa_377,measured,432.573,492.798,495.16,245.323,740.483,22.302,0.584177,169.528,235.716,239.293,484.616,22.302,156.631,222.703,225.102,470.425,22.302
docvqa,1792,64,docvqa_49528,measured,404.826,465.517,467.899,249.367,717.266,31.171,0.564401,157.113,223.446,226.046,475.413,31.171,156.517,222.853,225.317,474.684,31.171
docvqa,1792,64,docvqa_49530,measured,376.082,436.224,438.597,180.993,619.59,22.624,0.606986,157.209,223.807,226.156,407.149,22.624,156.566,223.025,225.512,406.505,22.624
docvqa,1792,64,docvqa_49532,measured,387.252,447.017,449.485,388.42,837.905,22.848,0.462167,157.153,225.393,227.67,616.09,22.848,156.711,222.658,224.965,613.385,22.848
docvqa,1792,64,docvqa_24499,measured,409.382,469.512,471.794,1493.9,1965.694,23.713,0.208263,160.44,226.943,229.319,1723.219,23.713,156.524,222.536,224.833,1718.733,23.713
docvqa,1792,64,docvqa_49534,measured,531.175,591.088,593.849,454.603,1048.452,23.926,0.506628,155.492,221.767,224.499,679.102,23.926,156.674,222.878,225.582,680.185,23.926
docvqa,1792,64,docvqa_383,measured,397.323,457.294,459.946,886.239,1346.185,22.156,0.295147,157.925,224.227,226.827,1113.066,22.156,156.674,223.616,225.911,1112.15,22.156
docvqa,1792,64,docvqa_384,measured,398.088,457.808,460.254,1196.716,1656.97,24.932,0.24025,155.442,221.748,224.342,1421.058,24.932,156.55,222.747,225.338,1422.054,24.932
docvqa,1792,64,docvqa_385,measured,403.977,464.076,466.638,2075.897,2542.535,32.951,0.158887,168.637,235.623,238.558,2314.455,32.951,157.121,223.721,226.407,2302.304,32.951
docvqa,1792,64,docvqa_49536,measured,371.59,431.627,434.217,1150.451,1584.668,26.147,0.234491,155.323,221.902,224.315,1374.766,26.147,156.541,222.701,225.397,1375.848,26.147
docvqa,1792,64,docvqa_24500,measured,399.2,459.546,462.302,1007.451,1469.753,22.897,0.27161,158.956,227.324,230.039,1237.49,22.897,156.659,222.671,224.985,1232.436,22.897
docvqa,1792,64,docvqa_33153,measured,371.201,431.111,434.363,612.766,1047.129,25.532,0.354494,166.787,233.192,236.67,849.436,25.532,156.542,222.628,225.277,838.043,25.532
docvqa,1792,64,docvqa_57733,measured,368.689,428.571,431.267,584.589,1015.856,25.417,0.362934,160.284,227.028,229.409,813.998,25.417,156.52,223.101,225.601,810.19,25.417
docvqa,1792,64,docvqa_49542,measured,420.576,480.909,483.277,344.908,828.185,20.289,0.507828,156.391,222.494,224.812,569.72,20.289,156.71,222.977,225.17,570.078,20.289
docvqa,1792,64,docvqa_33158,measured,371.153,431.211,433.945,274.19,708.135,27.419,0.524128,156.727,223.393,225.688,499.878,27.419,156.352,222.418,224.568,498.758,27.419
docvqa,1792,64,docvqa_49544,measured,358.086,418.132,420.636,726.755,1147.391,24.225,0.312087,161.779,235.084,237.365,964.12,24.225,158.109,225.006,228.053,954.808,24.225
docvqa,1792,64,docvqa_58694,measured,351.553,411.875,414.262,483.619,897.881,25.454,0.391536,157.834,223.837,226.06,709.679,25.454,156.497,222.939,225.095,708.714,25.454
docvqa,1792,64,docvqa_49546,measured,382.739,442.798,445.078,1712.794,2157.872,28.079,0.177368,159.109,225.441,228.027,1940.821,28.079,156.545,223.204,225.5,1938.294,28.079
docvqa,1792,64,docvqa_395,measured,412.0,472.582,475.107,257.012,732.119,23.365,0.562751,168.643,235.499,240.69,497.702,23.365,156.631,224.628,226.953,483.965,23.365
docvqa,1792,64,docvqa_396,measured,380.192,440.103,442.797,597.391,1040.188,28.447,0.365503,155.524,221.566,223.821,821.212,28.447,156.4,224.117,226.401,823.792,28.447
docvqa,1792,64,docvqa_397,measured,432.24,492.122,494.513,498.668,993.181,23.746,0.435207,156.923,223.2,225.411,724.079,23.746,158.513,225.284,229.558,728.226,23.746
docvqa,1792,64,docvqa_49550,measured,409.33,469.139,471.582,1263.448,1735.03,24.773,0.235921,156.745,223.666,226.317,1489.765,24.773,158.719,230.833,233.164,1496.612,24.773
docvqa,1792,64,docvqa_58695,measured,411.778,471.889,474.543,615.922,1090.465,26.779,0.377617,157.093,225.664,228.112,844.034,26.779,156.626,224.005,226.289,842.211,26.779
docvqa,1792,64,docvqa_398,measured,377.731,437.643,440.096,340.76,780.856,26.212,0.48374,155.866,222.23,224.807,565.567,26.212,156.425,222.823,225.057,565.817,26.212
docvqa,1792,64,docvqa_49555,measured,412.378,472.555,475.277,807.118,1282.395,24.458,0.321569,159.734,229.642,232.173,1039.291,24.458,156.757,223.238,226.431,1033.549,24.458
docvqa,1792,64,docvqa_16789,measured,414.697,474.579,478.065,476.658,954.723,19.861,0.434363,155.375,221.696,223.988,700.646,19.861,156.61,230.027,232.512,709.17,19.861
docvqa,1792,64,docvqa_407,measured,380.254,440.513,443.28,335.159,778.439,25.781,0.488483,157.374,223.981,226.482,561.641,25.781,156.417,222.764,225.216,560.375,25.781
docvqa,1792,64,docvqa_49560,measured,372.904,433.02,435.727,621.921,1057.648,23.034,0.352579,160.011,226.24,228.745,850.666,23.034,156.661,223.355,226.352,848.273,23.034
docvqa,1792,64,docvqa_408,measured,401.819,461.739,464.297,313.453,777.75,22.389,0.516642,155.48,492.037,494.337,807.79,22.389,156.548,223.924,226.637,540.09,22.389
docvqa,1792,64,docvqa_409,measured,347.323,407.188,409.517,582.18,991.697,27.723,0.350231,157.533,223.673,225.903,808.083,27.723,156.439,224.177,226.721,808.901,27.723
docvqa,1792,64,docvqa_24505,measured,410.514,470.605,474.279,346.244,820.523,21.64,0.500308,166.433,232.534,235.894,582.138,21.64,156.707,223.771,226.179,572.423,21.64
docvqa,1792,64,docvqa_410,measured,410.886,471.061,474.013,665.98,1139.993,25.615,0.360429,155.467,221.624,223.997,889.977,25.615,156.699,223.318,231.21,897.19,25.615
docvqa,1792,64,docvqa_49565,measured,349.075,408.817,411.396,290.455,701.851,24.205,0.497363,156.044,222.216,224.748,515.203,24.205,158.138,224.28,226.719,517.174,24.205
docvqa,1792,64,docvqa_16801,measured,385.099,444.932,447.261,225.54,672.801,25.06,0.572382,165.039,231.009,233.616,459.156,25.06,156.516,225.403,227.815,453.355,25.06
docvqa,1792,64,docvqa_49569,measured,403.669,463.805,466.597,337.862,804.459,25.989,0.501789,157.034,229.861,233.309,571.171,25.989,156.545,222.756,225.151,563.013,25.989
docvqa,1792,64,docvqa_57765,measured,372.783,433.224,435.669,493.562,929.231,24.678,0.401173,155.753,221.907,224.246,717.808,24.678,156.672,222.924,225.177,718.739,24.678
docvqa,1792,64,docvqa_57766,measured,377.022,437.501,440.218,413.631,853.849,25.852,0.441556,156.411,225.265,227.846,641.477,25.852,156.865,223.188,225.997,639.628,25.852
docvqa,1792,64,docvqa_57767,measured,375.958,436.089,438.461,340.823,779.284,26.217,0.48244,155.705,222.499,224.754,565.577,26.217,156.529,222.772,225.245,566.068,26.217
docvqa,1792,64,docvqa_58700,measured,379.846,439.955,442.345,540.23,982.575,25.725,0.386582,156.587,222.755,225.046,765.276,25.725,156.979,223.287,225.891,766.121,25.725
docvqa,1792,64,docvqa_49574,measured,373.386,433.421,435.858,534.483,970.341,28.131,0.384798,156.97,224.676,227.291,761.774,28.131,156.565,222.698,225.063,759.546,28.131
docvqa,1792,64,docvqa_57770,measured,397.354,458.001,460.512,341.137,801.649,24.367,0.495671,156.869,223.093,225.519,566.656,24.367,156.683,223.038,225.553,566.69,24.367
docvqa,1792,64,docvqa_57771,measured,407.852,467.881,470.573,1486.178,1956.751,25.189,0.208434,167.93,234.871,238.117,1724.295,25.189,156.821,223.351,225.521,1711.699,25.189
docvqa,1792,64,docvqa_49579,measured,392.086,451.933,454.459,361.554,816.013,24.104,0.48049,176.288,242.578,253.172,614.726,24.104,156.863,223.162,225.903,587.457,24.104
docvqa,1792,64,docvqa_49577,measured,499.376,559.198,561.521,234.025,795.546,21.275,0.627714,160.881,227.223,229.388,463.413,21.275,156.878,222.789,225.915,459.94,21.275
docvqa,1792,64,docvqa_49583,measured,405.568,465.766,468.22,480.777,948.997,25.304,0.427365,157.181,223.714,226.087,706.864,25.304,156.571,223.219,225.438,706.215,25.304
docvqa,1792,64,docvqa_431,measured,361.826,421.687,424.244,622.292,1046.536,23.048,0.345737,156.479,226.461,228.641,850.933,23.048,156.79,223.2,225.61,847.902,23.048
docvqa,1792,64,docvqa_58702,measured,378.01,438.044,440.923,449.35,890.273,24.964,0.4246,169.667,236.104,242.224,691.574,24.964,156.242,222.572,224.936,674.286,24.964
docvqa,1792,64,docvqa_49586,measured,382.318,442.752,445.282,1483.389,1928.671,23.546,0.198229,155.292,221.587,224.28,1707.669,23.546,156.762,230.166,232.696,1716.085,23.546
docvqa,1792,64,docvqa_432,measured,428.871,489.265,491.527,451.947,943.474,23.787,0.454566,158.728,225.141,227.745,679.692,23.787,157.053,223.311,225.756,677.703,23.787
docvqa,1792,64,docvqa_57780,measured,413.665,473.698,476.376,361.885,838.261,22.618,0.49348,155.358,227.05,229.28,591.165,22.618,156.453,222.836,225.215,587.1,22.618
docvqa,1792,64,docvqa_57781,measured,383.893,443.827,446.439,284.213,730.652,20.301,0.525412,157.262,229.962,232.193,516.406,20.301,156.677,223.431,225.95,510.163,20.301
docvqa,1792,64,docvqa_57782,measured,352.553,412.332,416.705,2375.617,2792.322,37.708,0.126258,154.608,220.663,222.815,2598.432,37.708,158.111,228.122,232.662,2608.279,37.708
docvqa,1792,64,docvqa_57783,measured,404.211,464.295,466.716,418.217,884.933,24.601,0.45677,157.087,223.734,226.594,644.811,24.601,156.527,222.615,224.871,643.088,24.601
docvqa,1792,64,docvqa_57784,measured,373.821,433.848,436.223,1081.591,1517.814,24.035,0.246289,159.434,225.641,228.142,1309.733,24.035,156.758,222.812,224.956,1306.547,24.035
docvqa,1792,64,docvqa_433,measured,383.88,443.925,446.581,458.154,904.735,25.453,0.424301,157.438,223.765,226.382,684.536,25.453,157.03,224.682,227.069,685.223,25.453
docvqa,1792,64,docvqa_16826,measured,378.107,437.952,440.593,991.239,1431.832,23.601,0.264072,155.188,221.33,223.604,1214.843,23.601,157.096,223.377,228.788,1220.027,23.601
docvqa,1792,64,docvqa_57786,measured,381.524,441.831,444.427,402.488,846.915,25.156,0.450487,157.719,224.098,227.001,629.489,25.156,156.936,224.552,227.565,630.053,25.156
docvqa,1792,64,docvqa_49595,measured,398.004,458.188,460.652,688.774,1149.426,27.551,0.346263,155.208,221.569,223.989,912.763,27.551,156.648,226.749,229.956,918.73,27.551
docvqa,1792,64,docvqa_444,measured,430.405,490.706,493.912,415.821,909.733,24.46,0.473111,154.342,220.497,222.748,638.569,24.46,156.597,222.962,225.234,641.055,24.46
docvqa,1792,64,docvqa_16830,measured,438.248,498.969,501.466,488.813,990.279,22.219,0.44255,158.302,226.081,228.537,717.35,22.219,156.759,223.435,226.134,714.947,22.219
docvqa,1792,64,docvqa_16831,measured,398.082,458.07,461.26,458.114,919.374,20.823,0.432992,173.035,239.686,243.17,701.284,20.823,157.11,223.191,226.469,684.583,20.823
docvqa,1792,64,docvqa_16832,measured,392.083,451.935,454.375,323.28,777.655,21.552,0.504187,158.445,224.814,227.225,550.505,21.552,156.686,223.27,225.594,548.874,21.552
docvqa,1792,64,docvqa_57790,measured,382.484,442.387,444.657,169.812,614.469,21.226,0.622463,157.498,223.463,225.971,395.783,21.226,156.608,222.841,225.069,394.881,21.226
docvqa,1792,64,docvqa_57791,measured,432.265,492.72,496.584,647.037,1143.621,24.886,0.377979,155.99,228.297,230.555,877.592,24.886,156.829,223.368,226.13,873.167,24.886
docvqa,1792,64,docvqa_16835,measured,403.257,463.361,465.957,436.272,902.229,22.962,0.446956,179.239,245.713,248.281,684.553,22.962,156.758,222.999,225.896,662.168,22.962
docvqa,1792,64,docvqa_450,measured,384.293,444.212,447.246,298.103,745.349,21.293,0.515589,158.275,233.006,235.726,533.829,21.293,156.571,222.912,225.421,523.524,21.293
docvqa,1792,64,docvqa_16837,measured,387.436,447.323,449.749,337.438,787.187,21.09,0.492179,156.543,222.727,225.21,562.648,21.09,156.577,226.655,229.059,566.497,21.09
docvqa,1792,64,docvqa_57798,measured,428.715,489.08,491.789,607.294,1099.083,22.492,0.390066,167.085,233.374,236.491,843.785,22.492,156.947,223.37,226.51,833.804,22.492
docvqa,1792,64,docvqa_16839,measured,380.085,439.829,443.561,359.701,803.262,19.983,0.473176,156.171,222.943,225.483,585.184,19.983,156.768,223.3,225.931,585.632,19.983
docvqa,1792,64,docvqa_57799,measured,372.751,432.973,435.68,446.301,881.981,22.315,0.42263,172.416,240.31,242.958,689.259,22.315,156.793,223.251,225.676,671.977,22.315
docvqa,1792,64,docvqa_57800,measured,397.833,458.469,460.825,641.739,1102.564,20.701,0.360825,156.41,228.585,230.9,872.639,20.701,156.735,226.406,228.747,870.486,20.701
docvqa,1792,64,docvqa_57801,measured,370.951,430.97,433.179,518.49,951.669,27.289,0.38979,172.189,238.596,241.029,759.519,27.289,156.047,223.426,225.865,744.355,27.289
docvqa,1792,64,docvqa_57803,measured,359.619,419.804,423.527,336.966,760.493,21.06,0.472877,172.642,238.689,242.058,579.024,21.06,160.101,232.502,234.948,571.914,21.06
docvqa,1792,64,docvqa_57804,measured,388.039,448.425,451.236,213.791,665.027,23.755,0.583493,168.162,235.469,237.985,451.776,23.755,155.902,222.322,224.739,438.53,23.755
docvqa,1792,64,docvqa_57805,measured,398.042,458.311,462.822,1116.914,1579.736,25.384,0.251967,158.754,225.028,227.397,1344.311,25.384,156.014,222.45,225.287,1342.201,25.384
docvqa,1792,64,docvqa_49605,measured,353.595,413.28,415.936,417.254,833.19,20.863,0.424387,158.913,225.232,227.967,645.221,20.863,156.471,223.418,225.731,642.985,20.863
docvqa,1792,64,docvqa_57807,measured,361.127,421.285,424.698,289.08,713.778,20.649,0.505938,155.336,223.825,226.348,515.428,20.649,159.9,226.909,230.179,519.259,20.649
docvqa,1792,64,docvqa_57808,measured,418.667,478.722,481.865,399.941,881.806,24.996,0.474784,157.633,223.839,226.432,626.373,24.996,156.552,222.816,225.095,625.036,24.996
docvqa,1792,64,docvqa_49617,measured,400.912,460.837,463.182,647.502,1110.684,25.9,0.36096,157.442,226.068,228.787,876.289,25.9,156.528,222.606,224.855,872.357,25.9
docvqa,1792,64,docvqa_57810,measured,379.7,440.039,443.377,474.681,918.058,21.576,0.413591,186.647,252.711,254.998,729.679,21.576,156.501,222.632,224.991,699.672,21.576
docvqa,1792,64,docvqa_41421,measured,403.966,464.059,466.778,403.334,870.112,25.208,0.464268,155.73,221.93,224.221,627.555,25.208,157.38,223.959,227.592,630.926,25.208
docvqa,1792,64,docvqa_461,measured,522.679,582.719,585.414,4029.766,4615.18,63.965,0.113252,158.265,225.262,227.937,4257.703,63.965,156.538,223.513,226.138,4255.904,63.965
docvqa,1792,64,docvqa_463,measured,389.799,450.737,453.38,3035.93,3489.31,48.189,0.111712,158.832,229.257,231.898,3267.828,48.189,156.444,228.243,230.647,3266.577,48.189
docvqa,1792,64,docvqa_4977,measured,406.267,466.306,468.796,289.03,757.826,26.275,0.536096,158.108,224.418,226.76,515.79,26.275,163.963,231.453,234.84,523.87,26.275
docvqa,1792,64,docvqa_57815,measured,378.893,438.777,441.318,443.876,885.194,26.11,0.428033,165.395,231.813,233.998,677.874,26.11,156.744,223.209,225.501,669.377,26.11
docvqa,1792,64,docvqa_4978,measured,375.735,435.776,438.275,402.826,841.101,25.177,0.446718,156.707,222.969,225.151,627.977,25.177,156.54,222.925,225.207,628.033,25.177
docvqa,1792,64,docvqa_57817,measured,418.825,909.729,912.369,746.878,1659.247,25.754,0.252419,156.647,224.964,227.367,974.245,25.754,156.537,229.347,231.827,978.705,25.754
docvqa,1792,64,docvqa_41434,measured,410.781,470.564,473.457,299.878,773.335,23.068,0.531181,169.591,235.984,239.488,539.366,23.068,157.161,236.506,238.881,538.759,23.068
docvqa,1792,64,docvqa_57819,measured,409.598,469.384,471.806,552.461,1024.267,25.112,0.399894,160.176,227.654,230.36,782.821,25.112,156.549,222.887,225.132,777.593,25.112
docvqa,1792,64,docvqa_57820,measured,388.768,448.558,451.731,301.69,753.421,23.207,0.516003,156.819,223.226,225.703,527.393,23.207,156.797,224.638,227.328,529.018,23.207
docvqa,1792,64,docvqa_57821,measured,490.484,550.369,553.975,297.456,851.431,22.881,0.57607,154.975,221.274,223.597,521.053,22.881,156.636,223.767,226.26,523.716,22.881
docvqa,1792,64,docvqa_57822,measured,386.663,446.494,449.263,529.648,978.911,24.075,0.394993,155.257,221.607,223.949,753.597,24.075,156.467,222.786,225.226,754.874,24.075
docvqa,1792,64,docvqa_57823,measured,383.702,444.986,447.8,430.279,878.079,26.892,0.436979,155.828,222.114,224.842,655.121,26.892,156.597,224.609,227.188,657.467,26.892
docvqa,1792,64,docvqa_49629,measured,360.226,420.326,422.813,383.358,806.171,25.557,0.446836,157.906,224.712,227.195,610.553,25.557,156.845,223.652,226.208,609.566,25.557
docvqa,1792,64,docvqa_57825,measured,349.32,408.934,411.518,379.022,790.54,27.073,0.441875,156.008,222.472,224.962,603.984,27.073,156.787,225.032,227.497,606.519,27.073
docvqa,1792,64,docvqa_57826,measured,374.51,434.299,437.283,343.495,780.778,22.9,0.479663,159.269,228.092,230.923,574.418,22.9,157.124,223.45,227.555,571.05,22.9
docvqa,1792,64,docvqa_57827,measured,410.478,470.539,473.847,450.311,924.158,22.516,0.444164,158.144,224.484,227.002,677.313,22.516,157.212,223.633,227.008,677.319,22.516
docvqa,1792,64,docvqa_476,measured,408.543,468.418,470.843,240.65,711.493,26.739,0.574206,156.568,222.622,225.156,465.806,26.739,156.7,223.342,225.806,466.456,26.739
docvqa,1792,64,docvqa_4980,measured,375.825,435.905,438.26,659.292,1097.552,24.418,0.342421,178.264,246.259,249.717,909.009,24.418,156.681,224.143,226.729,886.021,24.418
docvqa,1792,64,docvqa_57833,measured,418.327,478.946,481.464,181.24,662.704,22.655,0.631243,156.303,222.571,224.852,406.092,22.655,156.697,224.088,226.391,407.631,22.655
docvqa,1792,64,docvqa_41449,measured,365.315,425.65,427.983,369.314,797.297,23.082,0.458192,158.897,226.543,228.975,598.289,23.082,156.636,223.888,226.518,595.832,23.082
docvqa,1792,64,docvqa_57835,measured,403.063,463.139,465.986,398.877,864.863,24.93,0.466043,166.818,233.522,236.766,635.643,24.93,156.699,229.389,232.066,630.943,24.93
docvqa,1792,64,docvqa_57836,measured,373.288,433.234,435.806,293.267,729.073,26.661,0.512004,156.798,224.056,226.493,519.76,26.661,156.8,223.008,225.845,519.112,26.661
docvqa,1792,64,docvqa_57837,measured,390.761,451.194,453.608,320.864,774.472,29.169,0.504551,156.401,224.224,227.213,548.077,29.169,156.61,224.316,227.14,548.004,29.169
docvqa,1792,64,docvqa_57838,measured,385.458,445.44,447.852,234.085,681.937,26.009,0.565239,158.826,225.336,228.013,462.098,26.009,156.766,225.109,227.719,461.804,26.009
docvqa,1792,64,docvqa_49643,measured,371.572,431.836,434.502,605.202,1039.704,26.313,0.357383,157.991,224.264,226.797,831.999,26.313,156.579,222.619,224.953,830.155,26.313
docvqa,1792,64,docvqa_57841,measured,368.227,428.235,430.895,236.796,667.691,26.311,0.551493,157.062,223.639,226.34,463.136,26.311,156.592,223.055,225.835,462.631,26.311
docvqa,1792,64,docvqa_57843,measured,380.843,440.515,442.952,248.427,691.379,27.603,0.550845,156.795,222.857,225.173,473.6,27.603,156.756,223.269,225.92,474.347,27.603
docvqa,1792,64,docvqa_57844,measured,386.616,446.224,448.817,516.174,964.991,20.647,0.400642,158.595,225.06,227.257,743.431,20.647,157.046,223.762,226.872,743.046,20.647
docvqa,1792,64,docvqa_57845,measured,381.327,441.079,443.574,432.335,875.909,24.019,0.43535,159.896,227.457,229.991,662.326,24.019,156.59,223.474,225.995,658.33,24.019
docvqa,1792,64,docvqa_57853,measured,349.498,409.021,411.488,330.034,741.522,20.627,0.471325,171.999,238.051,243.134,573.168,20.627,157.117,223.366,226.636,556.67,20.627
docvqa,1792,64,docvqa_57854,measured,436.309,496.28,498.698,474.517,973.215,22.596,0.448317,172.739,239.009,242.911,717.428,22.596,158.435,233.936,236.139,710.656,22.596
docvqa,1792,64,docvqa_57855,measured,363.405,423.339,426.196,442.887,869.083,23.31,0.418148,177.223,243.341,246.352,689.239,23.31,156.617,231.775,234.01,676.897,23.31
docvqa,1792,64,docvqa_57857,measured,379.861,439.694,442.08,801.838,1243.918,25.057,0.305375,157.257,224.254,226.716,1028.554,25.057,156.516,222.438,224.639,1026.477,25.057
docvqa,1792,64,docvqa_57858,measured,400.558,460.787,463.384,574.376,1037.76,24.973,0.385983,157.577,223.604,226.292,800.668,24.973,156.727,223.414,225.654,800.03,24.973
docvqa,1792,64,docvqa_45694,measured,435.933,495.924,499.68,718.957,1218.637,31.259,0.357721,169.814,236.425,239.896,958.853,31.259,156.488,222.723,224.904,943.861,31.259
docvqa,1792,64,docvqa_55464,measured,373.669,862.101,864.546,950.752,1815.298,24.378,0.205844,155.392,228.929,231.392,1182.144,24.378,155.999,224.175,226.437,1177.189,24.378
docvqa,1792,64,docvqa_57880,measured,376.15,435.921,438.464,583.104,1021.568,26.505,0.368208,157.307,223.723,226.254,809.358,26.505,157.19,223.457,228.357,811.461,26.505
docvqa,1792,64,docvqa_57881,measured,500.566,560.685,563.225,446.489,1009.714,26.264,0.495751,158.236,225.121,227.409,673.898,26.264,157.106,223.506,225.884,672.373,26.264
docvqa,1792,64,docvqa_57882,measured,411.158,471.259,474.155,832.704,1306.859,23.792,0.314616,169.034,235.506,238.906,1071.61,23.792,156.505,223.203,226.826,1059.53,23.792
docvqa,1792,64,docvqa_57883,measured,428.67,489.225,491.875,826.999,1318.874,23.629,0.325027,157.482,223.775,226.377,1053.376,23.629,156.392,223.93,226.3,1053.299,23.629
docvqa,1792,64,docvqa_57884,measured,375.119,435.368,438.495,320.774,759.269,22.912,0.494053,156.687,227.031,229.409,550.183,22.912,156.726,223.096,225.519,546.293,22.912
docvqa,1792,64,docvqa_57885,measured,382.354,441.957,444.48,338.907,783.387,26.07,0.488078,155.774,222.091,224.285,563.192,26.07,158.577,227.884,231.282,570.189,26.07
docvqa,1792,64,docvqa_57886,measured,411.42,471.102,473.513,422.818,896.331,23.49,0.459005,161.687,227.843,230.265,653.083,23.49,156.503,222.801,225.048,647.866,23.49
docvqa,1792,64,docvqa_57887,measured,378.826,438.519,441.048,420.131,861.179,23.341,0.439892,160.29,226.859,230.338,650.469,23.341,157.87,230.359,233.46,653.591,23.341
docvqa,1792,64,docvqa_57888,measured,344.387,404.044,406.428,511.55,917.978,22.241,0.375158,158.193,224.589,227.047,738.597,22.241,157.183,232.036,235.248,746.798,22.241
docvqa,1792,64,docvqa_57889,measured,440.969,500.872,503.196,335.213,838.409,25.786,0.525959,157.588,223.849,226.443,561.656,25.786,156.639,226.227,228.447,563.66,25.786
docvqa,1792,64,docvqa_57890,measured,348.338,408.34,411.072,347.176,758.248,20.422,0.459398,158.208,224.524,226.711,573.887,20.422,156.746,223.077,225.302,572.478,20.422
docvqa,1792,64,docvqa_57891,measured,362.441,422.914,425.459,575.054,1000.513,23.961,0.362255,156.418,222.899,225.339,800.393,23.961,156.663,223.025,225.339,800.393,23.961
docvqa,1792,64,docvqa_553,measured,392.542,452.349,454.703,265.898,720.601,20.454,0.544742,157.697,224.618,227.256,493.154,20.454,156.622,222.887,225.161,491.059,20.454
docvqa,1792,64,docvqa_554,measured,399.253,459.341,461.606,582.529,1044.135,21.575,0.382376,155.724,222.175,224.683,807.212,21.575,156.536,223.088,225.41,807.939,21.575
docvqa,1792,64,docvqa_555,measured,408.591,468.893,472.868,506.24,979.108,23.011,0.417309,155.168,221.408,223.976,730.216,23.011,157.154,223.904,226.902,733.142,23.011
docvqa,1792,64,docvqa_57899,measured,402.737,463.157,466.082,416.806,882.888,23.156,0.456159,163.848,231.308,233.814,650.62,23.156,157.295,224.192,227.742,644.548,23.156
docvqa,1792,64,docvqa_57900,measured,359.807,419.684,422.325,323.409,745.734,23.101,0.482486,157.919,224.195,226.437,549.846,23.101,156.591,227.808,230.037,553.446,23.101
docvqa,1792,64,docvqa_57901,measured,386.983,447.167,449.703,797.634,1247.337,24.171,0.310248,154.829,221.127,223.612,1021.246,24.171,156.331,222.66,224.881,1022.515,24.171
docvqa,1792,64,docvqa_57902,measured,347.085,406.718,409.163,211.711,620.874,21.171,0.559027,156.256,222.337,224.742,436.453,21.171,156.307,222.872,225.091,436.802,21.171
docvqa,1792,64,docvqa_57903,measured,377.641,437.435,441.526,449.65,891.176,20.439,0.423755,157.137,223.293,225.877,675.527,20.439,156.431,222.689,224.888,674.538,20.439
docvqa,1792,64,docvqa_57904,measured,358.086,418.104,420.618,1377.84,1798.458,21.87,0.199107,154.706,223.071,225.284,1603.124,21.87,156.966,223.769,226.502,1604.342,21.87
docvqa,1792,64,docvqa_57905,measured,384.577,444.132,446.586,436.644,883.23,22.981,0.435422,160.73,228.698,230.931,667.575,22.981,156.539,222.794,225.207,661.851,22.981
docvqa,1792,64,docvqa_581,measured,401.015,461.768,464.618,304.786,769.404,25.399,0.521203,179.437,245.973,249.824,554.61,25.399,157.88,233.681,236.171,540.957,25.399
docvqa,1792,64,docvqa_582,measured,367.463,427.198,429.55,473.075,902.625,24.899,0.407104,154.765,220.825,223.337,696.412,24.899,156.742,223.285,225.817,698.892,24.899
docvqa,1792,64,docvqa_583,measured,369.576,429.767,432.093,310.019,742.112,22.144,0.498006,162.014,229.911,232.086,542.105,22.144,156.303,222.457,224.723,534.742,22.144
docvqa,1792,64,docvqa_57928,measured,373.191,433.224,436.228,200.933,637.161,22.326,0.585709,158.409,225.851,228.417,429.35,22.326,156.444,224.926,227.989,428.922,22.326
docvqa,1792,64,docvqa_57929,measured,379.514,439.257,441.731,1106.036,1547.767,23.533,0.245201,157.7,224.036,226.418,1332.454,23.533,156.55,223.083,225.8,1331.836,23.533
docvqa,1792,64,docvqa_584,measured,373.923,433.956,437.046,384.052,821.098,25.603,0.455394,159.363,225.651,227.94,611.992,25.603,156.548,222.814,225.187,609.239,25.603
docvqa,1792,64,docvqa_57931,measured,400.981,460.868,463.872,135.107,598.979,22.518,0.669441,155.777,223.722,225.864,360.971,22.518,156.466,224.456,226.999,362.106,22.518
docvqa,1792,64,docvqa_57933,measured,410.609,470.553,473.453,289.787,763.24,22.291,0.537982,155.459,222.503,224.743,514.53,22.291,156.5,222.753,225.093,514.88,22.291
docvqa,1792,64,docvqa_57934,measured,406.85,466.53,469.221,442.5,911.721,24.583,0.446243,155.485,223.653,226.116,668.616,24.583,156.702,223.905,226.606,669.106,24.583
docvqa,1792,64,docvqa_596,measured,385.359,445.506,447.878,567.76,1015.638,22.71,0.379426,155.52,223.73,226.433,794.193,22.71,156.698,223.373,225.698,793.458,22.71
docvqa,1792,64,docvqa_597,measured,352.353,412.224,414.52,282.672,697.192,20.191,0.505389,158.567,225.386,228.091,510.763,20.191,156.612,222.867,225.134,507.806,20.191
docvqa,1792,64,docvqa_598,measured,379.625,439.873,442.155,901.921,1344.076,20.043,0.282443,158.7,226.072,228.517,1130.438,20.043,156.404,222.773,225.209,1127.13,20.043
docvqa,1792,64,docvqa_599,measured,355.61,415.546,418.308,1208.922,1627.23,20.49,0.218537,158.911,226.674,229.249,1438.171,20.49,156.75,223.287,225.943,1434.865,20.49
docvqa,1792,64,docvqa_600,measured,382.934,443.195,445.939,231.27,677.209,23.127,0.565459,188.449,254.73,258.2,489.47,23.127,156.914,223.411,227.386,458.656,23.127
docvqa,1792,64,docvqa_601,measured,375.169,435.108,437.968,1217.214,1655.182,24.841,0.226664,159.666,228.313,230.805,1448.019,24.841,156.678,225.847,227.98,1445.194,24.841
docvqa,1792,64,docvqa_16981,measured,407.669,467.636,470.391,356.97,827.361,22.311,0.492735,167.285,233.76,237.32,594.29,22.311,156.619,223.09,225.757,582.727,22.311
docvqa,1792,64,docvqa_16990,measured,436.446,496.183,498.59,416.348,914.938,21.913,0.477022,156.246,222.845,225.407,641.755,21.913,156.596,223.018,225.438,641.786,21.913
docvqa,1792,64,docvqa_57951,measured,520.707,580.876,583.751,187.912,771.663,23.489,0.674786,158.285,226.214,228.695,416.607,23.489,156.753,224.608,227.506,415.418,23.489
docvqa,1792,64,docvqa_57952,measured,386.42,446.695,449.783,370.12,819.903,24.675,0.471299,155.146,221.993,224.425,594.545,24.675,156.443,222.708,225.237,595.357,24.675
docvqa,1792,64,docvqa_57954,measured,365.472,425.333,428.981,370.582,799.563,23.161,0.45709,158.541,225.001,227.485,598.067,23.161,156.904,224.546,228.15,598.732,23.161
docvqa,1792,64,docvqa_57955,measured,354.349,414.021,416.459,268.749,685.208,20.673,0.517141,156.392,222.628,225.199,493.948,20.673,156.533,231.714,234.499,503.248,20.673
docvqa,1792,64,docvqa_610,measured,379.574,439.107,441.527,1437.566,1879.093,23.187,0.201999,157.408,223.69,226.037,1663.603,23.187,156.554,222.847,225.36,1662.926,23.187
docvqa,1792,64,docvqa_611,measured,422.925,482.908,485.4,618.758,1104.158,22.099,0.383029,158.839,225.089,227.788,846.546,22.099,156.497,222.785,225.162,843.92,22.099
docvqa,1792,64,docvqa_612,measured,375.248,435.223,438.111,696.439,1134.55,24.015,0.330746,158.122,224.999,227.193,923.632,24.015,156.506,223.648,225.921,922.36,24.015
docvqa,1792,64,docvqa_613,measured,374.77,434.501,436.989,1171.519,1608.508,23.43,0.232992,156.665,222.778,225.34,1396.859,23.43,156.629,223.311,225.772,1397.291,23.43
docvqa,1792,64,docvqa_16999,measured,374.834,434.664,437.285,473.707,910.992,24.932,0.411457,155.415,221.545,223.947,697.654,24.932,156.372,222.425,224.837,698.544,24.932
docvqa,1792,64,docvqa_17000,measured,384.083,443.822,446.537,246.025,692.562,20.502,0.554583,157.225,223.246,225.704,471.729,20.502,156.696,223.086,225.695,471.72,20.502
docvqa,1792,64,docvqa_17001,measured,377.745,437.721,440.095,224.485,664.58,28.061,0.568397,157.393,223.578,226.099,450.584,28.061,156.757,223.146,226.924,451.409,28.061
docvqa,1792,64,docvqa_57963,measured,377.188,436.963,440.032,1029.235,1469.267,25.103,0.256718,157.143,223.23,225.818,1255.053,25.103,156.877,223.11,226.398,1255.633,25.103
docvqa,1792,64,docvqa_57964,measured,379.466,439.503,442.024,1136.608,1578.632,24.183,0.240377,159.054,226.175,228.844,1365.452,24.183,156.239,222.099,224.527,1361.135,24.183
docvqa,1792,64,docvqa_57965,measured,388.582,448.5,451.17,1382.041,1833.211,21.937,0.211968,155.617,221.922,224.181,1606.222,21.937,156.303,222.47,224.818,1606.859,21.937
docvqa,1792,64,docvqa_17002,measured,385.097,444.79,447.86,354.355,802.215,27.258,0.480042,154.917,221.047,223.466,577.821,27.258,156.252,222.4,224.742,579.097,27.258
docvqa,1792,64,docvqa_17003,measured,384.889,444.8,447.484,554.626,1002.11,23.109,0.384079,157.331,223.397,225.817,780.443,23.109,157.022,223.406,226.69,781.316,23.109
docvqa,1792,64,docvqa_17004,measured,397.861,458.477,461.346,475.233,936.579,25.012,0.424802,160.93,227.146,229.953,705.186,25.012,156.564,222.938,225.269,700.502,25.012
docvqa,1792,64,docvqa_57969,measured,374.925,435.201,437.999,262.922,700.921,29.214,0.534904,157.324,223.326,225.595,488.517,29.214,158.387,233.652,238.528,501.45,29.214
docvqa,1792,64,docvqa_17005,measured,363.763,424.26,427.048,348.494,775.542,23.233,0.469044,156.655,223.276,225.677,574.171,23.233,156.191,222.619,224.873,573.367,23.233
docvqa,1792,64,docvqa_57971,measured,355.664,415.524,418.014,440.189,858.203,20.961,0.414429,157.429,224.032,226.833,667.022,20.961,156.534,224.027,226.66,666.849,20.961
docvqa,1792,64,docvqa_17007,measured,385.496,446.111,449.544,545.229,994.773,20.97,0.387521,160.551,227.223,230.02,775.249,20.97,156.576,224.413,226.648,771.877,20.97
docvqa,1792,64,docvqa_57973,measured,391.567,451.497,455.367,262.504,717.871,20.193,0.545456,154.633,220.842,223.192,485.696,20.193,156.82,223.614,226.129,488.633,20.193
docvqa,1792,64,docvqa_57974,measured,419.475,480.269,483.066,396.218,879.284,23.307,0.477064,163.402,229.376,232.096,628.314,23.307,156.628,223.778,226.338,622.556,23.307
docvqa,1792,64,docvqa_57975,measured,405.954,466.495,469.105,443.755,912.86,23.356,0.444705,157.355,223.48,225.701,669.456,23.356,156.34,224.735,227.199,670.954,23.356
docvqa,1792,64,docvqa_57976,measured,476.253,536.255,538.77,401.305,940.075,23.606,0.506611,155.072,221.301,223.466,624.771,23.606,156.459,222.852,225.124,626.429,23.606
docvqa,1792,64,docvqa_57977,measured,405.354,465.44,468.255,502.934,971.189,25.147,0.417379,157.546,223.518,225.759,728.693,25.147,156.645,223.127,225.373,728.307,25.147
docvqa,1792,64,docvqa_57978,measured,408.343,468.501,471.197,535.267,1006.464,23.272,0.405721,157.752,223.607,225.796,761.063,23.272,156.449,222.826,225.042,760.309,23.272
docvqa,1792,64,docvqa_636,measured,389.058,449.526,452.808,1456.833,1909.641,23.124,0.203734,156.816,223.049,225.282,1682.115,23.124,156.464,223.017,225.229,1682.062,23.124
docvqa,1792,64,docvqa_637,measured,355.141,415.151,417.92,491.942,909.862,23.426,0.390324,179.689,245.918,248.69,740.632,23.426,156.551,222.745,225.246,717.188,23.426
docvqa,1792,64,docvqa_639,measured,382.388,442.344,444.986,1229.326,1674.312,21.952,0.228385,157.999,232.907,235.105,1464.431,21.952,156.98,225.277,227.943,1457.269,21.952
docvqa,1792,64,docvqa_57985,measured,381.108,441.084,443.694,555.846,999.54,27.792,0.381284,158.277,227.288,230.012,785.858,27.792,156.851,223.726,226.217,782.063,27.792
docvqa,1792,64,docvqa_57986,measured,402.584,462.957,465.625,1525.822,1991.447,24.61,0.202157,155.781,222.723,225.121,1750.943,24.61,156.338,222.907,225.436,1751.258,24.61
docvqa,1792,64,docvqa_57987,measured,399.943,461.374,463.986,1556.375,2020.361,24.704,0.197956,156.473,222.803,225.173,1781.548,24.704,156.699,225.366,227.678,1784.053,24.704
docvqa,1792,64,docvqa_57989,measured,385.059,444.789,447.243,392.134,839.377,19.607,0.458743,157.288,223.582,226.026,618.16,19.607,156.752,223.425,226.885,619.019,19.607
docvqa,1792,64,docvqa_650,measured,419.499,479.666,481.969,326.541,808.51,21.769,0.518855,158.641,226.45,228.975,555.516,21.769,156.446,223.047,225.407,551.948,21.769
docvqa,1792,64,docvqa_651,measured,394.471,454.689,457.15,545.652,1002.802,25.983,0.393369,154.752,221.608,224.112,769.764,25.983,156.406,223.057,225.334,770.986,25.983
docvqa,1792,64,docvqa_58007,measured,397.607,457.591,460.08,543.005,1003.085,24.682,0.396385,155.689,221.857,224.193,767.198,24.682,156.36,222.264,224.515,767.52,24.682
docvqa,1792,64,docvqa_58009,measured,539.389,599.303,601.828,182.55,784.378,22.819,0.687665,155.26,221.189,223.551,406.101,22.819,156.476,223.426,225.796,408.346,22.819
docvqa,1792,64,docvqa_58018,measured,348.464,408.026,410.647,981.383,1392.03,21.334,0.250328,167.163,233.678,236.699,1218.082,21.334,156.541,227.678,230.768,1212.151,21.334
docvqa,1792,64,docvqa_674,measured,349.955,409.694,412.681,302.406,715.087,23.262,0.489388,156.871,224.36,226.791,529.197,23.262,156.521,222.659,224.906,527.312,23.262
docvqa,1792,64,docvqa_57122,measured,374.129,434.275,436.614,330.378,766.992,25.414,0.487787,156.51,222.568,224.957,555.335,25.414,160.679,229.336,233.547,563.925,25.414
docvqa,1792,64,docvqa_58020,measured,371.721,431.601,434.086,226.191,660.277,22.619,0.562977,156.367,222.562,225.098,451.289,22.619,156.462,222.636,224.988,451.179,22.619
docvqa,1792,64,docvqa_58021,measured,374.694,434.54,436.874,267.63,704.504,26.763,0.531856,154.652,220.62,223.122,490.752,26.763,156.53,222.734,225.014,492.644,26.763
docvqa,1792,64,docvqa_58022,measured,410.927,471.048,473.497,489.485,962.982,24.474,0.426723,167.54,235.397,238.377,727.862,24.474,156.401,222.703,225.007,714.492,24.474
docvqa,1792,64,docvqa_58023,measured,349.322,408.975,411.512,454.93,866.442,22.746,0.403169,159.087,225.28,228.132,683.062,22.746,156.62,227.011,229.398,684.328,22.746
docvqa,1792,64,docvqa_58024,measured,351.676,411.312,413.698,429.332,843.03,20.444,0.417157,157.402,223.769,226.588,655.92,20.444,159.792,226.193,232.575,661.907,20.444
docvqa,1792,64,docvqa_675,measured,357.422,417.048,419.243,1399.882,1819.125,22.22,0.19648,154.659,220.815,223.2,1623.082,22.22,156.568,222.728,225.228,1625.11,22.22
docvqa,1792,64,docvqa_676,measured,372.287,432.151,434.389,255.607,689.996,23.237,0.53955,160.255,227.617,230.026,485.633,23.237,156.634,228.314,230.851,486.458,23.237
docvqa,1792,64,docvqa_677,measured,407.872,468.507,470.984,717.469,1188.453,25.624,0.343196,164.939,231.399,234.688,952.157,25.624,156.358,224.211,226.49,943.959,25.624
docvqa,1792,64,docvqa_58029,measured,418.207,478.538,482.442,260.493,742.935,21.708,0.562911,156.19,222.668,225.26,485.753,21.708,156.688,223.233,226.351,486.844,21.708
docvqa,1792,64,docvqa_678,measured,400.715,460.901,464.106,410.898,875.004,20.545,0.457957,157.728,224.918,227.119,638.017,20.545,156.68,223.135,225.529,636.427,20.545
docvqa,1792,64,docvqa_58054,measured,415.024,475.252,478.082,933.135,1411.217,23.328,0.29409,156.601,222.883,225.723,1158.858,23.328,156.54,224.287,226.654,1159.789,23.328
docvqa,1792,64,docvqa_58056,measured,354.233,414.138,417.681,672.562,1090.243,21.696,0.324912,155.554,221.605,224.319,896.881,21.696,156.51,226.218,228.584,901.146,21.696
docvqa,1792,64,docvqa_58059,measured,380.754,440.504,442.954,376.235,819.189,22.131,0.464794,157.861,224.739,227.057,603.292,22.131,156.649,223.052,225.526,601.761,22.131
docvqa,1792,64,docvqa_58061,measured,382.922,442.736,445.069,891.115,1336.184,21.217,0.286579,154.695,220.871,223.019,1114.134,21.217,156.661,222.875,225.261,1116.376,21.217
docvqa,1792,64,docvqa_58064,measured,419.029,479.095,482.253,404.012,886.265,25.251,0.472803,155.335,221.408,223.597,627.609,25.251,156.453,224.461,226.714,630.726,25.251
docvqa,1792,64,docvqa_41686,measured,386.267,446.315,449.733,252.728,702.461,22.975,0.549878,158.957,227.033,229.613,482.341,22.975,156.415,222.302,224.585,477.313,22.975
docvqa,1792,64,docvqa_41687,measured,376.889,437.241,439.946,653.574,1093.52,27.232,0.344657,178.048,245.234,249.257,902.831,27.232,156.919,223.211,225.398,878.972,27.232
docvqa,1792,64,docvqa_41688,measured,385.605,445.628,448.077,283.203,731.28,20.229,0.527301,163.562,229.801,233.149,516.352,20.229,156.395,225.011,227.343,510.546,20.229
docvqa,1792,64,docvqa_41689,measured,411.257,471.26,474.15,395.801,869.951,24.738,0.472735,155.473,221.362,223.594,619.395,24.738,156.494,222.621,224.835,620.636,24.738
docvqa,1792,64,docvqa_41690,measured,433.526,494.28,496.617,546.967,1043.584,22.79,0.415421,158.688,226.349,230.003,776.97,22.79,156.562,222.986,225.326,772.293,22.79
docvqa,1792,64,docvqa_41691,measured,371.599,431.746,434.108,458.508,892.616,25.473,0.416303,157.887,225.755,228.118,686.626,25.473,156.694,223.628,225.98,684.488,25.473
docvqa,1792,64,docvqa_41693,measured,372.661,432.663,435.056,563.642,998.698,24.506,0.373147,154.751,221.785,224.222,787.864,24.506,157.374,223.938,227.065,790.707,24.506
docvqa,1792,64,docvqa_41694,measured,383.404,443.661,446.042,468.535,914.577,24.66,0.419215,162.046,228.239,230.535,699.07,24.66,156.59,223.553,225.918,694.453,24.66
docvqa,1792,64,docvqa_41695,measured,389.549,449.49,452.028,509.685,961.713,25.484,0.405057,156.877,224.733,227.028,736.713,25.484,156.759,223.298,226.05,735.735,25.484
docvqa,1792,64,docvqa_41705,measured,382.793,443.158,445.764,415.615,861.379,29.687,0.444396,155.159,222.582,226.29,641.905,29.687,156.776,223.454,226.056,641.671,29.687
docvqa,1792,64,docvqa_17132,measured,354.077,414.299,417.196,345.258,762.454,23.017,0.464392,158.413,224.872,227.552,572.81,23.017,157.897,224.147,227.598,572.856,23.017
docvqa,1792,64,docvqa_17133,measured,356.162,415.796,418.81,369.639,788.449,24.643,0.451724,157.212,223.532,226.289,595.928,24.643,156.55,222.988,225.7,595.339,24.643
docvqa,1792,64,docvqa_17134,measured,375.837,435.675,438.825,638.14,1076.965,23.635,0.348978,157.122,224.198,226.696,864.836,23.635,156.427,222.828,225.329,863.469,23.635
docvqa,1792,64,docvqa_17135,measured,347.099,406.835,409.432,415.311,824.743,23.073,0.420857,163.051,229.267,232.363,647.674,23.073,156.578,222.853,225.17,640.481,23.073
docvqa,1792,64,docvqa_47368,measured,414.002,474.109,476.802,306.728,783.53,25.561,0.52838,158.475,224.844,227.211,533.939,25.561,156.886,223.647,225.886,532.614,25.561
docvqa,1792,64,docvqa_41715,measured,398.864,458.779,461.25,308.136,769.386,22.01,0.518419,157.146,228.154,230.569,538.705,22.01,156.509,222.758,224.966,533.102,22.01
docvqa,1792,64,docvqa_41716,measured,348.288,408.005,410.433,268.429,678.862,20.648,0.513047,154.987,223.061,228.181,496.61,20.648,156.622,223.094,225.342,493.771,20.648
docvqa,1792,64,docvqa_41717,measured,367.142,429.523,432.181,265.169,697.35,20.398,0.526482,155.262,221.452,223.836,489.005,20.398,156.489,224.433,226.669,491.838,20.398
docvqa,1792,64,docvqa_17139,measured,414.273,474.065,477.165,344.123,821.288,22.942,0.504418,154.778,220.777,223.069,567.192,22.942,157.463,224.014,226.438,570.561,22.942
docvqa,1792,64,docvqa_41719,measured,565.419,625.58,628.076,475.464,1103.54,22.641,0.512368,155.428,222.836,225.205,700.669,22.641,157.016,223.256,226.706,702.17,22.641
docvqa,1792,64,docvqa_17140,measured,374.928,435.006,437.774,360.522,798.296,25.752,0.46966,155.91,222.129,224.797,585.319,25.752,156.803,223.606,225.988,586.51,25.752
docvqa,1792,64,docvqa_58105,measured,378.245,437.779,441.105,205.697,646.802,20.57,0.584792,156.359,222.73,225.229,430.926,20.57,156.492,222.774,225.402,431.099,20.57
docvqa,1792,64,docvqa_58106,measured,400.12,460.087,462.467,368.899,831.366,23.056,0.48128,177.23,243.651,247.202,616.101,23.056,156.585,222.997,225.262,594.161,23.056
docvqa,1792,64,docvqa_58107,measured,347.351,407.377,410.122,288.844,698.966,20.632,0.496949,155.0,221.478,224.174,513.018,20.632,156.449,222.529,224.914,513.758,20.632
docvqa,1792,64,docvqa_58108,measured,405.413,465.607,467.918,536.952,1004.87,22.373,0.403448,155.131,221.314,223.801,760.753,22.373,156.705,224.011,226.942,763.894,22.373
docvqa,1792,64,docvqa_41721,measured,372.323,432.352,434.954,525.618,960.572,25.029,0.387606,157.699,223.64,225.81,751.428,25.029,156.733,223.259,226.152,751.77,25.029
docvqa,1792,64,docvqa_41723,measured,358.34,418.057,420.807,352.412,773.219,22.026,0.46344,160.258,227.353,229.512,581.924,22.026,156.603,223.791,226.197,578.609,22.026
docvqa,1792,64,docvqa_17143,measured,406.521,466.482,469.237,426.244,895.481,26.64,0.453969,170.298,241.605,244.187,670.431,26.64,156.679,223.433,225.957,652.201,26.64
docvqa,1792,64,docvqa_41728,measured,403.846,463.896,466.437,546.962,1013.399,24.862,0.398506,155.364,221.989,224.52,771.482,24.862,156.698,222.948,225.133,772.095,24.862
docvqa,1792,64,docvqa_41729,measured,345.367,405.287,407.599,346.962,754.561,20.41,0.457706,157.384,223.613,226.219,573.181,20.41,156.427,223.657,225.872,572.834,20.41
docvqa,1792,64,docvqa_17147,measured,379.78,440.147,442.493,434.353,876.846,19.743,0.43312,162.914,231.668,233.834,668.187,19.743,156.512,224.035,226.276,660.629,19.743
docvqa,1792,64,docvqa_17149,measured,402.208,462.157,464.39,327.681,792.071,23.406,0.507793,174.488,241.072,244.706,572.387,23.406,156.534,222.764,224.994,552.675,23.406
docvqa,1792,64,docvqa_17150,measured,406.467,466.225,468.508,263.547,732.055,21.962,0.55524,156.953,223.654,226.139,489.686,21.962,156.523,223.18,225.97,489.517,21.962
docvqa,1792,64,docvqa_45744,measured,368.753,850.259,852.672,866.998,1719.67,22.231,0.214432,157.514,225.259,227.972,1094.97,22.231,156.077,224.014,226.471,1093.469,22.231
docvqa,1792,64,docvqa_45745,measured,411.93,472.085,475.046,730.014,1205.06,22.813,0.341834,155.298,221.595,223.888,953.902,22.813,156.743,223.283,225.914,955.928,22.813
docvqa,1792,64,docvqa_782,measured,348.132,407.95,410.549,385.908,796.457,20.311,0.4371,156.039,223.284,225.566,611.474,20.311,156.493,222.723,225.024,610.932,20.311
docvqa,1792,64,docvqa_783,measured,353.558,413.717,416.614,346.416,763.03,21.651,0.46336,158.547,225.671,228.632,575.048,21.651,156.536,224.216,226.45,572.866,21.651
docvqa,1792,64,docvqa_784,measured,413.428,473.736,477.111,599.568,1076.679,23.983,0.383984,158.336,225.004,227.396,826.964,23.983,156.54,222.933,225.406,824.974,23.983
docvqa,1792,64,docvqa_785,measured,390.603,450.722,453.249,330.884,784.133,22.059,0.498133,158.204,224.753,227.124,558.008,22.059,157.162,224.031,227.336,558.22,22.059
docvqa,1792,64,docvqa_786,measured,381.403,441.424,443.698,213.233,656.931,21.323,0.580582,156.238,222.446,224.745,437.978,21.323,156.663,224.991,227.66,440.893,21.323
docvqa,1792,64,docvqa_788,measured,390.305,450.529,452.834,564.977,1017.811,22.599,0.383475,155.404,221.931,224.891,789.868,22.599,156.55,222.91,226.288,791.265,22.599
docvqa,1792,64,docvqa_789,measured,422.827,859.599,861.966,812.78,1674.746,22.577,0.252472,168.574,237.841,241.508,1054.288,22.577,155.769,226.494,228.734,1041.514,22.577
docvqa,1792,64,docvqa_790,measured,349.281,408.964,411.244,457.683,868.927,20.804,0.401969,155.43,221.476,223.884,681.567,20.804,156.591,223.053,225.306,682.989,20.804
docvqa,1792,64,docvqa_60401,measured,389.37,449.343,452.144,366.945,819.089,24.463,0.47537,155.391,221.548,223.825,590.77,24.463,157.305,223.349,226.874,593.819,24.463
docvqa,1792,64,docvqa_792,measured,441.693,502.117,505.106,651.148,1156.254,24.117,0.382003,158.354,224.868,227.132,878.28,24.117,156.517,222.728,224.99,876.138,24.117
docvqa,1792,64,docvqa_793,measured,377.085,437.038,439.718,341.787,781.505,26.291,0.482511,155.979,222.388,224.817,566.604,26.291,156.587,222.949,225.334,567.121,26.291
docvqa,1792,64,docvqa_794,measured,372.019,432.199,434.533,403.947,838.48,25.247,0.443682,156.648,223.601,226.099,630.046,25.247,156.733,223.102,225.455,629.402,25.247
docvqa,1792,64,docvqa_41749,measured,348.302,408.235,410.666,388.572,799.238,20.451,0.435792,171.12,237.347,239.885,628.457,20.451,157.453,224.635,227.39,615.962,20.451
docvqa,1792,64,docvqa_41750,measured,386.965,446.954,450.557,329.869,780.426,21.991,0.495838,159.014,225.913,228.857,558.726,21.991,157.021,224.043,226.976,556.845,21.991
docvqa,1792,64,docvqa_45747,measured,425.692,485.907,488.428,977.654,1466.082,25.728,0.29036,158.341,224.791,227.364,1205.018,25.728,156.425,222.904,225.191,1202.845,25.728
docvqa,1792,64,docvqa_60403,measured,379.427,439.494,441.963,323.927,765.89,23.138,0.495407,155.911,222.49,225.353,549.28,23.138,156.985,223.62,226.347,550.274,23.138
docvqa,1792,64,docvqa_60404,measured,349.587,409.459,412.043,1009.07,1421.113,23.467,0.245995,159.747,226.14,228.572,1237.642,23.467,156.54,223.388,225.95,1235.02,23.467
docvqa,1792,64,docvqa_809,measured,350.345,410.364,412.788,333.266,746.054,23.805,0.469598,159.935,225.929,228.282,561.548,23.805,156.549,222.944,225.341,558.607,23.805
docvqa,1792,64,docvqa_25385,measured,443.499,503.689,505.906,230.958,736.864,23.096,0.601874,157.033,223.104,225.323,456.281,23.096,156.664,222.956,225.548,456.506,23.096
docvqa,1792,64,docvqa_25386,measured,395.56,455.493,457.915,208.7,666.615,20.87,0.593386,174.626,240.711,243.857,452.557,20.87,157.097,223.412,226.454,435.154,20.87
docvqa,1792,64,docvqa_25387,measured,410.686,471.017,473.311,277.679,750.99,25.244,0.546859,156.856,223.036,225.35,503.029,25.244,156.772,223.298,225.572,503.251,25.244
docvqa,1792,64,docvqa_60406,measured,505.161,565.122,567.689,618.969,1186.658,24.759,0.425701,157.858,224.61,227.35,846.319,24.759,157.054,223.053,225.536,844.505,24.759
docvqa,1792,64,docvqa_815,measured,416.641,476.654,480.435,454.021,934.456,23.896,0.445865,163.291,229.588,232.862,686.883,23.896,157.542,228.007,231.95,685.971,23.896
docvqa,1792,64,docvqa_60407,measured,351.581,411.251,413.774,395.467,809.241,26.364,0.434458,154.771,221.271,224.086,619.553,26.364,156.552,223.188,225.6,621.067,26.364
docvqa,1792,64,docvqa_25396,measured,358.177,417.905,420.549,830.462,1251.011,25.166,0.28631,157.665,224.031,226.596,1057.058,25.166,156.688,223.0,225.469,1055.931,25.166
docvqa,1792,64,docvqa_822,measured,386.43,446.65,449.624,387.92,837.544,29.84,0.461384,154.544,220.66,223.115,611.035,29.84,157.155,223.21,226.575,614.495,29.84
docvqa,1792,64,docvqa_824,measured,383.341,443.066,445.611,492.839,938.45,22.402,0.408484,157.735,224.994,227.132,719.971,22.402,156.889,223.769,226.473,719.312,22.402
docvqa,1792,64,docvqa_826,measured,375.751,436.323,439.471,366.649,806.12,30.554,0.466123,157.449,225.164,227.576,594.225,30.554,156.695,222.964,225.363,592.012,30.554
