attn_impl,benchmark,resolution,max_new_tokens,sample_id,visual_encoder_ms,window_attn_ms,full_attn_ms,llm_prefill_ms,decode_loop_ms,ttft_ms,tpot_ms,e2e_ms,f_vision,actual_generated_tokens
fa2,docvqa,1792,64,docvqa_49153,159.129,112.831,34.765,228.293,1644.004,230.608,29.357,1874.612,0.084886,57.0
fa2,docvqa,1792,64,docvqa_24580,155.524,111.382,34.81,221.95,472.872,224.648,31.525,697.52,0.222967,16.0
fa2,docvqa,1792,64,docvqa_57349,155.305,111.344,34.734,224.141,319.98,226.671,31.998,546.652,0.284102,11.0
fa2,docvqa,1792,64,docvqa_24581,154.96,111.485,34.806,221.272,244.151,223.764,30.519,467.915,0.331172,9.0
fa2,docvqa,1792,64,docvqa_24582,166.498,115.626,34.842,234.263,243.974,237.725,27.108,481.698,0.345648,10.0
fa2,docvqa,1792,64,docvqa_39079,155.766,111.746,34.88,227.471,971.072,229.766,26.974,1200.838,0.129714,37.0
fa2,docvqa,1792,64,docvqa_57357,155.492,111.772,34.785,224.206,700.991,226.937,29.208,927.928,0.167569,25.0
fa2,docvqa,1792,64,docvqa_24426,157.898,112.522,34.829,228.03,477.096,230.304,26.505,707.399,0.22321,19.0
fa2,docvqa,1792,64,docvqa_49168,156.31,111.675,34.822,224.466,736.066,226.848,32.003,962.914,0.16233,24.0
fa2,docvqa,1792,64,docvqa_24423,157.281,113.345,34.802,225.577,777.34,228.237,32.389,1005.577,0.156409,25.0
fa2,docvqa,1792,64,docvqa_49172,157.4,113.055,34.804,225.645,950.963,228.323,30.676,1179.286,0.133471,32.0
fa2,docvqa,1792,64,docvqa_57364,159.224,111.343,34.771,231.982,424.976,234.334,26.561,659.31,0.241501,17.0
fa2,docvqa,1792,64,docvqa_57366,169.84,111.813,34.888,238.54,460.406,240.867,28.775,701.273,0.242188,17.0
fa2,docvqa,1792,64,docvqa_57368,155.183,111.283,34.749,222.958,468.198,225.233,29.262,693.431,0.22379,17.0
fa2,docvqa,1792,64,docvqa_49177,156.593,111.849,34.887,224.362,816.314,226.931,32.653,1043.245,0.150102,26.0
fa2,docvqa,1792,64,docvqa_57370,154.977,111.246,34.798,221.209,775.934,223.836,29.844,999.77,0.155012,27.0
fa2,docvqa,1792,64,docvqa_57371,158.223,111.574,34.824,226.185,857.443,228.597,29.567,1086.039,0.145688,30.0
fa2,docvqa,1792,64,docvqa_57372,156.789,111.606,34.862,225.131,727.397,227.488,30.308,954.884,0.164197,25.0
fa2,docvqa,1792,64,docvqa_49181,155.179,111.452,34.826,223.052,1242.04,225.355,31.847,1467.394,0.105752,40.0
fa2,docvqa,1792,64,docvqa_57373,159.242,111.602,34.814,225.667,701.457,228.431,31.884,929.887,0.171248,23.0
fa2,docvqa,1792,64,docvqa_57374,156.7,111.601,34.865,224.15,542.945,226.635,31.938,769.58,0.203617,18.0
fa2,docvqa,1792,64,docvqa_57375,155.606,111.674,34.822,222.046,936.019,224.703,30.194,1160.722,0.13406,32.0
fa2,docvqa,1792,64,docvqa_57376,156.53,111.082,34.74,222.535,454.933,224.954,25.274,679.886,0.230229,19.0
fa2,docvqa,1792,64,docvqa_49187,172.226,115.416,34.758,238.232,843.587,242.295,29.089,1085.882,0.158605,30.0
fa2,docvqa,1792,64,docvqa_16424,155.08,111.122,34.782,221.039,523.968,223.307,27.577,747.275,0.207528,20.0
fa2,docvqa,1792,64,docvqa_57386,155.028,111.385,34.851,221.149,582.826,223.634,32.379,806.46,0.192232,19.0
fa2,docvqa,1792,64,docvqa_57387,158.365,113.664,34.808,226.77,653.778,229.063,34.409,882.841,0.179381,20.0
fa2,docvqa,1792,64,docvqa_57388,156.818,112.577,34.832,223.188,593.83,225.748,31.254,819.577,0.191341,20.0
fa2,docvqa,1792,64,docvqa_16429,154.797,111.265,34.798,221.098,343.479,223.796,28.623,567.275,0.272877,13.0
fa2,docvqa,1792,64,docvqa_16430,166.426,122.791,34.857,232.532,356.091,234.88,29.674,590.971,0.281614,13.0
fa2,docvqa,1792,64,docvqa_57391,172.164,111.67,34.835,241.139,303.27,244.065,30.327,547.335,0.314549,11.0
fa2,docvqa,1792,64,docvqa_57395,158.563,111.826,34.87,225.548,378.962,229.445,27.069,608.407,0.26062,15.0
fa2,docvqa,1792,64,docvqa_16437,163.616,115.251,34.823,230.079,663.055,232.359,31.574,895.414,0.182726,22.0
fa2,docvqa,1792,64,docvqa_16440,165.834,112.314,34.842,232.661,520.066,236.429,28.893,756.495,0.219214,19.0
fa2,docvqa,1792,64,docvqa_57402,160.609,111.636,34.837,227.159,841.371,229.892,31.162,1071.263,0.149925,28.0
fa2,docvqa,1792,64,docvqa_57403,166.303,111.453,34.865,232.936,1007.601,238.06,32.503,1245.662,0.133506,32.0
fa2,docvqa,1792,64,docvqa_57404,156.203,111.271,34.805,227.157,821.508,229.723,30.426,1051.23,0.14859,28.0
fa2,docvqa,1792,64,docvqa_16444,157.295,113.081,34.775,224.183,757.282,226.832,32.925,984.114,0.159834,24.0
fa2,docvqa,1792,64,docvqa_57407,156.093,111.803,34.769,222.895,643.609,225.627,32.18,869.236,0.179575,21.0
fa2,docvqa,1792,64,docvqa_16447,157.565,111.264,34.763,223.965,841.764,226.594,33.671,1068.358,0.147483,26.0
fa2,docvqa,1792,64,docvqa_57409,156.467,111.195,34.776,222.627,264.189,225.146,26.419,489.334,0.319754,11.0
fa2,docvqa,1792,64,docvqa_16450,155.554,111.629,34.964,223.187,321.812,225.485,32.181,547.297,0.284222,11.0
fa2,docvqa,1792,64,docvqa_57410,155.412,111.37,34.825,221.676,464.869,224.392,29.054,689.261,0.225475,17.0
fa2,docvqa,1792,64,docvqa_57411,154.396,111.218,34.796,220.609,800.753,223.124,28.598,1023.877,0.150795,29.0
fa2,docvqa,1792,64,docvqa_57413,158.836,111.326,34.801,225.133,997.036,227.814,32.162,1224.85,0.129678,32.0
fa2,docvqa,1792,64,docvqa_57414,155.241,111.392,34.832,221.61,576.231,223.963,32.013,800.195,0.194005,19.0
fa2,docvqa,1792,64,docvqa_57415,163.842,112.042,35.266,230.107,662.863,232.658,31.565,895.521,0.182957,22.0
fa2,docvqa,1792,64,docvqa_57416,156.934,112.619,34.836,229.078,507.849,231.521,29.873,739.371,0.212254,18.0
fa2,docvqa,1792,64,docvqa_57417,154.826,111.313,34.8,221.388,502.235,224.05,35.874,726.285,0.213175,15.0
fa2,docvqa,1792,64,docvqa_57418,159.335,111.809,34.867,225.7,474.624,228.252,31.642,702.876,0.22669,16.0
fa2,docvqa,1792,64,docvqa_24437,155.285,111.546,34.831,222.913,440.887,225.326,29.392,666.213,0.233087,16.0
fa2,docvqa,1792,64,docvqa_24438,156.691,111.365,34.772,229.379,382.83,231.692,31.903,614.522,0.25498,13.0
fa2,docvqa,1792,64,docvqa_16455,156.121,111.193,34.768,223.936,840.909,226.356,32.343,1067.266,0.146282,27.0
fa2,docvqa,1792,64,docvqa_16456,155.112,111.285,34.792,223.215,422.169,225.624,35.181,647.792,0.239447,13.0
fa2,docvqa,1792,64,docvqa_16463,156.778,111.295,34.78,222.966,312.535,225.47,26.045,538.005,0.291407,13.0
fa2,docvqa,1792,64,docvqa_49234,173.5,116.036,34.873,248.014,455.112,252.052,32.508,707.164,0.245347,15.0
fa2,docvqa,1792,64,docvqa_57428,155.606,111.343,34.792,222.077,542.404,224.684,33.9,767.088,0.202853,17.0
fa2,docvqa,1792,64,docvqa_24440,158.316,111.319,34.799,227.526,521.553,230.191,30.68,751.743,0.210598,18.0
fa2,docvqa,1792,64,docvqa_16468,168.265,114.411,34.807,234.802,757.456,238.391,30.298,995.847,0.168967,26.0
fa2,docvqa,1792,64,docvqa_57431,155.953,111.5,34.8,222.339,523.84,224.733,30.814,748.574,0.208334,18.0
fa2,docvqa,1792,64,docvqa_16473,155.99,112.224,34.779,222.175,343.108,224.67,28.592,567.778,0.274738,13.0
fa2,docvqa,1792,64,docvqa_49242,157.575,111.214,34.819,225.214,286.902,227.628,26.082,514.53,0.306251,12.0
fa2,docvqa,1792,64,docvqa_57439,159.233,112.189,34.879,225.819,1626.265,228.307,31.274,1854.572,0.08586,53.0
fa2,docvqa,1792,64,docvqa_57440,172.264,119.803,34.807,238.822,479.542,245.066,29.971,724.608,0.237734,17.0
fa2,docvqa,1792,64,docvqa_32870,158.842,111.361,34.798,225.641,1220.485,228.05,29.059,1448.535,0.109657,43.0
fa2,docvqa,1792,64,docvqa_32871,157.09,111.455,34.801,225.431,916.629,227.828,32.737,1144.457,0.137261,29.0
fa2,docvqa,1792,64,docvqa_32872,157.896,111.573,34.858,225.495,515.471,227.983,32.217,743.454,0.212382,17.0
fa2,docvqa,1792,64,docvqa_32873,158.685,111.498,34.733,224.947,574.173,227.793,27.342,801.967,0.197869,22.0
fa2,docvqa,1792,64,docvqa_32874,156.222,111.909,34.817,222.106,383.462,224.318,31.955,607.779,0.257038,13.0
fa2,docvqa,1792,64,docvqa_32875,157.298,111.603,34.79,224.414,528.804,227.011,26.44,755.815,0.208117,21.0
fa2,docvqa,1792,64,docvqa_32876,155.992,111.616,34.871,223.586,627.422,226.109,29.877,853.531,0.182761,22.0
fa2,docvqa,1792,64,docvqa_32877,154.574,111.515,34.806,221.018,883.117,223.375,32.708,1106.492,0.139698,28.0
fa2,docvqa,1792,64,docvqa_32878,158.583,111.621,34.843,224.749,314.093,227.077,28.554,541.17,0.293037,12.0
fa2,docvqa,1792,64,docvqa_32879,157.786,112.192,34.848,224.088,486.1,226.602,28.594,712.702,0.221392,18.0
fa2,docvqa,1792,64,docvqa_57449,155.222,112.045,34.994,221.367,262.871,223.659,26.287,486.531,0.319038,11.0
fa2,docvqa,1792,64,docvqa_32881,155.274,111.685,34.872,221.996,749.952,224.599,31.248,974.552,0.159329,25.0
fa2,docvqa,1792,64,docvqa_32882,178.533,131.459,37.344,245.636,758.503,249.006,29.173,1007.509,0.177202,27.0
fa2,docvqa,1792,64,docvqa_32883,158.545,111.683,34.77,224.731,662.65,227.351,30.12,890.0,0.178141,23.0
fa2,docvqa,1792,64,docvqa_57452,163.007,111.208,34.672,229.409,469.904,232.003,31.327,701.908,0.232235,16.0
fa2,docvqa,1792,64,docvqa_32885,157.613,111.446,34.811,224.651,442.396,227.004,26.023,669.4,0.235454,18.0
fa2,docvqa,1792,64,docvqa_32886,155.32,111.854,34.803,221.827,639.248,224.009,29.057,863.258,0.179923,23.0
fa2,docvqa,1792,64,docvqa_57454,189.34,122.33,34.839,255.865,1758.988,258.217,31.41,2017.204,0.093863,57.0
fa2,docvqa,1792,64,docvqa_49263,156.351,111.369,34.809,222.771,922.299,225.266,31.803,1147.565,0.136246,30.0
fa2,docvqa,1792,64,docvqa_32889,154.809,111.395,34.825,221.189,688.27,223.782,31.285,912.053,0.169737,23.0
fa2,docvqa,1792,64,docvqa_32890,154.71,111.353,34.833,220.939,498.859,223.273,33.257,722.131,0.214241,16.0
fa2,docvqa,1792,64,docvqa_32891,157.786,111.318,34.778,224.029,1038.846,226.446,30.554,1265.293,0.124703,35.0
fa2,docvqa,1792,64,docvqa_32892,176.156,117.68,34.844,243.64,449.646,247.417,28.103,697.063,0.252712,17.0
fa2,docvqa,1792,64,docvqa_32893,155.206,111.601,34.813,222.729,590.632,225.115,29.532,815.747,0.190263,21.0
fa2,docvqa,1792,64,docvqa_32894,154.67,111.274,34.781,221.086,601.518,223.499,31.659,825.017,0.187474,20.0
fa2,docvqa,1792,64,docvqa_49274,156.403,111.368,34.82,226.688,598.141,229.304,33.23,827.445,0.189019,19.0
fa2,docvqa,1792,64,docvqa_32896,158.411,111.312,34.743,224.423,312.43,226.971,26.036,539.402,0.293678,13.0
fa2,docvqa,1792,64,docvqa_32897,181.219,135.154,34.817,248.33,368.672,250.761,28.359,619.433,0.292557,14.0
fa2,docvqa,1792,64,docvqa_32898,158.06,111.434,34.822,227.349,585.402,230.056,30.811,815.458,0.193829,20.0
fa2,docvqa,1792,64,docvqa_57475,156.882,111.296,34.805,223.234,473.652,225.733,31.577,699.385,0.224314,16.0
fa2,docvqa,1792,64,docvqa_32900,157.683,111.878,34.847,224.8,560.294,227.103,29.489,787.396,0.200259,20.0
fa2,docvqa,1792,64,docvqa_57476,155.922,111.854,34.828,223.608,693.849,226.247,31.539,920.096,0.169463,23.0
fa2,docvqa,1792,64,docvqa_49279,155.155,111.419,34.815,221.872,338.16,224.291,33.816,562.451,0.275856,11.0
fa2,docvqa,1792,64,docvqa_49285,157.074,111.196,34.812,223.261,313.477,225.603,28.498,539.079,0.291375,12.0
fa2,docvqa,1792,64,docvqa_49292,156.126,112.161,34.794,222.437,1410.93,224.793,31.354,1635.723,0.095447,46.0
fa2,docvqa,1792,64,docvqa_16529,155.493,111.606,34.824,221.899,419.799,224.615,29.986,644.414,0.241293,15.0
fa2,docvqa,1792,64,docvqa_49297,157.442,113.104,34.796,223.815,553.095,226.466,30.728,779.561,0.201962,19.0
fa2,docvqa,1792,64,docvqa_16533,157.727,111.426,34.788,224.228,759.189,227.053,34.509,986.242,0.159927,23.0
fa2,docvqa,1792,64,docvqa_49304,155.638,111.638,34.809,221.955,389.017,224.459,27.787,613.476,0.253699,15.0
fa2,docvqa,1792,64,docvqa_16539,155.041,111.239,34.789,221.112,614.453,223.559,27.93,838.012,0.18501,23.0
fa2,docvqa,1792,64,docvqa_16553,155.236,111.231,34.782,221.803,623.49,224.437,32.815,847.926,0.183077,20.0
fa2,docvqa,1792,64,docvqa_49322,157.97,111.333,34.802,224.193,415.067,226.635,25.942,641.701,0.246173,17.0
fa2,docvqa,1792,64,docvqa_57515,166.949,112.979,34.801,233.136,472.736,236.216,27.808,708.952,0.235488,18.0
fa2,docvqa,1792,64,docvqa_49323,162.151,113.065,34.891,229.269,309.676,234.049,25.806,543.725,0.298222,13.0
fa2,docvqa,1792,64,docvqa_57517,173.929,117.564,34.938,241.314,287.176,244.812,31.908,531.988,0.326942,10.0
fa2,docvqa,1792,64,docvqa_49324,157.602,112.178,34.952,223.772,336.941,226.203,25.919,563.144,0.279861,14.0
fa2,docvqa,1792,64,docvqa_57519,156.829,111.44,34.793,222.74,264.689,225.094,26.469,489.783,0.3202,11.0
fa2,docvqa,1792,64,docvqa_49325,160.065,112.514,34.966,226.576,357.221,230.094,29.768,587.315,0.272536,13.0
fa2,docvqa,1792,64,docvqa_57521,155.658,111.329,34.819,223.167,411.22,225.553,31.632,636.773,0.244448,14.0
fa2,docvqa,1792,64,docvqa_49326,167.762,121.147,34.83,233.954,499.075,236.253,29.357,735.328,0.228146,18.0
fa2,docvqa,1792,64,docvqa_57523,155.83,111.129,34.772,222.416,428.631,224.54,28.575,653.172,0.238574,16.0
fa2,docvqa,1792,64,docvqa_57524,157.533,111.292,34.78,223.548,399.851,225.713,28.561,625.564,0.251826,15.0
fa2,docvqa,1792,64,docvqa_57525,171.47,120.49,34.818,239.198,702.588,242.474,29.274,945.062,0.181438,25.0
fa2,docvqa,1792,64,docvqa_57526,156.003,111.627,34.798,222.407,350.565,224.639,35.056,575.204,0.271214,11.0
fa2,docvqa,1792,64,docvqa_57527,156.802,111.222,34.79,223.067,559.747,225.363,32.926,785.11,0.199719,18.0
fa2,docvqa,1792,64,docvqa_57528,158.86,111.249,34.803,225.038,791.429,227.342,28.265,1018.771,0.155933,29.0
fa2,docvqa,1792,64,docvqa_57529,155.39,111.801,34.821,221.712,860.406,223.957,29.669,1084.363,0.143301,30.0
fa2,docvqa,1792,64,docvqa_57530,156.822,111.218,34.793,223.005,294.272,225.608,29.427,519.88,0.301651,11.0
fa2,docvqa,1792,64,docvqa_57531,156.38,111.577,34.832,222.897,534.682,225.508,35.645,760.191,0.205712,16.0
fa2,docvqa,1792,64,docvqa_57532,154.887,111.44,34.828,222.948,723.632,225.515,32.892,949.147,0.163185,23.0
fa2,docvqa,1792,64,docvqa_57533,155.831,111.557,34.868,225.909,553.294,228.281,30.739,781.575,0.199381,19.0
fa2,docvqa,1792,64,docvqa_16568,155.422,111.36,34.846,222.793,324.251,225.426,32.425,549.677,0.282751,11.0
fa2,docvqa,1792,64,docvqa_16574,157.326,111.231,34.755,223.977,781.889,226.349,31.276,1008.238,0.15604,26.0
fa2,docvqa,1792,64,docvqa_57537,156.93,111.458,34.838,223.254,589.923,225.828,31.049,815.751,0.192375,20.0
fa2,docvqa,1792,64,docvqa_57539,160.069,111.428,34.797,226.474,618.03,229.116,32.528,847.147,0.18895,20.0
fa2,docvqa,1792,64,docvqa_57540,155.626,111.499,34.826,223.211,623.978,225.902,32.841,849.881,0.183115,20.0
fa2,docvqa,1792,64,docvqa_57543,155.437,111.509,34.823,223.047,584.979,225.682,30.788,810.661,0.191741,20.0
fa2,docvqa,1792,64,docvqa_57550,155.395,111.885,34.793,222.022,234.232,225.09,29.279,459.322,0.338314,9.0
fa2,docvqa,1792,64,docvqa_49361,161.976,117.468,34.818,230.166,315.004,232.66,31.5,547.665,0.295757,11.0
fa2,docvqa,1792,64,docvqa_49362,155.377,111.283,34.783,222.107,465.694,224.489,35.823,690.183,0.225125,14.0
fa2,docvqa,1792,64,docvqa_57557,166.093,114.417,34.7,238.749,1625.082,242.888,27.085,1867.97,0.088916,61.0
fa2,docvqa,1792,64,docvqa_49366,174.92,131.323,34.911,243.842,395.338,246.629,28.238,641.967,0.272475,15.0
fa2,docvqa,1792,64,docvqa_32984,155.444,111.414,34.814,223.147,555.231,225.83,32.661,781.061,0.199016,18.0
fa2,docvqa,1792,64,docvqa_49369,154.973,111.298,34.793,221.203,316.994,223.493,28.818,540.487,0.286729,12.0
fa2,docvqa,1792,64,docvqa_57562,157.335,111.259,34.78,223.729,306.613,226.433,30.661,533.046,0.295162,11.0
fa2,docvqa,1792,64,docvqa_32986,159.422,111.589,34.854,227.064,520.169,229.39,30.598,749.559,0.212687,18.0
fa2,docvqa,1792,64,docvqa_57564,155.534,111.284,34.788,221.72,1834.757,224.455,29.123,2059.212,0.075531,64.0
fa2,docvqa,1792,64,docvqa_49373,159.167,112.325,34.743,225.684,566.423,227.944,40.459,794.367,0.200369,15.0
fa2,docvqa,1792,64,docvqa_16606,158.659,114.197,34.973,224.75,287.398,228.27,28.74,515.668,0.307676,11.0
fa2,docvqa,1792,64,docvqa_223,155.166,111.553,34.817,221.196,432.505,223.489,33.27,655.994,0.236536,14.0
fa2,docvqa,1792,64,docvqa_224,156.439,111.249,34.793,222.581,467.544,224.805,31.17,692.349,0.225954,16.0
fa2,docvqa,1792,64,docvqa_16609,154.866,111.116,34.785,221.618,508.417,224.11,29.907,732.527,0.211414,18.0
fa2,docvqa,1792,64,docvqa_57566,155.922,111.252,34.796,222.294,451.707,224.605,28.232,676.312,0.230548,17.0
fa2,docvqa,1792,64,docvqa_16611,155.561,111.154,34.762,221.67,531.647,224.091,27.981,755.738,0.205839,20.0
fa2,docvqa,1792,64,docvqa_49376,156.01,112.126,34.837,222.438,338.049,224.763,28.171,562.812,0.277197,13.0
fa2,docvqa,1792,64,docvqa_49381,157.833,111.968,34.895,224.744,485.607,227.307,30.35,712.914,0.221392,17.0
fa2,docvqa,1792,64,docvqa_32989,155.786,112.332,34.834,222.178,513.251,224.605,32.078,737.856,0.211133,17.0
fa2,docvqa,1792,64,docvqa_231,155.48,111.508,34.794,221.789,498.383,224.51,33.226,722.893,0.21508,16.0
fa2,docvqa,1792,64,docvqa_232,159.716,111.303,34.794,225.988,523.137,228.272,32.696,751.409,0.212555,17.0
fa2,docvqa,1792,64,docvqa_32994,163.556,113.926,34.837,229.927,482.902,233.253,30.181,716.155,0.22838,17.0
fa2,docvqa,1792,64,docvqa_234,155.093,111.243,34.822,221.31,1798.674,223.651,28.55,2022.325,0.07669,64.0
fa2,docvqa,1792,64,docvqa_4931,158.277,111.219,34.787,224.458,600.195,226.717,30.01,826.912,0.191407,21.0
fa2,docvqa,1792,64,docvqa_32995,155.574,111.689,34.816,222.234,446.514,224.45,27.907,670.965,0.231866,17.0
fa2,docvqa,1792,64,docvqa_237,158.302,111.223,34.82,227.614,446.398,230.239,26.259,676.637,0.233954,18.0
fa2,docvqa,1792,64,docvqa_49390,187.345,132.651,34.913,254.427,181.897,257.317,25.985,439.215,0.426544,8.0
fa2,docvqa,1792,64,docvqa_49391,156.468,112.342,34.856,222.819,676.439,225.665,30.747,902.103,0.173448,23.0
fa2,docvqa,1792,64,docvqa_49392,157.076,112.704,34.925,231.342,355.627,233.792,29.636,589.418,0.266493,13.0
fa2,docvqa,1792,64,docvqa_49393,155.75,111.443,34.808,223.83,489.664,226.221,28.804,715.885,0.217563,18.0
fa2,docvqa,1792,64,docvqa_49394,154.527,111.173,34.792,220.461,384.027,222.666,25.602,606.693,0.254704,16.0
fa2,docvqa,1792,64,docvqa_49395,160.243,113.821,34.792,226.279,573.162,229.474,28.658,802.636,0.199646,21.0
fa2,docvqa,1792,64,docvqa_49396,185.354,123.977,35.853,257.763,675.456,261.259,32.165,936.714,0.197877,22.0
fa2,docvqa,1792,64,docvqa_49397,155.508,111.432,34.84,224.345,466.104,226.828,31.074,692.932,0.224421,16.0
fa2,docvqa,1792,64,docvqa_49398,176.993,121.021,34.98,245.543,377.437,248.392,29.034,625.829,0.282814,14.0
fa2,docvqa,1792,64,docvqa_49399,157.837,111.24,34.765,225.074,274.303,227.871,27.43,502.174,0.314307,11.0
fa2,docvqa,1792,64,docvqa_49400,154.931,111.369,34.752,221.614,770.525,224.464,30.821,994.989,0.155711,26.0
fa2,docvqa,1792,64,docvqa_49401,157.468,112.769,34.84,231.212,457.442,233.892,28.59,691.335,0.227774,17.0
fa2,docvqa,1792,64,docvqa_49402,157.696,112.088,34.927,228.15,955.506,231.082,31.85,1186.588,0.132899,31.0
fa2,docvqa,1792,64,docvqa_49403,155.477,111.351,34.82,221.762,302.822,224.175,33.647,526.998,0.295025,10.0
fa2,docvqa,1792,64,docvqa_49404,158.492,111.326,34.769,224.889,793.601,227.515,33.067,1021.116,0.155215,25.0
fa2,docvqa,1792,64,docvqa_254,154.858,111.249,34.795,221.056,538.936,223.482,31.702,762.418,0.203114,18.0
fa2,docvqa,1792,64,docvqa_255,159.192,111.202,34.763,225.497,504.373,227.818,33.625,732.191,0.217418,16.0
fa2,docvqa,1792,64,docvqa_256,163.058,112.194,34.851,229.471,529.836,232.642,29.435,762.478,0.213853,19.0
fa2,docvqa,1792,64,docvqa_49406,157.51,111.298,34.769,223.469,435.343,225.731,29.023,661.073,0.238264,16.0
fa2,docvqa,1792,64,docvqa_265,156.715,111.487,34.811,224.515,1078.421,226.738,30.812,1305.159,0.120073,36.0
fa2,docvqa,1792,64,docvqa_266,154.886,111.019,34.716,221.356,476.67,223.873,29.792,700.544,0.221094,17.0
fa2,docvqa,1792,64,docvqa_267,165.517,114.043,34.856,234.152,521.748,236.929,32.609,758.677,0.218166,17.0
fa2,docvqa,1792,64,docvqa_271,172.182,117.059,34.821,238.64,522.706,242.545,32.669,765.251,0.225,17.0
fa2,docvqa,1792,64,docvqa_49432,156.073,111.237,34.779,222.12,1066.309,224.471,28.819,1290.78,0.120913,38.0
fa2,docvqa,1792,64,docvqa_283,170.582,111.166,34.778,236.946,670.291,240.315,31.919,910.607,0.187328,22.0
fa2,docvqa,1792,64,docvqa_284,157.641,111.238,34.787,223.805,813.854,226.25,29.066,1040.104,0.151563,29.0
fa2,docvqa,1792,64,docvqa_285,159.875,111.261,34.821,226.196,503.901,228.568,33.593,732.469,0.218268,16.0
fa2,docvqa,1792,64,docvqa_49437,156.373,111.517,34.796,222.941,473.713,225.532,33.837,699.244,0.223631,15.0
fa2,docvqa,1792,64,docvqa_49442,157.76,111.849,34.85,226.367,416.464,228.944,29.747,645.409,0.244434,15.0
fa2,docvqa,1792,64,docvqa_292,158.526,112.589,34.873,225.085,951.214,227.805,33.972,1179.018,0.134456,29.0
fa2,docvqa,1792,64,docvqa_296,154.943,111.165,34.786,221.197,399.664,223.703,28.547,623.367,0.248558,15.0
fa2,docvqa,1792,64,docvqa_297,163.048,114.729,36.745,238.293,449.031,240.693,28.064,689.724,0.236396,17.0
fa2,docvqa,1792,64,docvqa_298,155.677,111.18,34.78,221.768,350.304,223.955,31.846,574.259,0.271093,12.0
fa2,docvqa,1792,64,docvqa_49449,158.116,111.349,34.814,224.209,466.327,226.67,29.145,692.997,0.228162,17.0
fa2,docvqa,1792,64,docvqa_300,158.277,111.913,34.889,224.544,537.665,226.923,28.298,764.587,0.20701,20.0
fa2,docvqa,1792,64,docvqa_49454,155.812,112.239,34.839,222.315,541.999,224.485,28.526,766.484,0.203282,20.0
fa2,docvqa,1792,64,docvqa_303,170.052,115.922,34.878,236.746,514.313,239.904,32.145,754.218,0.225468,17.0
fa2,docvqa,1792,64,docvqa_304,156.092,111.834,34.822,222.996,828.763,225.54,30.695,1054.303,0.148053,28.0
fa2,docvqa,1792,64,docvqa_305,163.308,111.378,34.799,229.691,563.892,233.285,31.327,797.177,0.204858,19.0
fa2,docvqa,1792,64,docvqa_49455,155.93,112.331,34.846,222.178,1207.782,224.616,30.969,1432.398,0.10886,40.0
fa2,docvqa,1792,64,docvqa_307,157.518,111.425,34.873,224.18,431.51,226.427,28.767,657.938,0.239412,16.0
fa2,docvqa,1792,64,docvqa_49461,156.601,112.575,34.823,222.767,516.629,224.925,27.191,741.554,0.211179,20.0
fa2,docvqa,1792,64,docvqa_49465,156.887,112.477,34.819,224.939,643.107,227.217,30.624,870.325,0.180263,22.0
fa2,docvqa,1792,64,docvqa_317,158.192,111.446,34.853,231.118,327.1,233.467,32.71,560.567,0.282199,11.0
fa2,docvqa,1792,64,docvqa_319,157.249,111.211,34.799,223.497,641.885,225.91,30.566,867.795,0.181205,22.0
fa2,docvqa,1792,64,docvqa_320,158.155,114.41,34.814,224.317,1987.064,226.603,31.541,2213.667,0.071445,64.0
fa2,docvqa,1792,64,docvqa_321,155.269,111.375,34.824,221.602,2020.76,223.983,32.076,2244.743,0.06917,64.0
fa2,docvqa,1792,64,docvqa_345,155.86,112.108,34.793,221.807,372.039,224.146,31.003,596.186,0.261428,13.0
fa2,docvqa,1792,64,docvqa_346,155.784,111.625,35.022,222.488,805.184,225.034,30.969,1030.217,0.151215,27.0
fa2,docvqa,1792,64,docvqa_347,157.344,111.554,34.837,225.688,807.258,228.17,33.636,1035.428,0.151961,25.0
fa2,docvqa,1792,64,docvqa_348,159.991,113.06,34.854,226.505,614.865,228.934,30.743,843.799,0.189608,21.0
fa2,docvqa,1792,64,docvqa_6943,157.907,111.302,34.785,224.146,492.377,226.579,30.774,718.956,0.219633,17.0
fa2,docvqa,1792,64,docvqa_357,157.823,111.433,34.794,224.302,377.956,226.508,31.496,604.464,0.261095,13.0
fa2,docvqa,1792,64,docvqa_358,158.473,111.46,34.831,225.964,404.535,228.376,26.969,632.911,0.250388,16.0
fa2,docvqa,1792,64,docvqa_359,155.877,111.292,34.806,222.422,501.312,224.63,31.332,725.942,0.214724,17.0
fa2,docvqa,1792,64,docvqa_360,160.072,112.789,34.815,227.079,641.934,229.594,32.097,871.529,0.183668,21.0
fa2,docvqa,1792,64,docvqa_361,155.005,111.143,34.756,221.154,927.445,223.478,28.983,1150.923,0.134679,33.0
fa2,docvqa,1792,64,docvqa_362,155.945,111.925,34.778,222.299,667.803,224.49,31.8,892.294,0.174769,22.0
fa2,docvqa,1792,64,docvqa_363,157.923,111.181,34.764,224.368,547.836,226.72,30.435,774.556,0.203888,19.0
fa2,docvqa,1792,64,docvqa_364,157.884,111.199,34.79,226.213,1003.263,228.423,30.402,1231.686,0.128185,34.0
fa2,docvqa,1792,64,docvqa_365,156.548,111.387,34.814,225.751,839.302,228.629,33.572,1067.931,0.14659,26.0
fa2,docvqa,1792,64,docvqa_8560,156.316,111.367,34.797,224.532,614.455,226.939,32.34,841.393,0.185783,20.0
fa2,docvqa,1792,64,docvqa_4958,156.77,111.886,34.737,230.112,452.693,232.903,28.293,685.596,0.228662,17.0
fa2,docvqa,1792,64,docvqa_8565,155.095,111.311,34.784,225.359,827.544,227.659,31.829,1055.203,0.146981,27.0
fa2,docvqa,1792,64,docvqa_4959,157.725,111.951,34.854,224.447,159.293,227.246,31.859,386.538,0.408046,6.0
fa2,docvqa,1792,64,docvqa_375,177.994,116.656,35.948,244.701,675.635,248.661,29.375,924.296,0.192572,24.0
fa2,docvqa,1792,64,docvqa_376,158.227,113.796,34.828,224.609,652.462,227.261,29.657,879.723,0.179861,23.0
fa2,docvqa,1792,64,docvqa_377,169.528,115.324,34.898,235.716,328.567,239.293,29.87,567.86,0.298538,12.0
fa2,docvqa,1792,64,docvqa_49528,157.113,113.209,34.879,223.446,226.425,226.046,28.303,452.47,0.347235,9.0
fa2,docvqa,1792,64,docvqa_49530,157.209,113.123,34.859,223.807,227.418,226.156,28.427,453.574,0.346601,9.0
fa2,docvqa,1792,64,docvqa_49532,157.153,113.413,34.8,225.393,547.309,227.67,32.195,774.979,0.202783,18.0
fa2,docvqa,1792,64,docvqa_24499,160.44,115.9,34.863,226.943,1829.161,229.319,29.034,2058.479,0.077941,64.0
fa2,docvqa,1792,64,docvqa_49534,155.492,111.368,34.809,221.767,609.687,224.499,32.089,834.185,0.1864,20.0
fa2,docvqa,1792,64,docvqa_383,157.925,111.232,34.797,224.227,1112.697,226.827,27.817,1339.524,0.117896,41.0
fa2,docvqa,1792,64,docvqa_384,155.442,111.475,34.835,221.748,1479.946,224.342,30.832,1704.288,0.091207,49.0
fa2,docvqa,1792,64,docvqa_385,168.637,117.215,34.851,235.623,2014.923,238.558,31.983,2253.481,0.074834,64.0
fa2,docvqa,1792,64,docvqa_49536,155.323,111.804,34.847,221.902,1368.484,224.315,31.102,1592.798,0.097516,45.0
fa2,docvqa,1792,64,docvqa_24500,158.956,111.439,34.819,227.324,1329.28,230.039,30.211,1559.319,0.101939,45.0
fa2,docvqa,1792,64,docvqa_33153,166.787,111.979,34.821,233.192,742.185,236.67,30.924,978.855,0.17039,25.0
fa2,docvqa,1792,64,docvqa_57733,160.284,111.52,38.206,227.028,815.772,229.409,32.631,1045.181,0.153356,26.0
fa2,docvqa,1792,64,docvqa_49542,156.391,112.239,34.816,222.494,512.998,224.812,30.176,737.81,0.211967,18.0
fa2,docvqa,1792,64,docvqa_33158,156.727,111.349,34.837,223.393,331.916,225.688,33.192,557.603,0.281072,11.0
fa2,docvqa,1792,64,docvqa_49544,161.779,115.003,35.5,235.084,831.045,237.365,27.702,1068.41,0.151421,31.0
fa2,docvqa,1792,64,docvqa_58694,157.834,111.337,34.813,223.837,573.022,226.06,30.159,799.082,0.197519,20.0
fa2,docvqa,1792,64,docvqa_49546,159.109,111.312,34.803,225.441,2026.827,228.027,32.172,2254.854,0.070563,64.0
fa2,docvqa,1792,64,docvqa_395,168.643,112.397,34.813,235.499,399.287,240.69,36.299,639.977,0.263515,12.0
fa2,docvqa,1792,64,docvqa_396,155.524,111.175,34.781,221.566,658.045,223.821,31.335,881.866,0.176357,22.0
fa2,docvqa,1792,64,docvqa_397,156.923,111.475,34.808,223.2,722.365,225.411,32.835,947.776,0.16557,23.0
fa2,docvqa,1792,64,docvqa_49550,156.745,111.775,34.873,223.666,1627.906,226.317,31.92,1854.224,0.084534,52.0
fa2,docvqa,1792,64,docvqa_58695,157.093,111.739,34.897,225.664,716.415,228.112,31.148,944.527,0.166319,24.0
fa2,docvqa,1792,64,docvqa_398,155.866,111.767,34.826,222.23,391.171,224.807,30.09,615.979,0.253039,14.0
fa2,docvqa,1792,64,docvqa_49555,159.734,111.866,34.89,229.642,1069.823,232.173,32.419,1301.996,0.122684,34.0
fa2,docvqa,1792,64,docvqa_16789,155.375,111.522,34.84,221.696,806.552,223.988,33.606,1030.54,0.150771,25.0
fa2,docvqa,1792,64,docvqa_407,157.374,111.454,34.807,223.981,454.448,226.482,34.958,680.93,0.231116,14.0
fa2,docvqa,1792,64,docvqa_49560,160.011,112.687,34.825,226.24,723.128,228.745,26.783,951.872,0.168101,28.0
fa2,docvqa,1792,64,docvqa_408,155.48,111.201,34.768,492.037,438.673,494.337,31.334,933.01,0.166643,15.0
fa2,docvqa,1792,64,docvqa_409,157.533,111.253,34.809,223.673,643.546,225.903,30.645,869.449,0.181187,22.0
fa2,docvqa,1792,64,docvqa_24505,166.433,112.468,34.86,232.534,533.386,235.894,33.337,769.28,0.216349,17.0
fa2,docvqa,1792,64,docvqa_410,155.467,111.247,34.809,221.624,764.408,223.997,29.4,988.405,0.157291,27.0
fa2,docvqa,1792,64,docvqa_49565,156.044,112.474,34.716,222.216,385.322,224.748,32.11,610.07,0.255781,13.0
fa2,docvqa,1792,64,docvqa_16801,165.039,117.78,34.792,231.009,257.945,233.616,28.661,491.56,0.335745,10.0
fa2,docvqa,1792,64,docvqa_49569,157.034,112.471,34.819,229.861,394.922,233.309,30.379,628.231,0.249962,14.0
fa2,docvqa,1792,64,docvqa_57765,155.753,112.114,34.804,221.907,578.965,224.246,30.472,803.21,0.193913,20.0
fa2,docvqa,1792,64,docvqa_57766,156.411,111.488,34.84,225.265,488.798,227.846,30.55,716.644,0.218255,17.0
fa2,docvqa,1792,64,docvqa_57767,155.705,111.451,34.863,222.499,419.229,224.754,32.248,643.983,0.241784,14.0
fa2,docvqa,1792,64,docvqa_58700,156.587,111.234,34.779,222.755,648.686,225.046,30.89,873.732,0.179216,22.0
fa2,docvqa,1792,64,docvqa_49574,156.97,111.739,34.843,224.676,545.345,227.291,28.702,772.636,0.203162,20.0
fa2,docvqa,1792,64,docvqa_57770,156.869,111.554,34.791,223.093,442.373,225.519,31.598,667.891,0.234872,15.0
fa2,docvqa,1792,64,docvqa_57771,167.93,113.765,34.86,234.871,1913.358,238.117,32.43,2151.475,0.078053,60.0
fa2,docvqa,1792,64,docvqa_49579,176.288,114.104,34.799,242.578,433.607,253.172,28.907,686.779,0.256689,16.0
fa2,docvqa,1792,64,docvqa_49577,160.881,115.299,34.828,227.223,318.299,229.388,28.936,547.686,0.293747,12.0
fa2,docvqa,1792,64,docvqa_49583,157.181,113.263,34.829,223.714,535.107,226.087,28.164,761.193,0.206493,20.0
fa2,docvqa,1792,64,docvqa_431,156.479,111.633,34.833,226.461,784.112,228.641,29.041,1012.753,0.154509,28.0
fa2,docvqa,1792,64,docvqa_58702,169.667,112.439,34.8,236.104,536.699,242.224,29.817,778.923,0.217822,19.0
fa2,docvqa,1792,64,docvqa_49586,155.292,111.381,34.819,221.587,1976.258,224.28,31.369,2200.538,0.07057,64.0
fa2,docvqa,1792,64,docvqa_432,158.728,111.564,34.805,225.141,617.387,227.745,32.494,845.132,0.187815,20.0
fa2,docvqa,1792,64,docvqa_57780,155.358,111.753,34.814,227.05,500.906,229.28,31.307,730.187,0.212765,17.0
fa2,docvqa,1792,64,docvqa_57781,157.262,113.018,34.801,229.962,358.913,232.193,25.637,591.106,0.266047,15.0
fa2,docvqa,1792,64,docvqa_57782,154.608,111.2,34.786,220.663,1843.764,222.815,29.266,2066.579,0.074814,64.0
fa2,docvqa,1792,64,docvqa_57783,157.087,111.577,34.845,223.734,536.317,226.594,31.548,762.911,0.205905,18.0
fa2,docvqa,1792,64,docvqa_57784,159.434,113.629,34.862,225.641,1526.447,228.142,33.184,1754.589,0.090867,47.0
fa2,docvqa,1792,64,docvqa_433,157.438,111.451,34.699,223.765,662.763,226.382,33.138,889.145,0.177066,21.0
fa2,docvqa,1792,64,docvqa_16826,155.188,111.165,34.687,221.33,1829.474,223.604,30.491,2053.078,0.075588,61.0
fa2,docvqa,1792,64,docvqa_57786,157.719,111.271,34.694,224.098,671.16,227.001,33.558,898.161,0.175602,21.0
fa2,docvqa,1792,64,docvqa_49595,155.208,111.834,34.632,221.569,702.579,223.989,28.103,926.568,0.167508,26.0
fa2,docvqa,1792,64,docvqa_444,154.342,111.18,34.675,220.497,519.052,222.748,30.532,741.8,0.208064,18.0
fa2,docvqa,1792,64,docvqa_16830,158.302,111.414,34.655,226.081,579.697,228.537,26.35,808.234,0.195861,23.0
fa2,docvqa,1792,64,docvqa_16831,173.035,115.207,34.856,239.686,710.33,243.17,32.288,953.5,0.181474,23.0
fa2,docvqa,1792,64,docvqa_16832,158.445,111.692,34.865,224.814,461.174,227.225,30.745,688.399,0.230164,16.0
fa2,docvqa,1792,64,docvqa_57790,157.498,111.306,34.821,223.463,209.371,225.971,26.171,435.342,0.361781,9.0
fa2,docvqa,1792,64,docvqa_57791,155.99,112.151,34.776,228.297,751.834,230.555,28.917,982.389,0.158786,27.0
fa2,docvqa,1792,64,docvqa_16835,179.239,115.572,34.826,245.713,493.96,248.281,25.998,742.241,0.241484,20.0
fa2,docvqa,1792,64,docvqa_450,158.275,111.7,34.831,233.006,435.468,235.726,31.105,671.195,0.235811,15.0
fa2,docvqa,1792,64,docvqa_16837,156.543,112.3,34.924,222.727,503.326,225.21,31.458,728.536,0.214873,17.0
fa2,docvqa,1792,64,docvqa_57798,167.085,115.004,34.786,233.374,780.156,236.491,28.895,1016.646,0.16435,28.0
fa2,docvqa,1792,64,docvqa_16839,156.171,112.404,34.833,222.943,589.031,225.483,32.724,814.514,0.191735,19.0
fa2,docvqa,1792,64,docvqa_57799,172.416,120.564,38.788,240.31,544.326,242.958,27.216,787.284,0.219001,21.0
fa2,docvqa,1792,64,docvqa_57800,156.41,111.34,35.14,228.585,1045.056,230.9,33.711,1275.956,0.122583,32.0
fa2,docvqa,1792,64,docvqa_57801,172.189,114.863,34.83,238.596,624.267,241.029,32.856,865.296,0.198994,20.0
fa2,docvqa,1792,64,docvqa_57803,172.642,114.479,34.718,238.689,454.426,242.058,28.402,696.484,0.247877,17.0
fa2,docvqa,1792,64,docvqa_57804,168.162,122.546,34.834,235.469,281.71,237.985,31.301,519.695,0.323579,10.0
fa2,docvqa,1792,64,docvqa_57805,158.754,114.191,34.84,225.028,1394.172,227.397,31.686,1621.569,0.097901,45.0
fa2,docvqa,1792,64,docvqa_49605,158.913,114.393,34.827,225.232,650.35,227.967,32.517,878.317,0.180929,21.0
fa2,docvqa,1792,64,docvqa_57807,155.336,111.613,34.851,223.825,518.175,226.348,37.013,744.524,0.208638,15.0
fa2,docvqa,1792,64,docvqa_57808,157.633,111.184,34.794,223.839,478.082,226.432,29.88,704.514,0.223747,17.0
fa2,docvqa,1792,64,docvqa_49617,157.442,111.997,34.81,226.068,779.486,228.787,31.179,1008.273,0.156151,26.0
fa2,docvqa,1792,64,docvqa_57810,186.647,136.536,36.798,252.711,670.286,254.998,30.468,925.285,0.201719,23.0
fa2,docvqa,1792,64,docvqa_41421,155.73,111.45,34.833,221.93,437.587,224.221,27.349,661.808,0.23531,17.0
fa2,docvqa,1792,64,docvqa_461,158.265,111.773,34.82,225.262,2011.07,227.937,31.922,2239.007,0.070685,64.0
fa2,docvqa,1792,64,docvqa_463,158.832,112.034,34.835,229.257,1866.623,231.898,29.629,2098.521,0.075688,64.0
fa2,docvqa,1792,64,docvqa_4977,158.108,111.265,34.812,224.418,306.632,226.76,27.876,533.393,0.29642,12.0
fa2,docvqa,1792,64,docvqa_57815,165.395,111.865,34.845,231.813,479.747,233.998,28.22,713.745,0.231728,18.0
fa2,docvqa,1792,64,docvqa_4978,156.707,112.095,34.962,222.969,509.566,225.151,31.848,734.717,0.213289,17.0
fa2,docvqa,1792,64,docvqa_57817,156.647,111.333,34.826,224.964,839.91,227.367,27.997,1067.277,0.146773,31.0
fa2,docvqa,1792,64,docvqa_41434,169.591,116.621,34.901,235.984,412.643,239.488,31.742,652.132,0.260056,14.0
fa2,docvqa,1792,64,docvqa_57819,160.176,113.875,34.852,227.654,726.914,230.36,33.042,957.274,0.167325,23.0
fa2,docvqa,1792,64,docvqa_57820,156.819,111.214,34.712,223.226,437.778,225.703,33.675,663.481,0.236358,14.0
fa2,docvqa,1792,64,docvqa_57821,154.975,111.618,34.84,221.274,473.089,223.597,36.391,696.686,0.222446,14.0
fa2,docvqa,1792,64,docvqa_57822,155.257,111.403,34.809,221.607,702.103,223.949,31.914,926.052,0.167654,23.0
fa2,docvqa,1792,64,docvqa_57823,155.828,111.496,34.824,222.114,528.029,224.842,33.002,752.871,0.206978,17.0
fa2,docvqa,1792,64,docvqa_49629,157.906,111.562,34.852,224.712,482.894,227.195,32.193,710.089,0.222375,16.0
fa2,docvqa,1792,64,docvqa_57825,156.008,111.799,34.839,222.472,522.273,224.962,32.642,747.235,0.20878,17.0
fa2,docvqa,1792,64,docvqa_57826,159.269,112.371,34.833,228.092,488.179,230.923,32.545,719.102,0.221483,16.0
fa2,docvqa,1792,64,docvqa_57827,158.144,111.253,34.788,224.484,654.628,227.002,32.731,881.63,0.179377,21.0
fa2,docvqa,1792,64,docvqa_476,156.568,111.495,34.816,222.622,1865.621,225.156,32.166,2090.777,0.074885,59.0
fa2,docvqa,1792,64,docvqa_4980,178.264,127.093,34.872,246.259,725.184,249.717,26.859,974.901,0.182853,28.0
fa2,docvqa,1792,64,docvqa_57833,156.303,112.167,34.781,222.571,267.921,224.852,33.49,492.772,0.317192,9.0
fa2,docvqa,1792,64,docvqa_41449,158.897,114.495,34.837,226.543,422.58,228.975,26.411,651.555,0.243874,17.0
fa2,docvqa,1792,64,docvqa_57835,166.818,111.392,34.819,233.522,525.93,236.766,32.871,762.696,0.218722,17.0
fa2,docvqa,1792,64,docvqa_57836,156.798,113.184,34.852,224.056,387.592,226.493,35.236,614.085,0.255336,12.0
fa2,docvqa,1792,64,docvqa_57837,156.401,111.292,34.792,224.224,368.58,227.213,33.507,595.793,0.262508,12.0
fa2,docvqa,1792,64,docvqa_57838,158.826,111.406,34.818,225.336,314.807,228.013,34.979,542.82,0.292594,10.0
fa2,docvqa,1792,64,docvqa_49643,157.991,111.637,34.833,224.264,692.12,226.797,30.092,918.917,0.171932,24.0
fa2,docvqa,1792,64,docvqa_57841,157.062,112.547,34.943,223.639,335.158,226.34,37.24,561.499,0.279718,10.0
fa2,docvqa,1792,64,docvqa_57843,156.795,111.186,34.77,222.857,318.969,225.173,35.441,544.142,0.28815,10.0
fa2,docvqa,1792,64,docvqa_57844,158.595,111.347,34.823,225.06,753.408,227.257,30.136,980.665,0.161722,26.0
fa2,docvqa,1792,64,docvqa_57845,159.896,113.237,34.855,227.457,546.446,229.991,30.358,776.438,0.205935,19.0
fa2,docvqa,1792,64,docvqa_57853,171.999,117.196,34.85,238.051,419.405,243.134,26.213,662.539,0.259606,17.0
fa2,docvqa,1792,64,docvqa_57854,172.739,116.731,34.838,239.009,547.575,242.911,26.075,790.486,0.218523,22.0
fa2,docvqa,1792,64,docvqa_57855,177.223,120.486,34.921,243.341,513.444,246.352,27.023,759.796,0.233251,20.0
fa2,docvqa,1792,64,docvqa_57857,157.257,112.541,34.812,224.254,896.788,226.716,28.025,1123.504,0.13997,33.0
fa2,docvqa,1792,64,docvqa_57858,157.577,111.087,34.67,223.604,675.785,226.292,29.382,902.077,0.174682,24.0
fa2,docvqa,1792,64,docvqa_45694,169.814,116.281,34.785,236.425,733.917,239.896,31.909,973.813,0.174381,24.0
fa2,docvqa,1792,64,docvqa_55464,155.392,111.713,34.865,228.929,1235.538,231.392,31.68,1466.93,0.10593,40.0
fa2,docvqa,1792,64,docvqa_57880,157.307,111.383,34.801,223.723,659.159,226.254,29.962,885.413,0.177665,23.0
fa2,docvqa,1792,64,docvqa_57881,158.236,112.75,34.959,225.121,490.919,227.409,28.878,718.328,0.220284,18.0
fa2,docvqa,1792,64,docvqa_57882,169.034,113.556,34.827,235.506,1099.43,238.906,31.412,1338.336,0.126301,36.0
fa2,docvqa,1792,64,docvqa_57883,157.482,111.443,34.841,223.775,1013.988,226.377,28.971,1240.365,0.126964,36.0
fa2,docvqa,1792,64,docvqa_57884,156.687,111.579,34.855,227.031,431.362,229.409,30.812,660.771,0.237128,15.0
fa2,docvqa,1792,64,docvqa_57885,155.774,111.973,34.781,222.091,458.763,224.285,35.289,683.048,0.228057,14.0
fa2,docvqa,1792,64,docvqa_57886,161.687,115.219,34.819,227.843,464.554,230.265,25.809,694.819,0.232704,19.0
fa2,docvqa,1792,64,docvqa_57887,160.29,113.552,34.835,226.859,541.224,230.338,30.068,771.562,0.207748,19.0
fa2,docvqa,1792,64,docvqa_57888,158.193,111.512,34.826,224.589,723.947,227.047,31.476,950.994,0.166345,24.0
fa2,docvqa,1792,64,docvqa_57889,157.588,111.584,34.857,223.849,432.419,226.443,33.263,658.861,0.239183,14.0
fa2,docvqa,1792,64,docvqa_57890,158.208,111.308,34.81,224.524,597.127,226.711,35.125,823.838,0.192037,18.0
fa2,docvqa,1792,64,docvqa_57891,156.418,111.364,34.818,222.899,724.175,225.339,30.174,949.515,0.164734,25.0
fa2,docvqa,1792,64,docvqa_553,157.697,112.481,34.835,224.618,473.341,227.256,36.411,700.597,0.225089,14.0
fa2,docvqa,1792,64,docvqa_554,155.724,111.498,34.816,222.175,885.381,224.683,32.792,1110.064,0.140284,28.0
fa2,docvqa,1792,64,docvqa_555,155.168,111.332,34.783,221.408,701.35,223.976,31.88,925.326,0.16769,23.0
fa2,docvqa,1792,64,docvqa_57899,163.848,113.442,35.433,231.308,538.457,233.814,29.914,772.271,0.212164,19.0
fa2,docvqa,1792,64,docvqa_57900,157.919,111.212,34.774,224.195,412.056,226.437,29.433,638.494,0.24733,15.0
fa2,docvqa,1792,64,docvqa_57901,154.829,111.323,34.808,221.127,1070.565,223.612,32.441,1294.177,0.119635,34.0
fa2,docvqa,1792,64,docvqa_57902,156.256,112.423,34.863,222.337,342.981,224.742,34.298,567.723,0.275234,11.0
fa2,docvqa,1792,64,docvqa_57903,157.137,111.243,34.679,223.293,630.433,225.877,28.656,856.309,0.183505,23.0
fa2,docvqa,1792,64,docvqa_57904,154.706,111.235,34.735,223.071,1916.354,225.284,30.418,2141.638,0.072237,64.0
fa2,docvqa,1792,64,docvqa_57905,160.73,111.93,34.841,228.698,560.86,230.931,29.519,791.791,0.202995,20.0
fa2,docvqa,1792,64,docvqa_581,179.437,120.57,34.839,245.973,347.015,249.824,28.918,596.839,0.300646,13.0
fa2,docvqa,1792,64,docvqa_582,154.765,111.308,34.806,220.825,511.616,223.337,26.927,734.953,0.210578,20.0
fa2,docvqa,1792,64,docvqa_583,162.014,117.253,34.818,229.911,434.372,232.086,31.027,666.458,0.243097,15.0
fa2,docvqa,1792,64,docvqa_57928,158.409,111.682,34.817,225.851,338.116,228.417,37.568,566.533,0.27961,10.0
fa2,docvqa,1792,64,docvqa_57929,157.7,111.517,34.81,224.036,1345.77,226.418,28.633,1572.188,0.100306,48.0
fa2,docvqa,1792,64,docvqa_584,159.363,113.367,34.736,225.651,441.253,227.94,29.417,669.192,0.238142,16.0
fa2,docvqa,1792,64,docvqa_57931,155.777,112.003,34.798,223.722,170.778,225.864,28.463,396.643,0.392738,7.0
fa2,docvqa,1792,64,docvqa_57933,155.459,112.082,34.784,222.503,404.478,224.743,31.114,629.221,0.247067,14.0
fa2,docvqa,1792,64,docvqa_57934,155.485,111.465,34.721,223.653,525.396,226.116,29.189,751.512,0.206896,19.0
fa2,docvqa,1792,64,docvqa_596,155.52,111.603,34.688,223.73,689.336,226.433,27.573,915.768,0.169824,26.0
fa2,docvqa,1792,64,docvqa_597,158.567,114.449,34.857,225.386,466.678,228.091,33.334,694.768,0.22823,15.0
fa2,docvqa,1792,64,docvqa_598,158.7,111.513,34.815,226.072,1398.001,228.517,31.067,1626.518,0.09757,46.0
fa2,docvqa,1792,64,docvqa_599,158.911,111.294,34.782,226.674,1844.166,229.249,31.257,2073.416,0.076642,60.0
fa2,docvqa,1792,64,docvqa_600,188.449,114.904,34.829,254.73,285.116,258.2,28.512,543.316,0.346849,11.0
fa2,docvqa,1792,64,docvqa_601,159.666,111.745,34.804,228.313,1478.678,230.805,30.177,1709.483,0.0934,50.0
fa2,docvqa,1792,64,docvqa_16981,167.285,112.598,34.856,233.76,501.844,237.32,31.365,739.164,0.226316,17.0
fa2,docvqa,1792,64,docvqa_16990,156.246,111.839,34.878,222.845,660.197,225.407,34.747,885.604,0.176429,20.0
fa2,docvqa,1792,64,docvqa_57951,158.285,112.953,34.861,226.214,235.066,228.695,29.383,463.762,0.341307,9.0
fa2,docvqa,1792,64,docvqa_57952,155.146,111.498,34.739,221.993,521.804,224.425,34.787,746.229,0.207906,16.0
fa2,docvqa,1792,64,docvqa_57954,158.541,112.223,34.838,225.001,513.576,227.485,32.098,741.061,0.213939,17.0
fa2,docvqa,1792,64,docvqa_57955,156.392,112.237,34.793,222.628,459.519,225.199,35.348,684.718,0.228403,14.0
fa2,docvqa,1792,64,docvqa_610,157.408,111.202,34.802,223.69,1965.081,226.037,31.695,2191.119,0.071839,63.0
fa2,docvqa,1792,64,docvqa_611,158.839,111.312,34.786,225.089,807.556,227.788,28.841,1035.345,0.153416,29.0
fa2,docvqa,1792,64,docvqa_612,158.122,111.526,34.831,224.999,885.465,227.193,30.533,1112.657,0.142112,30.0
fa2,docvqa,1792,64,docvqa_613,156.665,111.729,34.823,222.778,1925.168,225.34,30.558,2150.508,0.07285,64.0
fa2,docvqa,1792,64,docvqa_16999,155.415,111.374,34.827,221.545,628.226,223.947,33.065,852.173,0.182375,20.0
fa2,docvqa,1792,64,docvqa_17000,157.225,111.308,34.797,223.246,389.478,225.704,32.456,615.181,0.255575,13.0
fa2,docvqa,1792,64,docvqa_17001,157.393,111.208,34.721,223.578,240.953,226.099,26.773,467.051,0.336993,10.0
fa2,docvqa,1792,64,docvqa_57963,157.143,111.226,34.695,223.23,1299.357,225.818,31.692,1525.175,0.103033,42.0
fa2,docvqa,1792,64,docvqa_57964,159.054,111.456,37.325,226.175,1411.864,228.844,30.04,1640.708,0.096942,48.0
fa2,docvqa,1792,64,docvqa_57965,155.617,111.171,34.665,221.922,1977.468,224.181,31.388,2201.649,0.070682,64.0
fa2,docvqa,1792,64,docvqa_17002,154.917,111.349,34.776,221.047,417.669,223.466,32.128,641.135,0.24163,14.0
fa2,docvqa,1792,64,docvqa_17003,157.331,111.143,34.691,223.397,690.469,225.817,28.77,916.286,0.171705,25.0
fa2,docvqa,1792,64,docvqa_17004,160.93,111.183,34.701,227.146,547.705,229.953,28.827,777.658,0.206943,20.0
fa2,docvqa,1792,64,docvqa_57969,157.324,111.212,34.703,223.326,289.588,225.595,32.176,515.183,0.305376,10.0
fa2,docvqa,1792,64,docvqa_17005,156.655,111.485,34.833,223.276,442.075,225.677,29.472,667.752,0.234601,16.0
fa2,docvqa,1792,64,docvqa_57971,157.429,111.209,34.792,224.032,640.657,226.833,30.507,867.489,0.181476,22.0
fa2,docvqa,1792,64,docvqa_17007,160.551,113.315,37.639,227.223,806.126,230.02,31.005,1036.145,0.15495,27.0
fa2,docvqa,1792,64,docvqa_57973,154.633,111.389,34.767,220.842,426.12,223.192,32.778,649.312,0.238149,14.0
fa2,docvqa,1792,64,docvqa_57974,163.402,115.257,36.926,229.376,489.194,232.096,28.776,721.29,0.226541,18.0
fa2,docvqa,1792,64,docvqa_57975,157.355,111.266,34.816,223.48,572.387,225.701,30.126,798.088,0.197166,20.0
fa2,docvqa,1792,64,docvqa_57976,155.072,111.592,34.811,221.301,472.761,223.466,27.809,696.227,0.222733,18.0
fa2,docvqa,1792,64,docvqa_57977,157.546,111.047,34.743,223.518,560.816,225.759,28.041,786.575,0.200293,21.0
fa2,docvqa,1792,64,docvqa_57978,157.752,111.118,34.662,223.607,679.924,225.796,29.562,905.72,0.174173,24.0
fa2,docvqa,1792,64,docvqa_636,156.816,111.225,34.781,223.049,1937.101,225.282,30.748,2162.383,0.07252,64.0
fa2,docvqa,1792,64,docvqa_637,179.689,119.741,34.878,245.918,583.155,248.69,27.769,831.844,0.216012,22.0
fa2,docvqa,1792,64,docvqa_639,157.999,112.313,34.834,232.907,1586.5,235.105,28.33,1821.606,0.086736,57.0
fa2,docvqa,1792,64,docvqa_57985,158.277,114.233,34.807,227.288,560.26,230.012,28.013,790.272,0.200282,21.0
fa2,docvqa,1792,64,docvqa_57986,155.781,111.97,34.806,222.723,1859.602,225.121,29.517,2084.723,0.074725,64.0
fa2,docvqa,1792,64,docvqa_57987,156.473,112.041,34.754,222.803,1933.868,225.173,30.696,2159.041,0.072474,64.0
fa2,docvqa,1792,64,docvqa_57989,157.288,111.186,34.767,223.582,563.598,226.026,28.18,789.625,0.199194,21.0
fa2,docvqa,1792,64,docvqa_650,158.641,111.833,34.877,226.45,464.806,228.975,30.987,693.781,0.228662,16.0
fa2,docvqa,1792,64,docvqa_651,154.752,111.462,34.81,221.608,635.624,224.112,30.268,859.736,0.18,22.0
fa2,docvqa,1792,64,docvqa_58007,155.689,111.155,34.664,221.857,618.554,224.193,28.116,842.746,0.18474,23.0
fa2,docvqa,1792,64,docvqa_58009,155.26,111.164,34.79,221.189,205.459,223.551,25.682,429.009,0.361903,9.0
fa2,docvqa,1792,64,docvqa_58018,167.163,115.852,34.761,233.678,1606.366,236.699,31.497,1843.065,0.090698,52.0
fa2,docvqa,1792,64,docvqa_674,156.871,111.224,34.817,224.36,412.793,226.791,31.753,639.584,0.24527,14.0
fa2,docvqa,1792,64,docvqa_57122,156.51,111.093,34.727,222.568,494.881,224.957,32.992,719.837,0.217424,16.0
fa2,docvqa,1792,64,docvqa_58020,156.367,111.346,34.716,222.562,353.402,225.098,35.34,578.5,0.270298,11.0
fa2,docvqa,1792,64,docvqa_58021,154.652,111.03,34.704,220.62,256.326,223.122,25.633,479.448,0.322562,11.0
fa2,docvqa,1792,64,docvqa_58022,167.54,114.427,34.833,235.397,630.96,238.377,31.548,869.337,0.192722,21.0
fa2,docvqa,1792,64,docvqa_58023,159.087,114.24,35.499,225.28,547.473,228.132,27.374,775.604,0.205114,21.0
fa2,docvqa,1792,64,docvqa_58024,157.402,112.188,34.813,223.769,660.199,226.588,31.438,886.786,0.177498,22.0
fa2,docvqa,1792,64,docvqa_675,154.659,111.213,34.817,220.815,2008.944,223.2,31.888,2232.144,0.069287,64.0
fa2,docvqa,1792,64,docvqa_676,160.255,111.387,34.851,227.617,337.19,230.026,30.654,567.215,0.282529,12.0
fa2,docvqa,1792,64,docvqa_677,164.939,111.722,34.759,231.399,880.22,234.688,31.436,1114.908,0.14794,29.0
fa2,docvqa,1792,64,docvqa_58029,156.19,111.58,34.724,222.668,405.555,225.26,33.796,630.815,0.247601,13.0
fa2,docvqa,1792,64,docvqa_678,157.728,113.179,34.772,224.918,661.021,227.119,33.051,888.14,0.177594,21.0
fa2,docvqa,1792,64,docvqa_58054,156.601,111.232,34.657,222.883,1101.157,225.723,27.529,1326.88,0.118022,41.0
fa2,docvqa,1792,64,docvqa_58056,155.554,111.231,34.708,221.605,918.125,224.319,29.617,1142.444,0.136159,32.0
fa2,docvqa,1792,64,docvqa_58059,157.861,113.061,34.72,224.739,475.78,227.057,27.987,702.837,0.224605,18.0
fa2,docvqa,1792,64,docvqa_58061,154.695,110.95,34.667,220.871,1806.526,223.019,28.675,2029.545,0.076222,64.0
fa2,docvqa,1792,64,docvqa_58064,155.335,111.33,34.662,221.408,522.132,223.597,32.633,745.729,0.208299,17.0
fa2,docvqa,1792,64,docvqa_41686,158.957,114.569,34.862,227.033,370.576,229.613,33.689,600.188,0.264845,12.0
fa2,docvqa,1792,64,docvqa_41687,178.048,117.615,34.813,245.234,693.526,249.257,28.897,942.782,0.188854,25.0
fa2,docvqa,1792,64,docvqa_41688,163.562,113.68,34.957,229.801,402.251,233.149,28.732,635.4,0.257415,15.0
fa2,docvqa,1792,64,docvqa_41689,155.473,111.09,34.771,221.362,858.157,223.594,29.592,1081.75,0.143724,30.0
fa2,docvqa,1792,64,docvqa_41690,158.688,112.233,34.862,226.349,716.195,230.003,29.841,946.197,0.167712,25.0
fa2,docvqa,1792,64,docvqa_41691,157.887,111.217,34.789,225.755,641.351,228.118,35.631,869.469,0.18159,19.0
fa2,docvqa,1792,64,docvqa_41693,154.751,111.422,34.798,221.785,693.176,224.222,30.138,917.398,0.168684,24.0
fa2,docvqa,1792,64,docvqa_41694,162.046,111.621,34.821,228.239,550.87,230.535,28.993,781.404,0.207379,20.0
fa2,docvqa,1792,64,docvqa_41695,156.877,111.273,34.803,224.733,645.092,227.028,32.255,872.12,0.17988,21.0
fa2,docvqa,1792,64,docvqa_41705,155.159,111.736,34.799,222.582,396.004,226.29,28.286,622.294,0.249334,15.0
fa2,docvqa,1792,64,docvqa_17132,158.413,111.679,34.834,224.872,467.827,227.552,31.188,695.379,0.227809,16.0
fa2,docvqa,1792,64,docvqa_17133,157.212,112.91,34.819,223.532,406.695,226.289,31.284,632.985,0.248366,14.0
fa2,docvqa,1792,64,docvqa_17134,157.122,112.79,34.783,224.198,863.686,226.696,31.988,1090.382,0.144098,28.0
fa2,docvqa,1792,64,docvqa_17135,163.051,112.521,34.825,229.267,514.325,232.363,28.574,746.689,0.218366,19.0
fa2,docvqa,1792,64,docvqa_47368,158.475,111.57,34.847,224.844,360.526,227.211,30.044,587.737,0.269636,13.0
fa2,docvqa,1792,64,docvqa_41715,157.146,113.489,34.877,228.154,368.454,230.569,26.318,599.023,0.262337,15.0
fa2,docvqa,1792,64,docvqa_41716,154.987,111.434,34.826,223.061,421.858,228.181,30.133,650.039,0.238427,15.0
fa2,docvqa,1792,64,docvqa_41717,155.262,111.269,34.808,221.452,412.733,223.836,31.749,636.569,0.243905,14.0
fa2,docvqa,1792,64,docvqa_17139,154.778,111.205,34.752,220.777,460.931,223.069,30.729,684.0,0.226284,16.0
fa2,docvqa,1792,64,docvqa_41719,155.428,111.381,34.809,222.836,727.148,225.205,34.626,952.353,0.163204,22.0
fa2,docvqa,1792,64,docvqa_17140,155.91,111.423,34.791,222.129,439.687,224.797,31.406,664.484,0.234633,15.0
fa2,docvqa,1792,64,docvqa_58105,156.359,111.401,34.812,222.73,329.351,225.229,32.935,554.581,0.281941,11.0
fa2,docvqa,1792,64,docvqa_58106,177.23,125.735,34.863,243.651,520.835,247.202,32.552,768.037,0.230757,17.0
fa2,docvqa,1792,64,docvqa_58107,155.0,111.292,34.791,221.478,471.942,224.174,33.71,696.117,0.222664,15.0
fa2,docvqa,1792,64,docvqa_58108,155.131,111.25,34.789,221.314,707.798,223.801,29.492,931.598,0.166521,25.0
fa2,docvqa,1792,64,docvqa_41721,157.699,111.205,34.781,223.64,656.276,225.81,31.251,882.085,0.17878,22.0
fa2,docvqa,1792,64,docvqa_41723,160.258,116.711,34.856,227.353,496.729,229.512,31.046,726.241,0.220668,17.0
fa2,docvqa,1792,64,docvqa_17143,170.298,119.111,34.814,241.605,502.419,244.187,31.401,746.607,0.228096,17.0
fa2,docvqa,1792,64,docvqa_41728,155.364,111.213,34.724,221.989,684.514,224.52,31.114,909.034,0.170911,23.0
fa2,docvqa,1792,64,docvqa_41729,157.384,111.07,34.709,223.613,470.157,226.219,27.656,696.377,0.226004,18.0
fa2,docvqa,1792,64,docvqa_17147,162.914,111.516,38.24,231.668,597.913,233.834,27.178,831.748,0.19587,23.0
fa2,docvqa,1792,64,docvqa_17149,174.488,120.348,34.821,241.072,437.843,244.706,31.275,682.549,0.255641,15.0
fa2,docvqa,1792,64,docvqa_17150,156.953,112.959,34.868,223.654,365.18,226.139,30.432,591.319,0.265429,13.0
fa2,docvqa,1792,64,docvqa_45744,157.514,111.426,34.8,225.259,1132.414,227.972,29.036,1360.386,0.115786,40.0
fa2,docvqa,1792,64,docvqa_45745,155.298,111.323,34.811,221.595,1021.683,223.888,31.928,1245.571,0.12468,33.0
fa2,docvqa,1792,64,docvqa_782,156.039,111.745,34.827,223.284,534.22,225.566,28.117,759.786,0.205372,20.0
fa2,docvqa,1792,64,docvqa_783,158.547,112.702,34.826,225.671,486.758,228.632,30.422,715.389,0.221624,17.0
fa2,docvqa,1792,64,docvqa_784,158.336,112.207,34.838,225.004,844.011,227.396,33.76,1071.407,0.147783,26.0
fa2,docvqa,1792,64,docvqa_785,158.204,111.982,34.843,224.753,491.227,227.124,32.748,718.351,0.220232,16.0
fa2,docvqa,1792,64,docvqa_786,156.238,112.675,34.819,222.446,297.099,224.745,29.71,521.844,0.299395,11.0
fa2,docvqa,1792,64,docvqa_788,155.404,111.346,34.813,221.931,820.12,224.891,32.805,1045.012,0.14871,26.0
fa2,docvqa,1792,64,docvqa_789,168.574,111.577,34.841,237.841,976.195,241.508,27.117,1217.704,0.138436,37.0
fa2,docvqa,1792,64,docvqa_790,155.43,111.177,34.771,221.476,678.491,223.884,30.84,902.375,0.172246,23.0
fa2,docvqa,1792,64,docvqa_60401,155.391,111.314,34.809,221.548,533.558,223.825,35.571,757.382,0.205168,16.0
fa2,docvqa,1792,64,docvqa_792,158.354,111.594,34.779,224.868,850.593,227.132,31.503,1077.725,0.146933,28.0
fa2,docvqa,1792,64,docvqa_793,155.979,111.534,34.812,222.388,405.479,224.817,31.191,630.297,0.24747,14.0
fa2,docvqa,1792,64,docvqa_794,156.648,112.915,34.849,223.601,469.502,226.099,29.344,695.601,0.225198,17.0
fa2,docvqa,1792,64,docvqa_41749,171.12,115.724,34.834,237.347,618.875,239.885,32.572,858.76,0.199264,20.0
fa2,docvqa,1792,64,docvqa_41750,159.014,111.896,34.844,225.913,437.74,228.857,29.183,666.598,0.238545,16.0
fa2,docvqa,1792,64,docvqa_45747,158.341,111.351,34.812,224.791,1273.895,227.364,33.524,1501.259,0.105472,39.0
fa2,docvqa,1792,64,docvqa_60403,155.911,111.456,34.8,222.49,442.773,225.353,31.627,668.126,0.233356,15.0
fa2,docvqa,1792,64,docvqa_60404,159.747,111.284,34.836,226.14,932.956,228.572,33.32,1161.527,0.137532,29.0
fa2,docvqa,1792,64,docvqa_809,159.935,111.23,34.795,225.929,437.695,228.282,31.264,665.977,0.240151,15.0
fa2,docvqa,1792,64,docvqa_25385,157.033,111.384,34.804,223.104,286.585,225.323,28.659,511.908,0.306761,11.0
fa2,docvqa,1792,64,docvqa_25386,174.626,117.419,34.829,240.711,294.259,243.857,29.426,538.116,0.324513,11.0
fa2,docvqa,1792,64,docvqa_25387,156.856,111.354,34.833,223.036,322.409,225.35,29.31,547.759,0.28636,12.0
fa2,docvqa,1792,64,docvqa_60406,157.858,111.48,34.781,224.61,810.018,227.35,32.401,1037.368,0.152171,26.0
fa2,docvqa,1792,64,docvqa_815,163.291,111.86,34.82,229.588,568.061,232.862,29.898,800.923,0.203879,20.0
fa2,docvqa,1792,64,docvqa_60407,154.771,111.275,34.779,221.271,481.497,224.086,32.1,705.582,0.219353,16.0
fa2,docvqa,1792,64,docvqa_25396,157.665,111.464,34.837,224.031,1116.534,226.596,33.834,1343.13,0.117387,34.0
fa2,docvqa,1792,64,docvqa_822,154.544,111.236,34.685,220.66,358.99,223.115,27.615,582.105,0.265492,14.0
fa2,docvqa,1792,64,docvqa_824,157.735,111.243,34.731,224.994,701.816,227.132,31.901,928.948,0.1698,23.0
fa2,docvqa,1792,64,docvqa_826,157.449,111.234,34.792,225.164,331.942,227.576,27.662,559.518,0.281401,13.0
fa2,chartqa,1792,64,chartqa_val_0,155.577,111.303,34.797,223.328,484.02,225.773,30.251,709.794,0.219186,17.0
fa2,chartqa,1792,64,chartqa_val_1,156.021,112.055,34.846,222.845,2003.979,225.376,31.809,2229.354,0.069985,64.0
fa2,chartqa,1792,64,chartqa_val_2,154.863,111.576,34.828,222.737,1831.81,225.191,29.076,2057.001,0.075286,64.0
fa2,chartqa,1792,64,chartqa_val_3,155.737,111.414,34.868,223.7,1556.847,226.185,29.939,1783.032,0.087344,53.0
fa2,chartqa,1792,64,chartqa_val_4,155.115,111.403,34.818,223.071,807.155,225.881,26.905,1033.036,0.150155,31.0
fa2,chartqa,1792,64,chartqa_val_5,163.85,111.514,34.877,231.848,474.236,234.185,29.64,708.421,0.231289,17.0
fa2,chartqa,1792,64,chartqa_val_6,154.654,111.495,34.859,222.682,546.57,345.848,27.328,892.418,0.173298,21.0
fa2,chartqa,1792,64,chartqa_val_7,159.558,111.759,34.885,226.21,830.064,228.921,30.743,1058.985,0.150671,28.0
fa2,chartqa,1792,64,chartqa_val_8,154.934,111.427,34.842,227.709,891.526,230.395,28.759,1121.921,0.138097,32.0
fa2,chartqa,1792,64,chartqa_val_9,159.36,111.674,34.902,225.508,1714.646,227.772,27.217,1942.419,0.082042,64.0
fa2,chartqa,1792,64,chartqa_val_10,155.538,111.239,34.865,223.384,1785.013,225.725,28.334,2010.738,0.077354,64.0
fa2,chartqa,1792,64,chartqa_val_11,157.316,111.461,34.86,224.984,1718.934,227.206,27.285,1946.14,0.080835,64.0
fa2,chartqa,1792,64,chartqa_val_12,156.866,111.168,34.785,223.293,629.403,225.696,27.365,855.099,0.183448,24.0
fa2,chartqa,1792,64,chartqa_val_13,160.254,115.505,34.946,226.708,1786.273,230.522,28.354,2016.795,0.07946,64.0
fa2,chartqa,1792,64,chartqa_val_14,169.244,112.035,34.848,236.013,977.032,239.212,29.607,1216.244,0.139153,34.0
fa2,chartqa,1792,64,chartqa_val_15,156.947,111.299,34.813,223.289,1746.973,225.596,27.73,1972.569,0.079565,64.0
fa2,chartqa,1792,64,chartqa_val_16,157.789,111.447,34.79,224.185,952.678,226.376,29.771,1179.054,0.133827,33.0
fa2,chartqa,1792,64,chartqa_val_17,156.483,112.729,34.839,227.382,1750.282,229.642,27.782,1979.925,0.079035,64.0
fa2,chartqa,1792,64,chartqa_val_18,159.347,115.08,35.591,227.692,348.422,230.053,26.802,578.476,0.275459,14.0
fa2,chartqa,1792,64,chartqa_val_19,154.345,111.204,34.788,220.526,1385.337,222.837,28.861,1608.174,0.095975,49.0
fa2,chartqa,1792,64,chartqa_val_20,155.722,111.764,34.842,222.364,544.143,225.795,32.008,769.938,0.202253,18.0
fa2,chartqa,1792,64,chartqa_val_21,155.212,111.265,34.788,223.103,1759.811,225.55,27.934,1985.361,0.078178,64.0
fa2,chartqa,1792,64,chartqa_val_22,162.041,117.151,35.734,228.195,1062.227,230.437,27.237,1292.664,0.125354,40.0
fa2,chartqa,1792,64,chartqa_val_23,155.94,112.084,34.813,222.328,1893.557,224.516,30.056,2118.073,0.073624,64.0
fa2,chartqa,1792,64,chartqa_val_24,155.296,111.311,34.798,221.814,710.258,224.643,28.41,934.901,0.16611,26.0
fa2,chartqa,1792,64,chartqa_val_25,158.775,111.959,34.804,225.485,1039.095,227.667,28.864,1266.762,0.12534,37.0
fa2,chartqa,1792,64,chartqa_val_26,157.455,111.742,34.894,224.002,957.111,226.432,29.91,1183.543,0.133037,33.0
fa2,chartqa,1792,64,chartqa_val_27,157.233,111.272,34.788,229.612,1692.236,231.94,26.861,1924.176,0.081714,64.0
fa2,chartqa,1792,64,chartqa_val_28,155.299,111.188,34.788,223.164,775.909,225.459,28.737,1001.368,0.155087,28.0
fa2,chartqa,1792,64,chartqa_val_29,154.646,111.309,34.851,220.948,1763.349,223.204,27.99,1986.553,0.077846,64.0
fa2,chartqa,1792,64,chartqa_val_30,156.281,111.832,34.823,222.981,1322.587,225.5,29.391,1548.087,0.100951,46.0
fa2,chartqa,1792,64,chartqa_val_31,157.539,111.366,34.852,224.238,1213.018,226.754,28.881,1439.772,0.109419,43.0
fa2,chartqa,1792,64,chartqa_val_32,155.081,111.553,34.856,223.424,842.529,225.753,29.053,1068.283,0.145169,30.0
fa2,chartqa,1792,64,chartqa_val_33,157.263,111.283,34.819,223.58,1087.511,226.049,28.619,1313.56,0.119722,39.0
fa2,chartqa,1792,64,chartqa_val_34,154.995,111.239,34.82,221.318,483.359,223.635,30.21,706.994,0.219231,17.0
fa2,chartqa,1792,64,chartqa_val_35,154.723,111.42,34.795,221.07,1798.522,223.409,28.548,2021.931,0.076522,64.0
fa2,chartqa,1792,64,chartqa_val_36,156.912,111.852,34.861,223.341,1056.625,225.703,30.189,1282.328,0.122365,36.0
fa2,chartqa,1792,64,chartqa_val_37,155.796,111.456,34.835,222.229,1868.302,224.672,29.656,2092.973,0.074438,64.0
fa2,chartqa,1792,64,chartqa_val_38,155.661,111.489,34.84,222.098,1114.161,224.726,29.32,1338.887,0.116262,39.0
fa2,chartqa,1792,64,chartqa_val_39,158.806,111.668,34.844,225.312,1809.875,227.78,28.728,2037.655,0.077936,64.0
fa2,chartqa,1792,64,chartqa_val_40,154.576,111.183,34.798,220.771,976.63,223.067,27.904,1199.698,0.128845,36.0
fa2,chartqa,1792,64,chartqa_val_41,154.793,111.5,34.88,220.973,667.358,223.191,26.694,890.548,0.173817,26.0
fa2,chartqa,1792,64,chartqa_val_42,154.731,111.088,34.836,220.823,216.955,222.976,27.119,439.931,0.351718,9.0
fa2,chartqa,1792,64,chartqa_val_43,156.562,113.181,34.905,222.606,1376.904,224.783,27.538,1601.687,0.097748,51.0
fa2,chartqa,1792,64,chartqa_val_44,156.16,112.356,34.792,222.761,359.957,225.656,27.689,585.613,0.266661,14.0
fa2,chartqa,1792,64,chartqa_val_45,154.62,111.194,34.841,220.842,1815.62,223.223,28.819,2038.843,0.075837,64.0
fa2,chartqa,1792,64,chartqa_val_46,157.013,111.225,34.778,223.416,907.63,225.698,29.278,1133.328,0.138542,32.0
fa2,chartqa,1792,64,chartqa_val_47,155.131,111.431,34.831,221.385,1853.921,223.82,29.427,2077.741,0.074663,64.0
fa2,chartqa,1792,64,chartqa_val_48,158.305,111.661,34.928,224.618,1900.533,227.149,30.167,2127.682,0.074403,64.0
fa2,chartqa,1792,64,chartqa_val_49,155.799,111.566,34.887,222.548,1831.191,225.336,30.02,2056.528,0.075758,62.0
fa2,chartqa,1792,64,chartqa_val_50,158.482,113.114,34.913,224.851,1281.753,228.94,29.131,1510.692,0.104907,45.0
fa2,chartqa,1792,64,chartqa_val_51,162.44,111.24,34.828,228.822,1826.306,231.095,28.989,2057.401,0.078954,64.0
fa2,chartqa,1792,64,chartqa_val_52,155.032,111.28,34.86,221.232,224.344,223.684,28.043,448.029,0.346031,9.0
fa2,chartqa,1792,64,chartqa_val_53,157.643,111.382,34.797,225.076,1555.109,227.303,28.275,1782.412,0.088443,56.0
fa2,chartqa,1792,64,chartqa_val_54,154.885,111.177,34.827,221.039,1431.123,223.421,28.061,1654.544,0.093612,52.0
fa2,chartqa,1792,64,chartqa_val_55,159.485,112.558,35.514,225.805,1868.508,228.094,29.659,2096.603,0.076069,64.0
fa2,chartqa,1792,64,chartqa_val_56,156.26,111.121,34.779,222.742,1399.519,225.048,28.562,1624.566,0.096185,50.0
fa2,chartqa,1792,64,chartqa_val_57,155.217,111.204,34.77,221.53,596.149,223.888,29.807,820.038,0.189281,21.0
fa2,chartqa,1792,64,chartqa_val_58,154.918,111.279,34.814,220.962,775.538,223.233,27.698,998.771,0.155109,29.0
fa2,chartqa,1792,64,chartqa_val_59,156.483,111.403,34.803,222.859,1873.864,225.239,29.744,2099.103,0.074548,64.0
fa2,chartqa,1792,64,chartqa_val_60,154.83,111.297,34.827,221.341,835.89,223.831,29.853,1059.721,0.146104,29.0
fa2,chartqa,1792,64,chartqa_val_61,159.019,112.021,34.866,225.898,1871.507,228.335,29.706,2099.842,0.075729,64.0
fa2,chartqa,1792,64,chartqa_val_62,154.672,111.31,34.837,220.925,682.841,223.437,31.038,906.277,0.170668,23.0
fa2,chartqa,1792,64,chartqa_val_63,154.889,111.208,34.796,221.283,975.116,223.636,30.472,1198.752,0.129208,33.0
fa2,chartqa,1792,64,chartqa_val_64,158.482,111.222,34.858,224.848,459.422,227.506,30.628,686.928,0.230712,16.0
fa2,chartqa,1792,64,chartqa_val_65,154.907,111.233,34.803,221.453,1826.013,223.76,28.984,2049.773,0.075573,64.0
fa2,chartqa,1792,64,chartqa_val_66,154.917,111.148,34.775,221.045,855.779,223.392,29.51,1079.171,0.143552,30.0
fa2,chartqa,1792,64,chartqa_val_67,155.419,111.237,34.823,231.157,1723.129,233.666,27.351,1956.796,0.079425,64.0
fa2,chartqa,1792,64,chartqa_val_68,158.412,111.55,34.842,224.671,254.969,227.609,28.33,482.579,0.328262,10.0
fa2,chartqa,1792,64,chartqa_val_69,157.062,111.194,34.797,223.483,1763.554,225.701,27.993,1989.255,0.078955,64.0
fa2,chartqa,1792,64,chartqa_val_70,154.967,111.186,34.755,221.369,1795.241,223.822,28.496,2019.063,0.076752,64.0
fa2,chartqa,1792,64,chartqa_val_71,155.571,111.187,34.79,223.443,1790.978,226.031,28.428,2017.009,0.07713,64.0
fa2,chartqa,1792,64,chartqa_val_72,155.448,111.435,34.845,221.934,457.804,224.381,28.613,682.185,0.227867,17.0
fa2,chartqa,1792,64,chartqa_val_73,154.636,111.231,34.807,221.231,1762.538,223.843,27.977,1986.381,0.077848,64.0
fa2,chartqa,1792,64,chartqa_val_74,155.445,111.532,34.934,221.673,474.255,224.196,27.897,698.451,0.222557,18.0
fa2,chartqa,1792,64,chartqa_val_75,155.305,111.285,34.825,225.337,1792.108,227.675,28.446,2019.783,0.076892,64.0
fa2,chartqa,1792,64,chartqa_val_76,156.111,111.501,34.803,222.845,393.992,226.489,30.307,620.481,0.251596,14.0
fa2,chartqa,1792,64,chartqa_val_77,154.739,111.267,34.856,220.954,1869.705,223.357,29.678,2093.062,0.07393,64.0
fa2,chartqa,1792,64,chartqa_val_78,156.161,111.989,34.867,222.704,735.527,225.133,29.421,960.66,0.162556,26.0
fa2,chartqa,1792,64,chartqa_val_79,155.721,111.35,34.799,222.045,695.709,225.045,27.828,920.755,0.169123,26.0
fa2,chartqa,1792,64,chartqa_val_80,160.89,111.496,34.795,227.794,591.869,230.113,31.151,821.982,0.195734,20.0
fa2,chartqa,1792,64,chartqa_val_81,155.106,111.268,34.817,221.629,1805.707,224.017,28.662,2029.724,0.076418,64.0
fa2,chartqa,1792,64,chartqa_val_82,155.973,112.315,34.805,222.394,370.593,224.782,28.507,595.375,0.261974,14.0
fa2,chartqa,1792,64,chartqa_val_83,175.438,121.513,34.78,241.921,1769.497,246.82,28.087,2016.316,0.087009,64.0
fa2,chartqa,1792,64,chartqa_val_84,156.783,111.538,34.801,223.404,707.892,225.825,30.778,933.717,0.167913,24.0
fa2,chartqa,1792,64,chartqa_val_85,154.521,111.159,34.773,220.92,1905.46,223.311,30.245,2128.771,0.072587,64.0
fa2,chartqa,1792,64,chartqa_val_86,156.444,111.464,34.79,222.785,599.942,225.407,27.27,825.348,0.189549,23.0
fa2,chartqa,1792,64,chartqa_val_87,158.75,111.182,34.784,225.025,1087.079,227.338,28.607,1314.416,0.120776,39.0
fa2,chartqa,1792,64,chartqa_val_88,159.387,111.384,34.851,225.817,1565.846,228.139,28.997,1793.985,0.088845,55.0
fa2,chartqa,1792,64,chartqa_val_89,156.345,111.489,34.825,222.899,1869.776,225.19,29.679,2094.966,0.074629,64.0
fa2,chartqa,1792,64,chartqa_val_90,155.066,111.219,34.782,221.262,1262.866,223.704,28.701,1486.57,0.104311,45.0
fa2,chartqa,1792,64,chartqa_val_91,155.236,111.246,34.81,221.657,1766.032,224.017,28.484,1990.049,0.078006,63.0
fa2,chartqa,1792,64,chartqa_val_92,155.983,111.495,34.833,222.36,374.547,224.798,28.811,599.345,0.260256,14.0
fa2,chartqa,1792,64,chartqa_val_93,154.993,111.409,34.838,221.515,1289.277,224.216,29.983,1513.492,0.102407,44.0
fa2,chartqa,1792,64,chartqa_val_94,156.464,111.21,34.83,222.721,1789.819,225.148,29.83,2014.968,0.077651,61.0
fa2,chartqa,1792,64,chartqa_val_95,157.279,111.416,34.876,223.653,1766.035,225.984,28.032,1992.018,0.078955,64.0
fa2,chartqa,1792,64,chartqa_val_96,159.182,114.051,34.809,225.956,960.033,228.431,29.092,1188.464,0.133939,34.0
fa2,chartqa,1792,64,chartqa_val_97,155.072,111.251,34.809,221.196,1830.661,223.417,29.058,2054.078,0.075495,64.0
fa2,chartqa,1792,64,chartqa_val_98,155.916,111.306,34.84,222.07,1815.017,224.292,28.81,2039.31,0.076455,64.0
fa2,chartqa,1792,64,chartqa_val_99,156.611,111.487,34.839,222.985,1883.931,225.219,29.904,2109.15,0.074253,64.0
fa2,chartqa,1792,64,chartqa_val_100,154.579,111.529,34.78,220.873,1579.427,223.249,29.249,1802.675,0.08575,55.0
fa2,chartqa,1792,64,chartqa_val_101,155.322,111.382,34.85,221.945,1842.789,224.288,29.251,2067.077,0.075141,64.0
fa2,chartqa,1792,64,chartqa_val_102,155.447,111.423,34.828,221.816,172.412,224.29,28.735,396.703,0.391849,7.0
fa2,chartqa,1792,64,chartqa_val_103,155.651,111.478,34.877,221.869,1825.46,224.263,28.976,2049.723,0.075938,64.0
fa2,chartqa,1792,64,chartqa_val_104,160.428,111.274,34.779,226.829,320.552,229.389,32.055,549.941,0.291718,11.0
fa2,chartqa,1792,64,chartqa_val_105,159.415,111.296,34.803,225.92,1801.406,228.192,28.594,2029.598,0.078545,64.0
fa2,chartqa,1792,64,chartqa_val_106,154.597,111.246,34.796,220.967,739.348,223.242,27.383,962.59,0.160605,28.0
fa2,chartqa,1792,64,chartqa_val_107,154.333,111.155,34.822,220.491,1760.058,222.689,27.937,1982.747,0.077838,64.0
fa2,chartqa,1792,64,chartqa_val_108,156.126,111.66,34.888,222.496,337.688,224.791,28.141,562.479,0.277568,13.0
fa2,chartqa,1792,64,chartqa_val_109,157.659,111.238,34.829,224.327,1378.821,227.02,30.64,1605.841,0.098178,46.0
fa2,chartqa,1792,64,chartqa_val_110,154.887,111.188,34.817,221.118,501.986,223.566,27.888,725.552,0.213475,19.0
fa2,chartqa,1792,64,chartqa_val_111,155.332,111.341,34.827,221.832,1772.23,224.186,28.131,1996.415,0.077805,64.0
fa2,chartqa,1792,64,chartqa_val_112,157.67,111.642,34.865,223.954,362.024,226.269,27.848,588.293,0.268012,14.0
fa2,chartqa,1792,64,chartqa_val_113,155.813,111.249,34.79,222.094,1789.312,224.506,28.402,2013.818,0.077372,64.0
fa2,chartqa,1792,64,chartqa_val_114,157.657,111.237,34.814,223.721,367.135,226.083,30.595,593.219,0.265765,13.0
fa2,chartqa,1792,64,chartqa_val_115,154.553,111.231,34.815,220.659,1776.29,222.92,28.195,1999.21,0.077307,64.0
fa2,chartqa,1792,64,chartqa_val_116,156.797,111.15,34.778,223.077,168.601,225.438,28.1,394.039,0.397922,7.0
fa2,chartqa,1792,64,chartqa_val_117,155.689,111.362,34.839,222.115,1093.866,224.542,28.786,1318.408,0.118088,39.0
fa2,chartqa,1792,64,chartqa_val_118,157.982,112.015,34.89,228.347,868.873,230.813,27.152,1099.686,0.143661,33.0
fa2,chartqa,1792,64,chartqa_val_119,157.921,111.207,34.807,224.049,1782.0,226.879,28.286,2008.879,0.078612,64.0
fa2,chartqa,1792,64,chartqa_val_120,156.049,111.184,34.83,222.246,1018.009,224.546,27.514,1242.555,0.125587,38.0
fa2,chartqa,1792,64,chartqa_val_121,157.96,111.396,34.831,224.355,1836.652,226.614,29.153,2063.266,0.076558,64.0
fa2,chartqa,1792,64,chartqa_val_122,155.558,111.572,34.877,221.896,731.649,224.262,28.14,955.91,0.162733,27.0
fa2,chartqa,1792,64,chartqa_val_123,156.731,111.198,34.857,224.758,1808.545,227.076,28.707,2035.621,0.076994,64.0
fa2,chartqa,1792,64,chartqa_val_124,155.192,111.294,34.786,222.893,783.832,225.35,29.031,1009.182,0.15378,28.0
fa2,chartqa,1792,64,chartqa_val_125,155.002,111.23,34.811,221.584,1819.256,224.232,28.877,2043.488,0.075852,64.0
fa2,chartqa,1792,64,chartqa_val_126,159.018,111.278,34.848,225.23,596.736,227.536,29.837,824.272,0.192919,21.0
fa2,chartqa,1792,64,chartqa_val_127,156.258,112.469,34.945,222.812,991.88,225.052,28.339,1216.932,0.128403,36.0
fa2,chartqa,1792,64,chartqa_val_128,155.483,112.056,34.796,221.798,514.383,224.04,27.073,738.423,0.21056,20.0
fa2,chartqa,1792,64,chartqa_val_129,156.969,111.111,34.8,223.041,1112.001,225.253,30.054,1337.254,0.117382,38.0
fa2,chartqa,1792,64,chartqa_val_130,154.753,111.49,34.86,220.904,989.825,223.199,29.113,1213.024,0.127576,35.0
fa2,chartqa,1792,64,chartqa_val_131,156.68,111.281,34.879,223.047,1805.354,225.351,28.656,2030.705,0.077155,64.0
fa2,chartqa,1792,64,chartqa_val_132,155.079,111.183,34.771,221.45,1779.877,223.787,28.708,2003.664,0.077398,63.0
fa2,chartqa,1792,64,chartqa_val_133,155.225,111.212,34.839,221.365,1782.881,223.677,28.3,2006.558,0.077359,64.0
fa2,chartqa,1792,64,chartqa_val_134,156.159,111.611,34.787,222.549,757.85,224.872,28.069,982.722,0.158905,28.0
fa2,chartqa,1792,64,chartqa_val_135,156.427,111.556,34.837,222.886,1756.893,225.423,27.887,1982.317,0.078911,64.0
fa2,chartqa,1792,64,chartqa_val_136,157.961,111.524,34.882,224.222,581.63,226.759,27.697,808.389,0.195403,22.0
fa2,chartqa,1792,64,chartqa_val_137,161.22,111.31,34.823,228.803,687.416,231.11,27.497,918.526,0.17552,26.0
fa2,chartqa,1792,64,chartqa_val_138,158.137,111.258,34.779,224.431,750.13,226.949,27.783,977.079,0.161846,28.0
fa2,chartqa,1792,64,chartqa_val_139,154.857,111.064,34.777,221.201,755.427,223.598,26.049,979.025,0.158174,30.0
fa2,chartqa,1792,64,chartqa_val_140,155.972,111.934,34.81,222.472,820.883,224.683,29.317,1045.566,0.149174,29.0
fa2,chartqa,1792,64,chartqa_val_141,155.135,111.293,34.79,221.462,1847.952,223.799,29.333,2071.751,0.074881,64.0
fa2,chartqa,1792,64,chartqa_val_142,154.646,111.212,34.833,221.059,1004.141,223.658,28.69,1227.799,0.125954,36.0
fa2,chartqa,1792,64,chartqa_val_143,156.59,112.046,34.934,223.684,1818.097,226.477,28.859,2044.573,0.076588,64.0
fa2,chartqa,1792,64,chartqa_val_144,155.789,111.272,34.816,222.159,753.753,224.633,28.99,978.385,0.159231,27.0
fa2,chartqa,1792,64,chartqa_val_145,155.507,111.571,34.867,221.603,1338.358,224.089,27.882,1562.446,0.099528,49.0
fa2,chartqa,1792,64,chartqa_val_146,158.301,111.469,34.835,224.901,1877.494,227.358,29.801,2104.853,0.075207,64.0
fa2,chartqa,1792,64,chartqa_val_147,155.312,111.213,34.839,221.855,1758.193,224.182,27.908,1982.375,0.078347,64.0
fa2,chartqa,1792,64,chartqa_val_148,154.412,111.235,34.755,220.813,834.476,223.176,28.775,1057.652,0.145995,30.0
fa2,chartqa,1792,64,chartqa_val_149,156.724,111.298,34.862,222.87,1774.245,225.116,28.163,1999.361,0.078387,64.0
fa2,chartqa,1792,64,chartqa_val_150,154.811,111.266,34.801,221.159,627.261,223.923,29.87,851.184,0.181877,22.0
fa2,chartqa,1792,64,chartqa_val_151,155.378,111.344,34.834,221.624,1880.073,223.92,29.842,2103.993,0.073849,64.0
fa2,chartqa,1792,64,chartqa_val_152,156.495,111.415,34.877,222.751,248.481,225.546,27.609,474.027,0.33014,10.0
fa2,chartqa,1792,64,chartqa_val_153,156.123,111.225,34.817,223.133,296.54,225.697,29.654,522.237,0.298951,11.0
fa2,chartqa,1792,64,chartqa_val_154,158.847,111.276,34.821,225.527,796.733,228.121,30.644,1024.855,0.154994,27.0
fa2,chartqa,1792,64,chartqa_val_155,155.796,111.177,34.798,222.262,395.67,224.774,28.262,620.444,0.251104,15.0
fa2,chartqa,1792,64,chartqa_val_156,157.165,111.396,34.843,223.521,909.262,225.987,29.331,1135.249,0.138441,32.0
fa2,chartqa,1792,64,chartqa_val_157,155.103,111.478,34.83,221.372,1854.995,223.693,29.444,2078.689,0.074616,64.0
fa2,chartqa,1792,64,chartqa_val_158,155.025,111.13,34.811,221.142,943.732,223.443,28.598,1167.175,0.132821,34.0
fa2,chartqa,1792,64,chartqa_val_159,155.502,111.562,34.8,221.463,360.831,223.686,27.756,584.517,0.266035,14.0
fa2,chartqa,1792,64,chartqa_val_160,155.138,111.267,34.837,221.689,671.223,224.392,27.968,895.615,0.17322,25.0
fa2,chartqa,1792,64,chartqa_val_161,157.071,111.403,34.833,223.796,1817.616,226.211,28.851,2043.827,0.076851,64.0
fa2,chartqa,1792,64,chartqa_val_162,155.972,111.589,34.803,222.241,1721.905,224.892,29.185,1946.798,0.080117,60.0
fa2,chartqa,1792,64,chartqa_val_163,155.598,111.454,34.832,221.827,1811.588,224.275,28.755,2035.863,0.076428,64.0
fa2,chartqa,1792,64,chartqa_val_164,154.288,111.229,34.817,220.277,1307.923,222.544,27.828,1530.468,0.100811,48.0
fa2,chartqa,1792,64,chartqa_val_165,157.173,112.091,34.836,223.784,1111.196,226.224,30.867,1337.42,0.117519,37.0
fa2,chartqa,1792,64,chartqa_val_166,156.142,111.268,34.8,222.271,778.179,224.458,26.834,1002.636,0.155732,30.0
fa2,chartqa,1792,64,chartqa_val_167,154.666,111.241,34.796,222.966,1385.072,225.627,28.856,1610.699,0.096024,49.0
fa2,chartqa,1792,64,chartqa_val_168,163.003,111.82,34.768,229.211,272.305,233.091,27.231,505.396,0.322525,11.0
fa2,chartqa,1792,64,chartqa_val_169,155.783,111.683,34.828,222.15,1078.099,224.26,28.371,1302.359,0.119616,39.0
fa2,chartqa,1792,64,chartqa_val_170,157.626,111.17,34.829,223.967,1836.891,226.362,29.157,2063.253,0.076397,64.0
fa2,chartqa,1792,64,chartqa_val_171,155.059,111.186,34.759,221.41,1764.983,223.859,28.016,1988.842,0.077964,64.0
fa2,chartqa,1792,64,chartqa_val_172,160.327,114.112,34.856,226.785,1718.676,229.273,29.632,1947.95,0.082305,59.0
fa2,chartqa,1792,64,chartqa_val_173,158.988,112.302,34.803,227.525,1919.011,229.928,30.46,2148.939,0.073985,64.0
fa2,chartqa,1792,64,chartqa_val_174,156.715,111.394,34.858,223.239,896.38,225.758,28.012,1122.138,0.139657,33.0
fa2,chartqa,1792,64,chartqa_val_175,157.158,111.321,34.809,223.646,1843.24,225.913,29.258,2069.152,0.075953,64.0
fa2,chartqa,1792,64,chartqa_val_176,155.889,111.211,34.844,222.161,1788.113,224.658,28.383,2012.771,0.07745,64.0
fa2,chartqa,1792,64,chartqa_val_177,159.096,111.657,34.827,225.468,1848.933,227.833,29.348,2076.766,0.076607,64.0
fa2,chartqa,1792,64,chartqa_val_178,158.102,111.734,34.941,225.357,1798.972,228.235,28.555,2027.207,0.07799,64.0
fa2,chartqa,1792,64,chartqa_val_179,154.915,111.559,34.88,221.021,903.359,223.372,28.23,1126.732,0.13749,33.0
fa2,chartqa,1792,64,chartqa_val_180,154.877,111.235,34.835,221.393,515.071,224.0,30.298,739.071,0.209557,18.0
fa2,chartqa,1792,64,chartqa_val_181,155.261,111.273,34.816,221.513,1794.287,223.709,28.481,2017.995,0.076938,64.0
fa2,chartqa,1792,64,chartqa_val_182,157.739,111.4,34.939,225.893,1794.425,228.145,28.483,2022.57,0.077989,64.0
fa2,chartqa,1792,64,chartqa_val_183,154.467,111.108,34.793,220.795,1804.345,223.169,28.64,2027.514,0.076186,64.0
fa2,chartqa,1792,64,chartqa_val_184,154.762,111.261,34.844,221.189,527.514,223.473,27.764,750.987,0.206079,20.0
fa2,chartqa,1792,64,chartqa_val_185,156.239,111.975,34.817,222.824,28.922,224.983,28.922,253.905,0.615344,2.0
fa2,chartqa,1792,64,chartqa_val_186,156.565,112.003,34.992,222.901,1806.95,225.304,28.682,2032.254,0.07704,64.0
fa2,chartqa,1792,64,chartqa_val_187,154.614,111.297,34.859,220.815,1920.527,223.135,30.485,2143.661,0.072126,64.0
fa2,chartqa,1792,64,chartqa_val_188,155.09,111.336,34.803,221.351,888.932,223.611,27.779,1112.543,0.139401,33.0
fa2,chartqa,1792,64,chartqa_val_189,156.074,111.588,34.875,224.258,1523.131,227.084,29.291,1750.215,0.089174,53.0
fa2,chartqa,1792,64,chartqa_val_190,155.876,111.294,34.804,222.543,1512.928,225.071,29.665,1737.999,0.089687,52.0
fa2,chartqa,1792,64,chartqa_val_191,157.037,111.192,34.832,223.264,469.003,225.624,27.588,694.627,0.226073,18.0
fa2,chartqa,1792,64,chartqa_val_192,155.048,111.168,34.802,221.503,1788.351,224.07,28.387,2012.421,0.077045,64.0
fa2,chartqa,1792,64,chartqa_val_193,160.348,111.617,34.912,228.45,57.819,232.301,28.91,290.12,0.552696,3.0
fa2,chartqa,1792,64,chartqa_val_194,154.885,111.278,34.821,220.937,880.456,223.115,30.361,1103.571,0.140349,30.0
fa2,chartqa,1792,64,chartqa_val_195,155.501,111.295,34.807,221.963,58.12,224.496,29.06,282.616,0.550218,3.0
fa2,chartqa,1792,64,chartqa_val_196,180.98,136.092,34.859,247.357,502.968,249.88,27.943,752.848,0.240394,19.0
fa2,chartqa,1792,64,chartqa_val_197,154.926,111.422,34.822,221.556,1892.428,224.36,30.039,2116.787,0.073189,64.0
fa2,chartqa,1792,64,chartqa_val_198,156.026,111.338,34.804,222.518,455.495,224.998,28.468,680.493,0.229284,17.0
fa2,chartqa,1792,64,chartqa_val_199,157.469,111.606,34.837,224.229,1614.834,226.513,29.361,1841.347,0.085518,56.0
fa2,chartqa,1792,64,chartqa_val_200,160.319,112.654,34.827,226.619,1941.196,229.215,30.813,2170.411,0.073866,64.0
fa2,chartqa,1792,64,chartqa_val_201,155.903,111.445,34.796,222.305,651.341,224.813,31.016,876.154,0.17794,22.0
fa2,chartqa,1792,64,chartqa_val_202,155.143,111.323,34.827,221.716,234.518,224.338,29.315,458.856,0.338107,9.0
fa2,chartqa,1792,64,chartqa_val_203,155.842,111.167,34.861,222.347,1803.014,224.795,28.619,2027.81,0.076852,64.0
fa2,chartqa,1792,64,chartqa_val_204,157.703,111.431,34.851,224.06,1298.082,226.719,28.846,1524.801,0.103425,46.0
fa2,chartqa,1792,64,chartqa_val_205,161.694,114.089,34.805,228.454,1829.302,230.725,29.037,2060.028,0.078491,64.0
fa2,chartqa,1792,64,chartqa_val_206,154.67,111.318,34.811,220.845,1837.764,223.238,29.171,2061.001,0.075046,64.0
fa2,chartqa,1792,64,chartqa_val_207,155.782,111.175,34.836,222.122,1568.015,224.385,29.037,1792.4,0.086913,55.0
fa2,chartqa,1792,64,chartqa_val_208,158.778,111.613,34.844,225.136,195.472,227.58,27.925,423.052,0.375316,8.0
fa2,chartqa,1792,64,chartqa_val_209,154.883,111.129,34.778,220.981,195.348,223.222,27.907,418.569,0.370029,8.0
fa2,chartqa,1792,64,chartqa_val_210,154.892,111.236,34.834,220.937,1219.418,223.079,29.742,1442.497,0.107378,42.0
fa2,chartqa,1792,64,chartqa_val_211,155.1,111.188,34.806,221.395,1308.773,223.788,29.084,1532.561,0.101203,46.0
fa2,chartqa,1792,64,chartqa_val_212,155.419,111.305,34.789,222.01,319.605,224.308,29.055,543.913,0.285743,12.0
fa2,chartqa,1792,64,chartqa_val_213,154.448,111.247,34.817,220.904,1160.688,223.124,30.544,1383.812,0.111611,39.0
fa2,chartqa,1792,64,chartqa_val_214,155.063,111.227,34.805,221.381,341.284,223.775,28.44,565.06,0.274419,13.0
fa2,chartqa,1792,64,chartqa_val_215,155.393,111.432,34.844,221.597,1760.96,224.272,27.952,1985.231,0.078274,64.0
fa2,chartqa,1792,64,chartqa_val_216,156.623,112.477,34.857,223.007,170.722,226.553,28.454,397.275,0.394244,7.0
fa2,chartqa,1792,64,chartqa_val_217,157.979,112.97,34.964,224.521,1508.114,228.051,29.571,1736.165,0.090993,52.0
fa2,chartqa,1792,64,chartqa_val_218,155.423,111.445,34.872,221.765,209.829,224.163,34.972,433.993,0.358123,7.0
fa2,chartqa,1792,64,chartqa_val_219,155.392,111.548,34.887,221.778,1841.606,224.077,29.232,2065.683,0.075226,64.0
fa2,chartqa,1792,64,chartqa_val_220,155.779,111.691,34.833,222.112,1905.339,224.755,30.243,2130.094,0.073132,64.0
fa2,chartqa,1792,64,chartqa_val_221,155.031,111.303,34.793,221.371,1682.457,224.128,28.516,1906.585,0.081313,60.0
fa2,chartqa,1792,64,chartqa_val_222,158.036,111.347,34.795,224.397,1750.295,227.274,27.782,1977.569,0.079914,64.0
fa2,chartqa,1792,64,chartqa_val_223,186.441,128.928,34.907,252.931,453.387,256.585,28.337,709.971,0.262603,17.0
fa2,chartqa,1792,64,chartqa_val_224,159.349,111.191,34.813,225.758,254.143,228.046,28.238,482.189,0.330471,10.0
fa2,chartqa,1792,64,chartqa_val_225,155.103,111.467,34.882,221.322,541.192,223.5,30.066,764.693,0.202831,19.0
fa2,chartqa,1792,64,chartqa_val_226,154.453,111.245,34.875,220.574,1167.915,222.852,29.947,1390.767,0.111056,40.0
fa2,chartqa,1792,64,chartqa_val_227,154.988,111.328,34.826,221.269,1847.913,223.584,29.332,2071.497,0.074819,64.0
fa2,chartqa,1792,64,chartqa_val_228,154.395,111.262,34.814,220.876,223.519,223.281,31.931,446.8,0.345556,8.0
fa2,chartqa,1792,64,chartqa_val_229,155.204,111.202,34.78,221.755,1822.678,224.393,29.88,2047.071,0.075818,62.0
fa2,chartqa,1792,64,chartqa_val_230,155.435,111.262,34.768,222.034,1869.948,224.595,29.682,2094.543,0.074209,64.0
fa2,chartqa,1792,64,chartqa_val_231,155.886,111.538,34.844,223.844,564.051,226.503,28.203,790.554,0.197186,21.0
fa2,chartqa,1792,64,chartqa_val_232,157.221,111.328,34.811,223.605,1101.386,225.834,29.767,1327.22,0.118459,38.0
fa2,chartqa,1792,64,chartqa_val_233,154.811,111.629,34.822,221.46,1880.405,223.893,29.848,2104.298,0.073569,64.0
fa2,chartqa,1792,64,chartqa_val_234,159.172,111.3,34.851,225.396,1959.914,227.762,31.11,2187.675,0.072759,64.0
fa2,chartqa,1792,64,chartqa_val_235,157.046,111.277,34.797,225.393,1378.293,227.851,28.128,1606.144,0.097778,50.0
fa2,chartqa,1792,64,chartqa_val_236,155.587,111.361,34.828,222.039,228.683,224.663,28.585,453.347,0.343196,9.0
fa2,chartqa,1792,64,chartqa_val_237,155.532,111.311,34.863,221.715,697.413,224.093,30.322,921.506,0.16878,24.0
fa2,chartqa,1792,64,chartqa_val_238,156.614,111.34,34.801,225.171,740.3,227.423,27.419,967.723,0.161837,28.0
fa2,chartqa,1792,64,chartqa_val_239,155.39,111.292,34.888,221.995,1848.115,224.532,29.335,2072.647,0.074972,64.0
fa2,chartqa,1792,64,chartqa_val_240,170.785,115.023,34.898,237.322,1727.646,240.932,28.794,1968.579,0.086755,61.0
fa2,chartqa,1792,64,chartqa_val_241,154.565,111.356,34.819,221.074,1803.276,223.479,28.623,2026.755,0.076262,64.0
fa2,chartqa,1792,64,chartqa_val_242,157.191,112.039,34.984,225.279,729.472,227.919,27.017,957.391,0.164187,28.0
fa2,chartqa,1792,64,chartqa_val_243,156.469,112.671,34.875,223.048,1705.257,225.3,27.068,1930.558,0.081049,64.0
fa2,chartqa,1792,64,chartqa_val_244,154.492,111.152,34.785,223.261,1727.921,225.474,27.427,1953.395,0.079089,64.0
fa2,chartqa,1792,64,chartqa_val_245,160.363,111.227,34.784,226.408,652.743,228.758,29.67,881.501,0.181921,23.0
fa2,chartqa,1792,64,chartqa_val_246,160.291,111.351,34.815,226.368,1189.646,228.673,27.037,1418.32,0.113015,45.0
fa2,chartqa,1792,64,chartqa_val_247,157.132,111.567,34.919,223.514,1820.395,225.829,28.895,2046.223,0.076791,64.0
fa2,chartqa,1792,64,chartqa_val_248,156.256,112.286,34.817,222.733,1190.613,225.327,28.348,1415.94,0.110355,43.0
fa2,chartqa,1792,64,chartqa_val_249,154.561,111.214,34.838,221.08,1787.926,223.35,28.38,2011.276,0.076847,64.0
fa2,chartqa,1792,64,chartqa_val_250,157.04,112.884,34.883,223.7,472.357,226.148,29.522,698.505,0.224823,17.0
fa2,chartqa,1792,64,chartqa_val_251,155.237,111.685,34.856,222.406,1780.406,224.631,28.26,2005.038,0.077424,64.0
fa2,chartqa,1792,64,chartqa_val_252,154.528,111.212,34.789,220.926,198.8,223.495,28.4,422.296,0.365922,8.0
fa2,chartqa,1792,64,chartqa_val_253,159.112,111.7,34.866,380.836,658.187,383.612,27.424,1041.799,0.152728,25.0
fa2,chartqa,1792,64,chartqa_val_254,158.11,111.61,34.813,224.25,1758.282,231.346,27.909,1989.628,0.079467,64.0
fa2,chartqa,1792,64,chartqa_val_255,158.387,111.567,34.866,224.984,1838.712,228.212,29.186,2066.924,0.076629,64.0
fa2,chartqa,1792,64,chartqa_val_256,154.998,111.348,34.821,221.14,603.809,223.679,28.753,827.488,0.187311,22.0
fa2,chartqa,1792,64,chartqa_val_257,157.173,111.667,34.839,223.813,1893.978,226.776,30.063,2120.754,0.074112,64.0
fa2,chartqa,1792,64,chartqa_val_258,155.783,111.429,34.801,222.125,445.3,224.802,31.807,670.102,0.232477,15.0
fa2,chartqa,1792,64,chartqa_val_259,159.277,111.296,34.824,225.527,1887.992,228.23,29.968,2116.222,0.075265,64.0
fa2,chartqa,1792,64,chartqa_val_260,157.49,111.31,34.813,223.98,1275.975,226.905,28.999,1502.88,0.104792,45.0
fa2,chartqa,1792,64,chartqa_val_261,163.498,111.607,34.874,231.481,1873.995,234.181,29.746,2108.176,0.077554,64.0
fa2,chartqa,1792,64,chartqa_val_262,155.598,111.364,34.82,222.328,1905.336,225.235,30.243,2130.571,0.073031,64.0
fa2,chartqa,1792,64,chartqa_val_263,165.14,112.411,34.904,231.858,1855.23,236.007,29.448,2091.237,0.078968,64.0
fa2,chartqa,1792,64,chartqa_val_264,158.499,111.427,34.853,225.099,1235.704,228.186,30.139,1463.89,0.108273,42.0
fa2,chartqa,1792,64,chartqa_val_265,157.99,111.395,34.869,224.534,985.47,227.391,28.156,1212.861,0.130263,36.0
fa2,chartqa,1792,64,chartqa_val_266,155.5,111.364,34.793,221.611,1467.076,224.085,28.766,1691.161,0.091949,52.0
fa2,chartqa,1792,64,chartqa_val_267,157.357,112.945,34.937,223.558,1840.874,226.055,29.22,2066.929,0.076131,64.0
fa2,chartqa,1792,64,chartqa_val_268,154.9,111.289,34.857,221.116,535.688,223.672,28.194,759.359,0.203987,20.0
fa2,chartqa,1792,64,chartqa_val_269,156.614,111.286,34.793,222.889,1856.108,225.174,29.462,2081.283,0.075249,64.0
fa2,chartqa,1792,64,chartqa_val_270,155.269,111.483,34.87,221.865,593.466,224.754,31.235,818.219,0.189765,20.0
fa2,chartqa,1792,64,chartqa_val_271,155.164,111.405,34.853,223.082,1810.01,225.56,28.73,2035.57,0.076226,64.0
fa2,chartqa,1792,64,chartqa_val_272,155.457,111.639,34.855,222.248,1072.41,224.806,28.221,1297.216,0.119839,39.0
fa2,chartqa,1792,64,chartqa_val_273,155.731,111.308,34.826,221.982,1824.476,224.489,28.96,2048.965,0.076005,64.0
fa2,chartqa,1792,64,chartqa_val_274,154.916,111.441,34.863,221.305,1238.615,223.687,30.965,1462.302,0.10594,41.0
fa2,chartqa,1792,64,chartqa_val_275,155.662,111.96,34.801,222.282,1846.281,224.766,29.306,2071.047,0.075161,64.0
fa2,chartqa,1792,64,chartqa_val_276,155.598,111.314,34.82,222.103,444.441,224.679,31.746,669.119,0.232541,15.0
fa2,chartqa,1792,64,chartqa_val_277,155.39,111.441,34.832,225.319,828.799,227.762,29.6,1056.561,0.147072,29.0
fa2,chartqa,1792,64,chartqa_val_278,155.585,111.421,34.839,221.699,367.275,224.226,28.252,591.501,0.263034,14.0
fa2,chartqa,1792,64,chartqa_val_279,155.444,111.524,34.788,221.92,1682.761,224.535,28.046,1907.296,0.0815,61.0
fa2,chartqa,1792,64,chartqa_val_280,155.293,111.119,34.778,221.786,1829.949,224.463,29.047,2054.412,0.07559,64.0
fa2,chartqa,1792,64,chartqa_val_281,155.632,111.244,34.822,222.051,1782.378,224.617,28.292,2006.995,0.077545,64.0
fa2,chartqa,1792,64,chartqa_val_282,157.316,111.523,34.825,223.781,567.334,226.259,29.86,793.594,0.198233,20.0
fa2,chartqa,1792,64,chartqa_val_283,154.609,111.121,34.777,221.023,1505.497,223.495,27.88,1728.992,0.089421,55.0
fa2,chartqa,1792,64,chartqa_val_284,165.058,113.417,34.93,232.149,692.792,235.419,28.866,928.21,0.177824,25.0
fa2,chartqa,1792,64,chartqa_val_285,156.092,111.306,34.813,222.44,494.882,224.781,30.93,719.663,0.216895,17.0
fa2,chartqa,1792,64,chartqa_val_286,154.944,111.539,34.848,221.219,783.625,223.561,29.023,1007.186,0.153839,28.0
fa2,chartqa,1792,64,chartqa_val_287,155.755,111.326,34.817,222.154,906.187,224.433,30.206,1130.62,0.13776,31.0
fa2,chartqa,1792,64,chartqa_val_288,157.52,111.429,34.815,223.888,1097.633,226.555,28.885,1324.188,0.118956,39.0
fa2,chartqa,1792,64,chartqa_val_289,155.381,111.31,34.803,221.879,507.894,224.547,28.216,732.441,0.212141,19.0
fa2,chartqa,1792,64,chartqa_val_290,155.333,111.318,34.882,221.925,1070.83,224.421,30.595,1295.251,0.119925,36.0
fa2,chartqa,1792,64,chartqa_val_291,155.325,111.664,34.867,225.096,56.785,227.428,28.392,284.213,0.546509,3.0
fa2,chartqa,1792,64,chartqa_val_292,157.881,111.319,35.384,224.209,798.855,226.402,28.531,1025.257,0.153992,29.0
fa2,chartqa,1792,64,chartqa_val_293,154.454,111.146,34.799,220.679,1793.144,222.893,28.463,2016.037,0.076613,64.0
fa2,chartqa,1792,64,chartqa_val_294,154.985,111.239,34.818,221.133,349.369,223.484,31.761,572.853,0.27055,12.0
fa2,chartqa,1792,64,chartqa_val_295,155.221,111.271,34.821,223.307,1826.302,225.518,28.989,2051.82,0.075651,64.0
fa2,chartqa,1792,64,chartqa_val_296,156.04,111.102,34.77,223.149,581.429,225.351,27.687,806.78,0.193411,22.0
fa2,chartqa,1792,64,chartqa_val_297,158.37,113.387,34.937,225.167,1877.29,228.988,29.798,2106.278,0.07519,64.0
fa2,chartqa,1792,64,chartqa_val_298,155.484,111.599,34.815,221.816,413.675,224.445,29.548,638.12,0.243659,15.0
fa2,chartqa,1792,64,chartqa_val_299,155.317,111.602,34.895,221.603,1478.989,223.961,29.58,1702.95,0.091205,51.0
fa2,chartqa,1792,64,chartqa_val_300,155.017,111.542,34.844,223.644,716.444,226.246,31.15,942.69,0.164441,24.0
fa2,chartqa,1792,64,chartqa_val_301,155.664,111.442,34.847,221.909,1891.4,224.277,30.022,2115.677,0.073576,64.0
fa2,chartqa,1792,64,chartqa_val_302,157.862,111.347,34.813,226.229,319.594,229.306,29.054,548.899,0.287598,12.0
fa2,chartqa,1792,64,chartqa_val_303,154.762,111.334,34.791,221.362,1772.563,223.782,30.561,1996.346,0.077523,59.0
fa2,chartqa,1792,64,chartqa_val_304,159.253,111.212,34.81,225.424,859.299,228.057,30.689,1087.356,0.146459,29.0
fa2,chartqa,1792,64,chartqa_val_305,157.476,111.233,34.791,223.936,1816.506,226.455,28.833,2042.961,0.077082,64.0
fa2,chartqa,1792,64,chartqa_val_306,154.764,111.251,34.832,221.275,1187.1,223.938,29.678,1411.039,0.109681,41.0
fa2,chartqa,1792,64,chartqa_val_307,155.585,111.385,34.83,221.769,1842.723,224.264,29.25,2066.987,0.075271,64.0
fa2,chartqa,1792,64,chartqa_val_308,155.353,111.327,34.82,221.918,1171.442,224.639,30.037,1396.08,0.111278,40.0
fa2,chartqa,1792,64,chartqa_val_309,154.447,111.173,34.774,220.608,656.061,223.35,27.336,879.412,0.175626,25.0
fa2,chartqa,1792,64,chartqa_val_310,156.166,111.856,34.844,222.34,1160.574,224.442,30.541,1385.016,0.112754,39.0
fa2,chartqa,1792,64,chartqa_val_311,155.086,111.288,34.787,221.415,1652.845,224.152,28.497,1876.997,0.082625,59.0
fa2,chartqa,1792,64,chartqa_val_312,154.551,111.247,34.823,220.794,709.538,223.001,29.564,932.539,0.165731,25.0
fa2,chartqa,1792,64,chartqa_val_313,155.37,111.563,34.83,221.765,1761.33,223.979,27.958,1985.309,0.07826,64.0
fa2,chartqa,1792,64,chartqa_val_314,157.358,111.185,34.805,224.669,648.691,227.049,29.486,875.74,0.179686,23.0
fa2,chartqa,1792,64,chartqa_val_315,155.791,111.8,34.832,222.396,913.802,224.729,28.556,1138.531,0.136835,33.0
fa2,chartqa,1792,64,chartqa_val_316,166.603,115.017,34.998,232.832,1329.729,235.909,28.907,1565.638,0.106412,47.0
fa2,chartqa,1792,64,chartqa_val_317,155.192,111.297,34.807,221.564,871.296,223.877,28.106,1095.172,0.141706,32.0
fa2,chartqa,1792,64,chartqa_val_318,154.703,111.271,34.818,221.034,393.421,223.284,30.263,616.705,0.250854,14.0
fa2,chartqa,1792,64,chartqa_val_319,154.431,111.2,34.795,221.203,1821.071,223.369,28.906,2044.44,0.075537,64.0
fa2,chartqa,1792,64,chartqa_val_320,154.85,111.537,34.821,221.398,414.704,223.727,29.622,638.431,0.242548,15.0
fa2,chartqa,1792,64,chartqa_val_321,161.059,114.437,34.818,227.335,1317.196,229.534,29.271,1546.73,0.104129,46.0
fa2,chartqa,1792,64,chartqa_val_322,155.853,111.271,34.816,221.926,744.728,224.166,28.643,968.894,0.160857,27.0
fa2,chartqa,1792,64,chartqa_val_323,155.589,111.253,34.828,221.722,946.698,223.916,28.688,1170.615,0.132912,34.0
fa2,chartqa,1792,64,chartqa_val_324,154.863,111.196,34.792,220.828,1789.828,223.029,28.41,2012.857,0.076937,64.0
fa2,chartqa,1792,64,chartqa_val_325,156.833,111.439,34.843,223.286,1797.159,225.45,28.526,2022.608,0.07754,64.0
fa2,chartqa,1792,64,chartqa_val_326,157.227,111.169,34.812,224.142,1755.871,226.323,27.871,1982.193,0.07932,64.0
fa2,chartqa,1792,64,chartqa_val_327,154.735,111.243,34.818,220.877,1919.181,223.12,30.463,2142.3,0.072228,64.0
fa2,chartqa,1792,64,chartqa_val_328,159.856,112.976,34.799,226.08,1791.424,228.335,28.435,2019.759,0.079146,64.0
fa2,chartqa,1792,64,chartqa_val_329,177.181,125.083,34.823,243.699,1851.896,246.777,29.395,2098.673,0.084425,64.0
fa2,chartqa,1792,64,chartqa_val_330,155.291,111.279,34.852,221.577,840.803,224.055,28.027,1064.858,0.145833,31.0
fa2,chartqa,1792,64,chartqa_val_331,155.498,111.505,34.869,221.965,1081.886,224.231,29.24,1306.117,0.119053,38.0
fa2,chartqa,1792,64,chartqa_val_332,155.928,111.281,34.844,222.22,1098.394,224.623,28.905,1323.017,0.117858,39.0
fa2,chartqa,1792,64,chartqa_val_333,156.832,111.542,34.829,223.324,788.561,226.02,29.206,1014.581,0.154578,28.0
fa2,chartqa,1792,64,chartqa_val_334,155.192,111.235,34.767,221.494,1791.659,224.074,28.439,2015.732,0.07699,64.0
fa2,chartqa,1792,64,chartqa_val_335,156.463,111.264,34.817,222.809,1815.509,225.141,28.818,2040.649,0.076673,64.0
fa2,chartqa,1792,64,chartqa_val_336,154.975,111.158,34.785,221.28,786.121,223.653,29.116,1009.774,0.153475,28.0
fa2,chartqa,1792,64,chartqa_val_337,154.076,111.267,34.846,220.218,1817.704,222.456,28.852,2040.16,0.075522,64.0
fa2,chartqa,1792,64,chartqa_val_338,158.109,111.959,34.818,224.264,1023.526,226.679,27.663,1250.205,0.126467,38.0
fa2,chartqa,1792,64,chartqa_val_339,160.003,111.722,34.819,226.5,1778.704,228.944,28.233,2007.649,0.079697,64.0
fa2,chartqa,1792,64,chartqa_val_340,156.516,112.725,34.828,224.253,359.725,226.583,27.671,586.307,0.266952,14.0
fa2,chartqa,1792,64,chartqa_val_341,156.039,112.58,34.846,222.403,1786.363,224.693,28.355,2011.056,0.077591,64.0
fa2,chartqa,1792,64,chartqa_val_342,155.508,111.15,34.783,221.637,548.973,223.918,28.893,772.892,0.201202,20.0
fa2,chartqa,1792,64,chartqa_val_343,156.251,112.347,34.791,222.609,1758.752,224.871,27.917,1983.623,0.07877,64.0
fa2,chartqa,1792,64,chartqa_val_344,158.525,111.518,34.82,225.001,1499.443,227.836,28.291,1727.279,0.091777,54.0
fa2,chartqa,1792,64,chartqa_val_345,154.405,111.141,34.799,220.739,1769.882,222.937,28.093,1992.819,0.07748,64.0
fa2,chartqa,1792,64,chartqa_val_346,156.696,112.41,34.868,222.896,1117.771,225.16,27.944,1342.93,0.116682,41.0
fa2,chartqa,1792,64,chartqa_val_347,155.272,111.196,34.808,221.334,1798.159,223.54,28.542,2021.699,0.076803,64.0
fa2,chartqa,1792,64,chartqa_val_348,158.419,113.31,34.911,224.648,605.686,228.18,27.531,833.866,0.189982,23.0
fa2,chartqa,1792,64,chartqa_val_349,155.18,111.299,34.814,221.56,1868.194,224.191,29.654,2092.385,0.074164,64.0
fa2,chartqa,1792,64,chartqa_val_350,155.663,111.722,34.843,222.139,986.76,224.646,29.902,1211.406,0.128498,34.0
fa2,chartqa,1792,64,chartqa_val_351,155.908,111.476,34.822,222.238,1742.766,224.653,27.663,1967.42,0.079245,64.0
fa2,chartqa,1792,64,chartqa_val_352,156.235,111.238,34.809,222.571,1094.142,224.827,29.571,1318.969,0.118452,38.0
fa2,chartqa,1792,64,chartqa_val_353,156.625,111.37,34.792,223.445,1715.666,225.657,27.233,1941.323,0.080679,64.0
fa2,chartqa,1792,64,chartqa_val_354,156.386,111.118,34.763,222.811,492.629,225.052,30.789,717.681,0.217904,17.0
fa2,chartqa,1792,64,chartqa_val_355,158.263,111.21,34.862,224.589,1344.542,226.985,29.229,1571.527,0.100706,47.0
fa2,chartqa,1792,64,chartqa_val_356,154.589,111.196,34.818,221.178,798.151,223.626,29.561,1021.777,0.151294,28.0
fa2,chartqa,1792,64,chartqa_val_357,155.256,111.256,34.834,221.881,1784.226,224.382,28.321,2008.608,0.077295,64.0
fa2,chartqa,1792,64,chartqa_val_358,154.533,111.232,34.851,220.977,1353.724,223.359,27.627,1577.084,0.097987,50.0
fa2,chartqa,1792,64,chartqa_val_359,184.609,121.509,34.807,251.152,1745.617,254.815,27.708,2000.431,0.092285,64.0
fa2,chartqa,1792,64,chartqa_val_360,154.501,111.17,34.797,220.702,245.766,222.947,27.307,468.714,0.329628,10.0
fa2,chartqa,1792,64,chartqa_val_361,155.722,111.235,34.82,221.855,1733.459,223.964,27.515,1957.423,0.079555,64.0
fa2,chartqa,1792,64,chartqa_val_362,154.387,111.185,34.828,220.517,1010.832,222.755,27.32,1233.587,0.125153,38.0
fa2,chartqa,1792,64,chartqa_val_363,154.882,111.178,34.826,221.17,1830.818,223.331,29.061,2054.15,0.075399,64.0
fa2,chartqa,1792,64,chartqa_val_364,154.754,111.573,34.835,220.793,813.449,223.025,27.115,1036.474,0.149308,31.0
fa2,chartqa,1792,64,chartqa_val_365,154.254,111.134,34.762,220.64,1776.226,222.892,28.194,1999.118,0.077161,64.0
fa2,chartqa,1792,64,chartqa_val_366,164.738,112.568,34.834,231.058,787.467,234.419,29.165,1021.887,0.16121,28.0
fa2,chartqa,1792,64,chartqa_val_367,161.903,111.132,34.822,228.847,1829.598,231.232,29.041,2060.831,0.078562,64.0
fa2,chartqa,1792,64,chartqa_val_368,154.893,111.501,34.815,221.3,649.516,223.569,28.24,873.086,0.177408,24.0
fa2,chartqa,1792,64,chartqa_val_369,159.449,111.059,34.778,225.656,1813.58,227.92,28.787,2041.5,0.078104,64.0
fa2,chartqa,1792,64,chartqa_val_370,155.713,111.764,34.829,222.081,504.845,224.559,28.047,729.405,0.213479,19.0
fa2,chartqa,1792,64,chartqa_val_371,154.786,111.302,34.806,221.048,1828.376,223.34,29.022,2051.716,0.075442,64.0
fa2,chartqa,1792,64,chartqa_val_372,155.167,111.495,34.838,221.461,209.543,223.626,34.924,433.169,0.358214,7.0
fa2,chartqa,1792,64,chartqa_val_373,157.717,112.733,34.824,224.477,484.87,226.749,28.522,711.619,0.221631,18.0
fa2,chartqa,1792,64,chartqa_val_374,156.001,112.165,34.791,222.401,340.273,224.559,28.356,564.832,0.276189,13.0
fa2,chartqa,1792,64,chartqa_val_375,155.744,111.931,34.792,222.585,1874.767,225.292,29.758,2100.059,0.074162,64.0
fa2,chartqa,1792,64,chartqa_val_376,156.364,111.338,34.802,222.802,454.081,225.394,28.38,679.476,0.230125,17.0
fa2,chartqa,1792,64,chartqa_val_377,155.187,111.321,34.836,224.56,1018.783,226.825,29.108,1245.608,0.124587,36.0
fa2,chartqa,1792,64,chartqa_val_378,155.319,111.201,34.828,221.559,862.052,223.777,28.735,1085.829,0.143042,31.0
fa2,chartqa,1792,64,chartqa_val_379,156.175,111.192,34.818,222.717,426.625,224.907,28.442,651.532,0.239704,16.0
fa2,chartqa,1792,64,chartqa_val_380,155.462,111.211,34.832,221.751,494.617,224.072,30.914,718.688,0.216313,17.0
fa2,chartqa,1792,64,chartqa_val_381,155.785,111.109,34.806,222.131,1774.343,224.263,28.164,1998.606,0.077947,64.0
fa2,chartqa,1792,64,chartqa_val_382,155.732,111.238,34.814,222.887,311.169,225.6,28.288,536.768,0.290129,12.0
fa2,chartqa,1792,64,chartqa_val_383,154.395,111.165,34.762,220.707,1869.473,222.997,29.674,2092.47,0.073786,64.0
fa2,chartqa,1792,64,chartqa_val_384,155.069,111.238,34.818,221.289,278.373,223.547,27.837,501.92,0.308952,11.0
fa2,chartqa,1792,64,chartqa_val_385,156.351,111.118,34.802,222.543,1761.361,224.86,27.958,1986.222,0.078718,64.0
fa2,chartqa,1792,64,chartqa_val_386,154.636,111.262,34.858,220.875,332.01,223.074,27.668,555.084,0.278581,13.0
fa2,chartqa,1792,64,chartqa_val_387,154.191,111.233,34.808,220.42,724.454,222.624,27.864,947.078,0.162808,27.0
fa2,chartqa,1792,64,chartqa_val_388,155.249,111.436,34.803,221.321,864.681,223.458,28.823,1088.139,0.142674,31.0
fa2,chartqa,1792,64,chartqa_val_389,172.803,117.983,34.84,238.951,1456.881,242.009,28.017,1698.89,0.101715,53.0
fa2,chartqa,1792,64,chartqa_val_390,154.68,111.122,34.817,220.769,804.307,223.129,29.789,1027.437,0.150549,28.0
fa2,chartqa,1792,64,chartqa_val_391,156.155,111.289,34.801,222.361,425.42,224.552,30.387,649.972,0.240249,15.0
fa2,chartqa,1792,64,chartqa_val_392,154.79,111.19,34.817,221.013,53.411,223.301,26.706,276.712,0.55939,3.0
fa2,chartqa,1792,64,chartqa_val_393,159.005,113.027,34.943,225.478,1107.319,227.78,27.683,1335.099,0.119096,41.0
fa2,chartqa,1792,64,chartqa_val_394,154.913,111.134,34.825,221.186,832.024,223.417,28.69,1055.441,0.146776,30.0
fa2,chartqa,1792,64,chartqa_val_395,155.262,111.111,34.795,222.121,1867.65,224.317,29.645,2091.968,0.074218,64.0
fa2,chartqa,1792,64,chartqa_val_396,154.954,111.195,34.874,221.055,804.965,223.289,28.749,1028.254,0.150696,29.0
fa2,chartqa,1792,64,chartqa_val_397,155.519,111.284,34.825,227.541,495.739,229.794,27.541,725.534,0.214351,19.0
fa2,chartqa,1792,64,chartqa_val_398,156.847,111.134,34.773,222.968,577.887,225.182,27.518,803.069,0.195309,22.0
fa2,chartqa,1792,64,chartqa_val_399,157.222,111.351,34.84,223.294,983.8,225.558,28.935,1209.358,0.130005,35.0
fa2,chartqa,1792,64,chartqa_val_400,158.194,111.116,34.761,224.394,1036.578,227.565,26.579,1264.144,0.125139,40.0
fa2,chartqa,1792,64,chartqa_val_401,154.866,111.187,34.839,221.066,1782.78,223.325,28.298,2006.105,0.077197,64.0
fa2,chartqa,1792,64,chartqa_val_402,155.446,111.438,34.88,221.713,330.295,224.158,27.525,554.452,0.28036,13.0
fa2,chartqa,1792,64,chartqa_val_403,155.684,111.165,34.781,222.022,1343.76,224.183,29.861,1567.942,0.099292,46.0
fa2,chartqa,1792,64,chartqa_val_404,157.162,111.345,34.829,223.653,879.46,225.846,29.315,1105.306,0.142188,31.0
fa2,chartqa,1792,64,chartqa_val_405,155.346,111.301,34.808,221.982,1798.214,224.429,28.543,2022.643,0.076804,64.0
fa2,chartqa,1792,64,chartqa_val_406,155.907,111.339,34.777,225.055,555.951,227.513,30.886,783.465,0.198997,19.0
fa2,chartqa,1792,64,chartqa_val_407,157.286,111.455,34.87,223.662,1766.035,226.185,28.032,1992.22,0.07895,64.0
fa2,chartqa,1792,64,chartqa_val_408,161.023,113.921,34.795,227.338,857.115,230.001,28.571,1087.116,0.148119,31.0
fa2,chartqa,1792,64,chartqa_val_409,157.845,111.526,34.869,232.107,1799.629,234.445,28.566,2034.075,0.0776,64.0
fa2,chartqa,1792,64,chartqa_val_410,157.937,111.468,34.863,224.337,678.495,226.916,27.14,905.41,0.174436,26.0
fa2,chartqa,1792,64,chartqa_val_411,158.509,111.056,34.793,224.659,1755.417,226.767,27.864,1982.184,0.079967,64.0
fa2,chartqa,1792,64,chartqa_val_412,156.4,111.457,34.829,222.878,242.7,225.109,34.671,467.809,0.334324,8.0
fa2,chartqa,1792,64,chartqa_val_413,158.109,112.196,34.823,224.722,1830.587,227.112,29.057,2057.698,0.076838,64.0
fa2,chartqa,1792,64,chartqa_val_414,154.526,111.147,34.784,220.82,624.439,223.199,28.384,847.637,0.182303,23.0
fa2,chartqa,1792,64,chartqa_val_415,156.956,111.102,34.791,223.289,1836.988,225.554,29.159,2062.542,0.076098,64.0
fa2,chartqa,1792,64,chartqa_val_416,156.655,111.25,34.8,222.928,697.675,225.527,29.07,923.202,0.169686,25.0
fa2,chartqa,1792,64,chartqa_val_417,160.025,116.471,34.856,226.254,1843.221,228.429,29.257,2071.651,0.077245,64.0
fa2,chartqa,1792,64,chartqa_val_418,157.081,111.612,34.833,227.538,1220.123,229.881,29.051,1450.004,0.108331,43.0
fa2,chartqa,1792,64,chartqa_val_419,156.608,111.253,34.833,222.971,1791.416,225.346,28.435,2016.762,0.077653,64.0
fa2,chartqa,1792,64,chartqa_val_420,155.093,111.234,34.821,234.0,1191.72,236.631,27.714,1428.351,0.108582,44.0
fa2,chartqa,1792,64,chartqa_val_421,155.083,111.303,34.822,221.459,1772.331,223.612,28.132,1995.943,0.077699,64.0
fa2,chartqa,1792,64,chartqa_val_422,155.561,111.684,34.81,222.203,1707.04,224.639,27.096,1931.679,0.080531,64.0
fa2,chartqa,1792,64,chartqa_val_423,157.619,111.119,34.778,223.767,1752.911,226.077,27.824,1978.989,0.079646,64.0
fa2,chartqa,1792,64,chartqa_val_424,154.741,111.174,34.794,220.844,378.824,223.021,27.059,601.844,0.257111,15.0
fa2,chartqa,1792,64,chartqa_val_425,154.195,111.079,34.772,220.699,1798.637,222.844,28.55,2021.481,0.076278,64.0
fa2,chartqa,1792,64,chartqa_val_426,154.76,111.411,34.844,220.968,835.417,223.247,26.949,1058.664,0.146184,32.0
fa2,chartqa,1792,64,chartqa_val_427,172.672,121.672,34.846,239.098,930.797,242.174,28.206,1172.971,0.147209,34.0
fa2,chartqa,1792,64,chartqa_val_428,155.294,111.254,34.855,221.894,861.856,224.581,27.802,1086.437,0.142939,32.0
fa2,chartqa,1792,64,chartqa_val_429,155.121,111.13,34.797,221.491,1171.558,223.929,29.289,1395.486,0.111159,41.0
fa2,chartqa,1792,64,chartqa_val_430,155.283,111.213,34.814,223.249,226.629,225.848,32.376,452.478,0.343184,8.0
fa2,chartqa,1792,64,chartqa_val_431,156.452,112.193,34.765,222.699,542.778,225.105,28.567,767.883,0.203745,20.0
fa2,chartqa,1792,64,chartqa_val_432,155.224,111.161,34.814,221.57,345.749,223.922,28.812,569.671,0.272481,13.0
fa2,chartqa,1792,64,chartqa_val_433,157.431,112.089,34.884,227.322,1443.114,229.989,28.862,1673.103,0.094095,51.0
fa2,chartqa,1792,64,chartqa_val_434,157.848,111.154,34.778,224.313,620.981,226.836,28.226,847.816,0.186182,23.0
fa2,chartqa,1792,64,chartqa_val_435,155.739,111.778,34.831,222.486,501.527,224.797,29.502,726.324,0.21442,18.0
fa2,chartqa,1792,64,chartqa_val_436,154.797,111.14,34.788,221.124,244.976,223.641,34.997,468.617,0.330326,8.0
fa2,chartqa,1792,64,chartqa_val_437,155.189,111.363,34.818,221.548,27.565,224.224,27.565,251.789,0.616348,2.0
fa2,chartqa,1792,64,chartqa_val_438,155.707,111.696,34.837,222.689,563.619,225.474,29.664,789.093,0.197324,20.0
fa2,chartqa,1792,64,chartqa_val_439,161.084,114.805,34.914,227.862,520.491,230.479,30.617,750.97,0.214502,18.0
fa2,chartqa,1792,64,chartqa_val_440,155.781,111.336,34.829,225.166,404.823,227.746,28.916,632.569,0.246267,15.0
fa2,chartqa,1792,64,chartqa_val_441,155.034,111.266,34.84,221.457,1595.967,223.87,29.555,1819.837,0.085191,55.0
fa2,chartqa,1792,64,chartqa_val_442,156.294,112.29,34.812,222.737,398.067,225.631,28.433,623.698,0.250592,15.0
fa2,chartqa,1792,64,chartqa_val_443,154.958,111.639,34.801,221.682,796.663,224.294,29.506,1020.958,0.151777,28.0
fa2,chartqa,1792,64,chartqa_val_444,156.64,111.233,34.841,222.839,1532.112,225.278,28.908,1757.39,0.089132,54.0
fa2,chartqa,1792,64,chartqa_val_445,173.549,114.497,34.801,239.892,1759.403,244.037,27.927,2003.44,0.086625,64.0
fa2,chartqa,1792,64,chartqa_val_446,158.098,113.739,35.02,225.299,691.142,228.449,28.798,919.592,0.171922,25.0
fa2,chartqa,1792,64,chartqa_val_447,154.694,111.234,34.8,221.362,1907.445,223.794,30.277,2131.238,0.072584,64.0
fa2,chartqa,1792,64,chartqa_val_448,155.794,111.902,34.85,222.45,182.257,224.972,30.376,407.229,0.382571,7.0
fa2,chartqa,1792,64,chartqa_val_449,156.979,111.439,34.823,224.617,548.766,226.912,30.487,775.677,0.202377,19.0
fa2,chartqa,1792,64,chartqa_val_450,155.508,111.759,34.873,222.1,1085.4,224.388,31.011,1309.788,0.118728,36.0
fa2,chartqa,1792,64,chartqa_val_451,162.549,116.828,34.858,228.946,537.135,231.296,28.27,768.431,0.211534,20.0
fa2,chartqa,1792,64,chartqa_val_452,154.957,111.275,34.849,225.124,186.093,227.479,31.016,413.572,0.374679,7.0
fa2,chartqa,1792,64,chartqa_val_453,155.689,112.162,34.802,222.123,1779.372,224.356,28.244,2003.727,0.0777,64.0
fa2,chartqa,1792,64,chartqa_val_454,154.66,111.179,34.826,231.406,1438.248,234.155,29.352,1672.404,0.092477,50.0
fa2,chartqa,1792,64,chartqa_val_455,156.552,112.094,34.869,223.455,702.841,225.72,31.947,928.562,0.168597,23.0
fa2,chartqa,1792,64,chartqa_val_456,154.666,111.267,34.823,225.753,240.361,228.087,30.045,468.448,0.330167,9.0
fa2,chartqa,1792,64,chartqa_val_457,156.154,111.777,34.789,222.633,1837.743,225.212,29.171,2062.955,0.075694,64.0
fa2,chartqa,1792,64,chartqa_val_458,156.686,111.186,34.829,222.977,238.361,225.161,34.052,463.522,0.338034,8.0
fa2,chartqa,1792,64,chartqa_val_459,154.932,111.161,34.821,221.334,1804.615,223.922,28.645,2028.538,0.076376,64.0
fa2,chartqa,1792,64,chartqa_val_460,155.608,111.404,34.819,224.631,294.385,227.181,29.439,521.566,0.298347,11.0
fa2,chartqa,1792,64,chartqa_val_461,155.06,111.154,34.794,221.428,1795.784,223.86,28.505,2019.644,0.076776,64.0
fa2,chartqa,1792,64,chartqa_val_462,154.906,111.161,34.816,221.259,196.871,223.635,28.124,420.506,0.368381,8.0
fa2,chartqa,1792,64,chartqa_val_463,154.801,111.57,34.88,224.542,1789.826,226.988,28.41,2016.814,0.076755,64.0
fa2,chartqa,1792,64,chartqa_val_464,155.065,111.282,34.776,223.825,556.332,226.203,29.281,782.536,0.198156,20.0
fa2,chartqa,1792,64,chartqa_val_465,154.616,111.214,34.816,221.069,1676.106,223.271,28.409,1899.377,0.081403,60.0
fa2,chartqa,1792,64,chartqa_val_466,155.244,111.586,34.83,221.799,1863.434,224.072,29.578,2087.506,0.074368,64.0
fa2,chartqa,1792,64,chartqa_val_467,156.497,112.319,34.849,227.346,1774.125,229.588,28.161,2003.713,0.078103,64.0
fa2,chartqa,1792,64,chartqa_val_468,154.868,111.113,34.771,220.961,574.218,223.177,28.711,797.395,0.194217,21.0
fa2,chartqa,1792,64,chartqa_val_469,154.807,111.126,34.789,221.848,1728.692,224.087,27.44,1952.78,0.079275,64.0
fa2,chartqa,1792,64,chartqa_val_470,155.246,111.747,34.787,221.495,1390.724,223.706,27.269,1614.429,0.096162,52.0
fa2,chartqa,1792,64,chartqa_val_471,155.507,111.67,34.892,221.882,1823.538,224.031,28.945,2047.569,0.075947,64.0
fa2,chartqa,1792,64,chartqa_val_472,155.162,111.127,34.821,221.199,784.995,223.443,28.036,1008.438,0.153863,29.0
fa2,chartqa,1792,64,chartqa_val_473,155.023,111.223,34.79,221.281,1410.448,223.577,30.01,1634.025,0.094872,48.0
fa2,chartqa,1792,64,chartqa_val_474,154.813,111.218,34.833,221.221,539.36,223.518,28.387,762.878,0.202933,20.0
fa2,chartqa,1792,64,chartqa_val_475,156.451,111.274,34.824,222.978,1880.302,225.226,29.846,2105.528,0.074305,64.0
fa2,chartqa,1792,64,chartqa_val_476,154.352,111.226,34.806,220.793,726.984,223.052,29.079,950.036,0.16247,26.0
fa2,chartqa,1792,64,chartqa_val_477,155.584,111.349,34.81,221.697,1845.73,223.903,29.297,2069.632,0.075175,64.0
fa2,chartqa,1792,64,chartqa_val_478,154.289,111.067,34.768,220.326,306.57,222.752,27.87,529.322,0.291483,12.0
fa2,chartqa,1792,64,chartqa_val_479,155.374,111.304,34.814,222.299,1200.119,225.121,30.772,1425.24,0.109016,40.0
fa2,chartqa,1792,64,chartqa_val_480,155.798,111.634,34.905,223.048,921.633,225.641,29.73,1147.274,0.135798,32.0
fa2,chartqa,1792,64,chartqa_val_481,156.214,111.366,34.847,222.68,686.573,225.279,31.208,911.852,0.171315,23.0
fa2,chartqa,1792,64,chartqa_val_482,155.248,111.23,34.798,221.541,827.078,223.918,28.52,1050.996,0.147716,30.0
fa2,chartqa,1792,64,chartqa_val_483,155.447,111.125,34.783,221.822,1826.603,224.167,28.994,2050.771,0.0758,64.0
fa2,chartqa,1792,64,chartqa_val_484,155.206,111.411,34.82,221.664,1014.265,224.004,28.979,1238.269,0.125341,36.0
fa2,chartqa,1792,64,chartqa_val_485,162.646,111.276,34.776,230.309,360.875,233.777,32.807,594.652,0.273514,12.0
fa2,chartqa,1792,64,chartqa_val_486,158.262,111.794,34.823,225.177,792.234,227.846,31.689,1020.08,0.155146,26.0
fa2,chartqa,1792,64,chartqa_val_487,158.355,114.475,34.974,228.558,1460.795,231.085,30.433,1691.88,0.093597,49.0
fa2,chartqa,1792,64,chartqa_val_488,156.32,111.972,34.838,223.281,710.647,226.002,32.302,936.649,0.166893,23.0
fa2,chartqa,1792,64,chartqa_val_489,156.244,111.149,34.791,222.566,1035.215,225.04,28.756,1260.255,0.123978,37.0
fa2,chartqa,1792,64,chartqa_val_490,154.636,111.281,34.858,220.957,917.628,223.257,30.588,1140.885,0.13554,31.0
fa2,chartqa,1792,64,chartqa_val_491,154.92,111.167,34.79,223.972,1899.234,226.251,30.147,2125.484,0.072887,64.0
fa2,chartqa,1792,64,chartqa_val_492,158.233,111.418,34.817,224.462,1855.356,226.966,29.45,2082.322,0.075989,64.0
fa2,chartqa,1792,64,chartqa_val_493,157.344,113.089,34.792,223.698,1515.246,226.279,29.711,1741.525,0.090349,52.0
fa2,chartqa,1792,64,chartqa_val_494,157.183,111.287,34.823,223.656,869.932,226.066,29.998,1095.997,0.143416,30.0
fa2,chartqa,1792,64,chartqa_val_495,158.542,111.554,34.823,227.339,1062.739,230.203,30.364,1292.942,0.122621,36.0
fa2,chartqa,1792,64,chartqa_val_496,155.08,111.141,34.795,221.391,797.543,223.855,30.675,1021.398,0.151831,27.0
fa2,chartqa,1792,64,chartqa_val_497,155.872,112.165,34.807,222.204,1788.251,224.409,28.385,2012.66,0.077446,64.0
fa2,chartqa,1792,64,chartqa_val_498,157.743,112.656,34.865,224.629,1642.294,227.586,32.202,1869.88,0.08436,52.0
fa2,chartqa,1792,64,chartqa_val_499,156.219,111.681,34.938,222.82,1878.573,225.495,29.819,2104.068,0.074246,64.0
guide,docvqa,1792,64,docvqa_49153,157.222,,,223.652,864.325,227.598,28.811,1091.923,0.143986,31.0
guide,docvqa,1792,64,docvqa_24580,156.707,,,223.132,464.955,225.785,30.997,690.74,0.226868,16.0
guide,docvqa,1792,64,docvqa_57349,156.503,,,224.866,283.782,227.208,28.378,510.991,0.306273,11.0
guide,docvqa,1792,64,docvqa_24581,157.263,,,223.631,253.08,227.467,31.635,480.547,0.327258,9.0
guide,docvqa,1792,64,docvqa_24582,156.833,,,224.456,245.832,227.318,27.315,473.15,0.331467,10.0
guide,docvqa,1792,64,docvqa_39079,156.686,,,223.106,1055.154,225.254,29.31,1280.407,0.122372,37.0
guide,docvqa,1792,64,docvqa_57357,156.656,,,224.761,692.633,227.452,28.86,920.085,0.170262,25.0
guide,docvqa,1792,64,docvqa_24426,156.585,,,227.662,516.32,230.005,28.684,746.326,0.209808,19.0
guide,docvqa,1792,64,docvqa_49168,156.712,,,224.722,697.444,227.214,30.324,924.658,0.169481,24.0
guide,docvqa,1792,64,docvqa_24423,156.544,,,224.76,753.232,227.592,31.385,980.824,0.159605,25.0
guide,docvqa,1792,64,docvqa_49172,156.575,,,224.341,941.25,226.639,30.363,1167.89,0.134066,32.0
guide,docvqa,1792,64,docvqa_57364,156.408,,,230.078,497.872,232.562,31.117,730.434,0.214131,17.0
guide,docvqa,1792,64,docvqa_57366,156.737,,,226.457,431.77,228.882,26.986,660.653,0.237245,17.0
guide,docvqa,1792,64,docvqa_57368,156.547,,,224.815,440.433,227.313,27.527,667.746,0.234441,17.0
guide,docvqa,1792,64,docvqa_49177,157.688,,,226.399,771.141,228.877,30.846,1000.018,0.157685,26.0
guide,docvqa,1792,64,docvqa_57370,157.298,,,224.26,741.586,227.972,28.523,969.558,0.162237,27.0
guide,docvqa,1792,64,docvqa_57371,156.613,,,227.642,824.592,230.05,28.434,1054.643,0.148498,30.0
guide,docvqa,1792,64,docvqa_57372,159.158,,,225.297,703.736,228.976,29.322,932.712,0.17064,25.0
guide,docvqa,1792,64,docvqa_49181,156.634,,,227.422,1156.855,229.693,29.663,1386.548,0.112967,40.0
guide,docvqa,1792,64,docvqa_57373,156.65,,,223.469,798.45,225.737,29.572,1024.187,0.152951,28.0
guide,docvqa,1792,64,docvqa_57374,156.671,,,231.835,510.755,234.364,30.044,745.119,0.210264,18.0
guide,docvqa,1792,64,docvqa_57375,156.717,,,236.807,954.57,239.399,30.793,1193.968,0.131257,32.0
guide,docvqa,1792,64,docvqa_57376,156.705,,,223.281,640.978,225.85,35.61,866.828,0.180779,19.0
guide,docvqa,1792,64,docvqa_49187,157.286,,,224.342,855.324,227.031,29.494,1082.355,0.145318,30.0
guide,docvqa,1792,64,docvqa_16424,156.36,,,222.713,554.486,224.956,29.183,779.442,0.200605,20.0
guide,docvqa,1792,64,docvqa_57386,157.139,,,223.729,513.646,227.469,28.536,741.116,0.212031,19.0
guide,docvqa,1792,64,docvqa_57387,156.989,,,223.19,538.407,227.987,28.337,766.394,0.204841,20.0
guide,docvqa,1792,64,docvqa_57388,156.504,,,222.714,626.365,224.986,32.967,851.352,0.18383,20.0
guide,docvqa,1792,64,docvqa_16429,156.613,,,222.859,332.008,225.247,27.667,557.255,0.281043,13.0
guide,docvqa,1792,64,docvqa_16430,156.475,,,222.92,328.307,225.367,27.359,553.674,0.282613,13.0
guide,docvqa,1792,64,docvqa_57391,156.702,,,222.975,281.134,225.564,28.113,506.698,0.309262,11.0
guide,docvqa,1792,64,docvqa_57395,156.652,,,223.212,413.758,225.812,29.554,639.569,0.244933,15.0
guide,docvqa,1792,64,docvqa_16437,156.626,,,223.173,571.738,225.702,27.226,797.44,0.196411,22.0
guide,docvqa,1792,64,docvqa_16440,156.83,,,226.424,498.13,229.033,27.674,727.163,0.215674,19.0
guide,docvqa,1792,64,docvqa_57402,157.144,,,223.736,956.513,227.34,30.855,1183.853,0.13274,32.0
guide,docvqa,1792,64,docvqa_57403,156.566,,,223.791,887.639,226.1,28.634,1113.739,0.140577,32.0
guide,docvqa,1792,64,docvqa_57404,157.006,,,227.799,819.367,231.218,30.347,1050.585,0.149446,28.0
guide,docvqa,1792,64,docvqa_16444,157.067,,,223.811,665.629,227.36,28.94,892.989,0.175889,24.0
guide,docvqa,1792,64,docvqa_57407,156.685,,,223.446,1070.54,225.934,32.441,1296.474,0.120855,34.0
guide,docvqa,1792,64,docvqa_16447,156.736,,,224.248,763.918,226.917,30.557,990.836,0.158186,26.0
guide,docvqa,1792,64,docvqa_57409,156.683,,,222.807,274.488,225.384,27.449,499.872,0.313446,11.0
guide,docvqa,1792,64,docvqa_16450,156.742,,,223.303,331.763,226.901,33.176,558.664,0.280566,11.0
guide,docvqa,1792,64,docvqa_57410,156.607,,,223.575,467.283,225.99,29.205,693.273,0.225896,17.0
guide,docvqa,1792,64,docvqa_57411,156.426,,,222.982,860.319,225.488,30.726,1085.806,0.144064,29.0
guide,docvqa,1792,64,docvqa_57413,156.48,,,223.763,1057.837,226.033,30.224,1283.869,0.121882,36.0
guide,docvqa,1792,64,docvqa_57414,156.54,,,225.098,591.621,227.365,32.868,818.986,0.191139,19.0
guide,docvqa,1792,64,docvqa_57415,156.715,,,223.812,758.077,226.447,30.323,984.524,0.159179,26.0
guide,docvqa,1792,64,docvqa_57416,156.704,,,222.994,568.62,225.44,33.448,794.06,0.197346,18.0
guide,docvqa,1792,64,docvqa_57417,156.559,,,223.469,474.659,226.408,33.904,701.067,0.223315,15.0
guide,docvqa,1792,64,docvqa_57418,156.677,,,223.185,482.289,225.871,32.153,708.16,0.221245,16.0
guide,docvqa,1792,64,docvqa_24437,156.662,,,223.032,435.721,225.626,29.048,661.347,0.236883,16.0
guide,docvqa,1792,64,docvqa_24438,156.533,,,225.413,321.963,228.866,26.83,550.829,0.284177,13.0
guide,docvqa,1792,64,docvqa_16455,156.551,,,224.52,825.853,227.016,31.764,1052.869,0.14869,27.0
guide,docvqa,1792,64,docvqa_16456,156.9,,,223.114,327.03,226.581,27.252,553.611,0.283412,13.0
guide,docvqa,1792,64,docvqa_16463,156.645,,,222.96,336.861,225.244,28.072,562.105,0.278677,13.0
guide,docvqa,1792,64,docvqa_49234,156.756,,,225.445,398.989,227.649,28.499,626.638,0.250154,15.0
guide,docvqa,1792,64,docvqa_57428,156.647,,,223.012,578.172,225.208,36.136,803.38,0.194985,17.0
guide,docvqa,1792,64,docvqa_24440,156.606,,,224.465,514.115,227.093,30.242,741.208,0.211285,18.0
guide,docvqa,1792,64,docvqa_16468,156.255,,,222.372,760.757,224.763,30.43,985.519,0.158551,26.0
guide,docvqa,1792,64,docvqa_57431,156.899,,,223.23,578.937,225.788,28.947,804.725,0.194972,21.0
guide,docvqa,1792,64,docvqa_16473,156.63,,,224.362,392.748,226.933,32.729,619.681,0.25276,13.0
guide,docvqa,1792,64,docvqa_49242,156.104,,,226.487,308.742,228.787,28.067,537.529,0.290411,12.0
guide,docvqa,1792,64,docvqa_57439,156.802,,,223.31,1639.913,226.181,31.537,1866.094,0.084027,53.0
guide,docvqa,1792,64,docvqa_57440,156.633,,,222.981,502.332,225.588,31.396,727.92,0.215179,17.0
guide,docvqa,1792,64,docvqa_32870,156.729,,,222.909,1269.422,225.256,30.224,1494.679,0.104858,43.0
guide,docvqa,1792,64,docvqa_32871,157.251,,,225.39,858.3,228.861,30.654,1087.161,0.144643,29.0
guide,docvqa,1792,64,docvqa_32872,156.507,,,224.026,442.912,226.494,27.682,669.406,0.233799,17.0
guide,docvqa,1792,64,docvqa_32873,156.732,,,223.195,688.828,225.959,32.801,914.787,0.171331,22.0
guide,docvqa,1792,64,docvqa_32874,156.643,,,222.792,365.295,225.39,30.441,590.684,0.26519,13.0
guide,docvqa,1792,64,docvqa_32875,156.724,,,224.041,554.584,226.701,27.729,781.286,0.200598,21.0
guide,docvqa,1792,64,docvqa_32876,156.632,,,223.306,592.78,225.865,28.228,818.645,0.191331,22.0
guide,docvqa,1792,64,docvqa_32877,157.087,,,223.379,818.513,227.125,30.315,1045.638,0.15023,28.0
guide,docvqa,1792,64,docvqa_32878,156.887,,,223.139,350.826,225.761,31.893,576.587,0.272095,12.0
guide,docvqa,1792,64,docvqa_32879,156.791,,,224.294,499.946,226.564,29.409,726.51,0.215814,18.0
guide,docvqa,1792,64,docvqa_57449,156.599,,,222.84,300.801,225.205,30.08,526.006,0.297713,11.0
guide,docvqa,1792,64,docvqa_32881,156.8,,,223.914,660.386,226.419,27.516,886.805,0.176814,25.0
guide,docvqa,1792,64,docvqa_32882,156.841,,,224.139,762.4,226.652,29.323,989.051,0.158577,27.0
guide,docvqa,1792,64,docvqa_32883,156.731,,,223.093,663.304,225.612,30.15,888.916,0.176317,23.0
guide,docvqa,1792,64,docvqa_57452,156.838,,,223.183,456.368,225.751,30.425,682.119,0.229927,16.0
guide,docvqa,1792,64,docvqa_32885,156.671,,,222.979,503.48,225.557,29.616,729.037,0.214902,18.0
guide,docvqa,1792,64,docvqa_32886,156.55,,,222.601,636.85,224.811,28.948,861.661,0.181685,23.0
guide,docvqa,1792,64,docvqa_57454,156.492,,,222.825,1721.224,225.389,30.736,1946.614,0.080392,57.0
guide,docvqa,1792,64,docvqa_49263,156.478,,,222.594,906.185,224.898,31.248,1131.083,0.138343,30.0
guide,docvqa,1792,64,docvqa_32889,156.816,,,223.463,706.516,225.944,29.438,932.46,0.168174,25.0
guide,docvqa,1792,64,docvqa_32890,156.952,,,223.413,499.898,226.333,29.406,726.232,0.216118,18.0
guide,docvqa,1792,64,docvqa_32891,158.928,,,228.851,991.719,232.019,29.168,1223.738,0.129871,35.0
guide,docvqa,1792,64,docvqa_32892,156.723,,,223.02,522.282,225.688,32.643,747.969,0.209532,17.0
guide,docvqa,1792,64,docvqa_32893,156.576,,,223.808,634.592,226.206,31.73,860.797,0.181897,21.0
guide,docvqa,1792,64,docvqa_32894,156.522,,,222.969,593.096,225.304,31.216,818.4,0.191253,20.0
guide,docvqa,1792,64,docvqa_49274,156.559,,,223.578,528.069,225.862,29.337,753.931,0.207657,19.0
guide,docvqa,1792,64,docvqa_32896,157.022,,,223.22,351.201,225.686,29.267,576.887,0.272188,13.0
guide,docvqa,1792,64,docvqa_32897,156.484,,,222.671,375.355,224.772,28.873,600.127,0.260751,14.0
guide,docvqa,1792,64,docvqa_32898,157.212,,,224.319,511.871,227.79,26.941,739.661,0.212546,20.0
guide,docvqa,1792,64,docvqa_57475,157.127,,,223.444,413.628,226.939,27.575,640.568,0.245293,16.0
guide,docvqa,1792,64,docvqa_32900,156.713,,,224.404,552.607,226.927,29.085,779.534,0.201035,20.0
guide,docvqa,1792,64,docvqa_57476,156.74,,,223.216,644.33,226.76,29.288,871.09,0.179936,23.0
guide,docvqa,1792,64,docvqa_49279,157.014,,,223.379,272.818,226.658,27.282,499.476,0.314358,11.0
guide,docvqa,1792,64,docvqa_49285,156.664,,,222.921,378.644,225.208,34.422,603.852,0.259441,12.0
guide,docvqa,1792,64,docvqa_49292,156.712,,,222.808,1341.295,224.967,29.807,1566.263,0.100055,46.0
guide,docvqa,1792,64,docvqa_16529,156.599,,,222.856,412.995,225.15,29.5,638.144,0.245398,15.0
guide,docvqa,1792,64,docvqa_49297,157.351,,,223.837,590.799,227.945,32.822,818.744,0.192185,19.0
guide,docvqa,1792,64,docvqa_16533,156.837,,,223.254,710.293,225.66,32.286,935.953,0.167569,23.0
guide,docvqa,1792,64,docvqa_49304,156.749,,,223.047,416.815,225.816,29.773,642.631,0.243918,15.0
guide,docvqa,1792,64,docvqa_16539,156.76,,,223.161,725.203,225.787,32.964,950.991,0.164839,23.0
guide,docvqa,1792,64,docvqa_16553,156.636,,,223.18,622.407,225.793,32.758,848.2,0.184668,20.0
guide,docvqa,1792,64,docvqa_49322,156.518,,,225.25,512.835,227.77,30.167,740.605,0.211338,18.0
guide,docvqa,1792,64,docvqa_57515,156.648,,,223.243,506.743,225.543,29.808,732.287,0.213916,18.0
guide,docvqa,1792,64,docvqa_49323,157.001,,,223.386,330.022,226.441,27.502,556.462,0.282141,13.0
guide,docvqa,1792,64,docvqa_57517,157.02,,,223.205,289.958,226.483,32.218,516.441,0.304043,10.0
guide,docvqa,1792,64,docvqa_49324,156.948,,,223.329,397.595,226.438,30.584,624.032,0.251506,14.0
guide,docvqa,1792,64,docvqa_57519,156.642,,,222.92,314.998,225.914,31.5,540.912,0.289589,11.0
guide,docvqa,1792,64,docvqa_49325,156.68,,,222.853,359.68,225.236,29.973,584.916,0.267867,13.0
guide,docvqa,1792,64,docvqa_57521,156.879,,,223.046,386.965,225.25,29.767,612.215,0.256248,14.0
guide,docvqa,1792,64,docvqa_49326,156.504,,,222.575,503.706,224.799,29.63,728.505,0.214829,18.0
guide,docvqa,1792,64,docvqa_57523,156.457,,,223.058,440.225,225.223,29.348,665.448,0.235116,16.0
guide,docvqa,1792,64,docvqa_57524,156.649,,,223.09,432.667,225.784,30.905,658.451,0.237905,15.0
guide,docvqa,1792,64,docvqa_57525,156.678,,,224.361,728.329,226.813,30.347,955.141,0.164036,25.0
guide,docvqa,1792,64,docvqa_57526,156.531,,,222.824,309.754,225.193,30.975,534.947,0.292611,11.0
guide,docvqa,1792,64,docvqa_57527,156.491,,,222.628,526.929,224.925,30.996,751.854,0.20814,18.0
guide,docvqa,1792,64,docvqa_57528,156.559,,,223.695,805.69,226.024,28.775,1031.714,0.151746,29.0
guide,docvqa,1792,64,docvqa_57529,156.871,,,223.403,877.485,225.721,30.258,1103.206,0.142195,30.0
guide,docvqa,1792,64,docvqa_57530,156.93,,,228.958,305.034,233.17,30.503,538.204,0.29158,11.0
guide,docvqa,1792,64,docvqa_57531,156.732,,,223.545,496.471,226.348,33.098,722.819,0.216834,16.0
guide,docvqa,1792,64,docvqa_57532,156.567,,,224.634,602.761,227.043,27.398,829.804,0.188679,23.0
guide,docvqa,1792,64,docvqa_57533,156.611,,,222.827,539.551,225.776,29.975,765.327,0.204633,19.0
guide,docvqa,1792,64,docvqa_16568,156.642,,,222.901,319.202,225.158,31.92,544.36,0.287755,11.0
guide,docvqa,1792,64,docvqa_16574,156.768,,,224.888,813.146,227.803,32.526,1040.949,0.150601,26.0
guide,docvqa,1792,64,docvqa_57537,156.648,,,223.042,530.326,225.466,27.912,755.792,0.207263,20.0
guide,docvqa,1792,64,docvqa_57539,156.62,,,223.589,557.69,225.909,29.352,783.6,0.199872,20.0
guide,docvqa,1792,64,docvqa_57540,156.814,,,223.088,606.979,225.853,31.946,832.833,0.18829,20.0
guide,docvqa,1792,64,docvqa_57543,156.734,,,227.301,559.318,229.776,29.438,789.094,0.198626,20.0
guide,docvqa,1792,64,docvqa_57550,157.061,,,223.674,246.477,227.255,30.81,473.733,0.331539,9.0
guide,docvqa,1792,64,docvqa_49361,156.74,,,223.098,306.197,225.567,30.62,531.763,0.294754,11.0
guide,docvqa,1792,64,docvqa_49362,156.635,,,223.037,401.551,225.274,30.889,626.826,0.249886,14.0
guide,docvqa,1792,64,docvqa_57557,156.518,,,223.122,719.793,225.481,28.792,945.274,0.16558,26.0
guide,docvqa,1792,64,docvqa_49366,156.612,,,227.613,460.553,229.86,32.897,690.414,0.226838,15.0
guide,docvqa,1792,64,docvqa_32984,156.659,,,222.916,488.49,225.065,28.735,713.555,0.219547,18.0
guide,docvqa,1792,64,docvqa_49369,156.65,,,227.721,334.644,229.805,30.422,564.449,0.277527,12.0
guide,docvqa,1792,64,docvqa_57562,157.013,,,223.06,306.575,226.045,30.658,532.62,0.294794,11.0
guide,docvqa,1792,64,docvqa_32986,156.56,,,223.069,547.645,225.654,32.214,773.299,0.202457,18.0
guide,docvqa,1792,64,docvqa_57564,156.789,,,223.081,1887.349,225.549,29.958,2112.898,0.074206,64.0
guide,docvqa,1792,64,docvqa_49373,157.785,,,224.204,390.887,227.621,27.921,618.508,0.255106,15.0
guide,docvqa,1792,64,docvqa_16606,157.159,,,224.431,305.234,227.997,30.523,533.232,0.29473,11.0
guide,docvqa,1792,64,docvqa_223,157.022,,,225.004,395.885,227.582,30.453,623.468,0.251853,14.0
guide,docvqa,1792,64,docvqa_224,156.317,,,222.767,448.289,225.365,29.886,673.654,0.232044,16.0
guide,docvqa,1792,64,docvqa_16609,157.015,,,223.489,503.711,225.85,29.63,729.561,0.215218,18.0
guide,docvqa,1792,64,docvqa_57566,156.69,,,225.857,468.262,228.16,29.266,696.422,0.224994,17.0
guide,docvqa,1792,64,docvqa_16611,158.95,,,228.668,532.222,231.143,28.012,763.365,0.208222,20.0
guide,docvqa,1792,64,docvqa_49376,156.724,,,223.336,346.54,226.172,28.878,572.712,0.273652,13.0
guide,docvqa,1792,64,docvqa_49381,157.262,,,223.772,528.003,226.178,33.0,754.182,0.20852,17.0
guide,docvqa,1792,64,docvqa_32989,156.613,,,223.27,536.243,225.534,33.515,761.777,0.205588,17.0
guide,docvqa,1792,64,docvqa_231,156.053,,,222.431,1081.43,225.183,31.807,1306.612,0.119433,35.0
guide,docvqa,1792,64,docvqa_232,156.92,,,224.0,546.542,227.094,34.159,773.636,0.202835,17.0
guide,docvqa,1792,64,docvqa_32994,156.541,,,223.21,498.489,225.737,31.156,724.226,0.216149,17.0
guide,docvqa,1792,64,docvqa_234,156.388,,,222.683,1922.465,225.127,30.515,2147.592,0.07282,64.0
guide,docvqa,1792,64,docvqa_4931,156.684,,,223.19,597.252,225.71,29.863,822.962,0.190391,21.0
guide,docvqa,1792,64,docvqa_32995,156.546,,,222.902,473.485,225.37,29.593,698.854,0.224003,17.0
guide,docvqa,1792,64,docvqa_237,156.732,,,223.008,538.513,225.688,31.677,764.201,0.205093,18.0
guide,docvqa,1792,64,docvqa_49390,156.879,,,223.667,201.315,226.488,28.759,427.803,0.366708,8.0
guide,docvqa,1792,64,docvqa_49391,157.556,,,505.493,711.94,509.303,32.361,1221.244,0.129013,23.0
guide,docvqa,1792,64,docvqa_49392,156.622,,,222.609,380.151,225.213,31.679,605.364,0.258724,13.0
guide,docvqa,1792,64,docvqa_49393,156.691,,,223.407,597.757,226.14,35.162,823.897,0.190182,18.0
guide,docvqa,1792,64,docvqa_49394,157.696,,,223.92,412.672,226.682,27.511,639.354,0.246649,16.0
guide,docvqa,1792,64,docvqa_49395,156.698,,,223.007,627.207,225.413,31.36,852.62,0.183785,21.0
guide,docvqa,1792,64,docvqa_49396,157.006,,,224.251,651.409,227.447,31.019,878.856,0.178648,22.0
guide,docvqa,1792,64,docvqa_49397,156.789,,,229.358,442.785,231.956,29.519,674.741,0.232369,16.0
guide,docvqa,1792,64,docvqa_49398,156.366,,,229.357,372.247,231.587,28.634,603.835,0.258955,14.0
guide,docvqa,1792,64,docvqa_49399,156.464,,,222.467,356.038,224.761,35.604,580.798,0.269394,11.0
guide,docvqa,1792,64,docvqa_49400,156.348,,,222.577,759.032,224.747,30.361,983.779,0.158926,26.0
guide,docvqa,1792,64,docvqa_49401,156.559,,,230.617,492.769,232.932,30.798,725.701,0.215735,17.0
guide,docvqa,1792,64,docvqa_49402,156.678,,,222.571,927.961,224.709,30.932,1152.67,0.135926,31.0
guide,docvqa,1792,64,docvqa_49403,156.661,,,223.342,327.048,225.578,36.339,552.625,0.283484,10.0
guide,docvqa,1792,64,docvqa_49404,156.579,,,223.016,801.707,225.415,33.404,1027.122,0.152445,25.0
guide,docvqa,1792,64,docvqa_254,156.414,,,223.172,554.484,225.463,32.617,779.947,0.200544,18.0
guide,docvqa,1792,64,docvqa_255,156.526,,,222.766,430.71,224.952,28.714,655.662,0.23873,16.0
guide,docvqa,1792,64,docvqa_256,156.564,,,223.986,522.247,226.132,29.014,748.379,0.209204,19.0
guide,docvqa,1792,64,docvqa_49406,156.591,,,223.05,522.806,225.205,34.854,748.011,0.209343,16.0
guide,docvqa,1792,64,docvqa_265,156.557,,,222.651,1000.708,224.876,28.592,1225.584,0.127741,36.0
guide,docvqa,1792,64,docvqa_266,156.552,,,224.673,520.496,226.901,32.531,747.397,0.209463,17.0
guide,docvqa,1792,64,docvqa_267,156.608,,,222.826,801.41,225.121,30.823,1026.531,0.15256,27.0
guide,docvqa,1792,64,docvqa_271,157.191,,,223.556,481.373,226.448,30.086,707.821,0.222077,17.0
guide,docvqa,1792,64,docvqa_49432,156.731,,,223.257,1131.202,225.489,30.573,1356.691,0.115524,38.0
guide,docvqa,1792,64,docvqa_283,156.684,,,222.947,613.795,225.584,29.228,839.379,0.186667,22.0
guide,docvqa,1792,64,docvqa_284,156.639,,,223.885,843.803,226.14,30.136,1069.943,0.146399,29.0
guide,docvqa,1792,64,docvqa_285,156.941,,,224.624,439.88,227.018,29.325,666.898,0.235329,16.0
guide,docvqa,1792,64,docvqa_49437,156.543,,,222.942,428.883,225.398,30.634,654.281,0.239259,15.0
guide,docvqa,1792,64,docvqa_49442,158.455,,,230.088,423.104,232.389,30.222,655.493,0.241734,15.0
guide,docvqa,1792,64,docvqa_292,156.401,,,222.875,845.626,225.359,30.201,1070.985,0.146034,29.0
guide,docvqa,1792,64,docvqa_296,156.577,,,224.657,445.882,227.16,31.849,673.042,0.232642,15.0
guide,docvqa,1792,64,docvqa_297,156.436,,,222.886,529.052,225.44,33.066,754.492,0.207339,17.0
guide,docvqa,1792,64,docvqa_298,156.616,,,224.127,309.968,226.618,28.179,536.587,0.291874,12.0
guide,docvqa,1792,64,docvqa_49449,156.706,,,223.487,451.261,225.986,28.204,677.247,0.231387,17.0
guide,docvqa,1792,64,docvqa_300,156.542,,,223.31,563.814,225.637,29.674,789.451,0.198292,20.0
guide,docvqa,1792,64,docvqa_49454,156.636,,,223.091,568.957,225.363,29.945,794.319,0.197195,20.0
guide,docvqa,1792,64,docvqa_303,156.625,,,223.673,525.058,226.003,32.816,751.06,0.208538,17.0
guide,docvqa,1792,64,docvqa_304,155.987,,,222.287,845.478,224.803,31.314,1070.282,0.145744,28.0
guide,docvqa,1792,64,docvqa_305,156.573,,,222.904,558.076,225.425,31.004,783.501,0.199838,19.0
guide,docvqa,1792,64,docvqa_49455,156.775,,,223.169,1196.268,225.857,30.674,1422.125,0.11024,40.0
guide,docvqa,1792,64,docvqa_307,156.626,,,223.678,416.095,226.468,27.74,642.562,0.243752,16.0
guide,docvqa,1792,64,docvqa_49461,156.481,,,222.689,566.127,225.109,29.796,791.235,0.197768,20.0
guide,docvqa,1792,64,docvqa_49465,156.602,,,231.107,605.813,233.675,28.848,839.488,0.186545,22.0
guide,docvqa,1792,64,docvqa_317,156.702,,,225.092,276.412,228.466,27.641,504.878,0.310376,11.0
guide,docvqa,1792,64,docvqa_319,156.507,,,222.564,653.156,224.835,31.103,877.992,0.178255,22.0
guide,docvqa,1792,64,docvqa_320,156.772,,,223.557,1924.465,226.035,30.547,2150.5,0.0729,64.0
guide,docvqa,1792,64,docvqa_321,156.847,,,226.52,1948.136,228.88,30.923,2177.016,0.072047,64.0
guide,docvqa,1792,64,docvqa_345,156.537,,,222.771,378.604,225.662,31.55,604.266,0.259053,13.0
guide,docvqa,1792,64,docvqa_346,156.685,,,226.98,816.068,229.479,31.387,1045.548,0.149859,27.0
guide,docvqa,1792,64,docvqa_347,156.727,,,222.837,745.368,225.095,31.057,970.463,0.161497,25.0
guide,docvqa,1792,64,docvqa_348,157.007,,,223.156,593.34,226.685,29.667,820.024,0.191466,21.0
guide,docvqa,1792,64,docvqa_6943,156.472,,,222.749,512.284,225.077,32.018,737.361,0.212205,17.0
guide,docvqa,1792,64,docvqa_357,156.624,,,222.664,392.536,224.963,32.711,617.499,0.253642,13.0
guide,docvqa,1792,64,docvqa_358,156.451,,,223.644,490.541,225.845,32.703,716.386,0.218389,16.0
guide,docvqa,1792,64,docvqa_359,156.414,,,222.749,483.444,225.446,30.215,708.89,0.220646,17.0
guide,docvqa,1792,64,docvqa_360,156.665,,,222.998,630.462,225.286,31.523,855.748,0.183074,21.0
guide,docvqa,1792,64,docvqa_361,156.581,,,222.874,995.557,225.628,31.111,1221.184,0.12822,33.0
guide,docvqa,1792,64,docvqa_362,156.656,,,223.04,630.844,225.716,30.04,856.56,0.18289,22.0
guide,docvqa,1792,64,docvqa_363,157.374,,,224.395,548.877,228.062,30.493,776.939,0.202557,19.0
guide,docvqa,1792,64,docvqa_364,160.22,,,226.904,1148.83,230.369,34.813,1379.199,0.116169,34.0
guide,docvqa,1792,64,docvqa_365,156.656,,,223.547,855.037,226.034,34.201,1081.071,0.144908,26.0
guide,docvqa,1792,64,docvqa_8560,156.903,,,223.216,600.199,226.094,31.589,826.293,0.189888,20.0
guide,docvqa,1792,64,docvqa_4958,156.547,,,222.78,531.2,225.227,33.2,756.427,0.206955,17.0
guide,docvqa,1792,64,docvqa_8565,156.79,,,223.328,802.594,225.801,30.869,1028.395,0.152461,27.0
guide,docvqa,1792,64,docvqa_4959,156.705,,,222.993,139.786,225.507,27.957,365.293,0.428986,6.0
guide,docvqa,1792,64,docvqa_375,156.73,,,223.083,633.62,225.604,30.172,859.225,0.182409,22.0
guide,docvqa,1792,64,docvqa_376,156.341,,,222.503,631.993,225.245,28.727,857.238,0.182378,23.0
guide,docvqa,1792,64,docvqa_377,156.631,,,222.703,992.182,225.102,31.006,1217.284,0.128672,33.0
guide,docvqa,1792,64,docvqa_49528,156.517,,,222.853,220.616,225.317,27.577,445.933,0.350987,9.0
guide,docvqa,1792,64,docvqa_49530,156.566,,,223.025,298.211,225.512,37.276,523.723,0.298948,9.0
guide,docvqa,1792,64,docvqa_49532,156.711,,,222.658,511.21,224.965,30.071,736.175,0.212872,18.0
guide,docvqa,1792,64,docvqa_24499,156.524,,,222.536,1854.04,224.833,29.429,2078.873,0.075293,64.0
guide,docvqa,1792,64,docvqa_49534,156.674,,,222.878,655.223,225.582,34.485,880.805,0.177876,20.0
guide,docvqa,1792,64,docvqa_383,156.674,,,223.616,1166.453,225.911,29.161,1392.364,0.112523,41.0
guide,docvqa,1792,64,docvqa_384,156.55,,,222.747,1508.08,225.338,31.418,1733.418,0.090313,49.0
guide,docvqa,1792,64,docvqa_385,157.121,,,223.721,2016.951,226.407,32.015,2243.358,0.070038,64.0
guide,docvqa,1792,64,docvqa_49536,156.541,,,222.701,1343.174,225.397,30.527,1568.571,0.099799,45.0
guide,docvqa,1792,64,docvqa_24500,156.659,,,222.671,1334.976,224.985,30.34,1559.96,0.100425,45.0
guide,docvqa,1792,64,docvqa_33153,156.542,,,222.628,703.766,225.277,29.324,929.042,0.168499,25.0
guide,docvqa,1792,64,docvqa_57733,156.52,,,223.101,802.514,225.601,32.101,1028.115,0.15224,26.0
guide,docvqa,1792,64,docvqa_49542,156.71,,,222.977,541.944,225.17,31.879,767.114,0.204286,18.0
guide,docvqa,1792,64,docvqa_33158,156.352,,,222.418,308.932,224.568,30.893,533.5,0.293068,11.0
guide,docvqa,1792,64,docvqa_49544,158.109,,,225.006,945.187,228.053,31.506,1173.24,0.134763,31.0
guide,docvqa,1792,64,docvqa_58694,156.497,,,222.939,631.602,225.095,33.242,856.697,0.182674,20.0
guide,docvqa,1792,64,docvqa_49546,156.545,,,223.204,1903.267,225.5,30.211,2128.767,0.073538,64.0
guide,docvqa,1792,64,docvqa_395,156.631,,,224.628,332.439,226.953,30.222,559.392,0.280002,12.0
guide,docvqa,1792,64,docvqa_396,156.4,,,224.117,644.474,226.401,30.689,870.875,0.17959,22.0
guide,docvqa,1792,64,docvqa_397,158.513,,,225.284,649.366,229.558,30.922,878.924,0.180349,22.0
guide,docvqa,1792,64,docvqa_49550,158.719,,,230.833,1592.334,233.164,31.222,1825.498,0.086946,52.0
guide,docvqa,1792,64,docvqa_58695,156.626,,,224.005,695.213,226.289,30.227,921.502,0.169968,24.0
guide,docvqa,1792,64,docvqa_398,156.425,,,222.823,450.025,225.057,34.617,675.081,0.231713,14.0
guide,docvqa,1792,64,docvqa_49555,156.757,,,223.238,959.002,226.431,29.061,1185.433,0.132236,34.0
guide,docvqa,1792,64,docvqa_16789,156.61,,,230.027,720.328,232.512,30.014,952.84,0.164361,25.0
guide,docvqa,1792,64,docvqa_407,156.417,,,222.764,430.386,225.216,33.107,655.602,0.238585,14.0
guide,docvqa,1792,64,docvqa_49560,156.661,,,223.355,800.531,226.352,29.649,1026.883,0.15256,28.0
guide,docvqa,1792,64,docvqa_408,156.548,,,223.924,451.324,226.637,32.237,677.962,0.23091,15.0
guide,docvqa,1792,64,docvqa_409,156.439,,,224.177,624.542,226.721,29.74,851.263,0.183773,22.0
guide,docvqa,1792,64,docvqa_24505,156.707,,,223.771,442.604,226.179,27.663,668.782,0.234317,17.0
guide,docvqa,1792,64,docvqa_410,156.699,,,223.318,768.996,231.21,29.577,1000.206,0.156667,27.0
guide,docvqa,1792,64,docvqa_49565,158.138,,,224.28,338.075,226.719,28.173,564.795,0.279991,13.0
guide,docvqa,1792,64,docvqa_16801,156.516,,,225.403,319.952,227.815,35.55,547.768,0.285735,10.0
guide,docvqa,1792,64,docvqa_49569,156.545,,,222.756,422.657,225.151,32.512,647.808,0.241653,14.0
guide,docvqa,1792,64,docvqa_57765,156.672,,,222.924,584.771,225.177,29.239,809.949,0.193435,21.0
guide,docvqa,1792,64,docvqa_57766,156.865,,,223.188,519.639,225.997,32.477,745.636,0.210378,17.0
guide,docvqa,1792,64,docvqa_57767,156.529,,,222.772,447.255,225.245,34.404,672.5,0.232756,14.0
guide,docvqa,1792,64,docvqa_58700,156.979,,,223.287,639.684,225.891,30.461,865.575,0.181358,22.0
guide,docvqa,1792,64,docvqa_49574,156.565,,,222.698,525.269,225.063,27.646,750.332,0.208661,20.0
guide,docvqa,1792,64,docvqa_57770,156.683,,,223.038,385.313,225.553,27.522,610.866,0.256494,15.0
guide,docvqa,1792,64,docvqa_57771,156.821,,,223.351,1729.681,225.521,29.317,1955.202,0.080207,60.0
guide,docvqa,1792,64,docvqa_49579,156.863,,,223.162,451.895,225.903,30.126,677.798,0.23143,16.0
guide,docvqa,1792,64,docvqa_49577,156.878,,,222.789,346.696,225.915,31.518,572.61,0.273971,12.0
guide,docvqa,1792,64,docvqa_49583,156.571,,,223.219,589.597,225.438,31.031,815.035,0.192104,20.0
guide,docvqa,1792,64,docvqa_431,156.79,,,223.2,762.964,225.61,28.258,988.574,0.158602,28.0
guide,docvqa,1792,64,docvqa_58702,156.242,,,222.572,517.123,224.936,28.729,742.059,0.210552,19.0
guide,docvqa,1792,64,docvqa_49586,156.762,,,230.166,1841.635,232.696,29.232,2074.33,0.075572,64.0
guide,docvqa,1792,64,docvqa_432,157.053,,,223.311,553.366,225.756,29.125,779.122,0.201576,20.0
guide,docvqa,1792,64,docvqa_57780,156.453,,,222.836,500.931,225.215,33.395,726.146,0.215457,16.0
guide,docvqa,1792,64,docvqa_57781,156.677,,,223.431,446.353,225.95,31.882,672.303,0.233044,15.0
guide,docvqa,1792,64,docvqa_57782,158.111,,,228.122,1871.371,232.662,29.704,2104.033,0.075147,64.0
guide,docvqa,1792,64,docvqa_57783,156.527,,,222.615,504.79,224.871,29.694,729.661,0.21452,18.0
guide,docvqa,1792,64,docvqa_57784,156.758,,,222.812,1351.818,224.956,30.04,1576.774,0.099417,46.0
guide,docvqa,1792,64,docvqa_433,157.03,,,224.682,546.81,227.069,27.341,773.879,0.202913,21.0
guide,docvqa,1792,64,docvqa_16826,157.096,,,223.377,434.063,228.788,27.129,662.851,0.237001,17.0
guide,docvqa,1792,64,docvqa_57786,156.936,,,224.552,501.372,227.565,31.336,728.937,0.215294,17.0
guide,docvqa,1792,64,docvqa_49595,156.648,,,226.749,788.013,229.956,31.521,1017.969,0.153883,26.0
guide,docvqa,1792,64,docvqa_444,156.597,,,222.962,465.919,225.234,27.407,691.153,0.226574,18.0
guide,docvqa,1792,64,docvqa_16830,156.759,,,223.435,722.813,226.134,32.855,948.947,0.165192,23.0
guide,docvqa,1792,64,docvqa_16831,157.11,,,223.191,680.628,226.469,30.938,907.097,0.173201,23.0
guide,docvqa,1792,64,docvqa_16832,156.686,,,223.27,508.562,225.594,33.904,734.156,0.213423,16.0
guide,docvqa,1792,64,docvqa_57790,156.608,,,222.841,231.756,225.069,28.969,456.824,0.34282,9.0
guide,docvqa,1792,64,docvqa_57791,156.829,,,223.368,832.054,226.13,32.002,1058.184,0.148206,27.0
guide,docvqa,1792,64,docvqa_16835,156.758,,,222.999,577.832,225.896,30.412,803.729,0.195039,20.0
guide,docvqa,1792,64,docvqa_450,156.571,,,222.912,463.622,225.421,33.116,689.043,0.22723,15.0
guide,docvqa,1792,64,docvqa_16837,156.577,,,226.655,552.822,229.059,34.551,781.882,0.200256,17.0
guide,docvqa,1792,64,docvqa_57798,156.947,,,223.37,812.413,226.51,30.089,1038.923,0.151067,28.0
guide,docvqa,1792,64,docvqa_16839,156.768,,,223.3,614.128,225.931,34.118,840.058,0.186616,19.0
guide,docvqa,1792,64,docvqa_57799,156.793,,,223.251,649.362,225.676,32.468,875.039,0.179185,21.0
guide,docvqa,1792,64,docvqa_57800,156.735,,,226.406,904.78,228.747,29.186,1133.527,0.138272,32.0
guide,docvqa,1792,64,docvqa_57801,156.047,,,223.426,585.05,225.865,30.792,810.915,0.192433,20.0
guide,docvqa,1792,64,docvqa_57803,160.101,,,232.502,490.669,234.948,30.667,725.617,0.220642,17.0
guide,docvqa,1792,64,docvqa_57804,155.902,,,222.322,287.674,224.739,31.964,512.413,0.304251,10.0
guide,docvqa,1792,64,docvqa_57805,156.014,,,222.45,1355.976,225.287,30.818,1581.262,0.098664,45.0
guide,docvqa,1792,64,docvqa_49605,156.471,,,223.418,634.235,225.731,31.712,859.965,0.181951,21.0
guide,docvqa,1792,64,docvqa_57807,159.9,,,226.909,401.667,230.179,28.69,631.846,0.253068,15.0
guide,docvqa,1792,64,docvqa_57808,156.552,,,222.816,440.19,225.095,27.512,665.285,0.235316,17.0
guide,docvqa,1792,64,docvqa_49617,156.528,,,222.606,815.492,224.855,32.62,1040.347,0.150458,26.0
guide,docvqa,1792,64,docvqa_57810,156.501,,,222.632,652.888,224.991,29.677,877.879,0.178271,23.0
guide,docvqa,1792,64,docvqa_41421,157.38,,,223.959,519.575,227.592,32.473,747.167,0.210635,17.0
guide,docvqa,1792,64,docvqa_461,156.538,,,223.513,1937.782,226.138,30.758,2163.92,0.07234,64.0
guide,docvqa,1792,64,docvqa_463,156.444,,,228.243,1895.771,230.647,30.092,2126.418,0.073572,64.0
guide,docvqa,1792,64,docvqa_4977,163.963,,,231.453,345.917,234.84,31.447,580.757,0.282326,12.0
guide,docvqa,1792,64,docvqa_57815,156.744,,,223.209,529.097,225.501,31.123,754.598,0.207719,18.0
guide,docvqa,1792,64,docvqa_4978,156.54,,,222.925,526.491,225.207,32.906,751.698,0.208249,17.0
guide,docvqa,1792,64,docvqa_57817,156.537,,,229.347,867.245,231.827,29.905,1099.072,0.142427,30.0
guide,docvqa,1792,64,docvqa_41434,157.161,,,236.506,375.333,238.881,28.872,614.214,0.255874,14.0
guide,docvqa,1792,64,docvqa_57819,156.549,,,222.887,695.929,225.132,31.633,921.061,0.169966,23.0
guide,docvqa,1792,64,docvqa_57820,156.797,,,224.638,359.069,227.328,27.621,586.397,0.267391,14.0
guide,docvqa,1792,64,docvqa_57821,156.636,,,223.767,430.731,226.26,33.133,656.991,0.238414,14.0
guide,docvqa,1792,64,docvqa_57822,156.467,,,222.786,639.482,225.226,29.067,864.708,0.180948,23.0
guide,docvqa,1792,64,docvqa_57823,156.597,,,224.609,502.177,227.188,31.386,729.365,0.214703,17.0
guide,docvqa,1792,64,docvqa_49629,156.845,,,223.652,475.378,226.208,31.692,701.586,0.223558,16.0
guide,docvqa,1792,64,docvqa_57825,156.787,,,225.032,388.638,227.497,27.76,616.135,0.254468,15.0
guide,docvqa,1792,64,docvqa_57826,157.124,,,223.45,415.009,227.555,27.667,642.564,0.244526,16.0
guide,docvqa,1792,64,docvqa_57827,157.212,,,223.633,627.358,227.008,31.368,854.365,0.18401,21.0
guide,docvqa,1792,64,docvqa_476,156.7,,,223.342,284.783,225.806,31.643,510.589,0.3069,10.0
guide,docvqa,1792,64,docvqa_4980,156.681,,,224.143,883.058,226.729,32.706,1109.786,0.141181,28.0
guide,docvqa,1792,64,docvqa_57833,156.697,,,224.088,271.969,226.391,33.996,498.361,0.314425,9.0
guide,docvqa,1792,64,docvqa_41449,156.636,,,223.888,527.115,226.518,32.945,753.633,0.207841,17.0
guide,docvqa,1792,64,docvqa_57835,156.699,,,229.389,477.382,232.066,29.836,709.448,0.220874,17.0
guide,docvqa,1792,64,docvqa_57836,156.8,,,223.008,367.633,225.845,33.421,593.479,0.264205,12.0
guide,docvqa,1792,64,docvqa_57837,156.61,,,224.316,345.675,227.14,31.425,572.816,0.273404,12.0
guide,docvqa,1792,64,docvqa_57838,156.766,,,225.109,255.883,227.719,28.431,483.602,0.324164,10.0
guide,docvqa,1792,64,docvqa_49643,156.579,,,222.619,741.052,224.953,32.22,966.005,0.162089,24.0
guide,docvqa,1792,64,docvqa_57841,156.592,,,223.055,250.268,225.835,27.808,476.102,0.328904,10.0
guide,docvqa,1792,64,docvqa_57843,156.756,,,223.269,273.679,225.92,30.409,499.6,0.313763,10.0
guide,docvqa,1792,64,docvqa_57844,157.046,,,223.762,687.3,226.872,27.492,914.171,0.17179,26.0
guide,docvqa,1792,64,docvqa_57845,156.59,,,223.474,606.481,225.995,33.693,832.476,0.188102,19.0
guide,docvqa,1792,64,docvqa_57853,157.117,,,223.366,454.468,226.636,28.404,681.104,0.23068,17.0
guide,docvqa,1792,64,docvqa_57854,158.435,,,233.936,632.614,236.139,30.124,868.753,0.182371,22.0
guide,docvqa,1792,64,docvqa_57855,156.617,,,231.775,574.251,234.01,30.224,808.261,0.19377,20.0
guide,docvqa,1792,64,docvqa_57857,156.516,,,222.438,1014.97,224.639,31.718,1239.609,0.126263,33.0
guide,docvqa,1792,64,docvqa_57858,156.727,,,223.414,738.1,225.654,32.091,963.754,0.162621,24.0
guide,docvqa,1792,64,docvqa_45694,156.488,,,222.723,717.37,224.904,31.19,942.274,0.166075,24.0
guide,docvqa,1792,64,docvqa_55464,155.999,,,224.175,1215.582,226.437,31.169,1442.019,0.108181,40.0
guide,docvqa,1792,64,docvqa_57880,157.19,,,223.457,681.578,228.357,30.981,909.935,0.172748,23.0
guide,docvqa,1792,64,docvqa_57881,157.106,,,223.506,552.109,225.884,32.477,777.993,0.201937,18.0
guide,docvqa,1792,64,docvqa_57882,156.505,,,223.203,553.12,226.826,32.536,779.945,0.200661,18.0
guide,docvqa,1792,64,docvqa_57883,156.392,,,223.93,1007.742,226.3,28.793,1234.042,0.126732,36.0
guide,docvqa,1792,64,docvqa_57884,156.726,,,223.096,430.689,225.519,30.763,656.208,0.238835,15.0
guide,docvqa,1792,64,docvqa_57885,158.577,,,227.884,357.122,231.282,27.471,588.404,0.269504,14.0
guide,docvqa,1792,64,docvqa_57886,156.503,,,222.801,551.931,225.048,30.663,776.979,0.201425,19.0
guide,docvqa,1792,64,docvqa_57887,157.87,,,230.359,542.472,233.46,30.137,775.932,0.203458,19.0
guide,docvqa,1792,64,docvqa_57888,157.183,,,232.036,635.552,235.248,27.633,870.8,0.180504,24.0
guide,docvqa,1792,64,docvqa_57889,156.639,,,226.227,437.736,228.447,33.672,666.183,0.235129,14.0
guide,docvqa,1792,64,docvqa_57890,156.746,,,223.077,540.552,225.302,31.797,765.854,0.204668,18.0
guide,docvqa,1792,64,docvqa_57891,156.663,,,223.025,788.441,225.339,32.852,1013.78,0.154534,25.0
guide,docvqa,1792,64,docvqa_553,156.622,,,222.887,418.122,225.161,32.163,643.284,0.243472,14.0
guide,docvqa,1792,64,docvqa_554,156.536,,,223.088,865.786,225.41,32.066,1091.196,0.143454,28.0
guide,docvqa,1792,64,docvqa_555,157.154,,,223.904,696.188,226.902,31.645,923.09,0.170247,23.0
guide,docvqa,1792,64,docvqa_57899,157.295,,,224.192,605.718,227.742,33.651,833.461,0.188725,19.0
guide,docvqa,1792,64,docvqa_57900,156.591,,,227.808,502.918,230.037,27.94,732.955,0.213644,19.0
guide,docvqa,1792,64,docvqa_57901,156.331,,,222.66,1040.687,224.881,31.536,1265.568,0.123527,34.0
guide,docvqa,1792,64,docvqa_57902,156.307,,,222.872,295.614,225.091,29.561,520.705,0.300183,11.0
guide,docvqa,1792,64,docvqa_57903,156.431,,,222.689,684.63,224.888,31.12,909.517,0.171993,23.0
guide,docvqa,1792,64,docvqa_57904,156.966,,,223.769,1972.766,226.502,31.314,2199.268,0.071372,64.0
guide,docvqa,1792,64,docvqa_57905,156.539,,,222.794,600.244,225.207,31.592,825.451,0.18964,20.0
guide,docvqa,1792,64,docvqa_581,157.88,,,233.681,337.752,236.171,28.146,573.922,0.27509,13.0
guide,docvqa,1792,64,docvqa_582,156.742,,,223.285,1051.221,225.817,30.035,1277.037,0.122739,36.0
guide,docvqa,1792,64,docvqa_583,156.303,,,222.457,464.873,224.723,33.205,689.596,0.226659,15.0
guide,docvqa,1792,64,docvqa_57928,156.444,,,224.926,306.166,227.989,34.018,534.155,0.29288,10.0
guide,docvqa,1792,64,docvqa_57929,156.55,,,223.083,1905.337,225.8,30.243,2131.137,0.073459,64.0
guide,docvqa,1792,64,docvqa_584,156.548,,,222.814,512.919,225.187,34.195,738.106,0.212094,16.0
guide,docvqa,1792,64,docvqa_57931,156.466,,,224.456,192.036,226.999,32.006,419.035,0.373395,7.0
guide,docvqa,1792,64,docvqa_57933,156.5,,,222.753,370.373,225.093,28.49,595.466,0.26282,14.0
guide,docvqa,1792,64,docvqa_57934,156.702,,,223.905,558.938,226.606,31.052,785.544,0.199482,19.0
guide,docvqa,1792,64,docvqa_596,156.698,,,223.373,755.512,225.698,30.22,981.21,0.159699,26.0
guide,docvqa,1792,64,docvqa_597,156.612,,,222.867,387.059,225.134,27.647,612.194,0.255821,15.0
guide,docvqa,1792,64,docvqa_598,156.404,,,222.773,1420.232,225.209,31.561,1645.441,0.095053,46.0
guide,docvqa,1792,64,docvqa_599,156.75,,,223.287,1814.411,225.943,30.753,2040.354,0.076825,60.0
guide,docvqa,1792,64,docvqa_600,156.914,,,223.411,279.084,227.386,27.908,506.471,0.309818,11.0
guide,docvqa,1792,64,docvqa_601,156.678,,,225.847,1475.991,227.98,30.122,1703.971,0.091948,50.0
guide,docvqa,1792,64,docvqa_16981,156.619,,,223.09,485.532,225.757,30.346,711.289,0.22019,17.0
guide,docvqa,1792,64,docvqa_16990,156.596,,,223.018,564.111,225.438,29.69,789.549,0.198336,20.0
guide,docvqa,1792,64,docvqa_57951,156.753,,,224.608,266.198,227.506,33.275,493.704,0.317504,9.0
guide,docvqa,1792,64,docvqa_57952,156.443,,,222.708,434.717,225.237,28.981,659.954,0.237051,16.0
guide,docvqa,1792,64,docvqa_57954,156.904,,,224.546,470.907,228.15,29.432,699.058,0.224451,17.0
guide,docvqa,1792,64,docvqa_57955,156.533,,,231.714,391.398,234.499,30.108,625.897,0.250094,14.0
guide,docvqa,1792,64,docvqa_610,156.554,,,222.847,1872.359,225.36,30.199,2097.719,0.074631,63.0
guide,docvqa,1792,64,docvqa_611,156.497,,,222.785,827.532,225.162,29.555,1052.694,0.148663,29.0
guide,docvqa,1792,64,docvqa_612,156.506,,,223.648,928.309,225.921,32.011,1154.23,0.135593,30.0
guide,docvqa,1792,64,docvqa_613,156.629,,,223.311,1540.046,225.772,30.801,1765.817,0.088701,51.0
guide,docvqa,1792,64,docvqa_16999,156.372,,,222.425,562.832,224.837,29.623,787.669,0.198525,20.0
guide,docvqa,1792,64,docvqa_17000,156.696,,,223.086,372.82,225.695,31.068,598.516,0.261808,13.0
guide,docvqa,1792,64,docvqa_17001,156.757,,,223.146,226.549,226.924,28.319,453.473,0.345681,9.0
guide,docvqa,1792,64,docvqa_57963,156.877,,,223.11,1270.263,226.398,30.982,1496.661,0.104818,42.0
guide,docvqa,1792,64,docvqa_57964,156.239,,,222.099,1515.213,224.527,32.239,1739.74,0.089806,48.0
guide,docvqa,1792,64,docvqa_57965,156.303,,,222.47,1973.372,224.818,31.323,2198.19,0.071105,64.0
guide,docvqa,1792,64,docvqa_17002,156.252,,,222.4,400.737,224.742,30.826,625.479,0.249812,14.0
guide,docvqa,1792,64,docvqa_17003,157.022,,,223.406,739.513,226.69,30.813,966.204,0.162514,25.0
guide,docvqa,1792,64,docvqa_17004,156.564,,,222.938,550.167,225.269,28.956,775.436,0.201905,20.0
guide,docvqa,1792,64,docvqa_57969,158.387,,,233.652,267.897,238.528,29.766,506.424,0.312756,10.0
guide,docvqa,1792,64,docvqa_17005,156.191,,,222.619,552.103,224.873,36.807,776.976,0.201025,16.0
guide,docvqa,1792,64,docvqa_57971,156.534,,,224.027,637.847,226.66,30.374,864.507,0.181067,22.0
guide,docvqa,1792,64,docvqa_17007,156.576,,,224.413,780.418,226.648,30.016,1007.067,0.155478,27.0
guide,docvqa,1792,64,docvqa_57973,156.82,,,223.614,393.046,226.129,30.234,619.175,0.253273,14.0
guide,docvqa,1792,64,docvqa_57974,156.628,,,223.778,475.974,226.338,27.998,702.312,0.223018,18.0
guide,docvqa,1792,64,docvqa_57975,156.34,,,224.735,608.926,227.199,32.049,836.125,0.186981,20.0
guide,docvqa,1792,64,docvqa_57976,156.459,,,222.852,499.73,225.124,29.396,724.854,0.215848,18.0
guide,docvqa,1792,64,docvqa_57977,156.645,,,223.127,652.109,225.373,32.605,877.482,0.178517,21.0
guide,docvqa,1792,64,docvqa_57978,156.449,,,222.826,714.985,225.042,31.086,940.027,0.16643,24.0
guide,docvqa,1792,64,docvqa_636,156.464,,,223.017,1895.083,225.229,30.081,2120.312,0.073793,64.0
guide,docvqa,1792,64,docvqa_637,156.551,,,222.745,591.503,225.246,28.167,816.748,0.191676,22.0
guide,docvqa,1792,64,docvqa_639,156.98,,,225.277,1684.126,227.943,30.074,1912.069,0.082099,57.0
guide,docvqa,1792,64,docvqa_57985,156.851,,,223.726,676.496,226.217,33.825,902.713,0.173756,21.0
guide,docvqa,1792,64,docvqa_57986,156.338,,,222.907,2006.81,225.436,31.854,2232.246,0.070036,64.0
guide,docvqa,1792,64,docvqa_57987,156.699,,,225.366,1653.789,227.678,29.532,1881.467,0.083286,57.0
guide,docvqa,1792,64,docvqa_57989,156.752,,,223.425,652.132,226.885,32.607,879.018,0.178327,21.0
guide,docvqa,1792,64,docvqa_650,156.446,,,223.047,433.149,225.407,28.877,658.556,0.237558,16.0
guide,docvqa,1792,64,docvqa_651,156.406,,,223.057,686.818,225.334,32.706,912.152,0.171469,22.0
guide,docvqa,1792,64,docvqa_58007,156.36,,,222.264,666.16,224.515,30.28,890.675,0.175553,23.0
guide,docvqa,1792,64,docvqa_58009,156.476,,,223.426,219.13,225.796,27.391,444.926,0.351689,9.0
guide,docvqa,1792,64,docvqa_58018,156.541,,,227.678,1851.537,230.768,29.864,2082.306,0.075177,63.0
guide,docvqa,1792,64,docvqa_674,156.521,,,222.659,357.255,224.906,27.481,582.161,0.268862,14.0
guide,docvqa,1792,64,docvqa_57122,160.679,,,229.336,353.624,233.547,27.202,587.171,0.27365,14.0
guide,docvqa,1792,64,docvqa_58020,156.462,,,222.636,327.569,224.988,32.757,552.558,0.28316,11.0
guide,docvqa,1792,64,docvqa_58021,156.53,,,222.734,302.354,225.014,30.235,527.368,0.296814,11.0
guide,docvqa,1792,64,docvqa_58022,156.401,,,222.703,577.533,225.007,28.877,802.541,0.194882,21.0
guide,docvqa,1792,64,docvqa_58023,156.62,,,227.011,597.899,229.398,29.895,827.297,0.189315,21.0
guide,docvqa,1792,64,docvqa_58024,159.792,,,226.193,582.782,232.575,27.752,815.356,0.195978,22.0
guide,docvqa,1792,64,docvqa_675,156.568,,,222.728,1954.904,225.228,31.03,2180.132,0.071816,64.0
guide,docvqa,1792,64,docvqa_676,156.634,,,228.314,341.079,230.851,31.007,571.93,0.273868,12.0
guide,docvqa,1792,64,docvqa_677,156.358,,,224.211,816.537,226.49,29.162,1043.027,0.149908,29.0
guide,docvqa,1792,64,docvqa_58029,156.688,,,223.233,382.545,226.351,31.879,608.897,0.257331,13.0
guide,docvqa,1792,64,docvqa_678,156.68,,,223.135,591.055,225.529,29.553,816.584,0.191872,21.0
guide,docvqa,1792,64,docvqa_58054,156.54,,,224.287,1185.123,226.654,29.628,1411.777,0.110882,41.0
guide,docvqa,1792,64,docvqa_58056,156.51,,,226.218,976.932,228.584,31.514,1205.516,0.129829,32.0
guide,docvqa,1792,64,docvqa_58059,156.649,,,223.052,540.992,225.526,31.823,766.519,0.204364,18.0
guide,docvqa,1792,64,docvqa_58061,156.661,,,222.875,1841.708,225.261,29.233,2066.969,0.075793,64.0
guide,docvqa,1792,64,docvqa_58064,156.453,,,224.461,480.739,226.714,30.046,707.454,0.221149,17.0
guide,docvqa,1792,64,docvqa_41686,156.415,,,222.302,305.58,224.585,27.78,530.165,0.29503,12.0
guide,docvqa,1792,64,docvqa_41687,156.919,,,223.211,738.393,225.398,30.766,963.79,0.162814,25.0
guide,docvqa,1792,64,docvqa_41688,156.395,,,225.011,395.624,227.343,28.259,622.967,0.251049,15.0
guide,docvqa,1792,64,docvqa_41689,156.494,,,222.621,523.035,224.835,32.69,747.87,0.209252,17.0
guide,docvqa,1792,64,docvqa_41690,156.562,,,222.986,779.073,225.326,32.461,1004.399,0.155876,25.0
guide,docvqa,1792,64,docvqa_41691,156.694,,,223.628,535.984,225.98,29.777,761.964,0.205644,19.0
guide,docvqa,1792,64,docvqa_41693,157.374,,,223.938,720.592,227.065,31.33,947.657,0.166067,24.0
guide,docvqa,1792,64,docvqa_41694,156.59,,,223.553,578.179,225.918,30.43,804.096,0.19474,20.0
guide,docvqa,1792,64,docvqa_41695,156.759,,,223.298,599.054,226.05,29.953,825.104,0.189987,21.0
guide,docvqa,1792,64,docvqa_41705,156.776,,,223.454,430.078,226.056,30.72,656.134,0.238939,15.0
guide,docvqa,1792,64,docvqa_17132,157.897,,,224.147,763.463,227.598,31.811,991.061,0.159321,25.0
guide,docvqa,1792,64,docvqa_17133,156.55,,,222.988,495.728,225.7,33.049,721.428,0.217,16.0
guide,docvqa,1792,64,docvqa_17134,156.427,,,222.828,858.064,225.329,31.78,1083.393,0.144386,28.0
guide,docvqa,1792,64,docvqa_17135,156.578,,,222.853,545.934,225.17,30.33,771.104,0.203057,19.0
guide,docvqa,1792,64,docvqa_47368,156.886,,,223.647,377.836,225.886,31.486,603.723,0.259865,13.0
guide,docvqa,1792,64,docvqa_41715,156.509,,,222.758,429.701,224.966,30.693,654.667,0.239066,15.0
guide,docvqa,1792,64,docvqa_41716,156.622,,,223.094,436.317,225.342,31.166,661.66,0.236711,15.0
guide,docvqa,1792,64,docvqa_41717,156.489,,,224.433,482.62,226.669,34.473,709.289,0.220628,15.0
guide,docvqa,1792,64,docvqa_17139,157.463,,,224.014,451.375,226.438,30.092,677.814,0.23231,16.0
guide,docvqa,1792,64,docvqa_41719,157.016,,,223.256,647.234,226.706,30.821,873.941,0.179665,22.0
guide,docvqa,1792,64,docvqa_17140,156.803,,,223.606,470.595,225.988,33.614,696.583,0.225103,15.0
guide,docvqa,1792,64,docvqa_58105,156.492,,,222.774,305.131,225.402,30.513,530.533,0.294972,11.0
guide,docvqa,1792,64,docvqa_58106,156.585,,,222.997,495.393,225.262,30.962,720.655,0.217282,17.0
guide,docvqa,1792,64,docvqa_58107,156.449,,,222.529,381.424,224.914,27.245,606.339,0.258023,15.0
guide,docvqa,1792,64,docvqa_58108,156.705,,,224.011,713.886,226.942,29.745,940.828,0.166561,25.0
guide,docvqa,1792,64,docvqa_41721,156.733,,,223.259,689.326,226.152,32.825,915.478,0.171203,22.0
guide,docvqa,1792,64,docvqa_41723,156.603,,,223.791,424.97,226.197,26.561,651.167,0.240496,17.0
guide,docvqa,1792,64,docvqa_17143,156.679,,,223.433,548.091,225.957,34.256,774.048,0.202415,17.0
guide,docvqa,1792,64,docvqa_41728,156.698,,,222.948,696.719,225.133,31.669,921.852,0.169982,23.0
guide,docvqa,1792,64,docvqa_41729,156.427,,,223.657,464.214,225.872,27.307,690.087,0.226678,18.0
guide,docvqa,1792,64,docvqa_17147,156.512,,,224.035,675.405,226.276,30.7,901.682,0.173578,23.0
guide,docvqa,1792,64,docvqa_17149,156.534,,,222.764,463.521,224.994,33.109,688.515,0.22735,15.0
guide,docvqa,1792,64,docvqa_17150,156.523,,,223.18,376.616,225.97,31.385,602.586,0.259753,13.0
guide,docvqa,1792,64,docvqa_45744,156.077,,,224.014,1165.148,226.471,29.876,1391.619,0.112155,40.0
guide,docvqa,1792,64,docvqa_45745,156.743,,,223.283,1026.501,225.914,32.078,1252.415,0.125153,33.0
guide,docvqa,1792,64,docvqa_782,156.493,,,222.723,615.539,225.024,32.397,840.563,0.186176,20.0
guide,docvqa,1792,64,docvqa_783,156.536,,,224.216,491.178,226.45,30.699,717.628,0.218129,17.0
guide,docvqa,1792,64,docvqa_784,156.54,,,222.933,787.54,225.406,31.502,1012.946,0.154539,26.0
guide,docvqa,1792,64,docvqa_785,157.162,,,224.031,449.695,227.336,29.98,677.031,0.232134,16.0
guide,docvqa,1792,64,docvqa_786,156.663,,,224.991,279.38,227.66,27.938,507.04,0.308975,11.0
guide,docvqa,1792,64,docvqa_788,156.55,,,222.91,739.287,226.288,29.571,965.575,0.162131,26.0
guide,docvqa,1792,64,docvqa_789,155.769,,,226.494,1117.571,228.734,30.205,1346.305,0.115701,38.0
guide,docvqa,1792,64,docvqa_790,156.591,,,223.053,681.725,225.306,30.987,907.031,0.172641,23.0
guide,docvqa,1792,64,docvqa_60401,157.305,,,223.349,520.434,226.874,34.696,747.309,0.210496,16.0
guide,docvqa,1792,64,docvqa_792,156.517,,,222.728,841.988,224.99,31.185,1066.978,0.146692,28.0
guide,docvqa,1792,64,docvqa_793,156.587,,,222.949,410.064,225.334,31.543,635.398,0.246439,14.0
guide,docvqa,1792,64,docvqa_794,156.733,,,223.102,443.491,225.455,27.718,668.946,0.234298,17.0
guide,docvqa,1792,64,docvqa_41749,157.453,,,224.635,626.285,227.39,32.962,853.676,0.184441,20.0
guide,docvqa,1792,64,docvqa_41750,157.021,,,224.043,466.247,226.976,31.083,693.223,0.226509,16.0
guide,docvqa,1792,64,docvqa_45747,156.425,,,222.904,1211.605,225.191,31.884,1436.795,0.108871,39.0
guide,docvqa,1792,64,docvqa_60403,156.985,,,223.62,430.431,226.347,30.745,656.778,0.239022,15.0
guide,docvqa,1792,64,docvqa_60404,156.54,,,223.388,861.842,225.95,30.78,1087.793,0.143906,29.0
guide,docvqa,1792,64,docvqa_809,156.549,,,222.944,383.784,225.341,27.413,609.125,0.257007,15.0
guide,docvqa,1792,64,docvqa_25385,156.664,,,222.956,287.433,225.548,28.743,512.981,0.3054,11.0
guide,docvqa,1792,64,docvqa_25386,157.097,,,223.412,284.929,226.454,28.493,511.382,0.3072,11.0
guide,docvqa,1792,64,docvqa_25387,156.772,,,223.298,340.394,225.572,30.945,565.966,0.276998,12.0
guide,docvqa,1792,64,docvqa_60406,157.054,,,223.053,743.835,225.536,29.753,969.372,0.162016,26.0
guide,docvqa,1792,64,docvqa_815,157.542,,,228.007,655.613,231.95,34.506,887.563,0.177499,20.0
guide,docvqa,1792,64,docvqa_60407,156.552,,,223.188,484.853,225.6,32.324,710.453,0.220355,16.0
guide,docvqa,1792,64,docvqa_25396,156.688,,,223.0,1000.012,225.469,30.303,1225.481,0.127859,34.0
guide,docvqa,1792,64,docvqa_822,157.155,,,223.21,367.9,226.575,28.3,594.474,0.264359,14.0
guide,docvqa,1792,64,docvqa_824,156.889,,,223.769,689.372,226.473,31.335,915.845,0.171306,23.0
guide,docvqa,1792,64,docvqa_826,156.695,,,222.964,376.632,225.363,31.386,601.995,0.260294,13.0
guide,chartqa,1792,64,chartqa_val_0,156.262,,,222.847,474.527,225.423,29.658,699.95,0.223247,17.0
guide,chartqa,1792,64,chartqa_val_1,156.057,,,222.342,1738.822,224.646,27.6,1963.469,0.07948,64.0
guide,chartqa,1792,64,chartqa_val_2,155.889,,,223.645,1812.529,225.937,28.77,2038.467,0.076474,64.0
guide,chartqa,1792,64,chartqa_val_3,156.026,,,223.743,1536.684,226.416,29.552,1763.1,0.088495,53.0
guide,chartqa,1792,64,chartqa_val_4,156.642,,,224.369,893.085,226.797,29.77,1119.883,0.139874,31.0
guide,chartqa,1792,64,chartqa_val_5,156.08,,,224.322,482.97,226.753,30.186,709.723,0.219916,17.0
guide,chartqa,1792,64,chartqa_val_6,156.14,,,226.438,554.775,229.206,27.739,783.981,0.199163,21.0
guide,chartqa,1792,64,chartqa_val_7,156.117,,,222.595,758.421,224.815,28.09,983.236,0.158779,28.0
guide,chartqa,1792,64,chartqa_val_8,156.053,,,228.563,955.98,230.835,30.838,1186.815,0.131489,32.0
guide,chartqa,1792,64,chartqa_val_9,155.953,,,222.051,1850.052,224.258,29.366,2074.31,0.075183,64.0
guide,chartqa,1792,64,chartqa_val_10,156.123,,,224.043,1812.81,226.354,28.775,2039.164,0.076562,64.0
guide,chartqa,1792,64,chartqa_val_11,156.624,,,231.824,1818.855,234.33,28.871,2053.184,0.076284,64.0
guide,chartqa,1792,64,chartqa_val_12,156.042,,,223.786,668.713,226.038,29.074,894.751,0.174397,24.0
guide,chartqa,1792,64,chartqa_val_13,155.865,,,221.78,1776.434,223.978,28.197,2000.412,0.077916,64.0
guide,chartqa,1792,64,chartqa_val_14,156.146,,,222.394,959.635,224.78,29.08,1184.415,0.131834,34.0
guide,chartqa,1792,64,chartqa_val_15,156.181,,,222.616,1880.289,224.989,29.846,2105.278,0.074185,64.0
guide,chartqa,1792,64,chartqa_val_16,156.307,,,223.099,977.732,225.968,30.554,1203.7,0.129855,33.0
guide,chartqa,1792,64,chartqa_val_17,156.082,,,226.381,1797.851,228.803,28.537,2026.654,0.077015,64.0
guide,chartqa,1792,64,chartqa_val_18,155.991,,,225.401,396.044,227.621,30.465,623.665,0.250121,14.0
guide,chartqa,1792,64,chartqa_val_19,156.075,,,222.196,1380.36,224.41,28.757,1604.769,0.097257,49.0
guide,chartqa,1792,64,chartqa_val_20,156.582,,,222.614,464.344,225.0,27.314,689.344,0.227147,18.0
guide,chartqa,1792,64,chartqa_val_21,155.938,,,223.794,1780.558,225.917,28.263,2006.474,0.077717,64.0
guide,chartqa,1792,64,chartqa_val_22,156.069,,,222.339,1163.794,224.714,29.841,1388.508,0.112401,40.0
guide,chartqa,1792,64,chartqa_val_23,156.012,,,222.168,1818.656,224.481,28.868,2043.136,0.076359,64.0
guide,chartqa,1792,64,chartqa_val_24,156.088,,,222.269,770.01,224.653,30.8,994.663,0.156925,26.0
guide,chartqa,1792,64,chartqa_val_25,156.192,,,222.542,1103.239,224.833,30.646,1328.072,0.117608,37.0
guide,chartqa,1792,64,chartqa_val_26,156.239,,,234.731,857.839,237.474,26.807,1095.313,0.142643,33.0
guide,chartqa,1792,64,chartqa_val_27,155.906,,,221.855,1846.595,224.206,29.311,2070.802,0.075288,64.0
guide,chartqa,1792,64,chartqa_val_28,156.038,,,223.875,741.396,226.445,27.459,967.841,0.161223,28.0
guide,chartqa,1792,64,chartqa_val_29,156.151,,,222.604,1832.532,224.908,29.088,2057.44,0.075896,64.0
guide,chartqa,1792,64,chartqa_val_30,156.138,,,222.396,1305.38,225.022,29.008,1530.402,0.102024,46.0
guide,chartqa,1792,64,chartqa_val_31,156.036,,,222.243,1238.924,224.782,29.498,1463.706,0.106603,43.0
guide,chartqa,1792,64,chartqa_val_32,156.065,,,223.906,802.074,226.304,27.658,1028.378,0.151759,30.0
guide,chartqa,1792,64,chartqa_val_33,156.173,,,222.735,1048.864,224.993,27.602,1273.857,0.122599,39.0
guide,chartqa,1792,64,chartqa_val_34,156.045,,,222.205,437.79,224.524,27.362,662.314,0.235606,17.0
guide,chartqa,1792,64,chartqa_val_35,157.107,,,226.988,1729.67,229.316,27.455,1958.986,0.080198,64.0
guide,chartqa,1792,64,chartqa_val_36,155.951,,,222.758,1055.912,225.117,30.169,1281.028,0.121739,36.0
guide,chartqa,1792,64,chartqa_val_37,156.349,,,222.965,1836.295,225.521,29.148,2061.816,0.075831,64.0
guide,chartqa,1792,64,chartqa_val_38,156.06,,,222.413,1174.971,225.11,30.92,1400.081,0.111465,39.0
guide,chartqa,1792,64,chartqa_val_39,156.006,,,222.015,1820.809,224.311,28.902,2045.12,0.076282,64.0
guide,chartqa,1792,64,chartqa_val_40,155.946,,,222.172,1034.322,224.429,29.552,1258.751,0.123889,36.0
guide,chartqa,1792,64,chartqa_val_41,156.014,,,222.2,710.591,224.56,28.424,935.151,0.166833,26.0
guide,chartqa,1792,64,chartqa_val_42,156.335,,,222.538,231.564,225.081,28.945,456.645,0.342357,9.0
guide,chartqa,1792,64,chartqa_val_43,156.132,,,222.611,1558.295,225.04,29.402,1783.335,0.087551,54.0
guide,chartqa,1792,64,chartqa_val_44,156.349,,,231.466,370.275,234.381,28.483,604.656,0.258575,14.0
guide,chartqa,1792,64,chartqa_val_45,156.117,,,222.456,1814.011,224.857,28.794,2038.869,0.07657,64.0
guide,chartqa,1792,64,chartqa_val_46,155.992,,,222.264,889.316,224.607,28.688,1113.923,0.140039,32.0
guide,chartqa,1792,64,chartqa_val_47,156.638,,,224.829,1920.14,228.37,30.478,2148.51,0.072905,64.0
guide,chartqa,1792,64,chartqa_val_48,156.097,,,222.671,1910.248,225.131,30.321,2135.379,0.073101,64.0
guide,chartqa,1792,64,chartqa_val_49,156.209,,,226.213,1856.325,229.102,30.432,2085.427,0.074905,62.0
guide,chartqa,1792,64,chartqa_val_50,155.959,,,227.907,790.054,230.196,28.216,1020.251,0.152864,29.0
guide,chartqa,1792,64,chartqa_val_51,155.839,,,222.177,1793.918,224.39,28.475,2018.307,0.077213,64.0
guide,chartqa,1792,64,chartqa_val_52,155.903,,,222.011,270.886,224.389,33.861,495.275,0.31478,9.0
guide,chartqa,1792,64,chartqa_val_53,155.97,,,222.24,1523.86,224.5,27.707,1748.36,0.08921,56.0
guide,chartqa,1792,64,chartqa_val_54,156.036,,,222.473,1455.538,224.841,28.54,1680.379,0.092857,52.0
guide,chartqa,1792,64,chartqa_val_55,155.912,,,221.895,1784.809,224.101,28.33,2008.91,0.07761,64.0
guide,chartqa,1792,64,chartqa_val_56,156.143,,,222.638,1375.379,225.517,28.069,1600.896,0.097535,50.0
guide,chartqa,1792,64,chartqa_val_57,156.18,,,222.397,551.581,224.73,27.579,776.311,0.201182,21.0
guide,chartqa,1792,64,chartqa_val_58,156.035,,,222.322,839.122,224.86,29.969,1063.982,0.146652,29.0
guide,chartqa,1792,64,chartqa_val_59,156.037,,,222.379,1745.842,224.914,27.712,1970.756,0.079176,64.0
guide,chartqa,1792,64,chartqa_val_60,156.366,,,222.844,824.505,225.804,29.447,1050.309,0.148877,29.0
guide,chartqa,1792,64,chartqa_val_61,156.079,,,222.292,1826.491,224.666,28.992,2051.157,0.076093,64.0
guide,chartqa,1792,64,chartqa_val_62,156.147,,,222.551,656.811,224.91,29.855,881.721,0.177093,23.0
guide,chartqa,1792,64,chartqa_val_63,155.971,,,221.94,885.712,224.219,27.679,1109.931,0.140523,33.0
guide,chartqa,1792,64,chartqa_val_64,155.894,,,222.186,463.899,224.451,30.927,688.35,0.226475,16.0
guide,chartqa,1792,64,chartqa_val_65,155.97,,,222.351,1841.028,224.623,29.223,2065.651,0.075506,64.0
guide,chartqa,1792,64,chartqa_val_66,156.69,,,223.29,932.128,227.224,32.142,1159.351,0.135154,30.0
guide,chartqa,1792,64,chartqa_val_67,156.041,,,222.383,1780.614,225.047,28.264,2005.661,0.0778,64.0
guide,chartqa,1792,64,chartqa_val_68,156.054,,,222.522,270.062,225.023,30.007,495.085,0.315206,10.0
guide,chartqa,1792,64,chartqa_val_69,156.141,,,222.655,1886.634,225.053,29.947,2111.687,0.073942,64.0
guide,chartqa,1792,64,chartqa_val_70,156.037,,,225.39,1873.09,227.852,29.732,2100.942,0.07427,64.0
guide,chartqa,1792,64,chartqa_val_71,156.66,,,230.874,1923.979,233.757,30.539,2157.737,0.072604,64.0
guide,chartqa,1792,64,chartqa_val_72,156.21,,,222.894,530.367,225.426,33.148,755.793,0.206683,17.0
guide,chartqa,1792,64,chartqa_val_73,156.115,,,222.995,1823.943,225.48,28.951,2049.423,0.076175,64.0
guide,chartqa,1792,64,chartqa_val_74,156.005,,,222.308,484.539,224.801,28.502,709.341,0.21993,18.0
guide,chartqa,1792,64,chartqa_val_75,155.924,,,222.023,1754.573,224.317,27.85,1978.89,0.078794,64.0
guide,chartqa,1792,64,chartqa_val_76,156.208,,,222.544,372.641,225.216,28.665,597.857,0.26128,14.0
guide,chartqa,1792,64,chartqa_val_77,156.145,,,224.184,1830.642,226.648,29.058,2057.29,0.075898,64.0
guide,chartqa,1792,64,chartqa_val_78,157.429,,,223.596,693.747,227.066,27.75,920.813,0.170967,26.0
guide,chartqa,1792,64,chartqa_val_79,156.301,,,222.469,733.47,225.329,29.339,958.799,0.163017,26.0
guide,chartqa,1792,64,chartqa_val_80,156.38,,,222.581,545.021,224.882,27.251,769.903,0.203117,21.0
guide,chartqa,1792,64,chartqa_val_81,156.149,,,222.566,1857.583,225.215,29.485,2082.798,0.074971,64.0
guide,chartqa,1792,64,chartqa_val_82,156.008,,,222.221,373.427,224.512,28.725,597.939,0.26091,14.0
guide,chartqa,1792,64,chartqa_val_83,156.088,,,222.33,1804.652,225.084,28.645,2029.737,0.076901,64.0
guide,chartqa,1792,64,chartqa_val_84,156.09,,,222.349,625.453,224.783,27.194,850.236,0.183584,24.0
guide,chartqa,1792,64,chartqa_val_85,155.943,,,227.032,1720.937,229.294,27.316,1950.232,0.079961,64.0
guide,chartqa,1792,64,chartqa_val_86,156.034,,,222.302,642.837,224.787,29.22,867.624,0.179841,23.0
guide,chartqa,1792,64,chartqa_val_87,155.909,,,221.926,1040.162,224.239,27.373,1264.401,0.123307,39.0
guide,chartqa,1792,64,chartqa_val_88,156.152,,,222.213,1425.712,224.507,26.402,1650.219,0.094625,55.0
guide,chartqa,1792,64,chartqa_val_89,156.187,,,225.1,1686.295,227.306,26.767,1913.601,0.081619,64.0
guide,chartqa,1792,64,chartqa_val_90,156.036,,,221.922,1169.002,224.191,28.512,1393.193,0.111999,42.0
guide,chartqa,1792,64,chartqa_val_91,155.978,,,221.955,1710.187,224.256,27.584,1934.443,0.080632,63.0
guide,chartqa,1792,64,chartqa_val_92,155.926,,,223.584,383.202,225.937,29.477,609.139,0.255978,14.0
guide,chartqa,1792,64,chartqa_val_93,156.057,,,222.152,1184.29,224.672,27.542,1408.963,0.11076,44.0
guide,chartqa,1792,64,chartqa_val_94,156.391,,,222.683,1632.851,225.915,27.214,1858.766,0.084137,61.0
guide,chartqa,1792,64,chartqa_val_95,155.862,,,221.892,1720.73,224.164,27.313,1944.895,0.080139,64.0
guide,chartqa,1792,64,chartqa_val_96,156.261,,,222.606,908.272,225.99,27.523,1134.262,0.137765,34.0
guide,chartqa,1792,64,chartqa_val_97,156.006,,,222.208,1950.761,224.585,30.964,2175.346,0.071716,64.0
guide,chartqa,1792,64,chartqa_val_98,156.051,,,222.063,1904.338,224.413,30.228,2128.751,0.073306,64.0
guide,chartqa,1792,64,chartqa_val_99,156.123,,,222.345,1794.423,224.772,28.483,2019.194,0.07732,64.0
guide,chartqa,1792,64,chartqa_val_100,156.067,,,222.367,1547.406,224.826,28.656,1772.231,0.088063,55.0
guide,chartqa,1792,64,chartqa_val_101,155.965,,,224.098,1827.018,226.488,29.0,2053.507,0.075951,64.0
guide,chartqa,1792,64,chartqa_val_102,156.078,,,222.261,290.7,224.7,32.3,515.4,0.30283,10.0
guide,chartqa,1792,64,chartqa_val_103,155.954,,,222.08,1840.553,224.384,29.215,2064.936,0.075525,64.0
guide,chartqa,1792,64,chartqa_val_104,155.94,,,222.006,273.26,224.302,27.326,497.562,0.313407,11.0
guide,chartqa,1792,64,chartqa_val_105,156.038,,,234.26,1794.478,236.483,28.484,2030.962,0.07683,64.0
guide,chartqa,1792,64,chartqa_val_106,156.034,,,222.127,774.279,224.506,28.677,998.785,0.156224,28.0
guide,chartqa,1792,64,chartqa_val_107,156.056,,,222.531,1894.966,225.246,30.079,2120.212,0.073604,64.0
guide,chartqa,1792,64,chartqa_val_108,156.295,,,222.862,335.215,226.001,27.935,561.216,0.278494,13.0
guide,chartqa,1792,64,chartqa_val_109,156.096,,,223.512,1304.753,225.972,28.995,1530.726,0.101975,46.0
guide,chartqa,1792,64,chartqa_val_110,156.237,,,223.733,530.473,226.254,29.471,756.727,0.206465,19.0
guide,chartqa,1792,64,chartqa_val_111,156.014,,,222.122,1794.885,224.489,28.49,2019.375,0.077259,64.0
guide,chartqa,1792,64,chartqa_val_112,156.025,,,222.084,398.61,224.491,30.662,623.101,0.250401,14.0
guide,chartqa,1792,64,chartqa_val_113,156.027,,,222.173,1877.258,224.854,29.798,2102.112,0.074224,64.0
guide,chartqa,1792,64,chartqa_val_114,156.111,,,222.63,373.058,225.042,31.088,598.101,0.26101,13.0
guide,chartqa,1792,64,chartqa_val_115,156.047,,,223.081,1943.48,225.425,30.849,2168.906,0.071948,64.0
guide,chartqa,1792,64,chartqa_val_116,156.14,,,222.404,179.876,224.758,29.979,404.633,0.385879,7.0
guide,chartqa,1792,64,chartqa_val_117,155.959,,,222.256,1125.14,224.537,29.609,1349.677,0.115553,39.0
guide,chartqa,1792,64,chartqa_val_118,156.31,,,222.998,881.131,225.888,27.535,1107.019,0.141199,33.0
guide,chartqa,1792,64,chartqa_val_119,156.094,,,222.345,1743.288,224.623,27.671,1967.911,0.079319,64.0
guide,chartqa,1792,64,chartqa_val_120,156.172,,,222.303,1092.308,224.96,29.522,1317.268,0.118558,38.0
guide,chartqa,1792,64,chartqa_val_121,156.55,,,223.01,643.019,227.015,29.228,870.034,0.179936,23.0
guide,chartqa,1792,64,chartqa_val_122,156.123,,,222.578,731.183,225.408,28.122,956.591,0.163208,27.0
guide,chartqa,1792,64,chartqa_val_123,156.095,,,224.235,1827.949,226.872,29.015,2054.821,0.075965,64.0
guide,chartqa,1792,64,chartqa_val_124,156.093,,,224.189,745.108,227.118,27.597,972.226,0.160552,28.0
guide,chartqa,1792,64,chartqa_val_125,156.543,,,222.845,1742.271,226.159,27.655,1968.43,0.079527,64.0
guide,chartqa,1792,64,chartqa_val_126,155.859,,,221.806,593.382,224.15,29.669,817.532,0.190646,21.0
guide,chartqa,1792,64,chartqa_val_127,155.886,,,222.216,1000.455,224.527,28.584,1224.982,0.127256,36.0
guide,chartqa,1792,64,chartqa_val_128,156.014,,,222.183,1360.434,224.472,27.764,1584.906,0.098437,50.0
guide,chartqa,1792,64,chartqa_val_129,155.99,,,222.919,1092.73,225.254,28.756,1317.984,0.118355,39.0
guide,chartqa,1792,64,chartqa_val_130,156.005,,,222.065,1746.771,224.406,28.174,1971.177,0.079143,63.0
guide,chartqa,1792,64,chartqa_val_131,156.055,,,222.244,1779.453,224.59,28.245,2004.043,0.07787,64.0
guide,chartqa,1792,64,chartqa_val_132,156.017,,,221.946,1678.774,224.443,27.077,1903.217,0.081976,63.0
guide,chartqa,1792,64,chartqa_val_133,155.98,,,224.309,1701.456,226.699,27.007,1928.155,0.080896,64.0
guide,chartqa,1792,64,chartqa_val_134,155.924,,,223.35,775.338,225.751,28.716,1001.089,0.155754,28.0
guide,chartqa,1792,64,chartqa_val_135,155.884,,,222.383,1765.755,224.759,28.028,1990.514,0.078314,64.0
guide,chartqa,1792,64,chartqa_val_136,156.063,,,222.197,639.567,224.551,30.456,864.118,0.180604,22.0
guide,chartqa,1792,64,chartqa_val_137,156.218,,,224.354,748.234,226.844,29.929,975.078,0.160211,26.0
guide,chartqa,1792,64,chartqa_val_138,156.002,,,221.971,741.828,224.345,27.475,966.173,0.161464,28.0
guide,chartqa,1792,64,chartqa_val_139,156.065,,,227.098,873.085,229.468,30.106,1102.552,0.141549,30.0
guide,chartqa,1792,64,chartqa_val_140,155.988,,,222.469,802.296,224.819,28.653,1027.116,0.15187,29.0
guide,chartqa,1792,64,chartqa_val_141,155.971,,,222.076,1812.61,224.401,28.772,2037.01,0.076569,64.0
guide,chartqa,1792,64,chartqa_val_142,155.933,,,222.901,996.311,225.229,28.466,1221.541,0.127653,36.0
guide,chartqa,1792,64,chartqa_val_143,155.989,,,222.309,1768.795,224.612,28.076,1993.406,0.078252,64.0
guide,chartqa,1792,64,chartqa_val_144,155.942,,,222.253,768.513,224.522,29.558,993.036,0.157036,27.0
guide,chartqa,1792,64,chartqa_val_145,156.384,,,222.714,1395.282,226.127,29.068,1621.409,0.096449,49.0
guide,chartqa,1792,64,chartqa_val_146,155.965,,,222.151,1828.611,224.699,29.026,2053.31,0.075958,64.0
guide,chartqa,1792,64,chartqa_val_147,156.006,,,222.699,1833.771,225.079,29.107,2058.851,0.075773,64.0
guide,chartqa,1792,64,chartqa_val_148,155.9,,,222.119,790.129,224.367,28.219,1014.495,0.153672,29.0
guide,chartqa,1792,64,chartqa_val_149,155.881,,,221.927,1818.254,224.168,28.861,2042.422,0.076321,64.0
guide,chartqa,1792,64,chartqa_val_150,156.067,,,222.087,600.809,224.616,28.61,825.425,0.189075,22.0
guide,chartqa,1792,64,chartqa_val_151,156.053,,,222.466,1778.044,225.149,28.223,2003.193,0.077902,64.0
guide,chartqa,1792,64,chartqa_val_152,156.194,,,222.785,269.032,225.278,29.892,494.31,0.315985,10.0
guide,chartqa,1792,64,chartqa_val_153,155.926,,,221.863,277.981,224.114,27.798,502.095,0.310551,11.0
guide,chartqa,1792,64,chartqa_val_154,155.939,,,222.331,1306.165,225.009,29.686,1531.173,0.101843,45.0
guide,chartqa,1792,64,chartqa_val_155,156.012,,,222.265,500.7,224.558,31.294,725.258,0.215113,17.0
guide,chartqa,1792,64,chartqa_val_156,156.247,,,222.551,591.633,224.853,28.173,816.486,0.191366,22.0
guide,chartqa,1792,64,chartqa_val_157,156.041,,,222.283,1755.658,224.642,27.868,1980.299,0.078797,64.0
guide,chartqa,1792,64,chartqa_val_158,155.949,,,222.235,920.218,224.588,28.757,1144.806,0.136223,33.0
guide,chartqa,1792,64,chartqa_val_159,156.423,,,399.146,439.028,401.375,27.439,840.404,0.186128,17.0
guide,chartqa,1792,64,chartqa_val_160,155.873,,,221.861,682.994,224.127,28.458,907.12,0.171833,25.0
guide,chartqa,1792,64,chartqa_val_161,156.27,,,223.019,1879.577,226.106,29.835,2105.683,0.074214,64.0
guide,chartqa,1792,64,chartqa_val_162,155.856,,,221.665,1678.249,223.963,28.445,1902.212,0.081934,60.0
guide,chartqa,1792,64,chartqa_val_163,156.062,,,222.117,1803.868,224.413,28.633,2028.281,0.076943,64.0
guide,chartqa,1792,64,chartqa_val_164,156.524,,,222.615,1474.231,226.018,31.367,1700.249,0.092059,48.0
guide,chartqa,1792,64,chartqa_val_165,156.08,,,222.421,1302.404,225.473,28.942,1527.877,0.102155,46.0
guide,chartqa,1792,64,chartqa_val_166,155.979,,,223.82,827.623,226.314,28.539,1053.937,0.147996,30.0
guide,chartqa,1792,64,chartqa_val_167,156.035,,,224.614,1560.548,227.506,29.444,1788.055,0.087265,54.0
guide,chartqa,1792,64,chartqa_val_168,156.557,,,222.704,292.421,226.81,29.242,519.231,0.301516,11.0
guide,chartqa,1792,64,chartqa_val_169,156.095,,,223.482,1531.105,225.681,28.889,1756.785,0.088853,54.0
guide,chartqa,1792,64,chartqa_val_170,155.907,,,221.988,1838.783,224.299,29.187,2063.082,0.07557,64.0
guide,chartqa,1792,64,chartqa_val_171,155.92,,,222.388,1838.737,224.795,29.186,2063.531,0.07556,64.0
guide,chartqa,1792,64,chartqa_val_172,156.196,,,222.423,1685.599,225.169,29.062,1910.768,0.081745,59.0
guide,chartqa,1792,64,chartqa_val_173,155.988,,,223.758,1863.237,226.158,29.575,2089.395,0.074657,64.0
guide,chartqa,1792,64,chartqa_val_174,156.063,,,222.047,884.422,224.432,27.638,1108.853,0.140743,33.0
guide,chartqa,1792,64,chartqa_val_175,156.061,,,222.291,1825.614,224.571,28.978,2050.186,0.07612,64.0
guide,chartqa,1792,64,chartqa_val_176,156.022,,,222.196,1806.781,224.602,28.679,2031.383,0.076806,64.0
guide,chartqa,1792,64,chartqa_val_177,156.093,,,222.386,1853.69,224.777,29.424,2078.467,0.0751,64.0
guide,chartqa,1792,64,chartqa_val_178,156.07,,,222.373,1819.903,225.192,28.887,2045.095,0.076314,64.0
guide,chartqa,1792,64,chartqa_val_179,156.051,,,222.329,936.011,225.285,29.25,1161.295,0.134376,33.0
guide,chartqa,1792,64,chartqa_val_180,156.063,,,222.685,538.241,225.081,31.661,763.322,0.204453,18.0
guide,chartqa,1792,64,chartqa_val_181,155.96,,,222.029,1725.753,224.325,27.393,1950.078,0.079976,64.0
guide,chartqa,1792,64,chartqa_val_182,155.945,,,224.037,1796.639,226.4,28.518,2023.039,0.077084,64.0
guide,chartqa,1792,64,chartqa_val_183,156.031,,,222.327,1760.014,224.743,27.937,1984.757,0.078615,64.0
guide,chartqa,1792,64,chartqa_val_184,155.965,,,222.111,535.16,224.453,28.166,759.613,0.205322,20.0
guide,chartqa,1792,64,chartqa_val_185,155.879,,,222.191,29.011,224.499,29.011,253.51,0.614883,2.0
guide,chartqa,1792,64,chartqa_val_186,155.875,,,221.797,892.765,223.969,28.799,1116.734,0.139581,32.0
guide,chartqa,1792,64,chartqa_val_187,156.105,,,223.154,1736.356,225.43,27.561,1961.786,0.079573,64.0
guide,chartqa,1792,64,chartqa_val_188,156.028,,,222.314,957.878,224.639,29.934,1182.516,0.131946,33.0
guide,chartqa,1792,64,chartqa_val_189,156.127,,,222.677,1572.711,225.577,30.244,1798.289,0.08682,53.0
guide,chartqa,1792,64,chartqa_val_190,156.121,,,222.537,1604.771,224.987,31.466,1829.758,0.085323,52.0
guide,chartqa,1792,64,chartqa_val_191,155.927,,,222.243,493.135,224.518,29.008,717.652,0.217273,18.0
guide,chartqa,1792,64,chartqa_val_192,155.938,,,222.454,1888.216,224.762,29.972,2112.979,0.0738,64.0
guide,chartqa,1792,64,chartqa_val_193,156.053,,,223.887,57.563,226.238,28.782,283.802,0.549866,3.0
guide,chartqa,1792,64,chartqa_val_194,156.584,,,222.837,1736.562,225.471,27.564,1962.032,0.079807,64.0
guide,chartqa,1792,64,chartqa_val_195,156.035,,,222.258,57.102,224.817,28.551,281.919,0.553475,3.0
guide,chartqa,1792,64,chartqa_val_196,156.447,,,223.165,534.164,225.393,29.676,759.557,0.205972,19.0
guide,chartqa,1792,64,chartqa_val_197,156.119,,,222.267,1873.588,224.904,29.739,2098.492,0.074396,64.0
guide,chartqa,1792,64,chartqa_val_198,156.116,,,222.241,467.464,224.721,29.216,692.185,0.225541,17.0
guide,chartqa,1792,64,chartqa_val_199,155.825,,,222.247,1946.43,224.522,30.896,2170.952,0.071777,64.0
guide,chartqa,1792,64,chartqa_val_200,155.973,,,222.278,1981.706,224.679,31.456,2206.385,0.070692,64.0
guide,chartqa,1792,64,chartqa_val_201,156.05,,,222.259,1002.436,224.848,31.326,1227.284,0.12715,33.0
guide,chartqa,1792,64,chartqa_val_202,157.608,,,223.993,225.256,226.497,28.157,451.753,0.34888,9.0
guide,chartqa,1792,64,chartqa_val_203,156.096,,,222.442,1837.444,224.797,29.166,2062.241,0.075692,64.0
guide,chartqa,1792,64,chartqa_val_204,156.014,,,222.173,1379.123,224.471,30.647,1603.594,0.09729,46.0
guide,chartqa,1792,64,chartqa_val_205,156.521,,,222.754,1732.538,226.193,27.501,1958.731,0.07991,64.0
guide,chartqa,1792,64,chartqa_val_206,156.596,,,223.171,1852.697,227.005,29.408,2079.701,0.075297,64.0
guide,chartqa,1792,64,chartqa_val_207,156.002,,,222.55,1678.118,225.056,31.076,1903.175,0.081969,55.0
guide,chartqa,1792,64,chartqa_val_208,156.148,,,224.243,218.307,226.61,31.187,444.917,0.350961,8.0
guide,chartqa,1792,64,chartqa_val_209,155.969,,,222.187,216.99,224.507,30.999,441.496,0.353274,8.0
guide,chartqa,1792,64,chartqa_val_210,156.004,,,222.378,1233.187,224.648,30.078,1457.835,0.107011,42.0
guide,chartqa,1792,64,chartqa_val_211,155.945,,,223.247,365.575,225.652,30.465,591.227,0.263765,13.0
guide,chartqa,1792,64,chartqa_val_212,156.087,,,222.466,372.973,224.92,33.907,597.893,0.261062,12.0
guide,chartqa,1792,64,chartqa_val_213,156.112,,,224.058,1127.644,226.753,29.675,1354.396,0.115263,39.0
guide,chartqa,1792,64,chartqa_val_214,155.865,,,221.795,334.274,224.115,27.856,558.389,0.279133,13.0
guide,chartqa,1792,64,chartqa_val_215,155.789,,,222.955,1779.396,225.215,28.244,2004.611,0.077715,64.0
guide,chartqa,1792,64,chartqa_val_216,156.158,,,222.435,214.937,224.915,35.823,439.852,0.355024,7.0
guide,chartqa,1792,64,chartqa_val_217,155.748,,,221.762,1483.509,224.099,29.088,1707.609,0.091208,52.0
guide,chartqa,1792,64,chartqa_val_218,155.793,,,222.655,196.627,225.156,32.771,421.782,0.369367,7.0
guide,chartqa,1792,64,chartqa_val_219,156.157,,,222.74,1919.418,225.199,30.467,2144.617,0.072813,64.0
guide,chartqa,1792,64,chartqa_val_220,156.187,,,222.162,1810.688,224.555,28.741,2035.243,0.076741,64.0
guide,chartqa,1792,64,chartqa_val_221,156.004,,,222.047,1721.652,224.44,29.181,1946.092,0.080163,60.0
guide,chartqa,1792,64,chartqa_val_222,156.615,,,224.178,1814.93,227.007,28.808,2041.936,0.076699,64.0
guide,chartqa,1792,64,chartqa_val_223,156.707,,,222.905,433.339,226.918,27.084,660.256,0.237342,17.0
guide,chartqa,1792,64,chartqa_val_224,156.021,,,222.383,251.017,224.941,27.891,475.958,0.327803,10.0
guide,chartqa,1792,64,chartqa_val_225,156.07,,,222.175,531.517,224.648,29.529,756.165,0.206396,19.0
guide,chartqa,1792,64,chartqa_val_226,155.833,,,222.04,1101.991,224.349,28.256,1326.34,0.117491,40.0
guide,chartqa,1792,64,chartqa_val_227,156.01,,,222.13,1850.774,224.438,29.377,2075.212,0.075178,64.0
guide,chartqa,1792,64,chartqa_val_228,155.925,,,222.136,237.466,224.453,33.924,461.918,0.33756,8.0
guide,chartqa,1792,64,chartqa_val_229,156.041,,,222.322,635.646,224.93,30.269,860.575,0.181322,22.0
guide,chartqa,1792,64,chartqa_val_230,156.148,,,222.136,1825.224,224.502,28.972,2049.726,0.07618,64.0
guide,chartqa,1792,64,chartqa_val_231,156.071,,,222.301,572.821,224.743,28.641,797.564,0.195685,21.0
guide,chartqa,1792,64,chartqa_val_232,156.014,,,222.208,1101.977,224.47,29.783,1326.448,0.117618,38.0
guide,chartqa,1792,64,chartqa_val_233,155.929,,,222.11,1848.419,224.375,29.34,2072.794,0.075226,64.0
guide,chartqa,1792,64,chartqa_val_234,156.041,,,222.153,1807.802,224.665,28.695,2032.467,0.076774,64.0
guide,chartqa,1792,64,chartqa_val_235,156.451,,,222.658,1483.337,225.696,30.272,1709.034,0.091543,50.0
guide,chartqa,1792,64,chartqa_val_236,156.101,,,222.627,240.757,225.004,30.095,465.761,0.335151,9.0
guide,chartqa,1792,64,chartqa_val_237,156.086,,,222.209,701.892,224.512,30.517,926.404,0.168486,24.0
guide,chartqa,1792,64,chartqa_val_238,155.904,,,222.246,868.065,224.614,32.151,1092.68,0.142681,28.0
guide,chartqa,1792,64,chartqa_val_239,155.871,,,222.065,1820.968,224.312,28.904,2045.281,0.07621,64.0
guide,chartqa,1792,64,chartqa_val_240,156.188,,,222.374,1653.154,225.052,27.553,1878.206,0.083158,61.0
guide,chartqa,1792,64,chartqa_val_241,155.808,,,222.04,1831.441,224.362,29.07,2055.803,0.075789,64.0
guide,chartqa,1792,64,chartqa_val_242,155.801,,,221.927,680.705,224.19,27.228,904.895,0.172175,26.0
guide,chartqa,1792,64,chartqa_val_243,155.943,,,222.146,1738.956,224.479,27.602,1963.436,0.079424,64.0
guide,chartqa,1792,64,chartqa_val_244,155.718,,,221.785,1724.367,224.032,27.371,1948.399,0.079921,64.0
guide,chartqa,1792,64,chartqa_val_245,155.875,,,221.844,627.073,224.102,28.503,851.175,0.183129,23.0
guide,chartqa,1792,64,chartqa_val_246,156.019,,,222.054,891.98,224.353,28.774,1116.333,0.13976,32.0
guide,chartqa,1792,64,chartqa_val_247,155.761,,,221.681,1735.242,223.915,27.544,1959.157,0.079504,64.0
guide,chartqa,1792,64,chartqa_val_248,156.645,,,223.123,1213.318,226.576,28.889,1439.894,0.108789,43.0
guide,chartqa,1792,64,chartqa_val_249,156.083,,,222.896,1854.12,225.121,29.43,2079.241,0.075067,64.0
guide,chartqa,1792,64,chartqa_val_250,155.929,,,222.004,475.784,224.221,29.736,700.005,0.222754,17.0
guide,chartqa,1792,64,chartqa_val_251,155.868,,,222.051,1776.42,224.444,28.197,2000.864,0.0779,64.0
guide,chartqa,1792,64,chartqa_val_252,156.097,,,222.45,203.586,225.008,29.084,428.594,0.364207,8.0
guide,chartqa,1792,64,chartqa_val_253,156.024,,,222.129,690.683,224.488,28.778,915.171,0.170486,25.0
guide,chartqa,1792,64,chartqa_val_254,156.559,,,223.086,1804.471,226.805,28.642,2031.276,0.077074,64.0
guide,chartqa,1792,64,chartqa_val_255,155.949,,,222.057,1762.139,224.377,27.97,1986.516,0.078504,64.0
guide,chartqa,1792,64,chartqa_val_256,156.059,,,222.061,573.581,224.374,27.313,797.955,0.195573,22.0
guide,chartqa,1792,64,chartqa_val_257,155.964,,,222.36,1747.23,224.637,27.734,1971.867,0.079094,64.0
guide,chartqa,1792,64,chartqa_val_258,156.02,,,221.998,389.473,224.272,27.819,613.745,0.25421,15.0
guide,chartqa,1792,64,chartqa_val_259,155.958,,,221.913,1791.348,224.16,28.434,2015.509,0.077379,64.0
guide,chartqa,1792,64,chartqa_val_260,156.18,,,222.337,1255.897,224.652,28.543,1480.548,0.105488,45.0
guide,chartqa,1792,64,chartqa_val_261,156.057,,,222.133,1801.264,224.382,28.591,2025.646,0.077041,64.0
guide,chartqa,1792,64,chartqa_val_262,156.16,,,222.288,1759.55,224.558,27.929,1984.108,0.078706,64.0
guide,chartqa,1792,64,chartqa_val_263,155.987,,,221.963,1776.455,224.315,28.198,2000.77,0.077963,64.0
guide,chartqa,1792,64,chartqa_val_264,156.055,,,222.155,1148.034,224.464,28.001,1372.498,0.113702,42.0
guide,chartqa,1792,64,chartqa_val_265,156.137,,,222.283,978.557,224.645,27.959,1203.202,0.129768,36.0
guide,chartqa,1792,64,chartqa_val_266,156.59,,,222.592,1463.026,226.381,28.687,1689.407,0.09269,52.0
guide,chartqa,1792,64,chartqa_val_267,155.901,,,221.656,1791.414,224.192,28.435,2015.607,0.077347,64.0
guide,chartqa,1792,64,chartqa_val_268,155.923,,,222.594,537.742,224.9,28.302,762.642,0.204451,20.0
guide,chartqa,1792,64,chartqa_val_269,156.107,,,222.777,1764.603,225.026,28.01,1989.628,0.07846,64.0
guide,chartqa,1792,64,chartqa_val_270,156.231,,,225.521,568.239,228.412,29.907,796.651,0.19611,20.0
guide,chartqa,1792,64,chartqa_val_271,156.146,,,223.829,1870.545,226.215,29.691,2096.76,0.07447,64.0
guide,chartqa,1792,64,chartqa_val_272,155.821,,,221.823,1140.192,224.259,30.005,1364.451,0.1142,39.0
guide,chartqa,1792,64,chartqa_val_273,155.76,,,222.525,1876.709,224.857,29.789,2101.566,0.074116,64.0
guide,chartqa,1792,64,chartqa_val_274,156.053,,,222.02,1187.079,224.312,29.677,1411.391,0.110567,41.0
guide,chartqa,1792,64,chartqa_val_275,156.139,,,222.73,1879.625,225.107,29.835,2104.732,0.074185,64.0
guide,chartqa,1792,64,chartqa_val_276,156.161,,,222.367,447.162,224.723,31.94,671.885,0.232422,15.0
guide,chartqa,1792,64,chartqa_val_277,155.983,,,223.168,803.212,225.45,28.686,1028.662,0.151636,29.0
guide,chartqa,1792,64,chartqa_val_278,155.974,,,223.502,375.034,225.721,28.849,600.755,0.259631,14.0
guide,chartqa,1792,64,chartqa_val_279,156.041,,,222.109,1664.171,224.445,28.693,1888.616,0.082622,59.0
guide,chartqa,1792,64,chartqa_val_280,156.234,,,222.634,1897.978,224.94,30.127,2122.918,0.073594,64.0
guide,chartqa,1792,64,chartqa_val_281,156.284,,,224.254,1847.842,226.812,29.331,2074.653,0.07533,64.0
guide,chartqa,1792,64,chartqa_val_282,155.967,,,221.98,520.783,224.646,27.41,745.429,0.209231,20.0
guide,chartqa,1792,64,chartqa_val_283,155.986,,,222.153,1582.4,224.398,29.304,1806.797,0.086333,55.0
guide,chartqa,1792,64,chartqa_val_284,156.207,,,222.45,679.233,225.068,28.301,904.301,0.172738,25.0
guide,chartqa,1792,64,chartqa_val_285,156.082,,,222.083,438.569,224.409,27.411,662.978,0.235426,17.0
guide,chartqa,1792,64,chartqa_val_286,156.065,,,222.996,797.595,225.49,29.541,1023.084,0.152544,28.0
guide,chartqa,1792,64,chartqa_val_287,155.955,,,221.757,852.532,223.936,28.418,1076.468,0.144877,31.0
guide,chartqa,1792,64,chartqa_val_288,156.232,,,222.653,1158.487,225.09,30.487,1383.577,0.112919,39.0
guide,chartqa,1792,64,chartqa_val_289,156.199,,,222.425,509.411,224.767,28.301,734.178,0.212754,19.0
guide,chartqa,1792,64,chartqa_val_290,156.01,,,223.216,971.095,225.736,27.746,1196.831,0.130353,36.0
guide,chartqa,1792,64,chartqa_val_291,156.03,,,223.731,53.143,226.05,26.571,279.193,0.558863,3.0
guide,chartqa,1792,64,chartqa_val_292,156.655,,,222.997,796.599,225.287,28.45,1021.886,0.1533,29.0
guide,chartqa,1792,64,chartqa_val_293,156.041,,,222.167,1804.698,224.693,28.646,2029.391,0.076891,64.0
guide,chartqa,1792,64,chartqa_val_294,156.006,,,221.753,308.146,223.974,28.013,532.12,0.293177,12.0
guide,chartqa,1792,64,chartqa_val_295,156.421,,,224.272,1758.355,228.181,27.91,1986.536,0.078741,64.0
guide,chartqa,1792,64,chartqa_val_296,156.133,,,222.378,626.843,224.736,29.85,851.579,0.183345,22.0
guide,chartqa,1792,64,chartqa_val_297,156.789,,,223.068,1858.062,225.298,29.493,2083.359,0.075258,64.0
guide,chartqa,1792,64,chartqa_val_298,155.975,,,222.259,403.144,224.775,28.796,627.919,0.2484,15.0
guide,chartqa,1792,64,chartqa_val_299,156.092,,,224.18,1456.155,226.552,29.123,1682.707,0.092762,51.0
guide,chartqa,1792,64,chartqa_val_300,156.211,,,222.482,681.949,225.378,29.65,907.327,0.172166,24.0
guide,chartqa,1792,64,chartqa_val_301,155.868,,,221.809,1783.54,224.075,28.31,2007.615,0.077639,64.0
guide,chartqa,1792,64,chartqa_val_302,156.2,,,224.063,304.795,226.768,33.866,531.563,0.29385,10.0
guide,chartqa,1792,64,chartqa_val_303,156.256,,,222.691,1756.611,225.713,30.286,1982.325,0.078825,59.0
guide,chartqa,1792,64,chartqa_val_304,156.004,,,222.517,720.58,225.009,28.823,945.589,0.164981,26.0
guide,chartqa,1792,64,chartqa_val_305,156.081,,,222.424,1865.337,224.873,29.609,2090.21,0.074672,64.0
guide,chartqa,1792,64,chartqa_val_306,156.359,,,224.155,1129.524,226.582,28.238,1356.105,0.1153,41.0
guide,chartqa,1792,64,chartqa_val_307,155.981,,,222.173,1899.236,224.504,30.147,2123.74,0.073446,64.0
guide,chartqa,1792,64,chartqa_val_308,155.954,,,222.023,1145.105,224.352,29.362,1369.457,0.11388,40.0
guide,chartqa,1792,64,chartqa_val_309,156.182,,,222.532,712.503,225.383,29.688,937.887,0.166526,25.0
guide,chartqa,1792,64,chartqa_val_310,156.328,,,222.519,1113.198,224.836,29.295,1338.034,0.116834,39.0
guide,chartqa,1792,64,chartqa_val_311,156.205,,,222.728,1769.602,225.573,30.51,1995.174,0.078291,59.0
guide,chartqa,1792,64,chartqa_val_312,156.081,,,222.187,1559.14,224.558,29.983,1783.698,0.087504,53.0
guide,chartqa,1792,64,chartqa_val_313,156.098,,,222.448,1922.862,224.757,30.522,2147.619,0.072684,64.0
guide,chartqa,1792,64,chartqa_val_314,156.105,,,222.421,635.135,224.796,28.87,859.932,0.181532,23.0
guide,chartqa,1792,64,chartqa_val_315,156.133,,,222.32,969.167,224.68,30.286,1193.847,0.130781,33.0
guide,chartqa,1792,64,chartqa_val_316,156.064,,,222.119,1326.366,224.442,28.834,1550.808,0.100634,47.0
guide,chartqa,1792,64,chartqa_val_317,156.151,,,222.522,897.934,224.926,28.966,1122.86,0.139065,32.0
guide,chartqa,1792,64,chartqa_val_318,156.117,,,222.664,403.199,225.007,31.015,628.206,0.248512,14.0
guide,chartqa,1792,64,chartqa_val_319,156.125,,,222.395,1873.616,224.903,29.74,2098.519,0.074398,64.0
guide,chartqa,1792,64,chartqa_val_320,156.085,,,222.49,447.069,224.87,31.933,671.939,0.232291,15.0
guide,chartqa,1792,64,chartqa_val_321,156.047,,,222.293,1331.458,224.665,29.588,1556.122,0.100279,46.0
guide,chartqa,1792,64,chartqa_val_322,156.111,,,222.61,786.496,224.997,30.25,1011.493,0.154338,27.0
guide,chartqa,1792,64,chartqa_val_323,156.191,,,222.433,1619.072,224.839,29.983,1843.911,0.084707,55.0
guide,chartqa,1792,64,chartqa_val_324,156.214,,,222.357,1813.232,224.604,28.781,2037.836,0.076657,64.0
guide,chartqa,1792,64,chartqa_val_325,156.268,,,222.273,1849.482,224.528,29.357,2074.01,0.075346,64.0
guide,chartqa,1792,64,chartqa_val_326,156.159,,,222.331,1869.696,225.003,29.678,2094.699,0.074549,64.0
guide,chartqa,1792,64,chartqa_val_327,156.03,,,222.481,1836.147,224.937,29.145,2061.084,0.075703,64.0
guide,chartqa,1792,64,chartqa_val_328,156.014,,,222.0,1875.348,224.39,29.767,2099.738,0.074301,64.0
guide,chartqa,1792,64,chartqa_val_329,156.024,,,222.25,1899.13,224.562,30.145,2123.692,0.073468,64.0
guide,chartqa,1792,64,chartqa_val_330,155.966,,,222.088,874.778,224.411,29.159,1099.19,0.141891,31.0
guide,chartqa,1792,64,chartqa_val_331,156.131,,,222.713,1070.355,225.247,28.929,1295.602,0.120508,38.0
guide,chartqa,1792,64,chartqa_val_332,156.259,,,222.586,1134.558,225.228,29.857,1359.786,0.114915,39.0
guide,chartqa,1792,64,chartqa_val_333,156.025,,,222.277,808.237,224.63,29.935,1032.867,0.15106,28.0
guide,chartqa,1792,64,chartqa_val_334,155.871,,,221.778,1818.896,224.071,28.871,2042.968,0.076296,64.0
guide,chartqa,1792,64,chartqa_val_335,156.099,,,222.062,1896.695,224.475,30.106,2121.171,0.073591,64.0
guide,chartqa,1792,64,chartqa_val_336,155.955,,,222.229,742.95,224.908,27.517,967.859,0.161134,28.0
guide,chartqa,1792,64,chartqa_val_337,156.322,,,222.842,1807.135,225.132,28.685,2032.267,0.07692,64.0
guide,chartqa,1792,64,chartqa_val_338,156.424,,,225.052,826.985,227.601,28.517,1054.586,0.148327,30.0
guide,chartqa,1792,64,chartqa_val_339,156.108,,,222.35,1812.478,224.618,28.769,2037.096,0.076633,64.0
guide,chartqa,1792,64,chartqa_val_340,156.142,,,222.598,411.309,224.898,31.639,636.207,0.245426,14.0
guide,chartqa,1792,64,chartqa_val_341,156.375,,,222.426,1827.666,224.83,29.011,2052.496,0.076188,64.0
guide,chartqa,1792,64,chartqa_val_342,156.238,,,222.355,587.573,224.836,30.925,812.41,0.192314,20.0
guide,chartqa,1792,64,chartqa_val_343,155.979,,,222.182,1798.826,224.444,28.553,2023.269,0.077092,64.0
guide,chartqa,1792,64,chartqa_val_344,156.524,,,222.747,1633.306,225.142,28.16,1858.448,0.084223,59.0
guide,chartqa,1792,64,chartqa_val_345,156.018,,,225.033,1766.77,227.314,28.044,1994.084,0.07824,64.0
guide,chartqa,1792,64,chartqa_val_346,156.178,,,222.294,1107.691,224.726,27.692,1332.418,0.117214,41.0
guide,chartqa,1792,64,chartqa_val_347,156.193,,,222.297,1840.249,224.585,29.21,2064.834,0.075644,64.0
guide,chartqa,1792,64,chartqa_val_348,156.868,,,223.907,648.08,226.815,29.458,874.895,0.179299,23.0
guide,chartqa,1792,64,chartqa_val_349,156.02,,,222.18,1753.822,224.697,27.838,1978.519,0.078857,64.0
guide,chartqa,1792,64,chartqa_val_350,156.131,,,222.185,942.327,224.483,28.555,1166.809,0.13381,34.0
guide,chartqa,1792,64,chartqa_val_351,156.192,,,222.64,1759.335,224.942,27.926,1984.277,0.078715,64.0
guide,chartqa,1792,64,chartqa_val_352,156.117,,,222.427,1031.729,225.044,28.659,1256.773,0.124221,37.0
guide,chartqa,1792,64,chartqa_val_353,156.391,,,222.933,1856.413,225.516,29.467,2081.928,0.075119,64.0
guide,chartqa,1792,64,chartqa_val_354,156.25,,,222.483,477.431,225.135,29.839,702.566,0.222399,17.0
guide,chartqa,1792,64,chartqa_val_355,156.245,,,222.334,1339.879,224.622,29.128,1564.501,0.099869,47.0
guide,chartqa,1792,64,chartqa_val_356,156.146,,,222.664,819.717,225.088,30.36,1044.804,0.14945,28.0
guide,chartqa,1792,64,chartqa_val_357,156.243,,,222.618,1854.712,224.924,29.44,2079.635,0.07513,64.0
guide,chartqa,1792,64,chartqa_val_358,156.069,,,222.016,1405.738,224.521,28.689,1630.259,0.095733,50.0
guide,chartqa,1792,64,chartqa_val_359,156.152,,,222.383,1871.582,224.725,29.708,2096.307,0.074489,64.0
guide,chartqa,1792,64,chartqa_val_360,156.042,,,222.103,289.428,224.515,32.159,513.943,0.303618,10.0
guide,chartqa,1792,64,chartqa_val_361,156.153,,,222.68,1919.509,225.305,30.468,2144.814,0.072805,64.0
guide,chartqa,1792,64,chartqa_val_362,155.949,,,221.944,1122.964,224.273,30.35,1347.237,0.115754,38.0
guide,chartqa,1792,64,chartqa_val_363,155.979,,,222.378,1959.572,224.783,31.104,2184.355,0.071408,64.0
guide,chartqa,1792,64,chartqa_val_364,156.162,,,226.659,886.037,229.008,29.535,1115.045,0.14005,31.0
guide,chartqa,1792,64,chartqa_val_365,156.1,,,222.183,1965.885,224.518,31.205,2190.403,0.071266,64.0
guide,chartqa,1792,64,chartqa_val_366,156.281,,,222.492,774.091,224.898,28.67,998.989,0.156439,28.0
guide,chartqa,1792,64,chartqa_val_367,155.925,,,222.225,1914.445,224.581,30.388,2139.025,0.072895,64.0
guide,chartqa,1792,64,chartqa_val_368,155.997,,,222.008,666.813,224.25,27.784,891.063,0.175068,25.0
guide,chartqa,1792,64,chartqa_val_369,156.487,,,223.135,1864.963,227.548,29.603,2092.511,0.074785,64.0
guide,chartqa,1792,64,chartqa_val_370,156.013,,,222.117,639.206,224.364,29.055,863.571,0.180661,23.0
guide,chartqa,1792,64,chartqa_val_371,156.07,,,222.149,1767.115,224.315,28.049,1991.431,0.078371,64.0
guide,chartqa,1792,64,chartqa_val_372,156.134,,,222.328,162.586,224.94,27.098,387.526,0.4029,7.0
guide,chartqa,1792,64,chartqa_val_373,156.118,,,228.538,489.061,230.799,28.768,719.86,0.216873,18.0
guide,chartqa,1792,64,chartqa_val_374,156.229,,,222.521,389.177,224.81,32.431,613.987,0.25445,13.0
guide,chartqa,1792,64,chartqa_val_375,156.03,,,222.239,854.324,224.534,28.477,1078.858,0.144625,31.0
guide,chartqa,1792,64,chartqa_val_376,156.842,,,223.16,452.744,226.37,28.296,679.114,0.23095,17.0
guide,chartqa,1792,64,chartqa_val_377,156.076,,,222.139,1049.725,224.443,29.992,1274.168,0.122492,36.0
guide,chartqa,1792,64,chartqa_val_378,155.955,,,222.071,842.637,224.403,28.088,1067.039,0.146157,31.0
guide,chartqa,1792,64,chartqa_val_379,156.547,,,222.641,423.615,225.768,28.241,649.383,0.24107,16.0
guide,chartqa,1792,64,chartqa_val_380,156.072,,,222.048,494.711,224.399,30.919,719.111,0.217035,17.0
guide,chartqa,1792,64,chartqa_val_381,156.319,,,222.729,1954.885,225.511,31.03,2180.396,0.071693,64.0
guide,chartqa,1792,64,chartqa_val_382,156.145,,,222.626,326.418,225.114,29.674,551.532,0.283111,12.0
guide,chartqa,1792,64,chartqa_val_383,156.473,,,222.98,1875.995,225.728,29.778,2101.723,0.07445,64.0
guide,chartqa,1792,64,chartqa_val_384,156.089,,,222.427,288.275,224.892,28.827,513.166,0.304168,11.0
guide,chartqa,1792,64,chartqa_val_385,156.034,,,222.187,1864.531,224.51,29.596,2089.041,0.074692,64.0
guide,chartqa,1792,64,chartqa_val_386,156.005,,,222.191,334.235,224.529,27.853,558.764,0.279196,13.0
guide,chartqa,1792,64,chartqa_val_387,158.466,,,225.047,719.197,227.346,27.661,946.543,0.167415,27.0
guide,chartqa,1792,64,chartqa_val_388,155.992,,,224.183,873.311,226.498,29.11,1099.81,0.141836,31.0
guide,chartqa,1792,64,chartqa_val_389,156.146,,,222.337,1461.335,224.595,28.103,1685.93,0.092617,53.0
guide,chartqa,1792,64,chartqa_val_390,156.169,,,225.336,809.571,227.952,29.984,1037.523,0.150521,28.0
guide,chartqa,1792,64,chartqa_val_391,156.111,,,222.301,408.142,224.58,29.153,632.722,0.246729,15.0
guide,chartqa,1792,64,chartqa_val_392,155.965,,,222.062,57.642,224.281,28.821,281.923,0.553217,3.0
guide,chartqa,1792,64,chartqa_val_393,156.167,,,222.436,1139.615,225.027,28.49,1364.642,0.114438,41.0
guide,chartqa,1792,64,chartqa_val_394,156.045,,,222.321,798.473,224.585,27.534,1023.059,0.152528,30.0
guide,chartqa,1792,64,chartqa_val_395,156.063,,,222.628,1905.475,224.945,30.246,2130.42,0.073255,64.0
guide,chartqa,1792,64,chartqa_val_396,156.203,,,222.804,800.411,225.273,28.586,1025.684,0.152292,29.0
guide,chartqa,1792,64,chartqa_val_397,156.08,,,222.38,553.139,224.786,30.73,777.925,0.200636,19.0
guide,chartqa,1792,64,chartqa_val_398,156.005,,,224.94,608.166,227.275,28.96,835.441,0.186734,22.0
guide,chartqa,1792,64,chartqa_val_399,156.105,,,222.317,995.19,224.59,29.27,1219.78,0.127978,35.0
guide,chartqa,1792,64,chartqa_val_400,156.835,,,223.322,1204.503,227.294,30.885,1431.797,0.109537,40.0
guide,chartqa,1792,64,chartqa_val_401,156.079,,,222.125,1819.944,224.44,28.888,2044.384,0.076345,64.0
guide,chartqa,1792,64,chartqa_val_402,156.139,,,222.089,375.338,224.732,31.278,600.07,0.260201,13.0
guide,chartqa,1792,64,chartqa_val_403,156.208,,,222.588,1238.904,225.094,28.157,1463.998,0.1067,45.0
guide,chartqa,1792,64,chartqa_val_404,155.986,,,222.286,904.486,224.59,30.15,1129.076,0.138154,31.0
guide,chartqa,1792,64,chartqa_val_405,155.99,,,222.099,1852.8,224.357,29.41,2077.156,0.075098,64.0
guide,chartqa,1792,64,chartqa_val_406,156.127,,,222.435,578.705,224.713,32.15,803.418,0.194329,19.0
guide,chartqa,1792,64,chartqa_val_407,156.044,,,222.137,1802.253,224.347,28.607,2026.599,0.076998,64.0
guide,chartqa,1792,64,chartqa_val_408,155.888,,,221.909,849.996,224.122,28.333,1074.118,0.145131,31.0
guide,chartqa,1792,64,chartqa_val_409,156.333,,,222.477,1744.172,225.902,27.685,1970.075,0.079354,64.0
guide,chartqa,1792,64,chartqa_val_410,156.037,,,222.347,933.386,224.74,28.284,1158.126,0.134732,34.0
guide,chartqa,1792,64,chartqa_val_411,156.072,,,222.124,1839.256,224.37,29.195,2063.626,0.07563,64.0
guide,chartqa,1792,64,chartqa_val_412,156.003,,,222.002,196.603,224.24,28.086,420.843,0.370692,8.0
guide,chartqa,1792,64,chartqa_val_413,156.025,,,222.491,1785.438,224.697,28.34,2010.135,0.077619,64.0
guide,chartqa,1792,64,chartqa_val_414,156.21,,,222.488,594.841,225.056,27.038,819.896,0.190524,23.0
guide,chartqa,1792,64,chartqa_val_415,156.214,,,229.658,1885.907,232.315,29.935,2118.222,0.073748,64.0
guide,chartqa,1792,64,chartqa_val_416,156.03,,,222.331,690.9,225.152,28.787,916.052,0.170329,25.0
guide,chartqa,1792,64,chartqa_val_417,156.083,,,222.973,1816.33,225.19,28.831,2041.521,0.076454,64.0
guide,chartqa,1792,64,chartqa_val_418,155.93,,,222.428,1257.513,225.036,29.941,1482.55,0.105177,43.0
guide,chartqa,1792,64,chartqa_val_419,155.85,,,222.172,1896.631,224.612,30.105,2121.243,0.073471,64.0
guide,chartqa,1792,64,chartqa_val_420,156.183,,,223.033,1266.318,225.343,29.449,1491.661,0.104704,44.0
guide,chartqa,1792,64,chartqa_val_421,156.198,,,222.535,1911.782,225.243,30.346,2137.025,0.073091,64.0
guide,chartqa,1792,64,chartqa_val_422,156.175,,,222.437,1911.864,224.774,30.347,2136.638,0.073094,64.0
guide,chartqa,1792,64,chartqa_val_423,156.311,,,223.111,1945.073,226.068,30.874,2171.141,0.071995,64.0
guide,chartqa,1792,64,chartqa_val_424,156.263,,,222.815,424.238,225.364,30.303,649.602,0.240552,15.0
guide,chartqa,1792,64,chartqa_val_425,155.905,,,222.134,1860.43,224.684,29.531,2085.114,0.07477,64.0
guide,chartqa,1792,64,chartqa_val_426,156.127,,,222.241,942.461,224.853,30.402,1167.314,0.133749,32.0
guide,chartqa,1792,64,chartqa_val_427,156.397,,,222.6,912.745,226.098,27.659,1138.844,0.13733,34.0
guide,chartqa,1792,64,chartqa_val_428,155.944,,,224.258,975.014,226.573,31.452,1201.587,0.129782,32.0
guide,chartqa,1792,64,chartqa_val_429,156.034,,,222.258,1179.133,224.906,29.478,1404.039,0.111132,41.0
guide,chartqa,1792,64,chartqa_val_430,156.149,,,222.794,345.979,225.303,34.598,571.282,0.27333,11.0
guide,chartqa,1792,64,chartqa_val_431,156.105,,,222.687,621.39,225.056,32.705,846.445,0.184425,20.0
guide,chartqa,1792,64,chartqa_val_432,156.169,,,225.126,390.03,227.69,32.503,617.72,0.252815,13.0
guide,chartqa,1792,64,chartqa_val_433,156.3,,,222.9,1543.44,225.362,30.869,1768.802,0.088365,51.0
guide,chartqa,1792,64,chartqa_val_434,156.035,,,222.325,612.853,224.71,27.857,837.563,0.186296,23.0
guide,chartqa,1792,64,chartqa_val_435,155.984,,,222.334,511.01,224.905,30.059,735.915,0.211959,18.0
guide,chartqa,1792,64,chartqa_val_436,156.08,,,222.132,194.755,224.558,27.822,419.313,0.372227,8.0
guide,chartqa,1792,64,chartqa_val_437,155.958,,,222.239,29.132,224.714,29.132,253.845,0.614381,2.0
guide,chartqa,1792,64,chartqa_val_438,156.595,,,222.834,583.738,225.057,30.723,808.795,0.193615,20.0
guide,chartqa,1792,64,chartqa_val_439,156.017,,,222.062,486.725,224.3,28.631,711.026,0.219425,18.0
guide,chartqa,1792,64,chartqa_val_440,155.819,,,222.128,781.856,224.374,30.071,1006.23,0.154854,27.0
guide,chartqa,1792,64,chartqa_val_441,156.205,,,222.653,1407.861,225.292,28.157,1633.153,0.095647,51.0
guide,chartqa,1792,64,chartqa_val_442,156.182,,,223.298,445.935,226.044,31.852,671.979,0.232421,15.0
guide,chartqa,1792,64,chartqa_val_443,155.961,,,222.192,890.483,224.588,30.706,1115.071,0.139866,30.0
guide,chartqa,1792,64,chartqa_val_444,156.288,,,222.478,1648.932,224.909,31.112,1873.841,0.083405,54.0
guide,chartqa,1792,64,chartqa_val_445,156.651,,,223.192,1789.21,225.941,28.4,2015.151,0.077737,64.0
guide,chartqa,1792,64,chartqa_val_446,156.074,,,222.654,719.783,225.07,29.991,944.853,0.165183,25.0
guide,chartqa,1792,64,chartqa_val_447,155.998,,,222.242,1981.991,224.842,31.46,2206.833,0.070689,64.0
guide,chartqa,1792,64,chartqa_val_448,156.034,,,222.159,170.972,224.463,28.495,395.435,0.394587,7.0
guide,chartqa,1792,64,chartqa_val_449,156.205,,,222.614,531.712,225.277,29.54,756.99,0.20635,19.0
guide,chartqa,1792,64,chartqa_val_450,155.806,,,221.92,983.063,224.525,28.088,1207.588,0.129022,36.0
guide,chartqa,1792,64,chartqa_val_451,155.984,,,222.207,563.742,224.767,29.671,788.509,0.197821,20.0
guide,chartqa,1792,64,chartqa_val_452,156.226,,,222.397,218.632,224.778,36.439,443.409,0.352328,7.0
guide,chartqa,1792,64,chartqa_val_453,156.06,,,222.13,1769.703,224.565,28.091,1994.268,0.078254,64.0
guide,chartqa,1792,64,chartqa_val_454,156.066,,,222.19,1412.514,224.718,28.827,1637.232,0.095323,50.0
guide,chartqa,1792,64,chartqa_val_455,156.076,,,222.282,608.125,224.694,27.642,832.819,0.187407,23.0
guide,chartqa,1792,64,chartqa_val_456,156.044,,,222.233,221.379,224.522,27.672,445.901,0.349953,9.0
guide,chartqa,1792,64,chartqa_val_457,158.505,,,224.692,1759.812,227.846,27.934,1987.658,0.079745,64.0
guide,chartqa,1792,64,chartqa_val_458,156.025,,,222.091,193.938,224.571,27.705,418.509,0.372811,8.0
guide,chartqa,1792,64,chartqa_val_459,155.978,,,222.129,1842.862,224.343,29.252,2067.206,0.075454,64.0
guide,chartqa,1792,64,chartqa_val_460,156.171,,,222.468,278.162,224.857,27.816,503.018,0.310468,11.0
guide,chartqa,1792,64,chartqa_val_461,155.799,,,221.691,1810.367,223.94,28.736,2034.307,0.076586,64.0
guide,chartqa,1792,64,chartqa_val_462,155.925,,,221.973,194.501,224.422,27.786,418.923,0.372204,8.0
guide,chartqa,1792,64,chartqa_val_463,156.086,,,222.306,1849.913,224.788,29.364,2074.701,0.075233,64.0
guide,chartqa,1792,64,chartqa_val_464,155.962,,,222.248,527.096,224.627,27.742,751.723,0.207473,20.0
guide,chartqa,1792,64,chartqa_val_465,155.952,,,225.863,1815.04,228.175,28.81,2043.214,0.076327,64.0
guide,chartqa,1792,64,chartqa_val_466,155.962,,,222.322,1905.176,224.757,30.241,2129.933,0.073224,64.0
guide,chartqa,1792,64,chartqa_val_467,155.994,,,222.813,1762.581,225.209,27.977,1987.789,0.078476,64.0
guide,chartqa,1792,64,chartqa_val_468,155.899,,,221.983,553.486,224.313,27.674,777.798,0.200436,21.0
guide,chartqa,1792,64,chartqa_val_469,155.95,,,222.222,1812.662,224.522,28.772,2037.183,0.076552,64.0
guide,chartqa,1792,64,chartqa_val_470,156.019,,,222.301,1814.559,224.667,28.803,2039.226,0.076509,64.0
guide,chartqa,1792,64,chartqa_val_471,156.051,,,222.259,1946.044,224.682,30.89,2170.725,0.071889,64.0
guide,chartqa,1792,64,chartqa_val_472,155.955,,,222.034,809.92,224.4,28.926,1034.321,0.15078,29.0
guide,chartqa,1792,64,chartqa_val_473,155.873,,,221.997,1290.704,224.38,27.462,1515.084,0.102881,48.0
guide,chartqa,1792,64,chartqa_val_474,155.789,,,222.727,552.678,225.33,29.088,778.008,0.200241,20.0
guide,chartqa,1792,64,chartqa_val_475,155.907,,,222.229,1788.105,224.471,28.383,2012.577,0.077466,64.0
guide,chartqa,1792,64,chartqa_val_476,155.982,,,222.287,1825.804,224.595,28.981,2050.399,0.076074,64.0
guide,chartqa,1792,64,chartqa_val_477,155.907,,,221.942,1819.114,224.233,28.875,2043.347,0.0763,64.0
guide,chartqa,1792,64,chartqa_val_478,155.98,,,221.987,305.755,224.301,27.796,530.056,0.294272,12.0
guide,chartqa,1792,64,chartqa_val_479,156.092,,,222.22,1357.606,224.486,28.283,1582.092,0.098662,49.0
guide,chartqa,1792,64,chartqa_val_480,156.092,,,222.083,908.008,224.453,29.291,1132.461,0.137834,32.0
guide,chartqa,1792,64,chartqa_val_481,156.032,,,222.137,619.164,224.443,28.144,843.608,0.184958,23.0
guide,chartqa,1792,64,chartqa_val_482,156.258,,,225.017,836.906,227.337,28.859,1064.243,0.146826,30.0
guide,chartqa,1792,64,chartqa_val_483,156.032,,,222.125,1805.124,224.425,28.653,2029.549,0.07688,64.0
guide,chartqa,1792,64,chartqa_val_484,156.051,,,225.598,966.531,228.07,27.615,1194.601,0.13063,36.0
guide,chartqa,1792,64,chartqa_val_485,156.074,,,222.135,297.704,224.652,27.064,522.355,0.298789,12.0
guide,chartqa,1792,64,chartqa_val_486,156.273,,,222.693,702.745,225.134,28.11,927.88,0.16842,26.0
guide,chartqa,1792,64,chartqa_val_487,156.025,,,222.284,1342.541,224.537,27.97,1567.079,0.099564,49.0
guide,chartqa,1792,64,chartqa_val_488,155.923,,,222.036,623.389,224.256,28.336,847.644,0.183948,23.0
guide,chartqa,1792,64,chartqa_val_489,156.169,,,222.285,993.906,224.918,27.609,1218.824,0.128131,37.0
guide,chartqa,1792,64,chartqa_val_490,156.234,,,222.399,371.186,224.875,28.553,596.062,0.262111,14.0
guide,chartqa,1792,64,chartqa_val_491,155.923,,,221.898,1798.674,224.191,28.55,2022.865,0.07708,64.0
guide,chartqa,1792,64,chartqa_val_492,155.976,,,222.212,1762.901,224.442,27.983,1987.344,0.078485,64.0
guide,chartqa,1792,64,chartqa_val_493,156.051,,,222.138,1579.288,224.333,27.707,1803.621,0.086521,58.0
guide,chartqa,1792,64,chartqa_val_494,155.871,,,222.123,803.674,224.291,27.713,1027.966,0.151631,30.0
guide,chartqa,1792,64,chartqa_val_495,155.944,,,223.858,980.559,226.137,28.016,1206.696,0.129232,36.0
guide,chartqa,1792,64,chartqa_val_496,156.03,,,222.282,710.981,225.306,27.345,936.287,0.166648,27.0
guide,chartqa,1792,64,chartqa_val_497,155.778,,,222.02,1747.466,224.296,29.124,1971.762,0.079004,61.0
guide,chartqa,1792,64,chartqa_val_498,156.025,,,222.061,1469.585,224.403,28.815,1693.988,0.092105,52.0
guide,chartqa,1792,64,chartqa_val_499,156.03,,,222.193,1746.655,224.516,27.725,1971.172,0.079156,64.0
