source,benchmark,resolution,max_new_tokens,iteration_idx,run_id,sample_id,num_visual_tokens_before_merger,num_visual_tokens_after_merger,actual_generated_tokens,image_preprocess_ms,processor_ms,visual_encoder_ms,visual_merger_ms,patch_embed_ms,window_attn_total_ms,full_attn_total_ms,llm_prefill_ms,ttft_ms,decode_loop_ms,tpot_ms,e2e_ms,request_total_ms,request_output_tok_s,decode_only_tok_s,f_vision,f_visual_prefill,f_decode
output_length_sweep,docvqa,1792,64,0,iter000,docvqa_49153,16384,4096,31,,,366.825,0.731,2.313,327.946,28.241,426.952,429.704,830.368,27.679,1260.072,1488.044,24.602,36.129,0.291114,0.629946,0.658984
output_length_sweep,docvqa,1792,64,1,iter001,docvqa_24580,16384,4096,16,,,402.491,0.731,2.312,364.264,28.383,462.456,464.98,442.42,29.495,907.401,1085.561,17.633,33.904,0.443565,0.953214,0.487569
output_length_sweep,docvqa,1792,64,2,iter002,docvqa_57349,16384,4096,11,,,382.11,0.731,2.322,343.964,28.388,907.537,910.608,275.863,27.586,1186.471,1427.194,9.271,36.25,0.322056,1.086961,0.232507
output_length_sweep,docvqa,1792,64,3,iter003,docvqa_24581,16384,4096,9,,,380.207,0.732,2.303,340.476,30.226,440.164,442.711,177.865,22.233,620.576,813.266,14.503,44.978,0.612669,1.321952,0.286613
output_length_sweep,docvqa,1792,64,4,iter004,docvqa_24582,16384,4096,10,,,436.336,0.728,2.356,369.04,28.205,898.354,901.827,191.455,21.273,1093.282,1420.579,9.147,47.008,0.399107,1.220811,0.17512
output_length_sweep,docvqa,1792,64,5,iter005,docvqa_39079,16384,4096,37,,,572.639,0.732,2.278,532.274,28.356,633.12,635.646,1963.029,54.529,2598.675,2788.248,14.238,18.339,0.220358,0.46399,0.755396
output_length_sweep,docvqa,1792,64,6,iter006,docvqa_57357,16384,4096,25,,,400.951,0.728,2.304,358.337,28.302,888.802,891.666,641.656,26.736,1533.322,1877.038,16.304,37.403,0.261491,0.841149,0.418474
output_length_sweep,docvqa,1792,64,7,iter007,docvqa_24426,16384,4096,19,,,395.664,0.731,2.306,358.698,28.242,456.06,458.644,470.25,26.125,928.893,1124.64,20.454,38.278,0.425952,0.916924,0.506247
output_length_sweep,docvqa,1792,64,8,iter008,docvqa_49168,16384,4096,24,,,389.8,0.732,2.324,349.741,28.222,855.524,858.061,533.203,23.183,1391.264,1585.677,17.251,43.136,0.280177,0.895103,0.383251
output_length_sweep,docvqa,1792,64,9,iter009,docvqa_24423,16384,4096,23,,,398.316,0.729,2.293,361.036,28.193,820.544,823.485,525.579,23.89,1349.064,1553.625,17.049,41.859,0.295254,0.903486,0.389588
output_length_sweep,docvqa,1792,64,10,iter010,docvqa_49172,16384,4096,32,,,362.734,0.726,2.28,325.566,28.146,813.073,815.632,790.885,25.512,1606.517,1820.321,19.919,39.197,0.225789,0.731898,0.492298
output_length_sweep,docvqa,1792,64,11,iter011,docvqa_57364,16384,4096,17,,,407.552,0.731,2.317,362.444,28.157,860.366,863.56,347.703,21.731,1211.263,1530.993,14.035,46.016,0.336468,1.046774,0.287058
output_length_sweep,docvqa,1792,64,12,iter012,docvqa_57366,16384,4096,17,,,379.337,0.73,2.303,340.506,28.161,798.904,801.294,383.247,23.953,1184.541,1412.54,14.352,41.749,0.320239,0.994681,0.323541
output_length_sweep,docvqa,1792,64,13,iter013,docvqa_57368,16384,4096,17,,,367.9,0.731,2.366,330.365,28.21,798.178,801.528,380.981,23.811,1182.509,1502.639,14.376,41.997,0.311118,0.986105,0.32218
output_length_sweep,docvqa,1792,64,14,iter014,docvqa_49177,16384,4096,27,,,390.492,0.73,2.407,346.05,28.209,816.211,820.197,524.826,20.186,1345.023,1591.543,20.074,49.54,0.290324,0.897162,0.390199
output_length_sweep,docvqa,1792,64,15,iter015,docvqa_57370,16384,4096,27,,,365.139,0.727,2.29,327.829,28.209,425.054,427.484,639.978,24.615,1067.462,1285.409,25.294,40.626,0.342063,0.740254,0.599533
output_length_sweep,docvqa,1792,64,16,iter016,docvqa_57371,16384,4096,30,,,391.512,0.729,2.298,352.459,28.162,840.629,843.235,2651.973,91.447,3495.208,3707.926,8.583,10.935,0.112014,0.352523,0.758745
output_length_sweep,docvqa,1792,64,17,iter017,docvqa_57372,16384,4096,25,,,368.634,0.732,2.305,328.809,28.21,428.653,431.478,595.013,24.792,1026.49,1343.136,24.355,40.335,0.359121,0.776712,0.579657
output_length_sweep,docvqa,1792,64,18,iter018,docvqa_49181,16384,4096,40,,,348.041,0.727,2.297,308.17,28.13,778.349,780.799,931.492,23.884,1712.291,2071.641,23.361,41.868,0.203261,0.657826,0.544003
output_length_sweep,docvqa,1792,64,19,iter019,docvqa_57373,16384,4096,23,,,345.605,0.731,2.336,308.648,28.151,405.366,408.182,501.65,22.802,909.831,1203.704,25.279,43.855,0.379856,0.825396,0.551366
output_length_sweep,docvqa,1792,64,20,iter020,docvqa_57374,16384,4096,18,,,344.788,0.731,2.274,307.208,28.157,404.505,406.918,406.988,23.94,813.906,1005.62,22.116,41.77,0.423621,0.920613,0.500043
output_length_sweep,docvqa,1792,64,21,iter021,docvqa_57375,16384,4096,32,,,383.265,0.725,2.287,344.894,28.292,443.203,445.659,689.218,22.233,1134.877,1366.261,28.197,44.979,0.337715,0.728245,0.607307
output_length_sweep,docvqa,1792,64,22,iter022,docvqa_57376,16384,4096,19,,,413.058,0.729,2.31,375.097,28.246,472.77,475.158,379.513,21.084,854.671,1048.649,22.231,47.429,0.483294,1.036455,0.444046
output_length_sweep,docvqa,1792,64,23,iter023,docvqa_49187,16384,4096,30,,,405.765,0.729,2.295,365.524,28.203,465.608,468.128,685.278,23.63,1153.406,1346.74,26.01,42.319,0.351797,0.755479,0.594134
output_length_sweep,docvqa,1792,64,24,iter024,docvqa_16424,16384,4096,20,,,393.214,0.727,2.283,356.063,28.241,453.331,455.721,492.43,25.917,948.151,1112.315,21.094,38.584,0.414717,0.892838,0.519358
output_length_sweep,docvqa,1792,64,25,iter025,docvqa_57386,16384,4096,19,,,368.52,0.73,2.304,329.801,28.161,428.324,430.801,449.404,24.967,880.206,1123.149,21.586,40.053,0.418675,0.905293,0.510567
output_length_sweep,docvqa,1792,64,26,iter026,docvqa_57387,16384,4096,20,,,350.905,0.728,2.326,311.149,28.171,410.839,413.415,436.506,22.974,849.921,1167.785,23.532,43.528,0.412868,0.896253,0.513584
output_length_sweep,docvqa,1792,64,27,iter027,docvqa_57388,16384,4096,20,,,344.489,0.734,2.307,306.555,28.12,404.394,406.868,409.018,21.527,815.885,1055.282,24.513,46.453,0.422228,0.917878,0.501317
output_length_sweep,docvqa,1792,64,28,iter028,docvqa_16429,16384,4096,13,,,408.264,0.73,2.325,370.78,28.184,468.325,471.329,272.15,22.679,743.479,926.809,17.485,44.093,0.549126,1.179036,0.366049
output_length_sweep,docvqa,1792,64,29,iter029,docvqa_16430,16384,4096,13,,,342.633,0.731,2.297,305.847,28.111,402.633,405.096,270.015,22.501,675.111,867.953,19.256,44.442,0.507521,1.103917,0.399957
output_length_sweep,docvqa,1792,64,30,iter030,docvqa_57391,16384,4096,11,,,412.859,0.732,2.28,375.319,28.235,473.176,475.475,233.645,23.364,709.12,908.039,15.512,42.8,0.582214,1.249486,0.329485
output_length_sweep,docvqa,1792,64,31,iter031,docvqa_57395,16384,4096,15,,,430.661,0.729,2.285,391.146,28.23,491.114,493.636,317.129,22.652,810.765,1026.02,18.501,44.146,0.531178,1.13692,0.391147
output_length_sweep,docvqa,1792,64,32,iter032,docvqa_16437,16384,4096,20,,,368.962,0.731,2.274,331.777,28.189,429.195,431.643,452.672,23.825,884.316,1077.96,22.616,41.973,0.417229,0.902571,0.51189
output_length_sweep,docvqa,1792,64,33,iter033,docvqa_16440,16384,4096,19,,,354.808,0.728,2.349,313.102,28.167,414.918,418.36,371.881,20.66,790.241,1079.174,24.043,48.403,0.448987,0.974039,0.470592
output_length_sweep,docvqa,1792,64,34,iter034,docvqa_57402,16384,4096,32,,,346.018,0.728,2.281,307.541,28.14,405.793,408.135,683.18,22.038,1091.316,1337.758,29.322,45.376,0.317065,0.688903,0.626015
output_length_sweep,docvqa,1792,64,35,iter035,docvqa_57403,16384,4096,32,,,340.378,0.73,2.283,303.405,28.162,400.33,402.604,664.187,21.425,1066.791,1272.865,29.997,46.674,0.319067,0.694332,0.622603
output_length_sweep,docvqa,1792,64,36,iter036,docvqa_57404,16384,4096,28,,,346.777,0.731,2.283,307.699,28.111,773.58,776.002,647.029,23.964,1423.031,1682.141,19.676,41.729,0.243689,0.787303,0.454683
output_length_sweep,docvqa,1792,64,37,iter037,docvqa_16444,16384,4096,24,,,350.632,0.731,2.328,313.558,28.141,410.571,413.362,525.658,22.855,939.019,1155.845,25.559,43.755,0.373402,0.810635,0.559794
output_length_sweep,docvqa,1792,64,38,iter038,docvqa_57407,16384,4096,21,,,364.362,0.727,2.311,327.768,28.145,424.119,426.839,447.311,22.366,874.15,1094.789,24.023,44.712,0.416818,0.901997,0.51171
output_length_sweep,docvqa,1792,64,39,iter039,docvqa_16447,16384,4096,26,,,367.502,0.733,2.326,329.327,28.177,427.904,431.308,606.003,24.24,1037.312,1456.106,25.065,41.254,0.354283,0.766796,0.584206
output_length_sweep,docvqa,1792,64,40,iter040,docvqa_57409,16384,4096,11,,,346.884,0.728,2.332,309.886,28.221,407.289,410.024,262.396,26.24,672.419,895.172,16.359,38.11,0.515875,1.121582,0.390226
output_length_sweep,docvqa,1792,64,41,iter041,docvqa_16450,16384,4096,11,,,398.329,0.729,2.328,359.214,28.204,458.669,461.483,233.077,23.308,694.56,888.468,15.837,42.904,0.573499,1.233872,0.335575
output_length_sweep,docvqa,1792,64,42,iter042,docvqa_57410,16384,4096,17,,,406.27,0.73,2.337,358.064,28.117,466.396,469.798,393.064,24.567,862.862,1074.681,19.702,40.706,0.470841,1.011363,0.455536
output_length_sweep,docvqa,1792,64,43,iter043,docvqa_57411,16384,4096,29,,,537.726,0.731,2.324,489.467,28.174,597.98,600.454,748.122,26.719,1348.576,1679.07,21.504,37.427,0.398736,0.842152,0.55475
output_length_sweep,docvqa,1792,64,44,iter044,docvqa_57413,16384,4096,42,,,381.125,0.73,2.332,342.397,28.335,441.462,444.623,979.321,23.886,1423.944,1651.95,29.496,41.866,0.267654,0.577682,0.687752
output_length_sweep,docvqa,1792,64,45,iter045,docvqa_57414,16384,4096,19,,,354.715,0.726,2.288,310.745,28.126,414.716,417.392,363.581,20.199,780.973,1114.213,24.329,49.508,0.454196,0.985221,0.465549
output_length_sweep,docvqa,1792,64,46,iter046,docvqa_57415,16384,4096,26,,,404.394,0.728,2.293,363.96,28.139,464.251,466.708,550.026,22.001,1016.734,1264.96,25.572,45.452,0.397738,0.854348,0.540973
output_length_sweep,docvqa,1792,64,47,iter047,docvqa_57416,16384,4096,18,,,418.251,0.73,2.299,368.275,28.128,478.038,480.592,380.397,22.376,860.989,1072.487,20.906,44.69,0.485779,1.040999,0.441814
output_length_sweep,docvqa,1792,64,48,iter048,docvqa_57417,16384,4096,15,,,397.253,0.733,2.287,356.121,28.14,457.167,459.669,317.589,22.685,777.259,984.258,19.299,44.082,0.511095,1.099273,0.408602
output_length_sweep,docvqa,1792,64,49,iter049,docvqa_57418,16384,4096,16,,,399.559,0.732,2.333,360.069,28.133,459.533,463.291,331.26,22.084,794.551,1072.872,20.137,45.282,0.502874,1.08123,0.416915
output_length_sweep,docvqa,1792,64,50,iter050,docvqa_24437,16384,4096,16,,,425.386,0.731,2.275,384.982,28.248,485.17,487.813,333.004,22.2,820.816,1006.734,19.493,45.045,0.518248,1.10933,0.405698
output_length_sweep,docvqa,1792,64,51,iter051,docvqa_24438,16384,4096,13,,,416.922,0.728,2.304,372.306,28.284,476.58,479.432,251.643,20.97,731.075,1045.467,17.782,47.687,0.570286,1.222176,0.344209
output_length_sweep,docvqa,1792,64,52,iter052,docvqa_16455,16384,4096,27,,,358.924,0.733,2.272,320.408,28.167,854.949,857.2,584.727,22.49,1441.927,1630.384,18.725,44.465,0.248919,0.841841,0.405518
output_length_sweep,docvqa,1792,64,53,iter053,docvqa_16456,16384,4096,13,,,362.839,0.734,2.338,313.158,28.076,422.605,425.943,248.834,20.736,674.776,936.181,19.266,48.225,0.537717,1.164006,0.368765
output_length_sweep,docvqa,1792,64,54,iter054,docvqa_16463,16384,4096,13,,,417.033,0.729,2.327,379.366,28.273,477.327,480.329,274.37,22.864,754.7,954.241,17.225,43.736,0.552582,1.185054,0.363549
output_length_sweep,docvqa,1792,64,55,iter055,docvqa_49234,16384,4096,15,,,382.386,0.733,2.285,342.621,28.323,442.379,444.89,288.217,20.587,733.107,937.348,20.461,48.575,0.521596,1.125027,0.393144
output_length_sweep,docvqa,1792,64,56,iter056,docvqa_57428,16384,4096,17,,,408.722,0.732,2.319,371.578,28.265,469.191,472.041,368.709,23.044,840.75,1143.636,20.22,43.395,0.486139,1.044202,0.438548
output_length_sweep,docvqa,1792,64,57,iter057,docvqa_24440,16384,4096,18,,,436.053,0.73,2.376,389.627,28.241,871.066,874.555,1468.331,86.372,2342.885,2562.113,7.683,11.578,0.186118,0.55791,0.626719
output_length_sweep,docvqa,1792,64,58,iter058,docvqa_16468,16384,4096,26,,,371.671,0.731,2.327,333.575,28.182,431.705,434.34,620.692,24.828,1055.031,1272.435,24.644,40.278,0.352284,0.761471,0.588316
output_length_sweep,docvqa,1792,64,59,iter059,docvqa_57431,16384,4096,21,,,417.229,0.732,2.286,376.744,28.305,478.073,480.467,466.929,23.346,947.397,1167.079,22.166,42.833,0.440395,0.945013,0.492855
output_length_sweep,docvqa,1792,64,60,iter060,docvqa_16473,16384,4096,13,,,417.331,0.728,2.307,378.634,28.418,478.141,480.686,285.858,23.821,766.544,971.817,16.959,41.979,0.544432,1.168194,0.372917
output_length_sweep,docvqa,1792,64,61,iter061,docvqa_49242,16384,4096,12,,,379.291,0.733,2.314,337.563,28.262,866.888,869.655,323.044,29.368,1192.699,1417.857,10.061,34.051,0.318011,1.04484,0.270851
output_length_sweep,docvqa,1792,64,62,iter062,docvqa_57439,16384,4096,53,,,397.625,0.732,2.319,358.619,28.217,458.616,461.069,5345.495,102.798,5806.563,6017.799,9.128,9.728,0.068479,0.147461,0.920595
output_length_sweep,docvqa,1792,64,63,iter063,docvqa_57440,16384,4096,17,,,407.814,0.73,2.316,368.697,28.281,468.064,470.632,366.469,22.904,837.102,1041.211,20.308,43.66,0.487174,1.046322,0.437784
output_length_sweep,docvqa,1792,64,64,iter064,docvqa_32870,16384,4096,43,,,408.193,0.731,2.301,370.77,28.286,468.126,470.856,905.609,21.562,1376.465,1636.658,31.239,46.378,0.296552,0.636645,0.657923
output_length_sweep,docvqa,1792,64,65,iter065,docvqa_32871,16384,4096,29,,,379.064,0.73,2.321,341.509,28.198,815.43,817.905,569.587,20.342,1387.492,1642.234,20.901,49.158,0.273201,0.860901,0.410515
output_length_sweep,docvqa,1792,64,66,iter066,docvqa_32872,16384,4096,17,,,408.516,0.73,2.367,370.399,28.216,468.78,472.882,425.038,26.565,897.92,1176.502,18.933,37.644,0.454958,0.977031,0.473358
output_length_sweep,docvqa,1792,64,67,iter067,docvqa_32873,16384,4096,22,,,380.6,0.733,2.298,343.38,28.229,440.52,443.003,575.582,27.409,1018.585,1262.567,21.599,36.485,0.373656,0.806139,0.56508
output_length_sweep,docvqa,1792,64,68,iter068,docvqa_32874,16384,4096,13,,,385.297,0.734,2.302,348.319,28.193,445.18,447.848,289.124,24.094,736.973,966.317,17.64,41.505,0.52281,1.126876,0.392313
output_length_sweep,docvqa,1792,64,69,iter069,docvqa_32875,16384,4096,21,,,406.171,0.727,2.32,368.184,28.196,466.279,468.91,488.022,24.401,956.932,1216.944,21.945,40.982,0.424452,0.911716,0.509986
output_length_sweep,docvqa,1792,64,70,iter070,docvqa_32876,16384,4096,22,,,368.518,0.732,2.307,331.404,28.196,428.336,430.759,522.506,24.881,953.266,1194.59,23.079,40.191,0.386585,0.83592,0.548122
output_length_sweep,docvqa,1792,64,71,iter071,docvqa_32877,16384,4096,28,,,380.61,0.732,2.292,338.515,28.234,441.047,443.507,654.317,24.234,1097.824,1334.01,25.505,41.264,0.346695,0.748441,0.596012
output_length_sweep,docvqa,1792,64,72,iter072,docvqa_32878,16384,4096,12,,,382.761,0.73,2.347,334.155,28.15,442.79,446.347,243.413,22.128,689.76,953.144,17.397,45.191,0.554919,1.196867,0.352895
output_length_sweep,docvqa,1792,64,73,iter073,docvqa_32879,16384,4096,18,,,382.797,0.73,2.31,340.976,28.164,442.786,445.767,385.831,22.696,831.598,1080.827,21.645,44.061,0.460315,0.992766,0.463963
output_length_sweep,docvqa,1792,64,74,iter074,docvqa_57449,16384,4096,11,,,382.17,0.731,2.309,344.11,28.28,442.2,444.596,279.074,27.907,723.67,988.523,15.2,35.833,0.528099,1.139152,0.385637
output_length_sweep,docvqa,1792,64,75,iter075,docvqa_32881,16384,4096,25,,,397.157,0.734,2.314,357.694,28.198,457.918,460.512,561.262,23.386,1021.774,1296.313,24.467,42.761,0.388693,0.836853,0.549302
output_length_sweep,docvqa,1792,64,76,iter076,docvqa_32882,16384,4096,27,,,379.199,0.728,2.294,342.302,28.118,439.387,442.01,588.5,22.635,1030.51,1274.321,26.201,44.18,0.367972,0.79435,0.571076
output_length_sweep,docvqa,1792,64,77,iter077,docvqa_32883,16384,4096,23,,,405.59,0.728,2.28,365.813,28.198,465.685,468.025,529.321,24.06,997.346,1197.918,23.061,41.563,0.40667,0.873594,0.53073
output_length_sweep,docvqa,1792,64,78,iter078,docvqa_57452,16384,4096,16,,,417.287,0.727,2.3,374.732,28.336,477.432,479.898,351.676,23.445,831.574,1072.152,19.241,42.653,0.501804,1.075934,0.422904
output_length_sweep,docvqa,1792,64,79,iter079,docvqa_32885,16384,4096,18,,,429.945,0.729,2.277,389.062,28.255,491.183,493.563,396.969,23.351,890.531,1124.183,20.213,42.825,0.482796,1.034358,0.445766
output_length_sweep,docvqa,1792,64,80,iter080,docvqa_32886,16384,4096,23,,,509.363,0.728,2.355,463.301,28.14,569.172,573.126,543.339,24.697,1116.465,1346.047,20.601,40.49,0.456229,0.966027,0.48666
output_length_sweep,docvqa,1792,64,81,iter081,docvqa_57454,16384,4096,57,,,393.17,0.727,2.288,353.271,28.288,453.331,455.799,3378.932,60.338,3834.73,4108.918,14.864,16.573,0.102529,0.220746,0.881139
output_length_sweep,docvqa,1792,64,82,iter082,docvqa_49263,16384,4096,30,,,375.287,0.732,2.302,335.179,28.136,435.458,438.106,731.842,25.236,1169.948,1426.286,25.642,39.626,0.320773,0.692976,0.625534
output_length_sweep,docvqa,1792,64,83,iter083,docvqa_32889,16384,4096,25,,,377.0,0.73,2.282,338.835,28.161,437.068,439.511,622.762,25.948,1062.273,1282.118,23.534,38.538,0.354899,0.766345,0.586254
output_length_sweep,docvqa,1792,64,84,iter084,docvqa_32890,16384,4096,16,,,378.012,0.73,2.292,339.435,28.198,437.902,440.515,308.373,20.558,748.888,979.003,21.365,48.642,0.504765,1.089502,0.411775
output_length_sweep,docvqa,1792,64,85,iter085,docvqa_32891,16384,4096,35,,,404.437,0.728,2.268,367.001,28.217,464.491,466.906,892.096,26.238,1359.001,1622.801,25.754,38.113,0.297599,0.639387,0.656435
output_length_sweep,docvqa,1792,64,86,iter086,docvqa_32892,16384,4096,17,,,377.006,0.73,2.29,337.396,28.164,437.07,439.839,473.612,29.601,913.45,1195.904,18.611,33.783,0.412727,0.89121,0.518486
output_length_sweep,docvqa,1792,64,87,iter087,docvqa_32893,16384,4096,21,,,379.389,0.734,2.331,341.773,28.135,439.337,442.76,418.713,20.936,861.473,1190.255,24.377,47.765,0.440395,0.950379,0.486043
output_length_sweep,docvqa,1792,64,88,iter088,docvqa_32894,16384,4096,20,,,373.663,0.73,2.282,335.138,28.166,433.786,436.298,522.125,27.48,958.423,1264.736,20.868,36.39,0.389873,0.842477,0.544775
output_length_sweep,docvqa,1792,64,89,iter089,docvqa_49274,16384,4096,19,,,371.43,0.732,2.292,333.816,28.135,431.575,433.962,444.16,24.676,878.123,1132.512,21.637,40.526,0.422982,0.914457,0.505807
output_length_sweep,docvqa,1792,64,90,iter090,docvqa_32896,16384,4096,13,,,378.103,0.73,2.288,336.593,28.149,438.342,440.909,260.036,21.67,700.945,999.046,18.546,46.147,0.539419,1.164777,0.370979
output_length_sweep,docvqa,1792,64,91,iter091,docvqa_32897,16384,4096,14,,,398.113,0.731,2.292,345.259,28.137,458.085,460.666,316.862,24.374,777.529,1325.723,18.006,41.027,0.512024,1.101179,0.407525
output_length_sweep,docvqa,1792,64,92,iter092,docvqa_32898,16384,4096,23,,,434.607,0.732,2.288,394.338,28.304,494.436,496.84,467.175,21.235,964.015,1218.216,23.859,47.092,0.450831,0.963723,0.484614
output_length_sweep,docvqa,1792,64,93,iter093,docvqa_57475,16384,4096,16,,,364.198,0.731,2.277,326.814,28.217,424.079,426.462,312.064,20.804,738.526,956.704,21.665,48.067,0.493142,1.067365,0.42255
output_length_sweep,docvqa,1792,64,94,iter094,docvqa_32900,16384,4096,20,,,384.864,0.732,2.309,346.254,28.159,444.974,447.613,377.511,19.869,825.124,1065.389,24.239,50.33,0.466432,1.005714,0.457521
output_length_sweep,docvqa,1792,64,95,iter095,docvqa_57476,16384,4096,23,,,345.901,0.729,2.28,308.829,28.099,405.743,408.033,501.866,22.812,909.898,1145.21,25.278,43.836,0.380153,0.826075,0.551562
output_length_sweep,docvqa,1792,64,96,iter096,docvqa_49279,16384,4096,11,,,407.737,0.727,2.265,368.737,28.213,468.166,470.424,227.377,22.738,697.802,951.225,15.764,43.98,0.584317,1.255233,0.325848
output_length_sweep,docvqa,1792,64,97,iter097,docvqa_49285,16384,4096,12,,,375.494,0.729,2.298,338.164,28.162,435.559,438.132,270.211,24.565,708.343,966.1,16.941,40.709,0.530102,1.144999,0.381469
output_length_sweep,docvqa,1792,64,98,iter098,docvqa_49292,16384,4096,46,,,381.126,0.731,2.312,343.582,28.161,441.45,444.312,1056.866,23.486,1501.178,1848.722,30.643,42.579,0.253885,0.547954,0.704024
output_length_sweep,docvqa,1792,64,99,iter099,docvqa_16529,16384,4096,15,,,372.394,0.728,2.308,335.386,28.143,432.354,435.051,315.614,22.544,750.664,980.208,19.982,44.358,0.496086,1.072048,0.420446
output_length_sweep,docvqa,1792,64,100,iter100,docvqa_49297,16384,4096,19,,,376.557,0.731,2.35,327.73,28.256,436.979,440.132,408.514,22.695,848.647,1215.323,22.389,44.062,0.443715,0.958627,0.481371
output_length_sweep,docvqa,1792,64,101,iter101,docvqa_16533,16384,4096,23,,,349.335,0.729,2.309,310.7,28.102,409.159,411.873,530.956,24.134,942.829,1175.933,24.395,41.435,0.370518,0.804488,0.563152
output_length_sweep,docvqa,1792,64,102,iter102,docvqa_49304,16384,4096,15,,,351.694,0.728,2.323,310.328,28.167,411.511,414.754,285.27,20.376,700.024,1021.908,21.428,49.076,0.502402,1.090254,0.407515
output_length_sweep,docvqa,1792,64,103,iter103,docvqa_16539,16384,4096,23,,,374.172,0.731,2.271,334.138,28.17,434.018,436.351,533.877,24.267,970.229,1169.854,23.706,41.208,0.385654,0.832989,0.550259
output_length_sweep,docvqa,1792,64,104,iter104,docvqa_16553,16384,4096,20,,,377.742,0.727,2.283,340.776,28.142,437.391,439.866,382.07,20.109,821.936,1043.068,24.333,49.729,0.459575,0.991722,0.464841
output_length_sweep,docvqa,1792,64,105,iter105,docvqa_49322,16384,4096,17,,,375.956,0.729,2.278,335.89,28.135,435.932,438.326,357.929,22.371,796.255,1169.708,21.35,44.702,0.472155,1.019633,0.449515
output_length_sweep,docvqa,1792,64,106,iter106,docvqa_57515,16384,4096,18,,,408.909,0.731,2.309,368.863,28.201,469.068,471.59,379.858,22.345,851.449,1084.364,21.14,44.754,0.480251,1.031157,0.446132
output_length_sweep,docvqa,1792,64,107,iter107,docvqa_49323,16384,4096,13,,,369.966,0.732,2.302,332.266,28.136,429.764,432.128,306.192,25.516,738.32,985.379,17.608,39.191,0.501091,1.083175,0.414714
output_length_sweep,docvqa,1792,64,108,iter108,docvqa_57517,16384,4096,10,,,374.088,0.728,2.294,336.609,28.166,434.289,436.744,205.05,22.783,641.793,878.886,15.581,43.892,0.582879,1.25956,0.319495
output_length_sweep,docvqa,1792,64,109,iter109,docvqa_49324,16384,4096,14,,,370.802,0.732,2.331,333.763,28.132,430.824,433.343,372.272,28.636,805.615,1040.433,17.378,34.921,0.460272,0.995049,0.462097
output_length_sweep,docvqa,1792,64,110,iter110,docvqa_57519,16384,4096,11,,,350.547,0.732,2.312,311.528,28.203,410.515,412.999,208.346,20.835,621.346,864.37,17.704,47.997,0.564174,1.224861,0.335315
output_length_sweep,docvqa,1792,64,111,iter111,docvqa_49325,16384,4096,14,,,399.238,0.734,2.268,361.874,28.205,460.01,462.259,281.585,21.66,743.845,958.828,18.821,46.167,0.536722,1.155144,0.378554
output_length_sweep,docvqa,1792,64,112,iter112,docvqa_57521,16384,4096,14,,,373.277,0.731,2.31,332.928,28.17,433.321,436.032,293.854,22.604,729.886,939.835,19.181,44.24,0.511419,1.105101,0.402602
output_length_sweep,docvqa,1792,64,113,iter113,docvqa_49326,16384,4096,18,,,401.453,0.73,2.314,363.779,28.291,462.194,464.793,403.781,23.752,868.574,1157.066,20.724,42.102,0.462198,0.994328,0.464878
output_length_sweep,docvqa,1792,64,114,iter114,docvqa_57523,16384,4096,16,,,347.687,0.731,2.305,308.177,28.14,407.704,410.171,346.774,23.118,756.944,982.124,21.138,43.256,0.459329,0.997947,0.458123
output_length_sweep,docvqa,1792,64,115,iter115,docvqa_57524,16384,4096,15,,,346.696,0.73,2.299,309.23,28.112,406.625,409.172,284.907,20.351,694.079,977.397,21.611,49.139,0.499504,1.085352,0.410482
output_length_sweep,docvqa,1792,64,116,iter116,docvqa_57525,16384,4096,25,,,389.984,0.729,2.302,352.674,28.333,823.947,826.355,532.471,22.186,1358.826,1579.734,18.398,45.073,0.287,0.893367,0.391861
output_length_sweep,docvqa,1792,64,117,iter117,docvqa_57526,16384,4096,11,,,355.572,0.732,2.311,318.153,28.099,415.294,417.677,206.237,20.624,623.914,813.937,17.631,48.488,0.569906,1.235534,0.330554
output_length_sweep,docvqa,1792,64,118,iter118,docvqa_57527,16384,4096,18,,,569.499,0.733,2.302,531.856,28.241,629.609,631.873,433.458,25.498,1065.331,1308.116,16.896,39.219,0.534575,1.125573,0.406876
output_length_sweep,docvqa,1792,64,119,iter119,docvqa_57528,16384,4096,28,,,378.891,0.731,2.309,341.149,28.17,438.541,441.423,574.054,21.261,1015.476,1306.371,27.573,47.034,0.373117,0.804975,0.565305
output_length_sweep,docvqa,1792,64,120,iter120,docvqa_57529,16384,4096,30,,,388.589,0.734,2.295,351.137,28.19,448.407,450.848,649.495,22.396,1100.343,1321.815,27.264,44.65,0.353153,0.760668,0.590266
output_length_sweep,docvqa,1792,64,121,iter121,docvqa_57530,16384,4096,11,,,351.612,0.73,2.263,311.02,28.156,411.426,413.929,206.926,20.693,620.856,914.699,17.717,48.326,0.566335,1.229012,0.333292
output_length_sweep,docvqa,1792,64,122,iter122,docvqa_57531,16384,4096,16,,,413.076,0.73,2.354,374.991,28.333,473.43,476.483,353.35,23.557,829.833,1056.113,19.281,42.451,0.497782,1.068294,0.425808
output_length_sweep,docvqa,1792,64,123,iter123,docvqa_57532,16384,4096,23,,,385.189,0.732,2.311,348.42,28.196,837.387,840.614,607.371,27.608,1447.985,1694.56,15.884,36.222,0.266017,0.844329,0.419459
output_length_sweep,docvqa,1792,64,124,iter124,docvqa_57533,16384,4096,19,,,349.978,0.733,2.315,312.96,28.194,409.848,412.522,431.556,23.975,844.078,1055.464,22.51,41.71,0.414627,0.900184,0.511275
output_length_sweep,docvqa,1792,64,125,iter125,docvqa_16568,16384,4096,11,,,358.369,0.732,2.28,321.503,28.168,418.32,420.775,214.226,21.423,635.001,843.571,17.323,46.68,0.56436,1.223131,0.337364
output_length_sweep,docvqa,1792,64,126,iter126,docvqa_16574,16384,4096,26,,,351.359,0.733,2.352,313.042,28.082,411.228,414.511,557.714,22.309,972.225,1271.426,26.743,44.826,0.361397,0.784373,0.573647
output_length_sweep,docvqa,1792,64,127,iter127,docvqa_57537,16384,4096,20,,,400.742,0.728,2.313,361.245,28.184,460.816,463.521,510.579,26.873,974.101,1203.943,20.532,37.213,0.411397,0.884465,0.524154
output_length_sweep,docvqa,1792,64,128,iter128,docvqa_57539,16384,4096,20,,,349.464,0.733,2.308,309.553,28.148,409.243,411.618,440.362,23.177,851.98,1058.673,23.475,43.146,0.410179,0.890522,0.516869
output_length_sweep,docvqa,1792,64,129,iter129,docvqa_57540,16384,4096,20,,,379.597,0.73,2.312,341.634,28.138,439.734,442.304,432.735,22.776,875.039,1145.738,22.856,43.907,0.433806,0.936337,0.494532
output_length_sweep,docvqa,1792,64,130,iter130,docvqa_57543,16384,4096,20,,,376.034,0.727,2.27,336.527,28.244,436.435,438.715,467.024,24.58,905.738,1137.919,22.081,40.683,0.415168,0.897024,0.515628
output_length_sweep,docvqa,1792,64,131,iter131,docvqa_57550,16384,4096,9,,,431.827,0.731,2.336,394.678,28.25,491.909,495.009,172.264,21.533,667.272,1402.481,13.488,46.44,0.647153,1.384346,0.258161
output_length_sweep,docvqa,1792,64,132,iter132,docvqa_49361,16384,4096,11,,,420.394,0.732,2.341,365.216,28.183,480.766,483.775,267.737,26.774,751.512,995.415,14.637,37.35,0.559398,1.19913,0.356264
output_length_sweep,docvqa,1792,64,133,iter133,docvqa_49362,16384,4096,18,,,423.069,0.733,2.399,382.415,28.354,483.371,487.036,402.58,23.681,889.616,1140.303,20.233,42.228,0.475564,1.018912,0.452533
output_length_sweep,docvqa,1792,64,134,iter134,docvqa_57557,16384,4096,26,,,376.751,0.732,2.326,339.676,28.207,437.186,440.148,661.783,26.471,1101.93,1715.279,23.595,37.777,0.341901,0.738646,0.600567
output_length_sweep,docvqa,1792,64,135,iter135,docvqa_49366,16384,4096,15,,,361.233,0.733,2.328,321.8,28.285,421.212,423.832,302.942,21.639,726.775,1012.687,20.639,46.213,0.497035,1.076598,0.416831
output_length_sweep,docvqa,1792,64,136,iter136,docvqa_32984,16384,4096,18,,,417.67,0.728,2.338,367.499,28.179,477.696,480.777,351.128,20.655,831.906,1051.671,21.637,48.415,0.502064,1.076283,0.422077
output_length_sweep,docvqa,1792,64,137,iter137,docvqa_49369,16384,4096,12,,,391.642,0.727,2.315,332.924,28.24,451.921,455.131,288.147,26.195,743.278,984.242,16.145,38.175,0.526912,1.134922,0.38767
output_length_sweep,docvqa,1792,64,138,iter138,docvqa_57562,16384,4096,11,,,408.014,0.731,2.351,370.424,28.218,468.276,471.469,269.648,26.965,741.117,954.748,14.842,37.085,0.550539,1.18239,0.36384
output_length_sweep,docvqa,1792,64,139,iter139,docvqa_32986,16384,4096,18,,,406.021,0.73,2.329,366.481,28.247,466.092,469.32,377.813,22.224,847.133,1110.721,21.248,44.996,0.479289,1.029488,0.44599
output_length_sweep,docvqa,1792,64,140,iter140,docvqa_57564,16384,4096,64,,,400.984,0.727,2.319,363.204,28.274,461.139,463.831,1541.914,24.475,2005.745,2270.76,31.908,40.858,0.199918,0.429827,0.768749
output_length_sweep,docvqa,1792,64,141,iter141,docvqa_49373,16384,4096,15,,,396.945,0.732,2.308,356.572,28.18,457.17,460.221,321.304,22.95,781.525,1061.572,19.193,43.572,0.507911,1.092883,0.411125
output_length_sweep,docvqa,1792,64,142,iter142,docvqa_16606,16384,4096,11,,,374.84,0.73,2.307,334.737,28.209,435.059,437.886,276.411,27.641,714.297,912.251,15.4,36.178,0.524768,1.133842,0.386969
output_length_sweep,docvqa,1792,64,143,iter143,docvqa_223,16384,4096,14,,,372.924,0.73,2.299,336.162,28.123,433.026,435.371,293.545,22.58,728.916,1039.925,19.207,44.286,0.511615,1.105684,0.402715
output_length_sweep,docvqa,1792,64,144,iter144,docvqa_224,16384,4096,16,,,400.763,0.726,2.305,363.913,28.268,461.011,463.624,403.7,26.913,867.323,1245.271,18.448,37.156,0.462068,0.993602,0.465455
output_length_sweep,docvqa,1792,64,145,iter145,docvqa_16609,16384,4096,18,,,376.514,0.731,2.314,339.158,28.254,436.516,439.343,378.187,22.246,817.53,1043.608,22.018,44.951,0.46055,0.994496,0.462597
output_length_sweep,docvqa,1792,64,146,iter146,docvqa_57566,16384,4096,17,,,344.519,0.73,2.27,307.377,28.125,404.15,406.356,364.012,22.751,770.368,1009.821,22.067,43.955,0.447213,0.971833,0.472516
output_length_sweep,docvqa,1792,64,147,iter147,docvqa_16611,16384,4096,20,,,417.233,0.732,2.34,374.25,28.159,477.617,481.598,397.654,20.929,879.252,1140.197,22.747,47.78,0.474531,1.01774,0.452264
output_length_sweep,docvqa,1792,64,148,iter148,docvqa_49376,16384,4096,13,,,405.584,0.733,2.341,368.639,28.301,466.114,469.087,269.152,22.429,738.239,1174.888,17.609,44.584,0.549395,1.180782,0.364587
output_length_sweep,docvqa,1792,64,149,iter149,docvqa_49381,16384,4096,17,,,354.491,0.731,2.311,316.824,28.187,414.508,417.056,330.943,20.684,747.999,1012.424,22.727,48.347,0.473919,1.028075,0.442438
output_length_sweep,docvqa,1792,64,150,iter150,docvqa_32989,16384,4096,17,,,424.36,0.729,2.304,380.381,28.168,484.233,487.278,355.258,22.204,842.535,1145.519,20.177,45.038,0.50367,1.078403,0.421653
output_length_sweep,docvqa,1792,64,151,iter151,docvqa_231,16384,4096,16,,,405.04,0.73,2.267,365.615,28.235,464.776,467.172,349.162,23.277,816.334,1029.822,19.6,42.96,0.49617,1.065516,0.42772
output_length_sweep,docvqa,1792,64,152,iter152,docvqa_232,16384,4096,17,,,397.101,0.733,2.309,359.53,28.119,457.222,459.896,394.539,24.659,854.435,1060.787,19.896,40.554,0.464753,0.999869,0.461754
output_length_sweep,docvqa,1792,64,153,iter153,docvqa_32994,16384,4096,17,,,395.719,0.727,2.279,356.527,28.233,455.496,457.899,398.324,24.895,856.223,1098.57,19.855,40.168,0.462168,0.994151,0.465211
output_length_sweep,docvqa,1792,64,154,iter154,docvqa_234,16384,4096,64,,,399.353,0.733,2.317,349.268,28.082,459.201,462.468,4327.905,68.697,4790.374,4973.923,13.36,14.557,0.083366,0.179225,0.903459
output_length_sweep,docvqa,1792,64,155,iter155,docvqa_4931,16384,4096,21,,,551.701,0.731,2.378,495.703,28.323,612.055,615.841,415.379,20.769,1031.22,1251.836,20.364,48.149,0.534998,1.128523,0.402804
output_length_sweep,docvqa,1792,64,156,iter156,docvqa_32995,16384,4096,17,,,401.177,0.731,2.34,363.472,28.196,461.191,464.244,394.753,24.672,858.997,1159.044,19.791,40.532,0.467029,1.003924,0.459551
output_length_sweep,docvqa,1792,64,157,iter157,docvqa_237,16384,4096,18,,,431.453,0.731,2.299,393.101,28.617,492.097,494.741,470.784,27.693,965.525,1178.065,18.643,36.11,0.446859,0.956527,0.487594
output_length_sweep,docvqa,1792,64,158,iter158,docvqa_49390,16384,4096,8,,,401.984,0.73,2.298,361.676,30.17,461.986,464.817,160.084,22.869,624.902,899.464,12.802,43.727,0.643276,1.38257,0.256175
output_length_sweep,docvqa,1792,64,159,iter159,docvqa_49391,16384,4096,23,,,375.279,0.733,2.303,338.279,28.157,435.424,438.02,575.862,26.176,1013.882,1247.847,22.685,38.204,0.370141,0.799604,0.567978
output_length_sweep,docvqa,1792,64,160,iter160,docvqa_49392,16384,4096,13,,,351.342,0.73,2.26,314.332,28.152,412.304,414.747,307.896,25.658,722.643,910.113,17.99,38.974,0.48619,1.056741,0.426069
output_length_sweep,docvqa,1792,64,161,iter161,docvqa_49393,16384,4096,18,,,386.069,0.731,2.254,347.592,28.21,445.671,447.984,405.598,23.859,853.581,1027.034,21.088,41.913,0.452294,0.974413,0.475172
output_length_sweep,docvqa,1792,64,162,iter162,docvqa_49394,16384,4096,16,,,352.543,0.729,2.287,312.66,28.107,412.517,415.334,367.269,24.485,782.603,1096.334,20.445,40.842,0.450475,0.977584,0.469291
output_length_sweep,docvqa,1792,64,163,iter163,docvqa_49395,16384,4096,20,,,406.099,0.731,2.266,363.514,28.197,466.042,468.442,468.927,24.68,937.369,1122.283,21.336,40.518,0.433233,0.930413,0.500259
output_length_sweep,docvqa,1792,64,164,iter164,docvqa_49396,16384,4096,22,,,387.764,0.73,2.303,349.989,28.274,447.627,450.134,440.108,20.958,890.242,1103.272,24.712,47.716,0.435572,0.938386,0.494369
output_length_sweep,docvqa,1792,64,165,iter165,docvqa_49397,16384,4096,16,,,386.835,0.731,2.275,350.141,28.243,446.725,449.085,334.076,22.272,783.161,959.524,20.43,44.9,0.493941,1.064354,0.426573
output_length_sweep,docvqa,1792,64,166,iter166,docvqa_49398,16384,4096,14,,,403.169,0.733,2.276,365.802,28.203,463.473,465.696,335.697,25.823,801.393,1002.015,17.47,38.725,0.503086,1.081419,0.418891
output_length_sweep,docvqa,1792,64,167,iter167,docvqa_49399,16384,4096,11,,,387.824,0.73,2.386,350.301,28.167,447.964,450.765,267.911,26.791,718.676,936.324,15.306,37.326,0.539637,1.162956,0.372784
output_length_sweep,docvqa,1792,64,168,iter168,docvqa_49400,16384,4096,26,,,413.161,0.732,2.287,369.413,28.202,473.33,475.765,592.192,23.688,1067.957,1407.561,24.346,42.216,0.386871,0.830082,0.554509
output_length_sweep,docvqa,1792,64,169,iter169,docvqa_49401,16384,4096,17,,,392.384,0.726,2.338,334.646,28.141,452.537,456.128,331.166,20.698,787.294,1139.68,21.593,48.314,0.498395,1.073196,0.420639
output_length_sweep,docvqa,1792,64,170,iter170,docvqa_49402,16384,4096,31,,,382.619,0.732,2.312,345.696,28.261,443.344,446.05,759.048,25.302,1205.098,1412.526,25.724,39.523,0.3175,0.685391,0.629864
output_length_sweep,docvqa,1792,64,171,iter171,docvqa_49403,16384,4096,10,,,412.786,0.73,2.304,375.46,28.276,472.845,475.285,266.28,29.587,741.565,930.318,13.485,33.799,0.556642,1.194274,0.359078
output_length_sweep,docvqa,1792,64,172,iter172,docvqa_49404,16384,4096,25,,,378.915,0.73,2.33,341.182,28.2,439.211,441.928,692.542,28.856,1134.47,1345.703,22.037,34.655,0.334002,0.721152,0.610454
output_length_sweep,docvqa,1792,64,173,iter173,docvqa_254,16384,4096,18,,,428.206,0.732,2.334,390.831,28.243,488.462,490.986,431.992,25.411,922.978,1147.463,19.502,39.353,0.46394,0.993164,0.468042
output_length_sweep,docvqa,1792,64,174,iter174,docvqa_255,16384,4096,16,,,405.398,0.731,2.319,365.057,28.154,465.313,468.059,419.089,27.939,887.149,1095.527,18.035,35.792,0.456967,0.981471,0.4724
output_length_sweep,docvqa,1792,64,175,iter175,docvqa_256,16384,4096,19,,,409.81,0.729,2.293,370.348,28.266,469.984,472.388,452.253,25.125,924.64,1138.677,20.549,39.801,0.44321,0.951499,0.489112
output_length_sweep,docvqa,1792,64,176,iter176,docvqa_49406,16384,4096,16,,,378.5,0.731,2.289,341.212,28.21,438.432,440.917,332.982,22.199,773.899,965.483,20.675,45.047,0.489081,1.055605,0.430265
output_length_sweep,docvqa,1792,64,177,iter177,docvqa_265,16384,4096,36,,,383.841,0.729,2.297,346.228,28.174,444.498,447.201,847.728,24.221,1294.928,1506.77,27.801,41.287,0.296419,0.63968,0.654652
output_length_sweep,docvqa,1792,64,178,iter178,docvqa_266,16384,4096,17,,,385.388,0.733,2.288,346.448,28.199,445.074,447.432,368.448,23.028,815.88,1019.834,20.836,43.425,0.472359,1.017874,0.451596
output_length_sweep,docvqa,1792,64,179,iter179,docvqa_267,16384,4096,27,,,387.664,0.732,2.32,347.873,28.187,447.942,450.746,661.442,25.44,1112.188,1392.103,24.276,39.308,0.34856,0.751318,0.594721
output_length_sweep,docvqa,1792,64,180,iter180,docvqa_271,16384,4096,17,,,382.758,0.73,2.283,345.166,28.222,442.576,445.002,326.345,20.397,771.347,982.252,22.039,49.028,0.49622,1.069991,0.423085
output_length_sweep,docvqa,1792,64,181,iter181,docvqa_49432,16384,4096,38,,,345.687,0.732,2.292,308.048,28.205,405.59,408.034,879.037,23.758,1287.071,1681.161,29.524,42.092,0.268585,0.583711,0.682975
output_length_sweep,docvqa,1792,64,182,iter182,docvqa_283,16384,4096,22,,,389.464,0.727,2.279,352.718,28.193,449.678,452.188,469.98,22.38,922.169,1119.879,23.857,44.683,0.422335,0.909966,0.509647
output_length_sweep,docvqa,1792,64,183,iter183,docvqa_284,16384,4096,29,,,391.567,0.732,2.272,353.913,28.191,452.169,454.426,584.838,20.887,1039.265,1217.836,27.904,47.876,0.376773,0.811858,0.562742
output_length_sweep,docvqa,1792,64,184,iter184,docvqa_285,16384,4096,16,,,432.06,0.731,2.359,388.87,28.338,492.414,496.203,342.032,22.802,838.235,1081.915,19.088,43.856,0.51544,1.102882,0.408038
output_length_sweep,docvqa,1792,64,185,iter185,docvqa_49437,16384,4096,15,,,440.953,0.734,2.377,387.976,28.25,501.64,505.163,286.615,20.473,791.778,1036.81,18.945,48.846,0.556915,1.190477,0.361989
output_length_sweep,docvqa,1792,64,186,iter186,docvqa_49442,16384,4096,15,,,404.468,0.733,2.291,364.456,28.157,464.43,466.762,349.214,24.944,815.976,1055.064,18.383,40.09,0.495686,1.064857,0.427971
output_length_sweep,docvqa,1792,64,187,iter187,docvqa_292,16384,4096,29,,,370.625,0.732,2.277,333.031,28.126,430.79,433.209,714.895,25.532,1148.105,1324.683,25.259,39.167,0.322815,0.698033,0.622674
output_length_sweep,docvqa,1792,64,188,iter188,docvqa_296,16384,4096,15,,,417.01,0.729,2.297,378.571,28.279,477.104,479.646,331.084,23.649,810.73,1037.65,18.502,42.285,0.514364,1.102851,0.408378
output_length_sweep,docvqa,1792,64,189,iter189,docvqa_297,16384,4096,17,,,422.405,0.729,2.313,384.461,28.407,483.021,485.681,365.11,22.819,850.792,1085.392,19.981,43.822,0.496485,1.064217,0.429142
output_length_sweep,docvqa,1792,64,190,iter190,docvqa_298,16384,4096,12,,,381.927,0.731,2.297,344.129,28.183,442.111,444.543,220.281,20.026,664.823,876.361,18.05,49.936,0.574479,1.239484,0.331337
output_length_sweep,docvqa,1792,64,191,iter191,docvqa_49449,16384,4096,17,,,345.462,0.731,2.303,304.67,28.108,405.363,407.597,400.77,25.048,808.367,1003.08,21.03,39.923,0.427358,0.928817,0.495777
output_length_sweep,docvqa,1792,64,192,iter192,docvqa_300,16384,4096,20,,,349.235,0.732,2.289,311.343,28.121,409.312,411.922,409.536,21.555,821.459,1011.862,24.347,46.394,0.42514,0.923415,0.498548
output_length_sweep,docvqa,1792,64,193,iter193,docvqa_49454,16384,4096,20,,,624.534,0.733,2.317,572.608,28.171,684.456,688.096,439.726,23.143,1127.822,1329.107,17.733,43.209,0.553752,1.160634,0.38989
output_length_sweep,docvqa,1792,64,194,iter194,docvqa_303,16384,4096,17,,,370.217,0.732,2.279,331.586,28.143,429.95,432.568,360.423,22.526,792.991,995.666,21.438,44.392,0.466861,1.00905,0.454511
output_length_sweep,docvqa,1792,64,195,iter195,docvqa_304,16384,4096,28,,,373.159,0.73,2.286,335.352,28.14,432.947,435.672,659.116,24.412,1094.788,1482.584,25.576,40.964,0.34085,0.736312,0.602049
output_length_sweep,docvqa,1792,64,196,iter196,docvqa_305,16384,4096,19,,,378.85,0.731,2.294,341.466,28.199,439.182,441.715,482.864,26.826,924.579,1127.497,20.55,37.278,0.409754,0.884762,0.522253
output_length_sweep,docvqa,1792,64,197,iter197,docvqa_49455,16384,4096,40,,,374.155,0.732,2.292,337.002,28.17,433.907,436.648,910.039,23.334,1346.687,1514.12,29.703,42.855,0.277834,0.600037,0.675761
output_length_sweep,docvqa,1792,64,198,iter198,docvqa_307,16384,4096,16,,,406.598,0.732,2.428,361.684,28.259,466.599,470.499,314.092,20.939,784.591,990.331,20.393,47.757,0.518229,1.112933,0.400325
output_length_sweep,docvqa,1792,64,199,iter199,docvqa_49461,16384,4096,20,,,360.898,0.73,2.323,323.775,28.175,420.947,423.923,468.959,24.682,892.883,1103.694,22.399,40.515,0.404194,0.875642,0.525219
output_length_sweep,docvqa,1792,64,200,iter200,docvqa_49465,16384,4096,22,,,352.939,0.731,2.269,315.587,28.153,412.713,415.246,476.145,22.674,891.391,1137.681,24.681,44.104,0.395942,0.858941,0.53416
output_length_sweep,docvqa,1792,64,201,iter201,docvqa_317,16384,4096,11,,,372.377,0.729,2.272,333.132,28.15,432.348,434.84,222.96,22.296,657.801,856.529,16.722,44.851,0.566094,1.223357,0.338948
output_length_sweep,docvqa,1792,64,202,iter202,docvqa_319,16384,4096,22,,,419.904,0.728,2.267,370.458,28.15,479.915,482.313,462.994,22.047,945.306,1244.745,23.273,45.357,0.444199,0.95188,0.489782
output_length_sweep,docvqa,1792,64,203,iter203,docvqa_320,16384,4096,64,,,378.952,0.729,2.31,338.631,28.169,438.848,441.239,1526.519,24.23,1967.758,2256.517,32.524,41.27,0.192581,0.4156,0.775766
output_length_sweep,docvqa,1792,64,204,iter204,docvqa_321,16384,4096,64,,,421.592,0.728,2.293,380.866,28.366,482.149,484.853,1531.236,24.305,2016.089,2221.081,31.745,41.143,0.209114,0.448264,0.759508
output_length_sweep,docvqa,1792,64,205,iter205,docvqa_345,16384,4096,13,,,402.077,0.729,2.545,358.525,28.167,461.965,465.853,246.955,20.58,712.807,937.236,18.238,48.592,0.564075,1.212168,0.346454
output_length_sweep,docvqa,1792,64,206,iter206,docvqa_346,16384,4096,27,,,369.911,0.729,2.299,333.143,28.179,430.07,432.374,581.441,22.363,1013.815,1209.25,26.632,44.716,0.36487,0.789079,0.573518
output_length_sweep,docvqa,1792,64,207,iter207,docvqa_347,16384,4096,25,,,385.955,0.732,2.299,344.679,28.158,445.803,448.176,484.438,20.185,932.614,1145.466,26.806,49.542,0.413843,0.891858,0.519441
output_length_sweep,docvqa,1792,64,208,iter208,docvqa_348,16384,4096,21,,,500.386,0.731,2.265,438.209,28.318,560.522,562.819,447.209,22.36,1010.028,1213.769,20.792,44.722,0.495418,1.050374,0.442769
output_length_sweep,docvqa,1792,64,209,iter209,docvqa_6943,16384,4096,17,,,440.306,0.731,2.297,403.125,28.262,500.367,502.981,378.399,23.65,881.38,1178.583,19.288,42.283,0.499564,1.067273,0.429326
output_length_sweep,docvqa,1792,64,210,iter210,docvqa_357,16384,4096,13,,,406.79,0.731,2.286,369.282,28.272,467.246,469.679,334.653,27.888,804.332,1031.916,16.162,35.858,0.50575,1.086662,0.416064
output_length_sweep,docvqa,1792,64,211,iter211,docvqa_358,16384,4096,16,,,372.128,0.732,2.283,335.108,28.115,432.044,434.375,426.434,28.429,860.809,1034.716,18.587,35.175,0.4323,0.934205,0.495388
output_length_sweep,docvqa,1792,64,212,iter212,docvqa_359,16384,4096,17,,,399.244,0.73,2.271,362.034,28.214,459.528,461.831,396.977,24.811,858.807,1043.956,19.795,40.305,0.464882,0.999959,0.462242
output_length_sweep,docvqa,1792,64,213,iter213,docvqa_360,16384,4096,21,,,379.532,0.734,2.302,340.133,28.184,440.174,442.822,549.17,27.458,991.992,1197.564,21.17,36.419,0.382595,0.826323,0.553603
output_length_sweep,docvqa,1792,64,214,iter214,docvqa_361,16384,4096,33,,,408.329,0.728,2.294,371.088,28.191,468.41,471.045,786.02,24.563,1257.065,1454.043,26.252,40.711,0.324827,0.697449,0.625282
output_length_sweep,docvqa,1792,64,215,iter215,docvqa_362,16384,4096,22,,,350.388,0.734,2.298,313.873,28.1,410.432,412.937,482.804,22.991,895.741,1105.607,24.561,43.496,0.391171,0.849374,0.538999
output_length_sweep,docvqa,1792,64,216,iter216,docvqa_363,16384,4096,19,,,377.132,0.73,2.376,334.88,28.178,437.249,441.37,409.983,22.777,851.353,1211.522,22.317,43.904,0.44298,0.956573,0.481566
output_length_sweep,docvqa,1792,64,217,iter217,docvqa_364,16384,4096,34,,,377.052,0.732,2.309,340.063,28.211,437.376,440.352,787.821,23.873,1228.173,1573.224,27.683,41.888,0.307002,0.663121,0.641458
output_length_sweep,docvqa,1792,64,218,iter218,docvqa_365,16384,4096,26,,,448.419,0.728,2.401,398.394,28.273,508.555,511.028,588.17,23.527,1099.198,1307.592,23.654,42.505,0.407951,0.870611,0.53509
output_length_sweep,docvqa,1792,64,219,iter219,docvqa_8560,16384,4096,20,,,465.595,0.731,2.325,425.591,28.319,525.844,529.038,421.767,22.198,950.805,1180.646,21.035,45.049,0.489685,1.042737,0.443589
output_length_sweep,docvqa,1792,64,220,iter220,docvqa_4958,16384,4096,17,,,386.81,0.729,2.308,345.418,28.252,447.831,450.276,419.164,26.198,869.439,1086.013,19.553,38.171,0.444896,0.959977,0.482108
output_length_sweep,docvqa,1792,64,221,iter221,docvqa_8565,16384,4096,27,,,374.787,0.734,2.312,335.199,28.181,434.904,437.64,625.453,24.056,1063.094,1266.848,25.398,41.57,0.352544,0.761637,0.588333
output_length_sweep,docvqa,1792,64,222,iter222,docvqa_4959,16384,4096,6,,,381.002,0.734,2.302,342.616,28.179,441.246,443.734,119.838,23.968,563.572,771.055,10.646,41.723,0.676048,1.458992,0.21264
output_length_sweep,docvqa,1792,64,223,iter223,docvqa_375,16384,4096,24,,,417.01,0.73,2.313,380.401,28.201,476.98,479.482,565.96,24.607,1045.442,1246.739,22.957,40.639,0.398884,0.855132,0.54136
output_length_sweep,docvqa,1792,64,224,iter224,docvqa_376,16384,4096,23,,,402.794,0.735,2.31,362.838,28.201,462.767,465.235,489.851,22.266,955.086,1251.796,24.082,44.912,0.421736,0.906266,0.512886
output_length_sweep,docvqa,1792,64,225,iter225,docvqa_377,16384,4096,12,,,432.573,0.733,2.287,395.77,28.25,492.798,495.16,245.323,22.302,740.483,933.392,16.206,44.839,0.584177,1.249686,0.331301
output_length_sweep,docvqa,1792,64,226,iter226,docvqa_49528,16384,4096,9,,,404.826,0.732,2.284,367.393,28.283,465.517,467.899,249.367,31.171,717.266,954.211,12.548,32.081,0.564401,1.213417,0.347663
output_length_sweep,docvqa,1792,64,227,iter227,docvqa_49530,16384,4096,9,,,376.082,0.734,2.287,335.989,28.143,436.224,438.597,180.992,22.624,619.59,843.645,14.526,44.201,0.606986,1.311039,0.292116
output_length_sweep,docvqa,1792,64,228,iter228,docvqa_49532,16384,4096,18,,,387.252,0.732,2.274,347.837,28.153,447.017,449.485,388.42,22.848,837.905,1162.317,21.482,43.767,0.462167,0.99566,0.463561
output_length_sweep,docvqa,1792,64,229,iter229,docvqa_24499,16384,4096,64,,,409.382,0.732,2.293,369.645,28.184,469.512,471.794,1493.899,23.713,1965.694,2177.929,32.558,42.172,0.208263,0.447117,0.759986
output_length_sweep,docvqa,1792,64,230,iter230,docvqa_49534,16384,4096,20,,,531.175,0.731,2.319,493.691,28.243,591.088,593.849,454.602,23.926,1048.452,1307.852,19.076,41.795,0.506628,1.0704,0.433594
output_length_sweep,docvqa,1792,64,231,iter231,docvqa_383,16384,4096,41,,,397.323,0.726,2.315,360.171,28.129,457.294,459.946,886.238,22.156,1346.185,1522.08,30.456,45.135,0.295147,0.634843,0.658334
output_length_sweep,docvqa,1792,64,232,iter232,docvqa_384,16384,4096,49,,,398.088,0.732,2.255,359.754,28.122,457.808,460.254,1196.717,24.932,1656.97,1866.079,29.572,40.11,0.24025,0.516543,0.722232
output_length_sweep,docvqa,1792,64,233,iter233,docvqa_385,16384,4096,64,,,403.977,0.729,2.282,367.324,28.248,464.076,466.638,2075.897,32.951,2542.535,2747.217,25.172,30.348,0.158887,0.341412,0.816467
output_length_sweep,docvqa,1792,64,234,iter234,docvqa_49536,16384,4096,45,,,371.59,0.729,2.289,334.299,28.214,431.627,434.217,1150.451,26.147,1584.668,1809.085,28.397,38.246,0.234491,0.506868,0.725988
output_length_sweep,docvqa,1792,64,235,iter235,docvqa_24500,16384,4096,45,,,399.2,0.731,2.289,361.614,28.291,459.546,462.302,1007.451,22.897,1469.753,1688.756,30.617,43.675,0.27161,0.584279,0.685456
output_length_sweep,docvqa,1792,64,236,iter236,docvqa_33153,16384,4096,25,,,371.201,0.732,2.315,333.03,28.177,431.111,434.363,612.766,25.532,1047.129,1303.831,23.875,39.167,0.354494,0.766202,0.585187
output_length_sweep,docvqa,1792,64,237,iter237,docvqa_57733,16384,4096,24,,,368.689,0.731,2.283,331.842,28.125,428.571,431.267,584.589,25.417,1015.856,1231.432,23.625,39.344,0.362934,0.784816,0.575465
output_length_sweep,docvqa,1792,64,238,iter238,docvqa_49542,16384,4096,18,,,420.576,0.728,2.305,383.613,28.219,480.909,483.277,344.909,20.289,828.185,1040.641,21.734,49.288,0.507828,1.088506,0.416463
output_length_sweep,docvqa,1792,64,239,iter239,docvqa_33158,16384,4096,11,,,371.153,0.73,2.292,332.003,28.115,431.211,433.945,274.19,27.419,708.135,973.446,15.534,36.471,0.524128,1.133068,0.387201
output_length_sweep,docvqa,1792,64,240,iter240,docvqa_49544,16384,4096,31,,,358.086,0.732,2.309,317.446,28.493,418.132,420.636,726.755,24.225,1147.391,1382.36,27.018,41.279,0.312087,0.676507,0.633398
output_length_sweep,docvqa,1792,64,241,iter241,docvqa_58694,16384,4096,20,,,351.553,0.733,2.312,312.691,28.122,411.875,414.262,483.619,25.454,897.881,1094.177,22.275,39.287,0.391536,0.850255,0.538623
output_length_sweep,docvqa,1792,64,242,iter242,docvqa_49546,16384,4096,62,,,382.739,0.728,2.299,345.604,28.248,442.798,445.078,1712.794,28.079,2157.872,2398.258,28.732,35.614,0.177368,0.38257,0.793742
output_length_sweep,docvqa,1792,64,243,iter243,docvqa_395,16384,4096,12,,,412.0,0.73,2.3,374.083,28.337,472.582,475.107,257.012,23.365,732.119,945.271,16.391,42.8,0.562751,1.20825,0.351052
output_length_sweep,docvqa,1792,64,244,iter244,docvqa_396,16384,4096,22,,,380.192,0.728,2.305,341.147,28.178,440.103,442.797,597.392,28.447,1040.188,1247.752,21.15,35.153,0.365503,0.788602,0.574311
output_length_sweep,docvqa,1792,64,245,iter245,docvqa_397,16384,4096,22,,,432.24,0.73,2.278,395.15,28.206,492.122,494.513,498.668,23.746,993.181,1184.145,22.151,42.112,0.435207,0.930708,0.502092
output_length_sweep,docvqa,1792,64,246,iter246,docvqa_49550,16384,4096,52,,,409.33,0.73,2.268,356.419,28.194,469.139,471.582,1263.448,24.773,1735.03,1979.319,29.971,40.366,0.235921,0.506314,0.7282
output_length_sweep,docvqa,1792,64,247,iter247,docvqa_58695,16384,4096,24,,,411.778,0.73,2.351,372.829,28.23,471.889,474.543,615.923,26.779,1090.465,1419.184,22.009,37.342,0.377617,0.810358,0.564826
output_length_sweep,docvqa,1792,64,248,iter248,docvqa_398,16384,4096,14,,,377.731,0.729,2.288,335.458,28.14,437.643,440.096,340.76,26.212,780.856,978.028,17.929,38.15,0.48374,1.044206,0.436393
output_length_sweep,docvqa,1792,64,249,iter249,docvqa_49555,16384,4096,34,,,412.378,0.733,2.325,375.085,28.319,472.555,475.277,807.118,24.458,1282.395,1586.808,26.513,40.886,0.321569,0.690062,0.629383
output_length_sweep,docvqa,1792,64,250,iter250,docvqa_16789,16384,4096,25,,,414.697,0.732,2.307,370.144,28.13,474.579,478.065,476.658,19.861,954.723,1176.954,26.186,50.351,0.434363,0.931449,0.499263
output_length_sweep,docvqa,1792,64,251,iter251,docvqa_407,16384,4096,14,,,380.254,0.728,2.306,342.765,28.145,440.513,443.28,335.159,25.781,778.439,982.477,17.985,38.788,0.488483,1.054376,0.430553
output_length_sweep,docvqa,1792,64,252,iter252,docvqa_49560,16384,4096,28,,,372.904,0.73,2.293,333.372,28.145,433.02,435.727,621.921,23.034,1057.648,1371.607,26.474,43.414,0.352579,0.761997,0.588022
output_length_sweep,docvqa,1792,64,253,iter253,docvqa_408,16384,4096,15,,,401.819,0.728,2.296,364.336,28.178,461.739,464.297,313.453,22.389,777.75,1067.114,19.286,44.664,0.516642,1.110328,0.403025
output_length_sweep,docvqa,1792,64,254,iter254,docvqa_409,16384,4096,22,,,347.323,0.728,2.288,307.99,28.099,407.188,409.517,582.181,27.723,991.697,1176.305,22.184,36.071,0.350231,0.760828,0.587055
output_length_sweep,docvqa,1792,64,255,iter255,docvqa_24505,16384,4096,17,,,410.514,0.729,2.354,372.661,28.293,470.605,474.279,346.244,21.64,820.523,1045.859,20.718,46.21,0.500308,1.073851,0.42198
output_length_sweep,docvqa,1792,64,256,iter256,docvqa_410,16384,4096,27,,,410.886,0.731,2.321,370.996,28.192,471.061,474.013,665.98,25.615,1139.993,1430.959,23.684,39.04,0.360429,0.773642,0.584196
output_length_sweep,docvqa,1792,64,257,iter257,docvqa_49565,16384,4096,13,,,349.075,0.731,2.307,309.926,28.103,408.817,411.396,290.455,24.205,701.851,933.759,18.522,41.314,0.497363,1.079847,0.413842
output_length_sweep,docvqa,1792,64,258,iter258,docvqa_16801,16384,4096,10,,,385.099,0.732,2.269,346.17,28.202,444.932,447.261,225.54,25.06,672.801,859.141,14.863,39.904,0.572382,1.233694,0.335225
output_length_sweep,docvqa,1792,64,259,iter259,docvqa_49569,16384,4096,14,,,403.669,0.732,2.318,366.425,28.182,463.805,466.597,337.862,25.989,804.459,1051.36,17.403,38.477,0.501789,1.078332,0.419987
output_length_sweep,docvqa,1792,64,260,iter260,docvqa_57765,16384,4096,21,,,372.783,0.731,2.285,333.461,28.166,433.224,435.669,493.562,24.678,929.231,1196.772,22.599,40.522,0.401173,0.867391,0.531151
output_length_sweep,docvqa,1792,64,261,iter261,docvqa_57766,16384,4096,17,,,377.022,0.73,2.302,339.762,28.178,437.501,440.218,413.631,25.852,853.849,1074.134,19.91,38.682,0.441556,0.953942,0.484432
output_length_sweep,docvqa,1792,64,262,iter262,docvqa_57767,16384,4096,14,,,375.958,0.73,2.305,335.071,28.12,436.089,438.461,340.823,26.217,779.284,998.071,17.965,38.143,0.48244,1.042041,0.437354
output_length_sweep,docvqa,1792,64,263,iter263,docvqa_58700,16384,4096,22,,,379.846,0.729,2.286,340.266,28.22,439.955,442.345,540.23,25.725,982.575,1244.721,22.39,38.872,0.386582,0.834339,0.54981
output_length_sweep,docvqa,1792,64,264,iter264,docvqa_49574,16384,4096,20,,,373.386,0.731,2.29,336.331,28.174,433.421,435.858,534.483,28.131,970.341,1207.184,20.611,35.548,0.384798,0.831467,0.55082
output_length_sweep,docvqa,1792,64,265,iter265,docvqa_57770,16384,4096,15,,,397.354,0.728,2.321,360.173,28.386,458.001,460.512,341.137,24.367,801.649,1018.121,18.711,41.039,0.495671,1.066994,0.425544
output_length_sweep,docvqa,1792,64,266,iter266,docvqa_57771,16384,4096,60,,,407.852,0.727,2.308,370.691,28.176,467.881,470.573,1486.178,25.189,1956.751,2330.315,30.663,39.699,0.208434,0.447545,0.759513
output_length_sweep,docvqa,1792,64,267,iter267,docvqa_49579,16384,4096,16,,,392.086,0.731,2.28,354.418,28.238,451.933,454.459,361.554,24.104,816.013,1042.201,19.608,41.488,0.48049,1.034321,0.443074
output_length_sweep,docvqa,1792,64,268,iter268,docvqa_49577,16384,4096,12,,,499.376,0.731,2.26,461.894,28.162,559.198,561.521,234.025,21.275,795.546,989.995,15.084,47.003,0.627714,1.330624,0.294169
output_length_sweep,docvqa,1792,64,269,iter269,docvqa_49583,16384,4096,20,,,405.568,0.732,2.307,368.401,28.242,465.766,468.22,480.777,25.304,948.997,1190.25,21.075,39.519,0.427365,0.918162,0.506616
output_length_sweep,docvqa,1792,64,270,iter270,docvqa_431,16384,4096,28,,,361.826,0.728,2.283,324.408,28.153,421.687,424.244,622.292,23.048,1046.536,1231.062,26.755,43.388,0.345737,0.748673,0.594621
output_length_sweep,docvqa,1792,64,271,iter271,docvqa_58702,16384,4096,19,,,378.01,0.731,2.295,340.457,28.163,438.044,440.923,449.351,24.964,890.273,1165.243,21.342,40.058,0.4246,0.916633,0.504733
output_length_sweep,docvqa,1792,64,272,iter272,docvqa_49586,16384,4096,64,,,382.318,0.73,2.283,345.589,28.23,442.752,445.282,1483.389,23.546,1928.671,2170.982,33.183,42.47,0.198229,0.427792,0.769125
output_length_sweep,docvqa,1792,64,273,iter273,docvqa_432,16384,4096,20,,,428.871,0.735,2.279,390.922,28.202,489.265,491.527,451.947,23.787,943.474,1144.201,21.198,42.04,0.454566,0.973144,0.479024
output_length_sweep,docvqa,1792,64,274,iter274,docvqa_57780,16384,4096,17,,,413.665,0.729,2.308,371.691,28.202,473.698,476.376,361.885,22.618,838.261,1081.584,20.28,44.213,0.49348,1.058576,0.431709
output_length_sweep,docvqa,1792,64,275,iter275,docvqa_57781,16384,4096,15,,,383.893,0.73,2.297,346.093,28.201,443.827,446.439,284.212,20.301,730.652,957.912,20.53,49.259,0.525412,1.132852,0.388985
output_length_sweep,docvqa,1792,64,276,iter276,docvqa_57782,16384,4096,64,,,352.553,0.728,2.319,315.553,28.161,412.332,416.705,2375.617,37.708,2792.322,3017.769,22.92,26.519,0.126258,0.273924,0.850767
output_length_sweep,docvqa,1792,64,277,iter277,docvqa_57783,16384,4096,18,,,404.211,0.733,2.272,365.754,28.224,464.295,466.716,418.217,24.601,884.933,1098.185,20.341,40.649,0.45677,0.981437,0.472597
output_length_sweep,docvqa,1792,64,278,iter278,docvqa_57784,16384,4096,46,,,373.821,0.729,2.286,333.941,28.197,433.848,436.223,1081.59,24.035,1517.814,1725.955,30.307,41.605,0.246289,0.532127,0.712598
output_length_sweep,docvqa,1792,64,279,iter279,docvqa_433,16384,4096,19,,,383.88,0.728,2.317,346.379,28.162,443.925,446.581,458.154,25.453,904.735,1120.066,21.001,39.288,0.424301,0.91497,0.506396
output_length_sweep,docvqa,1792,64,280,iter280,docvqa_16826,16384,4096,43,,,378.107,0.727,2.297,340.302,28.17,437.952,440.593,991.239,23.601,1431.832,1622.784,30.031,42.371,0.264072,0.56994,0.692287
output_length_sweep,docvqa,1792,64,281,iter281,docvqa_57786,16384,4096,17,,,381.524,0.727,2.341,341.507,28.237,441.831,444.427,402.488,25.156,846.915,1066.817,20.073,39.753,0.450487,0.972182,0.47524
output_length_sweep,docvqa,1792,64,282,iter282,docvqa_49595,16384,4096,26,,,398.004,0.733,2.311,358.662,28.511,458.188,460.652,688.775,27.551,1149.426,1391.719,22.62,36.296,0.346263,0.744886,0.599234
output_length_sweep,docvqa,1792,64,283,iter283,docvqa_444,16384,4096,18,,,430.405,0.729,2.334,392.521,28.265,490.706,493.912,415.822,24.46,909.733,1136.906,19.786,40.883,0.473111,1.012507,0.457081
output_length_sweep,docvqa,1792,64,284,iter284,docvqa_16830,16384,4096,23,,,438.248,0.729,2.295,388.94,28.176,498.969,501.466,488.813,22.219,990.279,1201.27,23.226,45.007,0.44255,0.946417,0.493612
output_length_sweep,docvqa,1792,64,285,iter285,docvqa_16831,16384,4096,23,,,398.082,0.729,2.345,353.026,28.217,458.07,461.26,458.114,20.823,919.374,1135.098,25.017,48.023,0.432992,0.931233,0.498289
output_length_sweep,docvqa,1792,64,286,iter286,docvqa_16832,16384,4096,16,,,392.083,0.729,2.277,352.947,28.267,451.935,454.375,323.279,21.552,777.655,992.11,20.575,46.399,0.504187,1.085338,0.415711
output_length_sweep,docvqa,1792,64,287,iter287,docvqa_57790,16384,4096,9,,,382.484,0.731,2.262,342.634,28.144,442.387,444.657,169.812,21.226,614.469,834.147,14.647,47.111,0.622463,1.342412,0.276356
output_length_sweep,docvqa,1792,64,288,iter288,docvqa_57791,16384,4096,27,,,432.265,0.732,2.34,387.808,28.241,492.72,496.584,647.038,24.886,1143.621,1411.939,23.609,40.183,0.377979,0.808822,0.56578
output_length_sweep,docvqa,1792,64,289,iter289,docvqa_16835,16384,4096,20,,,403.257,0.73,2.289,358.996,28.233,463.361,465.957,436.272,22.962,902.229,1276.546,22.167,43.551,0.446956,0.960529,0.483549
output_length_sweep,docvqa,1792,64,290,iter290,docvqa_450,16384,4096,15,,,384.293,0.727,2.329,346.881,28.214,444.212,447.246,298.103,21.293,745.349,959.704,20.125,46.964,0.515589,1.111567,0.399951
output_length_sweep,docvqa,1792,64,291,iter291,docvqa_16837,16384,4096,17,,,387.436,0.728,2.264,345.276,28.267,447.323,449.749,337.438,21.09,787.187,986.232,21.596,47.416,0.492179,1.060433,0.428663
output_length_sweep,docvqa,1792,64,292,iter292,docvqa_57798,16384,4096,28,,,428.715,0.732,2.325,389.901,28.195,489.08,491.789,607.294,22.492,1099.083,1314.139,25.476,44.46,0.390066,0.835054,0.552546
output_length_sweep,docvqa,1792,64,293,iter293,docvqa_16839,16384,4096,19,,,380.085,0.734,2.382,341.62,28.165,439.829,443.561,359.701,19.983,803.262,1113.935,23.654,50.042,0.473176,1.02073,0.4478
output_length_sweep,docvqa,1792,64,294,iter294,docvqa_57799,16384,4096,21,,,372.751,0.73,2.303,334.455,28.144,432.973,435.68,446.301,22.315,881.981,1184.745,23.81,44.813,0.42263,0.91354,0.506021
output_length_sweep,docvqa,1792,64,295,iter295,docvqa_57800,16384,4096,32,,,397.833,0.729,2.285,360.026,28.294,458.469,460.825,641.739,20.701,1102.564,1312.056,29.023,48.306,0.360825,0.776646,0.582042
output_length_sweep,docvqa,1792,64,296,iter296,docvqa_57801,16384,4096,20,,,370.951,0.732,2.276,333.211,28.198,430.97,433.179,518.49,27.289,951.669,1161.499,21.016,36.645,0.38979,0.842647,0.544822
output_length_sweep,docvqa,1792,64,297,iter297,docvqa_57803,16384,4096,17,,,359.619,0.731,2.373,320.874,28.131,419.804,423.527,336.967,21.06,760.493,982.127,22.354,47.482,0.472877,1.024891,0.443089
output_length_sweep,docvqa,1792,64,298,iter298,docvqa_57804,16384,4096,10,,,388.039,0.73,2.343,348.604,28.236,448.425,451.236,213.791,23.755,665.027,853.97,15.037,42.097,0.583493,1.257789,0.321477
output_length_sweep,docvqa,1792,64,299,iter299,docvqa_57805,16384,4096,45,,,398.042,0.728,2.353,353.235,28.204,458.311,462.822,1116.915,25.384,1579.736,1843.41,28.486,39.394,0.251967,0.542086,0.707026
output_length_sweep,docvqa,1792,64,300,iter300,docvqa_49605,16384,4096,21,,,353.595,0.732,2.296,312.928,28.102,413.28,415.936,417.255,20.863,833.19,1074.792,25.204,47.932,0.424387,0.920409,0.500791
output_length_sweep,docvqa,1792,64,301,iter301,docvqa_57807,16384,4096,15,,,361.127,0.729,2.329,317.763,28.148,421.285,424.698,289.08,20.649,713.778,1035.15,21.015,48.43,0.505938,1.096156,0.405
output_length_sweep,docvqa,1792,64,302,iter302,docvqa_57808,16384,4096,17,,,418.667,0.727,2.324,370.64,28.246,478.722,481.865,399.941,24.996,881.806,1098.785,19.279,40.006,0.474784,1.017672,0.453548
output_length_sweep,docvqa,1792,64,303,iter303,docvqa_49617,16384,4096,26,,,400.912,0.733,2.268,362.131,28.231,460.837,463.182,647.502,25.9,1110.684,1286.999,23.409,38.61,0.36096,0.775873,0.582976
output_length_sweep,docvqa,1792,64,304,iter304,docvqa_57810,16384,4096,23,,,379.7,0.732,2.337,333.972,28.177,440.039,443.377,474.681,21.576,918.058,1107.896,25.053,46.347,0.413591,0.892906,0.517049
output_length_sweep,docvqa,1792,64,305,iter305,docvqa_41421,16384,4096,17,,,403.966,0.73,2.314,366.94,28.201,464.059,466.778,403.334,25.208,870.112,1106.537,19.538,39.669,0.464268,0.997601,0.463542
output_length_sweep,docvqa,1792,64,306,iter306,docvqa_461,16384,4096,64,,,522.679,0.73,2.3,483.384,28.186,582.719,585.414,4029.766,63.965,4615.18,4821.876,13.867,15.634,0.113252,0.239514,0.873155
output_length_sweep,docvqa,1792,64,307,iter307,docvqa_463,16384,4096,64,,,389.799,0.73,2.292,352.076,28.265,450.737,453.38,3035.93,48.189,3489.31,3689.963,18.342,20.751,0.111712,0.240889,0.870066
output_length_sweep,docvqa,1792,64,308,iter308,docvqa_4977,16384,4096,12,,,406.267,0.731,2.276,367.772,28.233,466.306,468.796,289.029,26.275,757.826,971.696,15.835,38.058,0.536096,1.151417,0.381393
output_length_sweep,docvqa,1792,64,309,iter309,docvqa_57815,16384,4096,18,,,378.893,0.733,2.294,338.457,28.192,438.777,441.318,443.877,26.11,885.194,1103.331,20.335,38.299,0.428033,0.923718,0.501445
output_length_sweep,docvqa,1792,64,310,iter310,docvqa_4978,16384,4096,17,,,375.735,0.732,2.285,338.275,28.169,435.776,438.275,402.826,25.177,841.101,1233.529,20.212,39.719,0.446718,0.964819,0.478927
output_length_sweep,docvqa,1792,64,311,iter311,docvqa_57817,16384,4096,30,,,418.825,0.733,2.313,381.127,28.158,909.729,912.369,746.878,25.754,1659.247,1890.628,18.08,38.828,0.252419,0.800697,0.450131
output_length_sweep,docvqa,1792,64,312,iter312,docvqa_41434,16384,4096,14,,,410.781,0.732,2.334,373.384,28.314,470.564,473.457,299.878,23.068,773.335,1047.391,18.103,43.351,0.531181,1.139668,0.387772
output_length_sweep,docvqa,1792,64,313,iter313,docvqa_57819,16384,4096,23,,,409.598,0.731,2.286,371.245,28.181,469.384,471.806,552.461,25.112,1024.267,1214.404,22.455,39.822,0.399894,0.858158,0.539372
output_length_sweep,docvqa,1792,64,314,iter314,docvqa_57820,16384,4096,14,,,388.768,0.731,2.308,349.953,28.18,448.558,451.731,301.69,23.207,753.421,1039.765,18.582,43.091,0.516003,1.111365,0.400426
output_length_sweep,docvqa,1792,64,315,iter315,docvqa_57821,16384,4096,14,,,490.484,0.729,2.342,429.314,28.244,550.369,553.975,297.457,22.881,851.431,1112.124,16.443,43.704,0.57607,1.222474,0.349361
output_length_sweep,docvqa,1792,64,316,iter316,docvqa_57822,16384,4096,23,,,386.663,0.731,2.305,346.526,28.177,446.494,449.263,529.648,24.075,978.911,1280.539,23.496,41.537,0.394993,0.851106,0.541058
output_length_sweep,docvqa,1792,64,317,iter317,docvqa_57823,16384,4096,17,,,383.702,0.73,2.293,346.866,28.208,444.986,447.8,430.279,26.892,878.079,1068.48,19.36,37.185,0.436979,0.943752,0.490023
output_length_sweep,docvqa,1792,64,318,iter318,docvqa_49629,16384,4096,16,,,360.226,0.731,2.31,323.215,28.191,420.326,422.813,383.359,25.557,806.171,981.228,19.847,39.128,0.446836,0.968222,0.47553
output_length_sweep,docvqa,1792,64,319,iter319,docvqa_57825,16384,4096,15,,,349.32,0.733,2.292,310.602,28.119,408.934,411.518,379.022,27.073,790.54,990.631,18.974,36.937,0.441875,0.959159,0.479447
output_length_sweep,docvqa,1792,64,320,iter320,docvqa_57826,16384,4096,16,,,374.51,0.732,2.313,337.039,28.169,434.299,437.283,343.494,22.9,780.778,1094.359,20.492,43.669,0.479663,1.035902,0.439939
output_length_sweep,docvqa,1792,64,321,iter321,docvqa_57827,16384,4096,21,,,410.478,0.73,2.313,372.918,28.242,470.539,473.847,450.311,22.516,924.158,1290.599,22.723,44.414,0.444164,0.953319,0.487266
output_length_sweep,docvqa,1792,64,322,iter322,docvqa_476,16384,4096,10,,,408.543,0.73,2.315,371.632,28.16,468.418,470.843,240.65,26.739,711.493,912.421,14.055,37.399,0.574206,1.232566,0.338232
output_length_sweep,docvqa,1792,64,323,iter323,docvqa_4980,16384,4096,28,,,375.825,0.73,2.284,339.038,28.21,435.905,438.26,659.292,24.418,1097.552,1304.336,25.511,40.953,0.342421,0.739582,0.600693
output_length_sweep,docvqa,1792,64,324,iter324,docvqa_57833,16384,4096,9,,,418.327,0.731,2.302,376.549,28.176,478.946,481.464,181.24,22.655,662.704,969.329,13.581,44.14,0.631243,1.353958,0.273485
output_length_sweep,docvqa,1792,64,325,iter325,docvqa_41449,16384,4096,17,,,365.315,0.729,2.289,326.507,28.202,425.65,427.983,369.315,23.082,797.297,1000.771,21.322,43.324,0.458192,0.992058,0.463208
output_length_sweep,docvqa,1792,64,326,iter326,docvqa_57835,16384,4096,17,,,403.063,0.732,2.315,363.131,28.253,463.139,465.986,398.877,24.93,864.863,1171.8,19.656,40.113,0.466043,1.001548,0.461203
output_length_sweep,docvqa,1792,64,327,iter327,docvqa_57836,16384,4096,12,,,373.288,0.728,2.283,333.676,28.203,433.234,435.806,293.267,26.661,729.073,938.335,16.459,37.508,0.512004,1.10623,0.402247
output_length_sweep,docvqa,1792,64,328,iter328,docvqa_57837,16384,4096,12,,,390.761,0.728,2.31,352.773,28.284,451.194,453.608,320.864,29.169,774.472,969.113,15.494,34.282,0.504551,1.087135,0.4143
output_length_sweep,docvqa,1792,64,329,iter329,docvqa_57838,16384,4096,10,,,385.458,0.73,2.303,345.699,28.163,445.44,447.852,234.085,26.009,681.937,990.683,14.664,38.448,0.565239,1.218437,0.343265
output_length_sweep,docvqa,1792,64,330,iter330,docvqa_49643,16384,4096,24,,,371.572,0.731,2.327,331.905,28.214,431.836,434.502,605.202,26.313,1039.704,1308.775,23.083,38.004,0.357383,0.772728,0.582091
output_length_sweep,docvqa,1792,64,331,iter331,docvqa_57841,16384,4096,10,,,368.227,0.73,2.297,331.119,28.153,428.235,430.895,236.796,26.311,667.691,886.087,14.977,38.007,0.551493,1.192861,0.35465
output_length_sweep,docvqa,1792,64,332,iter332,docvqa_57843,16384,4096,10,,,380.843,0.728,2.266,344.245,28.155,440.515,442.952,248.426,27.603,691.379,887.161,14.464,36.228,0.550845,1.188,0.35932
output_length_sweep,docvqa,1792,64,333,iter333,docvqa_57844,16384,4096,26,,,386.616,0.733,2.287,346.022,28.136,446.224,448.817,516.174,20.647,964.991,1250.11,26.943,48.433,0.400642,0.863055,0.5349
output_length_sweep,docvqa,1792,64,334,iter334,docvqa_57845,16384,4096,19,,,381.327,0.733,2.297,341.41,28.191,441.079,443.574,432.335,24.019,875.909,1127.575,21.692,41.634,0.43535,0.938918,0.493584
output_length_sweep,docvqa,1792,64,335,iter335,docvqa_57853,16384,4096,17,,,349.498,0.733,2.263,312.935,28.141,409.021,411.488,330.035,20.627,741.522,983.151,22.926,48.48,0.471325,1.022922,0.445077
output_length_sweep,docvqa,1792,64,336,iter336,docvqa_57854,16384,4096,22,,,436.309,0.727,2.269,399.056,28.22,496.28,498.698,474.517,22.596,973.215,1181.618,22.605,44.256,0.448317,0.958256,0.487577
output_length_sweep,docvqa,1792,64,337,iter337,docvqa_57855,16384,4096,20,,,363.405,0.731,2.292,324.082,28.127,423.339,426.196,442.887,23.31,869.083,1261.236,23.013,42.9,0.418148,0.905259,0.509602
output_length_sweep,docvqa,1792,64,338,iter338,docvqa_57857,16384,4096,33,,,379.861,0.728,2.266,341.649,28.136,439.694,442.08,801.838,25.057,1243.918,1459.781,26.529,39.908,0.305375,0.65885,0.644607
output_length_sweep,docvqa,1792,64,339,iter339,docvqa_57858,16384,4096,24,,,400.558,0.733,2.291,362.342,28.196,460.787,463.384,574.375,24.973,1037.76,1259.457,23.127,40.044,0.385983,0.830005,0.553476
output_length_sweep,docvqa,1792,64,340,iter340,docvqa_45694,16384,4096,24,,,435.933,0.73,2.35,384.97,28.188,495.924,499.68,718.957,31.259,1218.637,1491.061,19.694,31.991,0.357721,0.764671,0.589968
output_length_sweep,docvqa,1792,64,341,iter341,docvqa_55464,16384,4096,40,,,373.669,0.728,2.288,335.117,28.126,862.101,864.546,950.753,24.378,1815.298,2092.39,22.035,41.02,0.205844,0.680753,0.523745
output_length_sweep,docvqa,1792,64,342,iter342,docvqa_57880,16384,4096,23,,,376.15,0.732,2.306,338.465,28.219,435.921,438.464,583.105,26.505,1021.568,1353.779,22.514,37.729,0.368208,0.794926,0.570793
output_length_sweep,docvqa,1792,64,343,iter343,docvqa_57881,16384,4096,18,,,500.566,0.731,2.318,461.924,28.135,560.685,563.225,446.489,26.264,1009.714,1251.168,17.827,38.075,0.495751,1.051042,0.442193
output_length_sweep,docvqa,1792,64,344,iter344,docvqa_57882,16384,4096,36,,,411.158,0.73,2.316,372.21,28.203,471.259,474.155,832.704,23.792,1306.859,1668.723,27.547,42.032,0.314616,0.67522,0.63718
output_length_sweep,docvqa,1792,64,345,iter345,docvqa_57883,16384,4096,36,,,428.67,0.73,2.284,391.293,28.313,489.225,491.875,827.0,23.629,1318.874,1574.014,27.296,42.322,0.325027,0.695968,0.62705
output_length_sweep,docvqa,1792,64,346,iter346,docvqa_57884,16384,4096,15,,,375.119,0.73,2.334,335.9,28.279,435.368,438.495,320.775,22.912,759.269,1017.641,19.756,43.644,0.494053,1.067457,0.422478
output_length_sweep,docvqa,1792,64,347,iter347,docvqa_57885,16384,4096,14,,,382.354,0.733,2.279,343.566,28.163,441.957,444.48,338.906,26.07,783.387,1041.188,17.871,38.359,0.488078,1.05224,0.432617
output_length_sweep,docvqa,1792,64,348,iter348,docvqa_57886,16384,4096,19,,,411.42,0.729,2.282,374.415,28.187,471.102,473.513,422.817,23.49,896.331,1112.787,21.198,42.572,0.459005,0.984594,0.47172
output_length_sweep,docvqa,1792,64,349,iter349,docvqa_57887,16384,4096,19,,,378.826,0.73,2.273,341.493,28.178,438.519,441.048,420.13,23.341,861.179,1067.747,22.063,42.844,0.439892,0.9491,0.487855
output_length_sweep,docvqa,1792,64,350,iter350,docvqa_57888,16384,4096,24,,,344.387,0.733,2.266,307.673,28.122,404.044,406.428,511.55,22.241,917.978,1118.852,26.144,44.961,0.375158,0.815303,0.557257
output_length_sweep,docvqa,1792,64,351,iter351,docvqa_57889,16384,4096,14,,,440.969,0.733,2.264,401.654,28.265,500.872,503.196,335.214,25.786,838.409,1023.353,16.698,38.781,0.525959,1.123366,0.399821
output_length_sweep,docvqa,1792,64,352,iter352,docvqa_57890,16384,4096,18,,,348.338,0.731,2.298,309.184,28.103,408.34,411.072,347.176,20.422,758.248,981.601,23.739,48.966,0.459398,0.997929,0.457866
output_length_sweep,docvqa,1792,64,353,iter353,docvqa_57891,16384,4096,25,,,362.441,0.73,2.281,322.025,28.125,422.914,425.459,575.054,23.961,1000.513,1310.648,24.987,41.735,0.362255,0.784952,0.574759
output_length_sweep,docvqa,1792,64,354,iter354,docvqa_553,16384,4096,14,,,392.542,0.733,2.287,355.237,28.216,452.349,454.703,265.899,20.454,720.601,939.797,19.428,48.891,0.544742,1.172481,0.368995
output_length_sweep,docvqa,1792,64,355,iter355,docvqa_554,16384,4096,28,,,399.253,0.73,2.279,356.943,28.223,459.341,461.606,582.529,21.575,1044.135,1234.071,26.816,46.35,0.382376,0.822301,0.557906
output_length_sweep,docvqa,1792,64,356,iter356,docvqa_555,16384,4096,23,,,408.591,0.732,2.344,367.465,28.252,468.893,472.868,506.24,23.011,979.108,1257.227,23.491,43.458,0.417309,0.896207,0.517042
output_length_sweep,docvqa,1792,64,357,iter357,docvqa_57899,16384,4096,19,,,402.737,0.731,2.309,365.329,28.151,463.157,466.082,416.806,23.156,882.888,1093.55,21.52,43.186,0.456159,0.980751,0.472094
output_length_sweep,docvqa,1792,64,358,iter358,docvqa_57900,16384,4096,15,,,359.807,0.732,2.282,321.098,28.197,419.684,422.325,323.41,23.101,745.734,943.857,20.114,43.289,0.482486,1.045266,0.43368
output_length_sweep,docvqa,1792,64,359,iter359,docvqa_57901,16384,4096,34,,,386.983,0.731,2.295,350.002,28.206,447.167,449.703,797.634,24.171,1247.337,1466.531,27.258,41.372,0.310248,0.668745,0.63947
output_length_sweep,docvqa,1792,64,360,iter360,docvqa_57902,16384,4096,11,,,347.085,0.727,2.269,307.813,28.096,406.718,409.163,211.711,21.171,620.874,822.284,17.717,47.234,0.559027,1.2141,0.340989
output_length_sweep,docvqa,1792,64,361,iter361,docvqa_57903,16384,4096,23,,,377.641,0.73,2.348,328.978,28.141,437.435,441.526,449.651,20.439,891.176,1113.859,25.809,48.927,0.423755,0.914606,0.504559
output_length_sweep,docvqa,1792,64,362,iter362,docvqa_57904,16384,4096,64,,,358.086,0.731,2.287,318.053,28.108,418.104,420.618,1377.839,21.87,1798.458,2013.535,35.586,45.724,0.199107,0.431587,0.766123
output_length_sweep,docvqa,1792,64,363,iter363,docvqa_57905,16384,4096,20,,,384.577,0.733,2.272,347.352,28.215,444.132,446.586,436.644,22.981,883.23,1096.095,22.644,43.514,0.435422,0.938271,0.494372
output_length_sweep,docvqa,1792,64,364,iter364,docvqa_581,16384,4096,13,,,401.015,0.73,2.314,363.593,28.309,461.768,464.618,304.786,25.399,769.404,980.899,16.896,39.372,0.521203,1.121366,0.396132
output_length_sweep,docvqa,1792,64,365,iter365,docvqa_582,16384,4096,20,,,367.463,0.73,2.288,330.796,28.113,427.198,429.55,473.075,24.899,902.625,1093.146,22.158,40.163,0.407104,0.880389,0.52411
output_length_sweep,docvqa,1792,64,366,iter366,docvqa_583,16384,4096,15,,,369.576,0.733,2.271,332.113,28.123,429.767,432.093,310.019,22.144,742.112,940.042,20.213,45.159,0.498006,1.077119,0.417752
output_length_sweep,docvqa,1792,64,367,iter367,docvqa_57928,16384,4096,10,,,373.191,0.732,2.3,335.916,28.131,433.224,436.228,200.933,22.326,637.161,1018.047,15.695,44.791,0.585709,1.265637,0.315357
output_length_sweep,docvqa,1792,64,368,iter368,docvqa_57929,16384,4096,48,,,379.514,0.732,2.281,338.746,28.152,439.257,441.731,1106.036,23.533,1547.767,1760.301,31.012,42.494,0.245201,0.529002,0.714601
output_length_sweep,docvqa,1792,64,369,iter369,docvqa_584,16384,4096,16,,,373.923,0.733,2.297,333.684,28.131,433.956,437.046,384.052,25.603,821.098,1043.062,19.486,39.057,0.455394,0.983901,0.46773
output_length_sweep,docvqa,1792,64,370,iter370,docvqa_57931,16384,4096,7,,,400.981,0.732,2.275,363.332,28.183,460.868,463.872,135.107,22.518,598.979,913.679,11.687,44.409,0.669441,1.438864,0.225562
output_length_sweep,docvqa,1792,64,371,iter371,docvqa_57933,16384,4096,14,,,410.609,0.732,2.307,373.135,28.186,470.553,473.453,289.787,22.291,763.24,1061.398,18.343,44.861,0.537982,1.154503,0.37968
output_length_sweep,docvqa,1792,64,372,iter372,docvqa_57934,16384,4096,19,,,406.85,0.731,2.294,370.061,28.182,466.53,469.221,442.501,24.583,911.721,1115.654,20.84,40.678,0.446243,0.957946,0.485346
output_length_sweep,docvqa,1792,64,373,iter373,docvqa_596,16384,4096,26,,,385.359,0.733,2.304,345.403,28.226,445.506,447.878,567.76,22.71,1015.638,1230.972,25.6,44.033,0.379426,0.818073,0.559018
output_length_sweep,docvqa,1792,64,374,iter374,docvqa_597,16384,4096,15,,,352.353,0.73,2.287,310.871,28.146,412.224,414.52,282.672,20.191,697.192,925.33,21.515,49.527,0.505389,1.096651,0.405444
output_length_sweep,docvqa,1792,64,375,iter375,docvqa_598,16384,4096,46,,,379.625,0.73,2.284,342.758,28.434,439.873,442.155,901.921,20.043,1344.076,1580.329,34.224,49.894,0.282443,0.609711,0.671034
output_length_sweep,docvqa,1792,64,376,iter376,docvqa_599,16384,4096,60,,,355.61,0.727,2.289,318.034,28.161,415.546,418.308,1208.922,20.49,1627.23,1834.397,36.872,48.804,0.218537,0.473907,0.742932
output_length_sweep,docvqa,1792,64,377,iter377,docvqa_600,16384,4096,11,,,382.934,0.731,2.319,345.132,28.184,443.195,445.939,231.27,23.127,677.209,920.84,16.243,43.239,0.565459,1.219902,0.341504
output_length_sweep,docvqa,1792,64,378,iter378,docvqa_601,16384,4096,50,,,375.169,0.732,2.315,337.46,28.192,435.108,437.968,1217.214,24.841,1655.182,1928.86,30.208,40.256,0.226664,0.48954,0.735396
output_length_sweep,docvqa,1792,64,379,iter379,docvqa_16981,16384,4096,17,,,407.669,0.726,2.288,370.037,28.295,467.636,470.391,356.97,22.311,827.361,1041.668,20.547,44.822,0.492735,1.057949,0.431456
output_length_sweep,docvqa,1792,64,380,iter380,docvqa_16990,16384,4096,20,,,436.446,0.733,2.277,398.02,28.21,496.183,498.59,416.348,21.913,914.938,1111.381,21.859,45.635,0.477022,1.019335,0.455056
output_length_sweep,docvqa,1792,64,381,iter381,docvqa_57951,16384,4096,9,,,520.707,0.731,2.3,472.611,28.154,580.876,583.751,187.912,23.489,771.663,1469.369,11.663,42.573,0.674786,1.427544,0.243516
output_length_sweep,docvqa,1792,64,382,iter382,docvqa_57952,16384,4096,16,,,386.42,0.731,2.345,343.309,28.156,446.695,449.783,370.12,24.675,819.903,1585.795,19.514,40.527,0.471299,1.016114,0.451419
output_length_sweep,docvqa,1792,64,383,iter383,docvqa_57954,16384,4096,17,,,365.472,0.732,2.36,319.685,28.096,425.333,428.981,370.582,23.161,799.563,1452.456,21.262,43.175,0.45709,0.989046,0.463481
output_length_sweep,docvqa,1792,64,384,iter384,docvqa_57955,16384,4096,14,,,354.349,0.727,2.297,317.508,28.127,414.021,416.459,268.749,20.673,685.208,1274.906,20.432,48.372,0.517141,1.121368,0.392215
output_length_sweep,docvqa,1792,64,385,iter385,docvqa_610,16384,4096,63,,,379.574,0.73,2.292,341.802,28.281,439.107,441.527,1437.566,23.187,1879.093,2067.614,33.527,43.128,0.201999,0.435679,0.765032
output_length_sweep,docvqa,1792,64,386,iter386,docvqa_611,16384,4096,29,,,422.925,0.729,2.271,385.815,28.209,482.908,485.4,618.758,22.099,1104.158,1297.77,26.264,45.252,0.383029,0.820383,0.560389
output_length_sweep,docvqa,1792,64,387,iter387,docvqa_612,16384,4096,30,,,375.248,0.732,2.301,336.726,28.157,435.223,438.111,696.439,24.015,1134.55,1491.716,26.442,41.64,0.330746,0.714355,0.613846
output_length_sweep,docvqa,1792,64,388,iter388,docvqa_613,16384,4096,51,,,374.77,0.727,2.272,337.398,28.162,434.501,436.989,1171.52,23.43,1608.508,1842.171,31.706,42.68,0.232992,0.503119,0.728327
output_length_sweep,docvqa,1792,64,389,iter389,docvqa_16999,16384,4096,20,,,374.834,0.727,2.331,334.201,28.144,434.664,437.285,473.707,24.932,910.992,1127.975,21.954,40.109,0.411457,0.88859,0.519991
output_length_sweep,docvqa,1792,64,390,iter390,docvqa_17000,16384,4096,13,,,384.083,0.732,2.297,344.914,28.309,443.822,446.537,246.025,20.502,692.562,941.336,18.771,48.776,0.554583,1.195425,0.355239
output_length_sweep,docvqa,1792,64,391,iter391,docvqa_17001,16384,4096,9,,,377.745,0.731,2.271,338.855,28.152,437.721,440.095,224.484,28.061,664.58,867.832,13.542,35.637,0.568397,1.22704,0.337784
output_length_sweep,docvqa,1792,64,392,iter392,docvqa_57963,16384,4096,42,,,377.188,0.73,2.324,339.704,28.144,436.963,440.032,1029.235,25.103,1469.267,2138.595,28.586,39.835,0.256718,0.554121,0.700509
output_length_sweep,docvqa,1792,64,393,iter393,docvqa_57964,16384,4096,48,,,379.466,0.727,2.272,340.914,28.184,439.503,442.024,1136.608,24.183,1578.632,2195.934,30.406,41.351,0.240377,0.518784,0.719995
output_length_sweep,docvqa,1792,64,394,iter394,docvqa_57965,16384,4096,64,,,388.582,0.731,2.291,349.353,28.225,448.5,451.17,1382.041,21.937,1833.211,2516.135,34.911,45.585,0.211968,0.45662,0.753891
output_length_sweep,docvqa,1792,64,395,iter395,docvqa_17002,16384,4096,14,,,385.097,0.732,2.323,346.904,28.182,444.79,447.86,354.355,27.258,802.215,1058.168,17.452,36.686,0.480042,1.034495,0.441721
output_length_sweep,docvqa,1792,64,396,iter396,docvqa_17003,16384,4096,25,,,384.889,0.73,2.314,343.898,28.141,444.8,447.484,554.626,23.109,1002.11,1214.695,24.947,43.272,0.384079,0.827942,0.553458
output_length_sweep,docvqa,1792,64,397,iter397,docvqa_17004,16384,4096,20,,,397.861,0.731,2.329,357.989,28.154,458.477,461.346,475.234,25.012,936.579,1169.92,21.354,39.98,0.424802,0.914325,0.507414
output_length_sweep,docvqa,1792,64,398,iter398,docvqa_57969,16384,4096,10,,,374.925,0.728,2.294,338.107,28.226,435.201,437.999,262.923,29.214,700.921,914.918,14.267,34.231,0.534904,1.155802,0.37511
output_length_sweep,docvqa,1792,64,399,iter399,docvqa_17005,16384,4096,16,,,363.763,0.731,2.292,324.306,28.519,424.26,427.048,348.494,23.233,775.542,1027.067,20.631,43.042,0.469044,1.016094,0.449356
output_length_sweep,docvqa,1792,64,400,iter400,docvqa_57971,16384,4096,22,,,355.664,0.729,2.274,317.132,28.08,415.524,418.014,440.189,20.961,858.203,1060.452,25.635,47.707,0.414429,0.898607,0.512919
output_length_sweep,docvqa,1792,64,401,iter401,docvqa_17007,16384,4096,27,,,385.496,0.732,2.344,344.758,28.122,446.111,449.544,545.229,20.97,994.773,1288.419,27.142,47.686,0.387521,0.835976,0.548094
output_length_sweep,docvqa,1792,64,402,iter402,docvqa_57973,16384,4096,14,,,391.567,0.732,2.336,333.061,28.15,451.497,455.367,262.504,20.193,717.871,938.444,19.502,49.523,0.545456,1.174395,0.36567
output_length_sweep,docvqa,1792,64,403,iter403,docvqa_57974,16384,4096,18,,,419.475,0.733,2.316,382.472,28.3,480.269,483.066,396.218,23.307,879.284,1084.552,20.471,42.906,0.477064,1.023269,0.450615
output_length_sweep,docvqa,1792,64,404,iter404,docvqa_57975,16384,4096,20,,,405.954,0.732,2.294,367.265,28.167,466.495,469.105,443.755,23.356,912.86,1115.888,21.909,42.816,0.444705,0.955731,0.486115
output_length_sweep,docvqa,1792,64,405,iter405,docvqa_57976,16384,4096,18,,,476.253,0.731,2.289,437.198,28.334,536.255,538.77,401.305,23.606,940.075,1141.459,19.147,42.362,0.506611,1.077051,0.426886
output_length_sweep,docvqa,1792,64,406,iter406,docvqa_57977,16384,4096,21,,,405.354,0.731,2.322,366.257,28.289,465.44,468.255,502.933,25.147,971.189,1158.921,21.623,39.767,0.417379,0.896627,0.517853
output_length_sweep,docvqa,1792,64,407,iter407,docvqa_57978,16384,4096,24,,,408.343,0.732,2.308,371.51,28.157,468.501,471.197,535.267,23.272,1006.464,1229.675,23.846,42.969,0.405721,0.871213,0.531829
output_length_sweep,docvqa,1792,64,408,iter408,docvqa_636,16384,4096,64,,,389.058,0.727,2.351,342.733,28.162,449.526,452.808,1456.833,23.124,1909.641,2265.76,33.514,43.244,0.203734,0.439132,0.762883
output_length_sweep,docvqa,1792,64,409,iter409,docvqa_637,16384,4096,22,,,355.141,0.731,2.321,317.052,28.206,415.151,417.92,491.942,23.426,909.862,1173.205,24.179,42.688,0.390324,0.846603,0.540678
output_length_sweep,docvqa,1792,64,410,iter410,docvqa_639,16384,4096,57,,,382.388,0.727,2.303,344.25,28.133,442.344,444.986,1229.326,21.952,1674.312,1936.74,34.044,45.553,0.228385,0.49258,0.734227
output_length_sweep,docvqa,1792,64,411,iter411,docvqa_57985,16384,4096,21,,,381.108,0.732,2.283,342.864,28.21,441.084,443.694,555.846,27.792,999.54,1677.498,21.01,35.981,0.381284,0.822571,0.556102
output_length_sweep,docvqa,1792,64,412,iter412,docvqa_57986,16384,4096,63,,,402.584,0.728,2.301,364.377,28.224,462.957,465.625,1525.822,24.61,1991.447,2681.697,31.635,40.634,0.202157,0.434629,0.766188
output_length_sweep,docvqa,1792,64,413,iter413,docvqa_57987,16384,4096,64,,,399.943,0.728,2.343,362.536,28.296,461.374,463.986,1556.376,24.704,2020.361,2275.948,31.678,40.479,0.197956,0.426318,0.770345
output_length_sweep,docvqa,1792,64,414,iter414,docvqa_57989,16384,4096,21,,,385.059,0.731,2.306,346.288,28.175,444.789,447.243,392.135,19.607,839.377,1106.68,25.019,51.003,0.458743,0.988647,0.467173
output_length_sweep,docvqa,1792,64,415,iter415,docvqa_650,16384,4096,16,,,419.499,0.732,2.268,383.03,28.219,479.666,481.969,326.54,21.769,808.51,1015.274,19.79,45.936,0.518855,1.112127,0.403879
output_length_sweep,docvqa,1792,64,416,iter416,docvqa_651,16384,4096,22,,,394.471,0.728,2.287,356.827,28.287,454.689,457.15,545.651,25.983,1002.802,1234.453,21.939,38.486,0.393369,0.846788,0.544127
output_length_sweep,docvqa,1792,64,417,iter417,docvqa_58007,16384,4096,23,,,397.607,0.73,2.292,360.821,28.171,457.591,460.08,543.005,24.682,1003.085,1220.929,22.929,40.515,0.396385,0.852568,0.541335
output_length_sweep,docvqa,1792,64,418,iter418,docvqa_58009,16384,4096,9,,,539.389,0.73,2.27,500.202,28.174,599.303,601.828,182.55,22.819,784.378,986.389,11.474,43.824,0.687665,1.451714,0.232733
output_length_sweep,docvqa,1792,64,419,iter419,docvqa_58018,16384,4096,47,,,348.464,0.732,2.285,308.775,28.121,408.026,410.647,981.383,21.334,1392.03,1794.945,33.764,46.873,0.250328,0.543444,0.705001
output_length_sweep,docvqa,1792,64,420,iter420,docvqa_674,16384,4096,14,,,349.955,0.732,2.315,310.706,28.124,409.694,412.681,302.406,23.262,715.087,994.864,19.578,42.989,0.489388,1.062317,0.422894
output_length_sweep,docvqa,1792,64,421,iter421,docvqa_57122,16384,4096,14,,,374.129,0.727,2.255,336.008,28.126,434.275,436.614,330.379,25.414,766.992,968.682,18.253,39.349,0.487787,1.053993,0.430746
output_length_sweep,docvqa,1792,64,422,iter422,docvqa_58020,16384,4096,11,,,371.721,0.733,2.283,335.118,28.145,431.601,434.086,226.191,22.619,660.277,848.034,16.66,44.21,0.562977,1.216644,0.34257
output_length_sweep,docvqa,1792,64,423,iter423,docvqa_58021,16384,4096,11,,,374.694,0.731,2.289,336.007,28.163,434.54,436.874,267.629,26.763,704.504,892.528,15.614,37.365,0.531856,1.148659,0.379883
output_length_sweep,docvqa,1792,64,424,iter424,docvqa_58022,16384,4096,21,,,410.927,0.731,2.29,373.871,28.209,471.048,473.497,489.485,24.474,962.982,1159.313,21.807,40.859,0.426723,0.915878,0.508301
output_length_sweep,docvqa,1792,64,425,iter425,docvqa_58023,16384,4096,21,,,349.322,0.73,2.285,309.628,28.136,408.975,411.512,454.929,22.746,866.442,1047.038,24.237,43.963,0.403169,0.875186,0.525055
output_length_sweep,docvqa,1792,64,426,iter426,docvqa_58024,16384,4096,22,,,351.676,0.73,2.253,314.616,28.073,411.312,413.698,429.332,20.444,843.03,1033.816,26.096,48.913,0.417157,0.905055,0.509273
output_length_sweep,docvqa,1792,64,427,iter427,docvqa_675,16384,4096,64,,,357.422,0.732,2.265,316.172,28.094,417.048,419.243,1399.882,22.22,1819.125,2016.645,35.182,45.004,0.19648,0.425738,0.769536
output_length_sweep,docvqa,1792,64,428,iter428,docvqa_676,16384,4096,12,,,372.287,0.73,2.282,333.662,28.183,432.151,434.389,255.607,23.237,689.996,881.993,17.391,43.035,0.53955,1.165859,0.370448
output_length_sweep,docvqa,1792,64,429,iter429,docvqa_677,16384,4096,29,,,407.872,0.729,2.319,369.907,28.226,468.507,470.984,717.469,25.624,1188.453,1395.256,24.401,39.026,0.343196,0.737411,0.6037
output_length_sweep,docvqa,1792,64,430,iter430,docvqa_58029,16384,4096,13,,,418.207,0.733,2.376,366.559,28.216,478.538,482.442,260.494,21.708,742.935,1408.433,17.498,46.066,0.562911,1.207029,0.350628
output_length_sweep,docvqa,1792,64,431,iter431,docvqa_678,16384,4096,21,,,400.715,0.729,2.328,349.235,28.12,460.901,464.106,410.898,20.545,875.004,1080.708,24.0,48.674,0.457957,0.984698,0.469595
output_length_sweep,docvqa,1792,64,432,iter432,docvqa_58054,16384,4096,41,,,415.024,0.732,2.308,377.307,28.148,475.252,478.082,933.135,23.328,1411.217,1627.107,29.053,42.866,0.29409,0.630857,0.661227
output_length_sweep,docvqa,1792,64,433,iter433,docvqa_58056,16384,4096,32,,,354.233,0.729,2.335,310.351,28.101,414.138,417.681,672.562,21.696,1090.243,1360.678,29.351,46.092,0.324912,0.70477,0.616892
output_length_sweep,docvqa,1792,64,434,iter434,docvqa_58059,16384,4096,18,,,380.754,0.733,2.26,343.712,28.202,440.504,442.954,376.234,22.131,819.189,1010.688,21.973,45.185,0.464794,1.002526,0.459277
output_length_sweep,docvqa,1792,64,435,iter435,docvqa_58061,16384,4096,43,,,382.922,0.726,2.27,344.711,28.144,442.736,445.069,891.115,21.217,1336.184,1534.41,32.181,47.132,0.286579,0.617923,0.66691
output_length_sweep,docvqa,1792,64,436,iter436,docvqa_58064,16384,4096,17,,,419.029,0.729,2.299,381.276,28.284,479.095,482.253,404.012,25.251,886.265,1088.29,19.182,39.603,0.472803,1.013381,0.455859
output_length_sweep,docvqa,1792,64,437,iter437,docvqa_41686,16384,4096,12,,,386.267,0.733,2.358,347.845,28.228,446.315,449.733,252.728,22.975,702.461,936.026,17.083,43.525,0.549878,1.185236,0.359775
output_length_sweep,docvqa,1792,64,438,iter438,docvqa_41687,16384,4096,25,,,376.889,0.731,2.322,339.969,28.14,437.241,439.946,653.574,27.232,1093.52,1305.914,22.862,36.721,0.344657,0.744504,0.597679
output_length_sweep,docvqa,1792,64,439,iter439,docvqa_41688,16384,4096,15,,,385.605,0.729,2.307,346.4,28.154,445.628,448.077,283.203,20.229,731.28,950.769,20.512,49.434,0.527301,1.136681,0.387271
output_length_sweep,docvqa,1792,64,440,iter440,docvqa_41689,16384,4096,17,,,411.257,0.732,2.326,371.932,28.16,471.26,474.15,395.801,24.738,869.951,1092.447,19.541,40.424,0.472735,1.014443,0.454969
output_length_sweep,docvqa,1792,64,441,iter441,docvqa_41690,16384,4096,25,,,433.526,0.73,2.264,394.369,28.257,494.28,496.617,546.967,22.79,1043.584,1254.448,23.956,43.878,0.415421,0.889057,0.524124
output_length_sweep,docvqa,1792,64,442,iter442,docvqa_41691,16384,4096,19,,,371.599,0.729,2.28,334.584,28.107,431.746,434.108,458.508,25.473,892.616,1096.097,21.286,39.258,0.416303,0.899988,0.513668
output_length_sweep,docvqa,1792,64,443,iter443,docvqa_41693,16384,4096,24,,,372.661,0.733,2.28,333.198,28.122,432.663,435.056,563.642,24.506,998.698,1209.712,24.031,40.806,0.373147,0.806374,0.564377
output_length_sweep,docvqa,1792,64,444,iter444,docvqa_41694,16384,4096,20,,,383.404,0.732,2.279,343.631,28.125,443.661,446.042,468.535,24.66,914.577,1119.02,21.868,40.552,0.419215,0.904314,0.512297
output_length_sweep,docvqa,1792,64,445,iter445,docvqa_41695,16384,4096,21,,,389.549,0.73,2.283,352.22,28.235,449.49,452.028,509.686,25.484,961.713,1151.486,21.836,39.24,0.405057,0.872441,0.529976
output_length_sweep,docvqa,1792,64,446,iter446,docvqa_41705,16384,4096,15,,,382.793,0.731,2.308,343.6,28.193,443.158,445.764,415.615,29.687,861.379,1077.31,17.414,33.685,0.444396,0.958871,0.4825
output_length_sweep,docvqa,1792,64,447,iter447,docvqa_17132,16384,4096,16,,,354.077,0.73,2.33,316.688,28.163,414.299,417.196,345.259,23.017,762.454,986.797,20.985,43.446,0.464392,1.007767,0.452825
output_length_sweep,docvqa,1792,64,448,iter448,docvqa_17133,16384,4096,16,,,356.162,0.733,2.307,316.332,28.132,415.796,418.81,369.639,24.643,788.449,1049.484,20.293,40.58,0.451724,0.979084,0.468818
output_length_sweep,docvqa,1792,64,449,iter449,docvqa_17134,16384,4096,28,,,375.837,0.731,2.343,338.476,28.134,435.675,438.825,638.14,23.635,1076.965,1321.681,25.999,42.31,0.348978,0.753518,0.592536
output_length_sweep,docvqa,1792,64,450,iter450,docvqa_17135,16384,4096,19,,,347.099,0.73,2.311,310.108,28.174,406.835,409.432,415.311,23.073,824.743,1014.193,23.037,43.341,0.420857,0.914144,0.503564
output_length_sweep,docvqa,1792,64,451,iter451,docvqa_47368,16384,4096,13,,,414.002,0.729,2.286,374.079,28.278,474.109,476.802,306.728,25.561,783.53,1030.82,16.592,39.123,0.52838,1.133474,0.391469
output_length_sweep,docvqa,1792,64,452,iter452,docvqa_41715,16384,4096,15,,,398.864,0.733,2.294,361.236,28.203,458.779,461.25,308.136,22.01,769.386,978.405,19.496,45.435,0.518419,1.114712,0.400496
output_length_sweep,docvqa,1792,64,453,iter453,docvqa_41716,16384,4096,14,,,348.288,0.733,2.277,306.288,28.169,408.005,410.433,268.429,20.648,678.862,987.837,20.623,48.43,0.513047,1.11406,0.39541
output_length_sweep,docvqa,1792,64,454,iter454,docvqa_41717,16384,4096,14,,,367.142,0.732,2.329,329.364,28.852,429.523,432.181,265.17,20.398,697.35,926.569,20.076,49.025,0.526482,1.142417,0.380253
output_length_sweep,docvqa,1792,64,455,iter455,docvqa_17139,16384,4096,16,,,414.273,0.727,2.351,377.045,28.155,474.065,477.165,344.123,22.942,821.288,1045.885,19.482,43.589,0.504418,1.08164,0.419004
output_length_sweep,docvqa,1792,64,456,iter456,docvqa_41719,16384,4096,22,,,565.419,0.73,2.306,526.364,28.172,625.58,628.076,475.464,22.641,1103.54,1347.008,19.936,44.167,0.512368,1.079253,0.430854
output_length_sweep,docvqa,1792,64,457,iter457,docvqa_17140,16384,4096,15,,,374.928,0.73,2.281,335.636,28.164,435.006,437.774,360.521,25.752,798.296,1074.998,18.79,38.833,0.46966,1.014578,0.451614
output_length_sweep,docvqa,1792,64,458,iter458,docvqa_58105,16384,4096,11,,,378.245,0.729,2.326,330.219,28.164,437.779,441.105,205.697,20.57,646.802,854.584,17.007,48.615,0.584792,1.261627,0.318022
output_length_sweep,docvqa,1792,64,459,iter459,docvqa_58106,16384,4096,17,,,400.12,0.728,2.288,363.048,28.397,460.087,462.467,368.899,23.056,831.366,1049.825,20.448,43.372,0.48128,1.034692,0.443726
output_length_sweep,docvqa,1792,64,460,iter460,docvqa_58107,16384,4096,15,,,347.351,0.733,2.329,309.993,28.169,407.377,410.122,288.844,20.632,698.966,902.632,21.46,48.469,0.496949,1.079777,0.413245
output_length_sweep,docvqa,1792,64,461,iter461,docvqa_58108,16384,4096,25,,,405.413,0.735,2.278,366.607,28.213,465.607,467.918,536.953,22.373,1004.87,1208.087,24.879,44.697,0.403448,0.866799,0.53435
output_length_sweep,docvqa,1792,64,462,iter462,docvqa_41721,16384,4096,22,,,372.323,0.728,2.282,333.457,28.133,432.352,434.954,525.618,25.029,960.572,1181.663,22.903,39.953,0.387606,0.837704,0.547193
output_length_sweep,docvqa,1792,64,463,iter463,docvqa_41723,16384,4096,17,,,358.34,0.732,2.294,319.001,28.149,418.057,420.807,352.412,22.026,773.219,1001.084,21.986,45.401,0.46344,1.004111,0.455773
output_length_sweep,docvqa,1792,64,464,iter464,docvqa_17143,16384,4096,17,,,406.521,0.729,2.289,368.248,28.222,466.482,469.237,426.244,26.64,895.481,1118.596,18.984,37.537,0.453969,0.974897,0.475995
output_length_sweep,docvqa,1792,64,465,iter465,docvqa_41728,16384,4096,23,,,403.846,0.732,2.289,364.345,28.154,463.896,466.437,546.963,24.862,1013.399,1336.249,22.696,40.222,0.398506,0.856268,0.539731
output_length_sweep,docvqa,1792,64,466,iter466,docvqa_41729,16384,4096,18,,,345.367,0.732,2.282,308.484,28.121,405.287,407.599,346.962,20.41,754.561,1003.691,23.855,48.997,0.457706,0.994823,0.45982
output_length_sweep,docvqa,1792,64,467,iter467,docvqa_17147,16384,4096,23,,,379.78,0.735,2.261,338.794,28.175,440.147,442.493,434.353,19.743,876.846,1102.82,26.23,50.65,0.43312,0.935086,0.495358
output_length_sweep,docvqa,1792,64,468,iter468,docvqa_17149,16384,4096,15,,,402.208,0.732,2.256,365.675,28.206,462.157,464.39,327.681,23.406,792.071,992.38,18.938,42.725,0.507793,1.091273,0.413701
output_length_sweep,docvqa,1792,64,469,iter469,docvqa_17150,16384,4096,13,,,406.467,0.733,2.304,366.838,28.156,466.225,468.508,263.547,21.962,732.055,931.082,17.758,45.533,0.55524,1.192111,0.36001
output_length_sweep,docvqa,1792,64,470,iter470,docvqa_45744,16384,4096,40,,,368.753,0.728,2.256,331.627,28.119,850.259,852.672,866.998,22.231,1719.67,1937.735,23.26,44.983,0.214432,0.708864,0.504166
output_length_sweep,docvqa,1792,64,471,iter471,docvqa_45745,16384,4096,33,,,411.93,0.731,2.336,374.082,28.242,472.085,475.046,730.014,22.813,1205.06,1439.385,27.385,43.835,0.341834,0.733587,0.60579
output_length_sweep,docvqa,1792,64,472,iter472,docvqa_782,16384,4096,20,,,348.132,0.73,2.328,311.275,28.102,407.95,410.549,385.907,20.311,796.457,1012.467,25.111,49.235,0.4371,0.949306,0.48453
output_length_sweep,docvqa,1792,64,473,iter473,docvqa_783,16384,4096,17,,,353.558,0.727,2.347,315.084,28.145,413.717,416.614,346.417,21.651,763.03,1102.347,22.28,46.187,0.46336,1.005563,0.454001
output_length_sweep,docvqa,1792,64,474,iter474,docvqa_784,16384,4096,26,,,413.428,0.735,2.344,371.696,28.129,473.736,477.111,599.568,23.983,1076.679,1308.134,24.148,41.697,0.383984,0.823982,0.556868
output_length_sweep,docvqa,1792,64,475,iter475,docvqa_785,16384,4096,16,,,390.603,0.729,2.337,353.495,28.277,450.722,453.249,330.884,22.059,784.133,997.048,20.405,45.333,0.498133,1.072937,0.421975
output_length_sweep,docvqa,1792,64,476,iter476,docvqa_786,16384,4096,11,,,381.403,0.732,2.294,344.47,28.217,441.424,443.698,213.233,21.323,656.931,862.488,16.745,46.897,0.580582,1.252531,0.324589
output_length_sweep,docvqa,1792,64,477,iter477,docvqa_788,16384,4096,26,,,390.305,0.733,2.316,352.173,29.497,450.529,452.834,564.977,22.599,1017.811,1223.598,25.545,44.25,0.383475,0.82612,0.55509
output_length_sweep,docvqa,1792,64,478,iter478,docvqa_789,16384,4096,37,,,422.827,0.731,2.302,386.067,28.249,859.599,861.966,812.78,22.577,1674.746,1877.21,22.093,44.292,0.252472,0.765744,0.485315
output_length_sweep,docvqa,1792,64,479,iter479,docvqa_790,16384,4096,23,,,349.281,0.73,2.291,312.727,28.144,408.964,411.244,457.683,20.804,868.927,1064.82,26.469,48.068,0.401969,0.872623,0.526722
output_length_sweep,docvqa,1792,64,480,iter480,docvqa_60401,16384,4096,16,,,389.37,0.731,2.329,348.333,28.201,449.343,452.144,366.945,24.463,819.089,1007.524,19.534,40.878,0.47537,1.023958,0.447992
output_length_sweep,docvqa,1792,64,481,iter481,docvqa_792,16384,4096,28,,,441.693,0.73,2.336,404.029,28.422,502.117,505.106,651.148,24.117,1156.254,1373.52,24.216,41.465,0.382003,0.816266,0.563153
output_length_sweep,docvqa,1792,64,482,iter482,docvqa_793,16384,4096,14,,,377.085,0.731,2.319,339.449,28.133,437.038,439.718,341.787,26.291,781.505,994.847,17.914,38.035,0.482511,1.041736,0.437345
output_length_sweep,docvqa,1792,64,483,iter483,docvqa_794,16384,4096,17,,,372.019,0.727,2.267,333.573,28.032,432.199,434.533,403.947,25.247,838.48,1060.174,20.275,39.609,0.443682,0.959137,0.481761
output_length_sweep,docvqa,1792,64,484,iter484,docvqa_41749,16384,4096,20,,,348.302,0.732,2.28,311.805,28.067,408.235,410.666,388.572,20.451,799.238,992.31,25.024,48.897,0.435792,0.946573,0.486178
output_length_sweep,docvqa,1792,64,485,iter485,docvqa_41750,16384,4096,16,,,386.965,0.73,2.344,336.674,28.161,446.954,450.557,329.869,21.991,780.426,1015.55,20.502,45.473,0.495838,1.068543,0.422678
output_length_sweep,docvqa,1792,64,486,iter486,docvqa_45747,16384,4096,39,,,425.692,0.73,2.27,387.403,28.24,485.907,488.428,977.655,25.728,1466.082,1675.907,26.602,38.869,0.29036,0.621793,0.666848
output_length_sweep,docvqa,1792,64,487,iter487,docvqa_60403,16384,4096,15,,,379.427,0.727,2.288,340.681,28.324,439.494,441.963,323.927,23.138,765.89,950.375,19.585,43.22,0.495407,1.069241,0.422942
output_length_sweep,docvqa,1792,64,488,iter488,docvqa_60404,16384,4096,44,,,349.587,0.729,2.314,312.175,28.086,409.459,412.043,1009.07,23.467,1421.113,1635.722,30.962,42.614,0.245995,0.534121,0.710056
output_length_sweep,docvqa,1792,64,489,iter489,docvqa_809,16384,4096,15,,,350.345,0.729,2.318,311.642,28.188,410.364,412.788,333.266,23.805,746.054,955.957,20.106,42.009,0.469598,1.019645,0.446705
output_length_sweep,docvqa,1792,64,490,iter490,docvqa_25385,16384,4096,11,,,443.499,0.732,2.27,405.812,28.297,503.689,505.906,230.958,23.096,736.864,955.743,14.928,43.298,0.601874,1.285432,0.313434
output_length_sweep,docvqa,1792,64,491,iter491,docvqa_25386,16384,4096,11,,,395.56,0.728,2.266,353.317,28.139,455.493,457.915,208.7,20.87,666.615,872.912,16.501,47.916,0.593386,1.276679,0.313074
output_length_sweep,docvqa,1792,64,492,iter492,docvqa_25387,16384,4096,12,,,410.686,0.731,2.276,371.395,28.291,471.017,473.311,277.679,25.244,750.99,962.44,15.979,39.614,0.546859,1.174053,0.36975
output_length_sweep,docvqa,1792,64,493,iter493,docvqa_60406,16384,4096,26,,,505.161,0.732,2.322,465.564,28.113,565.122,567.689,618.969,24.759,1186.658,1423.636,21.91,40.39,0.425701,0.90193,0.521607
output_length_sweep,docvqa,1792,64,494,iter494,docvqa_815,16384,4096,20,,,416.641,0.731,2.369,378.55,28.273,476.654,480.435,454.021,23.896,934.456,1175.405,21.403,41.848,0.445865,0.955952,0.485867
output_length_sweep,docvqa,1792,64,495,iter495,docvqa_60407,16384,4096,16,,,351.581,0.731,2.29,313.252,28.103,411.251,413.774,395.467,26.364,809.241,1052.595,19.772,37.93,0.434458,0.942652,0.488689
output_length_sweep,docvqa,1792,64,496,iter496,docvqa_25396,16384,4096,34,,,358.177,0.73,2.276,317.931,28.125,417.905,420.549,830.462,25.166,1251.011,1442.126,27.178,39.737,0.28631,0.620364,0.663833
output_length_sweep,docvqa,1792,64,497,iter497,docvqa_822,16384,4096,14,,,386.43,0.733,2.315,349.273,28.194,446.65,449.624,387.92,29.84,837.544,1051.702,16.716,33.512,0.461384,0.99467,0.463163
output_length_sweep,docvqa,1792,64,498,iter498,docvqa_824,16384,4096,23,,,383.341,0.731,2.297,344.087,28.194,443.066,445.611,492.838,22.402,938.45,1147.369,24.509,44.639,0.408484,0.88061,0.525162
output_length_sweep,docvqa,1792,64,499,iter499,docvqa_826,16384,4096,13,,,375.751,0.731,2.344,338.126,28.212,436.323,439.471,366.649,30.554,806.12,1011.003,16.127,32.729,0.466123,1.007386,0.454831
resolution_sweep,docvqa,1792,64,0,,docvqa_49153,16384,4096,31,239.423,239.423,428.455,0.731,2.32,377.86,28.192,487.867,491.202,650.623,21.687,1141.824,1381.248,27.15,46.11,0.375237,0.802507,0.56981
resolution_sweep,docvqa,1792,64,1,,docvqa_24580,16384,4096,16,170.67,170.67,357.858,0.729,2.282,318.945,28.129,417.405,419.629,363.741,24.249,783.369,954.039,20.425,41.238,0.456819,0.989652,0.464328
resolution_sweep,docvqa,1792,64,2,,docvqa_57349,16384,4096,11,223.651,223.651,365.274,0.731,2.273,325.679,28.207,884.437,886.795,198.346,19.835,1085.142,1308.793,10.137,50.417,0.336614,1.151657,0.182784
resolution_sweep,docvqa,1792,64,3,,docvqa_24581,16384,4096,9,156.351,156.351,396.037,0.733,2.262,358.024,28.157,456.118,458.313,173.689,21.711,632.001,788.353,14.24,46.059,0.626639,1.348344,0.274823
resolution_sweep,docvqa,1792,64,4,,docvqa_24582,16384,4096,10,457.343,457.343,391.422,0.727,2.316,331.809,28.165,896.885,902.791,197.539,21.949,1100.33,1557.673,9.088,45.561,0.355732,1.170838,0.179527
resolution_sweep,docvqa,1792,64,5,,docvqa_39079,16384,4096,37,219.233,219.233,603.61,0.729,2.355,565.22,28.301,663.247,666.472,1999.289,55.536,2665.761,2884.994,13.88,18.006,0.22643,0.475233,0.749988
resolution_sweep,docvqa,1792,64,6,,docvqa_57357,16384,4096,25,244.921,244.921,477.626,0.728,2.282,425.357,28.235,924.427,926.906,503.615,20.984,1430.522,1675.443,17.476,47.655,0.333883,0.980099,0.35205
resolution_sweep,docvqa,1792,64,7,,docvqa_24426,16384,4096,19,214.154,214.154,348.472,0.73,2.272,309.152,28.076,408.089,410.424,449.246,24.958,859.67,1073.825,22.101,40.067,0.405356,0.880059,0.52258
resolution_sweep,docvqa,1792,64,8,,docvqa_49168,16384,4096,24,191.143,191.143,413.95,0.73,2.261,375.152,28.181,835.791,838.144,533.231,23.184,1371.375,1562.518,17.501,43.133,0.30185,0.911305,0.388829
resolution_sweep,docvqa,1792,64,9,,docvqa_24423,16384,4096,23,215.795,215.795,338.867,0.726,2.302,300.888,28.736,829.437,832.296,474.485,21.567,1306.78,1522.575,17.601,46.366,0.259314,0.894032,0.363095
resolution_sweep,docvqa,1792,64,10,,docvqa_49172,16384,4096,32,160.038,160.038,335.718,0.726,2.279,299.189,28.128,793.495,795.868,697.659,22.505,1493.527,1653.565,21.426,44.434,0.224782,0.756071,0.467122
resolution_sweep,docvqa,1792,64,11,,docvqa_57364,16384,4096,17,252.411,252.411,342.069,0.729,2.296,305.763,28.079,795.44,797.992,354.678,22.167,1152.67,1405.081,14.748,45.111,0.296762,0.986847,0.307701
resolution_sweep,docvqa,1792,64,12,,docvqa_57366,16384,4096,17,222.213,222.213,392.069,0.73,2.279,352.631,28.17,878.809,881.368,383.629,23.977,1264.996,1487.21,13.439,41.707,0.309937,1.00465,0.303265
resolution_sweep,docvqa,1792,64,13,,docvqa_57368,16384,4096,17,221.157,221.157,379.185,0.729,2.293,339.699,28.154,829.461,831.905,328.946,20.559,1160.851,1382.007,14.644,48.64,0.326644,1.041173,0.283366
resolution_sweep,docvqa,1792,64,14,,docvqa_49177,16384,4096,27,229.375,229.375,371.019,0.729,2.297,333.716,28.223,814.744,817.506,738.181,28.392,1555.688,1785.063,17.356,35.222,0.238492,0.762212,0.474505
resolution_sweep,docvqa,1792,64,15,,docvqa_57370,16384,4096,27,289.09,289.09,417.0,0.726,2.281,379.146,28.222,476.899,479.423,552.467,21.249,1031.89,1320.98,26.166,47.062,0.404113,0.866273,0.535394
resolution_sweep,docvqa,1792,64,16,,docvqa_57371,16384,4096,30,194.484,194.484,375.123,0.726,2.273,336.818,28.303,835.526,837.892,2814.081,97.037,3651.973,3846.457,8.215,10.305,0.102718,0.331506,0.770564
resolution_sweep,docvqa,1792,64,17,,docvqa_57372,16384,4096,25,246.405,246.405,416.554,0.73,2.334,378.842,28.178,476.449,479.692,602.933,25.122,1082.625,1329.03,23.092,39.805,0.384763,0.824849,0.556918
resolution_sweep,docvqa,1792,64,18,,docvqa_49181,16384,4096,40,173.697,173.697,361.263,0.726,2.281,324.72,28.178,859.393,861.81,948.651,24.324,1810.461,1984.158,22.094,41.111,0.199542,0.674224,0.523983
resolution_sweep,docvqa,1792,64,19,,docvqa_57373,16384,4096,23,358.105,358.105,361.822,0.727,2.301,324.772,28.165,421.769,424.157,469.303,21.332,893.46,1251.565,25.743,46.878,0.404967,0.87703,0.525265
resolution_sweep,docvqa,1792,64,20,,docvqa_57374,16384,4096,18,197.974,197.974,381.728,0.728,2.278,344.414,28.135,441.257,443.551,411.909,24.23,855.46,1053.433,21.041,41.271,0.446226,0.962039,0.481506
resolution_sweep,docvqa,1792,64,21,,docvqa_57375,16384,4096,32,200.036,200.036,403.448,0.726,2.305,365.907,28.193,462.949,465.34,692.089,22.325,1157.429,1357.465,27.647,44.792,0.348573,0.748554,0.597954
resolution_sweep,docvqa,1792,64,22,,docvqa_57376,16384,4096,19,178.464,178.464,370.453,0.727,2.293,333.439,28.196,430.26,432.531,364.631,20.257,797.161,975.625,23.835,49.365,0.464716,1.004455,0.457411
resolution_sweep,docvqa,1792,64,23,,docvqa_49187,16384,4096,30,171.892,171.892,365.477,0.727,2.266,326.951,28.159,425.218,427.484,725.544,25.019,1153.028,1324.921,26.018,39.97,0.316971,0.685755,0.629251
resolution_sweep,docvqa,1792,64,24,,docvqa_16424,16384,4096,20,319.238,319.238,389.595,0.727,2.308,349.169,28.224,449.072,451.742,422.608,22.243,874.351,1193.589,22.874,44.959,0.445582,0.959188,0.48334
resolution_sweep,docvqa,1792,64,25,,docvqa_57386,16384,4096,19,322.148,322.148,369.996,0.728,2.303,330.322,28.179,429.679,432.377,471.385,26.188,903.761,1225.909,21.023,38.185,0.409396,0.88483,0.521581
resolution_sweep,docvqa,1792,64,26,,docvqa_57387,16384,4096,20,302.355,302.355,373.579,0.729,2.283,333.13,28.144,433.209,436.344,449.368,23.651,885.712,1188.066,22.581,42.282,0.421785,0.910892,0.507352
resolution_sweep,docvqa,1792,64,27,,docvqa_57388,16384,4096,20,349.415,349.415,405.245,0.73,2.304,356.14,28.148,464.867,468.059,498.331,26.228,966.391,1315.805,20.696,38.127,0.419339,0.900373,0.515663
resolution_sweep,docvqa,1792,64,28,,docvqa_16429,16384,4096,13,185.996,185.996,386.307,0.73,2.318,347.566,28.199,446.183,448.602,374.728,31.227,823.331,1009.327,15.79,32.023,0.4692,1.011124,0.455137
resolution_sweep,docvqa,1792,64,29,,docvqa_16430,16384,4096,13,187.127,187.127,366.208,0.73,2.289,324.545,28.132,426.238,428.616,284.261,23.688,712.878,900.005,18.236,42.215,0.513703,1.111615,0.398752
resolution_sweep,docvqa,1792,64,30,,docvqa_57391,16384,4096,11,234.8,234.8,400.142,0.728,2.365,352.596,28.285,459.936,463.352,264.108,26.411,727.459,962.259,15.121,37.863,0.550054,1.182304,0.363055
resolution_sweep,docvqa,1792,64,31,,docvqa_57395,16384,4096,15,206.045,206.045,386.636,0.727,2.268,347.211,28.188,447.119,449.428,367.721,26.266,817.149,1023.195,18.356,38.072,0.473153,1.020322,0.450005
resolution_sweep,docvqa,1792,64,32,,docvqa_16437,16384,4096,20,219.387,219.387,389.863,0.729,2.31,352.903,28.163,449.683,452.178,452.697,23.826,904.874,1124.261,22.103,41.971,0.430848,0.927804,0.500287
resolution_sweep,docvqa,1792,64,33,,docvqa_16440,16384,4096,19,226.221,226.221,371.826,0.725,2.327,327.805,28.108,431.384,434.648,381.115,21.173,815.762,1041.983,23.291,47.23,0.455802,0.984613,0.467189
resolution_sweep,docvqa,1792,64,34,,docvqa_57402,16384,4096,32,197.14,197.14,393.702,0.725,2.262,356.652,28.165,453.479,455.661,679.757,21.928,1135.418,1332.558,28.183,45.605,0.346746,0.74614,0.598684
resolution_sweep,docvqa,1792,64,35,,docvqa_57403,16384,4096,32,209.835,209.835,368.894,0.726,2.258,328.764,28.125,428.224,430.513,706.928,22.804,1137.441,1347.276,28.133,43.852,0.324319,0.700799,0.621507
resolution_sweep,docvqa,1792,64,36,,docvqa_57404,16384,4096,28,211.612,211.612,338.474,0.731,2.286,300.976,28.09,799.721,802.156,652.842,24.179,1454.997,1666.609,19.244,41.358,0.232629,0.782266,0.448689
resolution_sweep,docvqa,1792,64,37,,docvqa_16444,16384,4096,24,197.002,197.002,417.045,0.728,2.335,377.609,28.256,477.105,479.762,474.707,20.639,954.469,1151.472,25.145,48.451,0.436939,0.936803,0.497352
resolution_sweep,docvqa,1792,64,38,,docvqa_57407,16384,4096,21,444.087,444.087,396.175,0.725,2.319,358.72,28.177,455.84,458.535,490.367,24.518,948.902,1392.988,22.131,40.786,0.417509,0.897895,0.516773
resolution_sweep,docvqa,1792,64,39,,docvqa_16447,16384,4096,26,193.779,193.779,365.153,0.73,2.292,326.213,28.124,424.821,427.254,585.66,23.426,1012.914,1206.693,25.669,42.687,0.360497,0.779902,0.578193
resolution_sweep,docvqa,1792,64,40,,docvqa_57409,16384,4096,11,231.041,231.041,388.643,0.728,2.281,346.39,28.208,448.457,450.848,237.714,23.771,688.562,919.603,15.975,42.067,0.564427,1.215722,0.345233
resolution_sweep,docvqa,1792,64,41,,docvqa_16450,16384,4096,11,210.115,210.115,369.111,0.729,2.326,331.175,28.17,429.152,431.529,209.092,20.909,640.622,850.736,17.171,47.826,0.576176,1.246076,0.32639
resolution_sweep,docvqa,1792,64,42,,docvqa_57410,16384,4096,17,241.044,241.044,378.182,0.727,2.276,337.973,28.174,438.01,440.295,390.21,24.388,830.505,1071.549,20.469,41.004,0.455364,0.982766,0.469846
resolution_sweep,docvqa,1792,64,43,,docvqa_57411,16384,4096,29,219.183,219.183,610.28,0.727,2.308,563.142,28.167,670.506,673.617,644.45,23.016,1318.067,1537.25,22.002,43.448,0.463012,0.971716,0.488936
resolution_sweep,docvqa,1792,64,44,,docvqa_57413,16384,4096,42,302.621,302.621,381.499,0.729,2.296,343.646,28.225,441.543,444.049,983.919,23.998,1427.968,1730.589,29.412,41.67,0.267162,0.576373,0.689034
resolution_sweep,docvqa,1792,64,45,,docvqa_57414,16384,4096,19,222.028,222.028,386.789,0.725,2.259,349.491,28.162,446.103,448.495,427.139,23.73,875.635,1097.663,21.699,42.141,0.441724,0.951187,0.487806
resolution_sweep,docvqa,1792,64,46,,docvqa_57415,16384,4096,26,189.54,189.54,392.678,0.724,2.268,353.874,28.115,452.2,454.489,657.79,26.312,1112.279,1301.819,23.375,38.006,0.353039,0.759592,0.59139
resolution_sweep,docvqa,1792,64,47,,docvqa_57416,16384,4096,18,183.792,183.792,365.468,0.727,2.259,328.133,28.144,425.142,427.52,459.388,27.023,886.908,1070.7,20.295,37.006,0.412069,0.891423,0.517965
resolution_sweep,docvqa,1792,64,48,,docvqa_57417,16384,4096,15,258.876,258.876,394.586,0.73,2.326,357.566,28.129,454.308,457.182,342.09,24.435,799.273,1058.149,18.767,40.925,0.493682,1.062084,0.428002
resolution_sweep,docvqa,1792,64,49,,docvqa_57418,16384,4096,16,237.551,237.551,388.054,0.731,2.32,350.575,28.328,448.545,451.321,385.201,25.68,836.521,1074.073,19.127,38.941,0.46389,1.000093,0.460479
resolution_sweep,docvqa,1792,64,50,,docvqa_24437,16384,4096,16,200.346,200.346,392.919,0.731,2.296,352.469,28.181,452.369,455.087,396.22,26.415,851.307,1051.653,18.795,37.858,0.461548,0.992929,0.465425
resolution_sweep,docvqa,1792,64,51,,docvqa_24438,16384,4096,13,186.786,186.786,419.116,0.726,2.287,379.648,28.198,478.48,480.942,267.514,22.293,748.456,935.242,17.369,44.858,0.559974,1.199263,0.357421
resolution_sweep,docvqa,1792,64,52,,docvqa_16455,16384,4096,27,241.942,241.942,365.987,0.734,2.288,329.422,28.115,875.878,878.194,647.624,24.909,1525.818,1767.76,17.695,40.147,0.239863,0.813901,0.424444
resolution_sweep,docvqa,1792,64,53,,docvqa_16456,16384,4096,13,247.077,247.077,373.249,0.732,2.282,334.805,28.168,432.873,435.302,299.718,24.976,735.02,982.096,17.687,40.038,0.507809,1.096736,0.407768
resolution_sweep,docvqa,1792,64,54,,docvqa_16463,16384,4096,13,196.98,196.98,402.853,0.725,2.299,365.943,28.189,463.499,465.787,301.919,25.16,767.707,964.686,16.934,39.746,0.524748,1.128492,0.393274
resolution_sweep,docvqa,1792,64,55,,docvqa_49234,16384,4096,15,184.703,184.703,406.31,0.73,2.286,366.25,28.228,465.973,468.302,368.165,26.297,836.466,1021.169,17.933,38.026,0.485745,1.042819,0.440143
resolution_sweep,docvqa,1792,64,56,,docvqa_57428,16384,4096,17,200.333,200.333,395.393,0.73,2.326,347.786,28.173,455.086,458.112,386.269,24.142,844.382,1044.715,20.133,41.422,0.468264,1.007221,0.457458
resolution_sweep,docvqa,1792,64,57,,docvqa_24440,16384,4096,18,235.794,235.794,392.163,0.725,2.318,352.366,28.211,876.624,879.28,1444.943,84.997,2324.223,2560.017,7.745,11.765,0.168729,0.545897,0.621689
resolution_sweep,docvqa,1792,64,58,,docvqa_16468,16384,4096,26,319.206,319.206,374.319,0.728,2.301,336.805,28.21,434.038,436.596,596.4,23.856,1032.997,1352.203,25.169,41.918,0.362362,0.782536,0.57735
resolution_sweep,docvqa,1792,64,59,,docvqa_57431,16384,4096,21,194.515,194.515,387.627,0.732,2.283,347.045,28.155,447.338,449.676,475.517,23.776,925.193,1119.709,22.698,42.059,0.418969,0.902477,0.513965
resolution_sweep,docvqa,1792,64,60,,docvqa_16473,16384,4096,13,177.534,177.534,375.836,0.724,2.27,337.286,28.147,435.923,438.122,262.573,21.881,700.695,878.229,18.553,45.702,0.536376,1.158506,0.374732
resolution_sweep,docvqa,1792,64,61,,docvqa_49242,16384,4096,12,199.117,199.117,390.156,0.731,2.312,352.561,28.317,878.018,880.756,246.971,22.452,1127.727,1326.844,10.641,44.54,0.345966,1.12454,0.218999
resolution_sweep,docvqa,1792,64,62,,docvqa_57439,16384,4096,53,312.313,312.313,371.791,0.73,2.262,330.672,28.137,431.349,433.665,5365.682,103.186,5799.348,6111.661,9.139,9.691,0.064109,0.138488,0.925222
resolution_sweep,docvqa,1792,64,63,,docvqa_57440,16384,4096,17,308.264,308.264,395.955,0.73,2.267,353.576,28.144,455.829,458.273,378.067,23.629,836.339,1144.604,20.327,42.321,0.473439,1.018468,0.452049
resolution_sweep,docvqa,1792,64,64,,docvqa_32870,16384,4096,43,242.37,242.37,411.515,0.73,2.253,374.966,28.248,471.087,473.347,958.388,22.819,1431.735,1674.104,30.033,43.824,0.287424,0.616457,0.669389
resolution_sweep,docvqa,1792,64,65,,docvqa_32871,16384,4096,29,237.335,237.335,391.02,0.73,2.274,353.072,28.161,848.657,850.992,676.859,24.174,1527.851,1765.186,18.981,41.368,0.255928,0.811386,0.443014
resolution_sweep,docvqa,1792,64,66,,docvqa_32872,16384,4096,17,241.261,241.261,370.571,0.729,2.304,332.875,28.122,430.279,432.821,342.75,21.422,775.571,1016.832,21.919,46.681,0.477804,1.032594,0.441932
resolution_sweep,docvqa,1792,64,67,,docvqa_32873,16384,4096,22,364.732,364.732,349.257,0.728,2.281,311.037,28.563,408.751,411.16,465.926,22.187,877.086,1241.818,25.083,45.072,0.398201,0.864234,0.53122
resolution_sweep,docvqa,1792,64,68,,docvqa_32874,16384,4096,13,262.114,262.114,359.149,0.733,2.309,321.82,28.214,418.623,421.441,308.435,25.703,729.876,991.99,17.811,38.906,0.492068,1.065622,0.422586
resolution_sweep,docvqa,1792,64,69,,docvqa_32875,16384,4096,21,231.418,231.418,348.919,0.727,2.301,311.421,28.11,408.541,411.161,466.515,23.326,877.676,1109.094,23.927,42.871,0.397549,0.863029,0.531534
resolution_sweep,docvqa,1792,64,70,,docvqa_32876,16384,4096,22,336.645,336.645,372.338,0.73,2.275,335.605,28.123,432.171,434.545,453.847,21.612,888.391,1225.037,24.764,46.271,0.419115,0.905579,0.510863
resolution_sweep,docvqa,1792,64,71,,docvqa_32877,16384,4096,28,373.138,373.138,375.138,0.729,2.334,328.695,28.145,434.84,442.574,576.789,21.363,1019.363,1392.501,27.468,46.811,0.368012,0.794592,0.565833
resolution_sweep,docvqa,1792,64,72,,docvqa_32878,16384,4096,12,294.261,294.261,382.174,0.729,2.341,335.216,28.122,442.053,445.407,307.236,27.931,752.643,1046.905,15.944,35.803,0.507776,1.09511,0.40821
resolution_sweep,docvqa,1792,64,73,,docvqa_32879,16384,4096,18,234.388,234.388,416.603,0.73,2.286,379.771,28.26,476.23,478.57,402.386,23.67,880.956,1115.344,20.432,42.248,0.472899,1.013482,0.456761
resolution_sweep,docvqa,1792,64,74,,docvqa_57449,16384,4096,11,356.222,356.222,367.935,0.732,2.284,331.336,28.168,427.561,429.986,252.129,25.213,682.115,1038.337,16.126,39.662,0.539404,1.16622,0.369628
resolution_sweep,docvqa,1792,64,75,,docvqa_32881,16384,4096,25,338.885,338.885,347.841,0.731,2.3,308.029,28.121,407.661,410.118,587.928,24.497,998.046,1336.931,25.049,40.821,0.348522,0.756982,0.589079
resolution_sweep,docvqa,1792,64,76,,docvqa_32882,16384,4096,27,268.243,268.243,402.036,0.727,2.319,364.236,28.26,462.04,464.99,620.484,23.865,1085.473,1353.716,24.874,41.903,0.370379,0.796037,0.571625
resolution_sweep,docvqa,1792,64,77,,docvqa_32883,16384,4096,23,241.204,241.204,403.716,0.728,2.409,351.314,28.195,463.831,467.344,587.533,26.706,1054.877,1296.082,21.803,37.445,0.382714,0.822416,0.556968
resolution_sweep,docvqa,1792,64,78,,docvqa_57452,16384,4096,16,238.686,238.686,402.733,0.723,2.355,362.801,28.243,462.51,465.353,381.651,25.443,847.004,1085.691,18.89,39.303,0.475479,1.021533,0.45059
resolution_sweep,docvqa,1792,64,79,,docvqa_32885,16384,4096,18,241.163,241.163,425.463,0.727,2.42,375.582,28.205,485.596,489.121,410.759,24.162,899.88,1141.043,20.003,41.387,0.4728,1.012422,0.45646
resolution_sweep,docvqa,1792,64,80,,docvqa_32886,16384,4096,23,277.167,277.167,606.085,0.726,2.309,569.149,28.137,665.603,667.989,532.402,24.2,1200.391,1477.558,19.16,41.322,0.504906,1.059395,0.443524
resolution_sweep,docvqa,1792,64,81,,docvqa_57454,16384,4096,57,222.79,222.79,376.397,0.727,2.292,339.611,28.178,435.865,438.36,3359.58,59.993,3797.94,4020.731,15.008,16.669,0.099106,0.213869,0.884579
resolution_sweep,docvqa,1792,64,82,,docvqa_49263,16384,4096,30,265.118,265.118,381.999,0.731,2.358,332.759,28.085,441.87,445.931,630.589,21.744,1076.52,1341.637,27.868,45.989,0.354846,0.765308,0.585766
resolution_sweep,docvqa,1792,64,83,,docvqa_32889,16384,4096,25,242.579,242.579,401.073,0.728,2.293,363.223,28.253,461.822,464.272,537.114,22.38,1001.386,1243.965,24.965,44.683,0.400517,0.8617,0.536371
resolution_sweep,docvqa,1792,64,84,,docvqa_32890,16384,4096,16,279.272,279.272,355.579,0.73,2.3,315.717,28.106,415.145,417.733,341.147,22.743,758.88,1038.152,21.084,43.969,0.468558,1.015608,0.44954
resolution_sweep,docvqa,1792,64,85,,docvqa_32891,16384,4096,35,423.635,423.635,353.474,0.728,2.251,314.979,28.133,413.395,415.782,734.257,21.596,1150.04,1573.675,30.434,46.305,0.307359,0.66682,0.638463
resolution_sweep,docvqa,1792,64,86,,docvqa_32892,16384,4096,17,319.889,319.889,350.649,0.726,2.286,312.622,28.166,409.959,412.372,417.582,26.099,829.955,1149.843,20.483,38.316,0.422492,0.916445,0.503139
resolution_sweep,docvqa,1792,64,87,,docvqa_32893,16384,4096,21,264.155,264.155,400.676,0.73,2.273,359.322,28.24,460.741,463.184,475.581,23.779,938.764,1202.919,22.37,42.054,0.426812,0.917607,0.506603
resolution_sweep,docvqa,1792,64,88,,docvqa_32894,16384,4096,20,292.594,292.594,387.227,0.726,2.272,349.702,28.15,447.174,449.73,377.537,19.87,827.267,1119.861,24.176,50.326,0.46808,1.008624,0.456367
resolution_sweep,docvqa,1792,64,89,,docvqa_49274,16384,4096,19,251.82,251.82,354.111,0.729,2.311,315.046,28.294,414.323,416.799,360.477,20.027,777.276,1029.096,24.444,49.934,0.45558,0.988624,0.46377
resolution_sweep,docvqa,1792,64,90,,docvqa_32896,16384,4096,13,457.782,457.782,346.965,0.729,2.298,307.519,28.156,406.556,408.919,275.373,22.948,684.292,1142.074,18.998,43.577,0.507043,1.101169,0.40242
resolution_sweep,docvqa,1792,64,91,,docvqa_32897,16384,4096,14,262.008,262.008,367.301,0.728,2.273,330.25,28.112,427.002,429.274,278.378,21.414,707.652,969.66,19.784,46.699,0.519041,1.122448,0.393383
resolution_sweep,docvqa,1792,64,92,,docvqa_32898,16384,4096,23,250.586,250.586,369.783,0.731,2.276,332.8,28.137,429.238,431.541,506.617,23.028,938.158,1188.744,24.516,43.425,0.394159,0.851691,0.540013
resolution_sweep,docvqa,1792,64,93,,docvqa_57475,16384,4096,16,229.231,229.231,408.081,0.73,2.285,370.97,28.207,468.716,471.072,336.947,22.463,808.02,1037.25,19.802,44.517,0.505039,1.085118,0.417004
resolution_sweep,docvqa,1792,64,94,,docvqa_32900,16384,4096,20,226.147,226.147,346.765,0.73,2.276,309.902,28.096,406.448,408.795,454.161,23.903,862.956,1089.103,23.176,41.835,0.401834,0.872829,0.526285
resolution_sweep,docvqa,1792,64,95,,docvqa_57476,16384,4096,23,209.932,209.932,402.467,0.728,2.27,363.532,28.207,463.352,465.598,487.356,22.153,952.953,1162.885,24.135,45.142,0.422336,0.908563,0.511416
resolution_sweep,docvqa,1792,64,96,,docvqa_49279,16384,4096,11,256.023,256.023,426.03,0.725,2.362,376.608,28.217,485.422,489.126,258.399,25.84,747.525,1003.548,14.715,38.7,0.569921,1.219293,0.345672
resolution_sweep,docvqa,1792,64,97,,docvqa_49285,16384,4096,12,242.146,242.146,375.309,0.727,2.287,336.914,28.16,435.216,437.815,326.264,29.66,764.079,1006.225,15.705,33.715,0.491191,1.060786,0.427003
resolution_sweep,docvqa,1792,64,98,,docvqa_49292,16384,4096,46,233.03,233.03,357.555,0.728,2.251,320.429,28.241,417.141,419.405,1045.936,23.243,1465.341,1698.371,31.392,43.024,0.244008,0.52868,0.713783
resolution_sweep,docvqa,1792,64,99,,docvqa_16529,16384,4096,15,216.639,216.639,400.647,0.726,2.275,363.427,28.162,460.223,462.712,330.154,23.582,792.865,1009.505,18.919,42.404,0.505315,1.08577,0.416406
resolution_sweep,docvqa,1792,64,100,,docvqa_49297,16384,4096,19,405.255,405.255,374.422,0.727,2.305,336.759,28.208,434.168,437.222,499.329,27.74,936.551,1341.806,20.287,36.048,0.399788,0.86337,0.533157
resolution_sweep,docvqa,1792,64,101,,docvqa_16533,16384,4096,23,237.932,237.932,414.935,0.726,2.284,364.61,28.158,474.66,477.327,531.095,24.141,1008.421,1246.353,22.808,41.424,0.41147,0.882166,0.52666
resolution_sweep,docvqa,1792,64,102,,docvqa_49304,16384,4096,15,219.026,219.026,398.95,0.726,2.287,357.487,28.221,458.82,461.214,348.242,24.874,809.456,1028.482,18.531,40.202,0.492862,1.059687,0.430218
resolution_sweep,docvqa,1792,64,103,,docvqa_16539,16384,4096,23,252.005,252.005,383.623,0.726,2.263,346.815,28.17,443.972,446.461,502.854,22.857,949.316,1201.32,24.228,43.75,0.404104,0.87178,0.529702
resolution_sweep,docvqa,1792,64,104,,docvqa_16553,16384,4096,20,364.567,364.567,377.512,0.725,2.306,337.71,28.256,437.173,440.016,486.282,25.594,926.298,1290.865,21.591,39.072,0.407549,0.879506,0.524973
resolution_sweep,docvqa,1792,64,105,,docvqa_49322,16384,4096,17,254.847,254.847,371.849,0.728,2.302,333.063,28.149,431.403,434.213,422.52,26.408,856.734,1111.58,19.843,37.868,0.43403,0.937574,0.493176
resolution_sweep,docvqa,1792,64,106,,docvqa_57515,16384,4096,18,269.925,269.925,376.31,0.729,2.277,336.699,28.179,435.855,438.422,344.835,20.284,783.257,1053.182,22.981,49.299,0.480442,1.036907,0.440258
resolution_sweep,docvqa,1792,64,107,,docvqa_49323,16384,4096,13,382.01,382.01,397.044,0.728,2.293,357.21,28.128,456.944,459.845,290.693,24.224,750.538,1132.548,17.321,41.281,0.529013,1.137835,0.387312
resolution_sweep,docvqa,1792,64,108,,docvqa_57517,16384,4096,10,234.214,234.214,348.166,0.726,2.292,311.26,28.175,407.887,410.371,213.072,23.675,623.443,857.657,16.04,42.239,0.558457,1.212706,0.341767
resolution_sweep,docvqa,1792,64,109,,docvqa_49324,16384,4096,14,212.189,212.189,408.241,0.731,2.277,367.719,28.146,468.286,470.694,326.331,25.102,797.025,1009.213,17.565,39.837,0.512207,1.09975,0.409437
resolution_sweep,docvqa,1792,64,110,,docvqa_57519,16384,4096,11,217.582,217.582,398.038,0.731,2.291,360.235,28.189,457.818,460.395,231.295,23.13,691.69,909.272,15.903,43.235,0.575456,1.23734,0.334391
resolution_sweep,docvqa,1792,64,111,,docvqa_49325,16384,4096,14,286.004,286.004,395.358,0.729,2.285,358.304,28.223,455.635,457.971,310.683,23.899,768.655,1054.659,18.214,41.843,0.514351,1.107121,0.404191
resolution_sweep,docvqa,1792,64,112,,docvqa_57521,16384,4096,14,208.59,208.59,368.862,0.73,2.29,331.783,28.14,428.569,430.823,304.147,23.396,734.97,943.56,19.048,42.743,0.501873,1.084984,0.413822
resolution_sweep,docvqa,1792,64,113,,docvqa_49326,16384,4096,18,309.395,309.395,394.935,0.724,2.255,355.765,28.104,455.019,457.276,423.968,24.939,881.243,1190.638,20.426,40.097,0.448157,0.964494,0.481102
resolution_sweep,docvqa,1792,64,114,,docvqa_57523,16384,4096,16,228.601,228.601,400.258,0.729,2.301,363.023,28.225,459.982,462.396,303.472,20.231,765.868,994.469,20.891,49.428,0.522621,1.123222,0.396245
resolution_sweep,docvqa,1792,64,115,,docvqa_57524,16384,4096,15,239.83,239.83,369.495,0.726,2.29,331.773,28.132,429.244,431.583,282.068,20.148,713.651,953.481,21.019,49.633,0.517753,1.11923,0.395247
resolution_sweep,docvqa,1792,64,116,,docvqa_57525,16384,4096,25,327.189,327.189,372.127,0.727,2.271,332.199,28.132,852.911,855.262,620.056,25.836,1475.318,1802.507,16.946,38.706,0.252235,0.830356,0.420286
resolution_sweep,docvqa,1792,64,117,,docvqa_57526,16384,4096,11,225.83,225.83,382.643,0.731,2.331,344.932,28.248,442.487,445.199,205.273,20.527,650.472,876.302,16.911,48.716,0.588254,1.26851,0.315576
resolution_sweep,docvqa,1792,64,118,,docvqa_57527,16384,4096,18,226.942,226.942,616.75,0.732,2.286,578.956,28.268,676.741,679.097,382.987,22.529,1062.084,1289.027,16.948,44.388,0.580698,1.21788,0.3606
resolution_sweep,docvqa,1792,64,119,,docvqa_57528,16384,4096,28,415.921,415.921,398.993,0.73,2.347,353.809,28.13,458.746,462.617,629.336,23.309,1091.953,1507.875,25.642,42.902,0.365394,0.785509,0.576339
resolution_sweep,docvqa,1792,64,120,,docvqa_57529,16384,4096,30,219.869,219.869,398.798,0.73,2.341,351.449,28.146,458.757,462.241,652.568,22.502,1114.809,1334.678,26.91,44.44,0.357728,0.769239,0.585363
resolution_sweep,docvqa,1792,64,121,,docvqa_57530,16384,4096,11,321.532,321.532,371.915,0.728,2.292,333.946,28.191,431.416,433.902,238.481,23.848,672.383,993.915,16.36,41.932,0.55313,1.194752,0.354681
resolution_sweep,docvqa,1792,64,122,,docvqa_57531,16384,4096,16,230.519,230.519,391.895,0.727,2.263,341.131,28.137,451.261,453.749,407.558,27.171,861.308,1091.827,18.576,36.805,0.455,0.978925,0.473186
resolution_sweep,docvqa,1792,64,123,,docvqa_57532,16384,4096,23,213.201,213.201,350.843,0.732,2.257,311.223,28.167,812.078,814.463,502.723,22.851,1317.186,1530.388,17.461,43.762,0.266358,0.882883,0.381664
resolution_sweep,docvqa,1792,64,124,,docvqa_57533,16384,4096,19,204.409,204.409,344.91,0.732,2.28,305.098,28.106,404.273,407.021,440.893,24.494,847.914,1052.323,22.408,40.826,0.406775,0.883561,0.519974
resolution_sweep,docvqa,1792,64,125,,docvqa_16568,16384,4096,11,294.242,294.242,375.752,0.731,2.283,336.142,28.174,435.313,437.997,255.394,25.539,693.391,987.633,15.864,39.155,0.541905,1.169709,0.368326
resolution_sweep,docvqa,1792,64,126,,docvqa_16574,16384,4096,26,238.89,238.89,379.211,0.731,2.272,341.734,28.183,439.135,441.805,704.529,28.181,1146.334,1385.224,22.681,35.485,0.330804,0.713882,0.614593
resolution_sweep,docvqa,1792,64,127,,docvqa_57537,16384,4096,20,253.002,253.002,387.139,0.726,2.343,349.566,28.244,447.698,450.571,462.719,24.354,913.29,1166.292,21.899,41.062,0.423894,0.914098,0.50665
resolution_sweep,docvqa,1792,64,128,,docvqa_57539,16384,4096,20,431.354,431.354,405.259,0.733,2.311,350.168,28.143,465.277,468.604,459.416,24.18,928.021,1359.375,21.551,41.357,0.436692,0.938057,0.49505
resolution_sweep,docvqa,1792,64,129,,docvqa_57540,16384,4096,20,217.599,217.599,384.31,0.731,2.278,345.091,28.109,444.148,446.87,432.146,22.745,879.016,1096.616,22.753,43.967,0.437204,0.942482,0.491625
resolution_sweep,docvqa,1792,64,130,,docvqa_57543,16384,4096,20,222.316,222.316,420.6,0.726,2.299,381.643,28.192,480.398,482.792,499.225,26.275,982.016,1204.332,20.366,38.059,0.428302,0.917498,0.508367
resolution_sweep,docvqa,1792,64,131,,docvqa_57550,16384,4096,9,711.492,711.492,411.704,0.729,2.343,370.518,28.14,471.532,475.72,188.356,23.544,664.076,1375.567,13.553,42.473,0.619965,1.330023,0.283636
resolution_sweep,docvqa,1792,64,132,,docvqa_49361,16384,4096,11,257.324,257.324,384.754,0.728,2.364,332.926,28.139,444.601,448.064,243.38,24.338,691.444,948.768,15.909,41.088,0.556451,1.199454,0.351988
resolution_sweep,docvqa,1792,64,133,,docvqa_49362,16384,4096,18,267.735,267.735,373.603,0.729,2.32,334.465,28.157,433.391,436.39,408.157,24.009,844.547,1112.282,21.313,41.651,0.442371,0.955535,0.483286
resolution_sweep,docvqa,1792,64,134,,docvqa_57557,16384,4096,26,666.279,666.279,403.411,0.731,2.31,366.036,28.223,463.825,466.82,666.447,26.658,1133.267,1799.546,22.943,37.512,0.355971,0.765253,0.588076
resolution_sweep,docvqa,1792,64,135,,docvqa_49366,16384,4096,15,258.138,258.138,400.628,0.732,2.345,363.639,28.238,460.489,463.035,378.863,27.062,841.898,1100.037,17.817,36.953,0.475862,1.022827,0.45001
resolution_sweep,docvqa,1792,64,136,,docvqa_32984,16384,4096,18,222.718,222.718,418.985,0.73,2.292,379.89,28.169,478.816,481.249,409.252,24.074,890.502,1113.219,20.213,41.539,0.470505,1.008197,0.459575
resolution_sweep,docvqa,1792,64,137,,docvqa_49369,16384,4096,12,246.538,246.538,374.45,0.728,2.286,331.992,28.115,433.921,436.212,251.907,22.901,688.119,934.658,17.439,43.667,0.544164,1.174755,0.366081
resolution_sweep,docvqa,1792,64,138,,docvqa_57562,16384,4096,11,226.917,226.917,462.252,0.728,2.353,422.069,28.327,521.981,524.704,272.665,27.267,797.37,1024.287,13.795,36.675,0.579721,1.23435,0.341956
resolution_sweep,docvqa,1792,64,139,,docvqa_32986,16384,4096,18,299.059,299.059,379.502,0.728,2.271,340.128,28.146,439.181,441.52,418.46,24.615,859.98,1159.038,20.931,40.625,0.441291,0.951979,0.486593
resolution_sweep,docvqa,1792,64,140,,docvqa_57564,16384,4096,64,239.211,239.211,390.793,0.724,2.3,351.845,28.153,450.188,452.6,1330.986,21.127,1783.586,2022.797,35.883,47.333,0.219105,0.471512,0.746242
resolution_sweep,docvqa,1792,64,141,,docvqa_49373,16384,4096,15,227.407,227.407,394.962,0.73,2.272,354.868,28.187,454.724,456.983,342.906,24.493,799.889,1027.296,18.753,40.828,0.493771,1.062254,0.428692
resolution_sweep,docvqa,1792,64,142,,docvqa_16606,16384,4096,11,205.146,205.146,359.912,0.728,2.287,320.234,28.199,419.679,422.315,223.729,22.373,646.044,851.19,17.027,44.697,0.557101,1.206714,0.346307
resolution_sweep,docvqa,1792,64,143,,docvqa_223,16384,4096,14,407.758,407.758,390.529,0.727,2.267,352.304,28.15,449.812,452.098,258.478,19.883,710.576,1118.333,19.702,50.294,0.549595,1.182621,0.363758
resolution_sweep,docvqa,1792,64,144,,docvqa_224,16384,4096,16,430.653,430.653,371.786,0.728,2.268,333.035,28.132,431.583,433.917,397.25,26.483,831.167,1261.82,19.25,37.76,0.447306,0.966554,0.477942
resolution_sweep,docvqa,1792,64,145,,docvqa_16609,16384,4096,18,186.272,186.272,419.526,0.729,2.271,372.013,28.182,479.417,481.857,405.015,23.824,886.872,1073.144,20.296,41.974,0.47304,1.013611,0.456678
resolution_sweep,docvqa,1792,64,146,,docvqa_57566,16384,4096,17,225.046,225.046,432.868,0.726,2.287,391.519,28.225,493.004,495.375,478.628,29.914,974.003,1199.049,17.454,33.429,0.444422,0.950585,0.491403
resolution_sweep,docvqa,1792,64,147,,docvqa_16611,16384,4096,20,195.816,195.816,381.27,0.73,2.286,343.833,28.161,441.192,443.835,469.247,24.697,913.082,1108.898,21.904,40.49,0.417564,0.900754,0.513916
resolution_sweep,docvqa,1792,64,148,,docvqa_49376,16384,4096,13,272.552,272.552,408.06,0.729,2.363,361.722,28.256,467.951,471.421,285.852,23.821,757.272,1029.824,17.167,41.98,0.538856,1.156799,0.377475
resolution_sweep,docvqa,1792,64,149,,docvqa_49381,16384,4096,17,289.842,289.842,408.515,0.73,2.278,370.925,28.267,468.802,471.1,361.111,22.569,832.211,1122.053,20.428,44.308,0.490879,1.0542,0.433918
resolution_sweep,docvqa,1792,64,150,,docvqa_32989,16384,4096,17,242.689,242.689,403.535,0.729,2.33,365.347,28.24,463.186,465.97,399.159,24.947,865.129,1107.819,19.65,40.084,0.466444,1.00184,0.461386
resolution_sweep,docvqa,1792,64,151,,docvqa_231,16384,4096,16,285.908,285.908,353.943,0.73,2.286,315.572,28.219,413.519,416.057,329.363,21.958,745.42,1031.329,21.464,45.542,0.474823,1.029569,0.441849
resolution_sweep,docvqa,1792,64,152,,docvqa_232,16384,4096,17,214.041,214.041,402.906,0.729,2.331,363.558,28.132,462.81,465.908,325.18,20.324,791.088,1005.129,21.489,49.203,0.509307,1.094337,0.411054
resolution_sweep,docvqa,1792,64,153,,docvqa_32994,16384,4096,17,274.669,274.669,377.651,0.724,2.262,338.092,28.178,437.281,439.678,332.229,20.764,771.908,1046.577,22.023,48.159,0.489243,1.055737,0.4304
resolution_sweep,docvqa,1792,64,154,,docvqa_234,16384,4096,64,180.585,180.585,398.813,0.73,2.261,362.2,28.157,458.479,460.789,3938.506,62.516,4399.295,4579.88,14.548,15.996,0.090654,0.19487,0.895258
resolution_sweep,docvqa,1792,64,155,,docvqa_4931,16384,4096,21,183.366,183.366,539.306,0.729,2.277,501.151,28.211,598.972,601.287,454.38,22.719,1055.666,1239.032,19.893,44.016,0.510868,1.078256,0.43042
resolution_sweep,docvqa,1792,64,156,,docvqa_32995,16384,4096,17,316.581,316.581,371.577,0.728,2.315,334.327,28.185,430.963,433.606,326.444,20.403,760.049,1076.63,22.367,49.013,0.488886,1.055906,0.429503
resolution_sweep,docvqa,1792,64,157,,docvqa_237,16384,4096,18,210.585,210.585,397.318,0.73,2.285,357.321,28.178,457.435,459.883,382.323,22.49,842.207,1052.792,21.372,44.465,0.471759,1.014897,0.453954
resolution_sweep,docvqa,1792,64,158,,docvqa_49390,16384,4096,8,286.212,286.212,406.372,0.73,2.337,359.039,28.201,466.844,470.458,157.65,22.521,628.108,914.32,12.737,44.402,0.646978,1.390232,0.250992
resolution_sweep,docvqa,1792,64,159,,docvqa_49391,16384,4096,23,230.393,230.393,377.948,0.73,2.304,338.786,28.163,437.908,440.435,572.385,26.018,1012.82,1243.214,22.709,38.436,0.373163,0.805529,0.56514
resolution_sweep,docvqa,1792,64,160,,docvqa_49392,16384,4096,13,205.019,205.019,371.165,0.729,2.288,333.92,28.12,430.963,433.448,301.435,25.12,734.883,939.902,17.69,39.81,0.505066,1.091504,0.410181
resolution_sweep,docvqa,1792,64,161,,docvqa_49393,16384,4096,18,187.979,187.979,411.377,0.728,2.265,373.926,28.187,470.746,473.122,377.454,22.203,850.576,1038.555,21.162,45.039,0.483645,1.037088,0.443763
resolution_sweep,docvqa,1792,64,162,,docvqa_49394,16384,4096,16,219.162,219.162,394.622,0.726,2.281,357.661,28.132,454.183,456.484,368.47,24.565,824.955,1044.117,19.395,40.709,0.478357,1.028912,0.446655
resolution_sweep,docvqa,1792,64,163,,docvqa_49395,16384,4096,20,193.785,193.785,346.74,0.729,2.266,310.241,28.088,406.149,408.62,419.37,22.072,827.99,1021.775,24.155,45.306,0.418773,0.909297,0.506492
resolution_sweep,docvqa,1792,64,164,,docvqa_49396,16384,4096,22,376.508,376.508,352.008,0.729,2.311,310.634,28.122,411.849,415.025,428.344,20.397,843.368,1219.876,26.086,49.026,0.417383,0.905722,0.507896
resolution_sweep,docvqa,1792,64,165,,docvqa_49397,16384,4096,16,253.886,253.886,344.448,0.729,2.282,307.742,28.095,403.973,406.225,335.686,22.379,741.911,995.797,21.566,44.685,0.464271,1.008775,0.452461
resolution_sweep,docvqa,1792,64,166,,docvqa_49398,16384,4096,14,210.384,210.384,353.325,0.729,2.288,316.491,28.21,412.698,415.139,308.805,23.754,723.944,934.328,19.339,42.098,0.488055,1.058124,0.426559
resolution_sweep,docvqa,1792,64,167,,docvqa_49399,16384,4096,11,178.739,178.739,375.613,0.729,2.287,338.859,28.128,435.185,437.437,204.801,20.48,642.238,820.977,17.128,48.828,0.58485,1.262458,0.318886
resolution_sweep,docvqa,1792,64,168,,docvqa_49400,16384,4096,26,242.309,242.309,412.447,0.728,2.361,364.334,28.164,472.521,476.3,602.051,24.082,1078.352,1320.66,24.111,41.525,0.382479,0.820668,0.558307
resolution_sweep,docvqa,1792,64,169,,docvqa_49401,16384,4096,17,276.198,276.198,388.806,0.727,2.312,349.705,28.16,449.391,452.773,366.861,22.929,819.634,1095.832,20.741,43.613,0.474365,1.022648,0.447592
resolution_sweep,docvqa,1792,64,170,,docvqa_49402,16384,4096,31,210.453,210.453,407.816,0.73,2.269,367.497,28.301,468.082,470.448,773.157,25.772,1243.604,1454.057,24.928,38.802,0.327931,0.704322,0.621706
resolution_sweep,docvqa,1792,64,171,,docvqa_49403,16384,4096,10,274.892,274.892,402.552,0.73,2.276,362.728,28.115,462.151,464.709,231.835,25.759,696.544,971.436,14.357,38.821,0.577928,1.24142,0.332836
resolution_sweep,docvqa,1792,64,172,,docvqa_49404,16384,4096,25,195.507,195.507,403.679,0.728,2.324,354.919,28.138,463.149,466.301,558.484,23.27,1024.786,1220.293,24.395,42.973,0.393916,0.845863,0.544977
resolution_sweep,docvqa,1792,64,173,,docvqa_254,16384,4096,18,262.384,262.384,402.216,0.73,2.293,365.48,28.194,461.809,464.181,411.902,24.23,876.083,1138.467,20.546,41.272,0.459107,0.986235,0.470163
resolution_sweep,docvqa,1792,64,174,,docvqa_255,16384,4096,16,206.383,206.383,367.757,0.731,2.293,330.029,28.064,427.576,429.85,296.365,19.758,726.215,932.597,22.032,50.613,0.506402,1.095175,0.408095
resolution_sweep,docvqa,1792,64,175,,docvqa_256,16384,4096,19,312.99,312.99,380.506,0.731,2.316,340.414,28.191,440.735,443.583,475.38,26.41,918.962,1231.952,20.675,37.864,0.414061,0.893662,0.5173
resolution_sweep,docvqa,1792,64,176,,docvqa_49406,16384,4096,16,179.431,179.431,398.891,0.728,2.296,362.142,28.205,458.841,461.224,357.55,23.837,818.774,998.205,19.541,41.952,0.487181,1.047582,0.43669
resolution_sweep,docvqa,1792,64,177,,docvqa_265,16384,4096,36,229.394,229.394,398.435,0.727,2.294,361.135,28.16,458.047,460.689,895.834,25.595,1356.523,1585.917,26.538,39.07,0.293718,0.63138,0.66039
resolution_sweep,docvqa,1792,64,178,,docvqa_266,16384,4096,17,205.525,205.525,375.493,0.729,2.279,338.096,28.158,435.181,437.771,338.647,21.165,776.418,981.943,21.895,47.247,0.483622,1.044121,0.436166
resolution_sweep,docvqa,1792,64,179,,docvqa_267,16384,4096,27,267.483,267.483,356.69,0.727,2.294,318.245,28.122,416.615,418.896,633.673,24.372,1052.569,1320.052,25.652,41.031,0.338875,0.734684,0.602025
resolution_sweep,docvqa,1792,64,180,,docvqa_271,16384,4096,17,233.256,233.256,354.199,0.73,2.277,315.354,28.104,413.624,415.853,345.52,21.595,761.373,994.63,22.328,46.307,0.465211,1.008471,0.453812
resolution_sweep,docvqa,1792,64,181,,docvqa_49432,16384,4096,38,318.189,318.189,374.363,0.729,2.282,337.573,28.186,434.632,436.9,840.524,22.717,1277.424,1595.613,29.747,44.02,0.293061,0.633302,0.657983
resolution_sweep,docvqa,1792,64,182,,docvqa_283,16384,4096,22,276.906,276.906,356.954,0.725,2.311,317.174,28.126,416.406,419.474,501.375,23.875,920.849,1197.755,23.891,41.885,0.387636,0.839834,0.54447
resolution_sweep,docvqa,1792,64,183,,docvqa_284,16384,4096,29,206.965,206.965,502.815,0.729,2.268,463.375,28.28,562.717,565.03,752.672,26.881,1317.702,1524.667,22.008,37.201,0.381585,0.808629,0.5712
resolution_sweep,docvqa,1792,64,184,,docvqa_285,16384,4096,16,213.292,213.292,381.293,0.728,2.289,344.07,28.162,441.987,444.626,388.178,25.879,832.804,1046.096,19.212,38.642,0.457842,0.988564,0.46611
resolution_sweep,docvqa,1792,64,185,,docvqa_49437,16384,4096,15,367.498,367.498,398.256,0.73,2.29,358.115,28.134,458.123,460.769,339.949,24.282,800.718,1168.215,18.733,41.183,0.497374,1.069515,0.424555
resolution_sweep,docvqa,1792,64,186,,docvqa_49442,16384,4096,15,227.055,227.055,402.454,0.73,2.304,362.186,28.547,461.986,464.377,303.393,21.671,767.77,994.825,19.537,46.145,0.524186,1.12591,0.395162
resolution_sweep,docvqa,1792,64,187,,docvqa_292,16384,4096,29,189.335,189.335,404.697,0.729,2.277,366.493,28.118,464.395,466.695,643.088,22.967,1109.783,1299.118,26.131,43.54,0.364663,0.783119,0.579471
resolution_sweep,docvqa,1792,64,188,,docvqa_296,16384,4096,15,198.447,198.447,371.544,0.724,2.269,331.617,28.068,431.456,433.796,361.102,25.793,794.898,993.345,18.87,38.77,0.467411,1.010193,0.454275
resolution_sweep,docvqa,1792,64,189,,docvqa_297,16384,4096,17,220.84,220.84,424.32,0.725,2.274,386.888,28.166,483.889,486.181,377.999,23.625,864.18,1085.02,19.672,42.328,0.491008,1.050949,0.437407
resolution_sweep,docvqa,1792,64,190,,docvqa_298,16384,4096,12,187.073,187.073,372.837,0.73,2.27,331.21,28.118,432.432,434.775,216.076,19.643,650.851,837.924,18.437,50.908,0.572846,1.237256,0.33199
resolution_sweep,docvqa,1792,64,191,,docvqa_49449,16384,4096,17,269.921,269.921,348.584,0.728,2.275,309.414,28.095,407.988,410.23,342.338,21.396,752.568,1022.489,22.589,46.737,0.463193,1.00532,0.454893
resolution_sweep,docvqa,1792,64,192,,docvqa_300,16384,4096,20,216.99,216.99,343.926,0.729,2.285,307.588,28.1,403.389,405.723,410.277,21.594,816.0,1032.991,24.51,46.31,0.421478,0.915827,0.502791
resolution_sweep,docvqa,1792,64,193,,docvqa_49454,16384,4096,20,185.856,185.856,532.019,0.731,2.258,493.592,28.283,592.141,594.343,472.29,24.857,1066.632,1252.488,18.751,40.23,0.498784,1.053934,0.442786
resolution_sweep,docvqa,1792,64,194,,docvqa_303,16384,4096,17,205.961,205.961,412.639,0.729,2.304,375.851,28.304,473.013,475.696,361.282,22.58,836.978,1042.939,20.311,44.287,0.493011,1.058155,0.43165
resolution_sweep,docvqa,1792,64,195,,docvqa_304,16384,4096,28,207.099,207.099,379.964,0.73,2.349,334.832,28.085,439.408,443.04,666.162,24.673,1109.202,1316.301,25.243,40.531,0.342556,0.738704,0.600578
resolution_sweep,docvqa,1792,64,196,,docvqa_305,16384,4096,19,191.753,191.753,393.89,0.732,2.287,357.108,28.215,453.341,455.889,437.462,24.303,893.351,1085.104,21.268,41.146,0.440913,0.948374,0.489686
resolution_sweep,docvqa,1792,64,197,,docvqa_49455,16384,4096,40,185.097,185.097,395.855,0.732,2.272,357.143,28.149,455.465,458.045,911.74,23.378,1369.785,1554.883,29.202,42.775,0.288991,0.621499,0.665608
resolution_sweep,docvqa,1792,64,198,,docvqa_307,16384,4096,16,195.47,195.47,394.955,0.728,2.287,357.06,28.171,454.571,456.937,301.579,20.105,758.516,953.985,21.094,49.738,0.520695,1.119984,0.39759
resolution_sweep,docvqa,1792,64,199,,docvqa_49461,16384,4096,20,179.999,179.999,386.127,0.725,2.268,349.377,28.212,445.613,448.136,465.938,24.523,914.074,1094.073,21.88,40.778,0.422424,0.909926,0.509738
resolution_sweep,docvqa,1792,64,200,,docvqa_49465,16384,4096,22,163.372,163.372,392.241,0.727,2.274,354.347,28.715,452.331,454.788,452.068,21.527,906.856,1070.229,24.26,46.453,0.432528,0.931318,0.498501
resolution_sweep,docvqa,1792,64,201,,docvqa_317,16384,4096,11,186.523,186.523,383.083,0.725,2.288,345.734,28.178,442.713,445.2,283.19,28.319,728.391,914.913,15.102,35.312,0.525931,1.133727,0.388789
resolution_sweep,docvqa,1792,64,202,,docvqa_319,16384,4096,22,314.858,314.858,396.422,0.727,2.317,358.829,28.227,456.144,459.018,524.089,24.957,983.107,1297.965,22.378,40.07,0.403234,0.867216,0.533094
resolution_sweep,docvqa,1792,64,203,,docvqa_320,16384,4096,64,203.638,203.638,375.523,0.729,2.363,331.086,28.174,435.137,438.551,1566.672,24.868,2005.223,2208.862,31.917,40.213,0.187272,0.404274,0.781296
resolution_sweep,docvqa,1792,64,204,,docvqa_321,16384,4096,64,168.553,168.553,367.176,0.728,2.285,330.531,28.136,427.149,429.449,1339.993,21.27,1769.442,1937.995,36.17,47.015,0.207509,0.448913,0.757297
resolution_sweep,docvqa,1792,64,205,,docvqa_345,16384,4096,13,266.121,266.121,391.252,0.73,2.268,353.777,28.173,450.903,453.261,341.776,28.481,795.037,1061.158,16.351,35.111,0.492118,1.059264,0.429887
resolution_sweep,docvqa,1792,64,206,,docvqa_346,16384,4096,27,198.378,198.378,383.066,0.729,2.279,345.032,28.139,442.647,444.998,563.392,21.669,1008.39,1206.768,26.775,46.149,0.379879,0.818843,0.558704
resolution_sweep,docvqa,1792,64,207,,docvqa_347,16384,4096,25,206.565,206.565,472.416,0.73,2.277,434.644,28.242,531.944,534.227,604.496,25.187,1138.723,1345.288,21.954,39.703,0.414865,0.882006,0.530854
resolution_sweep,docvqa,1792,64,208,,docvqa_348,16384,4096,21,200.108,200.108,497.613,0.729,2.345,448.793,28.33,557.925,561.149,407.857,20.393,969.006,1169.114,21.672,49.037,0.51353,1.089301,0.420903
resolution_sweep,docvqa,1792,64,209,,docvqa_6943,16384,4096,17,194.876,194.876,372.57,0.73,2.263,335.29,28.081,432.101,434.369,396.89,24.806,831.259,1026.135,20.451,40.313,0.4482,0.968015,0.477456
resolution_sweep,docvqa,1792,64,210,,docvqa_357,16384,4096,13,187.437,187.437,367.545,0.727,2.314,324.246,28.085,426.969,430.109,235.928,19.661,666.037,853.474,19.518,50.863,0.551839,1.192898,0.354226
resolution_sweep,docvqa,1792,64,211,,docvqa_358,16384,4096,16,234.247,234.247,352.815,0.729,2.252,316.444,28.115,412.195,414.464,384.194,25.613,798.658,1032.906,20.034,39.043,0.44176,0.957869,0.48105
resolution_sweep,docvqa,1792,64,212,,docvqa_359,16384,4096,17,194.773,194.773,393.533,0.728,2.318,356.719,28.201,453.304,456.146,425.034,26.565,881.18,1075.953,19.292,37.644,0.446598,0.961026,0.482346
resolution_sweep,docvqa,1792,64,213,,docvqa_360,16384,4096,21,207.1,207.1,399.542,0.731,2.285,362.441,28.151,459.207,461.646,490.141,24.507,951.787,1158.887,22.064,40.805,0.419781,0.902249,0.514969
resolution_sweep,docvqa,1792,64,214,,docvqa_361,16384,4096,33,313.201,313.201,374.738,0.727,2.272,334.688,28.138,434.578,437.046,790.441,24.701,1227.487,1540.688,26.884,40.484,0.305288,0.659327,0.64395
resolution_sweep,docvqa,1792,64,215,,docvqa_362,16384,4096,22,237.793,237.793,379.792,0.73,2.351,331.997,28.099,439.58,442.841,492.44,23.45,935.281,1173.074,23.522,42.645,0.406072,0.876071,0.526515
resolution_sweep,docvqa,1792,64,216,,docvqa_363,16384,4096,19,203.043,203.043,346.899,0.728,2.269,307.117,28.119,406.602,408.988,430.582,23.921,839.57,1042.613,22.631,41.804,0.413186,0.897484,0.512861
resolution_sweep,docvqa,1792,64,217,,docvqa_364,16384,4096,34,207.928,207.928,385.221,0.728,2.32,348.322,28.199,445.555,448.4,824.069,24.972,1272.468,1480.397,26.72,40.045,0.302735,0.652886,0.647614
resolution_sweep,docvqa,1792,64,218,,docvqa_365,16384,4096,26,314.086,314.086,354.595,0.728,2.28,314.845,28.117,414.114,416.616,614.105,24.564,1030.721,1344.806,25.225,40.71,0.344026,0.745798,0.595802
resolution_sweep,docvqa,1792,64,219,,docvqa_8560,16384,4096,20,208.62,208.62,401.339,0.73,2.335,361.9,28.305,461.223,463.843,480.377,25.283,944.22,1152.841,21.181,39.552,0.425048,0.913518,0.508755
resolution_sweep,docvqa,1792,64,220,,docvqa_4958,16384,4096,17,192.79,192.79,368.243,0.726,2.29,330.913,28.142,428.02,430.467,319.027,19.939,749.494,942.284,22.682,50.152,0.491322,1.0624,0.425656
resolution_sweep,docvqa,1792,64,221,,docvqa_8565,16384,4096,27,214.284,214.284,422.239,0.729,2.338,361.899,28.242,482.053,485.222,524.53,20.174,1009.752,1224.036,26.739,49.568,0.418161,0.895559,0.519464
resolution_sweep,docvqa,1792,64,222,,docvqa_4959,16384,4096,6,209.16,209.16,381.273,0.73,2.327,334.543,28.13,440.861,444.256,131.239,26.248,575.495,784.655,10.426,38.098,0.662514,1.428571,0.228045
resolution_sweep,docvqa,1792,64,223,,docvqa_375,16384,4096,24,205.644,205.644,411.31,0.728,2.259,373.975,28.185,471.489,473.8,508.841,22.124,982.641,1188.285,24.424,45.201,0.418576,0.898394,0.51783
resolution_sweep,docvqa,1792,64,224,,docvqa_376,16384,4096,23,189.201,189.201,356.475,0.733,2.305,319.504,28.22,416.582,418.869,524.565,23.844,943.434,1132.636,24.379,41.94,0.377849,0.819408,0.556016
resolution_sweep,docvqa,1792,64,225,,docvqa_377,16384,4096,12,344.816,344.816,376.713,0.73,2.341,339.523,28.222,437.227,440.15,321.381,29.216,761.53,1106.346,15.758,34.227,0.494679,1.068821,0.422019
resolution_sweep,docvqa,1792,64,226,,docvqa_49528,16384,4096,9,243.749,243.749,380.578,0.731,2.297,342.467,28.167,440.773,443.38,185.204,23.15,628.584,872.333,14.318,43.196,0.605452,1.306668,0.294637
resolution_sweep,docvqa,1792,64,227,,docvqa_49530,16384,4096,9,334.753,334.753,374.094,0.728,2.317,335.18,28.156,433.627,436.223,210.584,26.323,646.807,981.561,13.914,37.99,0.578369,1.24878,0.325575
resolution_sweep,docvqa,1792,64,228,,docvqa_49532,16384,4096,18,239.809,239.809,374.76,0.729,2.251,335.754,28.113,434.452,436.653,423.607,24.918,860.26,1100.069,20.924,40.132,0.435636,0.940661,0.492418
resolution_sweep,docvqa,1792,64,229,,docvqa_24499,16384,4096,64,230.547,230.547,398.907,0.732,2.282,359.366,28.197,458.42,461.027,1591.023,25.254,2052.05,2282.597,31.188,39.597,0.194394,0.41779,0.775333
resolution_sweep,docvqa,1792,64,230,,docvqa_49534,16384,4096,20,235.775,235.775,542.573,0.729,2.301,503.389,28.132,602.365,604.905,433.574,22.82,1038.478,1274.253,19.259,43.822,0.522469,1.102515,0.417509
resolution_sweep,docvqa,1792,64,231,,docvqa_383,16384,4096,41,533.182,533.182,356.661,0.725,5.365,308.8,28.152,416.328,419.703,881.787,22.045,1301.49,1834.673,31.502,45.362,0.274041,0.593927,0.677521
resolution_sweep,docvqa,1792,64,232,,docvqa_384,16384,4096,49,332.202,332.202,423.298,0.73,2.298,374.199,28.196,482.573,485.464,1109.412,23.113,1594.876,1927.078,30.723,43.266,0.265412,0.567989,0.69561
resolution_sweep,docvqa,1792,64,233,,docvqa_385,16384,4096,64,201.69,201.69,375.912,0.727,2.269,335.421,28.152,435.286,437.71,1935.213,30.718,2372.923,2574.613,26.971,32.555,0.158417,0.341856,0.81554
resolution_sweep,docvqa,1792,64,234,,docvqa_49536,16384,4096,45,215.725,215.725,403.376,0.729,2.294,364.684,28.203,463.465,466.009,936.252,21.278,1402.261,1617.986,32.091,46.996,0.287661,0.618174,0.667673
resolution_sweep,docvqa,1792,64,235,,docvqa_24500,16384,4096,45,183.486,183.486,371.597,0.73,2.288,334.087,28.209,432.181,434.567,1046.73,23.789,1481.297,1664.783,30.379,42.036,0.250859,0.542618,0.706631
resolution_sweep,docvqa,1792,64,236,,docvqa_33153,16384,4096,25,283.299,283.299,351.606,0.73,2.284,312.308,28.121,411.449,414.012,582.057,24.252,996.069,1279.368,25.099,41.233,0.352993,0.766066,0.584354
resolution_sweep,docvqa,1792,64,237,,docvqa_57733,16384,4096,24,184.562,184.562,390.008,0.731,2.254,350.913,28.151,449.509,451.974,506.54,22.023,958.513,1143.075,25.039,45.406,0.406888,0.875853,0.528464
resolution_sweep,docvqa,1792,64,238,,docvqa_49542,16384,4096,18,226.615,226.615,409.696,0.725,2.321,371.593,28.252,469.972,472.56,411.648,24.215,884.208,1110.823,20.357,41.297,0.463348,0.994866,0.465556
resolution_sweep,docvqa,1792,64,239,,docvqa_33158,16384,4096,11,253.135,253.135,433.568,0.729,2.361,392.6,28.209,493.396,496.633,242.922,24.292,739.555,992.69,14.874,41.165,0.586255,1.253407,0.32847
resolution_sweep,docvqa,1792,64,240,,docvqa_49544,16384,4096,31,284.647,284.647,433.991,0.727,2.307,392.177,28.19,493.958,496.711,754.035,25.134,1250.746,1535.393,24.785,39.786,0.346985,0.741916,0.602868
resolution_sweep,docvqa,1792,64,241,,docvqa_58694,16384,4096,20,208.72,208.72,373.399,0.728,2.309,335.665,28.186,433.946,436.787,506.751,26.671,943.538,1152.257,21.197,37.494,0.395743,0.855657,0.537076
resolution_sweep,docvqa,1792,64,242,,docvqa_49546,16384,4096,62,247.217,247.217,376.576,0.726,2.332,330.715,28.192,436.419,439.99,1436.64,23.551,1876.63,2123.848,33.038,42.46,0.200666,0.433221,0.765542
resolution_sweep,docvqa,1792,64,243,,docvqa_395,16384,4096,12,231.169,231.169,392.956,0.729,2.364,344.48,28.239,453.054,456.342,304.419,27.674,760.761,991.93,15.774,36.134,0.516531,1.112059,0.400151
resolution_sweep,docvqa,1792,64,244,,docvqa_396,16384,4096,22,357.391,357.391,367.996,0.726,2.267,327.327,28.12,427.842,430.204,466.357,22.207,896.562,1253.953,24.538,45.03,0.410453,0.887655,0.520162
resolution_sweep,docvqa,1792,64,245,,docvqa_397,16384,4096,22,187.696,187.696,344.194,0.729,2.286,305.617,28.079,403.748,406.353,497.839,23.707,904.192,1091.888,24.331,42.182,0.380665,0.827195,0.55059
resolution_sweep,docvqa,1792,64,246,,docvqa_49550,16384,4096,52,240.266,240.266,373.251,0.731,2.278,332.339,28.154,433.35,435.628,1175.933,23.058,1611.562,1851.827,32.267,43.37,0.231608,0.500509,0.729686
resolution_sweep,docvqa,1792,64,247,,docvqa_58695,16384,4096,24,214.793,214.793,402.487,0.727,2.322,357.57,28.17,462.277,465.477,585.553,25.459,1051.03,1265.823,22.835,39.279,0.382945,0.822778,0.557123
resolution_sweep,docvqa,1792,64,248,,docvqa_398,16384,4096,14,332.654,332.654,418.639,0.727,2.357,375.578,28.192,478.384,481.874,293.621,22.586,775.496,1108.149,18.053,44.275,0.539834,1.156709,0.378624
resolution_sweep,docvqa,1792,64,249,,docvqa_49555,16384,4096,34,240.221,240.221,364.882,0.728,2.31,326.593,28.216,424.734,427.336,736.3,22.312,1163.636,1403.857,29.219,44.819,0.313571,0.678577,0.632758
resolution_sweep,docvqa,1792,64,250,,docvqa_16789,16384,4096,25,184.8,184.8,343.596,0.731,2.29,306.448,28.091,402.967,405.387,575.433,23.976,980.82,1165.62,25.489,41.708,0.350315,0.761162,0.586685
resolution_sweep,docvqa,1792,64,251,,docvqa_407,16384,4096,14,178.789,178.789,370.964,0.727,2.28,333.513,28.201,430.476,432.765,302.682,23.283,735.447,914.236,19.036,42.949,0.504407,1.089733,0.411562
resolution_sweep,docvqa,1792,64,252,,docvqa_49560,16384,4096,28,251.865,251.865,392.731,0.73,2.31,355.903,28.183,453.209,455.518,679.71,25.174,1135.227,1387.093,24.665,39.723,0.345949,0.745173,0.598743
resolution_sweep,docvqa,1792,64,253,,docvqa_408,16384,4096,15,198.08,198.08,376.94,0.726,2.288,337.523,28.124,436.49,438.869,307.769,21.983,746.638,944.718,20.09,45.489,0.50485,1.089458,0.412206
resolution_sweep,docvqa,1792,64,254,,docvqa_409,16384,4096,22,194.917,194.917,398.277,0.726,2.308,360.971,28.276,458.26,460.867,541.208,25.772,1002.075,1196.992,21.954,38.802,0.397452,0.854763,0.540088
resolution_sweep,docvqa,1792,64,255,,docvqa_24505,16384,4096,17,223.409,223.409,427.051,0.729,2.304,387.617,28.181,486.719,489.191,384.868,24.054,874.059,1097.468,19.449,41.573,0.488584,1.045433,0.440323
resolution_sweep,docvqa,1792,64,256,,docvqa_410,16384,4096,27,296.873,296.873,400.651,0.729,2.333,360.73,28.187,460.52,463.406,639.356,24.591,1102.763,1399.636,24.484,40.666,0.363316,0.780921,0.579777
resolution_sweep,docvqa,1792,64,257,,docvqa_49565,16384,4096,13,251.1,251.1,389.387,0.73,2.303,351.782,28.255,449.372,452.03,341.214,28.435,793.244,1044.344,16.388,35.169,0.490878,1.057377,0.43015
resolution_sweep,docvqa,1792,64,258,,docvqa_16801,16384,4096,10,219.139,219.139,402.715,0.728,2.317,350.207,28.148,462.164,465.648,226.788,25.199,692.436,911.575,14.442,39.685,0.581591,1.249038,0.327522
resolution_sweep,docvqa,1792,64,259,,docvqa_49569,16384,4096,14,228.197,228.197,345.359,0.73,2.292,306.551,28.113,404.879,407.167,377.062,29.005,784.229,1012.427,17.852,34.477,0.44038,0.956655,0.480806
resolution_sweep,docvqa,1792,64,260,,docvqa_57765,16384,4096,21,209.589,209.589,376.1,0.728,2.26,339.708,28.161,435.791,438.127,452.97,22.649,891.097,1100.687,23.566,44.153,0.422064,0.911113,0.508328
resolution_sweep,docvqa,1792,64,261,,docvqa_57766,16384,4096,17,195.938,195.938,395.215,0.728,2.28,356.239,28.155,454.773,457.001,393.034,24.565,850.035,1045.973,19.999,40.709,0.464939,0.999944,0.462373
resolution_sweep,docvqa,1792,64,262,,docvqa_57767,16384,4096,14,204.056,204.056,415.185,0.728,2.281,376.377,28.181,475.171,477.629,318.305,24.485,795.934,999.99,17.589,40.841,0.521633,1.11863,0.399914
resolution_sweep,docvqa,1792,64,263,,docvqa_58700,16384,4096,22,189.998,189.998,384.518,0.725,2.271,346.276,28.145,444.349,446.626,518.45,24.688,965.076,1155.074,22.796,40.505,0.398433,0.858862,0.537211
resolution_sweep,docvqa,1792,64,264,,docvqa_49574,16384,4096,20,235.562,235.562,373.075,0.728,2.289,333.287,28.159,433.019,435.429,419.017,22.054,854.446,1090.008,23.407,45.344,0.436628,0.943412,0.490396
resolution_sweep,docvqa,1792,64,265,,docvqa_57770,16384,4096,15,255.637,255.637,405.301,0.727,2.309,357.988,28.109,465.359,468.436,418.74,29.91,887.176,1142.814,16.908,33.434,0.456843,0.981382,0.471992
resolution_sweep,docvqa,1792,64,266,,docvqa_57771,16384,4096,60,209.863,209.863,399.466,0.726,2.295,361.455,28.299,459.153,461.709,1271.922,21.558,1733.631,1943.493,34.609,46.387,0.230421,0.495272,0.733675
resolution_sweep,docvqa,1792,64,267,,docvqa_49579,16384,4096,16,434.598,434.598,365.311,0.728,2.319,328.716,28.128,425.217,427.995,357.813,23.854,785.809,1220.407,20.361,41.921,0.464885,1.006006,0.455344
resolution_sweep,docvqa,1792,64,268,,docvqa_49577,16384,4096,12,190.269,190.269,525.369,0.731,2.279,483.74,28.114,585.022,587.261,272.057,24.732,859.318,1049.587,13.965,40.433,0.611379,1.292177,0.316596
resolution_sweep,docvqa,1792,64,269,,docvqa_49583,16384,4096,20,233.646,233.646,397.05,0.729,2.261,355.971,28.187,456.737,459.12,446.434,23.497,905.554,1139.199,22.086,42.56,0.438461,0.942834,0.492995
resolution_sweep,docvqa,1792,64,270,,docvqa_431,16384,4096,28,186.285,186.285,434.217,0.726,2.272,394.705,28.213,494.225,496.659,589.116,21.819,1085.775,1272.059,25.788,45.831,0.399915,0.855097,0.542577
resolution_sweep,docvqa,1792,64,271,,docvqa_58702,16384,4096,19,478.226,478.226,361.979,0.729,2.274,315.953,28.242,422.022,424.738,411.298,22.85,836.036,1314.262,22.726,43.764,0.432971,0.937761,0.491962
resolution_sweep,docvqa,1792,64,272,,docvqa_49586,16384,4096,64,294.506,294.506,405.178,0.73,2.273,368.251,28.187,464.499,466.841,1369.35,21.736,1836.191,2130.698,34.855,46.007,0.220662,0.473631,0.745756
resolution_sweep,docvqa,1792,64,273,,docvqa_432,16384,4096,20,260.951,260.951,378.35,0.732,2.342,334.827,28.157,438.094,441.912,378.56,19.924,820.473,1081.424,24.376,50.19,0.461137,0.995089,0.461393
resolution_sweep,docvqa,1792,64,274,,docvqa_57780,16384,4096,17,378.55,378.55,372.815,0.73,2.325,332.196,28.112,432.32,436.3,348.32,21.77,784.62,1163.17,21.667,45.935,0.475154,1.026147,0.443935
resolution_sweep,docvqa,1792,64,275,,docvqa_57781,16384,4096,15,232.545,232.545,410.894,0.727,2.297,374.208,28.159,471.714,474.625,317.676,22.691,792.301,1024.845,18.932,44.07,0.518608,1.113981,0.400954
resolution_sweep,docvqa,1792,64,276,,docvqa_57782,16384,4096,64,214.073,214.073,397.673,0.728,2.255,360.542,28.125,457.315,459.637,2513.984,39.905,2973.62,3187.693,21.523,25.06,0.133733,0.287524,0.845429
resolution_sweep,docvqa,1792,64,277,,docvqa_57783,16384,4096,18,222.996,222.996,348.526,0.73,2.296,311.883,28.16,408.169,410.563,388.386,22.846,798.95,1021.946,22.53,43.771,0.436231,0.947112,0.486121
resolution_sweep,docvqa,1792,64,278,,docvqa_57784,16384,4096,46,239.673,239.673,395.088,0.727,2.319,356.818,28.332,455.548,458.307,1013.335,22.519,1471.642,1711.315,31.258,44.408,0.268468,0.578018,0.688574
resolution_sweep,docvqa,1792,64,279,,docvqa_433,16384,4096,19,327.583,327.583,376.785,0.726,2.361,338.992,28.191,436.616,439.605,480.443,26.691,920.048,1247.631,20.651,37.465,0.409528,0.884085,0.522193
resolution_sweep,docvqa,1792,64,280,,docvqa_16826,16384,4096,43,356.453,356.453,384.786,0.725,2.317,345.627,28.123,444.436,447.336,1032.398,24.581,1479.733,1836.187,29.059,40.682,0.260037,0.560386,0.697692
resolution_sweep,docvqa,1792,64,281,,docvqa_57786,16384,4096,17,272.466,272.466,394.087,0.725,2.297,355.411,28.199,453.842,456.295,392.777,24.549,849.072,1121.538,20.022,40.736,0.464139,0.998654,0.462596
resolution_sweep,docvqa,1792,64,282,,docvqa_49595,16384,4096,26,337.978,337.978,373.083,0.729,2.272,336.041,28.152,432.63,435.013,548.122,21.925,983.135,1321.113,26.446,45.61,0.379483,0.819534,0.557524
resolution_sweep,docvqa,1792,64,283,,docvqa_444,16384,4096,18,206.802,206.802,369.805,0.729,2.265,329.21,28.065,429.123,431.299,341.959,20.115,773.258,980.06,23.278,49.714,0.478243,1.033198,0.442231
resolution_sweep,docvqa,1792,64,284,,docvqa_16830,16384,4096,23,183.554,183.554,422.875,0.726,2.254,384.24,28.203,483.352,485.631,547.532,24.888,1033.162,1216.716,22.262,40.18,0.409301,0.877138,0.529957
resolution_sweep,docvqa,1792,64,285,,docvqa_16831,16384,4096,23,198.705,198.705,411.654,0.725,2.307,372.006,28.235,471.772,474.508,519.65,23.62,994.158,1192.863,23.135,42.336,0.414073,0.888617,0.522704
resolution_sweep,docvqa,1792,64,286,,docvqa_16832,16384,4096,16,281.814,281.814,356.819,0.728,2.304,313.37,28.099,416.458,419.466,340.544,22.703,760.01,1041.824,21.052,44.047,0.469493,1.017457,0.448079
resolution_sweep,docvqa,1792,64,287,,docvqa_57790,16384,4096,9,293.105,293.105,386.132,0.729,2.257,342.545,28.163,446.007,448.318,160.216,20.027,608.535,901.64,14.79,49.932,0.634527,1.367446,0.263282
resolution_sweep,docvqa,1792,64,288,,docvqa_57791,16384,4096,27,232.268,232.268,373.985,0.728,2.288,336.477,28.191,434.29,436.949,592.396,22.784,1029.345,1261.612,26.23,43.89,0.363323,0.785232,0.575508
resolution_sweep,docvqa,1792,64,289,,docvqa_16835,16384,4096,20,221.22,221.22,396.35,0.728,2.321,358.035,28.273,455.998,458.928,486.93,25.628,945.858,1167.078,21.145,39.02,0.419038,0.901137,0.514802
resolution_sweep,docvqa,1792,64,290,,docvqa_450,16384,4096,15,197.606,197.606,422.186,0.725,2.294,384.832,28.22,481.956,484.294,352.451,25.175,836.745,1034.351,17.927,39.722,0.504557,1.080547,0.421217
resolution_sweep,docvqa,1792,64,291,,docvqa_16837,16384,4096,17,212.509,212.509,401.976,0.725,2.272,359.926,28.176,462.56,465.065,388.886,24.305,853.951,1066.46,19.907,41.143,0.470725,1.012396,0.455396
resolution_sweep,docvqa,1792,64,292,,docvqa_57798,16384,4096,28,210.44,210.44,415.144,0.731,2.349,370.126,28.169,475.018,478.357,656.819,24.327,1135.175,1345.615,24.666,41.107,0.365709,0.784162,0.578606
resolution_sweep,docvqa,1792,64,293,,docvqa_16839,16384,4096,19,198.699,198.699,346.818,0.728,2.285,309.63,28.174,406.325,408.776,459.617,25.534,868.393,1067.092,21.879,39.163,0.399379,0.867285,0.529273
resolution_sweep,docvqa,1792,64,294,,docvqa_57799,16384,4096,21,198.524,198.524,410.426,0.728,2.294,371.126,28.172,469.988,472.26,475.837,23.792,948.097,1146.621,22.15,42.031,0.432895,0.928612,0.501887
resolution_sweep,docvqa,1792,64,295,,docvqa_57800,16384,4096,32,204.388,204.388,350.046,0.73,2.311,312.117,28.196,409.881,412.326,770.77,24.864,1183.096,1387.485,27.048,40.219,0.295872,0.64232,0.651486
resolution_sweep,docvqa,1792,64,296,,docvqa_57801,16384,4096,20,204.08,204.08,398.422,0.728,2.295,361.23,28.161,457.91,460.318,408.67,21.509,868.988,1073.067,23.015,46.492,0.45849,0.985437,0.470282
resolution_sweep,docvqa,1792,64,297,,docvqa_57803,16384,4096,17,186.642,186.642,380.604,0.731,2.304,339.165,28.234,440.459,442.661,406.659,25.416,849.32,1035.962,20.016,39.345,0.448128,0.96673,0.478805
resolution_sweep,docvqa,1792,64,298,,docvqa_57804,16384,4096,10,203.617,203.617,412.933,0.729,2.382,372.776,28.266,473.022,476.628,211.095,23.455,687.723,891.34,14.541,42.635,0.600436,1.288244,0.306947
resolution_sweep,docvqa,1792,64,299,,docvqa_57805,16384,4096,45,201.783,201.783,394.629,0.725,2.32,355.84,28.138,454.291,456.738,1096.009,24.909,1552.746,1754.53,28.981,40.146,0.254149,0.546721,0.705852
resolution_sweep,docvqa,1792,64,300,,docvqa_49605,16384,4096,21,227.124,227.124,385.327,0.73,2.293,348.136,28.206,445.503,447.851,508.411,25.421,956.262,1183.386,21.961,39.338,0.402951,0.868831,0.531665
resolution_sweep,docvqa,1792,64,301,,docvqa_57807,16384,4096,15,165.95,165.95,393.462,0.726,2.276,356.833,28.131,453.352,455.724,310.092,22.149,765.816,931.766,19.587,45.148,0.513781,1.105766,0.404917
resolution_sweep,docvqa,1792,64,302,,docvqa_57808,16384,4096,17,204.084,204.084,397.731,0.727,2.358,353.973,28.188,458.176,461.815,335.899,20.994,797.714,1001.798,21.311,47.633,0.498588,1.072949,0.421077
resolution_sweep,docvqa,1792,64,303,,docvqa_49617,16384,4096,26,197.244,197.244,354.769,0.731,2.292,317.719,28.119,414.216,416.592,594.744,23.79,1011.336,1208.58,25.709,42.035,0.350792,0.760365,0.588078
resolution_sweep,docvqa,1792,64,304,,docvqa_57810,16384,4096,23,172.785,172.785,370.017,0.73,2.333,331.174,28.113,429.913,432.663,486.92,22.133,919.583,1092.368,25.011,45.182,0.402375,0.869883,0.529501
resolution_sweep,docvqa,1792,64,305,,docvqa_41421,16384,4096,17,237.009,237.009,433.665,0.727,2.304,391.573,28.302,493.366,495.746,358.044,22.378,853.79,1090.799,19.911,44.687,0.507929,1.085782,0.419359
resolution_sweep,docvqa,1792,64,306,,docvqa_461,16384,4096,64,225.458,225.458,437.514,0.729,2.3,399.827,28.089,497.072,499.454,3720.438,59.055,4219.892,4445.35,15.166,16.933,0.103679,0.221471,0.881643
resolution_sweep,docvqa,1792,64,307,,docvqa_463,16384,4096,64,209.738,209.738,402.456,0.728,2.297,362.646,28.799,462.552,465.08,2863.87,45.458,3328.95,3538.688,19.225,21.998,0.120896,0.259844,0.860292
resolution_sweep,docvqa,1792,64,308,,docvqa_4977,16384,4096,12,217.956,217.956,370.783,0.73,2.298,333.514,28.149,430.424,432.998,219.309,19.937,652.307,870.263,18.396,50.158,0.568418,1.228267,0.336205
resolution_sweep,docvqa,1792,64,309,,docvqa_57815,16384,4096,18,224.68,224.68,396.602,0.729,2.294,358.782,28.145,456.329,458.896,416.168,24.48,875.064,1099.744,20.57,40.849,0.453226,0.974707,0.475586
resolution_sweep,docvqa,1792,64,310,,docvqa_4978,16384,4096,17,262.331,262.331,369.785,0.73,2.256,333.1,28.112,429.182,431.573,382.65,23.916,814.224,1076.555,20.879,41.814,0.454157,0.981263,0.469957
resolution_sweep,docvqa,1792,64,311,,docvqa_57817,16384,4096,30,220.096,220.096,348.722,0.731,2.279,311.261,28.11,827.158,829.744,602.957,20.792,1432.701,1652.798,20.939,48.096,0.243402,0.820743,0.420853
resolution_sweep,docvqa,1792,64,312,,docvqa_41434,16384,4096,14,239.33,239.33,438.082,0.728,2.29,398.095,28.23,498.029,500.451,316.51,24.347,816.962,1056.291,17.137,41.073,0.536233,1.145844,0.387424
resolution_sweep,docvqa,1792,64,313,,docvqa_57819,16384,4096,23,227.738,227.738,371.567,0.729,2.3,334.908,28.093,431.129,433.657,495.365,22.517,929.022,1156.76,24.757,44.412,0.399955,0.864023,0.533212
resolution_sweep,docvqa,1792,64,314,,docvqa_57820,16384,4096,14,215.843,215.843,406.07,0.728,2.268,367.834,28.191,466.346,468.933,293.023,22.54,761.956,977.799,18.374,44.365,0.532931,1.14497,0.384566
resolution_sweep,docvqa,1792,64,315,,docvqa_57821,16384,4096,14,212.176,212.176,397.967,0.727,2.317,358.121,28.175,457.722,460.491,295.391,22.722,755.882,968.058,18.521,44.01,0.526494,1.132041,0.39079
resolution_sweep,docvqa,1792,64,316,,docvqa_57822,16384,4096,23,318.542,318.542,371.325,0.731,2.299,334.579,28.123,431.156,433.812,560.359,25.471,994.171,1312.713,23.135,39.261,0.373502,0.807185,0.563644
resolution_sweep,docvqa,1792,64,317,,docvqa_57823,16384,4096,17,231.12,231.12,372.732,0.727,2.302,333.274,28.105,432.416,435.113,359.227,22.452,794.339,1025.46,21.401,44.54,0.469235,1.013607,0.452233
resolution_sweep,docvqa,1792,64,318,,docvqa_49629,16384,4096,16,207.845,207.845,398.208,0.73,2.299,360.509,28.224,458.817,461.25,370.271,24.685,831.521,1039.366,19.242,40.511,0.478891,1.030671,0.445293
resolution_sweep,docvqa,1792,64,319,,docvqa_57825,16384,4096,15,230.517,230.517,369.139,0.731,2.274,332.256,28.178,428.555,431.113,284.612,20.329,715.725,946.242,20.958,49.19,0.515756,1.114526,0.397655
resolution_sweep,docvqa,1792,64,320,,docvqa_57826,16384,4096,16,286.312,286.312,407.15,0.732,2.278,368.855,28.172,467.686,470.356,339.62,22.641,809.976,1096.288,19.754,44.167,0.502669,1.080076,0.419297
resolution_sweep,docvqa,1792,64,321,,docvqa_57827,16384,4096,21,296.285,296.285,370.309,0.731,2.284,333.047,28.153,429.796,432.333,443.777,22.189,876.11,1172.395,23.97,45.068,0.422674,0.913247,0.506531
resolution_sweep,docvqa,1792,64,322,,docvqa_476,16384,4096,10,207.788,207.788,396.582,0.729,2.259,357.464,28.219,456.41,458.649,231.34,25.704,689.99,897.777,14.493,38.904,0.574765,1.23624,0.335281
resolution_sweep,docvqa,1792,64,323,,docvqa_4980,16384,4096,28,230.28,230.28,406.025,0.726,2.256,366.866,28.158,465.386,467.599,541.763,20.065,1009.363,1239.643,27.74,49.837,0.402258,0.863327,0.536738
resolution_sweep,docvqa,1792,64,324,,docvqa_57833,16384,4096,9,232.024,232.024,393.953,0.725,2.271,354.94,28.143,453.86,456.3,206.612,25.826,662.912,894.936,13.576,38.72,0.594276,1.278922,0.311673
resolution_sweep,docvqa,1792,64,325,,docvqa_41449,16384,4096,17,230.178,230.178,437.186,0.727,2.301,398.875,28.281,497.446,499.884,372.632,23.29,872.517,1102.695,19.484,42.938,0.501064,1.071191,0.427078
resolution_sweep,docvqa,1792,64,326,,docvqa_57835,16384,4096,17,245.552,245.552,423.128,0.728,2.291,384.782,28.229,482.77,485.206,389.469,24.342,874.675,1120.227,19.436,41.082,0.483755,1.035697,0.445273
resolution_sweep,docvqa,1792,64,327,,docvqa_57836,16384,4096,12,241.338,241.338,371.522,0.729,2.305,334.98,28.122,431.146,433.613,250.006,22.728,683.619,924.957,17.554,43.999,0.543464,1.174146,0.365709
resolution_sweep,docvqa,1792,64,328,,docvqa_57837,16384,4096,12,226.827,226.827,413.393,0.726,2.282,371.058,28.226,473.588,475.914,245.524,22.32,721.438,948.265,16.633,44.802,0.573013,1.229462,0.340325
resolution_sweep,docvqa,1792,64,329,,docvqa_57838,16384,4096,10,204.205,204.205,368.691,0.729,2.278,331.769,28.11,428.169,430.433,237.446,26.383,667.879,872.084,14.973,37.903,0.552032,1.193121,0.355522
resolution_sweep,docvqa,1792,64,330,,docvqa_49643,16384,4096,24,201.611,201.611,384.364,0.728,2.279,345.434,28.173,444.272,446.507,520.591,22.634,967.098,1168.709,24.817,44.181,0.39744,0.856827,0.538302
resolution_sweep,docvqa,1792,64,331,,docvqa_57841,16384,4096,10,226.26,226.26,373.63,0.728,2.27,333.003,28.118,433.428,435.94,238.379,26.487,674.319,900.579,14.83,37.755,0.554086,1.196849,0.353511
resolution_sweep,docvqa,1792,64,332,,docvqa_57843,16384,4096,10,204.197,204.197,368.214,0.726,2.273,329.658,28.08,427.768,430.085,231.007,25.667,661.092,865.288,15.126,38.96,0.55698,1.204042,0.349432
resolution_sweep,docvqa,1792,64,333,,docvqa_57844,16384,4096,26,239.245,239.245,369.758,0.729,2.268,332.255,28.063,429.326,431.847,529.031,21.161,960.877,1200.122,27.059,47.256,0.384813,0.83162,0.550571
resolution_sweep,docvqa,1792,64,334,,docvqa_57845,16384,4096,19,209.999,209.999,408.075,0.731,2.262,370.704,28.175,467.45,469.837,372.707,20.706,842.544,1052.543,22.551,48.295,0.484336,1.039144,0.442359
resolution_sweep,docvqa,1792,64,335,,docvqa_57853,16384,4096,17,217.818,217.818,393.751,0.729,2.318,350.071,28.156,453.708,457.029,335.956,20.997,792.985,1010.803,21.438,47.625,0.496542,1.068695,0.42366
resolution_sweep,docvqa,1792,64,336,,docvqa_57854,16384,4096,22,234.039,234.039,389.414,0.728,2.256,351.38,28.203,449.055,451.375,466.192,22.2,917.567,1151.606,23.976,45.046,0.424398,0.913796,0.508074
resolution_sweep,docvqa,1792,64,337,,docvqa_57855,16384,4096,20,308.296,308.296,383.988,0.73,2.267,344.41,28.123,443.404,445.953,433.025,22.791,878.978,1187.274,22.754,43.877,0.436858,0.941312,0.492646
resolution_sweep,docvqa,1792,64,338,,docvqa_57857,16384,4096,33,217.008,217.008,416.828,0.726,2.276,377.559,30.497,476.212,478.59,629.365,19.668,1107.955,1324.963,29.785,50.845,0.376214,0.806026,0.568042
resolution_sweep,docvqa,1792,64,339,,docvqa_57858,16384,4096,24,220.86,220.86,342.604,0.731,2.26,302.973,28.073,402.12,404.435,485.915,21.127,890.35,1111.209,26.956,47.333,0.384797,0.83644,0.545757
resolution_sweep,docvqa,1792,64,340,,docvqa_45694,16384,4096,24,253.488,253.488,368.491,0.729,2.3,330.951,28.083,428.332,431.159,585.783,25.469,1016.943,1270.43,23.6,39.264,0.362352,0.783547,0.576024
resolution_sweep,docvqa,1792,64,341,,docvqa_55464,16384,4096,40,211.74,211.74,346.357,0.725,2.288,309.488,28.101,777.892,780.336,835.188,21.415,1615.524,1827.264,24.76,46.696,0.214393,0.695904,0.516977
resolution_sweep,docvqa,1792,64,342,,docvqa_57880,16384,4096,23,272.655,272.655,345.22,0.729,2.302,308.382,28.153,404.903,407.534,494.805,22.491,902.339,1174.994,25.489,44.462,0.382583,0.831309,0.548358
resolution_sweep,docvqa,1792,64,343,,docvqa_57881,16384,4096,18,290.81,290.81,524.396,0.729,2.33,486.607,28.189,584.395,587.216,432.808,25.459,1020.023,1310.834,17.647,39.278,0.514102,1.087026,0.424312
resolution_sweep,docvqa,1792,64,344,,docvqa_57882,16384,4096,36,244.744,244.744,371.03,0.726,2.286,331.633,28.101,430.647,433.185,704.603,20.132,1137.789,1382.533,31.64,49.673,0.326097,0.704592,0.619274
resolution_sweep,docvqa,1792,64,345,,docvqa_57883,16384,4096,36,312.006,312.006,398.955,0.729,2.275,359.677,28.229,458.824,461.262,829.685,23.705,1290.947,1602.954,27.886,42.185,0.309041,0.664457,0.642695
resolution_sweep,docvqa,1792,64,346,,docvqa_57884,16384,4096,15,258.738,258.738,359.262,0.728,2.324,321.901,28.137,419.346,422.007,368.876,26.348,790.882,1049.62,18.966,37.953,0.454254,0.98448,0.46641
resolution_sweep,docvqa,1792,64,347,,docvqa_57885,16384,4096,14,236.044,236.044,355.162,0.732,2.253,317.893,28.153,414.718,417.061,271.27,20.867,688.33,924.374,20.339,47.923,0.515976,1.118475,0.394098
resolution_sweep,docvqa,1792,64,348,,docvqa_57886,16384,4096,19,288.923,288.923,373.555,0.731,2.318,334.51,28.174,433.333,436.234,358.749,19.931,794.984,1083.907,23.9,50.174,0.469889,1.014974,0.451266
resolution_sweep,docvqa,1792,64,349,,docvqa_57887,16384,4096,19,208.905,208.905,372.761,0.729,2.271,333.27,28.186,432.305,434.935,354.052,19.67,788.987,997.892,24.082,50.84,0.472455,1.020379,0.448742
resolution_sweep,docvqa,1792,64,350,,docvqa_57888,16384,4096,24,268.728,268.728,381.767,0.73,2.281,342.071,28.223,441.412,443.766,510.362,22.19,954.128,1222.856,25.154,45.066,0.400121,0.862755,0.534899
resolution_sweep,docvqa,1792,64,351,,docvqa_57889,16384,4096,14,217.585,217.585,352.201,0.731,2.255,311.734,28.072,411.856,414.217,263.123,20.24,677.339,894.924,20.669,49.407,0.519977,1.128027,0.388465
resolution_sweep,docvqa,1792,64,352,,docvqa_57890,16384,4096,18,186.815,186.815,393.358,0.728,2.244,354.071,28.174,453.307,455.638,412.621,24.272,868.26,1055.075,20.731,41.2,0.453042,0.975129,0.475228
resolution_sweep,docvqa,1792,64,353,,docvqa_57891,16384,4096,25,212.264,212.264,398.936,0.729,2.293,360.468,28.186,458.969,461.745,550.156,22.923,1011.901,1224.165,24.706,43.624,0.394244,0.847815,0.543686
resolution_sweep,docvqa,1792,64,354,,docvqa_553,16384,4096,14,227.109,227.109,426.568,0.731,2.323,389.791,28.201,486.386,488.93,291.203,22.4,780.133,1007.242,17.946,44.642,0.546789,1.170254,0.373274
resolution_sweep,docvqa,1792,64,355,,docvqa_554,16384,4096,28,201.001,201.001,346.199,0.728,2.321,307.347,28.092,405.69,407.976,577.086,21.374,985.063,1186.064,28.425,46.787,0.351448,0.76329,0.585837
resolution_sweep,docvqa,1792,64,356,,docvqa_555,16384,4096,23,199.607,199.607,406.379,0.73,2.323,357.972,28.171,465.908,469.31,441.101,20.05,910.41,1110.017,25.263,49.875,0.446369,0.958125,0.484508
resolution_sweep,docvqa,1792,64,357,,docvqa_57899,16384,4096,19,277.352,277.352,395.835,0.73,2.294,356.996,28.112,455.627,458.053,388.759,21.598,846.812,1124.164,22.437,46.301,0.467442,1.005492,0.459085
resolution_sweep,docvqa,1792,64,358,,docvqa_57900,16384,4096,15,205.555,205.555,375.243,0.73,2.313,337.243,28.08,434.798,438.38,297.815,21.273,736.195,941.751,20.375,47.009,0.509706,1.100308,0.404533
resolution_sweep,docvqa,1792,64,359,,docvqa_57901,16384,4096,34,208.219,208.219,391.873,0.729,2.297,355.049,28.167,452.245,454.868,744.792,22.569,1199.661,1407.879,28.341,44.308,0.326654,0.703631,0.620836
resolution_sweep,docvqa,1792,64,360,,docvqa_57902,16384,4096,11,217.266,217.266,374.445,0.73,2.326,336.428,28.244,434.281,437.085,302.409,30.241,739.494,956.761,14.875,33.068,0.506353,1.093621,0.408941
resolution_sweep,docvqa,1792,64,361,,docvqa_57903,16384,4096,23,185.42,185.42,396.012,0.729,2.293,359.389,28.265,455.716,458.298,521.192,23.691,979.49,1164.911,23.482,42.211,0.404304,0.869562,0.532105
resolution_sweep,docvqa,1792,64,362,,docvqa_57904,16384,4096,64,234.892,234.892,371.185,0.73,2.316,334.326,28.144,430.797,433.641,1578.477,25.055,2012.118,2247.01,31.807,39.912,0.184475,0.398576,0.784485
resolution_sweep,docvqa,1792,64,363,,docvqa_57905,16384,4096,20,182.668,182.668,340.302,0.731,2.294,301.267,28.046,399.61,402.135,378.7,19.932,780.834,963.502,25.614,50.172,0.435818,0.947591,0.484993
resolution_sweep,docvqa,1792,64,364,,docvqa_581,16384,4096,13,223.72,223.72,399.216,0.728,2.344,352.287,28.16,458.99,462.407,288.365,24.03,750.772,974.492,17.316,41.614,0.53174,1.143097,0.384091
resolution_sweep,docvqa,1792,64,365,,docvqa_582,16384,4096,20,228.203,228.203,397.313,0.73,2.292,357.683,28.113,456.887,459.242,453.592,23.873,912.834,1141.037,21.91,41.888,0.435252,0.935767,0.496905
resolution_sweep,docvqa,1792,64,366,,docvqa_583,16384,4096,15,219.857,219.857,344.226,0.73,2.269,305.831,28.081,404.178,406.498,288.347,20.596,694.845,914.702,21.588,48.553,0.4954,1.077081,0.414981
resolution_sweep,docvqa,1792,64,367,,docvqa_57928,16384,4096,10,303.668,303.668,354.118,0.73,2.276,314.785,28.13,413.885,416.552,185.493,20.61,602.045,905.712,16.61,48.519,0.588192,1.275658,0.308105
resolution_sweep,docvqa,1792,64,368,,docvqa_57929,16384,4096,48,209.273,209.273,383.623,0.729,2.272,346.652,28.197,443.943,446.274,1069.26,22.75,1515.535,1724.807,31.672,43.956,0.253127,0.546055,0.705533
resolution_sweep,docvqa,1792,64,369,,docvqa_584,16384,4096,16,214.044,214.044,370.502,0.73,2.3,333.363,28.116,430.332,432.842,410.848,27.39,843.69,1057.734,18.964,36.51,0.439145,0.949205,0.486966
resolution_sweep,docvqa,1792,64,370,,docvqa_57931,16384,4096,7,250.142,250.142,368.962,0.729,2.314,331.973,28.119,428.626,431.599,135.418,22.57,567.017,817.159,12.345,44.307,0.650707,1.406638,0.238825
resolution_sweep,docvqa,1792,64,371,,docvqa_57933,16384,4096,14,249.581,249.581,412.691,0.729,2.314,364.808,28.222,472.725,476.696,302.368,23.259,779.064,1028.645,17.97,42.994,0.529726,1.136512,0.388117
resolution_sweep,docvqa,1792,64,372,,docvqa_57934,16384,4096,19,213.828,213.828,371.103,0.729,2.278,333.959,28.171,430.616,433.165,479.383,26.632,912.548,1126.376,20.821,37.548,0.406667,0.87855,0.525324
resolution_sweep,docvqa,1792,64,373,,docvqa_596,16384,4096,26,243.682,243.682,370.953,0.73,2.287,330.604,28.122,430.538,432.896,616.073,24.643,1048.968,1292.65,24.786,40.58,0.353636,0.764076,0.587313
resolution_sweep,docvqa,1792,64,374,,docvqa_597,16384,4096,15,239.178,239.178,351.478,0.73,2.296,314.228,28.094,411.298,413.892,302.128,21.581,716.019,955.198,20.949,46.338,0.490878,1.065302,0.421954
resolution_sweep,docvqa,1792,64,375,,docvqa_598,16384,4096,46,377.234,377.234,370.124,0.73,2.304,332.972,28.11,429.846,432.603,1102.338,24.496,1534.941,1912.175,29.969,40.822,0.241132,0.521173,0.718163
resolution_sweep,docvqa,1792,64,376,,docvqa_599,16384,4096,60,240.752,240.752,372.292,0.727,2.31,334.969,28.133,432.16,434.843,1475.358,25.006,1910.201,2150.953,31.41,39.99,0.194897,0.421135,0.772357
resolution_sweep,docvqa,1792,64,377,,docvqa_600,16384,4096,11,238.717,238.717,379.484,0.726,2.302,341.245,28.147,439.115,441.759,266.799,26.68,708.558,947.275,15.524,37.481,0.535572,1.155302,0.376538
resolution_sweep,docvqa,1792,64,378,,docvqa_601,16384,4096,50,233.886,233.886,378.209,0.727,2.319,339.914,28.153,437.905,440.642,1244.091,25.39,1684.733,1918.619,29.678,39.386,0.224492,0.484417,0.73845
resolution_sweep,docvqa,1792,64,379,,docvqa_16981,16384,4096,17,221.421,221.421,411.572,0.727,2.302,362.477,28.136,470.851,473.742,354.9,22.181,828.643,1050.063,20.515,45.083,0.496682,1.064901,0.428291
resolution_sweep,docvqa,1792,64,380,,docvqa_16990,16384,4096,20,229.948,229.948,434.54,0.729,2.317,397.676,28.143,493.948,496.467,424.499,22.342,920.967,1150.915,21.716,44.759,0.47183,1.008167,0.460928
resolution_sweep,docvqa,1792,64,381,,docvqa_57951,16384,4096,9,587.887,587.887,532.003,0.73,2.343,481.843,28.181,592.37,595.832,180.34,22.542,776.172,1364.059,11.595,44.361,0.68542,1.448613,0.232345
resolution_sweep,docvqa,1792,64,382,,docvqa_57952,16384,4096,16,601.93,601.93,390.562,0.729,2.31,353.051,28.163,450.31,452.904,355.119,23.675,808.023,1409.953,19.801,42.239,0.483355,1.040654,0.439491
resolution_sweep,docvqa,1792,64,383,,docvqa_57954,16384,4096,17,751.276,751.276,367.727,0.734,2.306,331.099,28.095,427.375,430.278,350.552,21.909,780.83,1532.107,21.772,45.642,0.470944,1.018278,0.448948
resolution_sweep,docvqa,1792,64,384,,docvqa_57955,16384,4096,14,606.05,606.05,366.163,0.727,2.273,324.488,28.123,425.544,427.986,295.734,22.749,723.72,1329.77,19.344,43.958,0.505946,1.093941,0.40863
resolution_sweep,docvqa,1792,64,385,,docvqa_610,16384,4096,63,218.356,218.356,340.252,0.727,2.274,303.041,28.069,399.62,401.926,1286.225,20.746,1688.151,1906.507,37.319,48.203,0.201553,0.438274,0.761914
resolution_sweep,docvqa,1792,64,386,,docvqa_611,16384,4096,29,212.294,212.294,364.059,0.729,2.257,324.767,28.087,423.634,425.933,582.992,20.821,1008.925,1221.219,28.743,48.028,0.360839,0.780725,0.577835
resolution_sweep,docvqa,1792,64,387,,docvqa_612,16384,4096,30,270.981,270.981,389.681,0.729,2.28,352.263,28.158,449.39,452.276,712.168,24.558,1164.444,1435.425,25.763,40.721,0.33465,0.720576,0.611595
resolution_sweep,docvqa,1792,64,388,,docvqa_613,16384,4096,51,223.831,223.831,344.43,0.726,2.297,307.065,28.091,404.045,406.572,1039.023,20.78,1445.595,1669.427,35.28,48.122,0.238262,0.517763,0.718751
resolution_sweep,docvqa,1792,64,389,,docvqa_16999,16384,4096,20,275.099,275.099,360.4,0.725,2.302,323.553,28.062,419.788,422.854,423.355,22.282,846.209,1121.308,23.635,44.88,0.425899,0.92198,0.500297
resolution_sweep,docvqa,1792,64,390,,docvqa_17000,16384,4096,13,206.503,206.503,365.536,0.728,2.283,328.376,28.098,425.066,427.57,288.093,24.008,715.663,922.166,18.165,41.653,0.510765,1.104713,0.402554
resolution_sweep,docvqa,1792,64,391,,docvqa_17001,16384,4096,9,216.457,216.457,344.19,0.727,2.298,307.49,28.157,403.697,406.03,160.3,20.038,566.33,782.786,15.892,49.906,0.607755,1.320585,0.283051
resolution_sweep,docvqa,1792,64,392,,docvqa_57963,16384,4096,42,630.094,630.094,372.189,0.728,2.269,335.513,28.155,431.458,434.038,901.377,21.985,1335.415,1965.509,31.451,45.486,0.278707,0.601796,0.674979
resolution_sweep,docvqa,1792,64,393,,docvqa_57964,16384,4096,48,588.967,588.967,369.349,0.726,2.281,330.363,28.157,428.879,431.224,1034.472,22.01,1465.696,2054.662,32.749,45.434,0.251995,0.544607,0.705789
resolution_sweep,docvqa,1792,64,394,,docvqa_57965,16384,4096,64,638.123,638.123,356.787,0.728,2.272,318.231,28.14,416.695,419.198,1364.099,21.652,1783.297,2421.42,35.889,46.184,0.200071,0.433737,0.764931
resolution_sweep,docvqa,1792,64,395,,docvqa_17002,16384,4096,14,226.045,226.045,371.477,0.73,2.278,333.622,28.126,431.06,433.417,265.262,20.405,698.678,924.723,20.038,49.008,0.531686,1.14865,0.379662
resolution_sweep,docvqa,1792,64,396,,docvqa_17003,16384,4096,25,218.282,218.282,357.638,0.728,2.312,320.542,28.088,417.439,420.177,473.551,19.731,893.728,1112.011,27.973,50.681,0.400164,0.867241,0.52986
resolution_sweep,docvqa,1792,64,397,,docvqa_17004,16384,4096,20,220.672,220.672,394.589,0.731,2.324,357.658,28.123,454.103,456.965,464.574,24.451,921.539,1142.211,21.703,40.898,0.428185,0.920951,0.504129
resolution_sweep,docvqa,1792,64,398,,docvqa_57969,16384,4096,10,232.139,232.139,375.313,0.726,2.288,337.584,28.219,434.67,437.26,191.765,21.307,629.025,861.164,15.898,46.933,0.596659,1.287681,0.30486
resolution_sweep,docvqa,1792,64,399,,docvqa_17005,16384,4096,16,230.776,230.776,340.637,0.729,2.259,302.063,28.077,400.43,402.862,344.198,22.947,747.061,977.836,21.417,43.58,0.455969,0.991977,0.460737
resolution_sweep,docvqa,1792,64,400,,docvqa_57971,16384,4096,22,210.169,210.169,381.66,0.727,2.268,340.684,28.102,441.188,443.553,443.812,21.134,887.366,1097.534,24.792,47.317,0.430105,0.927294,0.500146
resolution_sweep,docvqa,1792,64,401,,docvqa_17007,16384,4096,27,242.769,242.769,369.188,0.731,2.327,331.564,28.106,428.73,432.232,596.199,22.931,1028.431,1271.2,26.254,43.61,0.358982,0.77586,0.579717
resolution_sweep,docvqa,1792,64,402,,docvqa_57973,16384,4096,14,221.727,221.727,367.196,0.729,2.297,330.304,28.13,426.629,429.161,280.978,21.614,710.139,931.867,19.714,46.267,0.517077,1.117845,0.395666
resolution_sweep,docvqa,1792,64,403,,docvqa_57974,16384,4096,18,176.974,176.974,342.825,0.729,2.264,306.289,28.15,402.389,404.762,384.865,22.639,789.628,966.601,22.796,44.171,0.434161,0.943754,0.487401
resolution_sweep,docvqa,1792,64,404,,docvqa_57975,16384,4096,20,206.826,206.826,372.854,0.729,2.305,335.776,28.122,432.562,435.444,425.056,22.371,860.5,1067.325,23.242,44.7,0.433299,0.935986,0.493964
resolution_sweep,docvqa,1792,64,405,,docvqa_57976,16384,4096,18,212.041,212.041,407.819,0.731,2.273,363.026,28.2,467.376,469.768,371.837,21.873,841.605,1053.646,21.388,45.719,0.484573,1.039911,0.441819
resolution_sweep,docvqa,1792,64,406,,docvqa_57977,16384,4096,21,202.856,202.856,364.178,0.728,2.261,327.189,28.119,423.834,426.21,472.794,23.64,899.004,1101.861,23.359,42.302,0.40509,0.876539,0.525908
resolution_sweep,docvqa,1792,64,407,,docvqa_57978,16384,4096,24,318.045,318.045,363.852,0.728,2.299,327.11,28.104,423.726,426.453,528.951,22.998,955.404,1273.449,25.12,43.482,0.380836,0.824341,0.553641
resolution_sweep,docvqa,1792,64,408,,docvqa_636,16384,4096,64,333.585,333.585,368.246,0.725,2.328,328.245,28.135,427.992,430.711,1476.638,23.439,1907.349,2240.934,33.554,42.664,0.193067,0.417458,0.774183
resolution_sweep,docvqa,1792,64,409,,docvqa_637,16384,4096,22,268.679,268.679,365.865,0.728,2.306,329.14,28.107,425.56,427.93,535.079,25.48,963.009,1231.688,22.845,39.247,0.379919,0.821826,0.555633
resolution_sweep,docvqa,1792,64,410,,docvqa_639,16384,4096,57,273.242,273.242,367.731,0.726,2.29,328.031,28.073,427.244,429.555,1319.766,23.567,1749.321,2022.563,32.584,42.432,0.210213,0.454448,0.754445
resolution_sweep,docvqa,1792,64,411,,docvqa_57985,16384,4096,21,622.143,622.143,366.484,0.732,2.303,329.744,28.105,426.001,428.883,507.157,25.358,936.04,1558.184,22.435,39.436,0.391525,0.846635,0.541811
resolution_sweep,docvqa,1792,64,412,,docvqa_57986,16384,4096,63,608.489,608.489,363.226,0.727,2.298,326.53,28.089,422.994,425.569,1501.413,24.216,1926.981,2535.471,32.694,41.294,0.188495,0.408006,0.779153
resolution_sweep,docvqa,1792,64,413,,docvqa_57987,16384,4096,64,251.226,251.226,389.145,0.724,2.306,351.673,28.199,448.887,451.455,1548.45,24.579,1999.905,2251.13,32.002,40.686,0.194582,0.419036,0.774262
resolution_sweep,docvqa,1792,64,414,,docvqa_57989,16384,4096,21,262.735,262.735,371.4,0.728,2.333,333.737,28.2,431.252,434.0,412.909,20.645,846.91,1109.645,24.796,48.437,0.438535,0.947741,0.487548
resolution_sweep,docvqa,1792,64,415,,docvqa_650,16384,4096,16,191.599,191.599,369.791,0.729,2.271,333.061,28.139,429.334,431.598,331.537,22.102,763.135,954.734,20.966,45.244,0.484568,1.04716,0.434441
resolution_sweep,docvqa,1792,64,416,,docvqa_651,16384,4096,22,224.981,224.981,352.791,0.725,2.286,313.707,28.175,412.657,415.011,517.318,24.634,932.329,1157.309,23.597,40.594,0.378397,0.821006,0.554866
resolution_sweep,docvqa,1792,64,417,,docvqa_58007,16384,4096,23,228.054,228.054,369.318,0.73,2.286,330.82,28.091,428.949,431.444,517.157,23.507,948.601,1176.655,24.246,42.54,0.389329,0.84152,0.545179
resolution_sweep,docvqa,1792,64,418,,docvqa_58009,16384,4096,9,226.465,226.465,471.797,0.729,2.261,434.155,28.143,531.195,533.706,211.912,26.489,745.617,972.083,12.071,37.752,0.63276,1.345183,0.28421
resolution_sweep,docvqa,1792,64,419,,docvqa_58018,16384,4096,47,214.211,214.211,353.123,0.728,2.288,313.774,28.158,412.715,415.204,1077.025,23.414,1492.229,1706.439,31.497,42.71,0.236641,0.513217,0.721756
resolution_sweep,docvqa,1792,64,420,,docvqa_674,16384,4096,14,216.609,216.609,413.961,0.728,2.295,373.53,28.194,473.872,476.606,302.492,23.269,779.098,995.707,17.969,42.976,0.531334,1.139565,0.388259
resolution_sweep,docvqa,1792,64,421,,docvqa_57122,16384,4096,14,195.612,195.612,350.036,0.726,2.28,312.166,28.113,409.913,412.514,274.321,21.102,686.836,882.447,20.383,47.39,0.509637,1.10645,0.399399
resolution_sweep,docvqa,1792,64,422,,docvqa_58020,16384,4096,11,189.719,189.719,410.431,0.728,2.33,370.634,28.261,470.743,473.637,227.016,22.702,700.653,890.372,15.7,44.05,0.585783,1.257646,0.324006
resolution_sweep,docvqa,1792,64,423,,docvqa_58021,16384,4096,11,181.715,181.715,379.529,0.729,2.274,342.717,28.11,439.21,441.678,253.749,25.375,695.428,877.143,15.818,39.409,0.545749,1.177317,0.364882
resolution_sweep,docvqa,1792,64,424,,docvqa_58022,16384,4096,21,225.187,225.187,358.341,0.73,2.343,306.976,28.079,417.864,422.011,398.322,19.916,820.333,1045.52,25.599,50.211,0.436824,0.946207,0.485562
resolution_sweep,docvqa,1792,64,425,,docvqa_58023,16384,4096,21,295.866,295.866,387.501,0.731,2.309,340.727,28.122,447.403,450.626,418.413,20.921,869.039,1164.905,24.165,47.8,0.445896,0.96072,0.481466
resolution_sweep,docvqa,1792,64,426,,docvqa_58024,16384,4096,22,221.485,221.485,388.405,0.73,2.273,351.011,28.181,448.446,450.798,434.92,20.71,885.718,1107.203,24.839,48.285,0.43852,0.944828,0.491036
resolution_sweep,docvqa,1792,64,427,,docvqa_675,16384,4096,64,212.796,212.796,346.879,0.731,2.27,309.522,28.113,406.37,408.605,1415.04,22.461,1823.645,2036.441,35.095,44.522,0.190212,0.413046,0.775941
resolution_sweep,docvqa,1792,64,428,,docvqa_676,16384,4096,12,217.887,217.887,370.405,0.728,2.31,332.833,28.145,430.078,432.903,259.008,23.546,691.911,909.798,17.343,42.47,0.535336,1.156916,0.374337
resolution_sweep,docvqa,1792,64,429,,docvqa_677,16384,4096,29,228.785,228.785,398.256,0.727,2.326,360.706,28.209,458.424,461.197,713.52,25.483,1174.716,1403.502,24.687,39.242,0.339023,0.729266,0.607398
resolution_sweep,docvqa,1792,64,430,,docvqa_58029,16384,4096,13,604.016,604.016,349.436,0.732,2.309,311.902,28.096,409.098,412.183,252.883,21.074,665.066,1269.082,19.547,47.453,0.525415,1.140539,0.380238
resolution_sweep,docvqa,1792,64,431,,docvqa_678,16384,4096,21,277.155,277.155,418.967,0.726,2.329,378.011,28.234,479.081,481.858,466.109,23.305,947.967,1225.122,22.153,42.908,0.441963,0.94734,0.491693
resolution_sweep,docvqa,1792,64,432,,docvqa_58054,16384,4096,41,198.409,198.409,384.934,0.733,2.286,346.145,28.18,444.696,447.262,931.15,23.279,1378.411,1576.82,29.744,42.958,0.279259,0.601874,0.675524
resolution_sweep,docvqa,1792,64,433,,docvqa_58056,16384,4096,32,192.609,192.609,353.78,0.726,2.288,316.598,28.161,413.663,416.129,740.314,23.881,1156.443,1349.053,27.671,41.874,0.305921,0.663624,0.640165
resolution_sweep,docvqa,1792,64,434,,docvqa_58059,16384,4096,18,178.494,178.494,352.207,0.73,2.328,314.309,28.164,411.877,414.745,361.087,21.24,775.832,954.326,23.201,47.08,0.453974,0.984859,0.465419
resolution_sweep,docvqa,1792,64,435,,docvqa_58061,16384,4096,43,297.384,297.384,373.885,0.726,2.291,334.086,28.195,433.587,436.886,878.733,20.922,1315.618,1613.002,32.684,47.796,0.28419,0.613758,0.667924
resolution_sweep,docvqa,1792,64,436,,docvqa_58064,16384,4096,17,204.227,204.227,365.589,0.728,2.269,328.662,28.124,425.168,427.56,317.236,19.827,744.796,949.024,22.825,50.436,0.490857,1.061708,0.425937
resolution_sweep,docvqa,1792,64,437,,docvqa_41686,16384,4096,12,217.089,217.089,369.273,0.73,2.319,330.845,28.074,429.505,432.537,288.78,26.253,721.318,938.407,16.636,38.091,0.511942,1.107387,0.400351
resolution_sweep,docvqa,1792,64,438,,docvqa_41687,16384,4096,25,201.916,201.916,394.685,0.729,2.302,357.382,28.179,454.727,457.218,534.224,22.259,991.442,1193.358,25.216,44.925,0.398092,0.856744,0.538835
resolution_sweep,docvqa,1792,64,439,,docvqa_41688,16384,4096,15,215.301,215.301,399.402,0.73,2.282,361.689,28.083,459.388,461.855,338.616,24.187,800.471,1015.772,18.739,41.345,0.498959,1.072856,0.423021
resolution_sweep,docvqa,1792,64,440,,docvqa_41689,16384,4096,17,190.135,190.135,391.085,0.729,2.278,352.692,28.128,451.333,453.781,377.496,23.593,831.277,1021.411,20.45,42.385,0.470463,1.013402,0.454115
resolution_sweep,docvqa,1792,64,441,,docvqa_41690,16384,4096,25,201.21,201.21,380.011,0.729,2.268,342.842,28.125,439.733,442.076,561.082,23.378,1003.159,1204.369,24.921,42.774,0.378815,0.817163,0.559316
resolution_sweep,docvqa,1792,64,442,,docvqa_41691,16384,4096,19,213.427,213.427,399.092,0.728,2.282,362.532,28.091,458.635,461.041,445.59,24.755,906.631,1120.058,20.957,40.396,0.440192,0.94606,0.491479
resolution_sweep,docvqa,1792,64,443,,docvqa_41693,16384,4096,24,202.415,202.415,392.553,0.728,2.282,353.863,28.063,452.597,454.997,506.395,22.017,961.392,1163.807,24.964,45.419,0.408318,0.87909,0.526731
resolution_sweep,docvqa,1792,64,444,,docvqa_41694,16384,4096,20,215.225,215.225,436.982,0.729,2.334,385.411,28.221,497.398,500.54,432.76,22.777,933.3,1148.525,21.429,43.904,0.468212,1.001157,0.463688
resolution_sweep,docvqa,1792,64,445,,docvqa_41695,16384,4096,21,345.762,345.762,382.639,0.73,2.287,337.563,28.099,442.51,445.063,401.232,20.062,846.294,1192.056,24.814,49.847,0.452134,0.975014,0.474104
resolution_sweep,docvqa,1792,64,446,,docvqa_41705,16384,4096,15,307.461,307.461,356.132,0.729,2.277,315.982,28.146,415.573,417.99,281.892,20.135,699.881,1007.342,21.432,49.664,0.508846,1.102622,0.402771
resolution_sweep,docvqa,1792,64,447,,docvqa_17132,16384,4096,16,336.021,336.021,344.82,0.729,2.286,307.1,28.155,404.522,407.079,316.338,21.089,723.417,1059.437,22.117,47.418,0.476654,1.035836,0.437283
resolution_sweep,docvqa,1792,64,448,,docvqa_17133,16384,4096,16,250.324,250.324,413.687,0.729,2.35,367.705,28.119,473.364,476.276,336.79,22.453,813.067,1063.39,19.679,44.538,0.508798,1.090995,0.414223
resolution_sweep,docvqa,1792,64,449,,docvqa_17134,16384,4096,28,218.232,218.232,408.428,0.73,2.315,356.998,28.225,468.096,471.529,641.563,23.762,1113.092,1331.323,25.155,42.085,0.366931,0.787468,0.576379
resolution_sweep,docvqa,1792,64,450,,docvqa_17135,16384,4096,19,208.399,208.399,345.703,0.726,2.295,305.295,28.08,405.137,407.809,428.403,23.8,836.212,1044.611,22.722,42.017,0.413415,0.897906,0.512314
resolution_sweep,docvqa,1792,64,451,,docvqa_47368,16384,4096,13,245.654,245.654,345.734,0.725,2.274,308.331,28.171,405.213,407.469,240.412,20.034,647.88,893.534,20.065,49.914,0.533639,1.159083,0.371074
resolution_sweep,docvqa,1792,64,452,,docvqa_41715,16384,4096,15,184.477,184.477,392.656,0.729,2.284,355.926,28.17,452.449,454.594,346.205,24.729,800.799,985.277,18.731,40.438,0.49033,1.055327,0.432324
resolution_sweep,docvqa,1792,64,453,,docvqa_41716,16384,4096,14,216.928,216.928,387.465,0.732,2.285,349.874,28.245,447.884,450.302,287.048,22.081,737.35,954.278,18.987,45.289,0.525482,1.132906,0.389297
resolution_sweep,docvqa,1792,64,454,,docvqa_41717,16384,4096,14,204.644,204.644,401.31,0.728,2.3,363.511,28.193,461.302,463.594,289.57,22.275,753.164,957.808,18.588,44.894,0.532833,1.145319,0.384471
resolution_sweep,docvqa,1792,64,455,,docvqa_17139,16384,4096,16,220.737,220.737,427.432,0.728,2.366,379.369,28.145,487.029,490.705,320.6,21.373,811.305,1032.042,19.721,46.787,0.526845,1.127149,0.395166
resolution_sweep,docvqa,1792,64,456,,docvqa_41719,16384,4096,22,244.186,244.186,471.914,0.729,2.286,432.765,28.139,531.524,533.947,432.213,20.582,966.16,1210.346,22.771,48.587,0.488443,1.038585,0.447351
resolution_sweep,docvqa,1792,64,457,,docvqa_17140,16384,4096,15,308.98,308.98,396.925,0.725,2.335,356.969,28.135,456.859,459.905,344.627,24.616,804.531,1113.512,18.644,40.624,0.493361,1.061218,0.428357
resolution_sweep,docvqa,1792,64,458,,docvqa_58105,16384,4096,11,221.504,221.504,349.21,0.727,2.274,309.782,28.097,408.73,411.23,245.103,24.51,656.333,877.837,16.76,40.799,0.532062,1.15481,0.373443
resolution_sweep,docvqa,1792,64,459,,docvqa_58106,16384,4096,17,210.623,210.623,371.248,0.726,2.271,333.707,28.163,430.887,433.501,375.853,23.491,809.353,1019.976,21.004,42.57,0.458697,0.991082,0.464386
resolution_sweep,docvqa,1792,64,460,,docvqa_58107,16384,4096,15,196.894,196.894,348.481,0.731,2.265,308.456,28.088,407.912,410.269,309.574,22.112,719.843,916.737,20.838,45.223,0.484107,1.050775,0.430058
resolution_sweep,docvqa,1792,64,461,,docvqa_58108,16384,4096,25,205.173,205.173,401.676,0.733,2.334,358.524,28.202,461.516,464.805,553.706,23.071,1018.511,1223.684,24.546,43.344,0.394375,0.847504,0.543642
resolution_sweep,docvqa,1792,64,462,,docvqa_41721,16384,4096,22,213.165,213.165,375.542,0.724,2.306,336.514,28.25,435.201,437.695,457.46,21.784,895.155,1108.32,24.577,45.906,0.419528,0.905701,0.51104
resolution_sweep,docvqa,1792,64,463,,docvqa_41723,16384,4096,17,288.383,288.383,379.313,0.73,2.291,341.069,28.193,438.981,441.629,386.739,24.171,828.368,1116.751,20.522,41.372,0.457904,0.987839,0.466868
resolution_sweep,docvqa,1792,64,464,,docvqa_17143,16384,4096,17,189.085,189.085,356.407,0.729,2.295,317.776,28.128,416.284,418.854,365.898,22.869,784.752,973.837,21.663,43.728,0.454165,0.98463,0.466259
resolution_sweep,docvqa,1792,64,465,,docvqa_41728,16384,4096,23,214.788,214.788,375.602,0.73,2.278,336.274,28.186,435.631,437.942,550.975,25.044,988.917,1203.705,23.258,39.929,0.379812,0.820325,0.55715
resolution_sweep,docvqa,1792,64,466,,docvqa_41729,16384,4096,18,310.247,310.247,406.196,0.728,2.312,367.313,28.24,466.461,468.959,382.056,22.474,851.015,1161.262,21.151,44.496,0.477307,1.02543,0.448942
resolution_sweep,docvqa,1792,64,467,,docvqa_17147,16384,4096,23,277.928,277.928,391.12,0.731,2.365,344.058,28.221,450.898,454.587,549.856,24.993,1004.442,1282.371,22.898,40.011,0.389391,0.838294,0.547424
resolution_sweep,docvqa,1792,64,468,,docvqa_17149,16384,4096,15,210.1,210.1,369.339,0.731,2.276,332.845,28.111,428.887,431.464,329.058,23.504,760.523,970.622,19.723,42.546,0.485639,1.049576,0.432674
resolution_sweep,docvqa,1792,64,469,,docvqa_17150,16384,4096,13,194.859,194.859,443.608,0.73,2.26,403.886,28.202,503.215,505.538,275.369,22.947,780.907,975.766,16.647,43.578,0.568068,1.212466,0.352627
resolution_sweep,docvqa,1792,64,470,,docvqa_45744,16384,4096,40,204.844,204.844,401.968,0.727,2.254,364.651,28.145,861.122,863.45,945.547,24.245,1808.997,2013.841,22.112,41.246,0.222205,0.698227,0.522691
resolution_sweep,docvqa,1792,64,471,,docvqa_45745,16384,4096,33,216.463,216.463,346.739,0.729,2.287,309.448,28.102,406.303,408.741,744.535,23.267,1153.276,1369.739,28.614,42.98,0.300655,0.652959,0.645583
resolution_sweep,docvqa,1792,64,472,,docvqa_782,16384,4096,20,195.051,195.051,348.349,0.729,2.287,309.231,28.139,407.977,410.353,416.859,21.94,827.212,1022.263,24.178,45.579,0.421112,0.914306,0.503932
resolution_sweep,docvqa,1792,64,473,,docvqa_783,16384,4096,17,201.868,201.868,401.935,0.724,2.271,364.203,28.257,461.734,464.023,392.907,24.557,856.929,1058.797,19.838,40.722,0.469041,1.007865,0.458505
resolution_sweep,docvqa,1792,64,474,,docvqa_784,16384,4096,26,248.533,248.533,381.518,0.731,2.348,344.002,28.184,442.193,445.115,597.42,23.897,1042.535,1291.068,24.939,41.847,0.365952,0.790104,0.573046
resolution_sweep,docvqa,1792,64,475,,docvqa_785,16384,4096,16,221.001,221.001,397.233,0.729,2.338,359.168,28.227,457.988,460.751,368.844,24.59,829.595,1050.596,19.287,40.668,0.478827,1.030889,0.444607
resolution_sweep,docvqa,1792,64,476,,docvqa_786,16384,4096,11,191.93,191.93,426.153,0.731,2.296,389.108,28.144,486.041,488.48,226.03,22.603,714.511,906.441,15.395,44.242,0.596427,1.27667,0.316343
resolution_sweep,docvqa,1792,64,477,,docvqa_788,16384,4096,26,209.72,209.72,346.796,0.73,2.281,307.686,28.083,406.459,408.882,541.672,21.667,950.554,1160.274,27.352,46.153,0.364836,0.792438,0.569849
resolution_sweep,docvqa,1792,64,478,,docvqa_789,16384,4096,37,197.001,197.001,393.428,0.73,2.3,354.364,28.311,851.355,853.922,865.695,24.047,1719.618,1916.618,21.516,41.585,0.228788,0.723872,0.503423
resolution_sweep,docvqa,1792,64,479,,docvqa_790,16384,4096,23,211.298,211.298,387.622,0.731,2.304,350.627,28.23,447.962,450.555,545.563,24.798,996.117,1207.415,23.09,40.325,0.389133,0.838841,0.547689
resolution_sweep,docvqa,1792,64,480,,docvqa_60401,16384,4096,16,274.146,274.146,349.882,0.73,2.28,312.648,28.18,409.203,411.593,314.591,20.973,726.184,1000.33,22.033,47.681,0.481809,1.045307,0.433211
resolution_sweep,docvqa,1792,64,481,,docvqa_792,16384,4096,28,321.204,321.204,383.244,0.728,2.271,345.887,28.243,443.074,445.372,583.618,21.615,1028.99,1350.195,27.211,46.263,0.372447,0.803038,0.567176
resolution_sweep,docvqa,1792,64,482,,docvqa_793,16384,4096,14,216.931,216.931,379.217,0.729,2.269,338.181,28.103,438.753,440.925,264.146,20.319,705.071,922.002,19.856,49.215,0.537842,1.160125,0.374638
resolution_sweep,docvqa,1792,64,483,,docvqa_794,16384,4096,17,307.45,307.45,402.684,0.726,2.276,362.561,28.206,462.351,464.582,361.833,22.615,826.416,1133.865,20.571,44.219,0.487265,1.04673,0.437835
resolution_sweep,docvqa,1792,64,484,,docvqa_41749,16384,4096,20,229.806,229.806,406.048,0.73,2.285,367.521,28.2,465.948,468.365,449.888,23.678,918.253,1148.058,21.781,42.233,0.442196,0.949626,0.489939
resolution_sweep,docvqa,1792,64,485,,docvqa_41750,16384,4096,16,268.438,268.438,380.838,0.729,2.292,341.798,28.12,440.713,443.306,375.55,25.037,818.857,1087.295,19.539,39.941,0.465085,1.00329,0.458628
resolution_sweep,docvqa,1792,64,486,,docvqa_45747,16384,4096,39,267.785,267.785,374.708,0.726,2.294,337.031,28.191,434.504,437.127,825.141,21.714,1262.268,1530.053,30.897,46.053,0.296853,0.641077,0.653697
resolution_sweep,docvqa,1792,64,487,,docvqa_60403,16384,4096,15,269.577,269.577,398.449,0.726,2.302,360.935,28.188,458.356,461.182,315.858,22.561,777.041,1046.618,19.304,44.324,0.512778,1.102652,0.406489
resolution_sweep,docvqa,1792,64,488,,docvqa_60404,16384,4096,44,197.325,197.325,381.617,0.726,2.305,344.703,28.181,441.485,443.767,1090.991,25.372,1534.758,1732.083,28.669,39.414,0.248649,0.536307,0.710856
resolution_sweep,docvqa,1792,64,489,,docvqa_809,16384,4096,15,250.931,250.931,416.864,0.727,2.356,372.864,28.212,476.901,480.802,334.531,23.895,815.332,1066.263,18.397,41.85,0.511281,1.096197,0.4103
resolution_sweep,docvqa,1792,64,490,,docvqa_25385,16384,4096,11,234.169,234.169,408.932,0.729,2.322,366.975,28.266,468.894,471.457,205.042,20.504,676.498,910.668,16.26,48.771,0.604483,1.297603,0.303093
resolution_sweep,docvqa,1792,64,491,,docvqa_25386,16384,4096,11,250.965,250.965,393.823,0.727,2.347,347.73,28.134,453.403,456.732,225.541,22.554,682.274,933.239,16.123,44.338,0.577221,1.241768,0.330573
resolution_sweep,docvqa,1792,64,492,,docvqa_25387,16384,4096,12,222.673,222.673,400.523,0.728,2.342,363.613,28.177,460.462,462.881,295.234,26.839,758.114,980.787,15.829,37.259,0.528315,1.135694,0.389432
resolution_sweep,docvqa,1792,64,493,,docvqa_60406,16384,4096,26,234.832,234.832,476.107,0.73,2.295,438.537,28.098,535.889,538.409,551.048,22.042,1089.457,1324.289,23.865,45.368,0.437013,0.928899,0.505801
resolution_sweep,docvqa,1792,64,494,,docvqa_815,16384,4096,20,218.887,218.887,371.404,0.727,2.28,331.498,28.14,430.779,433.597,431.651,22.718,865.249,1084.135,23.115,44.017,0.429246,0.927113,0.498875
resolution_sweep,docvqa,1792,64,495,,docvqa_60407,16384,4096,16,360.422,360.422,374.482,0.731,2.26,335.412,28.11,434.309,436.863,337.743,22.516,774.606,1135.029,20.656,44.412,0.483448,1.044132,0.436019
resolution_sweep,docvqa,1792,64,496,,docvqa_25396,16384,4096,34,188.705,188.705,380.718,0.73,2.304,343.569,28.269,440.261,442.818,866.285,26.251,1309.103,1497.808,25.972,38.094,0.290824,0.627132,0.66174
resolution_sweep,docvqa,1792,64,497,,docvqa_822,16384,4096,14,206.506,206.506,373.447,0.731,2.279,337.082,28.118,433.181,435.613,288.486,22.191,724.099,930.605,19.334,45.063,0.515741,1.113976,0.398407
resolution_sweep,docvqa,1792,64,498,,docvqa_824,16384,4096,23,228.263,228.263,420.102,0.73,2.325,383.095,28.161,479.721,482.53,524.668,23.849,1007.198,1235.461,22.836,41.931,0.4171,0.893392,0.520918
resolution_sweep,docvqa,1792,64,499,,docvqa_826,16384,4096,13,222.653,222.653,373.301,0.729,2.285,334.894,28.14,432.841,435.344,268.324,22.36,703.668,926.321,18.475,44.722,0.530508,1.14563,0.381322
